timestamp,cvegeo,pm25_interpolado,calidad_pm25,pm10_interpolado,calidad_pm10,metodo,n_sensores,poblacion_total,ninos_0a5,adultos_mayores,personas_discapacidad
2026-10-09T05:38:20.045529+00:00,1900601740121,9.4,Bueno,12.2,Bueno,promedio_sensores,1,2694,310,73,36
2026-10-09T05:38:20.045529+00:00,1900601740155,9.81,Bueno,12.41,Bueno,interpolacion_delaunay,0,1820,285,54,16
2026-10-09T05:38:20.045529+00:00,1900600781948,11.5,Bueno,14.83,Bueno,interpolacion_delaunay,0,1170,93,69,32
2026-10-09T05:38:20.045529+00:00,1900600012236,10.47,Bueno,12.81,Bueno,interpolacion_delaunay,0,264,28,6,0
2026-10-09T05:38:20.045529+00:00,1900600010225,10.44,Bueno,13.26,Bueno,interpolacion_delaunay,0,1,0,0,0
2026-10-09T05:38:20.045529+00:00,1900600010206,11.28,Bueno,13.95,Bueno,interpolacion_delaunay,0,6646,747,526,177
2026-10-09T05:38:20.045529+00:00,1900600010210,10.59,Bueno,13.41,Bueno,interpolacion_delaunay,0,0,0,0,0
2026-10-09T05:38:20.045529+00:00,1900600010244,10.92,Bueno,13.49,Bueno,interpolacion_delaunay,0,90,3,14,3
2026-10-09T05:38:20.045529+00:00,1900600010259,11.2,Bueno,13.75,Bueno,interpolacion_delaunay,0,3329,268,159,53
2026-10-09T05:38:20.045529+00:00,1900600010278,10.84,Bueno,13.4,Bueno,interpolacion_delaunay,0,486,52,18,8
2026-10-09T05:38:20.045529+00:00,1900600010297,10.14,Bueno,12.84,Bueno,interpolacion_delaunay,0,5850,524,288,225
2026-10-09T05:38:20.045529+00:00,1900600010475,10.65,Bueno,13.24,Bueno,interpolacion_delaunay,0,4729,407,844,249
2026-10-09T05:38:20.045529+00:00,190060001030A,10.04,Bueno,12.75,Bueno,interpolacion_delaunay,0,4134,431,170,127
2026-10-09T05:38:20.045529+00:00,1900600010348,10.82,Bueno,13.12,Bueno,interpolacion_delaunay,0,7877,871,609,196
2026-10-09T05:38:20.045529+00:00,1900600010460,10.8,Bueno,13.34,Bueno,interpolacion_delaunay,0,4909,343,1088,217
2026-10-09T05:38:20.045529+00:00,1900600010352,10.66,Bueno,12.96,Bueno,interpolacion_delaunay,0,1017,63,153,80
2026-10-09T05:38:20.045529+00:00,1900600010367,10.82,Bueno,13.06,Bueno,interpolacion_delaunay,0,469,45,60,46
2026-10-09T05:38:20.045529+00:00,1900600010403,11.49,Bueno,14.36,Bueno,interpolacion_delaunay,0,4726,352,972,196
2026-10-09T05:38:20.045529+00:00,190060001055A,11.33,Bueno,14.2,Bueno,interpolacion_delaunay,0,4579,363,547,197
2026-10-09T05:38:20.045529+00:00,1900600010583,10.64,Bueno,13.34,Bueno,interpolacion_delaunay,0,4964,382,425,153
2026-10-09T05:38:20.045529+00:00,1900600010598,10.38,Bueno,13.13,Bueno,interpolacion_delaunay,0,5332,416,338,212
2026-10-09T05:38:20.045529+00:00,1900600010723,11.51,Bueno,13.96,Bueno,interpolacion_delaunay,0,5109,353,1039,281
2026-10-09T05:38:20.045529+00:00,1900600010780,10.42,Bueno,12.97,Bueno,interpolacion_delaunay,0,3755,348,382,222
2026-10-09T05:38:20.045529+00:00,1900600010795,10.52,Bueno,13.0,Bueno,interpolacion_delaunay,0,5270,506,424,204
2026-10-09T05:38:20.045529+00:00,1900600010808,10.65,Bueno,13.05,Bueno,interpolacion_delaunay,0,3443,304,372,102
2026-10-09T05:38:20.045529+00:00,1900600010920,11.6,Bueno,14.5,Bueno,promedio_sensores,1,5729,316,496,128
2026-10-09T05:38:20.045529+00:00,1900600011011,11.06,Bueno,13.71,Bueno,interpolacion_delaunay,0,0,0,0,0
2026-10-09T05:38:20.045529+00:00,1900600011026,10.89,Bueno,13.55,Bueno,interpolacion_delaunay,0,0,0,0,0
2026-10-09T05:38:20.045529+00:00,1900600011064,11.52,Bueno,14.34,Bueno,interpolacion_delaunay,0,4513,371,370,162
2026-10-09T05:38:20.045529+00:00,1900600011098,9.77,Bueno,12.3,Bueno,interpolacion_delaunay,0,5772,542,419,165
2026-10-09T05:38:20.045529+00:00,1900600011149,10.63,Bueno,12.9,Bueno,interpolacion_delaunay,0,1140,100,87,38
2026-10-09T05:38:20.045529+00:00,1900600011350,11.47,Bueno,14.27,Bueno,interpolacion_delaunay,0,3323,233,353,93
2026-10-09T05:38:20.045529+00:00,1900600011365,11.44,Bueno,14.2,Bueno,interpolacion_delaunay,0,3259,285,225,87
2026-10-09T05:38:20.045529+00:00,190060001137A,11.59,Bueno,14.13,Bueno,interpolacion_delaunay,0,2748,223,522,132
2026-10-09T05:38:20.045529+00:00,1900600011632,9.82,Bueno,12.6,Bueno,interpolacion_delaunay,0,5931,475,161,144
2026-10-09T05:38:20.045529+00:00,1900600011384,11.58,Bueno,14.15,Bueno,interpolacion_delaunay,0,3359,263,352,73
2026-10-09T05:38:20.045529+00:00,1900600011399,11.34,Bueno,14.09,Bueno,interpolacion_delaunay,0,2371,274,284,91
2026-10-09T05:38:20.045529+00:00,1900600011469,9.88,Bueno,12.67,Bueno,interpolacion_delaunay,0,1932,125,131,96
2026-10-09T05:38:20.045529+00:00,1900600011401,11.45,Bueno,14.1,Bueno,interpolacion_delaunay,0,3593,269,468,144
2026-10-09T05:38:20.045529+00:00,190060001144A,10.06,Bueno,12.86,Bueno,interpolacion_delaunay,0,6239,575,321,95
2026-10-09T05:38:20.045529+00:00,1900600011473,10.52,Bueno,13.24,Bueno,interpolacion_delaunay,0,2826,209,259,107
2026-10-09T05:38:20.045529+00:00,1900600011488,10.6,Bueno,13.27,Bueno,interpolacion_delaunay,0,2922,234,293,96
2026-10-09T05:38:20.045529+00:00,1900600011492,10.54,Bueno,13.11,Bueno,interpolacion_delaunay,0,1725,134,78,56
2026-10-09T05:38:20.045529+00:00,1900600011505,10.39,Bueno,13.02,Bueno,interpolacion_delaunay,0,2030,151,78,103
2026-10-09T05:38:20.045529+00:00,190060001151A,10.33,Bueno,12.95,Bueno,interpolacion_delaunay,0,4650,413,187,145
2026-10-09T05:38:20.045529+00:00,1900600011524,10.25,Bueno,12.83,Bueno,interpolacion_delaunay,0,3658,279,744,150
2026-10-09T05:38:20.045529+00:00,1900600011539,10.37,Bueno,12.87,Bueno,interpolacion_delaunay,0,3879,269,179,190
2026-10-09T05:38:20.045529+00:00,1900600011543,10.56,Bueno,12.95,Bueno,interpolacion_delaunay,0,3926,372,127,91
2026-10-09T05:38:20.045529+00:00,1900600011844,9.92,Bueno,12.59,Bueno,interpolacion_delaunay,0,1922,166,57,23
2026-10-09T05:38:20.045529+00:00,1900600011666,9.85,Bueno,12.58,Bueno,interpolacion_delaunay,0,2454,221,74,68
2026-10-09T05:38:20.045529+00:00,1900600011859,9.98,Bueno,12.61,Bueno,interpolacion_delaunay,0,1533,143,46,34
2026-10-09T05:38:20.045529+00:00,1900600011863,10.41,Bueno,12.84,Bueno,interpolacion_delaunay,0,1050,130,36,5
2026-10-09T05:38:20.045529+00:00,1900600011878,10.33,Bueno,12.71,Bueno,interpolacion_delaunay,0,5255,440,206,130
2026-10-09T05:38:20.045529+00:00,1900600011882,10.24,Bueno,12.63,Bueno,interpolacion_delaunay,0,5356,444,208,243
2026-10-09T05:38:20.045529+00:00,190060001190A,10.52,Bueno,12.81,Bueno,interpolacion_delaunay,0,3346,296,126,99
2026-10-09T05:38:20.045529+00:00,1900600011914,10.78,Bueno,13.33,Bueno,interpolacion_delaunay,0,5844,518,215,189
2026-10-09T05:38:20.045529+00:00,1900600011929,11.92,Bueno,15.19,Bueno,interpolacion_delaunay,0,5690,426,232,211
2026-10-09T05:38:20.045529+00:00,1900600012043,10.06,Bueno,12.57,Bueno,interpolacion_delaunay,0,3660,375,120,69
2026-10-09T05:38:20.045529+00:00,1900600012109,10.03,Bueno,12.66,Bueno,interpolacion_delaunay,0,1488,155,32,33
2026-10-09T05:38:20.045529+00:00,1900600012128,10.35,Bueno,12.82,Bueno,interpolacion_delaunay,0,1714,168,66,31
2026-10-09T05:38:20.045529+00:00,190060001226A,10.56,Bueno,13.17,Bueno,interpolacion_delaunay,0,4528,324,328,117
2026-10-09T05:38:20.045529+00:00,1900600012274,10.31,Bueno,13.01,Bueno,interpolacion_delaunay,0,5782,615,191,106
2026-10-09T05:38:20.045529+00:00,190060001233A,9.96,Bueno,12.56,Bueno,interpolacion_delaunay,0,2449,267,53,48
2026-10-09T05:38:20.045529+00:00,1900600012414,10.16,Bueno,12.72,Bueno,interpolacion_delaunay,0,2297,332,39,45
2026-10-09T05:38:20.045529+00:00,1900600012429,10.18,Bueno,12.68,Bueno,interpolacion_delaunay,0,3283,479,97,39
2026-10-09T05:38:20.045529+00:00,1900600012734,10.42,Bueno,12.8,Bueno,interpolacion_delaunay,0,961,146,24,13
2026-10-09T05:38:20.045529+00:00,1900600010992,10.96,Bueno,13.71,Bueno,interpolacion_delaunay,0,0,0,0,0
2026-10-09T05:38:20.045529+00:00,1900600012804,11.07,Bueno,13.86,Bueno,interpolacion_delaunay,0,705,129,13,7
2026-10-09T05:38:20.045529+00:00,1900600011897,11.9,Bueno,15.28,Bueno,interpolacion_delaunay,0,3063,294,202,149
2026-10-09T05:38:20.045529+00:00,1900600012202,10.35,Bueno,12.96,Bueno,interpolacion_delaunay,0,372,48,3,8
2026-10-09T05:38:20.045529+00:00,1900600012039,10.77,Bueno,13.49,Bueno,interpolacion_delaunay,0,2684,242,90,67
2026-10-09T05:38:20.045529+00:00,1900601740047,9.61,Bueno,12.38,Bueno,interpolacion_delaunay,0,1719,266,38,40
2026-10-09T05:38:20.045529+00:00,190190001005A,12.24,Bueno,12.88,Bueno,interpolacion_delaunay,0,2404,108,693,69
2026-10-09T05:38:20.045529+00:00,1901900010064,13.4,Bueno,13.88,Bueno,promedio_sensores,4,2721,181,677,58
2026-10-09T05:38:20.045529+00:00,1901900010079,13.4,Bueno,13.9,Bueno,promedio_sensores,1,4464,212,1159,127
2026-10-09T05:38:20.045529+00:00,1901900010083,9.27,Bueno,9.5,Bueno,promedio_sensores,3,1374,63,441,45
2026-10-09T05:38:20.045529+00:00,1901900010098,9.1,Bueno,9.5,Bueno,promedio_sensores,1,1854,103,460,42
2026-10-09T05:38:20.045529+00:00,1901900010100,14.7,Bueno,15.3,Bueno,promedio_sensores,1,1944,129,547,21
2026-10-09T05:38:20.045529+00:00,1901900010149,11.2,Bueno,11.7,Bueno,promedio_sensores,1,1163,75,215,15
2026-10-09T05:38:20.045529+00:00,1901900010153,13.2,Bueno,14.0,Bueno,promedio_sensores,1,1800,134,430,81
2026-10-09T05:38:20.045529+00:00,1901900010168,13.7,Bueno,14.6,Bueno,promedio_sensores,1,1570,81,416,43
2026-10-09T05:38:20.045529+00:00,1901900010172,11.33,Bueno,11.84,Bueno,interpolacion_delaunay,0,1335,59,357,29
2026-10-09T05:38:20.045529+00:00,1901900010187,10.47,Bueno,11.03,Bueno,interpolacion_delaunay,0,4463,306,999,93
2026-10-09T05:38:20.045529+00:00,1901900010191,7.2,Bueno,7.5,Bueno,promedio_sensores,1,2824,172,637,108
2026-10-09T05:38:20.045529+00:00,1901900010204,9.39,Bueno,9.92,Bueno,interpolacion_delaunay,0,3926,317,736,119
2026-10-09T05:38:20.045529+00:00,1901900010223,10.3,Bueno,10.84,Bueno,interpolacion_delaunay,0,2979,89,503,54
2026-10-09T05:38:20.045529+00:00,1901900010238,9.9,Bueno,10.5,Bueno,promedio_sensores,1,1904,73,302,23
2026-10-09T05:38:20.045529+00:00,1901900010242,7.1,Bueno,7.57,Bueno,promedio_sensores,3,2717,143,729,92
2026-10-09T05:38:20.045529+00:00,1901900010257,9.6,Bueno,9.9,Bueno,promedio_sensores,1,1307,56,361,13
2026-10-09T05:38:20.045529+00:00,1901900010261,5.3,Bueno,5.4,Bueno,promedio_sensores,2,2240,113,567,42
2026-10-09T05:38:20.045529+00:00,1901900010280,8.69,Bueno,9.1,Bueno,interpolacion_delaunay,0,2690,79,360,43
2026-10-09T05:38:20.045529+00:00,1901900010350,11.48,Bueno,11.96,Bueno,interpolacion_delaunay,0,2768,148,592,68
2026-10-09T05:38:20.045529+00:00,1901900010365,20.5,Aceptable,20.9,Bueno,promedio_sensores,1,3419,327,293,61
2026-10-09T05:38:20.045529+00:00,1901900010399,12.45,Bueno,12.7,Bueno,promedio_sensores,2,1162,6,68,0
2026-10-09T05:38:20.045529+00:00,1901900010401,12.3,Bueno,13.4,Bueno,promedio_sensores,1,2375,247,392,86
2026-10-09T05:38:20.045529+00:00,1901900010416,7.59,Bueno,7.78,Bueno,interpolacion_delaunay,0,700,19,105,4
2026-10-09T05:38:20.045529+00:00,1901900010420,10.6,Bueno,11.2,Bueno,promedio_sensores,1,1696,93,408,47
2026-10-09T05:38:20.045529+00:00,1901900010435,10.4,Bueno,11.0,Bueno,promedio_sensores,1,4494,346,601,54
2026-10-09T05:38:20.045529+00:00,190190001044A,8.17,Bueno,8.83,Bueno,promedio_sensores,3,4383,354,439,56
2026-10-09T05:38:20.045529+00:00,1901900010454,10.05,Bueno,10.6,Bueno,promedio_sensores,2,557,26,114,11
2026-10-09T05:38:20.045529+00:00,1901900010469,9.3,Bueno,9.6,Bueno,promedio_sensores,1,3112,170,568,37
2026-10-09T05:38:20.045529+00:00,1901900010473,8.74,Bueno,9.49,Bueno,interpolacion_delaunay,0,983,46,182,19
2026-10-09T05:38:20.045529+00:00,1901900010488,7.8,Bueno,8.1,Bueno,promedio_sensores,2,2757,295,371,102
2026-10-09T05:38:20.045529+00:00,1901900010492,7.35,Bueno,7.6,Bueno,promedio_sensores,2,2848,173,697,71
2026-10-09T05:38:20.045529+00:00,1901900010505,7.61,Bueno,7.93,Bueno,interpolacion_delaunay,0,2494,111,512,19
2026-10-09T05:38:20.045529+00:00,190190001051A,8.9,Bueno,9.5,Bueno,promedio_sensores,1,1899,111,507,36
2026-10-09T05:38:20.045529+00:00,1901900010558,8.37,Bueno,8.8,Bueno,promedio_sensores,3,1349,87,230,21
2026-10-09T05:38:20.045529+00:00,1901900010613,7.47,Bueno,7.75,Bueno,interpolacion_delaunay,0,132,0,20,0
2026-10-09T05:38:20.045529+00:00,1901900010384,10.17,Bueno,10.62,Bueno,interpolacion_delaunay,0,1111,19,119,15
2026-10-09T05:38:20.045529+00:00,1901900010219,10.24,Bueno,10.86,Bueno,interpolacion_delaunay,0,1954,106,555,58
2026-10-09T05:38:20.045529+00:00,1902100011338,7.45,Bueno,9.11,Bueno,interpolacion_delaunay,0,2800,219,134,55
2026-10-09T05:38:20.045529+00:00,1902100011817,6.9,Bueno,8.6,Bueno,promedio_sensores,1,583,52,40,11
2026-10-09T05:38:20.045529+00:00,1902100010293,8.11,Bueno,10.11,Bueno,interpolacion_delaunay,0,2008,84,165,35
2026-10-09T05:38:20.045529+00:00,190210001033A,7.64,Bueno,9.47,Bueno,interpolacion_delaunay,0,4000,286,440,91
2026-10-09T05:38:20.045529+00:00,1902100011060,9.72,Bueno,11.98,Bueno,interpolacion_delaunay,0,3355,278,195,95
2026-10-09T05:38:20.045529+00:00,1902100010289,8.36,Bueno,10.43,Bueno,interpolacion_delaunay,0,1352,78,109,44
2026-10-09T05:38:20.045529+00:00,1902100010325,9.23,Bueno,11.49,Bueno,interpolacion_delaunay,0,1,0,0,0
2026-10-09T05:38:20.045529+00:00,1902100011412,11.6,Bueno,14.1,Bueno,promedio_sensores,1,3239,228,156,27
2026-10-09T05:38:20.045529+00:00,1902100011427,7.57,Bueno,9.32,Bueno,interpolacion_delaunay,0,4126,302,227,21
2026-10-09T05:38:20.045529+00:00,1902100011408,8.61,Bueno,10.75,Bueno,interpolacion_delaunay,0,6781,377,571,69
2026-10-09T05:38:20.045529+00:00,1902100011342,7.68,Bueno,9.35,Bueno,interpolacion_delaunay,0,4655,261,185,126
2026-10-09T05:38:20.045529+00:00,1902100010043,10.34,Bueno,12.81,Bueno,interpolacion_delaunay,0,4208,322,819,334
2026-10-09T05:38:20.045529+00:00,1902100010255,8.52,Bueno,10.4,Bueno,interpolacion_delaunay,0,6704,625,410,194
2026-10-09T05:38:20.045529+00:00,1902100010378,10.6,Bueno,13.3,Bueno,promedio_sensores,1,4134,262,294,72
2026-10-09T05:38:20.045529+00:00,1902100011075,10.04,Bueno,12.19,Bueno,interpolacion_delaunay,0,8122,855,320,248
2026-10-09T05:38:20.045529+00:00,1902600011832,10.89,Bueno,13.25,Bueno,interpolacion_delaunay,0,3764,305,386,174
2026-10-09T05:38:20.045529+00:00,1902600010035,10.62,Bueno,13.09,Bueno,interpolacion_delaunay,0,1597,156,285,106
2026-10-09T05:38:20.045529+00:00,1902600012332,22.1,Aceptable,25.32,Bueno,interpolacion_delaunay,0,5634,507,898,399
2026-10-09T05:38:20.045529+00:00,1902600010020,10.84,Bueno,13.3,Bueno,interpolacion_delaunay,0,1825,174,355,160
2026-10-09T05:38:20.045529+00:00,1902600011279,10.71,Bueno,13.2,Bueno,interpolacion_delaunay,0,4324,384,731,269
2026-10-09T05:38:20.045529+00:00,1902600011283,10.6,Bueno,13.11,Bueno,interpolacion_delaunay,0,3719,341,754,207
2026-10-09T05:38:20.045529+00:00,1902600012440,11.16,Bueno,13.52,Bueno,interpolacion_delaunay,0,2604,133,153,35
2026-10-09T05:38:20.045529+00:00,1902600012667,11.83,Bueno,13.87,Bueno,interpolacion_delaunay,0,778,73,30,14
2026-10-09T05:38:20.045529+00:00,1902600012811,16.71,Aceptable,18.94,Bueno,interpolacion_delaunay,0,26,4,0,0
2026-10-09T05:38:20.045529+00:00,1902600010459,13.74,Bueno,15.6,Bueno,interpolacion_delaunay,0,3039,123,850,229
2026-10-09T05:38:20.045529+00:00,1902600010317,12.89,Bueno,14.75,Bueno,interpolacion_delaunay,0,4084,275,902,321
2026-10-09T05:38:20.045529+00:00,1902600010957,10.77,Bueno,13.2,Bueno,interpolacion_delaunay,0,5841,533,1121,336
2026-10-09T05:38:20.045529+00:00,1902600011103,15.92,Aceptable,20.12,Bueno,interpolacion_delaunay,0,950,69,80,47
2026-10-09T05:38:20.045529+00:00,1902600011457,13.5,Bueno,15.31,Bueno,interpolacion_delaunay,0,2279,129,466,94
2026-10-09T05:38:20.045529+00:00,1902600011404,8.08,Bueno,9.11,Bueno,interpolacion_delaunay,0,3115,227,702,219
2026-10-09T05:38:20.045529+00:00,1902600011508,15.2,Aceptable,18.98,Bueno,interpolacion_delaunay,0,1978,175,250,90
2026-10-09T05:38:20.045529+00:00,1902600011828,10.91,Bueno,13.35,Bueno,interpolacion_delaunay,0,2175,178,266,60
2026-10-09T05:38:20.045529+00:00,1902600011847,10.98,Bueno,13.28,Bueno,interpolacion_delaunay,0,4488,374,407,157
2026-10-09T05:38:20.045529+00:00,1902600012402,14.88,Bueno,17.17,Bueno,interpolacion_delaunay,0,2699,234,353,170
2026-10-09T05:38:20.045529+00:00,1902600012205,18.8,Aceptable,22.37,Bueno,interpolacion_delaunay,0,4435,432,502,204
2026-10-09T05:38:20.045529+00:00,1902600012258,13.48,Bueno,16.54,Bueno,interpolacion_delaunay,0,1006,77,102,40
2026-10-09T05:38:20.045529+00:00,1902600012296,10.95,Bueno,12.84,Bueno,interpolacion_delaunay,0,4398,237,919,190
2026-10-09T05:38:20.045529+00:00,1902600012455,11.07,Bueno,13.4,Bueno,interpolacion_delaunay,0,4962,328,296,118
2026-10-09T05:38:20.045529+00:00,1902600010302,13.01,Bueno,14.87,Bueno,interpolacion_delaunay,0,2790,166,675,209
2026-10-09T05:38:20.045529+00:00,1902600010425,13.7,Bueno,15.48,Bueno,interpolacion_delaunay,0,3687,235,843,230
2026-10-09T05:38:20.045529+00:00,1902600010533,15.38,Aceptable,17.26,Bueno,interpolacion_delaunay,0,1681,81,395,96
2026-10-09T05:38:20.045529+00:00,1902600011813,10.98,Bueno,13.41,Bueno,interpolacion_delaunay,0,5250,447,545,129
2026-10-09T05:38:20.045529+00:00,1902600011851,11.07,Bueno,13.31,Bueno,interpolacion_delaunay,0,4115,305,359,155
2026-10-09T05:38:20.045529+00:00,1902600012436,11.08,Bueno,13.52,Bueno,interpolacion_delaunay,0,3242,185,145,20
2026-10-09T05:38:20.045529+00:00,1902600012686,12.58,Bueno,15.29,Bueno,interpolacion_delaunay,0,40,3,7,5
2026-10-09T05:38:20.045529+00:00,1902600010124,10.11,Bueno,11.78,Bueno,interpolacion_delaunay,0,2665,140,749,113
2026-10-09T05:38:20.045529+00:00,1902600012417,10.9,Bueno,12.8,Bueno,interpolacion_delaunay,0,2073,147,228,128
2026-10-09T05:38:20.045529+00:00,1902600012347,23.17,Aceptable,26.5,Bueno,interpolacion_delaunay,0,4440,433,247,105
2026-10-09T05:38:20.045529+00:00,190260001239A,14.24,Bueno,16.24,Bueno,interpolacion_delaunay,0,2697,236,207,88
2026-10-09T05:38:20.045529+00:00,190260001260A,12.68,Bueno,15.38,Bueno,interpolacion_delaunay,0,979,82,21,36
2026-10-09T05:38:20.045529+00:00,1902600011391,12.14,Bueno,13.97,Bueno,interpolacion_delaunay,0,3747,280,1036,286
2026-10-09T05:38:20.045529+00:00,1902600010251,10.96,Bueno,12.7,Bueno,interpolacion_delaunay,0,6072,581,994,581
2026-10-09T05:38:20.045529+00:00,1902600010707,14.76,Bueno,16.56,Bueno,interpolacion_delaunay,0,4261,296,986,365
2026-10-09T05:38:20.045529+00:00,190260001157A,15.28,Aceptable,17.12,Bueno,interpolacion_delaunay,0,2161,148,444,126
2026-10-09T05:38:20.045529+00:00,1902600011654,17.35,Aceptable,20.49,Bueno,interpolacion_delaunay,0,3737,309,535,205
2026-10-09T05:38:20.045529+00:00,1902600012385,16.73,Aceptable,18.99,Bueno,interpolacion_delaunay,0,108,11,8,5
2026-10-09T05:38:20.045529+00:00,1902600011495,14.89,Bueno,18.39,Bueno,interpolacion_delaunay,0,2675,203,421,91
2026-10-09T05:38:20.045529+00:00,1902600012525,21.86,Aceptable,25.0,Bueno,interpolacion_delaunay,0,6162,464,363,124
2026-10-09T05:38:20.045529+00:00,1902600010995,11.0,Bueno,13.22,Bueno,interpolacion_delaunay,0,1016,61,224,56
2026-10-09T05:38:20.045529+00:00,1902600011866,9.76,Bueno,11.35,Bueno,interpolacion_delaunay,0,3064,167,548,67
2026-10-09T05:38:20.045529+00:00,190260001207A,11.21,Bueno,12.21,Bueno,interpolacion_delaunay,0,2199,99,452,47
2026-10-09T05:38:20.045529+00:00,1902600012120,8.91,Bueno,9.12,Bueno,interpolacion_delaunay,0,1092,33,384,28
2026-10-09T05:38:20.045529+00:00,1902600012135,12.13,Bueno,12.34,Bueno,interpolacion_delaunay,0,1356,47,414,29
2026-10-09T05:38:20.045529+00:00,1902600012544,21.38,Aceptable,24.91,Bueno,interpolacion_delaunay,0,2171,187,206,83
2026-10-09T05:38:20.045529+00:00,1902600010069,10.76,Bueno,12.48,Bueno,interpolacion_delaunay,0,1920,94,579,107
2026-10-09T05:38:20.045529+00:00,1902600010073,10.67,Bueno,12.38,Bueno,interpolacion_delaunay,0,3137,159,955,77
2026-10-09T05:38:20.045529+00:00,1902600010088,10.31,Bueno,11.98,Bueno,interpolacion_delaunay,0,2870,157,722,160
2026-10-09T05:38:20.045529+00:00,1902600010158,11.85,Bueno,13.72,Bueno,interpolacion_delaunay,0,1517,70,502,83
2026-10-09T05:38:20.045529+00:00,190260001029A,13.25,Bueno,15.12,Bueno,interpolacion_delaunay,0,1809,94,461,133
2026-10-09T05:38:20.045529+00:00,1902600011885,10.78,Bueno,12.51,Bueno,interpolacion_delaunay,0,1944,100,497,103
2026-10-09T05:38:20.045529+00:00,1902600012192,13.68,Bueno,16.87,Bueno,interpolacion_delaunay,0,2742,217,241,94
2026-10-09T05:38:20.045529+00:00,1902600012243,19.96,Aceptable,22.91,Bueno,interpolacion_delaunay,0,316,37,21,22
2026-10-09T05:38:20.045529+00:00,1902600012421,11.47,Bueno,13.52,Bueno,interpolacion_delaunay,0,2385,134,120,49
2026-10-09T05:38:20.045529+00:00,1902600012597,12.52,Bueno,14.94,Bueno,interpolacion_delaunay,0,3539,244,126,97
2026-10-09T05:38:20.045529+00:00,1902600011029,11.17,Bueno,13.35,Bueno,interpolacion_delaunay,0,1109,94,97,45
2026-10-09T05:38:20.045529+00:00,190260001189A,11.1,Bueno,12.87,Bueno,interpolacion_delaunay,0,2117,131,543,112
2026-10-09T05:38:20.045529+00:00,1902600012703,17.28,Aceptable,19.59,Bueno,interpolacion_delaunay,0,632,49,33,14
2026-10-09T05:38:20.045529+00:00,1902600011372,11.71,Bueno,13.55,Bueno,interpolacion_delaunay,0,2451,168,520,192
2026-10-09T05:38:20.045529+00:00,1902600012366,13.03,Bueno,15.94,Bueno,interpolacion_delaunay,0,350,28,12,6
2026-10-09T05:38:20.045529+00:00,1902600010321,12.26,Bueno,14.13,Bueno,interpolacion_delaunay,0,5159,259,1483,335
2026-10-09T05:38:20.045529+00:00,1902600010336,12.18,Bueno,14.04,Bueno,interpolacion_delaunay,0,3112,150,945,118
2026-10-09T05:38:20.045529+00:00,1902600010340,11.87,Bueno,13.73,Bueno,interpolacion_delaunay,0,5009,289,1452,316
2026-10-09T05:38:20.045529+00:00,1902600010355,11.6,Bueno,13.43,Bueno,interpolacion_delaunay,0,2172,143,527,123
2026-10-09T05:38:20.045529+00:00,1902600010389,11.65,Bueno,13.48,Bueno,interpolacion_delaunay,0,3485,223,809,188
2026-10-09T05:38:20.045529+00:00,1902600010393,11.36,Bueno,13.15,Bueno,interpolacion_delaunay,0,4293,274,932,186
2026-10-09T05:38:20.045529+00:00,1902600010618,13.75,Bueno,15.57,Bueno,interpolacion_delaunay,0,3420,248,733,217
2026-10-09T05:38:20.045529+00:00,1902600010730,21.09,Aceptable,23.66,Bueno,interpolacion_delaunay,0,4610,359,992,364
2026-10-09T05:38:20.045529+00:00,1902600011033,11.41,Bueno,13.41,Bueno,interpolacion_delaunay,0,5199,444,572,162
2026-10-09T05:38:20.045529+00:00,1902600011122,18.33,Aceptable,21.1,Bueno,interpolacion_delaunay,0,6940,637,766,300
2026-10-09T05:38:20.045529+00:00,1902600011546,14.73,Bueno,16.55,Bueno,interpolacion_delaunay,0,3715,209,870,202
2026-10-09T05:38:20.045529+00:00,1902600011461,13.49,Bueno,15.3,Bueno,interpolacion_delaunay,0,3227,233,684,198
2026-10-09T05:38:20.045529+00:00,190260001132A,11.53,Bueno,13.35,Bueno,interpolacion_delaunay,0,2713,152,488,78
2026-10-09T05:38:20.045529+00:00,1902600011334,10.77,Bueno,12.49,Bueno,interpolacion_delaunay,0,3525,289,683,240
2026-10-09T05:38:20.045529+00:00,1902600011349,11.13,Bueno,12.94,Bueno,interpolacion_delaunay,0,2716,239,484,222
2026-10-09T05:38:20.045529+00:00,1902600011368,11.6,Bueno,13.44,Bueno,interpolacion_delaunay,0,3348,226,652,119
2026-10-09T05:38:20.045529+00:00,1902600011419,13.23,Bueno,15.08,Bueno,interpolacion_delaunay,0,2833,144,728,158
2026-10-09T05:38:20.045529+00:00,1902600011442,13.88,Bueno,15.69,Bueno,interpolacion_delaunay,0,3169,182,598,174
2026-10-09T05:38:20.045529+00:00,1902600011565,14.79,Bueno,16.6,Bueno,interpolacion_delaunay,0,4076,290,816,263
2026-10-09T05:38:20.045529+00:00,1902600011584,17.24,Aceptable,19.32,Bueno,interpolacion_delaunay,0,4255,317,895,221
2026-10-09T05:38:20.045529+00:00,1902600011599,17.22,Aceptable,19.33,Bueno,interpolacion_delaunay,0,2923,228,572,152
2026-10-09T05:38:20.045529+00:00,1902600011601,21.9,Aceptable,24.5,Bueno,promedio_sensores,1,3474,261,775,299
2026-10-09T05:38:20.045529+00:00,1902600011688,21.04,Aceptable,23.74,Bueno,interpolacion_delaunay,0,3727,240,688,249
2026-10-09T05:38:20.045529+00:00,190260001171A,22.27,Aceptable,25.25,Bueno,interpolacion_delaunay,0,4383,321,770,213
2026-10-09T05:38:20.045529+00:00,1902600012008,10.21,Bueno,11.22,Bueno,interpolacion_delaunay,0,1064,52,278,35
2026-10-09T05:38:20.045529+00:00,1902600011781,15.37,Aceptable,17.21,Bueno,interpolacion_delaunay,0,260,22,25,0
2026-10-09T05:38:20.045529+00:00,1902600011989,14.46,Bueno,16.28,Bueno,interpolacion_delaunay,0,3336,217,653,151
2026-10-09T05:38:20.045529+00:00,1902600012027,21.3,Aceptable,24.12,Bueno,interpolacion_delaunay,0,5601,339,676,195
2026-10-09T05:38:20.045529+00:00,1902600012116,20.0,Aceptable,22.79,Bueno,interpolacion_delaunay,0,2265,174,319,64
2026-10-09T05:38:20.045529+00:00,1902600012328,13.04,Bueno,15.87,Bueno,interpolacion_delaunay,0,2737,200,173,54
2026-10-09T05:38:20.045529+00:00,1902600012510,20.23,Aceptable,23.18,Bueno,interpolacion_delaunay,0,3466,257,269,90
2026-10-09T05:38:20.045529+00:00,1902600012578,22.11,Aceptable,25.23,Bueno,interpolacion_delaunay,0,2465,185,298,196
2026-10-09T05:38:20.045529+00:00,1902600012582,21.64,Aceptable,24.68,Bueno,interpolacion_delaunay,0,2739,201,423,283
2026-10-09T05:38:20.045529+00:00,1902600012614,13.53,Bueno,16.45,Bueno,interpolacion_delaunay,0,3024,272,68,36
2026-10-09T05:38:20.045529+00:00,1902600010177,11.39,Bueno,13.2,Bueno,interpolacion_delaunay,0,1769,60,559,90
2026-10-09T05:38:20.045529+00:00,1902600010444,10.47,Bueno,11.83,Bueno,interpolacion_delaunay,0,2474,121,665,111
2026-10-09T05:38:20.045529+00:00,1902600011531,14.57,Bueno,16.4,Bueno,interpolacion_delaunay,0,3594,235,816,160
2026-10-09T05:38:20.045529+00:00,1902600010232,10.81,Bueno,12.54,Bueno,interpolacion_delaunay,0,2521,162,744,110
2026-10-09T05:38:20.045529+00:00,1902600010196,11.3,Bueno,13.09,Bueno,interpolacion_delaunay,0,1557,66,485,73
2026-10-09T05:38:20.045529+00:00,1902600010213,10.77,Bueno,12.5,Bueno,interpolacion_delaunay,0,2063,114,530,142
2026-10-09T05:38:20.045529+00:00,190260001011A,10.1,Bueno,11.74,Bueno,interpolacion_delaunay,0,3115,155,816,154
2026-10-09T05:38:20.045529+00:00,1902600010162,11.53,Bueno,13.36,Bueno,interpolacion_delaunay,0,1624,64,473,65
2026-10-09T05:38:20.045529+00:00,1902600010181,12.05,Bueno,13.93,Bueno,interpolacion_delaunay,0,1561,63,499,94
2026-10-09T05:38:20.045529+00:00,1902600010228,11.17,Bueno,12.95,Bueno,interpolacion_delaunay,0,1619,140,316,120
2026-10-09T05:38:20.045529+00:00,1902600010603,13.74,Bueno,15.56,Bueno,interpolacion_delaunay,0,1632,93,346,132
2026-10-09T05:38:20.045529+00:00,1902600010745,21.09,Aceptable,23.73,Bueno,interpolacion_delaunay,0,1565,113,330,126
2026-10-09T05:38:20.045529+00:00,1902600010798,15.73,Aceptable,17.56,Bueno,interpolacion_delaunay,0,3364,210,732,231
2026-10-09T05:38:20.045529+00:00,1902600010815,18.96,Aceptable,21.41,Bueno,interpolacion_delaunay,0,4739,363,1000,268
2026-10-09T05:38:20.045529+00:00,1902600011438,10.9,Bueno,12.19,Bueno,interpolacion_delaunay,0,1771,89,459,85
2026-10-09T05:38:20.045529+00:00,1902600011476,14.88,Bueno,16.78,Bueno,interpolacion_delaunay,0,3270,215,839,209
2026-10-09T05:38:20.045529+00:00,1902600011777,16.5,Aceptable,18.43,Bueno,interpolacion_delaunay,0,3599,312,366,80
2026-10-09T05:38:20.045529+00:00,1902600012031,21.28,Aceptable,24.19,Bueno,interpolacion_delaunay,0,4385,273,421,152
2026-10-09T05:38:20.045529+00:00,1902600012173,10.77,Bueno,11.83,Bueno,interpolacion_delaunay,0,108,5,10,3
2026-10-09T05:38:20.045529+00:00,1902600012474,11.37,Bueno,13.55,Bueno,interpolacion_delaunay,0,3828,248,138,120
2026-10-09T05:38:20.045529+00:00,190260001253A,19.32,Aceptable,22.66,Bueno,interpolacion_delaunay,0,1418,134,74,37
2026-10-09T05:38:20.045529+00:00,1902600012648,18.71,Aceptable,21.16,Bueno,interpolacion_delaunay,0,1998,125,415,138
2026-10-09T05:38:20.045529+00:00,1902600012794,11.64,Bueno,13.44,Bueno,interpolacion_delaunay,0,776,83,32,8
2026-10-09T05:38:20.045529+00:00,1902600012775,12.82,Bueno,15.05,Bueno,interpolacion_delaunay,0,1381,194,42,36
2026-10-09T05:38:20.045529+00:00,1902600012898,5.95,Bueno,6.14,Bueno,interpolacion_delaunay,0,21,3,0,0
2026-10-09T05:38:20.045529+00:00,1902600010849,18.78,Aceptable,21.45,Bueno,interpolacion_delaunay,0,1926,132,278,87
2026-10-09T05:38:20.045529+00:00,1902600012262,10.33,Bueno,11.99,Bueno,interpolacion_delaunay,0,2668,227,217,83
2026-10-09T05:38:20.045529+00:00,1902600010266,10.74,Bueno,12.49,Bueno,interpolacion_delaunay,0,427,58,19,0
2026-10-09T05:38:20.045529+00:00,1902600010779,11.53,Bueno,12.78,Bueno,interpolacion_delaunay,0,677,45,131,66
2026-10-09T05:38:20.045529+00:00,1902600010872,7.75,Bueno,7.91,Bueno,interpolacion_delaunay,0,3088,114,989,72
2026-10-09T05:38:20.045529+00:00,1902600011902,10.48,Bueno,12.17,Bueno,interpolacion_delaunay,0,2434,191,435,71
2026-10-09T05:38:20.045529+00:00,1902600011993,15.04,Aceptable,16.85,Bueno,interpolacion_delaunay,0,3528,203,521,147
2026-10-09T05:38:20.045529+00:00,1902600012012,10.62,Bueno,11.63,Bueno,interpolacion_delaunay,0,2227,119,600,34
2026-10-09T05:38:20.045529+00:00,1902600012084,7.95,Bueno,8.54,Bueno,interpolacion_delaunay,0,1461,49,516,49
2026-10-09T05:38:20.045529+00:00,1902600012188,5.72,Bueno,6.07,Bueno,interpolacion_delaunay,0,460,18,82,4
2026-10-09T05:38:20.045529+00:00,1902600012277,10.63,Bueno,12.33,Bueno,interpolacion_delaunay,0,3597,281,616,228
2026-10-09T05:38:20.045529+00:00,190260001246A,11.19,Bueno,13.45,Bueno,interpolacion_delaunay,0,4546,358,308,145
2026-10-09T05:38:20.045529+00:00,1902600012559,20.45,Aceptable,23.2,Bueno,interpolacion_delaunay,0,4248,285,324,114
2026-10-09T05:38:20.045529+00:00,1902600012652,11.53,Bueno,13.33,Bueno,interpolacion_delaunay,0,3158,323,113,122
2026-10-09T05:38:20.045529+00:00,1902600012671,12.54,Bueno,14.43,Bueno,interpolacion_delaunay,0,1647,122,65,34
2026-10-09T05:38:20.045529+00:00,1902600012718,19.03,Aceptable,21.85,Bueno,interpolacion_delaunay,0,2829,290,123,131
2026-10-09T05:38:20.045529+00:00,1902600012741,15.53,Aceptable,17.33,Bueno,interpolacion_delaunay,0,1897,119,345,52
2026-10-09T05:38:20.045529+00:00,1902600012879,11.4,Bueno,13.2,Bueno,promedio_sensores,1,2144,300,65,16
2026-10-09T05:38:20.045529+00:00,1902600010285,9.85,Bueno,11.24,Bueno,interpolacion_delaunay,0,2844,174,613,185
2026-10-09T05:38:20.045529+00:00,1902600012690,16.47,Aceptable,18.68,Bueno,interpolacion_delaunay,0,79,0,3,0
2026-10-09T05:38:20.045529+00:00,1902600012099,16.73,Aceptable,18.88,Bueno,interpolacion_delaunay,0,5241,599,554,189
2026-10-09T05:38:20.045529+00:00,1902600011936,11.38,Bueno,13.33,Bueno,interpolacion_delaunay,0,2951,267,407,119
2026-10-09T05:38:20.045529+00:00,1902600012169,5.94,Bueno,6.39,Bueno,interpolacion_delaunay,0,1023,50,158,14
2026-10-09T05:38:20.045529+00:00,190260001118A,9.96,Bueno,11.01,Bueno,interpolacion_delaunay,0,3453,227,320,71
2026-10-09T05:38:20.045529+00:00,1902600012050,20.04,Aceptable,22.66,Bueno,interpolacion_delaunay,0,4134,320,745,263
2026-10-09T05:38:20.045529+00:00,1902600012101,17.78,Aceptable,20.18,Bueno,interpolacion_delaunay,0,3626,381,484,119
2026-10-09T05:38:20.045529+00:00,1902600012563,18.23,Aceptable,20.75,Bueno,interpolacion_delaunay,0,2676,291,133,25
2026-10-09T05:38:20.045529+00:00,190260001278A,10.66,Bueno,12.83,Bueno,interpolacion_delaunay,0,3558,402,98,36
2026-10-09T05:38:20.045529+00:00,1902600011921,11.27,Bueno,13.29,Bueno,interpolacion_delaunay,0,2594,223,377,76
2026-10-09T05:38:20.045529+00:00,1902600010092,10.08,Bueno,11.71,Bueno,interpolacion_delaunay,0,4183,262,1039,106
2026-10-09T05:38:20.045529+00:00,1902600011300,10.46,Bueno,12.2,Bueno,interpolacion_delaunay,0,2915,163,792,188
2026-10-09T05:38:20.045529+00:00,1902600010143,11.33,Bueno,13.41,Bueno,interpolacion_delaunay,0,2245,273,113,55
2026-10-09T05:38:20.045529+00:00,1902600011870,10.16,Bueno,11.81,Bueno,interpolacion_delaunay,0,3271,173,768,82
2026-10-09T05:38:20.045529+00:00,1902600011315,10.82,Bueno,12.55,Bueno,interpolacion_delaunay,0,3497,230,464,42
2026-10-09T05:38:20.045529+00:00,1902600011014,11.29,Bueno,13.45,Bueno,interpolacion_delaunay,0,2155,150,459,98
2026-10-09T05:38:20.045529+00:00,1902600011616,18.82,Aceptable,21.33,Bueno,interpolacion_delaunay,0,3883,311,769,201
2026-10-09T05:38:20.045529+00:00,1902600011620,18.5,Aceptable,21.04,Bueno,interpolacion_delaunay,0,4814,356,1024,301
2026-10-09T05:38:20.045529+00:00,1902600011480,16.71,Aceptable,19.04,Bueno,interpolacion_delaunay,0,4784,390,737,223
2026-10-09T05:38:20.045529+00:00,1902600010641,14.99,Bueno,16.97,Bueno,interpolacion_delaunay,0,2917,240,627,202
2026-10-09T05:38:20.045529+00:00,1902600012633,18.67,Aceptable,21.04,Bueno,interpolacion_delaunay,0,2429,188,313,91
2026-10-09T05:38:20.045529+00:00,190260001164A,18.02,Aceptable,20.63,Bueno,interpolacion_delaunay,0,2101,168,367,57
2026-10-09T05:38:20.045529+00:00,1902600011635,18.88,Aceptable,21.55,Bueno,interpolacion_delaunay,0,4695,347,639,204
2026-10-09T05:38:20.045529+00:00,1902600010961,11.27,Bueno,13.54,Bueno,interpolacion_delaunay,0,1353,81,150,34
2026-10-09T05:38:20.045529+00:00,1902600011226,16.96,Aceptable,19.03,Bueno,interpolacion_delaunay,0,4831,444,615,226
2026-10-09T05:38:20.045529+00:00,1902600012807,15.55,Aceptable,17.31,Bueno,interpolacion_delaunay,0,51,0,0,0
2026-10-09T05:38:20.045529+00:00,1902600012737,15.7,Aceptable,17.48,Bueno,interpolacion_delaunay,0,153,17,4,4
2026-10-09T05:38:20.045529+00:00,1902600012046,18.54,Aceptable,20.85,Bueno,interpolacion_delaunay,0,5116,376,649,199
2026-10-09T05:38:20.045529+00:00,1902600012756,16.0,Aceptable,17.8,Bueno,promedio_sensores,1,2572,282,124,24
2026-10-09T05:38:20.045529+00:00,1902600010783,14.29,Bueno,15.88,Bueno,interpolacion_delaunay,0,1477,145,264,42
2026-10-09T05:38:20.045529+00:00,1902600011230,17.42,Aceptable,19.59,Bueno,interpolacion_delaunay,0,3324,362,242,132
2026-10-09T05:38:20.045529+00:00,1902600011758,3.6,Bueno,3.7,Bueno,promedio_sensores,1,2105,92,408,43
2026-10-09T05:38:20.045529+00:00,1902600011141,18.75,Aceptable,22.73,Bueno,interpolacion_delaunay,0,9036,1161,432,363
2026-10-09T05:38:20.045529+00:00,1902600011743,20.8,Aceptable,23.82,Bueno,interpolacion_delaunay,0,7461,709,958,323
2026-10-09T05:38:20.045529+00:00,1902600012629,18.74,Aceptable,21.48,Bueno,interpolacion_delaunay,0,1943,149,74,66
2026-10-09T05:38:20.045529+00:00,1902600011762,15.76,Aceptable,17.56,Bueno,interpolacion_delaunay,0,2427,183,512,77
2026-10-09T05:38:20.045529+00:00,1902600011194,13.27,Bueno,14.75,Bueno,interpolacion_delaunay,0,4669,300,960,201
2026-10-09T05:38:20.045529+00:00,1902600011052,10.81,Bueno,12.94,Bueno,interpolacion_delaunay,0,7318,799,917,451
2026-10-09T05:38:20.045529+00:00,1902600012722,11.33,Bueno,13.74,Bueno,interpolacion_delaunay,0,1673,182,35,23
2026-10-09T05:38:20.045529+00:00,1902600010209,11.22,Bueno,13.84,Bueno,interpolacion_delaunay,0,0,0,0,0
2026-10-09T05:38:20.045529+00:00,1902600012883,11.7,Bueno,14.53,Bueno,interpolacion_delaunay,0,2693,391,65,39
2026-10-09T05:38:20.045529+00:00,1902600011512,16.11,Aceptable,17.94,Bueno,interpolacion_delaunay,0,1411,83,448,118
2026-10-09T05:38:20.045529+00:00,1902600011527,16.43,Aceptable,18.32,Bueno,interpolacion_delaunay,0,2114,99,718,127
2026-10-09T05:38:20.045529+00:00,1902600010853,16.36,Aceptable,18.01,Bueno,interpolacion_delaunay,0,4562,382,755,151
2026-10-09T05:38:20.045529+00:00,1902600011160,17.0,Aceptable,18.9,Bueno,promedio_sensores,1,3568,186,796,79
2026-10-09T05:38:20.045529+00:00,1902600011423,13.25,Bueno,15.1,Bueno,interpolacion_delaunay,0,2358,121,643,149
2026-10-09T05:38:20.045529+00:00,1902600011118,13.61,Bueno,15.31,Bueno,interpolacion_delaunay,0,0,0,0,0
2026-10-09T05:38:20.045529+00:00,1902600010552,14.1,Bueno,15.95,Bueno,interpolacion_delaunay,0,1358,197,299,91
2026-10-09T05:38:20.045529+00:00,1902600010567,14.26,Bueno,16.09,Bueno,interpolacion_delaunay,0,3469,239,807,212
2026-10-09T05:38:20.045529+00:00,1902600010478,12.73,Bueno,14.58,Bueno,interpolacion_delaunay,0,3451,258,686,179
2026-10-09T05:38:20.045529+00:00,1902600012493,13.63,Bueno,15.46,Bueno,interpolacion_delaunay,0,3047,231,451,139
2026-10-09T05:38:20.045529+00:00,1902600012506,13.73,Bueno,15.56,Bueno,interpolacion_delaunay,0,1875,122,448,96
2026-10-09T05:38:20.045529+00:00,1902600011387,12.44,Bueno,14.27,Bueno,interpolacion_delaunay,0,4018,279,697,181
2026-10-09T05:38:20.045529+00:00,1902600010482,12.58,Bueno,14.42,Bueno,interpolacion_delaunay,0,4004,197,1191,226
2026-10-09T05:38:20.045529+00:00,1902600010586,13.6,Bueno,15.43,Bueno,interpolacion_delaunay,0,4983,369,1196,317
2026-10-09T05:38:20.045529+00:00,1902600010590,13.56,Bueno,15.38,Bueno,interpolacion_delaunay,0,3794,290,817,254
2026-10-09T05:38:20.045529+00:00,1902600011940,11.96,Bueno,13.78,Bueno,interpolacion_delaunay,0,3450,256,773,184
2026-10-09T05:38:20.045529+00:00,1902600012224,12.84,Bueno,14.66,Bueno,interpolacion_delaunay,0,1986,122,533,118
2026-10-09T05:38:20.045529+00:00,1902600012239,12.8,Bueno,14.62,Bueno,interpolacion_delaunay,0,2664,206,487,219
2026-10-09T05:38:20.045529+00:00,1902600010548,6.85,Bueno,7.58,Bueno,interpolacion_delaunay,0,4149,203,1177,258
2026-10-09T05:38:20.045529+00:00,1902600012489,11.42,Bueno,13.4,Bueno,interpolacion_delaunay,0,2798,203,290,77
2026-10-09T05:38:20.045529+00:00,1902600011353,11.7,Bueno,13.54,Bueno,interpolacion_delaunay,0,1952,125,417,157
2026-10-09T05:38:20.045529+00:00,1902600012760,11.38,Bueno,13.27,Bueno,interpolacion_delaunay,0,3619,397,120,87
2026-10-09T05:38:20.045529+00:00,1902600011264,11.01,Bueno,13.08,Bueno,interpolacion_delaunay,0,1708,151,158,100
2026-10-09T05:38:20.045529+00:00,190260001285A,11.23,Bueno,13.13,Bueno,interpolacion_delaunay,0,1850,298,50,26
2026-10-09T05:38:20.045529+00:00,1902600010270,13.23,Bueno,16.45,Bueno,interpolacion_delaunay,0,0,0,0,0
2026-10-09T05:38:20.045529+00:00,1902600010406,11.41,Bueno,13.21,Bueno,interpolacion_delaunay,0,2889,225,550,115
2026-10-09T05:38:20.045529+00:00,1902600011067,11.15,Bueno,12.92,Bueno,interpolacion_delaunay,0,4252,360,451,270
2026-10-09T05:38:20.045529+00:00,1902600011086,14.45,Bueno,17.51,Bueno,interpolacion_delaunay,0,3224,245,126,84
2026-10-09T05:38:20.045529+00:00,1902600012313,16.97,Aceptable,21.58,Bueno,interpolacion_delaunay,0,2567,202,407,174
2026-10-09T05:38:20.045529+00:00,1902600012309,16.53,Aceptable,20.58,Bueno,interpolacion_delaunay,0,2125,241,150,88
2026-10-09T05:38:20.045529+00:00,1902600011809,11.21,Bueno,12.98,Bueno,interpolacion_delaunay,0,2127,251,117,120
2026-10-09T05:38:20.045529+00:00,1902600012864,12.0,Bueno,13.8,Bueno,interpolacion_delaunay,0,1168,168,40,16
2026-10-09T05:38:20.045529+00:00,190260001125A,11.69,Bueno,11.96,Bueno,interpolacion_delaunay,0,541,13,170,22
2026-10-09T05:38:20.045529+00:00,1902600011071,14.96,Bueno,18.79,Bueno,interpolacion_delaunay,0,3143,264,264,89
2026-10-09T05:38:20.045529+00:00,190260001196A,15.2,Aceptable,19.34,Bueno,interpolacion_delaunay,0,3349,324,262,100
2026-10-09T05:38:20.045529+00:00,1902600011955,11.74,Bueno,13.55,Bueno,interpolacion_delaunay,0,3582,349,216,97
2026-10-09T05:38:20.045529+00:00,190260001050A,12.61,Bueno,14.42,Bueno,interpolacion_delaunay,0,2022,217,309,73
2026-10-09T05:38:20.045529+00:00,1903900012400,7.9,Bueno,9.2,Bueno,promedio_sensores,1,4517,429,723,304
2026-10-09T05:38:20.045529+00:00,1903900014657,17.39,Aceptable,18.32,Bueno,interpolacion_delaunay,0,2491,234,438,138
2026-10-09T05:38:20.045529+00:00,1903900013682,20.41,Aceptable,24.58,Bueno,interpolacion_delaunay,0,4499,398,653,181
2026-10-09T05:38:20.045529+00:00,1903900010832,13.58,Bueno,16.09,Bueno,interpolacion_delaunay,0,543,31,158,26
2026-10-09T05:38:20.045529+00:00,1903900011120,11.1,Bueno,12.87,Bueno,interpolacion_delaunay,0,2607,94,831,149
2026-10-09T05:38:20.045529+00:00,1903900012129,12.3,Bueno,13.25,Bueno,interpolacion_delaunay,0,4074,318,790,255
2026-10-09T05:38:20.045529+00:00,190390001363A,18.03,Aceptable,19.03,Bueno,interpolacion_delaunay,0,3850,324,618,201
2026-10-09T05:38:20.045529+00:00,1903900014163,14.37,Bueno,15.53,Bueno,interpolacion_delaunay,0,3563,376,476,178
2026-10-09T05:38:20.045529+00:00,1903900014642,16.86,Aceptable,17.74,Bueno,interpolacion_delaunay,0,2137,227,313,125
2026-10-09T05:38:20.045529+00:00,1903900013589,17.05,Aceptable,19.55,Bueno,interpolacion_delaunay,0,1971,102,595,95
2026-10-09T05:38:20.045529+00:00,1903900011370,11.76,Bueno,13.61,Bueno,interpolacion_delaunay,0,1287,71,218,39
2026-10-09T05:38:20.045529+00:00,1903900012114,11.88,Bueno,12.88,Bueno,interpolacion_delaunay,0,2387,84,816,136
2026-10-09T05:38:20.045529+00:00,1903900012203,7.0,Bueno,7.4,Bueno,promedio_sensores,1,2974,126,1034,191
2026-10-09T05:38:20.045529+00:00,1903900013574,15.9,Aceptable,18.44,Bueno,interpolacion_delaunay,0,832,37,276,93
2026-10-09T05:38:20.045529+00:00,1903900012792,6.74,Bueno,8.18,Bueno,interpolacion_delaunay,0,1,0,0,0
2026-10-09T05:38:20.045529+00:00,190390001445A,15.99,Aceptable,17.54,Bueno,interpolacion_delaunay,0,5563,304,1118,197
2026-10-09T05:38:20.045529+00:00,1903900014638,15.78,Aceptable,16.62,Bueno,interpolacion_delaunay,0,3811,381,571,142
2026-10-09T05:38:20.045529+00:00,1903900012063,18.25,Aceptable,20.42,Bueno,interpolacion_delaunay,0,2407,98,743,119
2026-10-09T05:38:20.045529+00:00,1903900011690,11.59,Bueno,12.19,Bueno,interpolacion_delaunay,0,228,12,56,11
2026-10-09T05:38:20.045529+00:00,1903900011760,8.66,Bueno,9.36,Bueno,interpolacion_delaunay,0,1986,129,443,117
2026-10-09T05:38:20.045529+00:00,1903900011934,12.87,Bueno,14.03,Bueno,promedio_sensores,3,2171,83,550,105
2026-10-09T05:38:20.045529+00:00,190390001192A,7.94,Bueno,8.85,Bueno,interpolacion_delaunay,0,2553,117,796,121
2026-10-09T05:38:20.045529+00:00,1903900012044,16.67,Aceptable,17.94,Bueno,interpolacion_delaunay,0,1920,122,427,109
2026-10-09T05:38:20.045529+00:00,1903900012078,17.57,Aceptable,19.5,Bueno,interpolacion_delaunay,0,2179,136,538,60
2026-10-09T05:38:20.045529+00:00,1903900011525,10.99,Bueno,12.76,Bueno,interpolacion_delaunay,0,590,39,143,33
2026-10-09T05:38:20.045529+00:00,1903900011991,16.9,Aceptable,18.2,Bueno,promedio_sensores,1,3236,192,703,201
2026-10-09T05:38:20.045529+00:00,1903900012006,8.66,Bueno,9.58,Bueno,interpolacion_delaunay,0,1972,70,504,136
2026-10-09T05:38:20.045529+00:00,1903900010673,15.75,Aceptable,17.83,Bueno,interpolacion_delaunay,0,2155,174,396,142
2026-10-09T05:38:20.045529+00:00,1903900010298,12.93,Bueno,14.67,Bueno,interpolacion_delaunay,0,3499,233,739,152
2026-10-09T05:38:20.045529+00:00,1903900010404,13.4,Bueno,15.17,Bueno,interpolacion_delaunay,0,2835,189,560,150
2026-10-09T05:38:20.045529+00:00,1903900011012,13.99,Bueno,16.79,Bueno,interpolacion_delaunay,0,1216,101,235,35
2026-10-09T05:38:20.045529+00:00,1903900011065,12.4,Bueno,14.63,Bueno,interpolacion_delaunay,0,1981,192,428,144
2026-10-09T05:38:20.045529+00:00,1903900010175,12.0,Bueno,13.65,Bueno,interpolacion_delaunay,0,1294,70,318,45
2026-10-09T05:38:20.045529+00:00,190390001018A,11.53,Bueno,13.14,Bueno,interpolacion_delaunay,0,3618,299,750,219
2026-10-09T05:38:20.045529+00:00,1903900010194,11.98,Bueno,13.63,Bueno,interpolacion_delaunay,0,2850,223,604,173
2026-10-09T05:38:20.045529+00:00,1903900010226,12.41,Bueno,14.11,Bueno,interpolacion_delaunay,0,4934,461,799,274
2026-10-09T05:38:20.045529+00:00,1903900014229,9.54,Bueno,10.17,Bueno,interpolacion_delaunay,0,2852,249,505,184
2026-10-09T05:38:20.045529+00:00,1903900010353,6.95,Bueno,8.17,Bueno,interpolacion_delaunay,0,3313,167,981,325
2026-10-09T05:38:20.045529+00:00,1903900010936,17.25,Aceptable,19.24,Bueno,interpolacion_delaunay,0,2121,128,459,101
2026-10-09T05:38:20.045529+00:00,1903900011173,12.0,Bueno,12.5,Bueno,promedio_sensores,1,2108,71,659,126
2026-10-09T05:38:20.045529+00:00,1903900011188,16.2,Aceptable,17.85,Bueno,interpolacion_delaunay,0,3322,231,794,185
2026-10-09T05:38:20.045529+00:00,1903900011224,15.74,Aceptable,18.14,Bueno,interpolacion_delaunay,0,3487,327,636,198
2026-10-09T05:38:20.045529+00:00,1903900011328,14.53,Bueno,16.99,Bueno,interpolacion_delaunay,0,1300,73,364,78
2026-10-09T05:38:20.045529+00:00,1903900011332,13.39,Bueno,15.8,Bueno,interpolacion_delaunay,0,2976,208,686,165
2026-10-09T05:38:20.045529+00:00,1903900011493,5.4,Bueno,6.2,Bueno,promedio_sensores,1,498,32,117,21
2026-10-09T05:38:20.045529+00:00,1903900011506,8.42,Bueno,9.82,Bueno,interpolacion_delaunay,0,218,10,60,5
2026-10-09T05:38:20.045529+00:00,1903900011510,9.0,Bueno,10.64,Bueno,interpolacion_delaunay,0,370,18,99,43
2026-10-09T05:38:20.045529+00:00,1903900011563,13.5,Bueno,15.59,Bueno,interpolacion_delaunay,0,1016,57,324,41
2026-10-09T05:38:20.045529+00:00,1903900011652,5.1,Bueno,6.0,Bueno,interpolacion_delaunay,0,1408,46,412,99
2026-10-09T05:38:20.045529+00:00,1903900011667,14.0,Bueno,14.99,Bueno,interpolacion_delaunay,0,811,38,222,38
2026-10-09T05:38:20.045529+00:00,1903900011671,13.87,Bueno,14.87,Bueno,interpolacion_delaunay,0,2135,120,546,122
2026-10-09T05:38:20.045529+00:00,1903900011775,9.9,Bueno,10.97,Bueno,interpolacion_delaunay,0,3247,195,753,173
2026-10-09T05:38:20.045529+00:00,190390001178A,13.68,Bueno,14.65,Bueno,interpolacion_delaunay,0,2085,91,638,124
2026-10-09T05:38:20.045529+00:00,1903900011811,15.77,Aceptable,17.38,Bueno,interpolacion_delaunay,0,3726,195,960,140
2026-10-09T05:38:20.045529+00:00,190390001210A,15.1,Aceptable,16.4,Bueno,promedio_sensores,1,2790,113,700,150
2026-10-09T05:38:20.045529+00:00,1903900012186,16.13,Aceptable,19.28,Bueno,interpolacion_delaunay,0,4169,44,257,49
2026-10-09T05:38:20.045529+00:00,1903900011559,11.0,Bueno,11.5,Bueno,promedio_sensores,1,854,32,232,42
2026-10-09T05:38:20.045529+00:00,1903900013428,12.25,Bueno,13.93,Bueno,interpolacion_delaunay,0,3351,320,515,172
2026-10-09T05:38:20.045529+00:00,1903900014214,9.37,Bueno,9.96,Bueno,interpolacion_delaunay,0,4120,374,689,171
2026-10-09T05:38:20.045529+00:00,1903900014712,18.17,Aceptable,21.82,Bueno,interpolacion_delaunay,0,3085,299,499,125
2026-10-09T05:38:20.045529+00:00,1903900014727,14.05,Bueno,16.3,Bueno,interpolacion_delaunay,0,2574,237,418,75
2026-10-09T05:38:20.045529+00:00,1903900011544,9.09,Bueno,9.89,Bueno,interpolacion_delaunay,0,484,17,104,17
2026-10-09T05:38:20.045529+00:00,1903900011347,12.1,Bueno,14.0,Bueno,promedio_sensores,1,3767,228,949,230
2026-10-09T05:38:20.045529+00:00,1903900011101,11.6,Bueno,13.45,Bueno,interpolacion_delaunay,0,2340,171,499,101
2026-10-09T05:38:20.045529+00:00,1903900010692,16.3,Aceptable,18.7,Bueno,interpolacion_delaunay,0,1264,56,294,43
2026-10-09T05:38:20.045529+00:00,190390001071A,6.6,Bueno,7.8,Bueno,promedio_sensores,1,2092,89,717,121
2026-10-09T05:38:20.045529+00:00,190390001153A,7.07,Bueno,7.79,Bueno,interpolacion_delaunay,0,283,20,33,8
2026-10-09T05:38:20.045529+00:00,1903900012222,14.19,Bueno,16.27,Bueno,interpolacion_delaunay,0,2481,214,440,130
2026-10-09T05:38:20.045529+00:00,1903900010048,9.86,Bueno,11.33,Bueno,interpolacion_delaunay,0,2757,231,541,184
2026-10-09T05:38:20.045529+00:00,1903900010160,12.32,Bueno,14.0,Bueno,interpolacion_delaunay,0,1233,55,334,97
2026-10-09T05:38:20.045529+00:00,1903900011915,10.71,Bueno,11.58,Bueno,interpolacion_delaunay,0,1171,52,296,69
2026-10-09T05:38:20.045529+00:00,1903900012824,4.43,Bueno,5.44,Bueno,interpolacion_delaunay,0,0,0,0,0
2026-10-09T05:38:20.045529+00:00,1903900010103,11.64,Bueno,13.27,Bueno,interpolacion_delaunay,0,2537,115,733,107
2026-10-09T05:38:20.045529+00:00,1903900010122,11.2,Bueno,12.79,Bueno,interpolacion_delaunay,0,3875,316,762,228
2026-10-09T05:38:20.045529+00:00,1903900010207,11.46,Bueno,13.07,Bueno,interpolacion_delaunay,0,2935,264,476,100
2026-10-09T05:38:20.045529+00:00,190390001089A,17.78,Aceptable,20.28,Bueno,interpolacion_delaunay,0,2450,84,735,103
2026-10-09T05:38:20.045529+00:00,1903900010813,14.48,Bueno,17.03,Bueno,interpolacion_delaunay,0,1266,76,281,65
2026-10-09T05:38:20.045529+00:00,190390001096A,17.01,Aceptable,19.59,Bueno,interpolacion_delaunay,0,735,52,175,36
2026-10-09T05:38:20.045529+00:00,190390001107A,12.87,Bueno,15.2,Bueno,interpolacion_delaunay,0,2056,191,358,98
2026-10-09T05:38:20.045529+00:00,1903900011099,11.22,Bueno,13.0,Bueno,interpolacion_delaunay,0,1728,108,401,82
2026-10-09T05:38:20.045529+00:00,1903900011281,11.32,Bueno,13.35,Bueno,interpolacion_delaunay,0,162,9,42,10
2026-10-09T05:38:20.045529+00:00,190390001146A,13.18,Bueno,13.9,Bueno,interpolacion_delaunay,0,1878,94,425,114
2026-10-09T05:38:20.045529+00:00,1903900011474,14.95,Bueno,16.19,Bueno,interpolacion_delaunay,0,1482,65,348,91
2026-10-09T05:38:20.045529+00:00,1903900011648,7.56,Bueno,8.39,Bueno,interpolacion_delaunay,0,1275,46,383,92
2026-10-09T05:38:20.045529+00:00,1903900011953,14.72,Bueno,15.82,Bueno,interpolacion_delaunay,0,4331,383,782,275
2026-10-09T05:38:20.045529+00:00,1903900011968,15.08,Aceptable,16.27,Bueno,interpolacion_delaunay,0,2452,198,521,139
2026-10-09T05:38:20.045529+00:00,1903900011972,15.34,Aceptable,16.49,Bueno,interpolacion_delaunay,0,2152,173,501,93
2026-10-09T05:38:20.045529+00:00,1903900011987,15.68,Aceptable,16.83,Bueno,interpolacion_delaunay,0,2330,153,564,186
2026-10-09T05:38:20.045529+00:00,1903900012010,11.57,Bueno,12.63,Bueno,promedio_sensores,3,377,6,32,6
2026-10-09T05:38:20.045529+00:00,1903900012025,14.46,Bueno,15.76,Bueno,interpolacion_delaunay,0,4868,169,1336,220
2026-10-09T05:38:20.045529+00:00,1903900012608,8.65,Bueno,10.02,Bueno,interpolacion_delaunay,0,3563,325,452,140
2026-10-09T05:38:20.045529+00:00,1903900012260,10.5,Bueno,11.16,Bueno,interpolacion_delaunay,0,2549,128,738,140
2026-10-09T05:38:20.045529+00:00,1903900012523,9.26,Bueno,10.68,Bueno,interpolacion_delaunay,0,5883,502,863,210
2026-10-09T05:38:20.045529+00:00,1903900012576,7.57,Bueno,8.78,Bueno,interpolacion_delaunay,0,3643,363,363,152
2026-10-09T05:38:20.045529+00:00,1903900012612,10.16,Bueno,11.66,Bueno,interpolacion_delaunay,0,3707,369,423,217
2026-10-09T05:38:20.045529+00:00,1903900013339,9.14,Bueno,10.55,Bueno,interpolacion_delaunay,0,3291,330,562,149
2026-10-09T05:38:20.045529+00:00,1903900013432,11.89,Bueno,13.54,Bueno,interpolacion_delaunay,0,3283,331,497,186
2026-10-09T05:38:20.045529+00:00,1903900013381,10.78,Bueno,12.33,Bueno,interpolacion_delaunay,0,3469,305,681,259
2026-10-09T05:38:20.045529+00:00,1903900013324,8.75,Bueno,10.12,Bueno,interpolacion_delaunay,0,2714,268,458,83
2026-10-09T05:38:20.045529+00:00,1903900014587,15.14,Aceptable,18.11,Bueno,interpolacion_delaunay,0,1315,68,368,60
2026-10-09T05:38:20.045529+00:00,1903900014604,4.97,Bueno,5.29,Bueno,interpolacion_delaunay,0,2075,111,610,109
2026-10-09T05:38:20.045529+00:00,1903900014661,15.18,Aceptable,16.31,Bueno,interpolacion_delaunay,0,2902,69,608,127
2026-10-09T05:38:20.045529+00:00,1903900014680,16.79,Aceptable,18.92,Bueno,interpolacion_delaunay,0,2293,96,745,94
2026-10-09T05:38:20.045529+00:00,1903900011239,16.84,Aceptable,19.63,Bueno,interpolacion_delaunay,0,3332,293,662,233
2026-10-09T05:38:20.045529+00:00,1903900011489,15.8,Aceptable,16.8,Bueno,promedio_sensores,1,1608,86,419,74
2026-10-09T05:38:20.045529+00:00,1903900010279,12.59,Bueno,14.3,Bueno,interpolacion_delaunay,0,2220,107,580,282
2026-10-09T05:38:20.045529+00:00,1903900010531,14.0,Bueno,15.84,Bueno,interpolacion_delaunay,0,5417,419,1156,491
2026-10-09T05:38:20.045529+00:00,1903900010635,16.44,Aceptable,18.53,Bueno,interpolacion_delaunay,0,2264,78,723,158
2026-10-09T05:38:20.045529+00:00,1903900011686,11.53,Bueno,12.27,Bueno,interpolacion_delaunay,0,153,7,36,5
2026-10-09T05:38:20.045529+00:00,1903900011807,15.19,Aceptable,16.59,Bueno,interpolacion_delaunay,0,2430,99,765,107
2026-10-09T05:38:20.045529+00:00,1903900011830,12.1,Bueno,12.7,Bueno,promedio_sensores,1,898,35,265,16
2026-10-09T05:38:20.045529+00:00,1903900012097,32.2,Aceptable,41.0,Bueno,promedio_sensores,1,4087,88,440,163
2026-10-09T05:38:20.045529+00:00,1903900012256,15.71,Aceptable,18.01,Bueno,interpolacion_delaunay,0,4590,303,1006,320
2026-10-09T05:38:20.045529+00:00,1903900012307,14.5,Bueno,15.17,Bueno,promedio_sensores,3,2986,141,683,94
2026-10-09T05:38:20.045529+00:00,1903900012453,10.2,Bueno,10.96,Bueno,interpolacion_delaunay,0,2219,109,403,76
2026-10-09T05:38:20.045529+00:00,1903900012716,13.76,Bueno,15.42,Bueno,interpolacion_delaunay,0,78,3,14,8
2026-10-09T05:38:20.045529+00:00,1903900012735,14.36,Bueno,16.06,Bueno,interpolacion_delaunay,0,0,0,0,0
2026-10-09T05:38:20.045529+00:00,1903900012769,18.37,Aceptable,21.73,Bueno,interpolacion_delaunay,0,279,15,54,0
2026-10-09T05:38:20.045529+00:00,1903900012773,11.84,Bueno,12.85,Bueno,interpolacion_delaunay,0,0,0,0,0
2026-10-09T05:38:20.045529+00:00,1903900014040,10.42,Bueno,11.94,Bueno,interpolacion_delaunay,0,3042,337,450,116
2026-10-09T05:38:20.045529+00:00,1903900014178,14.54,Bueno,15.6,Bueno,interpolacion_delaunay,0,4610,493,538,196
2026-10-09T05:38:20.045529+00:00,1903900010156,12.23,Bueno,13.91,Bueno,interpolacion_delaunay,0,2930,146,830,151
2026-10-09T05:38:20.045529+00:00,1903900010264,13.57,Bueno,15.36,Bueno,interpolacion_delaunay,0,4282,326,814,272
2026-10-09T05:38:20.045529+00:00,1903900010283,12.88,Bueno,14.61,Bueno,interpolacion_delaunay,0,2911,218,619,83
2026-10-09T05:38:20.045529+00:00,1903900010315,12.42,Bueno,14.11,Bueno,interpolacion_delaunay,0,3515,316,654,216
2026-10-09T05:38:20.045529+00:00,190390001032A,11.81,Bueno,13.45,Bueno,interpolacion_delaunay,0,4173,426,573,279
2026-10-09T05:38:20.045529+00:00,1903900010349,12.56,Bueno,14.27,Bueno,interpolacion_delaunay,0,2637,166,677,132
2026-10-09T05:38:20.045529+00:00,1903900010391,13.62,Bueno,15.42,Bueno,interpolacion_delaunay,0,3850,295,727,205
2026-10-09T05:38:20.045529+00:00,1903900010438,13.34,Bueno,15.12,Bueno,interpolacion_delaunay,0,3338,313,521,73
2026-10-09T05:38:20.045529+00:00,1903900010442,13.31,Bueno,15.09,Bueno,interpolacion_delaunay,0,2676,239,533,136
2026-10-09T05:38:20.045529+00:00,1903900010457,14.22,Bueno,16.06,Bueno,interpolacion_delaunay,0,3408,175,1149,225
2026-10-09T05:38:20.045529+00:00,1903900010480,14.92,Bueno,16.83,Bueno,interpolacion_delaunay,0,1388,64,440,114
2026-10-09T05:38:20.045529+00:00,1903900010512,15.14,Aceptable,17.08,Bueno,interpolacion_delaunay,0,2980,202,741,168
2026-10-09T05:38:20.045529+00:00,1903900010546,14.99,Bueno,16.93,Bueno,interpolacion_delaunay,0,2660,141,683,117
2026-10-09T05:38:20.045529+00:00,1903900010550,14.51,Bueno,16.41,Bueno,interpolacion_delaunay,0,2279,182,478,160
2026-10-09T05:38:20.045529+00:00,1903900010565,13.92,Bueno,15.77,Bueno,interpolacion_delaunay,0,2608,254,432,94
2026-10-09T05:38:20.045529+00:00,190390001057A,14.76,Bueno,16.69,Bueno,interpolacion_delaunay,0,1514,131,335,33
2026-10-09T05:38:20.045529+00:00,1903900010599,6.41,Bueno,7.44,Bueno,interpolacion_delaunay,0,2808,125,1047,137
2026-10-09T05:38:20.045529+00:00,1903900010601,16.19,Aceptable,18.38,Bueno,interpolacion_delaunay,0,5314,412,1126,426
2026-10-09T05:38:20.045529+00:00,1903900010620,16.98,Aceptable,19.13,Bueno,interpolacion_delaunay,0,2515,85,744,131
2026-10-09T05:38:20.045529+00:00,190390001064A,16.12,Aceptable,18.18,Bueno,interpolacion_delaunay,0,2719,125,702,154
2026-10-09T05:38:20.045529+00:00,1903900010654,15.36,Aceptable,17.35,Bueno,interpolacion_delaunay,0,2609,119,783,144
2026-10-09T05:38:20.045529+00:00,1903900010705,9.18,Bueno,10.31,Bueno,interpolacion_delaunay,0,1996,93,661,76
2026-10-09T05:38:20.045529+00:00,1903900010739,17.37,Aceptable,19.57,Bueno,interpolacion_delaunay,0,1701,60,561,127
2026-10-09T05:38:20.045529+00:00,1903900010743,17.1,Aceptable,19.28,Bueno,interpolacion_delaunay,0,1991,112,552,108
2026-10-09T05:38:20.045529+00:00,1903900010758,16.87,Aceptable,19.02,Bueno,interpolacion_delaunay,0,1207,67,324,54
2026-10-09T05:38:20.045529+00:00,1903900010796,14.78,Bueno,17.19,Bueno,interpolacion_delaunay,0,0,0,0,0
2026-10-09T05:38:20.045529+00:00,1903900010828,13.83,Bueno,16.32,Bueno,interpolacion_delaunay,0,1085,46,363,57
2026-10-09T05:38:20.045529+00:00,1903900010866,14.56,Bueno,16.51,Bueno,interpolacion_delaunay,0,1678,49,570,85
2026-10-09T05:38:20.045529+00:00,1903900010870,17.43,Aceptable,20.15,Bueno,interpolacion_delaunay,0,3879,268,842,254
2026-10-09T05:38:20.045529+00:00,1903900010885,17.8,Aceptable,20.5,Bueno,interpolacion_delaunay,0,1668,63,493,70
2026-10-09T05:38:20.045529+00:00,1903900010940,17.55,Aceptable,20.01,Bueno,interpolacion_delaunay,0,3419,259,605,213
2026-10-09T05:38:20.045529+00:00,1903900011046,14.16,Bueno,16.96,Bueno,interpolacion_delaunay,0,1800,151,355,99
2026-10-09T05:38:20.045529+00:00,1903900011135,17.64,Aceptable,19.68,Bueno,interpolacion_delaunay,0,1752,62,519,67
2026-10-09T05:38:20.045529+00:00,190390001114A,17.6,Aceptable,20.6,Bueno,promedio_sensores,1,1380,53,428,34
2026-10-09T05:38:20.045529+00:00,1903900011154,16.74,Aceptable,19.11,Bueno,interpolacion_delaunay,0,1623,62,444,64
2026-10-09T05:38:20.045529+00:00,1903900011169,16.6,Aceptable,18.75,Bueno,promedio_sensores,2,2880,73,732,160
2026-10-09T05:38:20.045529+00:00,1903900011192,15.11,Aceptable,16.37,Bueno,interpolacion_delaunay,0,2657,175,674,141
2026-10-09T05:38:20.045529+00:00,1903900011205,15.92,Aceptable,17.24,Bueno,interpolacion_delaunay,0,122,13,22,0
2026-10-09T05:38:20.045529+00:00,1903900011243,11.52,Bueno,13.27,Bueno,interpolacion_delaunay,0,475,45,76,44
2026-10-09T05:38:20.045529+00:00,1903900011258,12.82,Bueno,14.95,Bueno,interpolacion_delaunay,0,1048,106,166,35
2026-10-09T05:38:20.045529+00:00,1903900011262,16.54,Aceptable,19.46,Bueno,interpolacion_delaunay,0,1756,114,447,140
2026-10-09T05:38:20.045529+00:00,1903900011277,14.52,Bueno,17.2,Bueno,interpolacion_delaunay,0,2024,136,529,164
2026-10-09T05:38:20.045529+00:00,1903900011309,16.0,Aceptable,19.3,Bueno,promedio_sensores,1,1761,123,433,90
2026-10-09T05:38:20.045529+00:00,1903900011351,11.91,Bueno,13.78,Bueno,interpolacion_delaunay,0,2734,167,651,175
2026-10-09T05:38:20.045529+00:00,1903900011366,11.86,Bueno,13.72,Bueno,interpolacion_delaunay,0,0,0,0,0
2026-10-09T05:38:20.045529+00:00,1903900011421,15.9,Aceptable,17.1,Bueno,promedio_sensores,1,3327,204,738,54
2026-10-09T05:38:20.045529+00:00,1903900011436,16.75,Aceptable,18.74,Bueno,interpolacion_delaunay,0,1869,83,431,69
2026-10-09T05:38:20.045529+00:00,1903900011440,17.37,Aceptable,19.68,Bueno,interpolacion_delaunay,0,1644,76,453,82
2026-10-09T05:38:20.045529+00:00,1903900011455,19.43,Aceptable,22.67,Bueno,interpolacion_delaunay,0,1330,38,379,65
2026-10-09T05:38:20.045529+00:00,1903900011578,13.75,Bueno,14.75,Bueno,interpolacion_delaunay,0,1668,78,469,55
2026-10-09T05:38:20.045529+00:00,1903900011582,15.7,Aceptable,17.0,Bueno,promedio_sensores,1,1943,98,485,98
2026-10-09T05:38:20.045529+00:00,190390001160A,14.87,Bueno,16.57,Bueno,interpolacion_delaunay,0,1878,106,479,110
2026-10-09T05:38:20.045529+00:00,1903900011614,15.25,Aceptable,16.98,Bueno,interpolacion_delaunay,0,2516,127,727,95
2026-10-09T05:38:20.045529+00:00,1903900011633,18.09,Aceptable,21.16,Bueno,interpolacion_delaunay,0,810,34,225,59
2026-10-09T05:38:20.045529+00:00,1903900011703,10.88,Bueno,11.6,Bueno,interpolacion_delaunay,0,3184,63,372,52
2026-10-09T05:38:20.045529+00:00,1903900011722,12.74,Bueno,13.74,Bueno,interpolacion_delaunay,0,511,20,136,16
2026-10-09T05:38:20.045529+00:00,1903900011737,10.8,Bueno,11.7,Bueno,interpolacion_delaunay,0,377,25,76,21
2026-10-09T05:38:20.045529+00:00,1903900011741,12.76,Bueno,13.55,Bueno,interpolacion_delaunay,0,179,8,28,10
2026-10-09T05:38:20.045529+00:00,1903900011756,13.05,Bueno,13.83,Bueno,interpolacion_delaunay,0,191,3,61,18
2026-10-09T05:38:20.045529+00:00,1903900011794,14.69,Bueno,15.91,Bueno,interpolacion_delaunay,0,2555,160,623,167
2026-10-09T05:38:20.045529+00:00,1903900011845,6.3,Bueno,6.6,Bueno,promedio_sensores,1,2750,133,527,66
2026-10-09T05:38:20.045529+00:00,190390001185A,12.16,Bueno,13.08,Bueno,interpolacion_delaunay,0,2718,189,497,75
2026-10-09T05:38:20.045529+00:00,1903900011879,13.59,Bueno,14.63,Bueno,interpolacion_delaunay,0,2302,190,467,160
2026-10-09T05:38:20.045529+00:00,1903900011883,14.07,Bueno,15.12,Bueno,interpolacion_delaunay,0,2653,217,567,162
2026-10-09T05:38:20.045529+00:00,1903900011898,15.03,Aceptable,16.18,Bueno,interpolacion_delaunay,0,2466,163,572,128
2026-10-09T05:38:20.045529+00:00,1903900011900,14.56,Bueno,15.57,Bueno,interpolacion_delaunay,0,1274,99,333,108
2026-10-09T05:38:20.045529+00:00,1903900012167,25.46,Aceptable,31.81,Bueno,interpolacion_delaunay,0,2883,124,813,123
2026-10-09T05:38:20.045529+00:00,1903900012190,15.59,Aceptable,18.76,Bueno,interpolacion_delaunay,0,1182,41,455,89
2026-10-09T05:38:20.045529+00:00,1903900012218,8.08,Bueno,8.57,Bueno,interpolacion_delaunay,0,1788,87,512,71
2026-10-09T05:38:20.045529+00:00,1903900012241,11.17,Bueno,11.59,Bueno,interpolacion_delaunay,0,1136,46,404,79
2026-10-09T05:38:20.045529+00:00,1903900012275,11.8,Bueno,12.71,Bueno,interpolacion_delaunay,0,3740,200,896,144
2026-10-09T05:38:20.045529+00:00,1903900012472,10.4,Bueno,10.9,Bueno,promedio_sensores,1,4662,342,773,243
2026-10-09T05:38:20.045529+00:00,190390001267A,6.41,Bueno,7.37,Bueno,interpolacion_delaunay,0,3909,249,1025,191
2026-10-09T05:38:20.045529+00:00,1903900012684,6.0,Bueno,6.77,Bueno,interpolacion_delaunay,0,2186,73,687,43
2026-10-09T05:38:20.045529+00:00,1903900012720,14.1,Bueno,15.5,Bueno,promedio_sensores,1,970,52,170,37
2026-10-09T05:38:20.045529+00:00,190390001274A,12.56,Bueno,13.78,Bueno,interpolacion_delaunay,0,10,0,0,0
2026-10-09T05:38:20.045529+00:00,1903900012754,14.73,Bueno,16.1,Bueno,interpolacion_delaunay,0,3205,214,714,184
2026-10-09T05:38:20.045529+00:00,1903900012788,13.5,Bueno,14.37,Bueno,interpolacion_delaunay,0,0,0,0,0
2026-10-09T05:38:20.045529+00:00,190390001281A,5.4,Bueno,7.0,Bueno,promedio_sensores,1,327,0,0,0
2026-10-09T05:38:20.045529+00:00,1903900012877,2.03,Bueno,2.52,Bueno,interpolacion_delaunay,0,0,0,0,0
2026-10-09T05:38:20.045529+00:00,1903900013451,12.35,Bueno,14.03,Bueno,interpolacion_delaunay,0,4308,421,672,304
2026-10-09T05:38:20.045529+00:00,1903900013555,6.46,Bueno,7.37,Bueno,interpolacion_delaunay,0,4663,290,902,166
2026-10-09T05:38:20.045529+00:00,1903900013593,15.27,Aceptable,17.31,Bueno,interpolacion_delaunay,0,2322,237,355,231
2026-10-09T05:38:20.045529+00:00,1903900013606,15.89,Aceptable,17.6,Bueno,interpolacion_delaunay,0,2907,266,482,206
2026-10-09T05:38:20.045529+00:00,1903900013610,12.3,Bueno,13.99,Bueno,interpolacion_delaunay,0,2513,260,368,178
2026-10-09T05:38:20.045529+00:00,1903900013659,12.58,Bueno,13.42,Bueno,interpolacion_delaunay,0,1885,176,371,95
2026-10-09T05:38:20.045529+00:00,190390001406A,11.49,Bueno,13.1,Bueno,interpolacion_delaunay,0,4196,447,516,257
2026-10-09T05:38:20.045529+00:00,1903900014093,13.39,Bueno,15.16,Bueno,interpolacion_delaunay,0,3096,303,444,145
2026-10-09T05:38:20.045529+00:00,1903900014144,19.16,Aceptable,23.68,Bueno,interpolacion_delaunay,0,883,38,360,125
2026-10-09T05:38:20.045529+00:00,1903900014159,1.6,Bueno,2.3,Bueno,promedio_sensores,1,620,20,142,55
2026-10-09T05:38:20.045529+00:00,1903900014500,13.65,Bueno,15.45,Bueno,interpolacion_delaunay,0,3056,353,283,111
2026-10-09T05:38:20.045529+00:00,1903900014515,14.45,Bueno,16.32,Bueno,interpolacion_delaunay,0,3391,252,688,180
2026-10-09T05:38:20.045529+00:00,1903900014549,13.62,Bueno,15.41,Bueno,interpolacion_delaunay,0,4319,365,785,218
2026-10-09T05:38:20.045529+00:00,1903900014553,13.26,Bueno,15.02,Bueno,interpolacion_delaunay,0,3885,315,748,307
2026-10-09T05:38:20.045529+00:00,1903900014619,1.35,Bueno,1.72,Bueno,interpolacion_delaunay,0,2679,137,355,34
2026-10-09T05:38:20.045529+00:00,1903900014623,13.4,Bueno,14.5,Bueno,promedio_sensores,1,1853,99,476,133
2026-10-09T05:38:20.045529+00:00,1903900014731,16.18,Aceptable,17.89,Bueno,interpolacion_delaunay,0,2772,164,687,112
2026-10-09T05:38:20.045529+00:00,1903900014905,12.37,Bueno,13.3,Bueno,interpolacion_delaunay,0,2280,182,284,44
2026-10-09T05:38:20.045529+00:00,190390001491A,6.37,Bueno,7.11,Bueno,interpolacion_delaunay,0,897,47,73,0
2026-10-09T05:38:20.045529+00:00,1903900014924,18.2,Aceptable,18.6,Bueno,promedio_sensores,1,2425,136,485,38
2026-10-09T05:38:20.045529+00:00,1903900014939,17.73,Aceptable,18.99,Bueno,interpolacion_delaunay,0,1974,92,485,50
2026-10-09T05:38:20.045529+00:00,1903900015142,8.64,Bueno,8.89,Bueno,interpolacion_delaunay,0,2839,330,193,45
2026-10-09T05:38:20.045529+00:00,1903900011385,12.78,Bueno,14.54,Bueno,interpolacion_delaunay,0,1585,87,442,107
2026-10-09T05:38:20.045529+00:00,1903900012805,9.1,Bueno,10.02,Bueno,interpolacion_delaunay,0,3258,186,362,30
2026-10-09T05:38:20.045529+00:00,1903900011826,12.83,Bueno,13.56,Bueno,interpolacion_delaunay,0,1966,181,300,39
2026-10-09T05:38:20.045529+00:00,1903900012468,9.55,Bueno,10.75,Bueno,interpolacion_delaunay,0,3979,370,451,75
2026-10-09T05:38:20.045529+00:00,1903900012133,13.99,Bueno,14.93,Bueno,interpolacion_delaunay,0,3643,409,514,130
2026-10-09T05:38:20.045529+00:00,1903900014182,20.35,Aceptable,23.99,Bueno,interpolacion_delaunay,0,2164,180,491,80
2026-10-09T05:38:20.045529+00:00,1903900012152,25.67,Aceptable,31.94,Bueno,interpolacion_delaunay,0,2360,140,519,93
2026-10-09T05:38:20.045529+00:00,1903900012082,25.97,Aceptable,31.95,Bueno,interpolacion_delaunay,0,2402,95,700,143
2026-10-09T05:38:20.045529+00:00,1903900013663,23.14,Aceptable,28.4,Bueno,interpolacion_delaunay,0,4832,422,675,278
2026-10-09T05:38:20.045529+00:00,1903900013714,9.9,Bueno,10.07,Bueno,interpolacion_delaunay,0,4743,468,751,239
2026-10-09T05:38:20.045529+00:00,1903900012858,8.53,Bueno,9.14,Bueno,interpolacion_delaunay,0,0,0,0,0
2026-10-09T05:38:20.045529+00:00,1903900012839,4.95,Bueno,6.02,Bueno,interpolacion_delaunay,0,426,30,39,0
2026-10-09T05:38:20.045529+00:00,1903900012843,11.7,Bueno,12.4,Bueno,promedio_sensores,1,3288,154,618,59
2026-10-09T05:38:20.045529+00:00,1903900012862,3.4,Bueno,4.24,Bueno,interpolacion_delaunay,0,0,0,0,0
2026-10-09T05:38:20.045529+00:00,1903900013733,7.31,Bueno,7.41,Bueno,interpolacion_delaunay,0,1895,90,465,59
2026-10-09T05:38:20.045529+00:00,1903900012294,12.12,Bueno,13.04,Bueno,interpolacion_delaunay,0,3104,120,1010,138
2026-10-09T05:38:20.045529+00:00,190390001228A,12.23,Bueno,13.06,Bueno,interpolacion_delaunay,0,2430,94,799,56
2026-10-09T05:38:20.045529+00:00,1903900010423,12.79,Bueno,14.52,Bueno,interpolacion_delaunay,0,3542,305,682,134
2026-10-09T05:38:20.045529+00:00,1903900010334,12.19,Bueno,13.86,Bueno,interpolacion_delaunay,0,878,76,200,70
2026-10-09T05:38:20.045529+00:00,1903900010071,11.66,Bueno,13.29,Bueno,interpolacion_delaunay,0,2520,129,682,146
2026-10-09T05:38:20.045529+00:00,1903900014869,2.52,Bueno,2.83,Bueno,interpolacion_delaunay,0,4404,353,307,53
2026-10-09T05:38:20.045529+00:00,1903900013748,6.06,Bueno,6.3,Bueno,interpolacion_delaunay,0,3552,225,627,97
2026-10-09T05:38:20.045529+00:00,1903900011050,12.2,Bueno,14.41,Bueno,interpolacion_delaunay,0,1589,135,342,104
2026-10-09T05:38:20.045529+00:00,1903900011116,10.95,Bueno,12.71,Bueno,interpolacion_delaunay,0,0,0,0,0
2026-10-09T05:38:20.045529+00:00,1903900010809,14.16,Bueno,16.58,Bueno,interpolacion_delaunay,0,59,3,14,3
2026-10-09T05:38:20.045529+00:00,1903900010989,15.71,Aceptable,18.49,Bueno,interpolacion_delaunay,0,6061,564,591,133
2026-10-09T05:38:20.045529+00:00,1903900010851,11.61,Bueno,13.68,Bueno,interpolacion_delaunay,0,1601,105,413,68
2026-10-09T05:38:20.045529+00:00,1903900013413,7.04,Bueno,8.13,Bueno,interpolacion_delaunay,0,7251,522,1316,316
2026-10-09T05:38:20.045529+00:00,1903900010033,7.23,Bueno,8.31,Bueno,interpolacion_delaunay,0,3321,285,588,124
2026-10-09T05:38:20.045529+00:00,1903900010137,6.69,Bueno,7.62,Bueno,interpolacion_delaunay,0,4478,279,1202,320
2026-10-09T05:38:20.045529+00:00,1903900010141,11.81,Bueno,13.45,Bueno,interpolacion_delaunay,0,4273,225,965,185
2026-10-09T05:38:20.045529+00:00,1903900010762,16.35,Aceptable,18.63,Bueno,interpolacion_delaunay,0,1600,114,337,68
2026-10-09T05:38:20.045529+00:00,1903900014106,14.14,Bueno,15.98,Bueno,interpolacion_delaunay,0,4189,248,1019,177
2026-10-09T05:38:20.045529+00:00,1903900014110,15.2,Aceptable,17.13,Bueno,interpolacion_delaunay,0,2699,161,643,225
2026-10-09T05:38:20.045529+00:00,1903900010921,17.38,Aceptable,19.72,Bueno,interpolacion_delaunay,0,2388,213,393,106
2026-10-09T05:38:20.045529+00:00,1903900010669,16.48,Aceptable,18.61,Bueno,interpolacion_delaunay,0,2152,159,463,119
2026-10-09T05:38:20.045529+00:00,1903900010067,11.24,Bueno,12.83,Bueno,interpolacion_delaunay,0,2799,155,819,158
2026-10-09T05:38:20.045529+00:00,1903900010688,14.72,Bueno,16.87,Bueno,interpolacion_delaunay,0,2838,195,394,149
2026-10-09T05:38:20.045529+00:00,1903900010584,13.92,Bueno,15.8,Bueno,interpolacion_delaunay,0,3226,273,587,141
2026-10-09T05:38:20.045529+00:00,1903900011417,16.74,Aceptable,17.6,Bueno,interpolacion_delaunay,0,3077,152,970,79
2026-10-09T05:38:20.045529+00:00,1903900013837,16.19,Aceptable,17.0,Bueno,interpolacion_delaunay,0,3561,193,908,77
2026-10-09T05:38:20.045529+00:00,1903900013930,10.1,Bueno,11.6,Bueno,interpolacion_delaunay,0,1431,202,111,73
2026-10-09T05:38:20.045529+00:00,1903900014055,10.98,Bueno,12.55,Bueno,interpolacion_delaunay,0,4222,525,372,136
2026-10-09T05:38:20.045529+00:00,190390001420A,17.47,Aceptable,20.34,Bueno,interpolacion_delaunay,0,3029,320,382,97
2026-10-09T05:38:20.045529+00:00,1903900014197,19.43,Aceptable,22.94,Bueno,interpolacion_delaunay,0,2456,248,321,138
2026-10-09T05:38:20.045529+00:00,1903900010974,16.16,Aceptable,18.8,Bueno,interpolacion_delaunay,0,781,39,192,50
2026-10-09T05:38:20.045529+00:00,1903900011084,10.97,Bueno,12.73,Bueno,interpolacion_delaunay,0,1782,162,338,82
2026-10-09T05:38:20.045529+00:00,1903900010847,13.34,Bueno,15.91,Bueno,interpolacion_delaunay,0,1023,82,199,53
2026-10-09T05:38:20.045529+00:00,1903900010993,14.88,Bueno,17.76,Bueno,interpolacion_delaunay,0,1086,95,211,53
2026-10-09T05:38:20.045529+00:00,1903900010372,14.44,Bueno,16.3,Bueno,interpolacion_delaunay,0,2524,139,785,102
2026-10-09T05:38:20.045529+00:00,1903900011031,13.29,Bueno,15.89,Bueno,interpolacion_delaunay,0,1190,84,257,58
2026-10-09T05:38:20.045529+00:00,1903900010902,17.8,Aceptable,20.17,Bueno,interpolacion_delaunay,0,3066,119,898,183
2026-10-09T05:38:20.045529+00:00,1903900010777,15.89,Aceptable,18.24,Bueno,interpolacion_delaunay,0,1329,106,264,76
2026-10-09T05:38:20.045529+00:00,1903900010781,15.59,Aceptable,18.01,Bueno,interpolacion_delaunay,0,242,8,54,15
2026-10-09T05:38:20.045529+00:00,1903900014572,16.1,Aceptable,19.27,Bueno,interpolacion_delaunay,0,1442,81,389,93
2026-10-09T05:38:20.045529+00:00,1903900014676,16.12,Aceptable,18.16,Bueno,interpolacion_delaunay,0,2120,102,506,104
2026-10-09T05:38:20.045529+00:00,190390001025A,13.44,Bueno,15.22,Bueno,interpolacion_delaunay,0,3942,258,986,278
2026-10-09T05:38:20.045529+00:00,1903900010495,15.38,Aceptable,17.34,Bueno,interpolacion_delaunay,0,1812,109,420,98
2026-10-09T05:38:20.045529+00:00,1903900010917,18.1,Aceptable,20.4,Bueno,promedio_sensores,1,2843,155,698,133
2026-10-09T05:38:20.045529+00:00,1903900010955,16.67,Aceptable,19.13,Bueno,interpolacion_delaunay,0,288,25,64,22
2026-10-09T05:38:20.045529+00:00,1903900013697,12.11,Bueno,12.34,Bueno,interpolacion_delaunay,0,1977,183,341,77
2026-10-09T05:38:20.045529+00:00,1903900013860,10.98,Bueno,12.54,Bueno,interpolacion_delaunay,0,3174,344,383,184
2026-10-09T05:38:20.045529+00:00,1903900015439,7.35,Bueno,8.33,Bueno,interpolacion_delaunay,0,627,97,12,5
2026-10-09T05:38:20.045529+00:00,1903900011027,14.93,Bueno,17.94,Bueno,interpolacion_delaunay,0,509,36,115,25
2026-10-09T05:38:20.045529+00:00,1903900013998,8.45,Bueno,9.85,Bueno,interpolacion_delaunay,0,5766,706,558,248
2026-10-09T05:38:20.045529+00:00,190390001477A,14.36,Bueno,15.02,Bueno,interpolacion_delaunay,0,550,33,68,4
2026-10-09T05:38:20.045529+00:00,1903900014002,8.9,Bueno,10.29,Bueno,interpolacion_delaunay,0,5494,669,668,240
2026-10-09T05:38:20.045529+00:00,1903900014873,1.25,Bueno,1.42,Bueno,interpolacion_delaunay,0,2383,154,261,52
2026-10-09T05:38:20.045529+00:00,1903900011008,15.87,Aceptable,18.91,Bueno,interpolacion_delaunay,0,1877,145,377,135
2026-10-09T05:38:20.045529+00:00,1903900011313,15.05,Aceptable,18.06,Bueno,interpolacion_delaunay,0,5055,336,882,185
2026-10-09T05:38:20.045529+00:00,190390001139A,12.05,Bueno,13.85,Bueno,interpolacion_delaunay,0,1079,59,290,49
2026-10-09T05:38:20.045529+00:00,1903900011402,12.53,Bueno,14.41,Bueno,interpolacion_delaunay,0,681,31,196,23
2026-10-09T05:38:20.045529+00:00,1903900012519,8.18,Bueno,9.6,Bueno,interpolacion_delaunay,0,5642,661,498,241
2026-10-09T05:38:20.045529+00:00,1903900013822,16.23,Aceptable,16.77,Bueno,interpolacion_delaunay,0,6050,361,890,140
2026-10-09T05:38:20.045529+00:00,1903900013964,14.45,Bueno,14.91,Bueno,interpolacion_delaunay,0,728,55,70,19
2026-10-09T05:38:20.045529+00:00,1903900014125,15.74,Aceptable,17.72,Bueno,interpolacion_delaunay,0,1881,174,361,63
2026-10-09T05:38:20.045529+00:00,190390001452A,10.79,Bueno,12.58,Bueno,interpolacion_delaunay,0,2471,240,363,186
2026-10-09T05:38:20.045529+00:00,190390001413A,16.1,Aceptable,18.13,Bueno,interpolacion_delaunay,0,2082,180,339,126
2026-10-09T05:38:20.045529+00:00,1903900010461,16.0,Aceptable,18.0,Bueno,promedio_sensores,1,3422,173,1112,139
2026-10-09T05:38:20.045529+00:00,1903900014534,11.67,Bueno,13.41,Bueno,interpolacion_delaunay,0,1267,111,229,29
2026-10-09T05:38:20.045529+00:00,1903900013767,4.89,Bueno,5.26,Bueno,interpolacion_delaunay,0,2308,117,605,127
2026-10-09T05:38:20.045529+00:00,1903900012345,4.24,Bueno,4.29,Bueno,interpolacion_delaunay,0,2632,98,737,80
2026-10-09T05:38:20.045529+00:00,1903900012364,0.0,Bueno,0.0,Bueno,promedio_sensores,1,2327,116,787,61
2026-10-09T05:38:20.045529+00:00,1903900011629,30.2,Aceptable,37.5,Bueno,promedio_sensores,1,2881,196,402,58
2026-10-09T05:38:20.045529+00:00,1903900013396,10.48,Bueno,12.01,Bueno,interpolacion_delaunay,0,4014,389,664,275
2026-10-09T05:38:20.045529+00:00,1903900010245,6.92,Bueno,8.07,Bueno,interpolacion_delaunay,0,2709,131,764,208
2026-10-09T05:38:20.045529+00:00,1903900015284,7.6,Bueno,8.38,Bueno,interpolacion_delaunay,0,513,29,60,13
2026-10-09T05:38:20.045529+00:00,1903900010118,10.98,Bueno,12.54,Bueno,interpolacion_delaunay,0,4580,383,955,302
2026-10-09T05:38:20.045529+00:00,1903900010052,10.14,Bueno,11.63,Bueno,interpolacion_delaunay,0,3869,304,717,323
2026-10-09T05:38:20.045529+00:00,1903900015123,9.36,Bueno,10.79,Bueno,interpolacion_delaunay,0,68,3,4,3
2026-10-09T05:38:20.045529+00:00,1903900014036,9.95,Bueno,11.42,Bueno,interpolacion_delaunay,0,4679,569,514,263
2026-10-09T05:38:20.045529+00:00,1903900010508,14.55,Bueno,16.42,Bueno,interpolacion_delaunay,0,3451,202,579,150
2026-10-09T05:38:20.045529+00:00,1903900010527,14.47,Bueno,16.35,Bueno,interpolacion_delaunay,0,1779,95,454,127
2026-10-09T05:38:20.045529+00:00,1903900013729,8.71,Bueno,9.07,Bueno,interpolacion_delaunay,0,3410,392,357,136
2026-10-09T05:38:20.045529+00:00,190390001370A,10.95,Bueno,11.3,Bueno,interpolacion_delaunay,0,4006,357,563,228
2026-10-09T05:38:20.045529+00:00,1904600010362,10.19,Bueno,11.84,Bueno,interpolacion_delaunay,0,5505,271,1291,301
2026-10-09T05:38:20.045529+00:00,1904600011483,7.99,Bueno,9.79,Bueno,interpolacion_delaunay,0,2026,111,597,94
2026-10-09T05:38:20.045529+00:00,1904600011638,9.5,Bueno,11.06,Bueno,interpolacion_delaunay,0,4053,248,498,114
2026-10-09T05:38:20.045529+00:00,1904600010998,9.94,Bueno,11.82,Bueno,interpolacion_delaunay,0,5855,449,1099,257
2026-10-09T05:38:20.045529+00:00,1904600011676,12.69,Bueno,15.0,Bueno,interpolacion_delaunay,0,362,30,69,27
2026-10-09T05:38:20.045529+00:00,1904600010216,12.5,Bueno,14.2,Bueno,promedio_sensores,1,2042,50,546,50
2026-10-09T05:38:20.045529+00:00,1904600010536,11.55,Bueno,13.88,Bueno,interpolacion_delaunay,0,4997,504,603,104
2026-10-09T05:38:20.045529+00:00,1904600011708,10.83,Bueno,12.74,Bueno,interpolacion_delaunay,0,1763,89,284,44
2026-10-09T05:38:20.045529+00:00,190460001070A,11.32,Bueno,13.66,Bueno,interpolacion_delaunay,0,1273,69,137,48
2026-10-09T05:38:20.045529+00:00,1904600011375,9.71,Bueno,11.33,Bueno,interpolacion_delaunay,0,5964,475,946,326
2026-10-09T05:38:20.045529+00:00,1904600011286,10.21,Bueno,11.87,Bueno,interpolacion_delaunay,0,2603,117,839,196
2026-10-09T05:38:20.045529+00:00,1904600011623,9.56,Bueno,11.18,Bueno,interpolacion_delaunay,0,4225,248,423,136
2026-10-09T05:38:20.045529+00:00,1904600010786,10.25,Bueno,12.03,Bueno,interpolacion_delaunay,0,4690,309,1009,269
2026-10-09T05:38:20.045529+00:00,190460001024A,10.65,Bueno,12.48,Bueno,interpolacion_delaunay,0,2748,75,850,176
2026-10-09T05:38:20.045529+00:00,1904600010875,9.76,Bueno,11.74,Bueno,interpolacion_delaunay,0,3785,202,993,129
2026-10-09T05:38:20.045529+00:00,1904600010324,9.95,Bueno,11.57,Bueno,interpolacion_delaunay,0,2214,97,651,92
2026-10-09T05:38:20.045529+00:00,1904600011233,9.22,Bueno,10.75,Bueno,interpolacion_delaunay,0,3010,241,577,204
2026-10-09T05:38:20.045529+00:00,1904600010131,10.54,Bueno,12.45,Bueno,interpolacion_delaunay,0,4113,160,1393,177
2026-10-09T05:38:20.045529+00:00,1904600010184,10.79,Bueno,12.53,Bueno,interpolacion_delaunay,0,3438,93,1132,126
2026-10-09T05:38:20.045529+00:00,1904600010235,10.95,Bueno,12.67,Bueno,interpolacion_delaunay,0,2765,104,711,111
2026-10-09T05:38:20.045529+00:00,1904600010466,11.52,Bueno,13.65,Bueno,interpolacion_delaunay,0,2212,113,500,58
2026-10-09T05:38:20.045529+00:00,190460001049A,11.92,Bueno,13.84,Bueno,interpolacion_delaunay,0,2827,123,674,44
2026-10-09T05:38:20.045529+00:00,1904600011407,11.45,Bueno,13.77,Bueno,interpolacion_delaunay,0,3464,317,610,173
2026-10-09T05:38:20.045529+00:00,1904600011642,9.48,Bueno,11.0,Bueno,interpolacion_delaunay,0,2601,116,623,113
2026-10-09T05:38:20.045529+00:00,1904600011731,10.1,Bueno,12.19,Bueno,interpolacion_delaunay,0,3017,207,561,120
2026-10-09T05:38:20.045529+00:00,1904600010108,8.36,Bueno,10.04,Bueno,interpolacion_delaunay,0,2483,125,582,112
2026-10-09T05:38:20.045529+00:00,1904600010127,9.17,Bueno,10.94,Bueno,interpolacion_delaunay,0,4270,186,1281,297
2026-10-09T05:38:20.045529+00:00,1904600010292,12.41,Bueno,14.52,Bueno,interpolacion_delaunay,0,0,0,0,0
2026-10-09T05:38:20.045529+00:00,1904600010714,9.01,Bueno,10.51,Bueno,interpolacion_delaunay,0,3666,266,947,309
2026-10-09T05:38:20.045529+00:00,1904600010860,11.08,Bueno,13.37,Bueno,interpolacion_delaunay,0,3290,227,721,158
2026-10-09T05:38:20.045529+00:00,1904600011002,10.73,Bueno,12.79,Bueno,interpolacion_delaunay,0,3262,289,695,194
2026-10-09T05:38:20.045529+00:00,190460001120A,8.95,Bueno,10.45,Bueno,interpolacion_delaunay,0,3141,265,631,179
2026-10-09T05:38:20.045529+00:00,1904600011341,11.21,Bueno,13.34,Bueno,interpolacion_delaunay,0,3608,289,555,127
2026-10-09T05:38:20.045529+00:00,1904600011426,9.56,Bueno,11.37,Bueno,interpolacion_delaunay,0,3335,302,691,164
2026-10-09T05:38:20.045529+00:00,190460001177A,11.27,Bueno,13.34,Bueno,interpolacion_delaunay,0,2611,224,320,95
2026-10-09T05:38:20.045529+00:00,1904600010042,8.65,Bueno,10.58,Bueno,interpolacion_delaunay,0,1646,90,422,69
2026-10-09T05:38:20.045529+00:00,1904600010057,8.4,Bueno,10.2,Bueno,interpolacion_delaunay,0,1216,61,388,100
2026-10-09T05:38:20.045529+00:00,1904600010076,9.74,Bueno,11.69,Bueno,interpolacion_delaunay,0,3762,199,1053,215
2026-10-09T05:38:20.045529+00:00,1904600010095,8.36,Bueno,10.1,Bueno,interpolacion_delaunay,0,1199,53,337,85
2026-10-09T05:38:20.045529+00:00,1904600010146,8.86,Bueno,10.49,Bueno,interpolacion_delaunay,0,2987,160,749,104
2026-10-09T05:38:20.045529+00:00,190460001017A,8.69,Bueno,10.32,Bueno,interpolacion_delaunay,0,4101,180,1201,211
2026-10-09T05:38:20.045529+00:00,1904600010201,8.35,Bueno,9.75,Bueno,interpolacion_delaunay,0,3988,173,1242,253
2026-10-09T05:38:20.045529+00:00,1904600010220,12.43,Bueno,14.27,Bueno,interpolacion_delaunay,0,1869,61,495,59
2026-10-09T05:38:20.045529+00:00,190460001031A,9.76,Bueno,11.36,Bueno,interpolacion_delaunay,0,2149,134,353,62
2026-10-09T05:38:20.045529+00:00,1904600010343,9.51,Bueno,11.08,Bueno,interpolacion_delaunay,0,5532,394,1335,345
2026-10-09T05:38:20.045529+00:00,1904600010381,10.54,Bueno,12.24,Bueno,interpolacion_delaunay,0,3251,164,847,172
2026-10-09T05:38:20.045529+00:00,1904600010413,11.1,Bueno,13.46,Bueno,interpolacion_delaunay,0,4002,238,499,120
2026-10-09T05:38:20.045529+00:00,1904600010485,11.92,Bueno,13.7,Bueno,interpolacion_delaunay,0,3150,144,1004,109
2026-10-09T05:38:20.045529+00:00,1904600010540,8.8,Bueno,10.43,Bueno,interpolacion_delaunay,0,4952,283,1289,225
2026-10-09T05:38:20.045529+00:00,1904600010555,11.53,Bueno,13.83,Bueno,interpolacion_delaunay,0,0,0,0,0
2026-10-09T05:38:20.045529+00:00,1904600010593,8.76,Bueno,10.33,Bueno,interpolacion_delaunay,0,5785,417,488,81
2026-10-09T05:38:20.045529+00:00,1904600010610,11.45,Bueno,13.91,Bueno,interpolacion_delaunay,0,4819,442,219,35
2026-10-09T05:38:20.045529+00:00,1904600010625,10.2,Bueno,12.1,Bueno,interpolacion_delaunay,0,684,56,110,22
2026-10-09T05:38:20.045529+00:00,1904600010659,8.56,Bueno,10.04,Bueno,interpolacion_delaunay,0,0,0,0,0
2026-10-09T05:38:20.045529+00:00,1904600010729,8.96,Bueno,10.46,Bueno,interpolacion_delaunay,0,0,0,0,0
2026-10-09T05:38:20.045529+00:00,1904600010752,9.62,Bueno,11.2,Bueno,interpolacion_delaunay,0,2043,121,429,51
2026-10-09T05:38:20.045529+00:00,1904600010790,11.01,Bueno,12.99,Bueno,interpolacion_delaunay,0,0,0,0,0
2026-10-09T05:38:20.045529+00:00,1904600010822,11.42,Bueno,13.79,Bueno,interpolacion_delaunay,0,1808,142,329,116
2026-10-09T05:38:20.045529+00:00,1904600010841,10.92,Bueno,13.19,Bueno,interpolacion_delaunay,0,2675,196,623,119
2026-10-09T05:38:20.045529+00:00,1904600010856,10.46,Bueno,12.61,Bueno,interpolacion_delaunay,0,5049,305,900,195
2026-10-09T05:38:20.045529+00:00,190460001088A,7.22,Bueno,8.72,Bueno,interpolacion_delaunay,0,4232,220,1219,162
2026-10-09T05:38:20.045529+00:00,1904600010894,7.36,Bueno,8.86,Bueno,interpolacion_delaunay,0,2806,182,550,130
2026-10-09T05:38:20.045529+00:00,1904600010907,10.36,Bueno,12.45,Bueno,interpolacion_delaunay,0,3550,247,722,168
2026-10-09T05:38:20.045529+00:00,1904600010930,10.05,Bueno,12.13,Bueno,interpolacion_delaunay,0,3021,143,721,82
2026-10-09T05:38:20.045529+00:00,1904600010945,9.75,Bueno,11.66,Bueno,interpolacion_delaunay,0,3597,162,944,129
2026-10-09T05:38:20.045529+00:00,190460001095A,10.3,Bueno,12.32,Bueno,interpolacion_delaunay,0,3265,234,654,254
2026-10-09T05:38:20.045529+00:00,1904600010979,7.93,Bueno,9.36,Bueno,interpolacion_delaunay,0,2747,114,869,151
2026-10-09T05:38:20.045529+00:00,1904600011017,9.99,Bueno,11.86,Bueno,interpolacion_delaunay,0,4599,402,752,199
2026-10-09T05:38:20.045529+00:00,1904600011021,7.86,Bueno,9.24,Bueno,interpolacion_delaunay,0,4072,223,1090,178
2026-10-09T05:38:20.045529+00:00,1904600011040,8.08,Bueno,9.47,Bueno,interpolacion_delaunay,0,3276,150,902,88
2026-10-09T05:38:20.045529+00:00,1904600011055,8.13,Bueno,9.52,Bueno,interpolacion_delaunay,0,7096,477,1425,285
2026-10-09T05:38:20.045529+00:00,190460001106A,10.02,Bueno,11.9,Bueno,interpolacion_delaunay,0,1152,61,261,64
2026-10-09T05:38:20.045529+00:00,1904600011074,8.51,Bueno,9.96,Bueno,interpolacion_delaunay,0,4901,241,744,96
2026-10-09T05:38:20.045529+00:00,1904600011089,8.4,Bueno,9.83,Bueno,interpolacion_delaunay,0,3306,318,659,199
2026-10-09T05:38:20.045529+00:00,1904600011093,10.15,Bueno,11.99,Bueno,interpolacion_delaunay,0,3302,217,861,180
2026-10-09T05:38:20.045529+00:00,1904600011106,11.39,Bueno,13.51,Bueno,interpolacion_delaunay,0,3881,243,712,89
2026-10-09T05:38:20.045529+00:00,1904600011110,11.42,Bueno,13.77,Bueno,interpolacion_delaunay,0,3018,178,738,133
2026-10-09T05:38:20.045529+00:00,1904600011125,8.68,Bueno,10.14,Bueno,interpolacion_delaunay,0,3318,323,549,240
2026-10-09T05:38:20.045529+00:00,190460001113A,8.76,Bueno,10.24,Bueno,interpolacion_delaunay,0,3513,294,662,255
2026-10-09T05:38:20.045529+00:00,1904600011144,8.86,Bueno,10.34,Bueno,interpolacion_delaunay,0,3223,294,460,148
2026-10-09T05:38:20.045529+00:00,1904600011159,8.92,Bueno,10.42,Bueno,interpolacion_delaunay,0,4682,317,917,254
2026-10-09T05:38:20.045529+00:00,1904600011163,9.25,Bueno,10.84,Bueno,interpolacion_delaunay,0,4463,291,849,173
2026-10-09T05:38:20.045529+00:00,1904600011178,10.06,Bueno,11.85,Bueno,interpolacion_delaunay,0,2288,137,771,142
2026-10-09T05:38:20.045529+00:00,1904600011182,9.73,Bueno,11.44,Bueno,interpolacion_delaunay,0,2567,158,877,192
2026-10-09T05:38:20.045529+00:00,1904600011197,9.5,Bueno,11.13,Bueno,interpolacion_delaunay,0,2285,129,707,149
2026-10-09T05:38:20.045529+00:00,1904600011214,9.17,Bueno,10.69,Bueno,interpolacion_delaunay,0,2395,153,608,159
2026-10-09T05:38:20.045529+00:00,1904600011229,9.43,Bueno,10.98,Bueno,interpolacion_delaunay,0,3808,341,729,252
2026-10-09T05:38:20.045529+00:00,1904600011248,9.14,Bueno,10.66,Bueno,interpolacion_delaunay,0,3448,233,731,165
2026-10-09T05:38:20.045529+00:00,1904600011252,9.83,Bueno,11.44,Bueno,interpolacion_delaunay,0,3638,249,902,255
2026-10-09T05:38:20.045529+00:00,1904600011271,10.05,Bueno,11.68,Bueno,interpolacion_delaunay,0,3393,200,1049,183
2026-10-09T05:38:20.045529+00:00,1904600011290,9.58,Bueno,11.43,Bueno,interpolacion_delaunay,0,3613,204,959,164
2026-10-09T05:38:20.045529+00:00,1904600011303,10.05,Bueno,12.01,Bueno,interpolacion_delaunay,0,4255,296,730,120
2026-10-09T05:38:20.045529+00:00,1904600011318,7.4,Bueno,8.7,Bueno,promedio_sensores,1,2617,117,712,78
2026-10-09T05:38:20.045529+00:00,1904600011322,7.62,Bueno,8.97,Bueno,interpolacion_delaunay,0,3209,131,1071,177
2026-10-09T05:38:20.045529+00:00,1904600011356,9.68,Bueno,11.41,Bueno,interpolacion_delaunay,0,5344,302,754,186
2026-10-09T05:38:20.045529+00:00,190460001138A,8.83,Bueno,10.57,Bueno,interpolacion_delaunay,0,2330,116,772,143
2026-10-09T05:38:20.045529+00:00,1904600011394,7.5,Bueno,8.92,Bueno,interpolacion_delaunay,0,2495,152,536,127
2026-10-09T05:38:20.045529+00:00,1904600011430,8.88,Bueno,10.5,Bueno,interpolacion_delaunay,0,4835,297,977,195
2026-10-09T05:38:20.045529+00:00,1904600011445,9.47,Bueno,11.03,Bueno,interpolacion_delaunay,0,2396,140,277,35
2026-10-09T05:38:20.045529+00:00,190460001145A,9.71,Bueno,11.3,Bueno,interpolacion_delaunay,0,4010,242,623,75
2026-10-09T05:38:20.045529+00:00,1904600011464,9.72,Bueno,11.94,Bueno,interpolacion_delaunay,0,3269,192,527,50
2026-10-09T05:38:20.045529+00:00,1904600011479,8.96,Bueno,11.05,Bueno,interpolacion_delaunay,0,2267,102,540,81
2026-10-09T05:38:20.045529+00:00,1904600011500,10.95,Bueno,13.17,Bueno,interpolacion_delaunay,0,4575,375,784,254
2026-10-09T05:38:20.045529+00:00,1904600011515,10.62,Bueno,12.75,Bueno,interpolacion_delaunay,0,1791,111,314,102
2026-10-09T05:38:20.045529+00:00,190460001152A,10.72,Bueno,12.84,Bueno,interpolacion_delaunay,0,3396,254,719,167
2026-10-09T05:38:20.045529+00:00,1904600011534,10.88,Bueno,13.02,Bueno,interpolacion_delaunay,0,5740,487,560,132
2026-10-09T05:38:20.045529+00:00,1904600011549,8.3,Bueno,9.81,Bueno,interpolacion_delaunay,0,4515,263,831,205
2026-10-09T05:38:20.045529+00:00,1904600011568,10.6,Bueno,12.59,Bueno,interpolacion_delaunay,0,4996,283,463,138
2026-10-09T05:38:20.045529+00:00,1904600011572,10.78,Bueno,12.79,Bueno,interpolacion_delaunay,0,4541,345,482,121
2026-10-09T05:38:20.045529+00:00,1904600011587,11.33,Bueno,13.78,Bueno,interpolacion_delaunay,0,2786,153,244,33
2026-10-09T05:38:20.045529+00:00,1904600011591,11.29,Bueno,13.72,Bueno,interpolacion_delaunay,0,3387,245,335,48
2026-10-09T05:38:20.045529+00:00,1904600011604,9.38,Bueno,10.93,Bueno,interpolacion_delaunay,0,3298,256,771,245
2026-10-09T05:38:20.045529+00:00,1904600011619,9.82,Bueno,11.42,Bueno,interpolacion_delaunay,0,3765,260,958,269
2026-10-09T05:38:20.045529+00:00,1904600011657,9.49,Bueno,11.05,Bueno,interpolacion_delaunay,0,3567,176,481,50
2026-10-09T05:38:20.045529+00:00,1904600011661,11.27,Bueno,13.44,Bueno,interpolacion_delaunay,0,282,11,66,6
2026-10-09T05:38:20.045529+00:00,1904600011727,8.32,Bueno,10.08,Bueno,interpolacion_delaunay,0,3412,179,655,144
2026-10-09T05:38:20.045529+00:00,1904600011746,7.95,Bueno,9.31,Bueno,interpolacion_delaunay,0,3218,196,815,117
2026-10-09T05:38:20.045529+00:00,1904600011750,8.24,Bueno,9.64,Bueno,interpolacion_delaunay,0,4162,197,210,54
2026-10-09T05:38:20.045529+00:00,1904600011765,10.64,Bueno,12.66,Bueno,interpolacion_delaunay,0,3860,405,397,208
2026-10-09T05:38:20.045529+00:00,1904600010663,8.79,Bueno,10.3,Bueno,interpolacion_delaunay,0,198,8,27,0
2026-10-09T05:38:20.045529+00:00,1904600010926,11.47,Bueno,13.82,Bueno,interpolacion_delaunay,0,5007,437,867,291
2026-10-09T05:38:20.045529+00:00,1904600010339,10.08,Bueno,11.72,Bueno,interpolacion_delaunay,0,1314,68,335,78
2026-10-09T05:38:20.045529+00:00,1904600011267,10.15,Bueno,11.8,Bueno,interpolacion_delaunay,0,3908,248,1102,331
2026-10-09T05:38:20.045529+00:00,1904600011712,11.47,Bueno,13.68,Bueno,interpolacion_delaunay,0,3272,182,300,58
2026-10-09T05:38:20.045529+00:00,1904600010447,10.36,Bueno,12.56,Bueno,interpolacion_delaunay,0,4132,230,437,113
2026-10-09T05:38:20.045529+00:00,1904600011498,7.24,Bueno,8.84,Bueno,interpolacion_delaunay,0,3212,141,667,65
2026-10-09T05:38:20.045529+00:00,1904600010682,10.72,Bueno,12.68,Bueno,interpolacion_delaunay,0,6498,485,714,113
2026-10-09T05:38:20.045529+00:00,1903100450393,19.93,Aceptable,23.32,Bueno,interpolacion_delaunay,0,4470,331,183,115
2026-10-09T05:38:20.045529+00:00,1903100451090,21.26,Aceptable,25.64,Bueno,interpolacion_delaunay,0,3117,391,133,67
2026-10-09T05:38:20.045529+00:00,1903100010340,17.62,Aceptable,22.43,Bueno,interpolacion_delaunay,0,3444,349,252,192
2026-10-09T05:38:20.045529+00:00,1903100450641,23.33,Aceptable,26.8,Bueno,interpolacion_delaunay,0,1572,92,57,77
2026-10-09T05:38:20.045529+00:00,1903100451086,22.27,Aceptable,26.42,Bueno,interpolacion_delaunay,0,3582,470,173,24
2026-10-09T05:38:20.045529+00:00,190310311171A,19.34,Aceptable,24.08,Bueno,interpolacion_delaunay,0,1226,184,39,41
2026-10-09T05:38:20.045529+00:00,1903100450088,21.02,Aceptable,24.12,Bueno,interpolacion_delaunay,0,106,4,27,5
2026-10-09T05:38:20.045529+00:00,1903100450321,22.85,Aceptable,26.38,Bueno,interpolacion_delaunay,0,781,65,43,66
2026-10-09T05:38:20.045529+00:00,1903100450656,17.75,Aceptable,21.07,Bueno,interpolacion_delaunay,0,6656,512,216,203
2026-10-09T05:38:20.045529+00:00,1903100451461,15.75,Aceptable,18.77,Bueno,interpolacion_delaunay,0,215,36,0,4
2026-10-09T05:38:20.045529+00:00,1903100451391,15.58,Aceptable,18.71,Bueno,interpolacion_delaunay,0,400,41,11,20
2026-10-09T05:38:20.045529+00:00,190310001068A,18.9,Aceptable,24.3,Bueno,promedio_sensores,1,5585,402,158,107
2026-10-09T05:38:20.045529+00:00,1903100010872,19.9,Aceptable,24.93,Bueno,interpolacion_delaunay,0,2902,333,115,45
2026-10-09T05:38:20.045529+00:00,1903100450266,18.22,Aceptable,21.32,Bueno,interpolacion_delaunay,0,3518,300,297,140
2026-10-09T05:38:20.045529+00:00,1903100451211,22.51,Aceptable,26.15,Bueno,interpolacion_delaunay,0,318,31,15,12
2026-10-09T05:38:20.045529+00:00,1903100450105,19.26,Aceptable,22.27,Bueno,interpolacion_delaunay,0,617,53,101,42
2026-10-09T05:38:20.045529+00:00,1903100450533,16.41,Aceptable,19.39,Bueno,interpolacion_delaunay,0,112,19,4,0
2026-10-09T05:38:20.045529+00:00,1903100450834,16.9,Aceptable,20.01,Bueno,interpolacion_delaunay,0,5335,620,158,133
2026-10-09T05:38:20.045529+00:00,1903100451122,16.83,Aceptable,20.21,Bueno,interpolacion_delaunay,0,4196,367,129,124
2026-10-09T05:38:20.045529+00:00,1903100451118,15.75,Aceptable,18.83,Bueno,interpolacion_delaunay,0,1143,149,65,58
2026-10-09T05:38:20.045529+00:00,1903100450092,21.32,Aceptable,24.62,Bueno,interpolacion_delaunay,0,5801,601,614,240
2026-10-09T05:38:20.045529+00:00,190310001036A,18.36,Aceptable,22.98,Bueno,interpolacion_delaunay,0,2196,166,139,77
2026-10-09T05:38:20.045529+00:00,1903100011264,19.45,Aceptable,24.53,Bueno,interpolacion_delaunay,0,166,15,10,4
2026-10-09T05:38:20.045529+00:00,1903100011692,20.63,Aceptable,25.01,Bueno,interpolacion_delaunay,0,1994,254,42,57
2026-10-09T05:38:20.045529+00:00,1903100450675,18.82,Aceptable,22.18,Bueno,interpolacion_delaunay,0,2985,254,121,65
2026-10-09T05:38:20.045529+00:00,1903100450815,23.25,Aceptable,27.11,Bueno,interpolacion_delaunay,0,5183,452,347,124
2026-10-09T05:38:20.045529+00:00,1903100450887,21.33,Aceptable,24.85,Bueno,interpolacion_delaunay,0,626,73,50,23
2026-10-09T05:38:20.045529+00:00,1903100450891,21.21,Aceptable,24.89,Bueno,interpolacion_delaunay,0,3371,329,210,148
2026-10-09T05:38:20.045529+00:00,1903100450904,20.37,Aceptable,24.03,Bueno,interpolacion_delaunay,0,2284,216,156,77
2026-10-09T05:38:20.045529+00:00,1903100451438,24.1,Aceptable,27.7,Bueno,promedio_sensores,1,489,62,15,5
2026-10-09T05:38:20.045529+00:00,1903100451442,19.89,Aceptable,23.62,Bueno,interpolacion_delaunay,0,530,59,19,6
2026-10-09T05:38:20.045529+00:00,1903100451828,21.52,Aceptable,25.36,Bueno,interpolacion_delaunay,0,1268,201,24,22
2026-10-09T05:38:20.045529+00:00,1903103131616,17.24,Aceptable,21.0,Bueno,interpolacion_delaunay,0,3396,460,75,104
2026-10-09T05:38:20.045529+00:00,1903100451103,19.31,Aceptable,22.94,Bueno,interpolacion_delaunay,0,1939,184,111,81
2026-10-09T05:38:20.045529+00:00,1903103131601,17.97,Aceptable,21.75,Bueno,interpolacion_delaunay,0,3536,417,97,62
2026-10-09T05:38:20.045529+00:00,1903100451226,17.88,Aceptable,21.38,Bueno,interpolacion_delaunay,0,2587,267,90,42
2026-10-09T05:38:20.045529+00:00,1903103111512,20.38,Aceptable,24.37,Bueno,interpolacion_delaunay,0,2486,240,126,82
2026-10-09T05:38:20.045529+00:00,1903100451635,14.75,Bueno,17.76,Bueno,interpolacion_delaunay,0,3621,518,70,103
2026-10-09T05:38:20.045529+00:00,1903103131300,18.1,Aceptable,22.1,Bueno,promedio_sensores,1,4074,495,120,80
2026-10-09T05:38:20.045529+00:00,1903103111508,18.8,Aceptable,23.5,Bueno,interpolacion_delaunay,0,3724,412,113,64
2026-10-09T05:38:20.045529+00:00,1903100451387,16.33,Aceptable,19.47,Bueno,interpolacion_delaunay,0,1540,218,34,55
2026-10-09T05:38:20.045529+00:00,1903100452101,13.9,Bueno,16.76,Bueno,interpolacion_delaunay,0,1249,214,20,18
2026-10-09T05:38:20.045529+00:00,1903100451283,14.94,Bueno,18.11,Bueno,interpolacion_delaunay,0,3230,373,88,78
2026-10-09T05:38:20.045529+00:00,1903103111527,19.65,Aceptable,23.96,Bueno,interpolacion_delaunay,0,1682,145,143,89
2026-10-09T05:38:20.045529+00:00,1903100452402,13.94,Bueno,16.95,Bueno,interpolacion_delaunay,0,0,0,0,0
2026-10-09T12:06:03.662981+00:00,1900601740121,7.6,Bueno,9.6,Bueno,promedio_sensores,1,2694,310,73,36
2026-10-09T12:06:03.662981+00:00,1900601740155,8.24,Bueno,10.49,Bueno,interpolacion_delaunay,0,1820,285,54,16
2026-10-09T12:06:03.662981+00:00,1900600781948,8.71,Bueno,11.08,Bueno,interpolacion_delaunay,0,1170,93,69,32
2026-10-09T12:06:03.662981+00:00,1900600012236,11.12,Bueno,14.23,Bueno,interpolacion_delaunay,0,264,28,6,0
2026-10-09T12:06:03.662981+00:00,1900600010225,24.76,Aceptable,31.31,Bueno,interpolacion_delaunay,0,1,0,0,0
2026-10-09T12:06:03.662981+00:00,1900600010206,33.84,Mala,42.85,Bueno,interpolacion_delaunay,0,6646,747,526,177
2026-10-09T12:06:03.662981+00:00,1900600010210,27.23,Aceptable,34.43,Bueno,interpolacion_delaunay,0,0,0,0,0
2026-10-09T12:06:03.662981+00:00,1900600010244,25.22,Aceptable,31.99,Bueno,interpolacion_delaunay,0,90,3,14,3
2026-10-09T12:06:03.662981+00:00,1900600010259,29.08,Aceptable,36.88,Bueno,interpolacion_delaunay,0,3329,268,159,53
2026-10-09T12:06:03.662981+00:00,1900600010278,23.57,Aceptable,29.91,Bueno,interpolacion_delaunay,0,486,52,18,8
2026-10-09T12:06:03.662981+00:00,1900600010297,16.47,Aceptable,20.87,Bueno,interpolacion_delaunay,0,5850,524,288,225
2026-10-09T12:06:03.662981+00:00,1900600010475,21.52,Aceptable,27.29,Bueno,interpolacion_delaunay,0,4729,407,844,249
2026-10-09T12:06:03.662981+00:00,190060001030A,15.19,Aceptable,19.24,Bueno,interpolacion_delaunay,0,4134,431,170,127
2026-10-09T12:06:03.662981+00:00,1900600010348,15.78,Aceptable,20.14,Bueno,interpolacion_delaunay,0,7877,871,609,196
2026-10-09T12:06:03.662981+00:00,1900600010460,22.37,Aceptable,28.39,Bueno,interpolacion_delaunay,0,4909,343,1088,217
2026-10-09T12:06:03.662981+00:00,1900600010352,13.15,Bueno,16.81,Bueno,interpolacion_delaunay,0,1017,63,153,80
2026-10-09T12:06:03.662981+00:00,1900600010367,13.87,Bueno,17.75,Bueno,interpolacion_delaunay,0,469,45,60,46
2026-10-09T12:06:03.662981+00:00,1900600010403,43.1,Mala,54.5,Aceptable,interpolacion_delaunay,0,4726,352,972,196
2026-10-09T12:06:03.662981+00:00,190060001055A,40.41,Mala,51.1,Aceptable,interpolacion_delaunay,0,4579,363,547,197
2026-10-09T12:06:03.662981+00:00,1900600010583,24.63,Aceptable,31.18,Bueno,interpolacion_delaunay,0,4964,382,425,153
2026-10-09T12:06:03.662981+00:00,1900600010598,21.93,Aceptable,27.75,Bueno,interpolacion_delaunay,0,5332,416,338,212
2026-10-09T12:06:03.662981+00:00,1900600010723,24.66,Aceptable,27.57,Bueno,interpolacion_delaunay,0,5109,353,1039,281
2026-10-09T12:06:03.662981+00:00,1900600010780,16.67,Aceptable,21.17,Bueno,interpolacion_delaunay,0,3755,348,382,222
2026-10-09T12:06:03.662981+00:00,1900600010795,16.08,Aceptable,20.45,Bueno,interpolacion_delaunay,0,5270,506,424,204
2026-10-09T12:06:03.662981+00:00,1900600010808,15.76,Aceptable,20.08,Bueno,interpolacion_delaunay,0,3443,304,372,102
2026-10-09T12:06:03.662981+00:00,1900600010920,45.8,Mala,57.9,Aceptable,promedio_sensores,1,5729,316,496,128
2026-10-09T12:06:03.662981+00:00,1900600011011,29.89,Aceptable,37.87,Bueno,interpolacion_delaunay,0,0,0,0,0
2026-10-09T12:06:03.662981+00:00,1900600011026,27.39,Aceptable,34.7,Bueno,interpolacion_delaunay,0,0,0,0,0
2026-10-09T12:06:03.662981+00:00,1900600011064,42.1,Mala,53.24,Aceptable,interpolacion_delaunay,0,4513,371,370,162
2026-10-09T12:06:03.662981+00:00,1900600011098,43.95,Mala,53.54,Aceptable,interpolacion_delaunay,0,5772,542,419,165
2026-10-09T12:06:03.662981+00:00,1900600011149,11.61,Bueno,14.89,Bueno,interpolacion_delaunay,0,1140,100,87,38
2026-10-09T12:06:03.662981+00:00,1900600011350,40.9,Mala,51.74,Aceptable,interpolacion_delaunay,0,3323,233,353,93
2026-10-09T12:06:03.662981+00:00,1900600011365,39.25,Mala,49.66,Aceptable,interpolacion_delaunay,0,3259,285,225,87
2026-10-09T12:06:03.662981+00:00,190060001137A,29.27,Aceptable,34.41,Bueno,interpolacion_delaunay,0,2748,223,522,132
2026-10-09T12:06:03.662981+00:00,1900600011632,13.65,Bueno,17.27,Bueno,interpolacion_delaunay,0,5931,475,161,144
2026-10-09T12:06:03.662981+00:00,1900600011384,31.71,Aceptable,38.3,Bueno,interpolacion_delaunay,0,3359,263,352,73
2026-10-09T12:06:03.662981+00:00,1900600011399,37.17,Mala,47.03,Aceptable,interpolacion_delaunay,0,2371,274,284,91
2026-10-09T12:06:03.662981+00:00,1900600011469,14.88,Bueno,18.81,Bueno,interpolacion_delaunay,0,1932,125,131,96
2026-10-09T12:06:03.662981+00:00,1900600011401,36.21,Mala,45.86,Aceptable,interpolacion_delaunay,0,3593,269,468,144
2026-10-09T12:06:03.662981+00:00,190060001144A,18.19,Aceptable,23.0,Bueno,interpolacion_delaunay,0,6239,575,321,95
2026-10-09T12:06:03.662981+00:00,1900600011473,23.03,Aceptable,29.16,Bueno,interpolacion_delaunay,0,2826,209,259,107
2026-10-09T12:06:03.662981+00:00,1900600011488,22.85,Aceptable,28.95,Bueno,interpolacion_delaunay,0,2922,234,293,96
2026-10-09T12:06:03.662981+00:00,1900600011492,19.11,Aceptable,24.26,Bueno,interpolacion_delaunay,0,1725,134,78,56
2026-10-09T12:06:03.662981+00:00,1900600011505,18.44,Aceptable,23.38,Bueno,interpolacion_delaunay,0,2030,151,78,103
2026-10-09T12:06:03.662981+00:00,190060001151A,17.31,Aceptable,21.95,Bueno,interpolacion_delaunay,0,4650,413,187,145
2026-10-09T12:06:03.662981+00:00,1900600011524,14.93,Bueno,18.95,Bueno,interpolacion_delaunay,0,3658,279,744,150
2026-10-09T12:06:03.662981+00:00,1900600011539,14.29,Bueno,18.19,Bueno,interpolacion_delaunay,0,3879,269,179,190
2026-10-09T12:06:03.662981+00:00,1900600011543,14.12,Bueno,18.0,Bueno,interpolacion_delaunay,0,3926,372,127,91
2026-10-09T12:06:03.662981+00:00,1900600011844,12.23,Bueno,15.51,Bueno,interpolacion_delaunay,0,1922,166,57,23
2026-10-09T12:06:03.662981+00:00,1900600011666,12.67,Bueno,16.04,Bueno,interpolacion_delaunay,0,2454,221,74,68
2026-10-09T12:06:03.662981+00:00,1900600011859,11.8,Bueno,14.98,Bueno,interpolacion_delaunay,0,1533,143,46,34
2026-10-09T12:06:03.662981+00:00,1900600011863,12.87,Bueno,16.41,Bueno,interpolacion_delaunay,0,1050,130,36,5
2026-10-09T12:06:03.662981+00:00,1900600011878,10.2,Bueno,13.06,Bueno,interpolacion_delaunay,0,5255,440,206,130
2026-10-09T12:06:03.662981+00:00,1900600011882,9.19,Bueno,11.77,Bueno,interpolacion_delaunay,0,5356,444,208,243
2026-10-09T12:06:03.662981+00:00,190060001190A,10.66,Bueno,13.67,Bueno,interpolacion_delaunay,0,3346,296,126,99
2026-10-09T12:06:03.662981+00:00,1900600011914,8.98,Bueno,11.52,Bueno,interpolacion_delaunay,0,5844,518,215,189
2026-10-09T12:06:03.662981+00:00,1900600011929,9.12,Bueno,11.66,Bueno,interpolacion_delaunay,0,5690,426,232,211
2026-10-09T12:06:03.662981+00:00,1900600012043,9.62,Bueno,12.26,Bueno,interpolacion_delaunay,0,3660,375,120,69
2026-10-09T12:06:03.662981+00:00,1900600012109,12.65,Bueno,16.06,Bueno,interpolacion_delaunay,0,1488,155,32,33
2026-10-09T12:06:03.662981+00:00,1900600012128,13.01,Bueno,16.57,Bueno,interpolacion_delaunay,0,1714,168,66,31
2026-10-09T12:06:03.662981+00:00,190060001226A,20.65,Aceptable,26.18,Bueno,interpolacion_delaunay,0,4528,324,328,117
2026-10-09T12:06:03.662981+00:00,1900600012274,19.39,Aceptable,24.55,Bueno,interpolacion_delaunay,0,5782,615,191,106
2026-10-09T12:06:03.662981+00:00,190060001233A,10.74,Bueno,13.65,Bueno,interpolacion_delaunay,0,2449,267,53,48
2026-10-09T12:06:03.662981+00:00,1900600012414,12.7,Bueno,16.14,Bueno,interpolacion_delaunay,0,2297,332,39,45
2026-10-09T12:06:03.662981+00:00,1900600012429,11.29,Bueno,14.38,Bueno,interpolacion_delaunay,0,3283,479,97,39
2026-10-09T12:06:03.662981+00:00,1900600012734,11.57,Bueno,14.79,Bueno,interpolacion_delaunay,0,961,146,24,13
2026-10-09T12:06:03.662981+00:00,1900600010992,31.08,Aceptable,39.33,Bueno,interpolacion_delaunay,0,0,0,0,0
2026-10-09T12:06:03.662981+00:00,1900600012804,33.99,Mala,43.0,Bueno,interpolacion_delaunay,0,705,129,13,7
2026-10-09T12:06:03.662981+00:00,1900600011897,8.98,Bueno,11.45,Bueno,interpolacion_delaunay,0,3063,294,202,149
2026-10-09T12:06:03.662981+00:00,1900600012202,8.57,Bueno,10.96,Bueno,interpolacion_delaunay,0,372,48,3,8
2026-10-09T12:06:03.662981+00:00,1900600012039,8.78,Bueno,11.24,Bueno,interpolacion_delaunay,0,2684,242,90,67
2026-10-09T12:06:03.662981+00:00,1900601740047,10.2,Bueno,12.89,Bueno,interpolacion_delaunay,0,1719,266,38,40
2026-10-09T12:06:03.662981+00:00,190190001005A,18.71,Aceptable,20.75,Bueno,interpolacion_delaunay,0,2404,108,693,69
2026-10-09T12:06:03.662981+00:00,1901900010064,20.1,Aceptable,22.33,Bueno,promedio_sensores,4,2721,181,677,58
2026-10-09T12:06:03.662981+00:00,1901900010079,20.1,Aceptable,23.1,Bueno,promedio_sensores,1,4464,212,1159,127
2026-10-09T12:06:03.662981+00:00,1901900010083,12.47,Bueno,13.87,Bueno,promedio_sensores,3,1374,63,441,45
2026-10-09T12:06:03.662981+00:00,1901900010098,10.9,Bueno,12.1,Bueno,promedio_sensores,1,1854,103,460,42
2026-10-09T12:06:03.662981+00:00,1901900010100,15.5,Aceptable,17.5,Bueno,promedio_sensores,1,1944,129,547,21
2026-10-09T12:06:03.662981+00:00,1901900010149,19.0,Aceptable,23.1,Bueno,promedio_sensores,1,1163,75,215,15
2026-10-09T12:06:03.662981+00:00,1901900010153,20.4,Aceptable,21.9,Bueno,promedio_sensores,1,1800,134,430,81
2026-10-09T12:06:03.662981+00:00,1901900010168,19.9,Aceptable,21.2,Bueno,promedio_sensores,1,1570,81,416,43
2026-10-09T12:06:03.662981+00:00,1901900010172,18.95,Aceptable,21.31,Bueno,interpolacion_delaunay,0,1335,59,357,29
2026-10-09T12:06:03.662981+00:00,1901900010187,19.44,Aceptable,20.84,Bueno,interpolacion_delaunay,0,4463,306,999,93
2026-10-09T12:06:03.662981+00:00,1901900010191,18.1,Aceptable,19.4,Bueno,promedio_sensores,1,2824,172,637,108
2026-10-09T12:06:03.662981+00:00,1901900010204,17.93,Aceptable,19.56,Bueno,interpolacion_delaunay,0,3926,317,736,119
2026-10-09T12:06:03.662981+00:00,1901900010223,17.81,Aceptable,19.93,Bueno,interpolacion_delaunay,0,2979,89,503,54
2026-10-09T12:06:03.662981+00:00,1901900010238,17.2,Aceptable,19.2,Bueno,promedio_sensores,1,1904,73,302,23
2026-10-09T12:06:03.662981+00:00,1901900010242,12.93,Bueno,14.47,Bueno,promedio_sensores,3,2717,143,729,92
2026-10-09T12:06:03.662981+00:00,1901900010257,14.6,Bueno,15.8,Bueno,promedio_sensores,1,1307,56,361,13
2026-10-09T12:06:03.662981+00:00,1901900010261,8.5,Bueno,9.55,Bueno,promedio_sensores,2,2240,113,567,42
2026-10-09T12:06:03.662981+00:00,1901900010280,14.91,Bueno,16.66,Bueno,interpolacion_delaunay,0,2690,79,360,43
2026-10-09T12:06:03.662981+00:00,1901900010350,12.0,Bueno,13.35,Bueno,interpolacion_delaunay,0,2768,148,592,68
2026-10-09T12:06:03.662981+00:00,1901900010365,21.3,Aceptable,22.0,Bueno,promedio_sensores,1,3419,327,293,61
2026-10-09T12:06:03.662981+00:00,1901900010399,15.1,Aceptable,16.05,Bueno,promedio_sensores,2,1162,6,68,0
2026-10-09T12:06:03.662981+00:00,1901900010401,9.1,Bueno,10.3,Bueno,promedio_sensores,1,2375,247,392,86
2026-10-09T12:06:03.662981+00:00,1901900010416,20.43,Aceptable,21.85,Bueno,interpolacion_delaunay,0,700,19,105,4
2026-10-09T12:06:03.662981+00:00,1901900010420,21.8,Aceptable,25.4,Bueno,promedio_sensores,1,1696,93,408,47
2026-10-09T12:06:03.662981+00:00,1901900010435,25.3,Aceptable,28.5,Bueno,promedio_sensores,1,4494,346,601,54
2026-10-09T12:06:03.662981+00:00,190190001044A,9.33,Bueno,10.6,Bueno,promedio_sensores,3,4383,354,439,56
2026-10-09T12:06:03.662981+00:00,1901900010454,16.5,Aceptable,18.3,Bueno,promedio_sensores,2,557,26,114,11
2026-10-09T12:06:03.662981+00:00,1901900010469,13.7,Bueno,15.8,Bueno,promedio_sensores,1,3112,170,568,37
2026-10-09T12:06:03.662981+00:00,1901900010473,16.25,Aceptable,18.48,Bueno,interpolacion_delaunay,0,983,46,182,19
2026-10-09T12:06:03.662981+00:00,1901900010488,11.05,Bueno,12.5,Bueno,promedio_sensores,2,2757,295,371,102
2026-10-09T12:06:03.662981+00:00,1901900010492,9.4,Bueno,10.35,Bueno,promedio_sensores,2,2848,173,697,71
2026-10-09T12:06:03.662981+00:00,1901900010505,14.84,Bueno,15.89,Bueno,interpolacion_delaunay,0,2494,111,512,19
2026-10-09T12:06:03.662981+00:00,190190001051A,15.7,Aceptable,18.7,Bueno,promedio_sensores,1,1899,111,507,36
2026-10-09T12:06:03.662981+00:00,1901900010558,8.73,Bueno,9.1,Bueno,promedio_sensores,3,1349,87,230,21
2026-10-09T12:06:03.662981+00:00,1901900010613,15.01,Aceptable,15.99,Bueno,interpolacion_delaunay,0,132,0,20,0
2026-10-09T12:06:03.662981+00:00,1901900010384,19.28,Aceptable,21.62,Bueno,interpolacion_delaunay,0,1111,19,119,15
2026-10-09T12:06:03.662981+00:00,1901900010219,17.76,Aceptable,19.57,Bueno,interpolacion_delaunay,0,1954,106,555,58
2026-10-09T12:06:03.662981+00:00,1902100011338,48.84,Mala,57.17,Aceptable,interpolacion_delaunay,0,2800,219,134,55
2026-10-09T12:06:03.662981+00:00,1902100011817,65.2,Mala,75.6,Mala,promedio_sensores,1,583,52,40,11
2026-10-09T12:06:03.662981+00:00,1902100010293,49.44,Mala,58.89,Aceptable,interpolacion_delaunay,0,2008,84,165,35
2026-10-09T12:06:03.662981+00:00,190210001033A,50.55,Mala,59.59,Aceptable,interpolacion_delaunay,0,4000,286,440,91
2026-10-09T12:06:03.662981+00:00,1902100011060,22.96,Aceptable,30.07,Bueno,interpolacion_delaunay,0,3355,278,195,95
2026-10-09T12:06:03.662981+00:00,1902100010289,48.12,Mala,57.65,Aceptable,interpolacion_delaunay,0,1352,78,109,44
2026-10-09T12:06:03.662981+00:00,1902100010325,33.59,Mala,41.96,Bueno,interpolacion_delaunay,0,1,0,0,0
2026-10-09T12:06:03.662981+00:00,1902100011412,25.5,Aceptable,28.4,Bueno,promedio_sensores,1,3239,228,156,27
2026-10-09T12:06:03.662981+00:00,1902100011427,53.26,Mala,61.72,Mala,interpolacion_delaunay,0,4126,302,227,21
2026-10-09T12:06:03.662981+00:00,1902100011408,57.35,Mala,68.2,Mala,interpolacion_delaunay,0,6781,377,571,69
2026-10-09T12:06:03.662981+00:00,1902100011342,44.45,Mala,52.34,Aceptable,interpolacion_delaunay,0,4655,261,185,126
2026-10-09T12:06:03.662981+00:00,1902100010043,23.89,Aceptable,31.96,Bueno,interpolacion_delaunay,0,4208,322,819,334
2026-10-09T12:06:03.662981+00:00,1902100010255,33.99,Mala,41.27,Bueno,interpolacion_delaunay,0,6704,625,410,194
2026-10-09T12:06:03.662981+00:00,1902100010378,24.1,Aceptable,32.7,Bueno,promedio_sensores,1,4134,262,294,72
2026-10-09T12:06:03.662981+00:00,1902100011075,23.87,Aceptable,31.29,Bueno,interpolacion_delaunay,0,8122,855,320,248
2026-10-09T12:06:03.662981+00:00,1902600011832,18.5,Aceptable,23.56,Bueno,interpolacion_delaunay,0,3764,305,386,174
2026-10-09T12:06:03.662981+00:00,1902600010035,17.31,Aceptable,22.02,Bueno,interpolacion_delaunay,0,1597,156,285,106
2026-10-09T12:06:03.662981+00:00,1902600012332,13.4,Bueno,14.84,Bueno,interpolacion_delaunay,0,5634,507,898,399
2026-10-09T12:06:03.662981+00:00,1902600010020,20.58,Aceptable,26.15,Bueno,interpolacion_delaunay,0,1825,174,355,160
2026-10-09T12:06:03.662981+00:00,1902600011279,19.58,Aceptable,24.88,Bueno,interpolacion_delaunay,0,4324,384,731,269
2026-10-09T12:06:03.662981+00:00,1902600011283,18.24,Aceptable,23.17,Bueno,interpolacion_delaunay,0,3719,341,754,207
2026-10-09T12:06:03.662981+00:00,1902600012440,22.97,Aceptable,29.22,Bueno,interpolacion_delaunay,0,2604,133,153,35
2026-10-09T12:06:03.662981+00:00,1902600012667,10.38,Bueno,13.5,Bueno,interpolacion_delaunay,0,778,73,30,14
2026-10-09T12:06:03.662981+00:00,1902600012811,11.6,Bueno,12.59,Bueno,interpolacion_delaunay,0,26,4,0,0
2026-10-09T12:06:03.662981+00:00,1902600010459,13.02,Bueno,14.48,Bueno,interpolacion_delaunay,0,3039,123,850,229
2026-10-09T12:06:03.662981+00:00,1902600010317,12.52,Bueno,14.36,Bueno,interpolacion_delaunay,0,4084,275,902,321
2026-10-09T12:06:03.662981+00:00,1902600010957,18.6,Aceptable,23.66,Bueno,interpolacion_delaunay,0,5841,533,1121,336
2026-10-09T12:06:03.662981+00:00,1902600011103,11.33,Bueno,14.62,Bueno,interpolacion_delaunay,0,950,69,80,47
2026-10-09T12:06:03.662981+00:00,1902600011457,12.01,Bueno,13.97,Bueno,interpolacion_delaunay,0,2279,129,466,94
2026-10-09T12:06:03.662981+00:00,1902600011404,10.55,Bueno,12.04,Bueno,interpolacion_delaunay,0,3115,227,702,219
2026-10-09T12:06:03.662981+00:00,1902600011508,11.19,Bueno,14.47,Bueno,interpolacion_delaunay,0,1978,175,250,90
2026-10-09T12:06:03.662981+00:00,1902600011828,21.21,Aceptable,26.96,Bueno,interpolacion_delaunay,0,2175,178,266,60
2026-10-09T12:06:03.662981+00:00,1902600011847,18.36,Aceptable,23.4,Bueno,interpolacion_delaunay,0,4488,374,407,157
2026-10-09T12:06:03.662981+00:00,1902600012402,11.35,Bueno,14.04,Bueno,interpolacion_delaunay,0,2699,234,353,170
2026-10-09T12:06:03.662981+00:00,1902600012205,12.43,Bueno,15.05,Bueno,interpolacion_delaunay,0,4435,432,502,204
2026-10-09T12:06:03.662981+00:00,1902600012258,10.6,Bueno,13.71,Bueno,interpolacion_delaunay,0,1006,77,102,40
2026-10-09T12:06:03.662981+00:00,1902600012296,14.02,Bueno,17.06,Bueno,interpolacion_delaunay,0,4398,237,919,190
2026-10-09T12:06:03.662981+00:00,1902600012455,20.58,Aceptable,26.2,Bueno,interpolacion_delaunay,0,4962,328,296,118
2026-10-09T12:06:03.662981+00:00,1902600010302,12.68,Bueno,14.43,Bueno,interpolacion_delaunay,0,2790,166,675,209
2026-10-09T12:06:03.662981+00:00,1902600010425,12.84,Bueno,14.64,Bueno,interpolacion_delaunay,0,3687,235,843,230
2026-10-09T12:06:03.662981+00:00,1902600010533,13.33,Bueno,15.18,Bueno,interpolacion_delaunay,0,1681,81,395,96
2026-10-09T12:06:03.662981+00:00,1902600011813,22.12,Aceptable,28.12,Bueno,interpolacion_delaunay,0,5250,447,545,129
2026-10-09T12:06:03.662981+00:00,1902600011851,18.04,Aceptable,23.02,Bueno,interpolacion_delaunay,0,4115,305,359,155
2026-10-09T12:06:03.662981+00:00,1902600012436,23.87,Aceptable,30.32,Bueno,interpolacion_delaunay,0,3242,185,145,20
2026-10-09T12:06:03.662981+00:00,1902600012686,10.24,Bueno,13.25,Bueno,interpolacion_delaunay,0,40,3,7,5
2026-10-09T12:06:03.662981+00:00,1902600010124,12.24,Bueno,15.3,Bueno,interpolacion_delaunay,0,2665,140,749,113
2026-10-09T12:06:03.662981+00:00,1902600012417,14.3,Bueno,17.34,Bueno,interpolacion_delaunay,0,2073,147,228,128
2026-10-09T12:06:03.662981+00:00,1902600012347,15.01,Aceptable,16.78,Bueno,interpolacion_delaunay,0,4440,433,247,105
2026-10-09T12:06:03.662981+00:00,190260001239A,12.84,Bueno,15.57,Bueno,interpolacion_delaunay,0,2697,236,207,88
2026-10-09T12:06:03.662981+00:00,190260001260A,10.35,Bueno,13.39,Bueno,interpolacion_delaunay,0,979,82,21,36
2026-10-09T12:06:03.662981+00:00,1902600011391,11.37,Bueno,13.86,Bueno,interpolacion_delaunay,0,3747,280,1036,286
2026-10-09T12:06:03.662981+00:00,1902600010251,11.14,Bueno,14.05,Bueno,interpolacion_delaunay,0,6072,581,994,581
2026-10-09T12:06:03.662981+00:00,1902600010707,12.82,Bueno,14.19,Bueno,interpolacion_delaunay,0,4261,296,986,365
2026-10-09T12:06:03.662981+00:00,190260001157A,13.18,Bueno,14.55,Bueno,interpolacion_delaunay,0,2161,148,444,126
2026-10-09T12:06:03.662981+00:00,1902600011654,12.02,Bueno,14.68,Bueno,interpolacion_delaunay,0,3737,309,535,205
2026-10-09T12:06:03.662981+00:00,1902600012385,11.53,Bueno,12.53,Bueno,interpolacion_delaunay,0,108,11,8,5
2026-10-09T12:06:03.662981+00:00,1902600011495,11.26,Bueno,14.58,Bueno,interpolacion_delaunay,0,2675,203,421,91
2026-10-09T12:06:03.662981+00:00,1902600012525,14.71,Bueno,16.64,Bueno,interpolacion_delaunay,0,6162,464,363,124
2026-10-09T12:06:03.662981+00:00,1902600010995,16.1,Aceptable,20.58,Bueno,interpolacion_delaunay,0,1016,61,224,56
2026-10-09T12:06:03.662981+00:00,1902600011866,11.9,Bueno,14.89,Bueno,interpolacion_delaunay,0,3064,167,548,67
2026-10-09T12:06:03.662981+00:00,190260001207A,10.1,Bueno,11.52,Bueno,interpolacion_delaunay,0,2199,99,452,47
2026-10-09T12:06:03.662981+00:00,1902600012120,9.89,Bueno,10.48,Bueno,interpolacion_delaunay,0,1092,33,384,28
2026-10-09T12:06:03.662981+00:00,1902600012135,12.46,Bueno,12.7,Bueno,interpolacion_delaunay,0,1356,47,414,29
2026-10-09T12:06:03.662981+00:00,1902600012544,13.2,Bueno,15.29,Bueno,interpolacion_delaunay,0,2171,187,206,83
2026-10-09T12:06:03.662981+00:00,1902600010069,12.34,Bueno,14.83,Bueno,interpolacion_delaunay,0,1920,94,579,107
2026-10-09T12:06:03.662981+00:00,1902600010073,12.24,Bueno,14.8,Bueno,interpolacion_delaunay,0,3137,159,955,77
2026-10-09T12:06:03.662981+00:00,1902600010088,12.19,Bueno,14.88,Bueno,interpolacion_delaunay,0,2870,157,722,160
2026-10-09T12:06:03.662981+00:00,1902600010158,12.28,Bueno,14.43,Bueno,interpolacion_delaunay,0,1517,70,502,83
2026-10-09T12:06:03.662981+00:00,190260001029A,12.93,Bueno,14.52,Bueno,interpolacion_delaunay,0,1809,94,461,133
2026-10-09T12:06:03.662981+00:00,1902600011885,12.45,Bueno,14.89,Bueno,interpolacion_delaunay,0,1944,100,497,103
2026-10-09T12:06:03.662981+00:00,1902600012192,10.62,Bueno,13.72,Bueno,interpolacion_delaunay,0,2742,217,241,94
2026-10-09T12:06:03.662981+00:00,1902600012243,11.77,Bueno,13.08,Bueno,interpolacion_delaunay,0,316,37,21,22
2026-10-09T12:06:03.662981+00:00,1902600012421,16.03,Aceptable,19.24,Bueno,interpolacion_delaunay,0,2385,134,120,49
2026-10-09T12:06:03.662981+00:00,1902600012597,10.52,Bueno,13.65,Bueno,interpolacion_delaunay,0,3539,244,126,97
2026-10-09T12:06:03.662981+00:00,1902600011029,17.75,Aceptable,22.68,Bueno,interpolacion_delaunay,0,1109,94,97,45
2026-10-09T12:06:03.662981+00:00,190260001189A,12.41,Bueno,14.75,Bueno,interpolacion_delaunay,0,2117,131,543,112
2026-10-09T12:06:03.662981+00:00,1902600012703,12.04,Bueno,13.07,Bueno,interpolacion_delaunay,0,632,49,33,14
2026-10-09T12:06:03.662981+00:00,1902600011372,11.33,Bueno,13.91,Bueno,interpolacion_delaunay,0,2451,168,520,192
2026-10-09T12:06:03.662981+00:00,1902600012366,10.39,Bueno,13.44,Bueno,interpolacion_delaunay,0,350,28,12,6
2026-10-09T12:06:03.662981+00:00,1902600010321,12.09,Bueno,14.23,Bueno,interpolacion_delaunay,0,5159,259,1483,335
2026-10-09T12:06:03.662981+00:00,1902600010336,11.94,Bueno,14.17,Bueno,interpolacion_delaunay,0,3112,150,945,118
2026-10-09T12:06:03.662981+00:00,1902600010340,11.69,Bueno,14.08,Bueno,interpolacion_delaunay,0,5009,289,1452,316
2026-10-09T12:06:03.662981+00:00,1902600010355,11.59,Bueno,14.1,Bueno,interpolacion_delaunay,0,2172,143,527,123
2026-10-09T12:06:03.662981+00:00,1902600010389,11.2,Bueno,13.86,Bueno,interpolacion_delaunay,0,3485,223,809,188
2026-10-09T12:06:03.662981+00:00,1902600010393,11.19,Bueno,13.94,Bueno,interpolacion_delaunay,0,4293,274,932,186
2026-10-09T12:06:03.662981+00:00,1902600010618,12.29,Bueno,14.08,Bueno,interpolacion_delaunay,0,3420,248,733,217
2026-10-09T12:06:03.662981+00:00,1902600010730,18.81,Aceptable,21.06,Bueno,interpolacion_delaunay,0,4610,359,992,364
2026-10-09T12:06:03.662981+00:00,1902600011033,16.33,Aceptable,20.95,Bueno,interpolacion_delaunay,0,5199,444,572,162
2026-10-09T12:06:03.662981+00:00,1902600011122,12.35,Bueno,14.63,Bueno,interpolacion_delaunay,0,6940,637,766,300
2026-10-09T12:06:03.662981+00:00,1902600011546,13.1,Bueno,14.35,Bueno,interpolacion_delaunay,0,3715,209,870,202
2026-10-09T12:06:03.662981+00:00,1902600011461,11.89,Bueno,13.9,Bueno,interpolacion_delaunay,0,3227,233,684,198
2026-10-09T12:06:03.662981+00:00,190260001132A,11.87,Bueno,14.3,Bueno,interpolacion_delaunay,0,2713,152,488,78
2026-10-09T12:06:03.662981+00:00,1902600011334,10.87,Bueno,13.95,Bueno,interpolacion_delaunay,0,3525,289,683,240
2026-10-09T12:06:03.662981+00:00,1902600011349,11.48,Bueno,14.56,Bueno,interpolacion_delaunay,0,2716,239,484,222
2026-10-09T12:06:03.662981+00:00,1902600011368,11.44,Bueno,14.01,Bueno,interpolacion_delaunay,0,3348,226,652,119
2026-10-09T12:06:03.662981+00:00,1902600011419,12.59,Bueno,14.34,Bueno,interpolacion_delaunay,0,2833,144,728,158
2026-10-09T12:06:03.662981+00:00,1902600011442,12.26,Bueno,14.04,Bueno,interpolacion_delaunay,0,3169,182,598,174
2026-10-09T12:06:03.662981+00:00,1902600011565,12.94,Bueno,14.25,Bueno,interpolacion_delaunay,0,4076,290,816,263
2026-10-09T12:06:03.662981+00:00,1902600011584,15.2,Aceptable,16.89,Bueno,interpolacion_delaunay,0,4255,317,895,221
2026-10-09T12:06:03.662981+00:00,1902600011599,15.29,Aceptable,17.2,Bueno,interpolacion_delaunay,0,2923,228,572,152
2026-10-09T12:06:03.662981+00:00,1902600011601,19.9,Aceptable,22.1,Bueno,promedio_sensores,1,3474,261,775,299
2026-10-09T12:06:03.662981+00:00,1902600011688,17.57,Aceptable,19.76,Bueno,interpolacion_delaunay,0,3727,240,688,249
2026-10-09T12:06:03.662981+00:00,190260001171A,16.5,Aceptable,18.27,Bueno,interpolacion_delaunay,0,4383,321,770,213
2026-10-09T12:06:03.662981+00:00,1902600012008,10.96,Bueno,12.42,Bueno,interpolacion_delaunay,0,1064,52,278,35
2026-10-09T12:06:03.662981+00:00,1902600011781,12.28,Bueno,13.09,Bueno,interpolacion_delaunay,0,260,22,25,0
2026-10-09T12:06:03.662981+00:00,1902600011989,12.86,Bueno,14.27,Bueno,interpolacion_delaunay,0,3336,217,653,151
2026-10-09T12:06:03.662981+00:00,1902600012027,16.86,Aceptable,18.98,Bueno,interpolacion_delaunay,0,5601,339,676,195
2026-10-09T12:06:03.662981+00:00,1902600012116,13.07,Bueno,14.31,Bueno,interpolacion_delaunay,0,2265,174,319,64
2026-10-09T12:06:03.662981+00:00,1902600012328,10.5,Bueno,13.59,Bueno,interpolacion_delaunay,0,2737,200,173,54
2026-10-09T12:06:03.662981+00:00,1902600012510,13.82,Bueno,15.93,Bueno,interpolacion_delaunay,0,3466,257,269,90
2026-10-09T12:06:03.662981+00:00,1902600012578,14.33,Bueno,15.79,Bueno,interpolacion_delaunay,0,2465,185,298,196
2026-10-09T12:06:03.662981+00:00,1902600012582,14.14,Bueno,15.53,Bueno,interpolacion_delaunay,0,2739,201,423,283
2026-10-09T12:06:03.662981+00:00,1902600012614,10.78,Bueno,13.98,Bueno,interpolacion_delaunay,0,3024,272,68,36
2026-10-09T12:06:03.662981+00:00,1902600010177,12.19,Bueno,14.53,Bueno,interpolacion_delaunay,0,1769,60,559,90
2026-10-09T12:06:03.662981+00:00,1902600010444,11.59,Bueno,13.03,Bueno,interpolacion_delaunay,0,2474,121,665,111
2026-10-09T12:06:03.662981+00:00,1902600011531,13.08,Bueno,14.37,Bueno,interpolacion_delaunay,0,3594,235,816,160
2026-10-09T12:06:03.662981+00:00,1902600010232,11.4,Bueno,14.25,Bueno,interpolacion_delaunay,0,2521,162,744,110
2026-10-09T12:06:03.662981+00:00,1902600010196,12.09,Bueno,14.5,Bueno,interpolacion_delaunay,0,1557,66,485,73
2026-10-09T12:06:03.662981+00:00,1902600010213,11.62,Bueno,14.39,Bueno,interpolacion_delaunay,0,2063,114,530,142
2026-10-09T12:06:03.662981+00:00,190260001011A,11.7,Bueno,14.66,Bueno,interpolacion_delaunay,0,3115,155,816,154
2026-10-09T12:06:03.662981+00:00,1902600010162,12.26,Bueno,14.52,Bueno,interpolacion_delaunay,0,1624,64,473,65
2026-10-09T12:06:03.662981+00:00,1902600010181,12.19,Bueno,14.33,Bueno,interpolacion_delaunay,0,1561,63,499,94
2026-10-09T12:06:03.662981+00:00,1902600010228,11.52,Bueno,14.2,Bueno,interpolacion_delaunay,0,1619,140,316,120
2026-10-09T12:06:03.662981+00:00,1902600010603,12.35,Bueno,14.11,Bueno,interpolacion_delaunay,0,1632,93,346,132
2026-10-09T12:06:03.662981+00:00,1902600010745,18.24,Aceptable,20.46,Bueno,interpolacion_delaunay,0,1565,113,330,126
2026-10-09T12:06:03.662981+00:00,1902600010798,13.49,Bueno,14.59,Bueno,interpolacion_delaunay,0,3364,210,732,231
2026-10-09T12:06:03.662981+00:00,1902600010815,13.76,Bueno,14.86,Bueno,interpolacion_delaunay,0,4739,363,1000,268
2026-10-09T12:06:03.662981+00:00,1902600011438,11.52,Bueno,13.12,Bueno,interpolacion_delaunay,0,1771,89,459,85
2026-10-09T12:06:03.662981+00:00,1902600011476,13.05,Bueno,14.93,Bueno,interpolacion_delaunay,0,3270,215,839,209
2026-10-09T12:06:03.662981+00:00,1902600011777,13.52,Bueno,14.38,Bueno,interpolacion_delaunay,0,3599,312,366,80
2026-10-09T12:06:03.662981+00:00,1902600012031,15.88,Aceptable,17.96,Bueno,interpolacion_delaunay,0,4385,273,421,152
2026-10-09T12:06:03.662981+00:00,1902600012173,11.34,Bueno,12.25,Bueno,interpolacion_delaunay,0,108,5,10,3
2026-10-09T12:06:03.662981+00:00,1902600012474,21.07,Aceptable,26.88,Bueno,interpolacion_delaunay,0,3828,248,138,120
2026-10-09T12:06:03.662981+00:00,190260001253A,12.59,Bueno,14.98,Bueno,interpolacion_delaunay,0,1418,134,74,37
2026-10-09T12:06:03.662981+00:00,1902600012648,16.12,Aceptable,18.55,Bueno,interpolacion_delaunay,0,1998,125,415,138
2026-10-09T12:06:03.662981+00:00,1902600012794,10.55,Bueno,13.49,Bueno,interpolacion_delaunay,0,776,83,32,8
2026-10-09T12:06:03.662981+00:00,1902600012775,10.71,Bueno,13.76,Bueno,interpolacion_delaunay,0,1381,194,42,36
2026-10-09T12:06:03.662981+00:00,1902600012898,8.61,Bueno,9.5,Bueno,interpolacion_delaunay,0,21,3,0,0
2026-10-09T12:06:03.662981+00:00,1902600010849,11.85,Bueno,13.04,Bueno,interpolacion_delaunay,0,1926,132,278,87
2026-10-09T12:06:03.662981+00:00,1902600012262,11.27,Bueno,14.33,Bueno,interpolacion_delaunay,0,2668,227,217,83
2026-10-09T12:06:03.662981+00:00,1902600010266,11.58,Bueno,14.65,Bueno,interpolacion_delaunay,0,427,58,19,0
2026-10-09T12:06:03.662981+00:00,1902600010779,11.73,Bueno,12.74,Bueno,interpolacion_delaunay,0,677,45,131,66
2026-10-09T12:06:03.662981+00:00,1902600010872,9.73,Bueno,10.42,Bueno,interpolacion_delaunay,0,3088,114,989,72
2026-10-09T12:06:03.662981+00:00,1902600011902,11.4,Bueno,14.36,Bueno,interpolacion_delaunay,0,2434,191,435,71
2026-10-09T12:06:03.662981+00:00,1902600011993,13.15,Bueno,14.32,Bueno,interpolacion_delaunay,0,3528,203,521,147
2026-10-09T12:06:03.662981+00:00,1902600012012,10.61,Bueno,12.0,Bueno,interpolacion_delaunay,0,2227,119,600,34
2026-10-09T12:06:03.662981+00:00,1902600012084,8.54,Bueno,9.64,Bueno,interpolacion_delaunay,0,1461,49,516,49
2026-10-09T12:06:03.662981+00:00,1902600012188,8.4,Bueno,9.51,Bueno,interpolacion_delaunay,0,460,18,82,4
2026-10-09T12:06:03.662981+00:00,1902600012277,11.25,Bueno,14.22,Bueno,interpolacion_delaunay,0,3597,281,616,228
2026-10-09T12:06:03.662981+00:00,190260001246A,20.43,Aceptable,26.05,Bueno,interpolacion_delaunay,0,4546,358,308,145
2026-10-09T12:06:03.662981+00:00,1902600012559,14.35,Bueno,15.66,Bueno,interpolacion_delaunay,0,4248,285,324,114
2026-10-09T12:06:03.662981+00:00,1902600012652,10.4,Bueno,13.44,Bueno,interpolacion_delaunay,0,3158,323,113,122
2026-10-09T12:06:03.662981+00:00,1902600012671,11.22,Bueno,14.22,Bueno,interpolacion_delaunay,0,1647,122,65,34
2026-10-09T12:06:03.662981+00:00,1902600012718,11.24,Bueno,12.49,Bueno,interpolacion_delaunay,0,2829,290,123,131
2026-10-09T12:06:03.662981+00:00,1902600012741,13.4,Bueno,14.37,Bueno,interpolacion_delaunay,0,1897,119,345,52
2026-10-09T12:06:03.662981+00:00,1902600012879,10.3,Bueno,13.4,Bueno,promedio_sensores,1,2144,300,65,16
2026-10-09T12:06:03.662981+00:00,1902600010285,11.47,Bueno,13.1,Bueno,interpolacion_delaunay,0,2844,174,613,185
2026-10-09T12:06:03.662981+00:00,1902600012690,11.34,Bueno,12.32,Bueno,interpolacion_delaunay,0,79,0,3,0
2026-10-09T12:06:03.662981+00:00,1902600012099,12.21,Bueno,13.17,Bueno,interpolacion_delaunay,0,5241,599,554,189
2026-10-09T12:06:03.662981+00:00,1902600011936,14.51,Bueno,18.67,Bueno,interpolacion_delaunay,0,2951,267,407,119
2026-10-09T12:06:03.662981+00:00,1902600012169,9.25,Bueno,10.34,Bueno,interpolacion_delaunay,0,1023,50,158,14
2026-10-09T12:06:03.662981+00:00,190260001118A,11.07,Bueno,12.14,Bueno,interpolacion_delaunay,0,3453,227,320,71
2026-10-09T12:06:03.662981+00:00,1902600012050,14.76,Bueno,16.09,Bueno,interpolacion_delaunay,0,4134,320,745,263
2026-10-09T12:06:03.662981+00:00,1902600012101,12.21,Bueno,13.27,Bueno,interpolacion_delaunay,0,3626,381,484,119
2026-10-09T12:06:03.662981+00:00,1902600012563,12.11,Bueno,13.23,Bueno,interpolacion_delaunay,0,2676,291,133,25
2026-10-09T12:06:03.662981+00:00,190260001278A,9.39,Bueno,12.1,Bueno,interpolacion_delaunay,0,3558,402,98,36
2026-10-09T12:06:03.662981+00:00,1902600011921,14.68,Bueno,18.85,Bueno,interpolacion_delaunay,0,2594,223,377,76
2026-10-09T12:06:03.662981+00:00,1902600010092,12.04,Bueno,14.87,Bueno,interpolacion_delaunay,0,4183,262,1039,106
2026-10-09T12:06:03.662981+00:00,1902600011300,12.46,Bueno,15.52,Bueno,interpolacion_delaunay,0,2915,163,792,188
2026-10-09T12:06:03.662981+00:00,1902600010143,17.51,Aceptable,22.42,Bueno,interpolacion_delaunay,0,2245,273,113,55
2026-10-09T12:06:03.662981+00:00,1902600011870,11.86,Bueno,14.73,Bueno,interpolacion_delaunay,0,3271,173,768,82
2026-10-09T12:06:03.662981+00:00,1902600011315,11.95,Bueno,14.57,Bueno,interpolacion_delaunay,0,3497,230,464,42
2026-10-09T12:06:03.662981+00:00,1902600011014,19.05,Aceptable,24.33,Bueno,interpolacion_delaunay,0,2155,150,459,98
2026-10-09T12:06:03.662981+00:00,1902600011616,15.65,Aceptable,18.04,Bueno,interpolacion_delaunay,0,3883,311,769,201
2026-10-09T12:06:03.662981+00:00,1902600011620,14.87,Bueno,17.26,Bueno,interpolacion_delaunay,0,4814,356,1024,301
2026-10-09T12:06:03.662981+00:00,1902600011480,13.91,Bueno,16.49,Bueno,interpolacion_delaunay,0,4784,390,737,223
2026-10-09T12:06:03.662981+00:00,1902600010641,13.33,Bueno,15.6,Bueno,interpolacion_delaunay,0,2917,240,627,202
2026-10-09T12:06:03.662981+00:00,1902600012633,16.87,Aceptable,19.34,Bueno,interpolacion_delaunay,0,2429,188,313,91
2026-10-09T12:06:03.662981+00:00,190260001164A,13.38,Bueno,15.76,Bueno,interpolacion_delaunay,0,2101,168,367,57
2026-10-09T12:06:03.662981+00:00,1902600011635,14.36,Bueno,16.68,Bueno,interpolacion_delaunay,0,4695,347,639,204
2026-10-09T12:06:03.662981+00:00,1902600010961,22.17,Aceptable,28.24,Bueno,interpolacion_delaunay,0,1353,81,150,34
2026-10-09T12:06:03.662981+00:00,1902600011226,13.23,Bueno,14.15,Bueno,interpolacion_delaunay,0,4831,444,615,226
2026-10-09T12:06:03.662981+00:00,1902600012807,13.21,Bueno,13.99,Bueno,interpolacion_delaunay,0,51,0,0,0
2026-10-09T12:06:03.662981+00:00,1902600012737,13.28,Bueno,14.07,Bueno,interpolacion_delaunay,0,153,17,4,4
2026-10-09T12:06:03.662981+00:00,1902600012046,14.31,Bueno,15.44,Bueno,interpolacion_delaunay,0,5116,376,649,199
2026-10-09T12:06:03.662981+00:00,1902600012756,13.6,Bueno,14.4,Bueno,promedio_sensores,1,2572,282,124,24
2026-10-09T12:06:03.662981+00:00,1902600010783,12.89,Bueno,13.78,Bueno,interpolacion_delaunay,0,1477,145,264,42
2026-10-09T12:06:03.662981+00:00,1902600011230,13.32,Bueno,14.28,Bueno,interpolacion_delaunay,0,3324,362,242,132
2026-10-09T12:06:03.662981+00:00,1902600011758,8.2,Bueno,9.3,Bueno,promedio_sensores,1,2105,92,408,43
2026-10-09T12:06:03.662981+00:00,1902600011141,12.4,Bueno,15.26,Bueno,interpolacion_delaunay,0,9036,1161,432,363
2026-10-09T12:06:03.662981+00:00,1902600011743,12.76,Bueno,14.1,Bueno,interpolacion_delaunay,0,7461,709,958,323
2026-10-09T12:06:03.662981+00:00,1902600012629,11.34,Bueno,12.55,Bueno,interpolacion_delaunay,0,1943,149,74,66
2026-10-09T12:06:03.662981+00:00,1902600011762,13.43,Bueno,14.35,Bueno,interpolacion_delaunay,0,2427,183,512,77
2026-10-09T12:06:03.662981+00:00,1902600011194,12.48,Bueno,13.43,Bueno,interpolacion_delaunay,0,4669,300,960,201
2026-10-09T12:06:03.662981+00:00,1902600011052,10.64,Bueno,13.71,Bueno,interpolacion_delaunay,0,7318,799,917,451
2026-10-09T12:06:03.662981+00:00,1902600012722,9.58,Bueno,12.36,Bueno,interpolacion_delaunay,0,1673,182,35,23
2026-10-09T12:06:03.662981+00:00,1902600010209,9.27,Bueno,11.91,Bueno,interpolacion_delaunay,0,0,0,0,0
2026-10-09T12:06:03.662981+00:00,1902600012883,9.42,Bueno,12.11,Bueno,interpolacion_delaunay,0,2693,391,65,39
2026-10-09T12:06:03.662981+00:00,1902600011512,13.36,Bueno,15.24,Bueno,interpolacion_delaunay,0,1411,83,448,118
2026-10-09T12:06:03.662981+00:00,1902600011527,13.58,Bueno,15.39,Bueno,interpolacion_delaunay,0,2114,99,718,127
2026-10-09T12:06:03.662981+00:00,1902600010853,14.04,Bueno,15.98,Bueno,interpolacion_delaunay,0,4562,382,755,151
2026-10-09T12:06:03.662981+00:00,1902600011160,13.7,Bueno,15.5,Bueno,promedio_sensores,1,3568,186,796,79
2026-10-09T12:06:03.662981+00:00,1902600011423,12.49,Bueno,14.28,Bueno,interpolacion_delaunay,0,2358,121,643,149
2026-10-09T12:06:03.662981+00:00,1902600011118,12.85,Bueno,14.06,Bueno,interpolacion_delaunay,0,0,0,0,0
2026-10-09T12:06:03.662981+00:00,1902600010552,13.15,Bueno,14.49,Bueno,interpolacion_delaunay,0,1358,197,299,91
2026-10-09T12:06:03.662981+00:00,1902600010567,12.98,Bueno,14.37,Bueno,interpolacion_delaunay,0,3469,239,807,212
2026-10-09T12:06:03.662981+00:00,1902600010478,12.13,Bueno,14.17,Bueno,interpolacion_delaunay,0,3451,258,686,179
2026-10-09T12:06:03.662981+00:00,1902600012493,12.53,Bueno,14.23,Bueno,interpolacion_delaunay,0,3047,231,451,139
2026-10-09T12:06:03.662981+00:00,1902600012506,12.65,Bueno,14.28,Bueno,interpolacion_delaunay,0,1875,122,448,96
2026-10-09T12:06:03.662981+00:00,1902600011387,11.62,Bueno,13.94,Bueno,interpolacion_delaunay,0,4018,279,697,181
2026-10-09T12:06:03.662981+00:00,1902600010482,11.89,Bueno,14.07,Bueno,interpolacion_delaunay,0,4004,197,1191,226
2026-10-09T12:06:03.662981+00:00,1902600010586,12.4,Bueno,14.17,Bueno,interpolacion_delaunay,0,4983,369,1196,317
2026-10-09T12:06:03.662981+00:00,1902600010590,12.31,Bueno,14.13,Bueno,interpolacion_delaunay,0,3794,290,817,254
2026-10-09T12:06:03.662981+00:00,1902600011940,11.11,Bueno,13.75,Bueno,interpolacion_delaunay,0,3450,256,773,184
2026-10-09T12:06:03.662981+00:00,1902600012224,11.81,Bueno,13.98,Bueno,interpolacion_delaunay,0,1986,122,533,118
2026-10-09T12:06:03.662981+00:00,1902600012239,11.65,Bueno,13.89,Bueno,interpolacion_delaunay,0,2664,206,487,219
2026-10-09T12:06:03.662981+00:00,1902600010548,9.85,Bueno,11.16,Bueno,interpolacion_delaunay,0,4149,203,1177,258
2026-10-09T12:06:03.662981+00:00,1902600012489,14.52,Bueno,17.56,Bueno,interpolacion_delaunay,0,2798,203,290,77
2026-10-09T12:06:03.662981+00:00,1902600011353,11.51,Bueno,14.02,Bueno,interpolacion_delaunay,0,1952,125,417,157
2026-10-09T12:06:03.662981+00:00,1902600012760,12.54,Bueno,16.2,Bueno,interpolacion_delaunay,0,3619,397,120,87
2026-10-09T12:06:03.662981+00:00,1902600011264,12.08,Bueno,15.55,Bueno,interpolacion_delaunay,0,1708,151,158,100
2026-10-09T12:06:03.662981+00:00,190260001285A,10.44,Bueno,13.54,Bueno,interpolacion_delaunay,0,1850,298,50,26
2026-10-09T12:06:03.662981+00:00,1902600010270,10.23,Bueno,13.19,Bueno,interpolacion_delaunay,0,0,0,0,0
2026-10-09T12:06:03.662981+00:00,1902600010406,10.98,Bueno,13.8,Bueno,interpolacion_delaunay,0,2889,225,550,115
2026-10-09T12:06:03.662981+00:00,1902600011067,10.79,Bueno,13.78,Bueno,interpolacion_delaunay,0,4252,360,451,270
2026-10-09T12:06:03.662981+00:00,1902600011086,11.16,Bueno,14.35,Bueno,interpolacion_delaunay,0,3224,245,126,84
2026-10-09T12:06:03.662981+00:00,1902600012313,11.71,Bueno,15.12,Bueno,interpolacion_delaunay,0,2567,202,407,174
2026-10-09T12:06:03.662981+00:00,1902600012309,11.74,Bueno,15.07,Bueno,interpolacion_delaunay,0,2125,241,150,88
2026-10-09T12:06:03.662981+00:00,1902600011809,10.63,Bueno,13.66,Bueno,interpolacion_delaunay,0,2127,251,117,120
2026-10-09T12:06:03.662981+00:00,1902600012864,10.73,Bueno,13.53,Bueno,interpolacion_delaunay,0,1168,168,40,16
2026-10-09T12:06:03.662981+00:00,190260001125A,12.2,Bueno,12.53,Bueno,interpolacion_delaunay,0,541,13,170,22
2026-10-09T12:06:03.662981+00:00,1902600011071,10.95,Bueno,14.13,Bueno,interpolacion_delaunay,0,3143,264,264,89
2026-10-09T12:06:03.662981+00:00,190260001196A,10.81,Bueno,13.91,Bueno,interpolacion_delaunay,0,3349,324,262,100
2026-10-09T12:06:03.662981+00:00,1902600011955,10.81,Bueno,13.62,Bueno,interpolacion_delaunay,0,3582,349,216,97
2026-10-09T12:06:03.662981+00:00,190260001050A,11.36,Bueno,13.77,Bueno,interpolacion_delaunay,0,2022,217,309,73
2026-10-09T12:06:03.662981+00:00,1903900012400,19.4,Aceptable,23.2,Bueno,promedio_sensores,1,4517,429,723,304
2026-10-09T12:06:03.662981+00:00,1903900014657,16.32,Aceptable,17.52,Bueno,interpolacion_delaunay,0,2491,234,438,138
2026-10-09T12:06:03.662981+00:00,1903900013682,13.61,Bueno,15.34,Bueno,interpolacion_delaunay,0,4499,398,653,181
2026-10-09T12:06:03.662981+00:00,1903900010832,19.76,Aceptable,25.4,Bueno,interpolacion_delaunay,0,543,31,158,26
2026-10-09T12:06:03.662981+00:00,1903900011120,12.58,Bueno,14.85,Bueno,interpolacion_delaunay,0,2607,94,831,149
2026-10-09T12:06:03.662981+00:00,1903900012129,12.07,Bueno,14.02,Bueno,interpolacion_delaunay,0,4074,318,790,255
2026-10-09T12:06:03.662981+00:00,190390001363A,16.4,Aceptable,17.39,Bueno,interpolacion_delaunay,0,3850,324,618,201
2026-10-09T12:06:03.662981+00:00,1903900014163,11.82,Bueno,13.11,Bueno,interpolacion_delaunay,0,3563,376,476,178
2026-10-09T12:06:03.662981+00:00,1903900014642,16.36,Aceptable,17.75,Bueno,interpolacion_delaunay,0,2137,227,313,125
2026-10-09T12:06:03.662981+00:00,1903900013589,14.32,Bueno,17.78,Bueno,interpolacion_delaunay,0,1971,102,595,95
2026-10-09T12:06:03.662981+00:00,1903900011370,12.43,Bueno,14.55,Bueno,interpolacion_delaunay,0,1287,71,218,39
2026-10-09T12:06:03.662981+00:00,1903900012114,11.01,Bueno,12.92,Bueno,interpolacion_delaunay,0,2387,84,816,136
2026-10-09T12:06:03.662981+00:00,1903900012203,7.2,Bueno,8.1,Bueno,promedio_sensores,1,2974,126,1034,191
2026-10-09T12:06:03.662981+00:00,1903900013574,12.49,Bueno,15.59,Bueno,interpolacion_delaunay,0,832,37,276,93
2026-10-09T12:06:03.662981+00:00,1903900012792,8.0,Bueno,9.17,Bueno,interpolacion_delaunay,0,1,0,0,0
2026-10-09T12:06:03.662981+00:00,190390001445A,14.03,Bueno,16.28,Bueno,interpolacion_delaunay,0,5563,304,1118,197
2026-10-09T12:06:03.662981+00:00,1903900014638,15.73,Aceptable,17.38,Bueno,interpolacion_delaunay,0,3811,381,571,142
2026-10-09T12:06:03.662981+00:00,1903900012063,13.67,Bueno,14.92,Bueno,interpolacion_delaunay,0,2407,98,743,119
2026-10-09T12:06:03.662981+00:00,1903900011690,7.34,Bueno,8.14,Bueno,interpolacion_delaunay,0,228,12,56,11
2026-10-09T12:06:03.662981+00:00,1903900011760,6.28,Bueno,7.01,Bueno,interpolacion_delaunay,0,1986,129,443,117
2026-10-09T12:06:03.662981+00:00,1903900011934,13.53,Bueno,15.2,Bueno,promedio_sensores,3,2171,83,550,105
2026-10-09T12:06:03.662981+00:00,190390001192A,6.63,Bueno,7.38,Bueno,interpolacion_delaunay,0,2553,117,796,121
2026-10-09T12:06:03.662981+00:00,1903900012044,14.0,Bueno,15.18,Bueno,interpolacion_delaunay,0,1920,122,427,109
2026-10-09T12:06:03.662981+00:00,1903900012078,14.41,Bueno,15.97,Bueno,interpolacion_delaunay,0,2179,136,538,60
2026-10-09T12:06:03.662981+00:00,1903900011525,9.22,Bueno,11.18,Bueno,interpolacion_delaunay,0,590,39,143,33
2026-10-09T12:06:03.662981+00:00,1903900011991,14.0,Bueno,15.1,Bueno,promedio_sensores,1,3236,192,703,201
2026-10-09T12:06:03.662981+00:00,1903900012006,7.67,Bueno,8.54,Bueno,interpolacion_delaunay,0,1972,70,504,136
2026-10-09T12:06:03.662981+00:00,1903900010673,24.27,Aceptable,30.57,Bueno,interpolacion_delaunay,0,2155,174,396,142
2026-10-09T12:06:03.662981+00:00,1903900010298,23.43,Aceptable,30.27,Bueno,interpolacion_delaunay,0,3499,233,739,152
2026-10-09T12:06:03.662981+00:00,1903900010404,22.19,Aceptable,28.67,Bueno,interpolacion_delaunay,0,2835,189,560,150
2026-10-09T12:06:03.662981+00:00,1903900011012,14.71,Bueno,18.48,Bueno,interpolacion_delaunay,0,1216,101,235,35
2026-10-09T12:06:03.662981+00:00,1903900011065,13.41,Bueno,16.12,Bueno,interpolacion_delaunay,0,1981,192,428,144
2026-10-09T12:06:03.662981+00:00,1903900010175,20.11,Aceptable,25.35,Bueno,interpolacion_delaunay,0,1294,70,318,45
2026-10-09T12:06:03.662981+00:00,190390001018A,21.62,Aceptable,27.33,Bueno,interpolacion_delaunay,0,3618,299,750,219
2026-10-09T12:06:03.662981+00:00,1903900010194,21.8,Aceptable,27.71,Bueno,interpolacion_delaunay,0,2850,223,604,173
2026-10-09T12:06:03.662981+00:00,1903900010226,25.26,Aceptable,32.69,Bueno,interpolacion_delaunay,0,4934,461,799,274
2026-10-09T12:06:03.662981+00:00,1903900014229,9.32,Bueno,10.17,Bueno,interpolacion_delaunay,0,2852,249,505,184
2026-10-09T12:06:03.662981+00:00,1903900010353,8.0,Bueno,9.35,Bueno,interpolacion_delaunay,0,3313,167,981,325
2026-10-09T12:06:03.662981+00:00,1903900010936,17.05,Aceptable,20.04,Bueno,interpolacion_delaunay,0,2121,128,459,101
2026-10-09T12:06:03.662981+00:00,1903900011173,9.4,Bueno,10.4,Bueno,promedio_sensores,1,2108,71,659,126
2026-10-09T12:06:03.662981+00:00,1903900011188,15.52,Aceptable,18.12,Bueno,interpolacion_delaunay,0,3322,231,794,185
2026-10-09T12:06:03.662981+00:00,1903900011224,15.3,Aceptable,18.38,Bueno,interpolacion_delaunay,0,3487,327,636,198
2026-10-09T12:06:03.662981+00:00,1903900011328,13.26,Bueno,16.14,Bueno,interpolacion_delaunay,0,1300,73,364,78
2026-10-09T12:06:03.662981+00:00,1903900011332,13.3,Bueno,15.92,Bueno,interpolacion_delaunay,0,2976,208,686,165
2026-10-09T12:06:03.662981+00:00,1903900011493,5.4,Bueno,6.2,Bueno,promedio_sensores,1,498,32,117,21
2026-10-09T12:06:03.662981+00:00,1903900011506,8.1,Bueno,9.65,Bueno,interpolacion_delaunay,0,218,10,60,5
2026-10-09T12:06:03.662981+00:00,1903900011510,8.41,Bueno,10.18,Bueno,interpolacion_delaunay,0,370,18,99,43
2026-10-09T12:06:03.662981+00:00,1903900011563,10.64,Bueno,12.98,Bueno,interpolacion_delaunay,0,1016,57,324,41
2026-10-09T12:06:03.662981+00:00,1903900011652,4.5,Bueno,5.52,Bueno,interpolacion_delaunay,0,1408,46,412,99
2026-10-09T12:06:03.662981+00:00,1903900011667,13.28,Bueno,15.5,Bueno,interpolacion_delaunay,0,811,38,222,38
2026-10-09T12:06:03.662981+00:00,1903900011671,13.19,Bueno,15.4,Bueno,interpolacion_delaunay,0,2135,120,546,122
2026-10-09T12:06:03.662981+00:00,1903900011775,8.18,Bueno,9.3,Bueno,interpolacion_delaunay,0,3247,195,753,173
2026-10-09T12:06:03.662981+00:00,190390001178A,13.64,Bueno,15.63,Bueno,interpolacion_delaunay,0,2085,91,638,124
2026-10-09T12:06:03.662981+00:00,1903900011811,13.4,Bueno,15.37,Bueno,interpolacion_delaunay,0,3726,195,960,140
2026-10-09T12:06:03.662981+00:00,190390001210A,14.0,Bueno,17.0,Bueno,promedio_sensores,1,2790,113,700,150
2026-10-09T12:06:03.662981+00:00,1903900012186,10.55,Bueno,11.85,Bueno,interpolacion_delaunay,0,4169,44,257,49
2026-10-09T12:06:03.662981+00:00,1903900011559,6.2,Bueno,6.8,Bueno,promedio_sensores,1,854,32,232,42
2026-10-09T12:06:03.662981+00:00,1903900013428,22.78,Aceptable,29.16,Bueno,interpolacion_delaunay,0,3351,320,515,172
2026-10-09T12:06:03.662981+00:00,1903900014214,9.95,Bueno,10.9,Bueno,interpolacion_delaunay,0,4120,374,689,171
2026-10-09T12:06:03.662981+00:00,1903900014712,11.71,Bueno,13.09,Bueno,interpolacion_delaunay,0,3085,299,499,125
2026-10-09T12:06:03.662981+00:00,1903900014727,10.78,Bueno,11.96,Bueno,interpolacion_delaunay,0,2574,237,418,75
2026-10-09T12:06:03.662981+00:00,1903900011544,6.39,Bueno,7.27,Bueno,interpolacion_delaunay,0,484,17,104,17
2026-10-09T12:06:03.662981+00:00,1903900011347,12.7,Bueno,14.6,Bueno,promedio_sensores,1,3767,228,949,230
2026-10-09T12:06:03.662981+00:00,1903900011101,12.88,Bueno,14.97,Bueno,interpolacion_delaunay,0,2340,171,499,101
2026-10-09T12:06:03.662981+00:00,1903900010692,13.11,Bueno,16.49,Bueno,interpolacion_delaunay,0,1264,56,294,43
2026-10-09T12:06:03.662981+00:00,190390001071A,3.5,Bueno,3.9,Bueno,promedio_sensores,1,2092,89,717,121
2026-10-09T12:06:03.662981+00:00,190390001153A,5.72,Bueno,6.49,Bueno,interpolacion_delaunay,0,283,20,33,8
2026-10-09T12:06:03.662981+00:00,1903900012222,11.6,Bueno,12.77,Bueno,interpolacion_delaunay,0,2481,214,440,130
2026-10-09T12:06:03.662981+00:00,1903900010048,20.54,Aceptable,25.35,Bueno,interpolacion_delaunay,0,2757,231,541,184
2026-10-09T12:06:03.662981+00:00,1903900010160,19.23,Aceptable,24.22,Bueno,interpolacion_delaunay,0,1233,55,334,97
2026-10-09T12:06:03.662981+00:00,1903900011915,8.36,Bueno,9.2,Bueno,interpolacion_delaunay,0,1171,52,296,69
2026-10-09T12:06:03.662981+00:00,1903900012824,4.41,Bueno,5.06,Bueno,interpolacion_delaunay,0,0,0,0,0
2026-10-09T12:06:03.662981+00:00,1903900010103,18.45,Aceptable,22.92,Bueno,interpolacion_delaunay,0,2537,115,733,107
2026-10-09T12:06:03.662981+00:00,1903900010122,21.91,Aceptable,27.65,Bueno,interpolacion_delaunay,0,3875,316,762,228
2026-10-09T12:06:03.662981+00:00,1903900010207,23.43,Aceptable,29.85,Bueno,interpolacion_delaunay,0,2935,264,476,100
2026-10-09T12:06:03.662981+00:00,190390001089A,16.55,Aceptable,19.9,Bueno,interpolacion_delaunay,0,2450,84,735,103
2026-10-09T12:06:03.662981+00:00,1903900010813,22.8,Aceptable,29.59,Bueno,interpolacion_delaunay,0,1266,76,281,65
2026-10-09T12:06:03.662981+00:00,190390001096A,18.04,Aceptable,22.0,Bueno,interpolacion_delaunay,0,735,52,175,36
2026-10-09T12:06:03.662981+00:00,190390001107A,13.4,Bueno,16.11,Bueno,interpolacion_delaunay,0,2056,191,358,98
2026-10-09T12:06:03.662981+00:00,1903900011099,12.91,Bueno,15.02,Bueno,interpolacion_delaunay,0,1728,108,401,82
2026-10-09T12:06:03.662981+00:00,1903900011281,10.57,Bueno,12.88,Bueno,interpolacion_delaunay,0,162,9,42,10
2026-10-09T12:06:03.662981+00:00,190390001146A,11.4,Bueno,13.02,Bueno,interpolacion_delaunay,0,1878,94,425,114
2026-10-09T12:06:03.662981+00:00,1903900011474,14.39,Bueno,16.84,Bueno,interpolacion_delaunay,0,1482,65,348,91
2026-10-09T12:06:03.662981+00:00,1903900011648,6.31,Bueno,7.37,Bueno,interpolacion_delaunay,0,1275,46,383,92
2026-10-09T12:06:03.662981+00:00,1903900011953,13.71,Bueno,15.54,Bueno,interpolacion_delaunay,0,4331,383,782,275
2026-10-09T12:06:03.662981+00:00,1903900011968,13.47,Bueno,15.14,Bueno,interpolacion_delaunay,0,2452,198,521,139
2026-10-09T12:06:03.662981+00:00,1903900011972,12.73,Bueno,14.01,Bueno,interpolacion_delaunay,0,2152,173,501,93
2026-10-09T12:06:03.662981+00:00,1903900011987,12.58,Bueno,13.66,Bueno,interpolacion_delaunay,0,2330,153,564,186
2026-10-09T12:06:03.662981+00:00,1903900012010,11.5,Bueno,12.57,Bueno,promedio_sensores,3,377,6,32,6
2026-10-09T12:06:03.662981+00:00,1903900012025,13.13,Bueno,15.66,Bueno,interpolacion_delaunay,0,4868,169,1336,220
2026-10-09T12:06:03.662981+00:00,1903900012608,15.83,Aceptable,19.0,Bueno,interpolacion_delaunay,0,3563,325,452,140
2026-10-09T12:06:03.662981+00:00,1903900012260,10.98,Bueno,11.9,Bueno,interpolacion_delaunay,0,2549,128,738,140
2026-10-09T12:06:03.662981+00:00,1903900012523,19.54,Aceptable,23.77,Bueno,interpolacion_delaunay,0,5883,502,863,210
2026-10-09T12:06:03.662981+00:00,1903900012576,17.46,Aceptable,20.81,Bueno,interpolacion_delaunay,0,3643,363,363,152
2026-10-09T12:06:03.662981+00:00,1903900012612,18.56,Aceptable,22.67,Bueno,interpolacion_delaunay,0,3707,369,423,217
2026-10-09T12:06:03.662981+00:00,1903900013339,21.06,Aceptable,25.88,Bueno,interpolacion_delaunay,0,3291,330,562,149
2026-10-09T12:06:03.662981+00:00,1903900013432,24.32,Aceptable,31.22,Bueno,interpolacion_delaunay,0,3283,331,497,186
2026-10-09T12:06:03.662981+00:00,1903900013381,20.35,Aceptable,25.34,Bueno,interpolacion_delaunay,0,3469,305,681,259
2026-10-09T12:06:03.662981+00:00,1903900013324,20.13,Aceptable,24.47,Bueno,interpolacion_delaunay,0,2714,268,458,83
2026-10-09T12:06:03.662981+00:00,1903900014587,13.7,Bueno,17.08,Bueno,interpolacion_delaunay,0,1315,68,368,60
2026-10-09T12:06:03.662981+00:00,1903900014604,5.13,Bueno,5.5,Bueno,interpolacion_delaunay,0,2075,111,610,109
2026-10-09T12:06:03.662981+00:00,1903900014661,14.88,Bueno,16.77,Bueno,interpolacion_delaunay,0,2902,69,608,127
2026-10-09T12:06:03.662981+00:00,1903900014680,15.06,Aceptable,18.55,Bueno,interpolacion_delaunay,0,2293,96,745,94
2026-10-09T12:06:03.662981+00:00,1903900011239,16.03,Aceptable,19.49,Bueno,interpolacion_delaunay,0,3332,293,662,233
2026-10-09T12:06:03.662981+00:00,1903900011489,14.9,Bueno,17.4,Bueno,promedio_sensores,1,1608,86,419,74
2026-10-09T12:06:03.662981+00:00,1903900010279,19.88,Aceptable,25.2,Bueno,interpolacion_delaunay,0,2220,107,580,282
2026-10-09T12:06:03.662981+00:00,1903900010531,25.48,Aceptable,33.29,Bueno,interpolacion_delaunay,0,5417,419,1156,491
2026-10-09T12:06:03.662981+00:00,1903900010635,18.21,Aceptable,22.65,Bueno,interpolacion_delaunay,0,2264,78,723,158
2026-10-09T12:06:03.662981+00:00,1903900011686,8.67,Bueno,9.88,Bueno,interpolacion_delaunay,0,153,7,36,5
2026-10-09T12:06:03.662981+00:00,1903900011807,13.59,Bueno,15.6,Bueno,interpolacion_delaunay,0,2430,99,765,107
2026-10-09T12:06:03.662981+00:00,1903900011830,20.1,Aceptable,23.9,Bueno,promedio_sensores,1,898,35,265,16
2026-10-09T12:06:03.662981+00:00,1903900012097,13.5,Bueno,15.6,Bueno,promedio_sensores,1,4087,88,440,163
2026-10-09T12:06:03.662981+00:00,1903900012256,13.0,Bueno,14.22,Bueno,interpolacion_delaunay,0,4590,303,1006,320
2026-10-09T12:06:03.662981+00:00,1903900012307,11.4,Bueno,11.93,Bueno,promedio_sensores,3,2986,141,683,94
2026-10-09T12:06:03.662981+00:00,1903900012453,6.82,Bueno,7.49,Bueno,interpolacion_delaunay,0,2219,109,403,76
2026-10-09T12:06:03.662981+00:00,1903900012716,12.51,Bueno,14.59,Bueno,interpolacion_delaunay,0,78,3,14,8
2026-10-09T12:06:03.662981+00:00,1903900012735,12.72,Bueno,14.75,Bueno,interpolacion_delaunay,0,0,0,0,0
2026-10-09T12:06:03.662981+00:00,1903900012769,21.07,Aceptable,25.51,Bueno,interpolacion_delaunay,0,279,15,54,0
2026-10-09T12:06:03.662981+00:00,1903900012773,11.14,Bueno,12.99,Bueno,interpolacion_delaunay,0,0,0,0,0
2026-10-09T12:06:03.662981+00:00,1903900014040,24.42,Aceptable,30.94,Bueno,interpolacion_delaunay,0,3042,337,450,116
2026-10-09T12:06:03.662981+00:00,1903900014178,14.26,Bueno,16.11,Bueno,interpolacion_delaunay,0,4610,493,538,196
2026-10-09T12:06:03.662981+00:00,1903900010156,18.38,Aceptable,23.0,Bueno,interpolacion_delaunay,0,2930,146,830,151
2026-10-09T12:06:03.662981+00:00,1903900010264,16.62,Aceptable,20.91,Bueno,interpolacion_delaunay,0,4282,326,814,272
2026-10-09T12:06:03.662981+00:00,1903900010283,20.63,Aceptable,26.33,Bueno,interpolacion_delaunay,0,2911,218,619,83
2026-10-09T12:06:03.662981+00:00,1903900010315,27.65,Aceptable,36.04,Bueno,interpolacion_delaunay,0,3515,316,654,216
2026-10-09T12:06:03.662981+00:00,190390001032A,29.15,Aceptable,37.96,Bueno,interpolacion_delaunay,0,4173,426,573,279
2026-10-09T12:06:03.662981+00:00,1903900010349,31.92,Aceptable,42.07,Bueno,interpolacion_delaunay,0,2637,166,677,132
2026-10-09T12:06:03.662981+00:00,1903900010391,20.85,Aceptable,26.85,Bueno,interpolacion_delaunay,0,3850,295,727,205
2026-10-09T12:06:03.662981+00:00,1903900010438,28.48,Aceptable,37.44,Bueno,interpolacion_delaunay,0,3338,313,521,73
2026-10-09T12:06:03.662981+00:00,1903900010442,30.19,Aceptable,39.56,Bueno,interpolacion_delaunay,0,2676,239,533,136
2026-10-09T12:06:03.662981+00:00,1903900010457,12.63,Bueno,15.88,Bueno,interpolacion_delaunay,0,3408,175,1149,225
2026-10-09T12:06:03.662981+00:00,1903900010480,18.32,Aceptable,23.68,Bueno,interpolacion_delaunay,0,1388,64,440,114
2026-10-09T12:06:03.662981+00:00,1903900010512,20.86,Aceptable,26.82,Bueno,interpolacion_delaunay,0,2980,202,741,168
2026-10-09T12:06:03.662981+00:00,1903900010546,22.8,Aceptable,29.31,Bueno,interpolacion_delaunay,0,2660,141,683,117
2026-10-09T12:06:03.662981+00:00,1903900010550,25.18,Aceptable,32.56,Bueno,interpolacion_delaunay,0,2279,182,478,160
2026-10-09T12:06:03.662981+00:00,1903900010565,27.79,Aceptable,36.18,Bueno,interpolacion_delaunay,0,2608,254,432,94
2026-10-09T12:06:03.662981+00:00,190390001057A,26.38,Aceptable,33.86,Bueno,interpolacion_delaunay,0,1514,131,335,33
2026-10-09T12:06:03.662981+00:00,1903900010599,6.03,Bueno,6.89,Bueno,interpolacion_delaunay,0,2808,125,1047,137
2026-10-09T12:06:03.662981+00:00,1903900010601,13.21,Bueno,16.74,Bueno,interpolacion_delaunay,0,5314,412,1126,426
2026-10-09T12:06:03.662981+00:00,1903900010620,15.97,Aceptable,19.52,Bueno,interpolacion_delaunay,0,2515,85,744,131
2026-10-09T12:06:03.662981+00:00,190390001064A,20.05,Aceptable,25.13,Bueno,interpolacion_delaunay,0,2719,125,702,154
2026-10-09T12:06:03.662981+00:00,1903900010654,23.25,Aceptable,29.6,Bueno,interpolacion_delaunay,0,2609,119,783,144
2026-10-09T12:06:03.662981+00:00,1903900010705,5.89,Bueno,6.42,Bueno,interpolacion_delaunay,0,1996,93,661,76
2026-10-09T12:06:03.662981+00:00,1903900010739,16.51,Aceptable,19.92,Bueno,interpolacion_delaunay,0,1701,60,561,127
2026-10-09T12:06:03.662981+00:00,1903900010743,18.26,Aceptable,22.25,Bueno,interpolacion_delaunay,0,1991,112,552,108
2026-10-09T12:06:03.662981+00:00,1903900010758,19.59,Aceptable,24.05,Bueno,interpolacion_delaunay,0,1207,67,324,54
2026-10-09T12:06:03.662981+00:00,1903900010796,23.42,Aceptable,30.16,Bueno,interpolacion_delaunay,0,0,0,0,0
2026-10-09T12:06:03.662981+00:00,1903900010828,21.4,Aceptable,27.68,Bueno,interpolacion_delaunay,0,1085,46,363,57
2026-10-09T12:06:03.662981+00:00,1903900010866,10.97,Bueno,12.89,Bueno,interpolacion_delaunay,0,1678,49,570,85
2026-10-09T12:06:03.662981+00:00,1903900010870,14.55,Bueno,17.96,Bueno,interpolacion_delaunay,0,3879,268,842,254
2026-10-09T12:06:03.662981+00:00,1903900010885,15.75,Aceptable,19.11,Bueno,interpolacion_delaunay,0,1668,63,493,70
2026-10-09T12:06:03.662981+00:00,1903900010940,17.39,Aceptable,20.73,Bueno,interpolacion_delaunay,0,3419,259,605,213
2026-10-09T12:06:03.662981+00:00,1903900011046,13.92,Bueno,17.25,Bueno,interpolacion_delaunay,0,1800,151,355,99
2026-10-09T12:06:03.662981+00:00,1903900011135,14.28,Bueno,16.68,Bueno,interpolacion_delaunay,0,1752,62,519,67
2026-10-09T12:06:03.662981+00:00,190390001114A,13.9,Bueno,17.3,Bueno,promedio_sensores,1,1380,53,428,34
2026-10-09T12:06:03.662981+00:00,1903900011154,13.79,Bueno,16.54,Bueno,interpolacion_delaunay,0,1623,62,444,64
2026-10-09T12:06:03.662981+00:00,1903900011169,14.3,Bueno,16.65,Bueno,promedio_sensores,2,2880,73,732,160
2026-10-09T12:06:03.662981+00:00,1903900011192,13.93,Bueno,16.11,Bueno,interpolacion_delaunay,0,2657,175,674,141
2026-10-09T12:06:03.662981+00:00,1903900011205,15.1,Aceptable,17.62,Bueno,interpolacion_delaunay,0,122,13,22,0
2026-10-09T12:06:03.662981+00:00,1903900011243,11.26,Bueno,13.41,Bueno,interpolacion_delaunay,0,475,45,76,44
2026-10-09T12:06:03.662981+00:00,1903900011258,12.22,Bueno,14.78,Bueno,interpolacion_delaunay,0,1048,106,166,35
2026-10-09T12:06:03.662981+00:00,1903900011262,15.43,Aceptable,18.96,Bueno,interpolacion_delaunay,0,1756,114,447,140
2026-10-09T12:06:03.662981+00:00,1903900011277,13.39,Bueno,16.51,Bueno,interpolacion_delaunay,0,2024,136,529,164
2026-10-09T12:06:03.662981+00:00,1903900011309,14.2,Bueno,17.9,Bueno,promedio_sensores,1,1761,123,433,90
2026-10-09T12:06:03.662981+00:00,1903900011351,12.64,Bueno,14.63,Bueno,interpolacion_delaunay,0,2734,167,651,175
2026-10-09T12:06:03.662981+00:00,1903900011366,12.54,Bueno,14.59,Bueno,interpolacion_delaunay,0,0,0,0,0
2026-10-09T12:06:03.662981+00:00,1903900011421,17.3,Aceptable,20.0,Bueno,promedio_sensores,1,3327,204,738,54
2026-10-09T12:06:03.662981+00:00,1903900011436,16.08,Aceptable,18.96,Bueno,interpolacion_delaunay,0,1869,83,431,69
2026-10-09T12:06:03.662981+00:00,1903900011440,16.41,Aceptable,18.96,Bueno,interpolacion_delaunay,0,1644,76,453,82
2026-10-09T12:06:03.662981+00:00,1903900011455,18.07,Aceptable,21.16,Bueno,interpolacion_delaunay,0,1330,38,379,65
2026-10-09T12:06:03.662981+00:00,1903900011578,8.81,Bueno,9.41,Bueno,interpolacion_delaunay,0,1668,78,469,55
2026-10-09T12:06:03.662981+00:00,1903900011582,10.5,Bueno,11.1,Bueno,promedio_sensores,1,1943,98,485,98
2026-10-09T12:06:03.662981+00:00,190390001160A,12.83,Bueno,14.85,Bueno,interpolacion_delaunay,0,1878,106,479,110
2026-10-09T12:06:03.662981+00:00,1903900011614,12.97,Bueno,14.95,Bueno,interpolacion_delaunay,0,2516,127,727,95
2026-10-09T12:06:03.662981+00:00,1903900011633,16.65,Aceptable,19.99,Bueno,interpolacion_delaunay,0,810,34,225,59
2026-10-09T12:06:03.662981+00:00,1903900011703,6.92,Bueno,7.55,Bueno,interpolacion_delaunay,0,3184,63,372,52
2026-10-09T12:06:03.662981+00:00,1903900011722,12.15,Bueno,14.26,Bueno,interpolacion_delaunay,0,511,20,136,16
2026-10-09T12:06:03.662981+00:00,1903900011737,9.57,Bueno,11.08,Bueno,interpolacion_delaunay,0,377,25,76,21
2026-10-09T12:06:03.662981+00:00,1903900011741,9.29,Bueno,10.35,Bueno,interpolacion_delaunay,0,179,8,28,10
2026-10-09T12:06:03.662981+00:00,1903900011756,8.94,Bueno,9.72,Bueno,interpolacion_delaunay,0,191,3,61,18
2026-10-09T12:06:03.662981+00:00,1903900011794,13.73,Bueno,15.79,Bueno,interpolacion_delaunay,0,2555,160,623,167
2026-10-09T12:06:03.662981+00:00,1903900011845,6.3,Bueno,6.6,Bueno,promedio_sensores,1,2750,133,527,66
2026-10-09T12:06:03.662981+00:00,190390001185A,11.86,Bueno,13.68,Bueno,interpolacion_delaunay,0,2718,189,497,75
2026-10-09T12:06:03.662981+00:00,1903900011879,12.09,Bueno,13.88,Bueno,interpolacion_delaunay,0,2302,190,467,160
2026-10-09T12:06:03.662981+00:00,1903900011883,12.0,Bueno,13.54,Bueno,interpolacion_delaunay,0,2653,217,567,162
2026-10-09T12:06:03.662981+00:00,1903900011898,12.8,Bueno,14.24,Bueno,interpolacion_delaunay,0,2466,163,572,128
2026-10-09T12:06:03.662981+00:00,1903900011900,11.15,Bueno,12.15,Bueno,interpolacion_delaunay,0,1274,99,333,108
2026-10-09T12:06:03.662981+00:00,1903900012167,12.54,Bueno,14.3,Bueno,interpolacion_delaunay,0,2883,124,813,123
2026-10-09T12:06:03.662981+00:00,1903900012190,9.7,Bueno,11.0,Bueno,interpolacion_delaunay,0,1182,41,455,89
2026-10-09T12:06:03.662981+00:00,1903900012218,8.08,Bueno,8.95,Bueno,interpolacion_delaunay,0,1788,87,512,71
2026-10-09T12:06:03.662981+00:00,1903900012241,9.49,Bueno,10.34,Bueno,interpolacion_delaunay,0,1136,46,404,79
2026-10-09T12:06:03.662981+00:00,1903900012275,9.93,Bueno,10.61,Bueno,interpolacion_delaunay,0,3740,200,896,144
2026-10-09T12:06:03.662981+00:00,1903900012472,17.6,Aceptable,21.5,Bueno,promedio_sensores,1,4662,342,773,243
2026-10-09T12:06:03.662981+00:00,190390001267A,8.27,Bueno,9.58,Bueno,interpolacion_delaunay,0,3909,249,1025,191
2026-10-09T12:06:03.662981+00:00,1903900012684,8.05,Bueno,9.23,Bueno,interpolacion_delaunay,0,2186,73,687,43
2026-10-09T12:06:03.662981+00:00,1903900012720,12.0,Bueno,14.3,Bueno,promedio_sensores,1,970,52,170,37
2026-10-09T12:06:03.662981+00:00,190390001274A,11.22,Bueno,13.22,Bueno,interpolacion_delaunay,0,10,0,0,0
2026-10-09T12:06:03.662981+00:00,1903900012754,13.02,Bueno,15.15,Bueno,interpolacion_delaunay,0,3205,214,714,184
2026-10-09T12:06:03.662981+00:00,1903900012788,9.8,Bueno,10.73,Bueno,interpolacion_delaunay,0,0,0,0,0
2026-10-09T12:06:03.662981+00:00,190390001281A,5.6,Bueno,6.5,Bueno,promedio_sensores,1,327,0,0,0
2026-10-09T12:06:03.662981+00:00,1903900012877,2.04,Bueno,2.35,Bueno,interpolacion_delaunay,0,0,0,0,0
2026-10-09T12:06:03.662981+00:00,1903900013451,26.28,Aceptable,34.1,Bueno,interpolacion_delaunay,0,4308,421,672,304
2026-10-09T12:06:03.662981+00:00,1903900013555,10.31,Bueno,12.03,Bueno,interpolacion_delaunay,0,4663,290,902,166
2026-10-09T12:06:03.662981+00:00,1903900013593,15.33,Aceptable,18.11,Bueno,interpolacion_delaunay,0,2322,237,355,231
2026-10-09T12:06:03.662981+00:00,1903900013606,15.71,Aceptable,18.47,Bueno,interpolacion_delaunay,0,2907,266,482,206
2026-10-09T12:06:03.662981+00:00,1903900013610,12.29,Bueno,14.5,Bueno,interpolacion_delaunay,0,2513,260,368,178
2026-10-09T12:06:03.662981+00:00,1903900013659,16.49,Aceptable,19.55,Bueno,interpolacion_delaunay,0,1885,176,371,95
2026-10-09T12:06:03.662981+00:00,190390001406A,27.04,Aceptable,34.92,Bueno,interpolacion_delaunay,0,4196,447,516,257
2026-10-09T12:06:03.662981+00:00,1903900014093,18.36,Aceptable,23.29,Bueno,interpolacion_delaunay,0,3096,303,444,145
2026-10-09T12:06:03.662981+00:00,1903900014144,18.93,Aceptable,23.5,Bueno,interpolacion_delaunay,0,883,38,360,125
2026-10-09T12:06:03.662981+00:00,1903900014159,1.6,Bueno,2.3,Bueno,promedio_sensores,1,620,20,142,55
2026-10-09T12:06:03.662981+00:00,1903900014500,19.19,Aceptable,24.53,Bueno,interpolacion_delaunay,0,3056,353,283,111
2026-10-09T12:06:03.662981+00:00,1903900014515,18.56,Aceptable,23.88,Bueno,interpolacion_delaunay,0,3391,252,688,180
2026-10-09T12:06:03.662981+00:00,1903900014549,24.6,Aceptable,32.1,Bueno,interpolacion_delaunay,0,4319,365,785,218
2026-10-09T12:06:03.662981+00:00,1903900014553,26.38,Aceptable,34.49,Bueno,interpolacion_delaunay,0,3885,315,748,307
2026-10-09T12:06:03.662981+00:00,1903900014619,1.38,Bueno,1.59,Bueno,interpolacion_delaunay,0,2679,137,355,34
2026-10-09T12:06:03.662981+00:00,1903900014623,12.9,Bueno,15.1,Bueno,promedio_sensores,1,1853,99,476,133
2026-10-09T12:06:03.662981+00:00,1903900014731,13.48,Bueno,15.39,Bueno,interpolacion_delaunay,0,2772,164,687,112
2026-10-09T12:06:03.662981+00:00,1903900014905,8.84,Bueno,9.38,Bueno,interpolacion_delaunay,0,2280,182,284,44
2026-10-09T12:06:03.662981+00:00,190390001491A,4.39,Bueno,4.68,Bueno,interpolacion_delaunay,0,897,47,73,0
2026-10-09T12:06:03.662981+00:00,1903900014924,14.2,Bueno,14.6,Bueno,promedio_sensores,1,2425,136,485,38
2026-10-09T12:06:03.662981+00:00,1903900014939,14.51,Bueno,16.07,Bueno,interpolacion_delaunay,0,1974,92,485,50
2026-10-09T12:06:03.662981+00:00,1903900015142,9.17,Bueno,9.9,Bueno,interpolacion_delaunay,0,2839,330,193,45
2026-10-09T12:06:03.662981+00:00,1903900011385,12.52,Bueno,14.54,Bueno,interpolacion_delaunay,0,1585,87,442,107
2026-10-09T12:06:03.662981+00:00,1903900012805,12.42,Bueno,14.55,Bueno,interpolacion_delaunay,0,3258,186,362,30
2026-10-09T12:06:03.662981+00:00,1903900011826,17.93,Aceptable,20.43,Bueno,interpolacion_delaunay,0,1966,181,300,39
2026-10-09T12:06:03.662981+00:00,1903900012468,9.05,Bueno,10.52,Bueno,interpolacion_delaunay,0,3979,370,451,75
2026-10-09T12:06:03.662981+00:00,1903900012133,15.56,Aceptable,17.9,Bueno,interpolacion_delaunay,0,3643,409,514,130
2026-10-09T12:06:03.662981+00:00,1903900014182,14.82,Bueno,17.02,Bueno,interpolacion_delaunay,0,2164,180,491,80
2026-10-09T12:06:03.662981+00:00,1903900012152,14.15,Bueno,16.42,Bueno,interpolacion_delaunay,0,2360,140,519,93
2026-10-09T12:06:03.662981+00:00,1903900012082,14.03,Bueno,16.03,Bueno,interpolacion_delaunay,0,2402,95,700,143
2026-10-09T12:06:03.662981+00:00,1903900013663,13.84,Bueno,15.81,Bueno,interpolacion_delaunay,0,4832,422,675,278
2026-10-09T12:06:03.662981+00:00,1903900013714,9.78,Bueno,9.89,Bueno,interpolacion_delaunay,0,4743,468,751,239
2026-10-09T12:06:03.662981+00:00,1903900012858,7.94,Bueno,8.46,Bueno,interpolacion_delaunay,0,0,0,0,0
2026-10-09T12:06:03.662981+00:00,1903900012839,5.26,Bueno,5.95,Bueno,interpolacion_delaunay,0,426,30,39,0
2026-10-09T12:06:03.662981+00:00,1903900012843,13.0,Bueno,14.0,Bueno,promedio_sensores,1,3288,154,618,59
2026-10-09T12:06:03.662981+00:00,1903900012862,3.58,Bueno,4.09,Bueno,interpolacion_delaunay,0,0,0,0,0
2026-10-09T12:06:03.662981+00:00,1903900013733,7.24,Bueno,7.32,Bueno,interpolacion_delaunay,0,1895,90,465,59
2026-10-09T12:06:03.662981+00:00,1903900012294,10.56,Bueno,11.19,Bueno,interpolacion_delaunay,0,3104,120,1010,138
2026-10-09T12:06:03.662981+00:00,190390001228A,12.15,Bueno,13.01,Bueno,interpolacion_delaunay,0,2430,94,799,56
2026-10-09T12:06:03.662981+00:00,1903900010423,28.8,Aceptable,37.76,Bueno,interpolacion_delaunay,0,3542,305,682,134
2026-10-09T12:06:03.662981+00:00,1903900010334,30.27,Aceptable,39.64,Bueno,interpolacion_delaunay,0,878,76,200,70
2026-10-09T12:06:03.662981+00:00,1903900010071,17.15,Aceptable,21.11,Bueno,interpolacion_delaunay,0,2520,129,682,146
2026-10-09T12:06:03.662981+00:00,1903900014869,1.96,Bueno,2.1,Bueno,interpolacion_delaunay,0,4404,353,307,53
2026-10-09T12:06:03.662981+00:00,1903900013748,5.79,Bueno,5.91,Bueno,interpolacion_delaunay,0,3552,225,627,97
2026-10-09T12:06:03.662981+00:00,1903900011050,13.48,Bueno,16.27,Bueno,interpolacion_delaunay,0,1589,135,342,104
2026-10-09T12:06:03.662981+00:00,1903900011116,12.79,Bueno,15.03,Bueno,interpolacion_delaunay,0,0,0,0,0
2026-10-09T12:06:03.662981+00:00,1903900010809,24.47,Aceptable,31.87,Bueno,interpolacion_delaunay,0,59,3,14,3
2026-10-09T12:06:03.662981+00:00,1903900010989,18.79,Aceptable,23.8,Bueno,interpolacion_delaunay,0,6061,564,591,133
2026-10-09T12:06:03.662981+00:00,1903900010851,13.44,Bueno,16.17,Bueno,interpolacion_delaunay,0,1601,105,413,68
2026-10-09T12:06:03.662981+00:00,1903900013413,13.47,Bueno,15.92,Bueno,interpolacion_delaunay,0,7251,522,1316,316
2026-10-09T12:06:03.662981+00:00,1903900010033,16.28,Aceptable,19.33,Bueno,interpolacion_delaunay,0,3321,285,588,124
2026-10-09T12:06:03.662981+00:00,1903900010137,13.17,Bueno,15.5,Bueno,interpolacion_delaunay,0,4478,279,1202,320
2026-10-09T12:06:03.662981+00:00,1903900010141,14.55,Bueno,17.88,Bueno,interpolacion_delaunay,0,4273,225,965,185
2026-10-09T12:06:03.662981+00:00,1903900010762,21.58,Aceptable,26.84,Bueno,interpolacion_delaunay,0,1600,114,337,68
2026-10-09T12:06:03.662981+00:00,1903900014106,16.63,Aceptable,21.08,Bueno,interpolacion_delaunay,0,4189,248,1019,177
2026-10-09T12:06:03.662981+00:00,1903900014110,15.63,Aceptable,19.98,Bueno,interpolacion_delaunay,0,2699,161,643,225
2026-10-09T12:06:03.662981+00:00,1903900010921,19.3,Aceptable,23.32,Bueno,interpolacion_delaunay,0,2388,213,393,106
2026-10-09T12:06:03.662981+00:00,1903900010669,21.87,Aceptable,27.12,Bueno,interpolacion_delaunay,0,2152,159,463,119
2026-10-09T12:06:03.662981+00:00,1903900010067,16.91,Aceptable,20.65,Bueno,interpolacion_delaunay,0,2799,155,819,158
2026-10-09T12:06:03.662981+00:00,1903900010688,25.52,Aceptable,32.81,Bueno,interpolacion_delaunay,0,2838,195,394,149
2026-10-09T12:06:03.662981+00:00,1903900010584,29.09,Aceptable,37.78,Bueno,interpolacion_delaunay,0,3226,273,587,141
2026-10-09T12:06:03.662981+00:00,1903900011417,16.06,Aceptable,17.84,Bueno,interpolacion_delaunay,0,3077,152,970,79
2026-10-09T12:06:03.662981+00:00,1903900013837,16.18,Aceptable,18.01,Bueno,interpolacion_delaunay,0,3561,193,908,77
2026-10-09T12:06:03.662981+00:00,1903900013930,25.96,Aceptable,33.01,Bueno,interpolacion_delaunay,0,1431,202,111,73
2026-10-09T12:06:03.662981+00:00,1903900014055,26.2,Aceptable,33.59,Bueno,interpolacion_delaunay,0,4222,525,372,136
2026-10-09T12:06:03.662981+00:00,190390001420A,15.81,Aceptable,18.68,Bueno,interpolacion_delaunay,0,3029,320,382,97
2026-10-09T12:06:03.662981+00:00,1903900014197,15.3,Aceptable,17.88,Bueno,interpolacion_delaunay,0,2456,248,321,138
2026-10-09T12:06:03.662981+00:00,1903900010974,19.11,Aceptable,23.89,Bueno,interpolacion_delaunay,0,781,39,192,50
2026-10-09T12:06:03.662981+00:00,1903900011084,12.96,Bueno,15.13,Bueno,interpolacion_delaunay,0,1782,162,338,82
2026-10-09T12:06:03.662981+00:00,1903900010847,16.81,Aceptable,21.32,Bueno,interpolacion_delaunay,0,1023,82,199,53
2026-10-09T12:06:03.662981+00:00,1903900010993,18.18,Aceptable,23.3,Bueno,interpolacion_delaunay,0,1086,95,211,53
2026-10-09T12:06:03.662981+00:00,1903900010372,17.33,Aceptable,22.14,Bueno,interpolacion_delaunay,0,2524,139,785,102
2026-10-09T12:06:03.662981+00:00,1903900011031,13.87,Bueno,17.12,Bueno,interpolacion_delaunay,0,1190,84,257,58
2026-10-09T12:06:03.662981+00:00,1903900010902,17.06,Aceptable,20.32,Bueno,interpolacion_delaunay,0,3066,119,898,183
2026-10-09T12:06:03.662981+00:00,1903900010777,21.84,Aceptable,27.47,Bueno,interpolacion_delaunay,0,1329,106,264,76
2026-10-09T12:06:03.662981+00:00,1903900010781,21.83,Aceptable,27.65,Bueno,interpolacion_delaunay,0,242,8,54,15
2026-10-09T12:06:03.662981+00:00,1903900014572,15.01,Aceptable,18.85,Bueno,interpolacion_delaunay,0,1442,81,389,93
2026-10-09T12:06:03.662981+00:00,1903900014676,16.39,Aceptable,20.64,Bueno,interpolacion_delaunay,0,2120,102,506,104
2026-10-09T12:06:03.662981+00:00,190390001025A,15.74,Aceptable,19.64,Bueno,interpolacion_delaunay,0,3942,258,986,278
2026-10-09T12:06:03.662981+00:00,1903900010495,18.73,Aceptable,24.03,Bueno,interpolacion_delaunay,0,1812,109,420,98
2026-10-09T12:06:03.662981+00:00,1903900010917,18.3,Aceptable,21.6,Bueno,promedio_sensores,1,2843,155,698,133
2026-10-09T12:06:03.662981+00:00,1903900010955,19.57,Aceptable,24.13,Bueno,interpolacion_delaunay,0,288,25,64,22
2026-10-09T12:06:03.662981+00:00,1903900013697,11.93,Bueno,12.08,Bueno,interpolacion_delaunay,0,1977,183,341,77
2026-10-09T12:06:03.662981+00:00,1903900013860,25.09,Aceptable,32.05,Bueno,interpolacion_delaunay,0,3174,344,383,184
2026-10-09T12:06:03.662981+00:00,1903900015439,4.6,Bueno,4.96,Bueno,interpolacion_delaunay,0,627,97,12,5
2026-10-09T12:06:03.662981+00:00,1903900011027,15.24,Aceptable,19.26,Bueno,interpolacion_delaunay,0,509,36,115,25
2026-10-09T12:06:03.662981+00:00,1903900013998,20.87,Aceptable,25.52,Bueno,interpolacion_delaunay,0,5766,706,558,248
2026-10-09T12:06:03.662981+00:00,190390001477A,10.66,Bueno,11.06,Bueno,interpolacion_delaunay,0,550,33,68,4
2026-10-09T12:06:03.662981+00:00,1903900014002,22.36,Aceptable,27.65,Bueno,interpolacion_delaunay,0,5494,669,668,240
2026-10-09T12:06:03.662981+00:00,1903900014873,0.79,Bueno,0.87,Bueno,interpolacion_delaunay,0,2383,154,261,52
2026-10-09T12:06:03.662981+00:00,1903900011008,16.49,Aceptable,20.82,Bueno,interpolacion_delaunay,0,1877,145,377,135
2026-10-09T12:06:03.662981+00:00,1903900011313,13.98,Bueno,17.4,Bueno,interpolacion_delaunay,0,5055,336,882,185
2026-10-09T12:06:03.662981+00:00,190390001139A,12.56,Bueno,14.32,Bueno,interpolacion_delaunay,0,1079,59,290,49
2026-10-09T12:06:03.662981+00:00,1903900011402,12.63,Bueno,14.48,Bueno,interpolacion_delaunay,0,681,31,196,23
2026-10-09T12:06:03.662981+00:00,1903900012519,19.98,Aceptable,24.26,Bueno,interpolacion_delaunay,0,5642,661,498,241
2026-10-09T12:06:03.662981+00:00,1903900013822,15.5,Aceptable,16.81,Bueno,interpolacion_delaunay,0,6050,361,890,140
2026-10-09T12:06:03.662981+00:00,1903900013964,16.18,Aceptable,17.9,Bueno,interpolacion_delaunay,0,728,55,70,19
2026-10-09T12:06:03.662981+00:00,1903900014125,15.84,Aceptable,20.23,Bueno,interpolacion_delaunay,0,1881,174,361,63
2026-10-09T12:06:03.662981+00:00,190390001452A,27.3,Aceptable,35.53,Bueno,interpolacion_delaunay,0,2471,240,363,186
2026-10-09T12:06:03.662981+00:00,190390001413A,15.07,Aceptable,19.02,Bueno,interpolacion_delaunay,0,2082,180,339,126
2026-10-09T12:06:03.662981+00:00,1903900010461,13.2,Bueno,16.8,Bueno,promedio_sensores,1,3422,173,1112,139
2026-10-09T12:06:03.662981+00:00,1903900014534,30.31,Aceptable,39.76,Bueno,interpolacion_delaunay,0,1267,111,229,29
2026-10-09T12:06:03.662981+00:00,1903900013767,4.3,Bueno,4.55,Bueno,interpolacion_delaunay,0,2308,117,605,127
2026-10-09T12:06:03.662981+00:00,1903900012345,4.21,Bueno,4.26,Bueno,interpolacion_delaunay,0,2632,98,737,80
2026-10-09T12:06:03.662981+00:00,1903900012364,0.0,Bueno,0.0,Bueno,promedio_sensores,1,2327,116,787,61
2026-10-09T12:06:03.662981+00:00,1903900011629,30.2,Aceptable,37.5,Bueno,promedio_sensores,1,2881,196,402,58
2026-10-09T12:06:03.662981+00:00,1903900013396,22.33,Aceptable,28.03,Bueno,interpolacion_delaunay,0,4014,389,664,275
2026-10-09T12:06:03.662981+00:00,1903900010245,9.47,Bueno,11.12,Bueno,interpolacion_delaunay,0,2709,131,764,208
2026-10-09T12:06:03.662981+00:00,1903900015284,5.22,Bueno,5.54,Bueno,interpolacion_delaunay,0,513,29,60,13
2026-10-09T12:06:03.662981+00:00,1903900010118,21.78,Aceptable,27.4,Bueno,interpolacion_delaunay,0,4580,383,955,302
2026-10-09T12:06:03.662981+00:00,1903900010052,21.31,Aceptable,26.51,Bueno,interpolacion_delaunay,0,3869,304,717,323
2026-10-09T12:06:03.662981+00:00,1903900015123,23.26,Aceptable,29.03,Bueno,interpolacion_delaunay,0,68,3,4,3
2026-10-09T12:06:03.662981+00:00,1903900014036,23.71,Aceptable,29.81,Bueno,interpolacion_delaunay,0,4679,569,514,263
2026-10-09T12:06:03.662981+00:00,1903900010508,21.18,Aceptable,27.58,Bueno,interpolacion_delaunay,0,3451,202,579,150
2026-10-09T12:06:03.662981+00:00,1903900010527,22.61,Aceptable,29.43,Bueno,interpolacion_delaunay,0,1779,95,454,127
2026-10-09T12:06:03.662981+00:00,1903900013729,8.29,Bueno,8.48,Bueno,interpolacion_delaunay,0,3410,392,357,136
2026-10-09T12:06:03.662981+00:00,190390001370A,10.56,Bueno,10.75,Bueno,interpolacion_delaunay,0,4006,357,563,228
2026-10-09T12:06:03.662981+00:00,1904600010362,12.61,Bueno,15.17,Bueno,interpolacion_delaunay,0,5505,271,1291,301
2026-10-09T12:06:03.662981+00:00,1904600011483,37.13,Mala,44.5,Bueno,interpolacion_delaunay,0,2026,111,597,94
2026-10-09T12:06:03.662981+00:00,1904600011638,12.13,Bueno,15.11,Bueno,interpolacion_delaunay,0,4053,248,498,114
2026-10-09T12:06:03.662981+00:00,1904600010998,17.67,Aceptable,20.65,Bueno,interpolacion_delaunay,0,5855,449,1099,257
2026-10-09T12:06:03.662981+00:00,1904600011676,19.35,Aceptable,24.78,Bueno,interpolacion_delaunay,0,362,30,69,27
2026-10-09T12:06:03.662981+00:00,1904600010216,33.1,Mala,43.7,Bueno,promedio_sensores,1,2042,50,546,50
2026-10-09T12:06:03.662981+00:00,1904600010536,22.48,Aceptable,25.93,Bueno,interpolacion_delaunay,0,4997,504,603,104
2026-10-09T12:06:03.662981+00:00,1904600011708,14.87,Bueno,17.91,Bueno,interpolacion_delaunay,0,1763,89,284,44
2026-10-09T12:06:03.662981+00:00,190460001070A,24.79,Aceptable,31.53,Bueno,interpolacion_delaunay,0,1273,69,137,48
2026-10-09T12:06:03.662981+00:00,1904600011375,12.46,Bueno,15.51,Bueno,interpolacion_delaunay,0,5964,475,946,326
2026-10-09T12:06:03.662981+00:00,1904600011286,12.45,Bueno,15.07,Bueno,interpolacion_delaunay,0,2603,117,839,196
2026-10-09T12:06:03.662981+00:00,1904600011623,13.04,Bueno,16.08,Bueno,interpolacion_delaunay,0,4225,248,423,136
2026-10-09T12:06:03.662981+00:00,1904600010786,14.26,Bueno,17.29,Bueno,interpolacion_delaunay,0,4690,309,1009,269
2026-10-09T12:06:03.662981+00:00,190460001024A,19.3,Aceptable,24.58,Bueno,interpolacion_delaunay,0,2748,75,850,176
2026-10-09T12:06:03.662981+00:00,1904600010875,20.37,Aceptable,23.32,Bueno,interpolacion_delaunay,0,3785,202,993,129
2026-10-09T12:06:03.662981+00:00,1904600010324,13.18,Bueno,15.59,Bueno,interpolacion_delaunay,0,2214,97,651,92
2026-10-09T12:06:03.662981+00:00,1904600011233,13.06,Bueno,15.76,Bueno,interpolacion_delaunay,0,3010,241,577,204
2026-10-09T12:06:03.662981+00:00,1904600010131,25.14,Aceptable,33.08,Bueno,interpolacion_delaunay,0,4113,160,1393,177
2026-10-09T12:06:03.662981+00:00,1904600010184,26.32,Aceptable,34.5,Bueno,interpolacion_delaunay,0,3438,93,1132,126
2026-10-09T12:06:03.662981+00:00,1904600010235,23.71,Aceptable,30.68,Bueno,interpolacion_delaunay,0,2765,104,711,111
2026-10-09T12:06:03.662981+00:00,1904600010466,28.61,Aceptable,38.12,Bueno,interpolacion_delaunay,0,2212,113,500,58
2026-10-09T12:06:03.662981+00:00,190460001049A,30.48,Aceptable,40.41,Bueno,interpolacion_delaunay,0,2827,123,674,44
2026-10-09T12:06:03.662981+00:00,1904600011407,22.05,Aceptable,24.99,Bueno,interpolacion_delaunay,0,3464,317,610,173
2026-10-09T12:06:03.662981+00:00,1904600011642,21.59,Aceptable,27.73,Bueno,interpolacion_delaunay,0,2601,116,623,113
2026-10-09T12:06:03.662981+00:00,1904600011731,23.1,Aceptable,26.29,Bueno,interpolacion_delaunay,0,3017,207,561,120
2026-10-09T12:06:03.662981+00:00,1904600010108,16.96,Aceptable,21.62,Bueno,interpolacion_delaunay,0,2483,125,582,112
2026-10-09T12:06:03.662981+00:00,1904600010127,17.86,Aceptable,20.83,Bueno,interpolacion_delaunay,0,4270,186,1281,297
2026-10-09T12:06:03.662981+00:00,1904600010292,22.69,Aceptable,29.36,Bueno,interpolacion_delaunay,0,0,0,0,0
2026-10-09T12:06:03.662981+00:00,1904600010714,12.75,Bueno,15.65,Bueno,interpolacion_delaunay,0,3666,266,947,309
2026-10-09T12:06:03.662981+00:00,1904600010860,22.72,Aceptable,25.65,Bueno,interpolacion_delaunay,0,3290,227,721,158
2026-10-09T12:06:03.662981+00:00,1904600011002,18.8,Aceptable,21.78,Bueno,interpolacion_delaunay,0,3262,289,695,194
2026-10-09T12:06:03.662981+00:00,190460001120A,13.23,Bueno,15.95,Bueno,interpolacion_delaunay,0,3141,265,631,179
2026-10-09T12:06:03.662981+00:00,1904600011341,18.29,Aceptable,21.28,Bueno,interpolacion_delaunay,0,3608,289,555,127
2026-10-09T12:06:03.662981+00:00,1904600011426,17.34,Aceptable,20.32,Bueno,interpolacion_delaunay,0,3335,302,691,164
2026-10-09T12:06:03.662981+00:00,190460001177A,28.05,Aceptable,37.16,Bueno,interpolacion_delaunay,0,2611,224,320,95
2026-10-09T12:06:03.662981+00:00,1904600010042,24.34,Aceptable,30.55,Bueno,interpolacion_delaunay,0,1646,90,422,69
2026-10-09T12:06:03.662981+00:00,1904600010057,22.67,Aceptable,28.3,Bueno,interpolacion_delaunay,0,1216,61,388,100
2026-10-09T12:06:03.662981+00:00,1904600010076,19.68,Aceptable,22.63,Bueno,interpolacion_delaunay,0,3762,199,1053,215
2026-10-09T12:06:03.662981+00:00,1904600010095,18.99,Aceptable,24.0,Bueno,interpolacion_delaunay,0,1199,53,337,85
2026-10-09T12:06:03.662981+00:00,1904600010146,18.97,Aceptable,24.3,Bueno,interpolacion_delaunay,0,2987,160,749,104
2026-10-09T12:06:03.662981+00:00,190460001017A,16.5,Aceptable,19.48,Bueno,interpolacion_delaunay,0,4101,180,1201,211
2026-10-09T12:06:03.662981+00:00,1904600010201,17.34,Aceptable,21.77,Bueno,interpolacion_delaunay,0,3988,173,1242,253
2026-10-09T12:06:03.662981+00:00,1904600010220,29.32,Aceptable,38.49,Bueno,interpolacion_delaunay,0,1869,61,495,59
2026-10-09T12:06:03.662981+00:00,190460001031A,13.14,Bueno,15.63,Bueno,interpolacion_delaunay,0,2149,134,353,62
2026-10-09T12:06:03.662981+00:00,1904600010343,12.74,Bueno,15.47,Bueno,interpolacion_delaunay,0,5532,394,1335,345
2026-10-09T12:06:03.662981+00:00,1904600010381,12.66,Bueno,15.09,Bueno,interpolacion_delaunay,0,3251,164,847,172
2026-10-09T12:06:03.662981+00:00,1904600010413,26.59,Aceptable,35.67,Bueno,interpolacion_delaunay,0,4002,238,499,120
2026-10-09T12:06:03.662981+00:00,1904600010485,30.97,Aceptable,40.8,Bueno,interpolacion_delaunay,0,3150,144,1004,109
2026-10-09T12:06:03.662981+00:00,1904600010540,15.94,Aceptable,18.93,Bueno,interpolacion_delaunay,0,4952,283,1289,225
2026-10-09T12:06:03.662981+00:00,1904600010555,22.53,Aceptable,26.6,Bueno,interpolacion_delaunay,0,0,0,0,0
2026-10-09T12:06:03.662981+00:00,1904600010593,14.68,Bueno,17.69,Bueno,interpolacion_delaunay,0,5785,417,488,81
2026-10-09T12:06:03.662981+00:00,1904600010610,30.52,Aceptable,38.73,Bueno,interpolacion_delaunay,0,4819,442,219,35
2026-10-09T12:06:03.662981+00:00,1904600010625,17.11,Aceptable,20.1,Bueno,interpolacion_delaunay,0,684,56,110,22
2026-10-09T12:06:03.662981+00:00,1904600010659,13.49,Bueno,16.51,Bueno,interpolacion_delaunay,0,0,0,0,0
2026-10-09T12:06:03.662981+00:00,1904600010729,12.63,Bueno,15.59,Bueno,interpolacion_delaunay,0,0,0,0,0
2026-10-09T12:06:03.662981+00:00,1904600010752,12.46,Bueno,15.27,Bueno,interpolacion_delaunay,0,2043,121,429,51
2026-10-09T12:06:03.662981+00:00,1904600010790,15.88,Aceptable,18.91,Bueno,interpolacion_delaunay,0,0,0,0,0
2026-10-09T12:06:03.662981+00:00,1904600010822,23.16,Aceptable,26.09,Bueno,interpolacion_delaunay,0,1808,142,329,116
2026-10-09T12:06:03.662981+00:00,1904600010841,22.8,Aceptable,25.72,Bueno,interpolacion_delaunay,0,2675,196,623,119
2026-10-09T12:06:03.662981+00:00,1904600010856,21.76,Aceptable,24.69,Bueno,interpolacion_delaunay,0,5049,305,900,195
2026-10-09T12:06:03.662981+00:00,190460001088A,37.55,Mala,44.03,Bueno,interpolacion_delaunay,0,4232,220,1219,162
2026-10-09T12:06:03.662981+00:00,1904600010894,31.72,Aceptable,37.47,Bueno,interpolacion_delaunay,0,2806,182,550,130
2026-10-09T12:06:03.662981+00:00,1904600010907,20.65,Aceptable,23.6,Bueno,interpolacion_delaunay,0,3550,247,722,168
2026-10-09T12:06:03.662981+00:00,1904600010930,22.92,Aceptable,30.27,Bueno,interpolacion_delaunay,0,3021,143,721,82
2026-10-09T12:06:03.662981+00:00,1904600010945,22.0,Aceptable,28.81,Bueno,interpolacion_delaunay,0,3597,162,944,129
2026-10-09T12:06:03.662981+00:00,190460001095A,19.31,Aceptable,22.27,Bueno,interpolacion_delaunay,0,3265,234,654,254
2026-10-09T12:06:03.662981+00:00,1904600010979,14.63,Bueno,17.63,Bueno,interpolacion_delaunay,0,2747,114,869,151
2026-10-09T12:06:03.662981+00:00,1904600011017,17.28,Aceptable,20.27,Bueno,interpolacion_delaunay,0,4599,402,752,199
2026-10-09T12:06:03.662981+00:00,1904600011021,13.85,Bueno,16.86,Bueno,interpolacion_delaunay,0,4072,223,1090,178
2026-10-09T12:06:03.662981+00:00,1904600011040,13.41,Bueno,16.34,Bueno,interpolacion_delaunay,0,3276,150,902,88
2026-10-09T12:06:03.662981+00:00,1904600011055,13.28,Bueno,16.25,Bueno,interpolacion_delaunay,0,7096,477,1425,285
2026-10-09T12:06:03.662981+00:00,190460001106A,14.62,Bueno,18.09,Bueno,interpolacion_delaunay,0,1152,61,261,64
2026-10-09T12:06:03.662981+00:00,1904600011074,13.44,Bueno,16.22,Bueno,interpolacion_delaunay,0,4901,241,744,96
2026-10-09T12:06:03.662981+00:00,1904600011089,13.2,Bueno,16.11,Bueno,interpolacion_delaunay,0,3306,318,659,199
2026-10-09T12:06:03.662981+00:00,1904600011093,15.78,Aceptable,18.79,Bueno,interpolacion_delaunay,0,3302,217,861,180
2026-10-09T12:06:03.662981+00:00,1904600011106,17.72,Aceptable,20.72,Bueno,interpolacion_delaunay,0,3881,243,712,89
2026-10-09T12:06:03.662981+00:00,1904600011110,26.82,Aceptable,34.09,Bueno,interpolacion_delaunay,0,3018,178,738,133
2026-10-09T12:06:03.662981+00:00,1904600011125,13.31,Bueno,16.09,Bueno,interpolacion_delaunay,0,3318,323,549,240
2026-10-09T12:06:03.662981+00:00,190460001113A,13.17,Bueno,15.97,Bueno,interpolacion_delaunay,0,3513,294,662,255
2026-10-09T12:06:03.662981+00:00,1904600011144,13.04,Bueno,15.87,Bueno,interpolacion_delaunay,0,3223,294,460,148
2026-10-09T12:06:03.662981+00:00,1904600011159,12.92,Bueno,15.95,Bueno,interpolacion_delaunay,0,4682,317,917,254
2026-10-09T12:06:03.662981+00:00,1904600011163,13.43,Bueno,16.46,Bueno,interpolacion_delaunay,0,4463,291,849,173
2026-10-09T12:06:03.662981+00:00,1904600011178,14.88,Bueno,17.9,Bueno,interpolacion_delaunay,0,2288,137,771,142
2026-10-09T12:06:03.662981+00:00,1904600011182,14.46,Bueno,17.49,Bueno,interpolacion_delaunay,0,2567,158,877,192
2026-10-09T12:06:03.662981+00:00,1904600011197,13.44,Bueno,16.48,Bueno,interpolacion_delaunay,0,2285,129,707,149
2026-10-09T12:06:03.662981+00:00,1904600011214,13.28,Bueno,15.91,Bueno,interpolacion_delaunay,0,2395,153,608,159
2026-10-09T12:06:03.662981+00:00,1904600011229,13.12,Bueno,15.73,Bueno,interpolacion_delaunay,0,3808,341,729,252
2026-10-09T12:06:03.662981+00:00,1904600011248,12.88,Bueno,15.68,Bueno,interpolacion_delaunay,0,3448,233,731,165
2026-10-09T12:06:03.662981+00:00,1904600011252,12.81,Bueno,15.41,Bueno,interpolacion_delaunay,0,3638,249,902,255
2026-10-09T12:06:03.662981+00:00,1904600011271,12.39,Bueno,15.09,Bueno,interpolacion_delaunay,0,3393,200,1049,183
2026-10-09T12:06:03.662981+00:00,1904600011290,18.29,Aceptable,21.26,Bueno,interpolacion_delaunay,0,3613,204,959,164
2026-10-09T12:06:03.662981+00:00,1904600011303,19.07,Aceptable,22.04,Bueno,interpolacion_delaunay,0,4255,296,730,120
2026-10-09T12:06:03.662981+00:00,1904600011318,13.8,Bueno,16.8,Bueno,promedio_sensores,1,2617,117,712,78
2026-10-09T12:06:03.662981+00:00,1904600011322,14.16,Bueno,17.16,Bueno,interpolacion_delaunay,0,3209,131,1071,177
2026-10-09T12:06:03.662981+00:00,1904600011356,15.26,Aceptable,18.28,Bueno,interpolacion_delaunay,0,5344,302,754,186
2026-10-09T12:06:03.662981+00:00,190460001138A,21.04,Aceptable,24.46,Bueno,interpolacion_delaunay,0,2330,116,772,143
2026-10-09T12:06:03.662981+00:00,1904600011394,22.51,Aceptable,26.69,Bueno,interpolacion_delaunay,0,2495,152,536,127
2026-10-09T12:06:03.662981+00:00,1904600011430,15.59,Aceptable,18.58,Bueno,interpolacion_delaunay,0,4835,297,977,195
2026-10-09T12:06:03.662981+00:00,1904600011445,12.29,Bueno,15.22,Bueno,interpolacion_delaunay,0,2396,140,277,35
2026-10-09T12:06:03.662981+00:00,190460001145A,12.33,Bueno,15.16,Bueno,interpolacion_delaunay,0,4010,242,623,75
2026-10-09T12:06:03.662981+00:00,1904600011464,21.4,Aceptable,28.39,Bueno,interpolacion_delaunay,0,3269,192,527,50
2026-10-09T12:06:03.662981+00:00,1904600011479,27.67,Aceptable,34.78,Bueno,interpolacion_delaunay,0,2267,102,540,81
2026-10-09T12:06:03.662981+00:00,1904600011500,21.69,Aceptable,24.63,Bueno,interpolacion_delaunay,0,4575,375,784,254
2026-10-09T12:06:03.662981+00:00,1904600011515,20.6,Aceptable,23.56,Bueno,interpolacion_delaunay,0,1791,111,314,102
2026-10-09T12:06:03.662981+00:00,190460001152A,20.09,Aceptable,23.05,Bueno,interpolacion_delaunay,0,3396,254,719,167
2026-10-09T12:06:03.662981+00:00,1904600011534,19.99,Aceptable,22.95,Bueno,interpolacion_delaunay,0,5740,487,560,132
2026-10-09T12:06:03.662981+00:00,1904600011549,13.89,Bueno,16.98,Bueno,interpolacion_delaunay,0,4515,263,831,205
2026-10-09T12:06:03.662981+00:00,1904600011568,17.59,Aceptable,20.58,Bueno,interpolacion_delaunay,0,4996,283,463,138
2026-10-09T12:06:03.662981+00:00,1904600011572,17.53,Aceptable,20.53,Bueno,interpolacion_delaunay,0,4541,345,482,121
2026-10-09T12:06:03.662981+00:00,1904600011587,28.37,Aceptable,36.02,Bueno,interpolacion_delaunay,0,2786,153,244,33
2026-10-09T12:06:03.662981+00:00,1904600011591,27.14,Aceptable,34.47,Bueno,interpolacion_delaunay,0,3387,245,335,48
2026-10-09T12:06:03.662981+00:00,1904600011604,12.64,Bueno,15.46,Bueno,interpolacion_delaunay,0,3298,256,771,245
2026-10-09T12:06:03.662981+00:00,1904600011619,12.56,Bueno,15.27,Bueno,interpolacion_delaunay,0,3765,260,958,269
2026-10-09T12:06:03.662981+00:00,1904600011657,19.5,Aceptable,24.78,Bueno,interpolacion_delaunay,0,3567,176,481,50
2026-10-09T12:06:03.662981+00:00,1904600011661,13.9,Bueno,17.13,Bueno,interpolacion_delaunay,0,282,11,66,6
2026-10-09T12:06:03.662981+00:00,1904600011727,35.83,Mala,41.54,Bueno,interpolacion_delaunay,0,3412,179,655,144
2026-10-09T12:06:03.662981+00:00,1904600011746,13.56,Bueno,16.48,Bueno,interpolacion_delaunay,0,3218,196,815,117
2026-10-09T12:06:03.662981+00:00,1904600011750,13.6,Bueno,16.41,Bueno,interpolacion_delaunay,0,4162,197,210,54
2026-10-09T12:06:03.662981+00:00,1904600011765,26.18,Aceptable,34.36,Bueno,interpolacion_delaunay,0,3860,405,397,208
2026-10-09T12:06:03.662981+00:00,1904600010663,13.52,Bueno,16.54,Bueno,interpolacion_delaunay,0,198,8,27,0
2026-10-09T12:06:03.662981+00:00,1904600010926,22.7,Aceptable,25.63,Bueno,interpolacion_delaunay,0,5007,437,867,291
2026-10-09T12:06:03.662981+00:00,1904600010339,13.05,Bueno,15.47,Bueno,interpolacion_delaunay,0,1314,68,335,78
2026-10-09T12:06:03.662981+00:00,1904600011267,12.85,Bueno,15.33,Bueno,interpolacion_delaunay,0,3908,248,1102,331
2026-10-09T12:06:03.662981+00:00,1904600011712,23.47,Aceptable,29.89,Bueno,interpolacion_delaunay,0,3272,182,300,58
2026-10-09T12:06:03.662981+00:00,1904600010447,27.79,Aceptable,31.53,Bueno,interpolacion_delaunay,0,4132,230,437,113
2026-10-09T12:06:03.662981+00:00,1904600011498,44.13,Mala,51.67,Aceptable,interpolacion_delaunay,0,3212,141,667,65
2026-10-09T12:06:03.662981+00:00,1904600010682,16.37,Aceptable,19.38,Bueno,interpolacion_delaunay,0,6498,485,714,113
2026-10-09T12:06:03.662981+00:00,1903100450393,13.85,Bueno,15.84,Bueno,interpolacion_delaunay,0,4470,331,183,115
2026-10-09T12:06:03.662981+00:00,1903100451090,13.82,Bueno,16.43,Bueno,interpolacion_delaunay,0,3117,391,133,67
2026-10-09T12:06:03.662981+00:00,1903100010340,12.01,Bueno,15.51,Bueno,interpolacion_delaunay,0,3444,349,252,192
2026-10-09T12:06:03.662981+00:00,1903100450641,13.69,Bueno,15.23,Bueno,interpolacion_delaunay,0,1572,92,57,77
2026-10-09T12:06:03.662981+00:00,1903100451086,13.72,Bueno,15.99,Bueno,interpolacion_delaunay,0,3582,470,173,24
2026-10-09T12:06:03.662981+00:00,190310311171A,14.2,Bueno,17.45,Bueno,interpolacion_delaunay,0,1226,184,39,41
2026-10-09T12:06:03.662981+00:00,1903100450088,12.44,Bueno,13.82,Bueno,interpolacion_delaunay,0,106,4,27,5
2026-10-09T12:06:03.662981+00:00,1903100450321,13.92,Bueno,15.62,Bueno,interpolacion_delaunay,0,781,65,43,66
2026-10-09T12:06:03.662981+00:00,1903100450656,14.04,Bueno,16.31,Bueno,interpolacion_delaunay,0,6656,512,216,203
2026-10-09T12:06:03.662981+00:00,1903100451461,12.86,Bueno,14.99,Bueno,interpolacion_delaunay,0,215,36,0,4
2026-10-09T12:06:03.662981+00:00,1903100451391,13.52,Bueno,15.86,Bueno,interpolacion_delaunay,0,400,41,11,20
2026-10-09T12:06:03.662981+00:00,190310001068A,12.4,Bueno,16.0,Bueno,promedio_sensores,1,5585,402,158,107
2026-10-09T12:06:03.662981+00:00,1903100010872,12.8,Bueno,16.01,Bueno,interpolacion_delaunay,0,2902,333,115,45
2026-10-09T12:06:03.662981+00:00,1903100450266,12.65,Bueno,14.47,Bueno,interpolacion_delaunay,0,3518,300,297,140
2026-10-09T12:06:03.662981+00:00,1903100451211,14.6,Bueno,16.55,Bueno,interpolacion_delaunay,0,318,31,15,12
2026-10-09T12:06:03.662981+00:00,1903100450105,11.92,Bueno,13.42,Bueno,interpolacion_delaunay,0,617,53,101,42
2026-10-09T12:06:03.662981+00:00,1903100450533,12.41,Bueno,14.34,Bueno,interpolacion_delaunay,0,112,19,4,0
2026-10-09T12:06:03.662981+00:00,1903100450834,13.08,Bueno,15.16,Bueno,interpolacion_delaunay,0,5335,620,158,133
2026-10-09T12:06:03.662981+00:00,1903100451122,14.6,Bueno,17.13,Bueno,interpolacion_delaunay,0,4196,367,129,124
2026-10-09T12:06:03.662981+00:00,1903100451118,13.17,Bueno,15.39,Bueno,interpolacion_delaunay,0,1143,149,65,58
2026-10-09T12:06:03.662981+00:00,1903100450092,13.0,Bueno,14.59,Bueno,interpolacion_delaunay,0,5801,601,614,240
2026-10-09T12:06:03.662981+00:00,190310001036A,12.27,Bueno,15.55,Bueno,interpolacion_delaunay,0,2196,166,139,77
2026-10-09T12:06:03.662981+00:00,1903100011264,13.0,Bueno,16.35,Bueno,interpolacion_delaunay,0,166,15,10,4
2026-10-09T12:06:03.662981+00:00,1903100011692,12.95,Bueno,15.65,Bueno,interpolacion_delaunay,0,1994,254,42,57
2026-10-09T12:06:03.662981+00:00,1903100450675,13.96,Bueno,16.09,Bueno,interpolacion_delaunay,0,2985,254,121,65
2026-10-09T12:06:03.662981+00:00,1903100450815,13.87,Bueno,15.78,Bueno,interpolacion_delaunay,0,5183,452,347,124
2026-10-09T12:06:03.662981+00:00,1903100450887,14.29,Bueno,16.26,Bueno,interpolacion_delaunay,0,626,73,50,23
2026-10-09T12:06:03.662981+00:00,1903100450891,15.17,Aceptable,17.41,Bueno,interpolacion_delaunay,0,3371,329,210,148
2026-10-09T12:06:03.662981+00:00,1903100450904,15.27,Aceptable,17.63,Bueno,interpolacion_delaunay,0,2284,216,156,77
2026-10-09T12:06:03.662981+00:00,1903100451438,14.0,Bueno,15.6,Bueno,promedio_sensores,1,489,62,15,5
2026-10-09T12:06:03.662981+00:00,1903100451442,15.76,Aceptable,18.3,Bueno,interpolacion_delaunay,0,530,59,19,6
2026-10-09T12:06:03.662981+00:00,1903100451828,15.34,Aceptable,17.7,Bueno,interpolacion_delaunay,0,1268,201,24,22
2026-10-09T12:06:03.662981+00:00,1903103131616,16.57,Aceptable,19.63,Bueno,interpolacion_delaunay,0,3396,460,75,104
2026-10-09T12:06:03.662981+00:00,1903100451103,15.33,Aceptable,17.81,Bueno,interpolacion_delaunay,0,1939,184,111,81
2026-10-09T12:06:03.662981+00:00,1903103131601,16.54,Aceptable,19.51,Bueno,interpolacion_delaunay,0,3536,417,97,62
2026-10-09T12:06:03.662981+00:00,1903100451226,15.0,Bueno,17.53,Bueno,interpolacion_delaunay,0,2587,267,90,42
2026-10-09T12:06:03.662981+00:00,1903103111512,15.81,Aceptable,18.52,Bueno,interpolacion_delaunay,0,2486,240,126,82
2026-10-09T12:06:03.662981+00:00,1903100451635,13.04,Bueno,15.32,Bueno,interpolacion_delaunay,0,3621,518,70,103
2026-10-09T12:06:03.662981+00:00,1903103131300,17.7,Aceptable,21.0,Bueno,promedio_sensores,1,4074,495,120,80
2026-10-09T12:06:03.662981+00:00,1903103111508,14.8,Bueno,18.18,Bueno,interpolacion_delaunay,0,3724,412,113,64
2026-10-09T12:06:03.662981+00:00,1903100451387,13.39,Bueno,15.61,Bueno,interpolacion_delaunay,0,1540,218,34,55
2026-10-09T12:06:03.662981+00:00,1903100452101,12.41,Bueno,14.6,Bueno,interpolacion_delaunay,0,1249,214,20,18
2026-10-09T12:06:03.662981+00:00,1903100451283,13.88,Bueno,16.39,Bueno,interpolacion_delaunay,0,3230,373,88,78
2026-10-09T12:06:03.662981+00:00,1903103111527,15.36,Aceptable,18.38,Bueno,interpolacion_delaunay,0,1682,145,143,89
2026-10-09T12:06:03.662981+00:00,1903100452402,13.26,Bueno,15.69,Bueno,interpolacion_delaunay,0,0,0,0,0
2026-10-09T18:18:42.686738+00:00,1900601740121,17.4,Aceptable,18.9,Bueno,promedio_sensores,1,2694,310,73,36
2026-10-09T18:18:42.686738+00:00,1900601740155,17.87,Aceptable,19.23,Bueno,interpolacion_delaunay,0,1820,285,54,16
2026-10-09T18:18:42.686738+00:00,1900600781948,17.16,Aceptable,18.99,Bueno,interpolacion_delaunay,0,1170,93,69,32
2026-10-09T18:18:42.686738+00:00,1900600012236,18.73,Aceptable,19.94,Bueno,interpolacion_delaunay,0,264,28,6,0
2026-10-09T18:18:42.686738+00:00,1900600010225,19.34,Aceptable,21.13,Bueno,interpolacion_delaunay,0,1,0,0,0
2026-10-09T18:18:42.686738+00:00,1900600010206,20.69,Aceptable,22.52,Bueno,interpolacion_delaunay,0,6646,747,526,177
2026-10-09T18:18:42.686738+00:00,1900600010210,19.62,Aceptable,21.46,Bueno,interpolacion_delaunay,0,0,0,0,0
2026-10-09T18:18:42.686738+00:00,1900600010244,19.89,Aceptable,21.51,Bueno,interpolacion_delaunay,0,90,3,14,3
2026-10-09T18:18:42.686738+00:00,1900600010259,20.38,Aceptable,22.04,Bueno,interpolacion_delaunay,0,3329,268,159,53
2026-10-09T18:18:42.686738+00:00,1900600010278,19.72,Aceptable,21.3,Bueno,interpolacion_delaunay,0,486,52,18,8
2026-10-09T18:18:42.686738+00:00,1900600010297,18.62,Aceptable,20.19,Bueno,interpolacion_delaunay,0,5850,524,288,225
2026-10-09T18:18:42.686738+00:00,1900600010475,19.42,Aceptable,20.99,Bueno,interpolacion_delaunay,0,4729,407,844,249
2026-10-09T18:18:42.686738+00:00,190060001030A,18.46,Aceptable,20.01,Bueno,interpolacion_delaunay,0,4134,431,170,127
2026-10-09T18:18:42.686738+00:00,1900600010348,19.33,Aceptable,20.59,Bueno,interpolacion_delaunay,0,7877,871,609,196
2026-10-09T18:18:42.686738+00:00,1900600010460,19.62,Aceptable,21.17,Bueno,interpolacion_delaunay,0,4909,343,1088,217
2026-10-09T18:18:42.686738+00:00,1900600010352,19.03,Aceptable,20.25,Bueno,interpolacion_delaunay,0,1017,63,153,80
2026-10-09T18:18:42.686738+00:00,1900600010367,19.24,Aceptable,20.42,Bueno,interpolacion_delaunay,0,469,45,60,46
2026-10-09T18:18:42.686738+00:00,1900600010403,21.36,Aceptable,23.49,Bueno,interpolacion_delaunay,0,4726,352,972,196
2026-10-09T18:18:42.686738+00:00,190060001055A,21.06,Aceptable,23.14,Bueno,interpolacion_delaunay,0,4579,363,547,197
2026-10-09T18:18:42.686738+00:00,1900600010583,19.56,Aceptable,21.26,Bueno,interpolacion_delaunay,0,4964,382,425,153
2026-10-09T18:18:42.686738+00:00,1900600010598,19.14,Aceptable,20.84,Bueno,interpolacion_delaunay,0,5332,416,338,212
2026-10-09T18:18:42.686738+00:00,1900600010723,20.21,Aceptable,22.79,Bueno,interpolacion_delaunay,0,5109,353,1039,281
2026-10-09T18:18:42.686738+00:00,1900600010780,18.93,Aceptable,20.4,Bueno,interpolacion_delaunay,0,3755,348,382,222
2026-10-09T18:18:42.686738+00:00,1900600010795,19.02,Aceptable,20.42,Bueno,interpolacion_delaunay,0,5270,506,424,204
2026-10-09T18:18:42.686738+00:00,1900600010808,19.15,Aceptable,20.48,Bueno,interpolacion_delaunay,0,3443,304,372,102
2026-10-09T18:18:42.686738+00:00,1900600010920,21.6,Aceptable,23.8,Bueno,promedio_sensores,1,5729,316,496,128
2026-10-09T18:18:42.686738+00:00,1900600011011,20.26,Aceptable,22.01,Bueno,interpolacion_delaunay,0,0,0,0,0
2026-10-09T18:18:42.686738+00:00,1900600011026,19.96,Aceptable,21.68,Bueno,interpolacion_delaunay,0,0,0,0,0
2026-10-09T18:18:42.686738+00:00,1900600011064,21.33,Aceptable,23.41,Bueno,interpolacion_delaunay,0,4513,371,370,162
2026-10-09T18:18:42.686738+00:00,1900600011098,18.64,Aceptable,20.35,Bueno,interpolacion_delaunay,0,5772,542,419,165
2026-10-09T18:18:42.686738+00:00,1900600011149,18.93,Aceptable,20.1,Bueno,interpolacion_delaunay,0,1140,100,87,38
2026-10-09T18:18:42.686738+00:00,1900600011350,21.22,Aceptable,23.27,Bueno,interpolacion_delaunay,0,3323,233,353,93
2026-10-09T18:18:42.686738+00:00,1900600011365,21.11,Aceptable,23.11,Bueno,interpolacion_delaunay,0,3259,285,225,87
2026-10-09T18:18:42.686738+00:00,190060001137A,20.57,Aceptable,23.01,Bueno,interpolacion_delaunay,0,2748,223,522,132
2026-10-09T18:18:42.686738+00:00,1900600011632,18.14,Aceptable,19.72,Bueno,interpolacion_delaunay,0,5931,475,161,144
2026-10-09T18:18:42.686738+00:00,1900600011384,20.74,Aceptable,23.01,Bueno,interpolacion_delaunay,0,3359,263,352,73
2026-10-09T18:18:42.686738+00:00,1900600011399,20.91,Aceptable,22.86,Bueno,interpolacion_delaunay,0,2371,274,284,91
2026-10-09T18:18:42.686738+00:00,1900600011469,18.27,Aceptable,19.87,Bueno,interpolacion_delaunay,0,1932,125,131,96
2026-10-09T18:18:42.686738+00:00,1900600011401,20.98,Aceptable,22.84,Bueno,interpolacion_delaunay,0,3593,269,468,144
2026-10-09T18:18:42.686738+00:00,190060001144A,18.62,Aceptable,20.29,Bueno,interpolacion_delaunay,0,6239,575,321,95
2026-10-09T18:18:42.686738+00:00,1900600011473,19.35,Aceptable,21.04,Bueno,interpolacion_delaunay,0,2826,209,259,107
2026-10-09T18:18:42.686738+00:00,1900600011488,19.43,Aceptable,21.08,Bueno,interpolacion_delaunay,0,2922,234,293,96
2026-10-09T18:18:42.686738+00:00,1900600011492,19.18,Aceptable,20.7,Bueno,interpolacion_delaunay,0,1725,134,78,56
2026-10-09T18:18:42.686738+00:00,1900600011505,18.99,Aceptable,20.54,Bueno,interpolacion_delaunay,0,2030,151,78,103
2026-10-09T18:18:42.686738+00:00,190060001151A,18.87,Aceptable,20.4,Bueno,interpolacion_delaunay,0,4650,413,187,145
2026-10-09T18:18:42.686738+00:00,1900600011524,18.67,Aceptable,20.13,Bueno,interpolacion_delaunay,0,3658,279,744,150
2026-10-09T18:18:42.686738+00:00,1900600011539,18.77,Aceptable,20.15,Bueno,interpolacion_delaunay,0,3879,269,179,190
2026-10-09T18:18:42.686738+00:00,1900600011543,18.97,Aceptable,20.27,Bueno,interpolacion_delaunay,0,3926,372,127,91
2026-10-09T18:18:42.686738+00:00,1900600011844,18.18,Aceptable,19.67,Bueno,interpolacion_delaunay,0,1922,166,57,23
2026-10-09T18:18:42.686738+00:00,1900600011666,18.13,Aceptable,19.66,Bueno,interpolacion_delaunay,0,2454,221,74,68
2026-10-09T18:18:42.686738+00:00,1900600011859,18.23,Aceptable,19.67,Bueno,interpolacion_delaunay,0,1533,143,46,34
2026-10-09T18:18:42.686738+00:00,1900600011863,18.75,Aceptable,20.06,Bueno,interpolacion_delaunay,0,1050,130,36,5
2026-10-09T18:18:42.686738+00:00,1900600011878,18.54,Aceptable,19.77,Bueno,interpolacion_delaunay,0,5255,440,206,130
2026-10-09T18:18:42.686738+00:00,1900600011882,18.38,Aceptable,19.61,Bueno,interpolacion_delaunay,0,5356,444,208,243
2026-10-09T18:18:42.686738+00:00,190060001190A,18.76,Aceptable,19.94,Bueno,interpolacion_delaunay,0,3346,296,126,99
2026-10-09T18:18:42.686738+00:00,1900600011914,18.24,Aceptable,19.56,Bueno,interpolacion_delaunay,0,5844,518,215,189
2026-10-09T18:18:42.686738+00:00,1900600011929,17.41,Aceptable,19.18,Bueno,interpolacion_delaunay,0,5690,426,232,211
2026-10-09T18:18:42.686738+00:00,1900600012043,18.21,Aceptable,19.53,Bueno,interpolacion_delaunay,0,3660,375,120,69
2026-10-09T18:18:42.686738+00:00,1900600012109,18.32,Aceptable,19.78,Bueno,interpolacion_delaunay,0,1488,155,32,33
2026-10-09T18:18:42.686738+00:00,1900600012128,18.69,Aceptable,20.03,Bueno,interpolacion_delaunay,0,1714,168,66,31
2026-10-09T18:18:42.686738+00:00,190060001226A,19.28,Aceptable,20.85,Bueno,interpolacion_delaunay,0,4528,324,328,117
2026-10-09T18:18:42.686738+00:00,1900600012274,18.94,Aceptable,20.57,Bueno,interpolacion_delaunay,0,5782,615,191,106
2026-10-09T18:18:42.686738+00:00,190060001233A,18.15,Aceptable,19.56,Bueno,interpolacion_delaunay,0,2449,267,53,48
2026-10-09T18:18:42.686738+00:00,1900600012414,18.47,Aceptable,19.87,Bueno,interpolacion_delaunay,0,2297,332,39,45
2026-10-09T18:18:42.686738+00:00,1900600012429,18.42,Aceptable,19.76,Bueno,interpolacion_delaunay,0,3283,479,97,39
2026-10-09T18:18:42.686738+00:00,1900600012734,18.7,Aceptable,19.95,Bueno,interpolacion_delaunay,0,961,146,24,13
2026-10-09T18:18:42.686738+00:00,1900600010992,20.21,Aceptable,22.05,Bueno,interpolacion_delaunay,0,0,0,0,0
2026-10-09T18:18:42.686738+00:00,1900600012804,20.47,Aceptable,22.39,Bueno,interpolacion_delaunay,0,705,129,13,7
2026-10-09T18:18:42.686738+00:00,1900600011897,17.21,Aceptable,19.06,Bueno,interpolacion_delaunay,0,3063,294,202,149
2026-10-09T18:18:42.686738+00:00,1900600012202,18.02,Aceptable,19.38,Bueno,interpolacion_delaunay,0,372,48,3,8
2026-10-09T18:18:42.686738+00:00,1900600012039,17.95,Aceptable,19.38,Bueno,interpolacion_delaunay,0,2684,242,90,67
2026-10-09T18:18:42.686738+00:00,1900601740047,17.75,Aceptable,19.27,Bueno,interpolacion_delaunay,0,1719,266,38,40
2026-10-09T18:18:42.686738+00:00,190190001005A,6.88,Bueno,7.35,Bueno,interpolacion_delaunay,0,2404,108,693,69
2026-10-09T18:18:42.686738+00:00,1901900010064,7.45,Bueno,8.12,Bueno,promedio_sensores,4,2721,181,677,58
2026-10-09T18:18:42.686738+00:00,1901900010079,9.0,Bueno,9.5,Bueno,promedio_sensores,1,4464,212,1159,127
2026-10-09T18:18:42.686738+00:00,1901900010083,5.4,Bueno,5.57,Bueno,promedio_sensores,3,1374,63,441,45
2026-10-09T18:18:42.686738+00:00,1901900010098,3.2,Bueno,3.3,Bueno,promedio_sensores,1,1854,103,460,42
2026-10-09T18:18:42.686738+00:00,1901900010100,8.0,Bueno,8.4,Bueno,promedio_sensores,1,1944,129,547,21
2026-10-09T18:18:42.686738+00:00,1901900010149,8.6,Bueno,10.5,Bueno,promedio_sensores,1,1163,75,215,15
2026-10-09T18:18:42.686738+00:00,1901900010153,9.6,Bueno,10.1,Bueno,promedio_sensores,1,1800,134,430,81
2026-10-09T18:18:42.686738+00:00,1901900010168,7.2,Bueno,7.9,Bueno,promedio_sensores,1,1570,81,416,43
2026-10-09T18:18:42.686738+00:00,1901900010172,6.21,Bueno,6.97,Bueno,interpolacion_delaunay,0,1335,59,357,29
2026-10-09T18:18:42.686738+00:00,1901900010187,8.5,Bueno,9.11,Bueno,interpolacion_delaunay,0,4463,306,999,93
2026-10-09T18:18:42.686738+00:00,1901900010191,7.3,Bueno,8.1,Bueno,promedio_sensores,1,2824,172,637,108
2026-10-09T18:18:42.686738+00:00,1901900010204,7.05,Bueno,7.6,Bueno,interpolacion_delaunay,0,3926,317,736,119
2026-10-09T18:18:42.686738+00:00,1901900010223,6.52,Bueno,7.0,Bueno,interpolacion_delaunay,0,2979,89,503,54
2026-10-09T18:18:42.686738+00:00,1901900010238,6.8,Bueno,7.1,Bueno,promedio_sensores,1,1904,73,302,23
2026-10-09T18:18:42.686738+00:00,1901900010242,4.43,Bueno,4.87,Bueno,promedio_sensores,3,2717,143,729,92
2026-10-09T18:18:42.686738+00:00,1901900010257,6.4,Bueno,7.7,Bueno,promedio_sensores,1,1307,56,361,13
2026-10-09T18:18:42.686738+00:00,1901900010261,3.7,Bueno,4.05,Bueno,promedio_sensores,2,2240,113,567,42
2026-10-09T18:18:42.686738+00:00,1901900010280,7.02,Bueno,7.3,Bueno,interpolacion_delaunay,0,2690,79,360,43
2026-10-09T18:18:42.686738+00:00,1901900010350,7.28,Bueno,7.64,Bueno,interpolacion_delaunay,0,2768,148,592,68
2026-10-09T18:18:42.686738+00:00,1901900010365,14.8,Bueno,15.2,Bueno,promedio_sensores,1,3419,327,293,61
2026-10-09T18:18:42.686738+00:00,1901900010399,6.9,Bueno,7.3,Bueno,promedio_sensores,2,1162,6,68,0
2026-10-09T18:18:42.686738+00:00,1901900010401,6.0,Bueno,6.6,Bueno,promedio_sensores,1,2375,247,392,86
2026-10-09T18:18:42.686738+00:00,1901900010416,6.05,Bueno,6.44,Bueno,interpolacion_delaunay,0,700,19,105,4
2026-10-09T18:18:42.686738+00:00,1901900010420,6.3,Bueno,6.5,Bueno,promedio_sensores,1,1696,93,408,47
2026-10-09T18:18:42.686738+00:00,1901900010435,7.3,Bueno,7.3,Bueno,promedio_sensores,1,4494,346,601,54
2026-10-09T18:18:42.686738+00:00,190190001044A,5.9,Bueno,6.57,Bueno,promedio_sensores,3,4383,354,439,56
2026-10-09T18:18:42.686738+00:00,1901900010454,7.7,Bueno,8.1,Bueno,promedio_sensores,2,557,26,114,11
2026-10-09T18:18:42.686738+00:00,1901900010469,6.7,Bueno,7.2,Bueno,promedio_sensores,1,3112,170,568,37
2026-10-09T18:18:42.686738+00:00,1901900010473,6.35,Bueno,6.68,Bueno,interpolacion_delaunay,0,983,46,182,19
2026-10-09T18:18:42.686738+00:00,1901900010488,5.75,Bueno,6.05,Bueno,promedio_sensores,2,2757,295,371,102
2026-10-09T18:18:42.686738+00:00,1901900010492,4.05,Bueno,4.4,Bueno,promedio_sensores,2,2848,173,697,71
2026-10-09T18:18:42.686738+00:00,1901900010505,7.35,Bueno,7.88,Bueno,interpolacion_delaunay,0,2494,111,512,19
2026-10-09T18:18:42.686738+00:00,190190001051A,6.2,Bueno,6.7,Bueno,promedio_sensores,1,1899,111,507,36
2026-10-09T18:18:42.686738+00:00,1901900010558,8.5,Bueno,8.87,Bueno,promedio_sensores,3,1349,87,230,21
2026-10-09T18:18:42.686738+00:00,1901900010613,7.79,Bueno,8.39,Bueno,interpolacion_delaunay,0,132,0,20,0
2026-10-09T18:18:42.686738+00:00,1901900010384,6.46,Bueno,7.21,Bueno,interpolacion_delaunay,0,1111,19,119,15
2026-10-09T18:18:42.686738+00:00,1901900010219,6.93,Bueno,7.35,Bueno,interpolacion_delaunay,0,1954,106,555,58
2026-10-09T18:18:42.686738+00:00,1902100011338,18.36,Aceptable,20.59,Bueno,interpolacion_delaunay,0,2800,219,134,55
2026-10-09T18:18:42.686738+00:00,1902100011817,14.4,Bueno,15.4,Bueno,promedio_sensores,1,583,52,40,11
2026-10-09T18:18:42.686738+00:00,1902100010293,17.02,Aceptable,18.24,Bueno,interpolacion_delaunay,0,2008,84,165,35
2026-10-09T18:18:42.686738+00:00,190210001033A,16.13,Aceptable,17.25,Bueno,interpolacion_delaunay,0,4000,286,440,91
2026-10-09T18:18:42.686738+00:00,1902100011060,23.33,Aceptable,26.06,Bueno,interpolacion_delaunay,0,3355,278,195,95
2026-10-09T18:18:42.686738+00:00,1902100010289,17.72,Aceptable,19.09,Bueno,interpolacion_delaunay,0,1352,78,109,44
2026-10-09T18:18:42.686738+00:00,1902100010325,19.47,Aceptable,20.89,Bueno,interpolacion_delaunay,0,1,0,0,0
2026-10-09T18:18:42.686738+00:00,1902100011412,20.3,Aceptable,23.0,Bueno,promedio_sensores,1,3239,228,156,27
2026-10-09T18:18:42.686738+00:00,1902100011427,15.46,Aceptable,16.66,Bueno,interpolacion_delaunay,0,4126,302,227,21
2026-10-09T18:18:42.686738+00:00,1902100011408,17.0,Aceptable,18.43,Bueno,interpolacion_delaunay,0,6781,377,571,69
2026-10-09T18:18:42.686738+00:00,1902100011342,19.35,Aceptable,21.83,Bueno,interpolacion_delaunay,0,4655,261,185,126
2026-10-09T18:18:42.686738+00:00,1902100010043,22.46,Aceptable,24.55,Bueno,interpolacion_delaunay,0,4208,322,819,334
2026-10-09T18:18:42.686738+00:00,1902100010255,21.43,Aceptable,24.2,Bueno,interpolacion_delaunay,0,6704,625,410,194
2026-10-09T18:18:42.686738+00:00,1902100010378,22.2,Aceptable,23.9,Bueno,promedio_sensores,1,4134,262,294,72
2026-10-09T18:18:42.686738+00:00,1902100011075,22.66,Aceptable,25.23,Bueno,interpolacion_delaunay,0,8122,855,320,248
2026-10-09T18:18:42.686738+00:00,1902600011832,19.53,Aceptable,20.88,Bueno,interpolacion_delaunay,0,3764,305,386,174
2026-10-09T18:18:42.686738+00:00,1902600010035,19.19,Aceptable,20.6,Bueno,interpolacion_delaunay,0,1597,156,285,106
2026-10-09T18:18:42.686738+00:00,1902600012332,12.26,Bueno,13.68,Bueno,interpolacion_delaunay,0,5634,507,898,399
2026-10-09T18:18:42.686738+00:00,1902600010020,19.58,Aceptable,21.04,Bueno,interpolacion_delaunay,0,1825,174,355,160
2026-10-09T18:18:42.686738+00:00,1902600011279,19.39,Aceptable,20.86,Bueno,interpolacion_delaunay,0,4324,384,731,269
2026-10-09T18:18:42.686738+00:00,1902600011283,19.21,Aceptable,20.67,Bueno,interpolacion_delaunay,0,3719,341,754,207
2026-10-09T18:18:42.686738+00:00,1902600012440,20.03,Aceptable,21.46,Bueno,interpolacion_delaunay,0,2604,133,153,35
2026-10-09T18:18:42.686738+00:00,1902600012667,19.43,Aceptable,20.39,Bueno,interpolacion_delaunay,0,778,73,30,14
2026-10-09T18:18:42.686738+00:00,1902600012811,10.4,Bueno,11.35,Bueno,interpolacion_delaunay,0,26,4,0,0
2026-10-09T18:18:42.686738+00:00,1902600010459,12.46,Bueno,13.33,Bueno,interpolacion_delaunay,0,3039,123,850,229
2026-10-09T18:18:42.686738+00:00,1902600010317,13.56,Bueno,14.46,Bueno,interpolacion_delaunay,0,4084,275,902,321
2026-10-09T18:18:42.686738+00:00,1902600010957,19.41,Aceptable,20.81,Bueno,interpolacion_delaunay,0,5841,533,1121,336
2026-10-09T18:18:42.686738+00:00,1902600011103,17.1,Aceptable,19.43,Bueno,interpolacion_delaunay,0,950,69,80,47
2026-10-09T18:18:42.686738+00:00,1902600011457,15.45,Aceptable,16.23,Bueno,interpolacion_delaunay,0,2279,129,466,94
2026-10-09T18:18:42.686738+00:00,1902600011404,8.82,Bueno,9.43,Bueno,interpolacion_delaunay,0,3115,227,702,219
2026-10-09T18:18:42.686738+00:00,1902600011508,17.56,Aceptable,19.63,Bueno,interpolacion_delaunay,0,1978,175,250,90
2026-10-09T18:18:42.686738+00:00,1902600011828,19.69,Aceptable,21.14,Bueno,interpolacion_delaunay,0,2175,178,266,60
2026-10-09T18:18:42.686738+00:00,1902600011847,19.63,Aceptable,20.93,Bueno,interpolacion_delaunay,0,4488,374,407,157
2026-10-09T18:18:42.686738+00:00,1902600012402,17.85,Aceptable,18.87,Bueno,interpolacion_delaunay,0,2699,234,353,170
2026-10-09T18:18:42.686738+00:00,1902600012205,15.82,Aceptable,17.61,Bueno,interpolacion_delaunay,0,4435,432,502,204
2026-10-09T18:18:42.686738+00:00,1902600012258,18.24,Aceptable,19.85,Bueno,interpolacion_delaunay,0,1006,77,102,40
2026-10-09T18:18:42.686738+00:00,1902600012296,19.46,Aceptable,20.68,Bueno,interpolacion_delaunay,0,4398,237,919,190
2026-10-09T18:18:42.686738+00:00,1902600012455,19.83,Aceptable,21.19,Bueno,interpolacion_delaunay,0,4962,328,296,118
2026-10-09T18:18:42.686738+00:00,1902600010302,13.12,Bueno,14.03,Bueno,interpolacion_delaunay,0,2790,166,675,209
2026-10-09T18:18:42.686738+00:00,1902600010425,11.32,Bueno,12.36,Bueno,interpolacion_delaunay,0,3687,235,843,230
2026-10-09T18:18:42.686738+00:00,1902600010533,11.45,Bueno,12.59,Bueno,interpolacion_delaunay,0,1681,81,395,96
2026-10-09T18:18:42.686738+00:00,1902600011813,19.8,Aceptable,21.27,Bueno,interpolacion_delaunay,0,5250,447,545,129
2026-10-09T18:18:42.686738+00:00,1902600011851,19.7,Aceptable,20.96,Bueno,interpolacion_delaunay,0,4115,305,359,155
2026-10-09T18:18:42.686738+00:00,1902600012436,20.0,Aceptable,21.49,Bueno,interpolacion_delaunay,0,3242,185,145,20
2026-10-09T18:18:42.686738+00:00,1902600012686,18.53,Aceptable,19.92,Bueno,interpolacion_delaunay,0,40,3,7,5
2026-10-09T18:18:42.686738+00:00,1902600010124,18.76,Aceptable,19.69,Bueno,interpolacion_delaunay,0,2665,140,749,113
2026-10-09T18:18:42.686738+00:00,1902600012417,19.43,Aceptable,20.69,Bueno,interpolacion_delaunay,0,2073,147,228,128
2026-10-09T18:18:42.686738+00:00,1902600012347,14.15,Bueno,15.52,Bueno,interpolacion_delaunay,0,4440,433,247,105
2026-10-09T18:18:42.686738+00:00,190260001239A,18.73,Aceptable,19.48,Bueno,interpolacion_delaunay,0,2697,236,207,88
2026-10-09T18:18:42.686738+00:00,190260001260A,18.59,Aceptable,19.97,Bueno,interpolacion_delaunay,0,979,82,21,36
2026-10-09T18:18:42.686738+00:00,1902600011391,16.75,Aceptable,17.59,Bueno,interpolacion_delaunay,0,3747,280,1036,286
2026-10-09T18:18:42.686738+00:00,1902600010251,18.23,Aceptable,19.07,Bueno,interpolacion_delaunay,0,6072,581,994,581
2026-10-09T18:18:42.686738+00:00,1902600010707,13.57,Bueno,14.31,Bueno,interpolacion_delaunay,0,4261,296,986,365
2026-10-09T18:18:42.686738+00:00,190260001157A,13.81,Bueno,14.52,Bueno,interpolacion_delaunay,0,2161,148,444,126
2026-10-09T18:18:42.686738+00:00,1902600011654,16.58,Aceptable,18.11,Bueno,interpolacion_delaunay,0,3737,309,535,205
2026-10-09T18:18:42.686738+00:00,1902600012385,10.35,Bueno,11.31,Bueno,interpolacion_delaunay,0,108,11,8,5
2026-10-09T18:18:42.686738+00:00,1902600011495,17.95,Aceptable,19.83,Bueno,interpolacion_delaunay,0,2675,203,421,91
2026-10-09T18:18:42.686738+00:00,1902600012525,14.9,Bueno,16.18,Bueno,interpolacion_delaunay,0,6162,464,363,124
2026-10-09T18:18:42.686738+00:00,1902600010995,19.54,Aceptable,20.75,Bueno,interpolacion_delaunay,0,1016,61,224,56
2026-10-09T18:18:42.686738+00:00,1902600011866,18.06,Aceptable,18.91,Bueno,interpolacion_delaunay,0,3064,167,548,67
2026-10-09T18:18:42.686738+00:00,190260001207A,6.72,Bueno,7.3,Bueno,interpolacion_delaunay,0,2199,99,452,47
2026-10-09T18:18:42.686738+00:00,1902600012120,8.04,Bueno,8.16,Bueno,interpolacion_delaunay,0,1092,33,384,28
2026-10-09T18:18:42.686738+00:00,1902600012135,11.99,Bueno,12.14,Bueno,interpolacion_delaunay,0,1356,47,414,29
2026-10-09T18:18:42.686738+00:00,1902600012544,14.39,Bueno,16.05,Bueno,interpolacion_delaunay,0,2171,187,206,83
2026-10-09T18:18:42.686738+00:00,1902600010069,15.48,Aceptable,16.4,Bueno,interpolacion_delaunay,0,1920,94,579,107
2026-10-09T18:18:42.686738+00:00,1902600010073,15.85,Aceptable,16.77,Bueno,interpolacion_delaunay,0,3137,159,955,77
2026-10-09T18:18:42.686738+00:00,1902600010088,16.52,Aceptable,17.42,Bueno,interpolacion_delaunay,0,2870,157,722,160
2026-10-09T18:18:42.686738+00:00,1902600010158,14.02,Bueno,14.98,Bueno,interpolacion_delaunay,0,1517,70,502,83
2026-10-09T18:18:42.686738+00:00,190260001029A,12.47,Bueno,13.38,Bueno,interpolacion_delaunay,0,1809,94,461,133
2026-10-09T18:18:42.686738+00:00,1902600011885,15.17,Aceptable,16.1,Bueno,interpolacion_delaunay,0,1944,100,497,103
2026-10-09T18:18:42.686738+00:00,1902600012192,18.08,Aceptable,19.78,Bueno,interpolacion_delaunay,0,2742,217,241,94
2026-10-09T18:18:42.686738+00:00,1902600012243,10.85,Bueno,12.16,Bueno,interpolacion_delaunay,0,316,37,21,22
2026-10-09T18:18:42.686738+00:00,1902600012421,19.94,Aceptable,21.39,Bueno,interpolacion_delaunay,0,2385,134,120,49
2026-10-09T18:18:42.686738+00:00,1902600012597,19.0,Aceptable,20.2,Bueno,interpolacion_delaunay,0,3539,244,126,97
2026-10-09T18:18:42.686738+00:00,1902600011029,19.8,Aceptable,21.01,Bueno,interpolacion_delaunay,0,1109,94,97,45
2026-10-09T18:18:42.686738+00:00,190260001189A,14.81,Bueno,15.76,Bueno,interpolacion_delaunay,0,2117,131,543,112
2026-10-09T18:18:42.686738+00:00,1902600012703,10.78,Bueno,11.76,Bueno,interpolacion_delaunay,0,632,49,33,14
2026-10-09T18:18:42.686738+00:00,1902600011372,16.66,Aceptable,17.55,Bueno,interpolacion_delaunay,0,2451,168,520,192
2026-10-09T18:18:42.686738+00:00,1902600012366,18.34,Aceptable,19.86,Bueno,interpolacion_delaunay,0,350,28,12,6
2026-10-09T18:18:42.686738+00:00,1902600010321,14.58,Bueno,15.49,Bueno,interpolacion_delaunay,0,5159,259,1483,335
2026-10-09T18:18:42.686738+00:00,1902600010336,14.99,Bueno,15.9,Bueno,interpolacion_delaunay,0,3112,150,945,118
2026-10-09T18:18:42.686738+00:00,1902600010340,15.63,Aceptable,16.54,Bueno,interpolacion_delaunay,0,5009,289,1452,316
2026-10-09T18:18:42.686738+00:00,1902600010355,16.13,Aceptable,17.03,Bueno,interpolacion_delaunay,0,2172,143,527,123
2026-10-09T18:18:42.686738+00:00,1902600010389,17.05,Aceptable,17.92,Bueno,interpolacion_delaunay,0,3485,223,809,188
2026-10-09T18:18:42.686738+00:00,1902600010393,17.51,Aceptable,18.37,Bueno,interpolacion_delaunay,0,4293,274,932,186
2026-10-09T18:18:42.686738+00:00,1902600010618,14.71,Bueno,15.49,Bueno,interpolacion_delaunay,0,3420,248,733,217
2026-10-09T18:18:42.686738+00:00,1902600010730,17.84,Aceptable,18.5,Bueno,interpolacion_delaunay,0,4610,359,992,364
2026-10-09T18:18:42.686738+00:00,1902600011033,20.0,Aceptable,21.05,Bueno,interpolacion_delaunay,0,5199,444,572,162
2026-10-09T18:18:42.686738+00:00,1902600011122,16.01,Aceptable,17.24,Bueno,interpolacion_delaunay,0,6940,637,766,300
2026-10-09T18:18:42.686738+00:00,1902600011546,12.72,Bueno,13.49,Bueno,interpolacion_delaunay,0,3715,209,870,202
2026-10-09T18:18:42.686738+00:00,1902600011461,15.83,Aceptable,16.6,Bueno,interpolacion_delaunay,0,3227,233,684,198
2026-10-09T18:18:42.686738+00:00,190260001132A,15.53,Aceptable,16.44,Bueno,interpolacion_delaunay,0,2713,152,488,78
2026-10-09T18:18:42.686738+00:00,1902600011334,19.18,Aceptable,20.0,Bueno,interpolacion_delaunay,0,3525,289,683,240
2026-10-09T18:18:42.686738+00:00,1902600011349,19.52,Aceptable,20.45,Bueno,interpolacion_delaunay,0,2716,239,484,222
2026-10-09T18:18:42.686738+00:00,1902600011368,16.5,Aceptable,17.39,Bueno,interpolacion_delaunay,0,3348,226,652,119
2026-10-09T18:18:42.686738+00:00,1902600011419,13.53,Bueno,14.4,Bueno,interpolacion_delaunay,0,2833,144,728,158
2026-10-09T18:18:42.686738+00:00,1902600011442,14.88,Bueno,15.65,Bueno,interpolacion_delaunay,0,3169,182,598,174
2026-10-09T18:18:42.686738+00:00,1902600011565,13.24,Bueno,13.99,Bueno,interpolacion_delaunay,0,4076,290,816,263
2026-10-09T18:18:42.686738+00:00,1902600011584,15.28,Aceptable,15.97,Bueno,interpolacion_delaunay,0,4255,317,895,221
2026-10-09T18:18:42.686738+00:00,1902600011599,16.11,Aceptable,16.8,Bueno,interpolacion_delaunay,0,2923,228,572,152
2026-10-09T18:18:42.686738+00:00,1902600011601,17.9,Aceptable,18.5,Bueno,promedio_sensores,1,3474,261,775,299
2026-10-09T18:18:42.686738+00:00,1902600011688,17.14,Aceptable,17.96,Bueno,interpolacion_delaunay,0,3727,240,688,249
2026-10-09T18:18:42.686738+00:00,190260001171A,14.93,Bueno,16.01,Bueno,interpolacion_delaunay,0,4383,321,770,213
2026-10-09T18:18:42.686738+00:00,1902600012008,7.98,Bueno,8.68,Bueno,interpolacion_delaunay,0,1064,52,278,35
2026-10-09T18:18:42.686738+00:00,1902600011781,10.76,Bueno,11.5,Bueno,interpolacion_delaunay,0,260,22,25,0
2026-10-09T18:18:42.686738+00:00,1902600011989,13.32,Bueno,14.09,Bueno,interpolacion_delaunay,0,3336,217,653,151
2026-10-09T18:18:42.686738+00:00,1902600012027,16.55,Aceptable,17.49,Bueno,interpolacion_delaunay,0,5601,339,676,195
2026-10-09T18:18:42.686738+00:00,1902600012116,11.81,Bueno,13.01,Bueno,interpolacion_delaunay,0,2265,174,319,64
2026-10-09T18:18:42.686738+00:00,1902600012328,18.49,Aceptable,19.96,Bueno,interpolacion_delaunay,0,2737,200,173,54
2026-10-09T18:18:42.686738+00:00,1902600012510,15.53,Aceptable,16.76,Bueno,interpolacion_delaunay,0,3466,257,269,90
2026-10-09T18:18:42.686738+00:00,1902600012578,13.01,Bueno,14.33,Bueno,interpolacion_delaunay,0,2465,185,298,196
2026-10-09T18:18:42.686738+00:00,1902600012582,12.79,Bueno,14.09,Bueno,interpolacion_delaunay,0,2739,201,423,283
2026-10-09T18:18:42.686738+00:00,1902600012614,18.48,Aceptable,20.0,Bueno,interpolacion_delaunay,0,3024,272,68,36
2026-10-09T18:18:42.686738+00:00,1902600010177,14.93,Bueno,15.86,Bueno,interpolacion_delaunay,0,1769,60,559,90
2026-10-09T18:18:42.686738+00:00,1902600010444,10.19,Bueno,10.9,Bueno,interpolacion_delaunay,0,2474,121,665,111
2026-10-09T18:18:42.686738+00:00,1902600011531,12.67,Bueno,13.46,Bueno,interpolacion_delaunay,0,3594,235,816,160
2026-10-09T18:18:42.686738+00:00,1902600010232,17.79,Aceptable,18.64,Bueno,interpolacion_delaunay,0,2521,162,744,110
2026-10-09T18:18:42.686738+00:00,1902600010196,15.31,Aceptable,16.24,Bueno,interpolacion_delaunay,0,1557,66,485,73
2026-10-09T18:18:42.686738+00:00,1902600010213,17.28,Aceptable,18.15,Bueno,interpolacion_delaunay,0,2063,114,530,142
2026-10-09T18:18:42.686738+00:00,190260001011A,18.07,Aceptable,18.92,Bueno,interpolacion_delaunay,0,3115,155,816,154
2026-10-09T18:18:42.686738+00:00,1902600010162,14.54,Bueno,15.49,Bueno,interpolacion_delaunay,0,1624,64,473,65
2026-10-09T18:18:42.686738+00:00,1902600010181,14.17,Bueno,15.11,Bueno,interpolacion_delaunay,0,1561,63,499,94
2026-10-09T18:18:42.686738+00:00,1902600010228,16.94,Aceptable,17.82,Bueno,interpolacion_delaunay,0,1619,140,316,120
2026-10-09T18:18:42.686738+00:00,1902600010603,14.54,Bueno,15.33,Bueno,interpolacion_delaunay,0,1632,93,346,132
2026-10-09T18:18:42.686738+00:00,1902600010745,17.5,Aceptable,18.24,Bueno,interpolacion_delaunay,0,1565,113,330,126
2026-10-09T18:18:42.686738+00:00,1902600010798,12.88,Bueno,13.59,Bueno,interpolacion_delaunay,0,3364,210,732,231
2026-10-09T18:18:42.686738+00:00,1902600010815,12.22,Bueno,13.24,Bueno,interpolacion_delaunay,0,4739,363,1000,268
2026-10-09T18:18:42.686738+00:00,1902600011438,9.4,Bueno,10.19,Bueno,interpolacion_delaunay,0,1771,89,459,85
2026-10-09T18:18:42.686738+00:00,1902600011476,15.67,Aceptable,16.4,Bueno,interpolacion_delaunay,0,3270,215,839,209
2026-10-09T18:18:42.686738+00:00,1902600011777,11.79,Bueno,12.56,Bueno,interpolacion_delaunay,0,3599,312,366,80
2026-10-09T18:18:42.686738+00:00,1902600012031,15.99,Aceptable,17.06,Bueno,interpolacion_delaunay,0,4385,273,421,152
2026-10-09T18:18:42.686738+00:00,1902600012173,8.9,Bueno,9.38,Bueno,interpolacion_delaunay,0,108,5,10,3
2026-10-09T18:18:42.686738+00:00,1902600012474,20.18,Aceptable,21.44,Bueno,interpolacion_delaunay,0,3828,248,138,120
2026-10-09T18:18:42.686738+00:00,190260001253A,15.51,Aceptable,17.11,Bueno,interpolacion_delaunay,0,1418,134,74,37
2026-10-09T18:18:42.686738+00:00,1902600012648,17.94,Aceptable,18.71,Bueno,interpolacion_delaunay,0,1998,125,415,138
2026-10-09T18:18:42.686738+00:00,1902600012794,19.06,Aceptable,19.86,Bueno,interpolacion_delaunay,0,776,83,32,8
2026-10-09T18:18:42.686738+00:00,1902600012775,18.97,Aceptable,20.02,Bueno,interpolacion_delaunay,0,1381,194,42,36
2026-10-09T18:18:42.686738+00:00,1902600012898,5.77,Bueno,5.92,Bueno,interpolacion_delaunay,0,21,3,0,0
2026-10-09T18:18:42.686738+00:00,1902600010849,10.79,Bueno,11.96,Bueno,interpolacion_delaunay,0,1926,132,278,87
2026-10-09T18:18:42.686738+00:00,1902600012262,18.83,Aceptable,19.66,Bueno,interpolacion_delaunay,0,2668,227,217,83
2026-10-09T18:18:42.686738+00:00,1902600010266,19.23,Aceptable,20.13,Bueno,interpolacion_delaunay,0,427,58,19,0
2026-10-09T18:18:42.686738+00:00,1902600010779,9.57,Bueno,10.14,Bueno,interpolacion_delaunay,0,677,45,131,66
2026-10-09T18:18:42.686738+00:00,1902600010872,7.63,Bueno,7.77,Bueno,interpolacion_delaunay,0,3088,114,989,72
2026-10-09T18:18:42.686738+00:00,1902600011902,18.26,Aceptable,19.1,Bueno,interpolacion_delaunay,0,2434,191,435,71
2026-10-09T18:18:42.686738+00:00,1902600011993,12.71,Bueno,13.46,Bueno,interpolacion_delaunay,0,3528,203,521,147
2026-10-09T18:18:42.686738+00:00,1902600012012,7.53,Bueno,8.18,Bueno,interpolacion_delaunay,0,2227,119,600,34
2026-10-09T18:18:42.686738+00:00,1902600012084,5.36,Bueno,5.68,Bueno,interpolacion_delaunay,0,1461,49,516,49
2026-10-09T18:18:42.686738+00:00,1902600012188,5.11,Bueno,5.37,Bueno,interpolacion_delaunay,0,460,18,82,4
2026-10-09T18:18:42.686738+00:00,1902600012277,18.42,Aceptable,19.26,Bueno,interpolacion_delaunay,0,3597,281,616,228
2026-10-09T18:18:42.686738+00:00,190260001246A,19.95,Aceptable,21.26,Bueno,interpolacion_delaunay,0,4546,358,308,145
2026-10-09T18:18:42.686738+00:00,1902600012559,12.87,Bueno,14.0,Bueno,interpolacion_delaunay,0,4248,285,324,114
2026-10-09T18:18:42.686738+00:00,1902600012652,19.44,Aceptable,20.24,Bueno,interpolacion_delaunay,0,3158,323,113,122
2026-10-09T18:18:42.686738+00:00,1902600012671,19.44,Aceptable,20.23,Bueno,interpolacion_delaunay,0,1647,122,65,34
2026-10-09T18:18:42.686738+00:00,1902600012718,10.37,Bueno,11.61,Bueno,interpolacion_delaunay,0,2829,290,123,131
2026-10-09T18:18:42.686738+00:00,1902600012741,12.19,Bueno,12.92,Bueno,interpolacion_delaunay,0,1897,119,345,52
2026-10-09T18:18:42.686738+00:00,1902600012879,19.7,Aceptable,20.5,Bueno,promedio_sensores,1,2144,300,65,16
2026-10-09T18:18:42.686738+00:00,1902600010285,10.38,Bueno,11.14,Bueno,interpolacion_delaunay,0,2844,174,613,185
2026-10-09T18:18:42.686738+00:00,1902600012690,10.18,Bueno,11.12,Bueno,interpolacion_delaunay,0,79,0,3,0
2026-10-09T18:18:42.686738+00:00,1902600012099,10.85,Bueno,11.75,Bueno,interpolacion_delaunay,0,5241,599,554,189
2026-10-09T18:18:42.686738+00:00,1902600011936,19.88,Aceptable,20.86,Bueno,interpolacion_delaunay,0,2951,267,407,119
2026-10-09T18:18:42.686738+00:00,1902600012169,6.25,Bueno,6.57,Bueno,interpolacion_delaunay,0,1023,50,158,14
2026-10-09T18:18:42.686738+00:00,190260001118A,8.76,Bueno,9.27,Bueno,interpolacion_delaunay,0,3453,227,320,71
2026-10-09T18:18:42.686738+00:00,1902600012050,13.2,Bueno,14.23,Bueno,interpolacion_delaunay,0,4134,320,745,263
2026-10-09T18:18:42.686738+00:00,1902600012101,10.95,Bueno,11.97,Bueno,interpolacion_delaunay,0,3626,381,484,119
2026-10-09T18:18:42.686738+00:00,1902600012563,10.92,Bueno,12.01,Bueno,interpolacion_delaunay,0,2676,291,133,25
2026-10-09T18:18:42.686738+00:00,190260001278A,18.85,Aceptable,19.92,Bueno,interpolacion_delaunay,0,3558,402,98,36
2026-10-09T18:18:42.686738+00:00,1902600011921,19.76,Aceptable,20.8,Bueno,interpolacion_delaunay,0,2594,223,377,76
2026-10-09T18:18:42.686738+00:00,1902600010092,17.23,Aceptable,18.1,Bueno,interpolacion_delaunay,0,4183,262,1039,106
2026-10-09T18:18:42.686738+00:00,1902600011300,19.04,Aceptable,20.02,Bueno,interpolacion_delaunay,0,2915,163,792,188
2026-10-09T18:18:42.686738+00:00,1902600010143,19.97,Aceptable,21.1,Bueno,interpolacion_delaunay,0,2245,273,113,55
2026-10-09T18:18:42.686738+00:00,1902600011870,17.57,Aceptable,18.44,Bueno,interpolacion_delaunay,0,3271,173,768,82
2026-10-09T18:18:42.686738+00:00,1902600011315,16.38,Aceptable,17.27,Bueno,interpolacion_delaunay,0,3497,230,464,42
2026-10-09T18:18:42.686738+00:00,1902600011014,19.99,Aceptable,21.2,Bueno,interpolacion_delaunay,0,2155,150,459,98
2026-10-09T18:18:42.686738+00:00,1902600011616,17.59,Aceptable,18.44,Bueno,interpolacion_delaunay,0,3883,311,769,201
2026-10-09T18:18:42.686738+00:00,1902600011620,17.36,Aceptable,18.28,Bueno,interpolacion_delaunay,0,4814,356,1024,301
2026-10-09T18:18:42.686738+00:00,1902600011480,18.06,Aceptable,18.93,Bueno,interpolacion_delaunay,0,4784,390,737,223
2026-10-09T18:18:42.686738+00:00,1902600010641,17.11,Aceptable,17.84,Bueno,interpolacion_delaunay,0,2917,240,627,202
2026-10-09T18:18:42.686738+00:00,1902600012633,18.4,Aceptable,19.08,Bueno,interpolacion_delaunay,0,2429,188,313,91
2026-10-09T18:18:42.686738+00:00,190260001164A,16.83,Aceptable,17.9,Bueno,interpolacion_delaunay,0,2101,168,367,57
2026-10-09T18:18:42.686738+00:00,1902600011635,16.79,Aceptable,17.82,Bueno,interpolacion_delaunay,0,4695,347,639,204
2026-10-09T18:18:42.686738+00:00,1902600010961,20.12,Aceptable,21.47,Bueno,interpolacion_delaunay,0,1353,81,150,34
2026-10-09T18:18:42.686738+00:00,1902600011226,11.62,Bueno,12.46,Bueno,interpolacion_delaunay,0,4831,444,615,226
2026-10-09T18:18:42.686738+00:00,1902600012807,11.47,Bueno,12.15,Bueno,interpolacion_delaunay,0,51,0,0,0
2026-10-09T18:18:42.686738+00:00,1902600012737,11.53,Bueno,12.23,Bueno,interpolacion_delaunay,0,153,17,4,4
2026-10-09T18:18:42.686738+00:00,1902600012046,12.66,Bueno,13.57,Bueno,interpolacion_delaunay,0,5116,376,649,199
2026-10-09T18:18:42.686738+00:00,1902600012756,11.8,Bueno,12.5,Bueno,promedio_sensores,1,2572,282,124,24
2026-10-09T18:18:42.686738+00:00,1902600010783,10.98,Bueno,11.63,Bueno,interpolacion_delaunay,0,1477,145,264,42
2026-10-09T18:18:42.686738+00:00,1902600011230,11.74,Bueno,12.62,Bueno,interpolacion_delaunay,0,3324,362,242,132
2026-10-09T18:18:42.686738+00:00,1902600011758,4.8,Bueno,5.0,Bueno,promedio_sensores,1,2105,92,408,43
2026-10-09T18:18:42.686738+00:00,1902600011141,15.91,Aceptable,17.99,Bueno,interpolacion_delaunay,0,9036,1161,432,363
2026-10-09T18:18:42.686738+00:00,1902600011743,11.66,Bueno,12.98,Bueno,interpolacion_delaunay,0,7461,709,958,323
2026-10-09T18:18:42.686738+00:00,1902600012629,10.41,Bueno,11.61,Bueno,interpolacion_delaunay,0,1943,149,74,66
2026-10-09T18:18:42.686738+00:00,1902600011762,12.2,Bueno,12.9,Bueno,interpolacion_delaunay,0,2427,183,512,77
2026-10-09T18:18:42.686738+00:00,1902600011194,10.51,Bueno,11.14,Bueno,interpolacion_delaunay,0,4669,300,960,201
2026-10-09T18:18:42.686738+00:00,1902600011052,19.08,Aceptable,20.13,Bueno,interpolacion_delaunay,0,7318,799,917,451
2026-10-09T18:18:42.686738+00:00,1902600012722,18.66,Aceptable,19.87,Bueno,interpolacion_delaunay,0,1673,182,35,23
2026-10-09T18:18:42.686738+00:00,1902600010209,18.28,Aceptable,19.63,Bueno,interpolacion_delaunay,0,0,0,0,0
2026-10-09T18:18:42.686738+00:00,1902600012883,18.07,Aceptable,19.56,Bueno,interpolacion_delaunay,0,2693,391,65,39
2026-10-09T18:18:42.686738+00:00,1902600011512,11.15,Bueno,12.36,Bueno,interpolacion_delaunay,0,1411,83,448,118
2026-10-09T18:18:42.686738+00:00,1902600011527,11.1,Bueno,12.28,Bueno,interpolacion_delaunay,0,2114,99,718,127
2026-10-09T18:18:42.686738+00:00,1902600010853,9.97,Bueno,11.02,Bueno,interpolacion_delaunay,0,4562,382,755,151
2026-10-09T18:18:42.686738+00:00,1902600011160,10.9,Bueno,12.1,Bueno,promedio_sensores,1,3568,186,796,79
2026-10-09T18:18:42.686738+00:00,1902600011423,13.84,Bueno,14.7,Bueno,interpolacion_delaunay,0,2358,121,643,149
2026-10-09T18:18:42.686738+00:00,1902600011118,11.52,Bueno,12.29,Bueno,interpolacion_delaunay,0,0,0,0,0
2026-10-09T18:18:42.686738+00:00,1902600010552,12.22,Bueno,13.06,Bueno,interpolacion_delaunay,0,1358,197,299,91
2026-10-09T18:18:42.686738+00:00,1902600010567,12.84,Bueno,13.65,Bueno,interpolacion_delaunay,0,3469,239,807,212
2026-10-09T18:18:42.686738+00:00,1902600010478,14.69,Bueno,15.56,Bueno,interpolacion_delaunay,0,3451,258,686,179
2026-10-09T18:18:42.686738+00:00,1902600012493,13.92,Bueno,14.74,Bueno,interpolacion_delaunay,0,3047,231,451,139
2026-10-09T18:18:42.686738+00:00,1902600012506,13.59,Bueno,14.42,Bueno,interpolacion_delaunay,0,1875,122,448,96
2026-10-09T18:18:42.686738+00:00,1902600011387,16.14,Aceptable,16.98,Bueno,interpolacion_delaunay,0,4018,279,697,181
2026-10-09T18:18:42.686738+00:00,1902600010482,15.35,Aceptable,16.21,Bueno,interpolacion_delaunay,0,4004,197,1191,226
2026-10-09T18:18:42.686738+00:00,1902600010586,14.29,Bueno,15.11,Bueno,interpolacion_delaunay,0,4983,369,1196,317
2026-10-09T18:18:42.686738+00:00,1902600010590,14.55,Bueno,15.35,Bueno,interpolacion_delaunay,0,3794,290,817,254
2026-10-09T18:18:42.686738+00:00,1902600011940,17.48,Aceptable,18.32,Bueno,interpolacion_delaunay,0,3450,256,773,184
2026-10-09T18:18:42.686738+00:00,1902600012224,15.74,Aceptable,16.57,Bueno,interpolacion_delaunay,0,1986,122,533,118
2026-10-09T18:18:42.686738+00:00,1902600012239,16.23,Aceptable,17.04,Bueno,interpolacion_delaunay,0,2664,206,487,219
2026-10-09T18:18:42.686738+00:00,1902600010548,7.51,Bueno,7.98,Bueno,interpolacion_delaunay,0,4149,203,1177,258
2026-10-09T18:18:42.686738+00:00,1902600012489,19.84,Aceptable,21.16,Bueno,interpolacion_delaunay,0,2798,203,290,77
2026-10-09T18:18:42.686738+00:00,1902600011353,16.2,Aceptable,17.1,Bueno,interpolacion_delaunay,0,1952,125,417,157
2026-10-09T18:18:42.686738+00:00,1902600012760,19.79,Aceptable,20.69,Bueno,interpolacion_delaunay,0,3619,397,120,87
2026-10-09T18:18:42.686738+00:00,1902600011264,19.36,Aceptable,20.39,Bueno,interpolacion_delaunay,0,1708,151,158,100
2026-10-09T18:18:42.686738+00:00,190260001285A,19.52,Aceptable,20.4,Bueno,interpolacion_delaunay,0,1850,298,50,26
2026-10-09T18:18:42.686738+00:00,1902600010270,17.9,Aceptable,19.62,Bueno,interpolacion_delaunay,0,0,0,0,0
2026-10-09T18:18:42.686738+00:00,1902600010406,17.98,Aceptable,18.83,Bueno,interpolacion_delaunay,0,2889,225,550,115
2026-10-09T18:18:42.686738+00:00,1902600011067,18.82,Aceptable,19.65,Bueno,interpolacion_delaunay,0,4252,360,451,270
2026-10-09T18:18:42.686738+00:00,1902600011086,18.17,Aceptable,19.76,Bueno,interpolacion_delaunay,0,3224,245,126,84
2026-10-09T18:18:42.686738+00:00,1902600012313,16.72,Aceptable,19.32,Bueno,interpolacion_delaunay,0,2567,202,407,174
2026-10-09T18:18:42.686738+00:00,1902600012309,17.14,Aceptable,19.36,Bueno,interpolacion_delaunay,0,2125,241,150,88
2026-10-09T18:18:42.686738+00:00,1902600011809,19.15,Aceptable,19.97,Bueno,interpolacion_delaunay,0,2127,251,117,120
2026-10-09T18:18:42.686738+00:00,1902600012864,18.66,Aceptable,19.45,Bueno,interpolacion_delaunay,0,1168,168,40,16
2026-10-09T18:18:42.686738+00:00,190260001125A,11.47,Bueno,11.64,Bueno,interpolacion_delaunay,0,541,13,170,22
2026-10-09T18:18:42.686738+00:00,1902600011071,17.41,Aceptable,19.52,Bueno,interpolacion_delaunay,0,3143,264,264,89
2026-10-09T18:18:42.686738+00:00,190260001196A,16.97,Aceptable,19.28,Bueno,interpolacion_delaunay,0,3349,324,262,100
2026-10-09T18:18:42.686738+00:00,1902600011955,18.29,Aceptable,19.11,Bueno,interpolacion_delaunay,0,3582,349,216,97
2026-10-09T18:18:42.686738+00:00,190260001050A,17.04,Aceptable,17.83,Bueno,interpolacion_delaunay,0,2022,217,309,73
2026-10-09T18:18:42.686738+00:00,1903900012400,26.0,Aceptable,31.0,Bueno,promedio_sensores,1,4517,429,723,304
2026-10-09T18:18:42.686738+00:00,1903900014657,12.11,Bueno,12.77,Bueno,interpolacion_delaunay,0,2491,234,438,138
2026-10-09T18:18:42.686738+00:00,1903900013682,8.95,Bueno,9.54,Bueno,interpolacion_delaunay,0,4499,398,653,181
2026-10-09T18:18:42.686738+00:00,1903900010832,15.98,Aceptable,18.42,Bueno,interpolacion_delaunay,0,543,31,158,26
2026-10-09T18:18:42.686738+00:00,1903900011120,14.38,Bueno,15.33,Bueno,interpolacion_delaunay,0,2607,94,831,149
2026-10-09T18:18:42.686738+00:00,1903900012129,7.81,Bueno,8.38,Bueno,interpolacion_delaunay,0,4074,318,790,255
2026-10-09T18:18:42.686738+00:00,190390001363A,12.92,Bueno,13.59,Bueno,interpolacion_delaunay,0,3850,324,618,201
2026-10-09T18:18:42.686738+00:00,1903900014163,9.06,Bueno,9.74,Bueno,interpolacion_delaunay,0,3563,376,476,178
2026-10-09T18:18:42.686738+00:00,1903900014642,11.44,Bueno,12.08,Bueno,interpolacion_delaunay,0,2137,227,313,125
2026-10-09T18:18:42.686738+00:00,1903900013589,9.94,Bueno,10.85,Bueno,interpolacion_delaunay,0,1971,102,595,95
2026-10-09T18:18:42.686738+00:00,1903900011370,13.79,Bueno,14.75,Bueno,interpolacion_delaunay,0,1287,71,218,39
2026-10-09T18:18:42.686738+00:00,1903900012114,6.62,Bueno,7.3,Bueno,interpolacion_delaunay,0,2387,84,816,136
2026-10-09T18:18:42.686738+00:00,1903900012203,4.0,Bueno,4.1,Bueno,promedio_sensores,1,2974,126,1034,191
2026-10-09T18:18:42.686738+00:00,1903900013574,8.81,Bueno,9.52,Bueno,interpolacion_delaunay,0,832,37,276,93
2026-10-09T18:18:42.686738+00:00,1903900012792,4.89,Bueno,5.43,Bueno,interpolacion_delaunay,0,1,0,0,0
2026-10-09T18:18:42.686738+00:00,190390001445A,9.33,Bueno,10.4,Bueno,interpolacion_delaunay,0,5563,304,1118,197
2026-10-09T18:18:42.686738+00:00,1903900014638,10.17,Bueno,10.82,Bueno,interpolacion_delaunay,0,3811,381,571,142
2026-10-09T18:18:42.686738+00:00,1903900012063,10.93,Bueno,11.64,Bueno,interpolacion_delaunay,0,2407,98,743,119
2026-10-09T18:18:42.686738+00:00,1903900011690,7.55,Bueno,9.11,Bueno,interpolacion_delaunay,0,228,12,56,11
2026-10-09T18:18:42.686738+00:00,1903900011760,6.58,Bueno,7.65,Bueno,interpolacion_delaunay,0,1986,129,443,117
2026-10-09T18:18:42.686738+00:00,1903900011934,6.93,Bueno,7.4,Bueno,promedio_sensores,3,2171,83,550,105
2026-10-09T18:18:42.686738+00:00,190390001192A,6.76,Bueno,7.3,Bueno,interpolacion_delaunay,0,2553,117,796,121
2026-10-09T18:18:42.686738+00:00,1903900012044,11.8,Bueno,12.6,Bueno,interpolacion_delaunay,0,1920,122,427,109
2026-10-09T18:18:42.686738+00:00,1903900012078,11.47,Bueno,12.19,Bueno,interpolacion_delaunay,0,2179,136,538,60
2026-10-09T18:18:42.686738+00:00,1903900011525,9.85,Bueno,12.09,Bueno,interpolacion_delaunay,0,590,39,143,33
2026-10-09T18:18:42.686738+00:00,1903900011991,12.1,Bueno,12.9,Bueno,promedio_sensores,1,3236,192,703,201
2026-10-09T18:18:42.686738+00:00,1903900012006,7.16,Bueno,7.8,Bueno,interpolacion_delaunay,0,1972,70,504,136
2026-10-09T18:18:42.686738+00:00,1903900010673,13.57,Bueno,14.34,Bueno,interpolacion_delaunay,0,2155,174,396,142
2026-10-09T18:18:42.686738+00:00,1903900010298,16.32,Aceptable,18.13,Bueno,interpolacion_delaunay,0,3499,233,739,152
2026-10-09T18:18:42.686738+00:00,1903900010404,15.44,Aceptable,17.17,Bueno,interpolacion_delaunay,0,2835,189,560,150
2026-10-09T18:18:42.686738+00:00,1903900011012,15.59,Aceptable,18.65,Bueno,interpolacion_delaunay,0,1216,101,235,35
2026-10-09T18:18:42.686738+00:00,1903900011065,14.29,Bueno,16.18,Bueno,interpolacion_delaunay,0,1981,192,428,144
2026-10-09T18:18:42.686738+00:00,1903900010175,18.15,Aceptable,20.89,Bueno,interpolacion_delaunay,0,1294,70,318,45
2026-10-09T18:18:42.686738+00:00,190390001018A,19.03,Aceptable,21.82,Bueno,interpolacion_delaunay,0,3618,299,750,219
2026-10-09T18:18:42.686738+00:00,1903900010194,18.17,Aceptable,20.7,Bueno,interpolacion_delaunay,0,2850,223,604,173
2026-10-09T18:18:42.686738+00:00,1903900010226,17.28,Aceptable,19.13,Bueno,interpolacion_delaunay,0,4934,461,799,274
2026-10-09T18:18:42.686738+00:00,1903900014229,6.05,Bueno,6.4,Bueno,interpolacion_delaunay,0,2852,249,505,184
2026-10-09T18:18:42.686738+00:00,1903900010353,10.29,Bueno,11.84,Bueno,interpolacion_delaunay,0,3313,167,981,325
2026-10-09T18:18:42.686738+00:00,1903900010936,10.84,Bueno,11.51,Bueno,interpolacion_delaunay,0,2121,128,459,101
2026-10-09T18:18:42.686738+00:00,1903900011173,8.9,Bueno,9.7,Bueno,promedio_sensores,1,2108,71,659,126
2026-10-09T18:18:42.686738+00:00,1903900011188,10.57,Bueno,11.3,Bueno,interpolacion_delaunay,0,3322,231,794,185
2026-10-09T18:18:42.686738+00:00,1903900011224,11.53,Bueno,13.13,Bueno,interpolacion_delaunay,0,3487,327,636,198
2026-10-09T18:18:42.686738+00:00,1903900011328,13.59,Bueno,16.07,Bueno,interpolacion_delaunay,0,1300,73,364,78
2026-10-09T18:18:42.686738+00:00,1903900011332,13.73,Bueno,15.78,Bueno,interpolacion_delaunay,0,2976,208,686,165
2026-10-09T18:18:42.686738+00:00,1903900011493,5.4,Bueno,6.2,Bueno,promedio_sensores,1,498,32,117,21
2026-10-09T18:18:42.686738+00:00,1903900011506,7.71,Bueno,9.06,Bueno,interpolacion_delaunay,0,218,10,60,5
2026-10-09T18:18:42.686738+00:00,1903900011510,8.68,Bueno,10.47,Bueno,interpolacion_delaunay,0,370,18,99,43
2026-10-09T18:18:42.686738+00:00,1903900011563,11.58,Bueno,14.41,Bueno,interpolacion_delaunay,0,1016,57,324,41
2026-10-09T18:18:42.686738+00:00,1903900011652,4.38,Bueno,5.36,Bueno,interpolacion_delaunay,0,1408,46,412,99
2026-10-09T18:18:42.686738+00:00,1903900011667,10.32,Bueno,11.34,Bueno,interpolacion_delaunay,0,811,38,222,38
2026-10-09T18:18:42.686738+00:00,1903900011671,9.84,Bueno,10.82,Bueno,interpolacion_delaunay,0,2135,120,546,122
2026-10-09T18:18:42.686738+00:00,1903900011775,8.2,Bueno,8.94,Bueno,interpolacion_delaunay,0,3247,195,753,173
2026-10-09T18:18:42.686738+00:00,190390001178A,8.85,Bueno,9.6,Bueno,interpolacion_delaunay,0,2085,91,638,124
2026-10-09T18:18:42.686738+00:00,1903900011811,10.63,Bueno,11.79,Bueno,interpolacion_delaunay,0,3726,195,960,140
2026-10-09T18:18:42.686738+00:00,190390001210A,7.8,Bueno,8.9,Bueno,promedio_sensores,1,2790,113,700,150
2026-10-09T18:18:42.686738+00:00,1903900012186,6.64,Bueno,7.01,Bueno,interpolacion_delaunay,0,4169,44,257,49
2026-10-09T18:18:42.686738+00:00,1903900011559,7.2,Bueno,8.9,Bueno,promedio_sensores,1,854,32,232,42
2026-10-09T18:18:42.686738+00:00,1903900013428,17.63,Aceptable,19.89,Bueno,interpolacion_delaunay,0,3351,320,515,172
2026-10-09T18:18:42.686738+00:00,1903900014214,6.41,Bueno,6.79,Bueno,interpolacion_delaunay,0,4120,374,689,171
2026-10-09T18:18:42.686738+00:00,1903900014712,7.61,Bueno,8.08,Bueno,interpolacion_delaunay,0,3085,299,499,125
2026-10-09T18:18:42.686738+00:00,1903900014727,6.95,Bueno,7.37,Bueno,interpolacion_delaunay,0,2574,237,418,75
2026-10-09T18:18:42.686738+00:00,1903900011544,6.99,Bueno,8.47,Bueno,interpolacion_delaunay,0,484,17,104,17
2026-10-09T18:18:42.686738+00:00,1903900011347,12.6,Bueno,13.6,Bueno,promedio_sensores,1,3767,228,949,230
2026-10-09T18:18:42.686738+00:00,1903900011101,13.19,Bueno,14.25,Bueno,interpolacion_delaunay,0,2340,171,499,101
2026-10-09T18:18:42.686738+00:00,1903900010692,9.66,Bueno,10.68,Bueno,interpolacion_delaunay,0,1264,56,294,43
2026-10-09T18:18:42.686738+00:00,190390001071A,4.1,Bueno,4.3,Bueno,promedio_sensores,1,2092,89,717,121
2026-10-09T18:18:42.686738+00:00,190390001153A,5.94,Bueno,6.99,Bueno,interpolacion_delaunay,0,283,20,33,8
2026-10-09T18:18:42.686738+00:00,1903900012222,7.7,Bueno,8.21,Bueno,interpolacion_delaunay,0,2481,214,440,130
2026-10-09T18:18:42.686738+00:00,1903900010048,22.23,Aceptable,26.05,Bueno,interpolacion_delaunay,0,2757,231,541,184
2026-10-09T18:18:42.686738+00:00,1903900010160,17.55,Aceptable,20.23,Bueno,interpolacion_delaunay,0,1233,55,334,97
2026-10-09T18:18:42.686738+00:00,1903900011915,8.02,Bueno,8.97,Bueno,interpolacion_delaunay,0,1171,52,296,69
2026-10-09T18:18:42.686738+00:00,1903900012824,3.81,Bueno,4.27,Bueno,interpolacion_delaunay,0,0,0,0,0
2026-10-09T18:18:42.686738+00:00,1903900010103,18.86,Aceptable,21.99,Bueno,interpolacion_delaunay,0,2537,115,733,107
2026-10-09T18:18:42.686738+00:00,1903900010122,19.65,Aceptable,22.58,Bueno,interpolacion_delaunay,0,3875,316,762,228
2026-10-09T18:18:42.686738+00:00,1903900010207,19.13,Aceptable,21.73,Bueno,interpolacion_delaunay,0,2935,264,476,100
2026-10-09T18:18:42.686738+00:00,190390001089A,10.35,Bueno,10.99,Bueno,interpolacion_delaunay,0,2450,84,735,103
2026-10-09T18:18:42.686738+00:00,1903900010813,15.91,Aceptable,18.28,Bueno,interpolacion_delaunay,0,1266,76,281,65
2026-10-09T18:18:42.686738+00:00,190390001096A,12.8,Bueno,14.46,Bueno,interpolacion_delaunay,0,735,52,175,36
2026-10-09T18:18:42.686738+00:00,190390001107A,14.12,Bueno,16.12,Bueno,interpolacion_delaunay,0,2056,191,358,98
2026-10-09T18:18:42.686738+00:00,1903900011099,13.37,Bueno,14.36,Bueno,interpolacion_delaunay,0,1728,108,401,82
2026-10-09T18:18:42.686738+00:00,1903900011281,10.19,Bueno,12.25,Bueno,interpolacion_delaunay,0,162,9,42,10
2026-10-09T18:18:42.686738+00:00,190390001146A,9.78,Bueno,10.71,Bueno,interpolacion_delaunay,0,1878,94,425,114
2026-10-09T18:18:42.686738+00:00,1903900011474,10.75,Bueno,11.71,Bueno,interpolacion_delaunay,0,1482,65,348,91
2026-10-09T18:18:42.686738+00:00,1903900011648,6.07,Bueno,7.04,Bueno,interpolacion_delaunay,0,1275,46,383,92
2026-10-09T18:18:42.686738+00:00,1903900011953,9.38,Bueno,10.15,Bueno,interpolacion_delaunay,0,4331,383,782,275
2026-10-09T18:18:42.686738+00:00,1903900011968,9.91,Bueno,10.71,Bueno,interpolacion_delaunay,0,2452,198,521,139
2026-10-09T18:18:42.686738+00:00,1903900011972,10.51,Bueno,11.43,Bueno,interpolacion_delaunay,0,2152,173,501,93
2026-10-09T18:18:42.686738+00:00,1903900011987,11.01,Bueno,11.97,Bueno,interpolacion_delaunay,0,2330,153,564,186
2026-10-09T18:18:42.686738+00:00,1903900012010,7.43,Bueno,7.87,Bueno,promedio_sensores,3,377,6,32,6
2026-10-09T18:18:42.686738+00:00,1903900012025,7.89,Bueno,8.89,Bueno,interpolacion_delaunay,0,4868,169,1336,220
2026-10-09T18:18:42.686738+00:00,1903900012608,20.25,Aceptable,23.97,Bueno,interpolacion_delaunay,0,3563,325,452,140
2026-10-09T18:18:42.686738+00:00,1903900012260,7.43,Bueno,7.93,Bueno,interpolacion_delaunay,0,2549,128,738,140
2026-10-09T18:18:42.686738+00:00,1903900012523,23.39,Aceptable,27.65,Bueno,interpolacion_delaunay,0,5883,502,863,210
2026-10-09T18:18:42.686738+00:00,1903900012576,23.26,Aceptable,27.65,Bueno,interpolacion_delaunay,0,3643,363,363,152
2026-10-09T18:18:42.686738+00:00,1903900012612,21.69,Aceptable,25.6,Bueno,interpolacion_delaunay,0,3707,369,423,217
2026-10-09T18:18:42.686738+00:00,1903900013339,23.6,Aceptable,27.72,Bueno,interpolacion_delaunay,0,3291,330,562,149
2026-10-09T18:18:42.686738+00:00,1903900013432,18.29,Aceptable,20.54,Bueno,interpolacion_delaunay,0,3283,331,497,186
2026-10-09T18:18:42.686738+00:00,1903900013381,20.47,Aceptable,23.82,Bueno,interpolacion_delaunay,0,3469,305,681,259
2026-10-09T18:18:42.686738+00:00,1903900013324,24.37,Aceptable,28.83,Bueno,interpolacion_delaunay,0,2714,268,458,83
2026-10-09T18:18:42.686738+00:00,1903900014587,13.86,Bueno,17.08,Bueno,interpolacion_delaunay,0,1315,68,368,60
2026-10-09T18:18:42.686738+00:00,1903900014604,3.75,Bueno,4.03,Bueno,interpolacion_delaunay,0,2075,111,610,109
2026-10-09T18:18:42.686738+00:00,1903900014661,8.47,Bueno,9.14,Bueno,interpolacion_delaunay,0,2902,69,608,127
2026-10-09T18:18:42.686738+00:00,1903900014680,10.72,Bueno,11.87,Bueno,interpolacion_delaunay,0,2293,96,745,94
2026-10-09T18:18:42.686738+00:00,1903900011239,13.05,Bueno,15.28,Bueno,interpolacion_delaunay,0,3332,293,662,233
2026-10-09T18:18:42.686738+00:00,1903900011489,11.7,Bueno,12.8,Bueno,promedio_sensores,1,1608,86,419,74
2026-10-09T18:18:42.686738+00:00,1903900010279,17.02,Aceptable,19.47,Bueno,interpolacion_delaunay,0,2220,107,580,282
2026-10-09T18:18:42.686738+00:00,1903900010531,14.48,Bueno,15.51,Bueno,interpolacion_delaunay,0,5417,419,1156,491
2026-10-09T18:18:42.686738+00:00,1903900010635,11.66,Bueno,12.67,Bueno,interpolacion_delaunay,0,2264,78,723,158
2026-10-09T18:18:42.686738+00:00,1903900011686,7.34,Bueno,8.64,Bueno,interpolacion_delaunay,0,153,7,36,5
2026-10-09T18:18:42.686738+00:00,1903900011807,10.09,Bueno,11.14,Bueno,interpolacion_delaunay,0,2430,99,765,107
2026-10-09T18:18:42.686738+00:00,1903900011830,8.6,Bueno,9.4,Bueno,promedio_sensores,1,898,35,265,16
2026-10-09T18:18:42.686738+00:00,1903900012097,8.6,Bueno,9.1,Bueno,promedio_sensores,1,4087,88,440,163
2026-10-09T18:18:42.686738+00:00,1903900012256,8.92,Bueno,9.57,Bueno,interpolacion_delaunay,0,4590,303,1006,320
2026-10-09T18:18:42.686738+00:00,1903900012307,9.43,Bueno,9.87,Bueno,promedio_sensores,3,2986,141,683,94
2026-10-09T18:18:42.686738+00:00,1903900012453,7.44,Bueno,8.54,Bueno,interpolacion_delaunay,0,2219,109,403,76
2026-10-09T18:18:42.686738+00:00,1903900012716,11.83,Bueno,13.05,Bueno,interpolacion_delaunay,0,78,3,14,8
2026-10-09T18:18:42.686738+00:00,1903900012735,11.65,Bueno,12.87,Bueno,interpolacion_delaunay,0,0,0,0,0
2026-10-09T18:18:42.686738+00:00,1903900012769,17.19,Aceptable,20.62,Bueno,interpolacion_delaunay,0,279,15,54,0
2026-10-09T18:18:42.686738+00:00,1903900012773,7.42,Bueno,8.28,Bueno,interpolacion_delaunay,0,0,0,0,0
2026-10-09T18:18:42.686738+00:00,1903900014040,21.11,Aceptable,24.13,Bueno,interpolacion_delaunay,0,3042,337,450,116
2026-10-09T18:18:42.686738+00:00,1903900014178,10.66,Bueno,11.33,Bueno,interpolacion_delaunay,0,4610,493,538,196
2026-10-09T18:18:42.686738+00:00,1903900010156,17.73,Aceptable,20.56,Bueno,interpolacion_delaunay,0,2930,146,830,151
2026-10-09T18:18:42.686738+00:00,1903900010264,15.19,Aceptable,17.54,Bueno,interpolacion_delaunay,0,4282,326,814,272
2026-10-09T18:18:42.686738+00:00,1903900010283,16.46,Aceptable,18.66,Bueno,interpolacion_delaunay,0,2911,218,619,83
2026-10-09T18:18:42.686738+00:00,1903900010315,17.24,Aceptable,18.78,Bueno,interpolacion_delaunay,0,3515,316,654,216
2026-10-09T18:18:42.686738+00:00,190390001032A,18.38,Aceptable,20.06,Bueno,interpolacion_delaunay,0,4173,426,573,279
2026-10-09T18:18:42.686738+00:00,1903900010349,16.9,Aceptable,17.81,Bueno,interpolacion_delaunay,0,2637,166,677,132
2026-10-09T18:18:42.686738+00:00,1903900010391,15.03,Aceptable,16.81,Bueno,interpolacion_delaunay,0,3850,295,727,205
2026-10-09T18:18:42.686738+00:00,1903900010438,15.5,Aceptable,16.46,Bueno,interpolacion_delaunay,0,3338,313,521,73
2026-10-09T18:18:42.686738+00:00,1903900010442,15.94,Aceptable,16.77,Bueno,interpolacion_delaunay,0,2676,239,533,136
2026-10-09T18:18:42.686738+00:00,1903900010457,11.19,Bueno,12.85,Bueno,interpolacion_delaunay,0,3408,175,1149,225
2026-10-09T18:18:42.686738+00:00,1903900010480,12.59,Bueno,14.0,Bueno,interpolacion_delaunay,0,1388,64,440,114
2026-10-09T18:18:42.686738+00:00,1903900010512,12.86,Bueno,13.98,Bueno,interpolacion_delaunay,0,2980,202,741,168
2026-10-09T18:18:42.686738+00:00,1903900010546,13.41,Bueno,14.41,Bueno,interpolacion_delaunay,0,2660,141,683,117
2026-10-09T18:18:42.686738+00:00,1903900010550,14.2,Bueno,15.13,Bueno,interpolacion_delaunay,0,2279,182,478,160
2026-10-09T18:18:42.686738+00:00,1903900010565,15.09,Aceptable,15.96,Bueno,interpolacion_delaunay,0,2608,254,432,94
2026-10-09T18:18:42.686738+00:00,190390001057A,14.39,Bueno,15.17,Bueno,interpolacion_delaunay,0,1514,131,335,33
2026-10-09T18:18:42.686738+00:00,1903900010599,7.43,Bueno,8.34,Bueno,interpolacion_delaunay,0,2808,125,1047,137
2026-10-09T18:18:42.686738+00:00,1903900010601,10.21,Bueno,11.5,Bueno,interpolacion_delaunay,0,5314,412,1126,426
2026-10-09T18:18:42.686738+00:00,1903900010620,10.88,Bueno,11.93,Bueno,interpolacion_delaunay,0,2515,85,744,131
2026-10-09T18:18:42.686738+00:00,190390001064A,12.25,Bueno,13.2,Bueno,interpolacion_delaunay,0,2719,125,702,154
2026-10-09T18:18:42.686738+00:00,1903900010654,13.37,Bueno,14.24,Bueno,interpolacion_delaunay,0,2609,119,783,144
2026-10-09T18:18:42.686738+00:00,1903900010705,5.38,Bueno,5.56,Bueno,interpolacion_delaunay,0,1996,93,661,76
2026-10-09T18:18:42.686738+00:00,1903900010739,10.85,Bueno,11.76,Bueno,interpolacion_delaunay,0,1701,60,561,127
2026-10-09T18:18:42.686738+00:00,1903900010743,11.4,Bueno,12.25,Bueno,interpolacion_delaunay,0,1991,112,552,108
2026-10-09T18:18:42.686738+00:00,1903900010758,11.83,Bueno,12.63,Bueno,interpolacion_delaunay,0,1207,67,324,54
2026-10-09T18:18:42.686738+00:00,1903900010796,15.29,Aceptable,17.19,Bueno,interpolacion_delaunay,0,0,0,0,0
2026-10-09T18:18:42.686738+00:00,1903900010828,16.03,Aceptable,18.41,Bueno,interpolacion_delaunay,0,1085,46,363,57
2026-10-09T18:18:42.686738+00:00,1903900010866,7.8,Bueno,8.11,Bueno,interpolacion_delaunay,0,1678,49,570,85
2026-10-09T18:18:42.686738+00:00,1903900010870,9.6,Bueno,10.27,Bueno,interpolacion_delaunay,0,3879,268,842,254
2026-10-09T18:18:42.686738+00:00,1903900010885,9.85,Bueno,10.4,Bueno,interpolacion_delaunay,0,1668,63,493,70
2026-10-09T18:18:42.686738+00:00,1903900010940,11.68,Bueno,12.85,Bueno,interpolacion_delaunay,0,3419,259,605,213
2026-10-09T18:18:42.686738+00:00,1903900011046,15.04,Aceptable,18.0,Bueno,interpolacion_delaunay,0,1800,151,355,99
2026-10-09T18:18:42.686738+00:00,1903900011135,9.38,Bueno,9.79,Bueno,interpolacion_delaunay,0,1752,62,519,67
2026-10-09T18:18:42.686738+00:00,190390001114A,9.0,Bueno,9.5,Bueno,promedio_sensores,1,1380,53,428,34
2026-10-09T18:18:42.686738+00:00,1903900011154,8.6,Bueno,9.25,Bueno,interpolacion_delaunay,0,1623,62,444,64
2026-10-09T18:18:42.686738+00:00,1903900011169,8.45,Bueno,9.3,Bueno,promedio_sensores,2,2880,73,732,160
2026-10-09T18:18:42.686738+00:00,1903900011192,10.33,Bueno,11.14,Bueno,interpolacion_delaunay,0,2657,175,674,141
2026-10-09T18:18:42.686738+00:00,1903900011205,11.06,Bueno,11.97,Bueno,interpolacion_delaunay,0,122,13,22,0
2026-10-09T18:18:42.686738+00:00,1903900011243,9.03,Bueno,10.3,Bueno,interpolacion_delaunay,0,475,45,76,44
2026-10-09T18:18:42.686738+00:00,1903900011258,10.55,Bueno,12.39,Bueno,interpolacion_delaunay,0,1048,106,166,35
2026-10-09T18:18:42.686738+00:00,1903900011262,13.64,Bueno,16.33,Bueno,interpolacion_delaunay,0,1756,114,447,140
2026-10-09T18:18:42.686738+00:00,1903900011277,12.73,Bueno,15.43,Bueno,interpolacion_delaunay,0,2024,136,529,164
2026-10-09T18:18:42.686738+00:00,1903900011309,15.2,Aceptable,19.0,Bueno,promedio_sensores,1,1761,123,433,90
2026-10-09T18:18:42.686738+00:00,1903900011351,13.03,Bueno,14.02,Bueno,interpolacion_delaunay,0,2734,167,651,175
2026-10-09T18:18:42.686738+00:00,1903900011366,13.36,Bueno,14.34,Bueno,interpolacion_delaunay,0,0,0,0,0
2026-10-09T18:18:42.686738+00:00,1903900011421,9.8,Bueno,11.1,Bueno,promedio_sensores,1,3327,204,738,54
2026-10-09T18:18:42.686738+00:00,1903900011436,9.41,Bueno,10.44,Bueno,interpolacion_delaunay,0,1869,83,431,69
2026-10-09T18:18:42.686738+00:00,1903900011440,9.13,Bueno,10.29,Bueno,interpolacion_delaunay,0,1644,76,453,82
2026-10-09T18:18:42.686738+00:00,1903900011455,13.76,Bueno,16.32,Bueno,interpolacion_delaunay,0,1330,38,379,65
2026-10-09T18:18:42.686738+00:00,1903900011578,9.66,Bueno,10.67,Bueno,interpolacion_delaunay,0,1668,78,469,55
2026-10-09T18:18:42.686738+00:00,1903900011582,11.3,Bueno,11.9,Bueno,promedio_sensores,1,1943,98,485,98
2026-10-09T18:18:42.686738+00:00,190390001160A,11.48,Bueno,12.72,Bueno,interpolacion_delaunay,0,1878,106,479,110
2026-10-09T18:18:42.686738+00:00,1903900011614,11.37,Bueno,12.61,Bueno,interpolacion_delaunay,0,2516,127,727,95
2026-10-09T18:18:42.686738+00:00,1903900011633,16.37,Aceptable,19.6,Bueno,interpolacion_delaunay,0,810,34,225,59
2026-10-09T18:18:42.686738+00:00,1903900011703,7.67,Bueno,8.91,Bueno,interpolacion_delaunay,0,3184,63,372,52
2026-10-09T18:18:42.686738+00:00,1903900011722,8.5,Bueno,9.4,Bueno,interpolacion_delaunay,0,511,20,136,16
2026-10-09T18:18:42.686738+00:00,1903900011737,7.1,Bueno,8.08,Bueno,interpolacion_delaunay,0,377,25,76,21
2026-10-09T18:18:42.686738+00:00,1903900011741,8.37,Bueno,9.69,Bueno,interpolacion_delaunay,0,179,8,28,10
2026-10-09T18:18:42.686738+00:00,1903900011756,8.92,Bueno,10.29,Bueno,interpolacion_delaunay,0,191,3,61,18
2026-10-09T18:18:42.686738+00:00,1903900011794,9.65,Bueno,10.6,Bueno,interpolacion_delaunay,0,2555,160,623,167
2026-10-09T18:18:42.686738+00:00,1903900011845,6.3,Bueno,6.6,Bueno,promedio_sensores,1,2750,133,527,66
2026-10-09T18:18:42.686738+00:00,190390001185A,7.61,Bueno,8.28,Bueno,interpolacion_delaunay,0,2718,189,497,75
2026-10-09T18:18:42.686738+00:00,1903900011879,8.44,Bueno,9.37,Bueno,interpolacion_delaunay,0,2302,190,467,160
2026-10-09T18:18:42.686738+00:00,1903900011883,9.11,Bueno,10.08,Bueno,interpolacion_delaunay,0,2653,217,567,162
2026-10-09T18:18:42.686738+00:00,1903900011898,10.08,Bueno,10.97,Bueno,interpolacion_delaunay,0,2466,163,572,128
2026-10-09T18:18:42.686738+00:00,1903900011900,10.07,Bueno,11.19,Bueno,interpolacion_delaunay,0,1274,99,333,108
2026-10-09T18:18:42.686738+00:00,1903900012167,8.04,Bueno,8.51,Bueno,interpolacion_delaunay,0,2883,124,813,123
2026-10-09T18:18:42.686738+00:00,1903900012190,5.9,Bueno,6.17,Bueno,interpolacion_delaunay,0,1182,41,455,89
2026-10-09T18:18:42.686738+00:00,1903900012218,4.85,Bueno,5.06,Bueno,interpolacion_delaunay,0,1788,87,512,71
2026-10-09T18:18:42.686738+00:00,1903900012241,6.67,Bueno,6.96,Bueno,interpolacion_delaunay,0,1136,46,404,79
2026-10-09T18:18:42.686738+00:00,1903900012275,6.98,Bueno,7.45,Bueno,interpolacion_delaunay,0,3740,200,896,144
2026-10-09T18:18:42.686738+00:00,1903900012472,9.9,Bueno,10.3,Bueno,promedio_sensores,1,4662,342,773,243
2026-10-09T18:18:42.686738+00:00,190390001267A,10.45,Bueno,12.01,Bueno,interpolacion_delaunay,0,3909,249,1025,191
2026-10-09T18:18:42.686738+00:00,1903900012684,10.0,Bueno,11.43,Bueno,interpolacion_delaunay,0,2186,73,687,43
2026-10-09T18:18:42.686738+00:00,1903900012720,11.5,Bueno,12.9,Bueno,promedio_sensores,1,970,52,170,37
2026-10-09T18:18:42.686738+00:00,190390001274A,9.99,Bueno,11.12,Bueno,interpolacion_delaunay,0,10,0,0,0
2026-10-09T18:18:42.686738+00:00,1903900012754,10.55,Bueno,11.72,Bueno,interpolacion_delaunay,0,3205,214,714,184
2026-10-09T18:18:42.686738+00:00,1903900012788,9.17,Bueno,10.45,Bueno,interpolacion_delaunay,0,0,0,0,0
2026-10-09T18:18:42.686738+00:00,190390001281A,4.4,Bueno,5.0,Bueno,promedio_sensores,1,327,0,0,0
2026-10-09T18:18:42.686738+00:00,1903900012877,1.84,Bueno,2.06,Bueno,interpolacion_delaunay,0,0,0,0,0
2026-10-09T18:18:42.686738+00:00,1903900013451,17.4,Aceptable,19.15,Bueno,interpolacion_delaunay,0,4308,421,672,304
2026-10-09T18:18:42.686738+00:00,1903900013555,13.21,Bueno,15.37,Bueno,interpolacion_delaunay,0,4663,290,902,166
2026-10-09T18:18:42.686738+00:00,1903900013593,10.02,Bueno,10.83,Bueno,interpolacion_delaunay,0,2322,237,355,231
2026-10-09T18:18:42.686738+00:00,1903900013606,10.57,Bueno,11.35,Bueno,interpolacion_delaunay,0,2907,266,482,206
2026-10-09T18:18:42.686738+00:00,1903900013610,8.74,Bueno,9.62,Bueno,interpolacion_delaunay,0,2513,260,368,178
2026-10-09T18:18:42.686738+00:00,1903900013659,10.53,Bueno,11.05,Bueno,interpolacion_delaunay,0,1885,176,371,95
2026-10-09T18:18:42.686738+00:00,190390001406A,19.02,Aceptable,21.13,Bueno,interpolacion_delaunay,0,4196,447,516,257
2026-10-09T18:18:42.686738+00:00,1903900014093,15.52,Aceptable,17.75,Bueno,interpolacion_delaunay,0,3096,303,444,145
2026-10-09T18:18:42.686738+00:00,1903900014144,18.89,Aceptable,23.44,Bueno,interpolacion_delaunay,0,883,38,360,125
2026-10-09T18:18:42.686738+00:00,1903900014159,1.6,Bueno,2.3,Bueno,promedio_sensores,1,620,20,142,55
2026-10-09T18:18:42.686738+00:00,1903900014500,15.0,Bueno,16.98,Bueno,interpolacion_delaunay,0,3056,353,283,111
2026-10-09T18:18:42.686738+00:00,1903900014515,13.49,Bueno,15.12,Bueno,interpolacion_delaunay,0,3391,252,688,180
2026-10-09T18:18:42.686738+00:00,1903900014549,14.99,Bueno,16.29,Bueno,interpolacion_delaunay,0,4319,365,785,218
2026-10-09T18:18:42.686738+00:00,1903900014553,15.65,Aceptable,16.91,Bueno,interpolacion_delaunay,0,3885,315,748,307
2026-10-09T18:18:42.686738+00:00,1903900014619,1.27,Bueno,1.41,Bueno,interpolacion_delaunay,0,2679,137,355,34
2026-10-09T18:18:42.686738+00:00,1903900014623,7.9,Bueno,8.7,Bueno,promedio_sensores,1,1853,99,476,133
2026-10-09T18:18:42.686738+00:00,1903900014731,10.75,Bueno,11.94,Bueno,interpolacion_delaunay,0,2772,164,687,112
2026-10-09T18:18:42.686738+00:00,1903900014905,7.0,Bueno,7.13,Bueno,interpolacion_delaunay,0,2280,182,284,44
2026-10-09T18:18:42.686738+00:00,190390001491A,4.5,Bueno,4.65,Bueno,interpolacion_delaunay,0,897,47,73,0
2026-10-09T18:18:42.686738+00:00,1903900014924,10.0,Bueno,10.0,Bueno,promedio_sensores,1,2425,136,485,38
2026-10-09T18:18:42.686738+00:00,1903900014939,9.68,Bueno,9.99,Bueno,interpolacion_delaunay,0,1974,92,485,50
2026-10-09T18:18:42.686738+00:00,1903900015142,6.09,Bueno,6.25,Bueno,interpolacion_delaunay,0,2839,330,193,45
2026-10-09T18:18:42.686738+00:00,1903900011385,12.25,Bueno,13.37,Bueno,interpolacion_delaunay,0,1585,87,442,107
2026-10-09T18:18:42.686738+00:00,1903900012805,7.88,Bueno,8.42,Bueno,interpolacion_delaunay,0,3258,186,362,30
2026-10-09T18:18:42.686738+00:00,1903900011826,7.72,Bueno,8.39,Bueno,interpolacion_delaunay,0,1966,181,300,39
2026-10-09T18:18:42.686738+00:00,1903900012468,5.98,Bueno,6.55,Bueno,interpolacion_delaunay,0,3979,370,451,75
2026-10-09T18:18:42.686738+00:00,1903900012133,11.08,Bueno,11.7,Bueno,interpolacion_delaunay,0,3643,409,514,130
2026-10-09T18:18:42.686738+00:00,1903900014182,10.3,Bueno,10.89,Bueno,interpolacion_delaunay,0,2164,180,491,80
2026-10-09T18:18:42.686738+00:00,1903900012152,8.89,Bueno,9.4,Bueno,interpolacion_delaunay,0,2360,140,519,93
2026-10-09T18:18:42.686738+00:00,1903900012082,9.67,Bueno,10.24,Bueno,interpolacion_delaunay,0,2402,95,700,143
2026-10-09T18:18:42.686738+00:00,1903900013663,8.91,Bueno,9.46,Bueno,interpolacion_delaunay,0,4832,422,675,278
2026-10-09T18:18:42.686738+00:00,1903900013714,9.74,Bueno,9.84,Bueno,interpolacion_delaunay,0,4743,468,751,239
2026-10-09T18:18:42.686738+00:00,1903900012858,5.8,Bueno,6.24,Bueno,interpolacion_delaunay,0,0,0,0,0
2026-10-09T18:18:42.686738+00:00,1903900012839,4.02,Bueno,4.49,Bueno,interpolacion_delaunay,0,426,30,39,0
2026-10-09T18:18:42.686738+00:00,1903900012843,9.1,Bueno,9.8,Bueno,promedio_sensores,1,3288,154,618,59
2026-10-09T18:18:42.686738+00:00,1903900012862,2.83,Bueno,3.17,Bueno,interpolacion_delaunay,0,0,0,0,0
2026-10-09T18:18:42.686738+00:00,1903900013733,7.28,Bueno,7.36,Bueno,interpolacion_delaunay,0,1895,90,465,59
2026-10-09T18:18:42.686738+00:00,1903900012294,7.74,Bueno,8.33,Bueno,interpolacion_delaunay,0,3104,120,1010,138
2026-10-09T18:18:42.686738+00:00,190390001228A,8.63,Bueno,9.28,Bueno,interpolacion_delaunay,0,2430,94,799,56
2026-10-09T18:18:42.686738+00:00,1903900010423,16.5,Aceptable,17.7,Bueno,interpolacion_delaunay,0,3542,305,682,134
2026-10-09T18:18:42.686738+00:00,1903900010334,17.64,Aceptable,18.97,Bueno,interpolacion_delaunay,0,878,76,200,70
2026-10-09T18:18:42.686738+00:00,1903900010071,18.84,Aceptable,22.13,Bueno,interpolacion_delaunay,0,2520,129,682,146
2026-10-09T18:18:42.686738+00:00,1903900014869,1.9,Bueno,2.02,Bueno,interpolacion_delaunay,0,4404,353,307,53
2026-10-09T18:18:42.686738+00:00,1903900013748,5.7,Bueno,5.81,Bueno,interpolacion_delaunay,0,3552,225,627,97
2026-10-09T18:18:42.686738+00:00,1903900011050,14.52,Bueno,16.43,Bueno,interpolacion_delaunay,0,1589,135,342,104
2026-10-09T18:18:42.686738+00:00,1903900011116,14.04,Bueno,15.01,Bueno,interpolacion_delaunay,0,0,0,0,0
2026-10-09T18:18:42.686738+00:00,1903900010809,16.07,Aceptable,18.18,Bueno,interpolacion_delaunay,0,59,3,14,3
2026-10-09T18:18:42.686738+00:00,1903900010989,14.74,Bueno,17.32,Bueno,interpolacion_delaunay,0,6061,564,591,133
2026-10-09T18:18:42.686738+00:00,1903900010851,14.59,Bueno,16.29,Bueno,interpolacion_delaunay,0,1601,105,413,68
2026-10-09T18:18:42.686738+00:00,1903900013413,17.68,Aceptable,20.84,Bueno,interpolacion_delaunay,0,7251,522,1316,316
2026-10-09T18:18:42.686738+00:00,1903900010033,21.54,Aceptable,25.54,Bueno,interpolacion_delaunay,0,3321,285,588,124
2026-10-09T18:18:42.686738+00:00,1903900010137,17.16,Aceptable,20.18,Bueno,interpolacion_delaunay,0,4478,279,1202,320
2026-10-09T18:18:42.686738+00:00,1903900010141,15.89,Aceptable,18.61,Bueno,interpolacion_delaunay,0,4273,225,965,185
2026-10-09T18:18:42.686738+00:00,1903900010762,13.15,Bueno,14.25,Bueno,interpolacion_delaunay,0,1600,114,337,68
2026-10-09T18:18:42.686738+00:00,1903900014106,14.11,Bueno,16.16,Bueno,interpolacion_delaunay,0,4189,248,1019,177
2026-10-09T18:18:42.686738+00:00,1903900014110,12.09,Bueno,13.7,Bueno,interpolacion_delaunay,0,2699,161,643,225
2026-10-09T18:18:42.686738+00:00,1903900010921,11.95,Bueno,12.86,Bueno,interpolacion_delaunay,0,2388,213,393,106
2026-10-09T18:18:42.686738+00:00,1903900010669,12.56,Bueno,13.27,Bueno,interpolacion_delaunay,0,2152,159,463,119
2026-10-09T18:18:42.686738+00:00,1903900010067,19.65,Aceptable,23.2,Bueno,interpolacion_delaunay,0,2799,155,819,158
2026-10-09T18:18:42.686738+00:00,1903900010688,14.97,Bueno,16.25,Bueno,interpolacion_delaunay,0,2838,195,394,149
2026-10-09T18:18:42.686738+00:00,1903900010584,15.54,Aceptable,16.37,Bueno,interpolacion_delaunay,0,3226,273,587,141
2026-10-09T18:18:42.686738+00:00,1903900011417,9.83,Bueno,10.59,Bueno,interpolacion_delaunay,0,3077,152,970,79
2026-10-09T18:18:42.686738+00:00,1903900013837,9.55,Bueno,10.25,Bueno,interpolacion_delaunay,0,3561,193,908,77
2026-10-09T18:18:42.686738+00:00,1903900013930,21.69,Aceptable,24.68,Bueno,interpolacion_delaunay,0,1431,202,111,73
2026-10-09T18:18:42.686738+00:00,1903900014055,20.0,Aceptable,22.5,Bueno,interpolacion_delaunay,0,4222,525,372,136
2026-10-09T18:18:42.686738+00:00,190390001420A,9.98,Bueno,10.49,Bueno,interpolacion_delaunay,0,3029,320,382,97
2026-10-09T18:18:42.686738+00:00,1903900014197,10.02,Bueno,10.55,Bueno,interpolacion_delaunay,0,2456,248,321,138
2026-10-09T18:18:42.686738+00:00,1903900010974,13.95,Bueno,16.01,Bueno,interpolacion_delaunay,0,781,39,192,50
2026-10-09T18:18:42.686738+00:00,1903900011084,13.6,Bueno,14.57,Bueno,interpolacion_delaunay,0,1782,162,338,82
2026-10-09T18:18:42.686738+00:00,1903900010847,15.83,Aceptable,18.48,Bueno,interpolacion_delaunay,0,1023,82,199,53
2026-10-09T18:18:42.686738+00:00,1903900010993,15.65,Aceptable,18.69,Bueno,interpolacion_delaunay,0,1086,95,211,53
2026-10-09T18:18:42.686738+00:00,1903900010372,13.52,Bueno,15.32,Bueno,interpolacion_delaunay,0,2524,139,785,102
2026-10-09T18:18:42.686738+00:00,1903900011031,15.17,Aceptable,17.82,Bueno,interpolacion_delaunay,0,1190,84,257,58
2026-10-09T18:18:42.686738+00:00,1903900010902,10.44,Bueno,11.01,Bueno,interpolacion_delaunay,0,3066,119,898,183
2026-10-09T18:18:42.686738+00:00,1903900010777,13.84,Bueno,15.26,Bueno,interpolacion_delaunay,0,1329,106,264,76
2026-10-09T18:18:42.686738+00:00,1903900010781,14.32,Bueno,16.02,Bueno,interpolacion_delaunay,0,242,8,54,15
2026-10-09T18:18:42.686738+00:00,1903900014572,14.88,Bueno,18.33,Bueno,interpolacion_delaunay,0,1442,81,389,93
2026-10-09T18:18:42.686738+00:00,1903900014676,11.34,Bueno,12.57,Bueno,interpolacion_delaunay,0,2120,102,506,104
2026-10-09T18:18:42.686738+00:00,190390001025A,15.46,Aceptable,17.99,Bueno,interpolacion_delaunay,0,3942,258,986,278
2026-10-09T18:18:42.686738+00:00,1903900010495,12.23,Bueno,13.45,Bueno,interpolacion_delaunay,0,1812,109,420,98
2026-10-09T18:18:42.686738+00:00,1903900010917,11.0,Bueno,11.6,Bueno,promedio_sensores,1,2843,155,698,133
2026-10-09T18:18:42.686738+00:00,1903900010955,13.04,Bueno,14.51,Bueno,interpolacion_delaunay,0,288,25,64,22
2026-10-09T18:18:42.686738+00:00,1903900013697,11.81,Bueno,11.95,Bueno,interpolacion_delaunay,0,1977,183,341,77
2026-10-09T18:18:42.686738+00:00,1903900013860,20.03,Aceptable,22.67,Bueno,interpolacion_delaunay,0,3174,344,383,184
2026-10-09T18:18:42.686738+00:00,1903900015439,4.67,Bueno,4.84,Bueno,interpolacion_delaunay,0,627,97,12,5
2026-10-09T18:18:42.686738+00:00,1903900011027,15.45,Aceptable,18.79,Bueno,interpolacion_delaunay,0,509,36,115,25
2026-10-09T18:18:42.686738+00:00,1903900013998,25.0,Aceptable,29.46,Bueno,interpolacion_delaunay,0,5766,706,558,248
2026-10-09T18:18:42.686738+00:00,190390001477A,8.05,Bueno,8.11,Bueno,interpolacion_delaunay,0,550,33,68,4
2026-10-09T18:18:42.686738+00:00,1903900014002,24.05,Aceptable,28.13,Bueno,interpolacion_delaunay,0,5494,669,668,240
2026-10-09T18:18:42.686738+00:00,1903900014873,0.91,Bueno,0.98,Bueno,interpolacion_delaunay,0,2383,154,261,52
2026-10-09T18:18:42.686738+00:00,1903900011008,14.94,Bueno,18.12,Bueno,interpolacion_delaunay,0,1877,145,377,135
2026-10-09T18:18:42.686738+00:00,1903900011313,14.93,Bueno,18.21,Bueno,interpolacion_delaunay,0,5055,336,882,185
2026-10-09T18:18:42.686738+00:00,190390001139A,12.14,Bueno,13.07,Bueno,interpolacion_delaunay,0,1079,59,290,49
2026-10-09T18:18:42.686738+00:00,1903900011402,13.04,Bueno,13.99,Bueno,interpolacion_delaunay,0,681,31,196,23
2026-10-09T18:18:42.686738+00:00,1903900012519,25.56,Aceptable,30.24,Bueno,interpolacion_delaunay,0,5642,661,498,241
2026-10-09T18:18:42.686738+00:00,1903900013822,9.31,Bueno,9.61,Bueno,interpolacion_delaunay,0,6050,361,890,140
2026-10-09T18:18:42.686738+00:00,1903900013964,8.49,Bueno,8.77,Bueno,interpolacion_delaunay,0,728,55,70,19
2026-10-09T18:18:42.686738+00:00,1903900014125,11.37,Bueno,12.72,Bueno,interpolacion_delaunay,0,1881,174,361,63
2026-10-09T18:18:42.686738+00:00,190390001452A,20.66,Aceptable,22.85,Bueno,interpolacion_delaunay,0,2471,240,363,186
2026-10-09T18:18:42.686738+00:00,190390001413A,11.02,Bueno,12.35,Bueno,interpolacion_delaunay,0,2082,180,339,126
2026-10-09T18:18:42.686738+00:00,1903900010461,10.6,Bueno,12.1,Bueno,promedio_sensores,1,3422,173,1112,139
2026-10-09T18:18:42.686738+00:00,1903900014534,18.77,Aceptable,20.25,Bueno,interpolacion_delaunay,0,1267,111,229,29
2026-10-09T18:18:42.686738+00:00,1903900013767,3.26,Bueno,3.5,Bueno,interpolacion_delaunay,0,2308,117,605,127
2026-10-09T18:18:42.686738+00:00,1903900012345,4.33,Bueno,4.37,Bueno,interpolacion_delaunay,0,2632,98,737,80
2026-10-09T18:18:42.686738+00:00,1903900012364,0.2,Bueno,0.2,Bueno,promedio_sensores,1,2327,116,787,61
2026-10-09T18:18:42.686738+00:00,1903900011629,30.2,Aceptable,37.5,Bueno,promedio_sensores,1,2881,196,402,58
2026-10-09T18:18:42.686738+00:00,1903900013396,21.02,Aceptable,24.27,Bueno,interpolacion_delaunay,0,4014,389,664,275
2026-10-09T18:18:42.686738+00:00,1903900010245,12.26,Bueno,14.24,Bueno,interpolacion_delaunay,0,2709,131,764,208
2026-10-09T18:18:42.686738+00:00,1903900015284,4.98,Bueno,5.13,Bueno,interpolacion_delaunay,0,513,29,60,13
2026-10-09T18:18:42.686738+00:00,1903900010118,20.08,Aceptable,23.14,Bueno,interpolacion_delaunay,0,4580,383,955,302
2026-10-09T18:18:42.686738+00:00,1903900010052,21.69,Aceptable,25.26,Bueno,interpolacion_delaunay,0,3869,304,717,323
2026-10-09T18:18:42.686738+00:00,1903900015123,23.15,Aceptable,26.87,Bueno,interpolacion_delaunay,0,68,3,4,3
2026-10-09T18:18:42.686738+00:00,1903900014036,22.02,Aceptable,25.38,Bueno,interpolacion_delaunay,0,4679,569,514,263
2026-10-09T18:18:42.686738+00:00,1903900010508,13.26,Bueno,14.5,Bueno,interpolacion_delaunay,0,3451,202,579,150
2026-10-09T18:18:42.686738+00:00,1903900010527,13.57,Bueno,14.71,Bueno,interpolacion_delaunay,0,1779,95,454,127
2026-10-09T18:18:42.686738+00:00,1903900013729,8.05,Bueno,8.22,Bueno,interpolacion_delaunay,0,3410,392,357,136
2026-10-09T18:18:42.686738+00:00,190390001370A,10.31,Bueno,10.49,Bueno,interpolacion_delaunay,0,4006,357,563,228
2026-10-09T18:18:42.686738+00:00,1904600010362,15.63,Aceptable,16.55,Bueno,interpolacion_delaunay,0,5505,271,1291,301
2026-10-09T18:18:42.686738+00:00,1904600011483,17.12,Aceptable,18.26,Bueno,interpolacion_delaunay,0,2026,111,597,94
2026-10-09T18:18:42.686738+00:00,1904600011638,17.86,Aceptable,18.72,Bueno,interpolacion_delaunay,0,4053,248,498,114
2026-10-09T18:18:42.686738+00:00,1904600010998,18.78,Aceptable,20.37,Bueno,interpolacion_delaunay,0,5855,449,1099,257
2026-10-09T18:18:42.686738+00:00,1904600011676,16.11,Aceptable,18.29,Bueno,interpolacion_delaunay,0,362,30,69,27
2026-10-09T18:18:42.686738+00:00,1904600010216,17.0,Aceptable,17.8,Bueno,promedio_sensores,1,2042,50,546,50
2026-10-09T18:18:42.686738+00:00,1904600010536,20.21,Aceptable,22.37,Bueno,interpolacion_delaunay,0,4997,504,603,104
2026-10-09T18:18:42.686738+00:00,1904600011708,19.39,Aceptable,20.71,Bueno,interpolacion_delaunay,0,1763,89,284,44
2026-10-09T18:18:42.686738+00:00,190460001070A,20.3,Aceptable,21.74,Bueno,interpolacion_delaunay,0,1273,69,137,48
2026-10-09T18:18:42.686738+00:00,1904600011375,18.45,Aceptable,19.38,Bueno,interpolacion_delaunay,0,5964,475,946,326
2026-10-09T18:18:42.686738+00:00,1904600011286,16.01,Aceptable,16.92,Bueno,interpolacion_delaunay,0,2603,117,839,196
2026-10-09T18:18:42.686738+00:00,1904600011623,18.35,Aceptable,19.34,Bueno,interpolacion_delaunay,0,4225,248,423,136
2026-10-09T18:18:42.686738+00:00,1904600010786,18.92,Aceptable,20.12,Bueno,interpolacion_delaunay,0,4690,309,1009,269
2026-10-09T18:18:42.686738+00:00,190460001024A,16.47,Aceptable,17.95,Bueno,interpolacion_delaunay,0,2748,75,850,176
2026-10-09T18:18:42.686738+00:00,1904600010875,18.73,Aceptable,20.64,Bueno,interpolacion_delaunay,0,3785,202,993,129
2026-10-09T18:18:42.686738+00:00,1904600010324,14.54,Bueno,15.49,Bueno,interpolacion_delaunay,0,2214,97,651,92
2026-10-09T18:18:42.686738+00:00,1904600011233,15.91,Aceptable,16.82,Bueno,interpolacion_delaunay,0,3010,241,577,204
2026-10-09T18:18:42.686738+00:00,1904600010131,18.52,Aceptable,19.63,Bueno,interpolacion_delaunay,0,4113,160,1393,177
2026-10-09T18:18:42.686738+00:00,1904600010184,17.75,Aceptable,18.72,Bueno,interpolacion_delaunay,0,3438,93,1132,126
2026-10-09T18:18:42.686738+00:00,1904600010235,16.69,Aceptable,17.86,Bueno,interpolacion_delaunay,0,2765,104,711,111
2026-10-09T18:18:42.686738+00:00,1904600010466,19.27,Aceptable,20.47,Bueno,interpolacion_delaunay,0,2212,113,500,58
2026-10-09T18:18:42.686738+00:00,190460001049A,18.19,Aceptable,19.21,Bueno,interpolacion_delaunay,0,2827,123,674,44
2026-10-09T18:18:42.686738+00:00,1904600011407,20.08,Aceptable,22.34,Bueno,interpolacion_delaunay,0,3464,317,610,173
2026-10-09T18:18:42.686738+00:00,1904600011642,17.08,Aceptable,17.99,Bueno,interpolacion_delaunay,0,2601,116,623,113
2026-10-09T18:18:42.686738+00:00,1904600011731,18.95,Aceptable,21.02,Bueno,interpolacion_delaunay,0,3017,207,561,120
2026-10-09T18:18:42.686738+00:00,1904600010108,18.16,Aceptable,19.27,Bueno,interpolacion_delaunay,0,2483,125,582,112
2026-10-09T18:18:42.686738+00:00,1904600010127,18.19,Aceptable,19.74,Bueno,interpolacion_delaunay,0,4270,186,1281,297
2026-10-09T18:18:42.686738+00:00,1904600010292,16.37,Aceptable,18.13,Bueno,interpolacion_delaunay,0,0,0,0,0
2026-10-09T18:18:42.686738+00:00,1904600010714,17.0,Aceptable,17.88,Bueno,interpolacion_delaunay,0,3666,266,947,309
2026-10-09T18:18:42.686738+00:00,1904600010860,19.82,Aceptable,22.13,Bueno,interpolacion_delaunay,0,3290,227,721,158
2026-10-09T18:18:42.686738+00:00,1904600011002,19.43,Aceptable,21.22,Bueno,interpolacion_delaunay,0,3262,289,695,194
2026-10-09T18:18:42.686738+00:00,190460001120A,15.86,Aceptable,16.78,Bueno,interpolacion_delaunay,0,3141,265,631,179
2026-10-09T18:18:42.686738+00:00,1904600011341,19.79,Aceptable,21.57,Bueno,interpolacion_delaunay,0,3608,289,555,127
2026-10-09T18:18:42.686738+00:00,1904600011426,18.48,Aceptable,20.0,Bueno,interpolacion_delaunay,0,3335,302,691,164
2026-10-09T18:18:42.686738+00:00,190460001177A,20.02,Aceptable,21.61,Bueno,interpolacion_delaunay,0,2611,224,320,95
2026-10-09T18:18:42.686738+00:00,1904600010042,18.67,Aceptable,19.91,Bueno,interpolacion_delaunay,0,1646,90,422,69
2026-10-09T18:18:42.686738+00:00,1904600010057,18.26,Aceptable,19.43,Bueno,interpolacion_delaunay,0,1216,61,388,100
2026-10-09T18:18:42.686738+00:00,1904600010076,18.69,Aceptable,20.51,Bueno,interpolacion_delaunay,0,3762,199,1053,215
2026-10-09T18:18:42.686738+00:00,1904600010095,18.29,Aceptable,19.44,Bueno,interpolacion_delaunay,0,1199,53,337,85
2026-10-09T18:18:42.686738+00:00,1904600010146,17.79,Aceptable,18.82,Bueno,interpolacion_delaunay,0,2987,160,749,104
2026-10-09T18:18:42.686738+00:00,190460001017A,17.78,Aceptable,19.12,Bueno,interpolacion_delaunay,0,4101,180,1201,211
2026-10-09T18:18:42.686738+00:00,1904600010201,16.87,Aceptable,17.77,Bueno,interpolacion_delaunay,0,3988,173,1242,253
2026-10-09T18:18:42.686738+00:00,1904600010220,16.78,Aceptable,17.91,Bueno,interpolacion_delaunay,0,1869,61,495,59
2026-10-09T18:18:42.686738+00:00,190460001031A,14.93,Bueno,15.87,Bueno,interpolacion_delaunay,0,2149,134,353,62
2026-10-09T18:18:42.686738+00:00,1904600010343,16.3,Aceptable,17.2,Bueno,interpolacion_delaunay,0,5532,394,1335,345
2026-10-09T18:18:42.686738+00:00,1904600010381,14.98,Bueno,15.92,Bueno,interpolacion_delaunay,0,3251,164,847,172
2026-10-09T18:18:42.686738+00:00,1904600010413,20.48,Aceptable,21.89,Bueno,interpolacion_delaunay,0,4002,238,499,120
2026-10-09T18:18:42.686738+00:00,1904600010485,18.32,Aceptable,19.55,Bueno,interpolacion_delaunay,0,3150,144,1004,109
2026-10-09T18:18:42.686738+00:00,1904600010540,17.85,Aceptable,19.13,Bueno,interpolacion_delaunay,0,4952,283,1289,225
2026-10-09T18:18:42.686738+00:00,1904600010555,20.24,Aceptable,22.21,Bueno,interpolacion_delaunay,0,0,0,0,0
2026-10-09T18:18:42.686738+00:00,1904600010593,17.78,Aceptable,18.91,Bueno,interpolacion_delaunay,0,5785,417,488,81
2026-10-09T18:18:42.686738+00:00,1904600010610,20.72,Aceptable,22.34,Bueno,interpolacion_delaunay,0,4819,442,219,35
2026-10-09T18:18:42.686738+00:00,1904600010625,18.97,Aceptable,20.51,Bueno,interpolacion_delaunay,0,684,56,110,22
2026-10-09T18:18:42.686738+00:00,1904600010659,17.59,Aceptable,18.55,Bueno,interpolacion_delaunay,0,0,0,0,0
2026-10-09T18:18:42.686738+00:00,1904600010729,17.38,Aceptable,18.25,Bueno,interpolacion_delaunay,0,0,0,0,0
2026-10-09T18:18:42.686738+00:00,1904600010752,16.84,Aceptable,17.73,Bueno,interpolacion_delaunay,0,2043,121,429,51
2026-10-09T18:18:42.686738+00:00,1904600010790,19.56,Aceptable,21.02,Bueno,interpolacion_delaunay,0,0,0,0,0
2026-10-09T18:18:42.686738+00:00,1904600010822,20.1,Aceptable,22.49,Bueno,interpolacion_delaunay,0,1808,142,329,116
2026-10-09T18:18:42.686738+00:00,1904600010841,19.69,Aceptable,22.0,Bueno,interpolacion_delaunay,0,2675,196,623,119
2026-10-09T18:18:42.686738+00:00,1904600010856,19.3,Aceptable,21.44,Bueno,interpolacion_delaunay,0,5049,305,900,195
2026-10-09T18:18:42.686738+00:00,190460001088A,15.73,Aceptable,16.68,Bueno,interpolacion_delaunay,0,4232,220,1219,162
2026-10-09T18:18:42.686738+00:00,1904600010894,16.14,Aceptable,17.11,Bueno,interpolacion_delaunay,0,2806,182,550,130
2026-10-09T18:18:42.686738+00:00,1904600010907,19.2,Aceptable,21.19,Bueno,interpolacion_delaunay,0,3550,247,722,168
2026-10-09T18:18:42.686738+00:00,1904600010930,19.5,Aceptable,20.77,Bueno,interpolacion_delaunay,0,3021,143,721,82
2026-10-09T18:18:42.686738+00:00,1904600010945,18.84,Aceptable,20.02,Bueno,interpolacion_delaunay,0,3597,162,944,129
2026-10-09T18:18:42.686738+00:00,190460001095A,19.11,Aceptable,20.94,Bueno,interpolacion_delaunay,0,3265,234,654,254
2026-10-09T18:18:42.686738+00:00,1904600010979,17.14,Aceptable,18.19,Bueno,interpolacion_delaunay,0,2747,114,869,151
2026-10-09T18:18:42.686738+00:00,1904600011017,18.81,Aceptable,20.36,Bueno,interpolacion_delaunay,0,4599,402,752,199
2026-10-09T18:18:42.686738+00:00,1904600011021,17.06,Aceptable,18.01,Bueno,interpolacion_delaunay,0,4072,223,1090,178
2026-10-09T18:18:42.686738+00:00,1904600011040,16.69,Aceptable,17.59,Bueno,interpolacion_delaunay,0,3276,150,902,88
2026-10-09T18:18:42.686738+00:00,1904600011055,16.96,Aceptable,17.85,Bueno,interpolacion_delaunay,0,7096,477,1425,285
2026-10-09T18:18:42.686738+00:00,190460001106A,16.29,Aceptable,18.0,Bueno,interpolacion_delaunay,0,1152,61,261,64
2026-10-09T18:18:42.686738+00:00,1904600011074,15.98,Aceptable,16.9,Bueno,interpolacion_delaunay,0,4901,241,744,96
2026-10-09T18:18:42.686738+00:00,1904600011089,16.75,Aceptable,17.65,Bueno,interpolacion_delaunay,0,3306,318,659,199
2026-10-09T18:18:42.686738+00:00,1904600011093,18.89,Aceptable,20.27,Bueno,interpolacion_delaunay,0,3302,217,861,180
2026-10-09T18:18:42.686738+00:00,1904600011106,19.91,Aceptable,21.63,Bueno,interpolacion_delaunay,0,3881,243,712,89
2026-10-09T18:18:42.686738+00:00,1904600011110,20.51,Aceptable,21.99,Bueno,interpolacion_delaunay,0,3018,178,738,133
2026-10-09T18:18:42.686738+00:00,1904600011125,16.08,Aceptable,16.99,Bueno,interpolacion_delaunay,0,3318,323,549,240
2026-10-09T18:18:42.686738+00:00,190460001113A,16.3,Aceptable,17.21,Bueno,interpolacion_delaunay,0,3513,294,662,255
2026-10-09T18:18:42.686738+00:00,1904600011144,16.5,Aceptable,17.4,Bueno,interpolacion_delaunay,0,3223,294,460,148
2026-10-09T18:18:42.686738+00:00,1904600011159,17.85,Aceptable,18.77,Bueno,interpolacion_delaunay,0,4682,317,917,254
2026-10-09T18:18:42.686738+00:00,1904600011163,18.13,Aceptable,19.14,Bueno,interpolacion_delaunay,0,4463,291,849,173
2026-10-09T18:18:42.686738+00:00,1904600011178,18.8,Aceptable,20.05,Bueno,interpolacion_delaunay,0,2288,137,771,142
2026-10-09T18:18:42.686738+00:00,1904600011182,18.53,Aceptable,19.71,Bueno,interpolacion_delaunay,0,2567,158,877,192
2026-10-09T18:18:42.686738+00:00,1904600011197,18.32,Aceptable,19.35,Bueno,interpolacion_delaunay,0,2285,129,707,149
2026-10-09T18:18:42.686738+00:00,1904600011214,15.43,Aceptable,16.36,Bueno,interpolacion_delaunay,0,2395,153,608,159
2026-10-09T18:18:42.686738+00:00,1904600011229,15.45,Aceptable,16.38,Bueno,interpolacion_delaunay,0,3808,341,729,252
2026-10-09T18:18:42.686738+00:00,1904600011248,16.49,Aceptable,17.39,Bueno,interpolacion_delaunay,0,3448,233,731,165
2026-10-09T18:18:42.686738+00:00,1904600011252,15.63,Aceptable,16.56,Bueno,interpolacion_delaunay,0,3638,249,902,255
2026-10-09T18:18:42.686738+00:00,1904600011271,16.4,Aceptable,17.3,Bueno,interpolacion_delaunay,0,3393,200,1049,183
2026-10-09T18:18:42.686738+00:00,1904600011290,18.52,Aceptable,20.16,Bueno,interpolacion_delaunay,0,3613,204,959,164
2026-10-09T18:18:42.686738+00:00,1904600011303,18.91,Aceptable,20.68,Bueno,interpolacion_delaunay,0,4255,296,730,120
2026-10-09T18:18:42.686738+00:00,1904600011318,16.7,Aceptable,17.6,Bueno,promedio_sensores,1,2617,117,712,78
2026-10-09T18:18:42.686738+00:00,1904600011322,16.88,Aceptable,17.84,Bueno,interpolacion_delaunay,0,3209,131,1071,177
2026-10-09T18:18:42.686738+00:00,1904600011356,18.51,Aceptable,19.78,Bueno,interpolacion_delaunay,0,5344,302,754,186
2026-10-09T18:18:42.686738+00:00,190460001138A,17.81,Aceptable,19.34,Bueno,interpolacion_delaunay,0,2330,116,772,143
2026-10-09T18:18:42.686738+00:00,1904600011394,16.49,Aceptable,17.49,Bueno,interpolacion_delaunay,0,2495,152,536,127
2026-10-09T18:18:42.686738+00:00,1904600011430,17.9,Aceptable,19.15,Bueno,interpolacion_delaunay,0,4835,297,977,195
2026-10-09T18:18:42.686738+00:00,1904600011445,17.49,Aceptable,18.36,Bueno,interpolacion_delaunay,0,2396,140,277,35
2026-10-09T18:18:42.686738+00:00,190460001145A,17.03,Aceptable,17.92,Bueno,interpolacion_delaunay,0,4010,242,623,75
2026-10-09T18:18:42.686738+00:00,1904600011464,20.28,Aceptable,21.69,Bueno,interpolacion_delaunay,0,3269,192,527,50
2026-10-09T18:18:42.686738+00:00,1904600011479,19.14,Aceptable,20.47,Bueno,interpolacion_delaunay,0,2267,102,540,81
2026-10-09T18:18:42.686738+00:00,1904600011500,19.68,Aceptable,21.86,Bueno,interpolacion_delaunay,0,4575,375,784,254
2026-10-09T18:18:42.686738+00:00,1904600011515,19.4,Aceptable,21.41,Bueno,interpolacion_delaunay,0,1791,111,314,102
2026-10-09T18:18:42.686738+00:00,190460001152A,19.46,Aceptable,21.42,Bueno,interpolacion_delaunay,0,3396,254,719,167
2026-10-09T18:18:42.686738+00:00,1904600011534,19.58,Aceptable,21.54,Bueno,interpolacion_delaunay,0,5740,487,560,132
2026-10-09T18:18:42.686738+00:00,1904600011549,16.55,Aceptable,17.75,Bueno,interpolacion_delaunay,0,4515,263,831,205
2026-10-09T18:18:42.686738+00:00,1904600011568,19.3,Aceptable,20.93,Bueno,interpolacion_delaunay,0,4996,283,463,138
2026-10-09T18:18:42.686738+00:00,1904600011572,19.43,Aceptable,21.07,Bueno,interpolacion_delaunay,0,4541,345,482,121
2026-10-09T18:18:42.686738+00:00,1904600011587,20.48,Aceptable,22.06,Bueno,interpolacion_delaunay,0,2786,153,244,33
2026-10-09T18:18:42.686738+00:00,1904600011591,20.38,Aceptable,21.93,Bueno,interpolacion_delaunay,0,3387,245,335,48
2026-10-09T18:18:42.686738+00:00,1904600011604,16.73,Aceptable,17.62,Bueno,interpolacion_delaunay,0,3298,256,771,245
2026-10-09T18:18:42.686738+00:00,1904600011619,16.29,Aceptable,17.2,Bueno,interpolacion_delaunay,0,3765,260,958,269
2026-10-09T18:18:42.686738+00:00,1904600011657,16.69,Aceptable,17.75,Bueno,interpolacion_delaunay,0,3567,176,481,50
2026-10-09T18:18:42.686738+00:00,1904600011661,15.84,Aceptable,17.96,Bueno,interpolacion_delaunay,0,282,11,66,6
2026-10-09T18:18:42.686738+00:00,1904600011727,16.79,Aceptable,18.2,Bueno,interpolacion_delaunay,0,3412,179,655,144
2026-10-09T18:18:42.686738+00:00,1904600011746,16.51,Aceptable,17.41,Bueno,interpolacion_delaunay,0,3218,196,815,117
2026-10-09T18:18:42.686738+00:00,1904600011750,15.98,Aceptable,16.9,Bueno,interpolacion_delaunay,0,4162,197,210,54
2026-10-09T18:18:42.686738+00:00,1904600011765,21.25,Aceptable,23.4,Bueno,interpolacion_delaunay,0,3860,405,397,208
2026-10-09T18:18:42.686738+00:00,1904600010663,17.77,Aceptable,18.75,Bueno,interpolacion_delaunay,0,198,8,27,0
2026-10-09T18:18:42.686738+00:00,1904600010926,20.11,Aceptable,22.46,Bueno,interpolacion_delaunay,0,5007,437,867,291
2026-10-09T18:18:42.686738+00:00,1904600010339,14.67,Bueno,15.62,Bueno,interpolacion_delaunay,0,1314,68,335,78
2026-10-09T18:18:42.686738+00:00,1904600011267,15.09,Aceptable,16.02,Bueno,interpolacion_delaunay,0,3908,248,1102,331
2026-10-09T18:18:42.686738+00:00,1904600011712,20.4,Aceptable,21.73,Bueno,interpolacion_delaunay,0,3272,182,300,58
2026-10-09T18:18:42.686738+00:00,1904600010447,19.03,Aceptable,21.23,Bueno,interpolacion_delaunay,0,4132,230,437,113
2026-10-09T18:18:42.686738+00:00,1904600011498,15.59,Aceptable,16.59,Bueno,interpolacion_delaunay,0,3212,141,667,65
2026-10-09T18:18:42.686738+00:00,1904600010682,19.35,Aceptable,20.85,Bueno,interpolacion_delaunay,0,6498,485,714,113
2026-10-09T18:18:42.686738+00:00,1903100450393,11.86,Bueno,12.87,Bueno,interpolacion_delaunay,0,4470,331,183,115
2026-10-09T18:18:42.686738+00:00,1903100451090,14.21,Bueno,16.24,Bueno,interpolacion_delaunay,0,3117,391,133,67
2026-10-09T18:18:42.686738+00:00,1903100010340,16.59,Aceptable,19.31,Bueno,interpolacion_delaunay,0,3444,349,252,192
2026-10-09T18:18:42.686738+00:00,1903100450641,12.59,Bueno,14.13,Bueno,interpolacion_delaunay,0,1572,92,57,77
2026-10-09T18:18:42.686738+00:00,1903100451086,13.84,Bueno,15.81,Bueno,interpolacion_delaunay,0,3582,470,173,24
2026-10-09T18:18:42.686738+00:00,190310311171A,14.81,Bueno,16.84,Bueno,interpolacion_delaunay,0,1226,184,39,41
2026-10-09T18:18:42.686738+00:00,1903100450088,11.45,Bueno,12.82,Bueno,interpolacion_delaunay,0,106,4,27,5
2026-10-09T18:18:42.686738+00:00,1903100450321,12.57,Bueno,14.0,Bueno,interpolacion_delaunay,0,781,65,43,66
2026-10-09T18:18:42.686738+00:00,1903100450656,11.46,Bueno,12.11,Bueno,interpolacion_delaunay,0,6656,512,216,203
2026-10-09T18:18:42.686738+00:00,1903100451461,10.39,Bueno,10.92,Bueno,interpolacion_delaunay,0,215,36,0,4
2026-10-09T18:18:42.686738+00:00,1903100451391,10.69,Bueno,11.1,Bueno,interpolacion_delaunay,0,400,41,11,20
2026-10-09T18:18:42.686738+00:00,190310001068A,16.0,Aceptable,19.1,Bueno,promedio_sensores,1,5585,402,158,107
2026-10-09T18:18:42.686738+00:00,1903100010872,15.35,Aceptable,18.11,Bueno,interpolacion_delaunay,0,2902,333,115,45
2026-10-09T18:18:42.686738+00:00,1903100450266,10.86,Bueno,11.78,Bueno,interpolacion_delaunay,0,3518,300,297,140
2026-10-09T18:18:42.686738+00:00,1903100451211,12.84,Bueno,14.12,Bueno,interpolacion_delaunay,0,318,31,15,12
2026-10-09T18:18:42.686738+00:00,1903100450105,10.72,Bueno,11.9,Bueno,interpolacion_delaunay,0,617,53,101,42
2026-10-09T18:18:42.686738+00:00,1903100450533,10.32,Bueno,11.0,Bueno,interpolacion_delaunay,0,112,19,4,0
2026-10-09T18:18:42.686738+00:00,1903100450834,10.77,Bueno,11.44,Bueno,interpolacion_delaunay,0,5335,620,158,133
2026-10-09T18:18:42.686738+00:00,1903100451122,11.53,Bueno,11.97,Bueno,interpolacion_delaunay,0,4196,367,129,124
2026-10-09T18:18:42.686738+00:00,1903100451118,10.55,Bueno,11.03,Bueno,interpolacion_delaunay,0,1143,149,65,58
2026-10-09T18:18:42.686738+00:00,1903100450092,11.75,Bueno,13.08,Bueno,interpolacion_delaunay,0,5801,601,614,240
2026-10-09T18:18:42.686738+00:00,190310001036A,16.2,Aceptable,18.77,Bueno,interpolacion_delaunay,0,2196,166,139,77
2026-10-09T18:18:42.686738+00:00,1903100011264,15.43,Aceptable,18.13,Bueno,interpolacion_delaunay,0,166,15,10,4
2026-10-09T18:18:42.686738+00:00,1903100011692,14.91,Bueno,17.21,Bueno,interpolacion_delaunay,0,1994,254,42,57
2026-10-09T18:18:42.686738+00:00,1903100450675,11.66,Bueno,12.49,Bueno,interpolacion_delaunay,0,2985,254,121,65
2026-10-09T18:18:42.686738+00:00,1903100450815,13.33,Bueno,15.1,Bueno,interpolacion_delaunay,0,5183,452,347,124
2026-10-09T18:18:42.686738+00:00,1903100450887,12.41,Bueno,13.56,Bueno,interpolacion_delaunay,0,626,73,50,23
2026-10-09T18:18:42.686738+00:00,1903100450891,12.83,Bueno,13.84,Bueno,interpolacion_delaunay,0,3371,329,210,148
2026-10-09T18:18:42.686738+00:00,1903100450904,12.69,Bueno,13.56,Bueno,interpolacion_delaunay,0,2284,216,156,77
2026-10-09T18:18:42.686738+00:00,1903100451438,12.9,Bueno,14.5,Bueno,promedio_sensores,1,489,62,15,5
2026-10-09T18:18:42.686738+00:00,1903100451442,12.82,Bueno,13.56,Bueno,interpolacion_delaunay,0,530,59,19,6
2026-10-09T18:18:42.686738+00:00,1903100451828,13.25,Bueno,14.39,Bueno,interpolacion_delaunay,0,1268,201,24,22
2026-10-09T18:18:42.686738+00:00,1903103131616,12.63,Bueno,12.86,Bueno,interpolacion_delaunay,0,3396,460,75,104
2026-10-09T18:18:42.686738+00:00,1903100451103,12.47,Bueno,13.18,Bueno,interpolacion_delaunay,0,1939,184,111,81
2026-10-09T18:18:42.686738+00:00,1903103131601,12.78,Bueno,13.12,Bueno,interpolacion_delaunay,0,3536,417,97,62
2026-10-09T18:18:42.686738+00:00,1903100451226,11.97,Bueno,12.52,Bueno,interpolacion_delaunay,0,2587,267,90,42
2026-10-09T18:18:42.686738+00:00,1903103111512,13.48,Bueno,14.49,Bueno,interpolacion_delaunay,0,2486,240,126,82
2026-10-09T18:18:42.686738+00:00,1903100451635,10.25,Bueno,10.61,Bueno,interpolacion_delaunay,0,3621,518,70,103
2026-10-09T18:18:42.686738+00:00,1903103131300,13.4,Bueno,13.6,Bueno,promedio_sensores,1,4074,495,120,80
2026-10-09T18:18:42.686738+00:00,1903103111508,14.71,Bueno,16.46,Bueno,interpolacion_delaunay,0,3724,412,113,64
2026-10-09T18:18:42.686738+00:00,1903100451387,10.79,Bueno,11.33,Bueno,interpolacion_delaunay,0,1540,218,34,55
2026-10-09T18:18:42.686738+00:00,1903100452101,9.74,Bueno,10.05,Bueno,interpolacion_delaunay,0,1249,214,20,18
2026-10-09T18:18:42.686738+00:00,1903100451283,10.72,Bueno,10.99,Bueno,interpolacion_delaunay,0,3230,373,88,78
2026-10-09T18:18:42.686738+00:00,1903103111527,14.04,Bueno,15.38,Bueno,interpolacion_delaunay,0,1682,145,143,89
2026-10-09T18:18:42.686738+00:00,1903100452402,10.18,Bueno,10.38,Bueno,interpolacion_delaunay,0,0,0,0,0
2026-10-09T22:45:16.706436+00:00,1900601740121,11.4,Bueno,11.9,Bueno,promedio_sensores,1,2694,310,73,36
2026-10-09T22:45:16.706436+00:00,1900601740155,13.67,Bueno,14.82,Bueno,interpolacion_delaunay,0,1820,285,54,16
2026-10-09T22:45:16.706436+00:00,1900600781948,15.48,Aceptable,22.11,Bueno,interpolacion_delaunay,0,1170,93,69,32
2026-10-09T22:45:16.706436+00:00,1900600012236,17.02,Aceptable,19.07,Bueno,interpolacion_delaunay,0,264,28,6,0
2026-10-09T22:45:16.706436+00:00,1900600010225,13.98,Bueno,14.87,Bueno,interpolacion_delaunay,0,1,0,0,0
2026-10-09T22:45:16.706436+00:00,1900600010206,17.11,Aceptable,18.72,Bueno,interpolacion_delaunay,0,6646,747,526,177
2026-10-09T22:45:16.706436+00:00,1900600010210,14.35,Bueno,15.31,Bueno,interpolacion_delaunay,0,0,0,0,0
2026-10-09T22:45:16.706436+00:00,1900600010244,16.76,Aceptable,18.45,Bueno,interpolacion_delaunay,0,90,3,14,3
2026-10-09T22:45:16.706436+00:00,1900600010259,17.62,Aceptable,19.48,Bueno,interpolacion_delaunay,0,3329,268,159,53
2026-10-09T22:45:16.706436+00:00,1900600010278,16.59,Aceptable,18.27,Bueno,interpolacion_delaunay,0,486,52,18,8
2026-10-09T22:45:16.706436+00:00,1900600010297,13.94,Bueno,15.0,Bueno,interpolacion_delaunay,0,5850,524,288,225
2026-10-09T22:45:16.706436+00:00,1900600010475,15.91,Aceptable,17.43,Bueno,interpolacion_delaunay,0,4729,407,844,249
2026-10-09T22:45:16.706436+00:00,190060001030A,13.62,Bueno,14.61,Bueno,interpolacion_delaunay,0,4134,431,170,127
2026-10-09T22:45:16.706436+00:00,1900600010348,18.11,Aceptable,20.38,Bueno,interpolacion_delaunay,0,7877,871,609,196
2026-10-09T22:45:16.706436+00:00,1900600010460,16.65,Aceptable,18.36,Bueno,interpolacion_delaunay,0,4909,343,1088,217
2026-10-09T22:45:16.706436+00:00,1900600010352,17.7,Aceptable,19.91,Bueno,interpolacion_delaunay,0,1017,63,153,80
2026-10-09T22:45:16.706436+00:00,1900600010367,18.51,Aceptable,20.93,Bueno,interpolacion_delaunay,0,469,45,60,46
2026-10-09T22:45:16.706436+00:00,1900600010403,16.43,Aceptable,17.67,Bueno,interpolacion_delaunay,0,4726,352,972,196
2026-10-09T22:45:16.706436+00:00,190060001055A,16.04,Aceptable,17.22,Bueno,interpolacion_delaunay,0,4579,363,547,197
2026-10-09T22:45:16.706436+00:00,1900600010583,15.23,Aceptable,16.49,Bueno,interpolacion_delaunay,0,4964,382,425,153
2026-10-09T22:45:16.706436+00:00,1900600010598,14.21,Bueno,15.23,Bueno,interpolacion_delaunay,0,5332,416,338,212
2026-10-09T22:45:16.706436+00:00,1900600010723,14.95,Bueno,15.88,Bueno,interpolacion_delaunay,0,5109,353,1039,281
2026-10-09T22:45:16.706436+00:00,1900600010780,15.54,Aceptable,17.04,Bueno,interpolacion_delaunay,0,3755,348,382,222
2026-10-09T22:45:16.706436+00:00,1900600010795,16.3,Aceptable,18.04,Bueno,interpolacion_delaunay,0,5270,506,424,204
2026-10-09T22:45:16.706436+00:00,1900600010808,17.14,Aceptable,19.12,Bueno,interpolacion_delaunay,0,3443,304,372,102
2026-10-09T22:45:16.706436+00:00,1900600010920,16.5,Aceptable,17.7,Bueno,promedio_sensores,1,5729,316,496,128
2026-10-09T22:45:16.706436+00:00,1900600011011,16.6,Aceptable,18.15,Bueno,interpolacion_delaunay,0,0,0,0,0
2026-10-09T22:45:16.706436+00:00,1900600011026,16.15,Aceptable,17.61,Bueno,interpolacion_delaunay,0,0,0,0,0
2026-10-09T22:45:16.706436+00:00,1900600011064,16.77,Aceptable,18.13,Bueno,interpolacion_delaunay,0,4513,371,370,162
2026-10-09T22:45:16.706436+00:00,1900600011098,14.48,Bueno,15.28,Bueno,interpolacion_delaunay,0,5772,542,419,165
2026-10-09T22:45:16.706436+00:00,1900600011149,17.88,Aceptable,20.16,Bueno,interpolacion_delaunay,0,1140,100,87,38
2026-10-09T22:45:16.706436+00:00,1900600011350,16.73,Aceptable,18.09,Bueno,interpolacion_delaunay,0,3323,233,353,93
2026-10-09T22:45:16.706436+00:00,1900600011365,16.91,Aceptable,18.36,Bueno,interpolacion_delaunay,0,3259,285,225,87
2026-10-09T22:45:16.706436+00:00,190060001137A,15.59,Aceptable,16.71,Bueno,interpolacion_delaunay,0,2748,223,522,132
2026-10-09T22:45:16.706436+00:00,1900600011632,12.62,Bueno,13.36,Bueno,interpolacion_delaunay,0,5931,475,161,144
2026-10-09T22:45:16.706436+00:00,1900600011384,16.31,Aceptable,17.62,Bueno,interpolacion_delaunay,0,3359,263,352,73
2026-10-09T22:45:16.706436+00:00,1900600011399,16.77,Aceptable,18.22,Bueno,interpolacion_delaunay,0,2371,274,284,91
2026-10-09T22:45:16.706436+00:00,1900600011469,12.73,Bueno,13.47,Bueno,interpolacion_delaunay,0,1932,125,131,96
2026-10-09T22:45:16.706436+00:00,1900600011401,17.58,Aceptable,19.28,Bueno,interpolacion_delaunay,0,3593,269,468,144
2026-10-09T22:45:16.706436+00:00,190060001144A,13.12,Bueno,13.9,Bueno,interpolacion_delaunay,0,6239,575,321,95
2026-10-09T22:45:16.706436+00:00,1900600011473,14.85,Bueno,16.03,Bueno,interpolacion_delaunay,0,2826,209,259,107
2026-10-09T22:45:16.706436+00:00,1900600011488,15.36,Aceptable,16.7,Bueno,interpolacion_delaunay,0,2922,234,293,96
2026-10-09T22:45:16.706436+00:00,1900600011492,15.77,Aceptable,17.3,Bueno,interpolacion_delaunay,0,1725,134,78,56
2026-10-09T22:45:16.706436+00:00,1900600011505,15.01,Aceptable,16.34,Bueno,interpolacion_delaunay,0,2030,151,78,103
2026-10-09T22:45:16.706436+00:00,190060001151A,14.9,Bueno,16.22,Bueno,interpolacion_delaunay,0,4650,413,187,145
2026-10-09T22:45:16.706436+00:00,1900600011524,14.89,Bueno,16.25,Bueno,interpolacion_delaunay,0,3658,279,744,150
2026-10-09T22:45:16.706436+00:00,1900600011539,15.74,Aceptable,17.36,Bueno,interpolacion_delaunay,0,3879,269,179,190
2026-10-09T22:45:16.706436+00:00,1900600011543,16.91,Aceptable,18.86,Bueno,interpolacion_delaunay,0,3926,372,127,91
2026-10-09T22:45:16.706436+00:00,1900600011844,13.52,Bueno,14.54,Bueno,interpolacion_delaunay,0,1922,166,57,23
2026-10-09T22:45:16.706436+00:00,1900600011666,13.03,Bueno,13.89,Bueno,interpolacion_delaunay,0,2454,221,74,68
2026-10-09T22:45:16.706436+00:00,1900600011859,13.99,Bueno,15.15,Bueno,interpolacion_delaunay,0,1533,143,46,34
2026-10-09T22:45:16.706436+00:00,1900600011863,16.32,Aceptable,18.13,Bueno,interpolacion_delaunay,0,1050,130,36,5
2026-10-09T22:45:16.706436+00:00,1900600011878,16.39,Aceptable,18.28,Bueno,interpolacion_delaunay,0,5255,440,206,130
2026-10-09T22:45:16.706436+00:00,1900600011882,16.02,Aceptable,17.82,Bueno,interpolacion_delaunay,0,5356,444,208,243
2026-10-09T22:45:16.706436+00:00,190060001190A,17.42,Aceptable,19.59,Bueno,interpolacion_delaunay,0,3346,296,126,99
2026-10-09T22:45:16.706436+00:00,1900600011914,17.01,Aceptable,20.49,Bueno,interpolacion_delaunay,0,5844,518,215,189
2026-10-09T22:45:16.706436+00:00,1900600011929,17.15,Aceptable,24.72,Bueno,interpolacion_delaunay,0,5690,426,232,211
2026-10-09T22:45:16.706436+00:00,1900600012043,14.9,Bueno,16.37,Bueno,interpolacion_delaunay,0,3660,375,120,69
2026-10-09T22:45:16.706436+00:00,1900600012109,14.09,Bueno,15.26,Bueno,interpolacion_delaunay,0,1488,155,32,33
2026-10-09T22:45:16.706436+00:00,1900600012128,15.91,Aceptable,17.59,Bueno,interpolacion_delaunay,0,1714,168,66,31
2026-10-09T22:45:16.706436+00:00,190060001226A,15.58,Aceptable,17.02,Bueno,interpolacion_delaunay,0,4528,324,328,117
2026-10-09T22:45:16.706436+00:00,1900600012274,14.33,Bueno,15.43,Bueno,interpolacion_delaunay,0,5782,615,191,106
2026-10-09T22:45:16.706436+00:00,190060001233A,14.05,Bueno,15.25,Bueno,interpolacion_delaunay,0,2449,267,53,48
2026-10-09T22:45:16.706436+00:00,1900600012414,14.85,Bueno,16.25,Bueno,interpolacion_delaunay,0,2297,332,39,45
2026-10-09T22:45:16.706436+00:00,1900600012429,15.23,Aceptable,16.76,Bueno,interpolacion_delaunay,0,3283,479,97,39
2026-10-09T22:45:16.706436+00:00,1900600012734,16.64,Aceptable,18.57,Bueno,interpolacion_delaunay,0,961,146,24,13
2026-10-09T22:45:16.706436+00:00,1900600010992,15.75,Aceptable,17.04,Bueno,interpolacion_delaunay,0,0,0,0,0
2026-10-09T22:45:16.706436+00:00,1900600012804,15.82,Aceptable,17.06,Bueno,interpolacion_delaunay,0,705,129,13,7
2026-10-09T22:45:16.706436+00:00,1900600011897,16.53,Aceptable,24.24,Bueno,interpolacion_delaunay,0,3063,294,202,149
2026-10-09T22:45:16.706436+00:00,1900600012202,15.38,Aceptable,17.9,Bueno,interpolacion_delaunay,0,372,48,3,8
2026-10-09T22:45:16.706436+00:00,1900600012039,16.14,Aceptable,19.89,Bueno,interpolacion_delaunay,0,2684,242,90,67
2026-10-09T22:45:16.706436+00:00,1900601740047,12.1,Bueno,12.75,Bueno,interpolacion_delaunay,0,1719,266,38,40
2026-10-09T22:45:16.706436+00:00,190190001005A,14.09,Bueno,14.65,Bueno,interpolacion_delaunay,0,2404,108,693,69
2026-10-09T22:45:16.706436+00:00,1901900010064,14.75,Bueno,15.4,Bueno,promedio_sensores,4,2721,181,677,58
2026-10-09T22:45:16.706436+00:00,1901900010079,14.4,Bueno,15.1,Bueno,promedio_sensores,1,4464,212,1159,127
2026-10-09T22:45:16.706436+00:00,1901900010083,10.0,Bueno,10.43,Bueno,promedio_sensores,3,1374,63,441,45
2026-10-09T22:45:16.706436+00:00,1901900010098,11.2,Bueno,11.6,Bueno,promedio_sensores,1,1854,103,460,42
2026-10-09T22:45:16.706436+00:00,1901900010100,15.4,Aceptable,16.1,Bueno,promedio_sensores,1,1944,129,547,21
2026-10-09T22:45:16.706436+00:00,1901900010149,15.2,Aceptable,17.8,Bueno,promedio_sensores,1,1163,75,215,15
2026-10-09T22:45:16.706436+00:00,1901900010153,33.6,Mala,38.3,Bueno,promedio_sensores,1,1800,134,430,81
2026-10-09T22:45:16.706436+00:00,1901900010168,16.2,Aceptable,16.8,Bueno,promedio_sensores,1,1570,81,416,43
2026-10-09T22:45:16.706436+00:00,1901900010172,14.26,Bueno,14.48,Bueno,interpolacion_delaunay,0,1335,59,357,29
2026-10-09T22:45:16.706436+00:00,1901900010187,25.2,Aceptable,27.9,Bueno,interpolacion_delaunay,0,4463,306,999,93
2026-10-09T22:45:16.706436+00:00,1901900010191,15.3,Aceptable,15.6,Bueno,promedio_sensores,1,2824,172,637,108
2026-10-09T22:45:16.706436+00:00,1901900010204,15.14,Aceptable,15.82,Bueno,interpolacion_delaunay,0,3926,317,736,119
2026-10-09T22:45:16.706436+00:00,1901900010223,14.36,Bueno,14.99,Bueno,interpolacion_delaunay,0,2979,89,503,54
2026-10-09T22:45:16.706436+00:00,1901900010238,14.7,Bueno,15.7,Bueno,promedio_sensores,1,1904,73,302,23
2026-10-09T22:45:16.706436+00:00,1901900010242,7.63,Bueno,7.93,Bueno,promedio_sensores,3,2717,143,729,92
2026-10-09T22:45:16.706436+00:00,1901900010257,13.7,Bueno,14.3,Bueno,promedio_sensores,1,1307,56,361,13
2026-10-09T22:45:16.706436+00:00,1901900010261,6.85,Bueno,7.05,Bueno,promedio_sensores,2,2240,113,567,42
2026-10-09T22:45:16.706436+00:00,1901900010280,12.62,Bueno,13.09,Bueno,interpolacion_delaunay,0,2690,79,360,43
2026-10-09T22:45:16.706436+00:00,1901900010350,11.94,Bueno,12.49,Bueno,interpolacion_delaunay,0,2768,148,592,68
2026-10-09T22:45:16.706436+00:00,1901900010365,22.7,Aceptable,23.6,Bueno,promedio_sensores,1,3419,327,293,61
2026-10-09T22:45:16.706436+00:00,1901900010399,14.55,Bueno,14.9,Bueno,promedio_sensores,2,1162,6,68,0
2026-10-09T22:45:16.706436+00:00,1901900010401,11.4,Bueno,11.8,Bueno,promedio_sensores,1,2375,247,392,86
2026-10-09T22:45:16.706436+00:00,1901900010416,13.78,Bueno,14.41,Bueno,interpolacion_delaunay,0,700,19,105,4
2026-10-09T22:45:16.706436+00:00,1901900010420,8.6,Bueno,8.8,Bueno,promedio_sensores,1,1696,93,408,47
2026-10-09T22:45:16.706436+00:00,1901900010435,16.1,Aceptable,16.3,Bueno,promedio_sensores,1,4494,346,601,54
2026-10-09T22:45:16.706436+00:00,190190001044A,10.27,Bueno,10.97,Bueno,promedio_sensores,3,4383,354,439,56
2026-10-09T22:45:16.706436+00:00,1901900010454,15.45,Aceptable,15.8,Bueno,promedio_sensores,2,557,26,114,11
2026-10-09T22:45:16.706436+00:00,1901900010469,44.0,Mala,53.5,Aceptable,promedio_sensores,1,3112,170,568,37
2026-10-09T22:45:16.706436+00:00,1901900010473,24.04,Aceptable,27.55,Bueno,interpolacion_delaunay,0,983,46,182,19
2026-10-09T22:45:16.706436+00:00,1901900010488,9.15,Bueno,9.45,Bueno,promedio_sensores,2,2757,295,371,102
2026-10-09T22:45:16.706436+00:00,1901900010492,24.3,Aceptable,25.3,Bueno,promedio_sensores,2,2848,173,697,71
2026-10-09T22:45:16.706436+00:00,1901900010505,14.98,Bueno,15.47,Bueno,interpolacion_delaunay,0,2494,111,512,19
2026-10-09T22:45:16.706436+00:00,190190001051A,14.3,Bueno,15.0,Bueno,promedio_sensores,1,1899,111,507,36
2026-10-09T22:45:16.706436+00:00,1901900010558,16.43,Aceptable,16.83,Bueno,promedio_sensores,3,1349,87,230,21
2026-10-09T22:45:16.706436+00:00,1901900010613,15.52,Aceptable,15.86,Bueno,interpolacion_delaunay,0,132,0,20,0
2026-10-09T22:45:16.706436+00:00,1901900010384,13.98,Bueno,14.32,Bueno,interpolacion_delaunay,0,1111,19,119,15
2026-10-09T22:45:16.706436+00:00,1901900010219,15.02,Aceptable,15.88,Bueno,interpolacion_delaunay,0,1954,106,555,58
2026-10-09T22:45:16.706436+00:00,1902100011338,17.39,Aceptable,19.11,Bueno,interpolacion_delaunay,0,2800,219,134,55
2026-10-09T22:45:16.706436+00:00,1902100011817,13.1,Bueno,13.4,Bueno,promedio_sensores,1,583,52,40,11
2026-10-09T22:45:16.706436+00:00,1902100010293,15.71,Aceptable,16.27,Bueno,interpolacion_delaunay,0,2008,84,165,35
2026-10-09T22:45:16.706436+00:00,190210001033A,15.39,Aceptable,15.98,Bueno,interpolacion_delaunay,0,4000,286,440,91
2026-10-09T22:45:16.706436+00:00,1902100011060,21.89,Aceptable,24.07,Bueno,interpolacion_delaunay,0,3355,278,195,95
2026-10-09T22:45:16.706436+00:00,1902100010289,16.14,Aceptable,16.79,Bueno,interpolacion_delaunay,0,1352,78,109,44
2026-10-09T22:45:16.706436+00:00,1902100010325,18.3,Aceptable,19.13,Bueno,interpolacion_delaunay,0,1,0,0,0
2026-10-09T22:45:16.706436+00:00,1902100011412,14.5,Bueno,15.3,Bueno,promedio_sensores,1,3239,228,156,27
2026-10-09T22:45:16.706436+00:00,1902100011427,14.25,Bueno,14.79,Bueno,interpolacion_delaunay,0,4126,302,227,21
2026-10-09T22:45:16.706436+00:00,1902100011408,14.27,Bueno,14.89,Bueno,interpolacion_delaunay,0,6781,377,571,69
2026-10-09T22:45:16.706436+00:00,1902100011342,18.42,Aceptable,20.43,Bueno,interpolacion_delaunay,0,4655,261,185,126
2026-10-09T22:45:16.706436+00:00,1902100010043,21.11,Aceptable,22.6,Bueno,interpolacion_delaunay,0,4208,322,819,334
2026-10-09T22:45:16.706436+00:00,1902100010255,20.36,Aceptable,22.66,Bueno,interpolacion_delaunay,0,6704,625,410,194
2026-10-09T22:45:16.706436+00:00,1902100010378,20.1,Aceptable,21.0,Bueno,promedio_sensores,1,4134,262,294,72
2026-10-09T22:45:16.706436+00:00,1902100011075,22.6,Aceptable,24.9,Bueno,interpolacion_delaunay,0,8122,855,320,248
2026-10-09T22:45:16.706436+00:00,1902600011832,17.97,Aceptable,20.14,Bueno,interpolacion_delaunay,0,3764,305,386,174
2026-10-09T22:45:16.706436+00:00,1902600010035,16.63,Aceptable,18.44,Bueno,interpolacion_delaunay,0,1597,156,285,106
2026-10-09T22:45:16.706436+00:00,1902600012332,15.82,Aceptable,16.97,Bueno,interpolacion_delaunay,0,5634,507,898,399
2026-10-09T22:45:16.706436+00:00,1902600010020,17.27,Aceptable,19.19,Bueno,interpolacion_delaunay,0,1825,174,355,160
2026-10-09T22:45:16.706436+00:00,1902600011279,16.66,Aceptable,18.43,Bueno,interpolacion_delaunay,0,4324,384,731,269
2026-10-09T22:45:16.706436+00:00,1902600011283,16.32,Aceptable,18.03,Bueno,interpolacion_delaunay,0,3719,341,754,207
2026-10-09T22:45:16.706436+00:00,1902600012440,18.61,Aceptable,20.88,Bueno,interpolacion_delaunay,0,2604,133,153,35
2026-10-09T22:45:16.706436+00:00,1902600012667,22.89,Aceptable,28.08,Bueno,interpolacion_delaunay,0,778,73,30,14
2026-10-09T22:45:16.706436+00:00,1902600012811,15.39,Aceptable,16.63,Bueno,interpolacion_delaunay,0,26,4,0,0
2026-10-09T22:45:16.706436+00:00,1902600010459,23.66,Aceptable,26.55,Bueno,interpolacion_delaunay,0,3039,123,850,229
2026-10-09T22:45:16.706436+00:00,1902600010317,24.28,Aceptable,27.54,Bueno,interpolacion_delaunay,0,4084,275,902,321
2026-10-09T22:45:16.706436+00:00,1902600010957,17.25,Aceptable,19.22,Bueno,interpolacion_delaunay,0,5841,533,1121,336
2026-10-09T22:45:16.706436+00:00,1902600011103,25.36,Aceptable,44.47,Bueno,interpolacion_delaunay,0,950,69,80,47
2026-10-09T22:45:16.706436+00:00,1902600011457,22.14,Aceptable,25.01,Bueno,interpolacion_delaunay,0,2279,129,466,94
2026-10-09T22:45:16.706436+00:00,1902600011404,19.08,Aceptable,21.53,Bueno,interpolacion_delaunay,0,3115,227,702,219
2026-10-09T22:45:16.706436+00:00,1902600011508,25.07,Aceptable,41.67,Bueno,interpolacion_delaunay,0,1978,175,250,90
2026-10-09T22:45:16.706436+00:00,1902600011828,17.54,Aceptable,19.54,Bueno,interpolacion_delaunay,0,2175,178,266,60
2026-10-09T22:45:16.706436+00:00,1902600011847,18.55,Aceptable,20.89,Bueno,interpolacion_delaunay,0,4488,374,407,157
2026-10-09T22:45:16.706436+00:00,1902600012402,20.83,Aceptable,23.82,Bueno,interpolacion_delaunay,0,2699,234,353,170
2026-10-09T22:45:16.706436+00:00,1902600012205,21.59,Aceptable,31.27,Bueno,interpolacion_delaunay,0,4435,432,502,204
2026-10-09T22:45:16.706436+00:00,1902600012258,23.14,Aceptable,34.21,Bueno,interpolacion_delaunay,0,1006,77,102,40
2026-10-09T22:45:16.706436+00:00,1902600012296,20.64,Aceptable,23.46,Bueno,interpolacion_delaunay,0,4398,237,919,190
2026-10-09T22:45:16.706436+00:00,1902600012455,18.59,Aceptable,20.89,Bueno,interpolacion_delaunay,0,4962,328,296,118
2026-10-09T22:45:16.706436+00:00,1902600010302,24.37,Aceptable,27.6,Bueno,interpolacion_delaunay,0,2790,166,675,209
2026-10-09T22:45:16.706436+00:00,1902600010425,23.85,Aceptable,26.15,Bueno,interpolacion_delaunay,0,3687,235,843,230
2026-10-09T22:45:16.706436+00:00,1902600010533,24.13,Aceptable,25.91,Bueno,interpolacion_delaunay,0,1681,81,395,96
2026-10-09T22:45:16.706436+00:00,1902600011813,17.75,Aceptable,19.79,Bueno,interpolacion_delaunay,0,5250,447,545,129
2026-10-09T22:45:16.706436+00:00,1902600011851,19.11,Aceptable,21.62,Bueno,interpolacion_delaunay,0,4115,305,359,155
2026-10-09T22:45:16.706436+00:00,1902600012436,17.98,Aceptable,20.05,Bueno,interpolacion_delaunay,0,3242,185,145,20
2026-10-09T22:45:16.706436+00:00,1902600012686,21.93,Aceptable,30.16,Bueno,interpolacion_delaunay,0,40,3,7,5
2026-10-09T22:45:16.706436+00:00,1902600010124,21.52,Aceptable,24.38,Bueno,interpolacion_delaunay,0,2665,140,749,113
2026-10-09T22:45:16.706436+00:00,1902600012417,20.49,Aceptable,23.23,Bueno,interpolacion_delaunay,0,2073,147,228,128
2026-10-09T22:45:16.706436+00:00,1902600012347,17.32,Aceptable,18.53,Bueno,interpolacion_delaunay,0,4440,433,247,105
2026-10-09T22:45:16.706436+00:00,190260001239A,22.44,Aceptable,25.38,Bueno,interpolacion_delaunay,0,2697,236,207,88
2026-10-09T22:45:16.706436+00:00,190260001260A,22.35,Aceptable,30.81,Bueno,interpolacion_delaunay,0,979,82,21,36
2026-10-09T22:45:16.706436+00:00,1902600011391,23.42,Aceptable,26.9,Bueno,interpolacion_delaunay,0,3747,280,1036,286
2026-10-09T22:45:16.706436+00:00,1902600010251,22.89,Aceptable,26.31,Bueno,interpolacion_delaunay,0,6072,581,994,581
2026-10-09T22:45:16.706436+00:00,1902600010707,21.4,Aceptable,23.73,Bueno,interpolacion_delaunay,0,4261,296,986,365
2026-10-09T22:45:16.706436+00:00,190260001157A,21.13,Aceptable,23.31,Bueno,interpolacion_delaunay,0,2161,148,444,126
2026-10-09T22:45:16.706436+00:00,1902600011654,21.48,Aceptable,29.13,Bueno,interpolacion_delaunay,0,3737,309,535,205
2026-10-09T22:45:16.706436+00:00,1902600012385,15.21,Aceptable,16.43,Bueno,interpolacion_delaunay,0,108,11,8,5
2026-10-09T22:45:16.706436+00:00,1902600011495,25.5,Aceptable,40.83,Bueno,interpolacion_delaunay,0,2675,203,421,91
2026-10-09T22:45:16.706436+00:00,1902600012525,18.1,Aceptable,19.57,Bueno,interpolacion_delaunay,0,6162,464,363,124
2026-10-09T22:45:16.706436+00:00,1902600010995,19.14,Aceptable,21.7,Bueno,interpolacion_delaunay,0,1016,61,224,56
2026-10-09T22:45:16.706436+00:00,1902600011866,21.92,Aceptable,24.74,Bueno,interpolacion_delaunay,0,3064,167,548,67
2026-10-09T22:45:16.706436+00:00,190260001207A,16.78,Aceptable,17.86,Bueno,interpolacion_delaunay,0,2199,99,452,47
2026-10-09T22:45:16.706436+00:00,1902600012120,12.5,Bueno,13.18,Bueno,interpolacion_delaunay,0,1092,33,384,28
2026-10-09T22:45:16.706436+00:00,1902600012135,13.27,Bueno,13.59,Bueno,interpolacion_delaunay,0,1356,47,414,29
2026-10-09T22:45:16.706436+00:00,1902600012544,18.56,Aceptable,23.5,Bueno,interpolacion_delaunay,0,2171,187,206,83
2026-10-09T22:45:16.706436+00:00,1902600010069,23.8,Aceptable,26.98,Bueno,interpolacion_delaunay,0,1920,94,579,107
2026-10-09T22:45:16.706436+00:00,1902600010073,23.57,Aceptable,26.73,Bueno,interpolacion_delaunay,0,3137,159,955,77
2026-10-09T22:45:16.706436+00:00,1902600010088,23.0,Aceptable,26.02,Bueno,interpolacion_delaunay,0,2870,157,722,160
2026-10-09T22:45:16.706436+00:00,1902600010158,25.32,Aceptable,28.97,Bueno,interpolacion_delaunay,0,1517,70,502,83
2026-10-09T22:45:16.706436+00:00,190260001029A,24.42,Aceptable,27.55,Bueno,interpolacion_delaunay,0,1809,94,461,133
2026-10-09T22:45:16.706436+00:00,1902600011885,23.94,Aceptable,27.12,Bueno,interpolacion_delaunay,0,1944,100,497,103
2026-10-09T22:45:16.706436+00:00,1902600012192,23.13,Aceptable,34.92,Bueno,interpolacion_delaunay,0,2742,217,241,94
2026-10-09T22:45:16.706436+00:00,1902600012243,13.5,Bueno,14.46,Bueno,interpolacion_delaunay,0,316,37,21,22
2026-10-09T22:45:16.706436+00:00,1902600012421,19.86,Aceptable,22.55,Bueno,interpolacion_delaunay,0,2385,134,120,49
2026-10-09T22:45:16.706436+00:00,1902600012597,23.19,Aceptable,30.75,Bueno,interpolacion_delaunay,0,3539,244,126,97
2026-10-09T22:45:16.706436+00:00,1902600011029,19.77,Aceptable,22.48,Bueno,interpolacion_delaunay,0,1109,94,97,45
2026-10-09T22:45:16.706436+00:00,190260001189A,24.36,Aceptable,27.67,Bueno,interpolacion_delaunay,0,2117,131,543,112
2026-10-09T22:45:16.706436+00:00,1902600012703,16.03,Aceptable,17.32,Bueno,interpolacion_delaunay,0,632,49,33,14
2026-10-09T22:45:16.706436+00:00,1902600011372,24.13,Aceptable,27.83,Bueno,interpolacion_delaunay,0,2451,168,520,192
2026-10-09T22:45:16.706436+00:00,1902600012366,22.41,Aceptable,32.1,Bueno,interpolacion_delaunay,0,350,28,12,6
2026-10-09T22:45:16.706436+00:00,1902600010321,24.6,Aceptable,28.12,Bueno,interpolacion_delaunay,0,5159,259,1483,335
2026-10-09T22:45:16.706436+00:00,1902600010336,24.46,Aceptable,28.0,Bueno,interpolacion_delaunay,0,3112,150,945,118
2026-10-09T22:45:16.706436+00:00,1902600010340,24.54,Aceptable,28.2,Bueno,interpolacion_delaunay,0,5009,289,1452,316
2026-10-09T22:45:16.706436+00:00,1902600010355,24.28,Aceptable,27.9,Bueno,interpolacion_delaunay,0,2172,143,527,123
2026-10-09T22:45:16.706436+00:00,1902600010389,23.96,Aceptable,27.65,Bueno,interpolacion_delaunay,0,3485,223,809,188
2026-10-09T22:45:16.706436+00:00,1902600010393,23.52,Aceptable,27.1,Bueno,interpolacion_delaunay,0,4293,274,932,186
2026-10-09T22:45:16.706436+00:00,1902600010618,22.23,Aceptable,25.0,Bueno,interpolacion_delaunay,0,3420,248,733,217
2026-10-09T22:45:16.706436+00:00,1902600010730,21.96,Aceptable,23.29,Bueno,interpolacion_delaunay,0,4610,359,992,364
2026-10-09T22:45:16.706436+00:00,1902600011033,21.53,Aceptable,24.77,Bueno,interpolacion_delaunay,0,5199,444,572,162
2026-10-09T22:45:16.706436+00:00,1902600011122,18.96,Aceptable,21.24,Bueno,interpolacion_delaunay,0,6940,637,766,300
2026-10-09T22:45:16.706436+00:00,1902600011546,21.97,Aceptable,24.36,Bueno,interpolacion_delaunay,0,3715,209,870,202
2026-10-09T22:45:16.706436+00:00,1902600011461,21.92,Aceptable,24.77,Bueno,interpolacion_delaunay,0,3227,233,684,198
2026-10-09T22:45:16.706436+00:00,190260001132A,24.45,Aceptable,28.02,Bueno,interpolacion_delaunay,0,2713,152,488,78
2026-10-09T22:45:16.706436+00:00,1902600011334,22.35,Aceptable,25.72,Bueno,interpolacion_delaunay,0,3525,289,683,240
2026-10-09T22:45:16.706436+00:00,1902600011349,22.03,Aceptable,25.41,Bueno,interpolacion_delaunay,0,2716,239,484,222
2026-10-09T22:45:16.706436+00:00,1902600011368,24.14,Aceptable,27.78,Bueno,interpolacion_delaunay,0,3348,226,652,119
2026-10-09T22:45:16.706436+00:00,1902600011419,23.78,Aceptable,26.87,Bueno,interpolacion_delaunay,0,2833,144,728,158
2026-10-09T22:45:16.706436+00:00,1902600011442,21.93,Aceptable,24.63,Bueno,interpolacion_delaunay,0,3169,182,598,174
2026-10-09T22:45:16.706436+00:00,1902600011565,21.56,Aceptable,23.89,Bueno,interpolacion_delaunay,0,4076,290,816,263
2026-10-09T22:45:16.706436+00:00,1902600011584,21.52,Aceptable,23.41,Bueno,interpolacion_delaunay,0,4255,317,895,221
2026-10-09T22:45:16.706436+00:00,1902600011599,21.74,Aceptable,23.72,Bueno,interpolacion_delaunay,0,2923,228,572,152
2026-10-09T22:45:16.706436+00:00,1902600011601,22.2,Aceptable,23.3,Bueno,promedio_sensores,1,3474,261,775,299
2026-10-09T22:45:16.706436+00:00,1902600011688,21.01,Aceptable,22.43,Bueno,interpolacion_delaunay,0,3727,240,688,249
2026-10-09T22:45:16.706436+00:00,190260001171A,19.08,Aceptable,20.25,Bueno,interpolacion_delaunay,0,4383,321,770,213
2026-10-09T22:45:16.706436+00:00,1902600012008,17.73,Aceptable,18.9,Bueno,interpolacion_delaunay,0,1064,52,278,35
2026-10-09T22:45:16.706436+00:00,1902600011781,17.93,Aceptable,19.47,Bueno,interpolacion_delaunay,0,260,22,25,0
2026-10-09T22:45:16.706436+00:00,1902600011989,22.01,Aceptable,24.51,Bueno,interpolacion_delaunay,0,3336,217,653,151
2026-10-09T22:45:16.706436+00:00,1902600012027,20.25,Aceptable,21.67,Bueno,interpolacion_delaunay,0,5601,339,676,195
2026-10-09T22:45:16.706436+00:00,1902600012116,16.52,Aceptable,17.79,Bueno,interpolacion_delaunay,0,2265,174,319,64
2026-10-09T22:45:16.706436+00:00,1902600012328,22.89,Aceptable,32.47,Bueno,interpolacion_delaunay,0,2737,200,173,54
2026-10-09T22:45:16.706436+00:00,1902600012510,18.66,Aceptable,20.49,Bueno,interpolacion_delaunay,0,3466,257,269,90
2026-10-09T22:45:16.706436+00:00,1902600012578,17.34,Aceptable,18.6,Bueno,interpolacion_delaunay,0,2465,185,298,196
2026-10-09T22:45:16.706436+00:00,1902600012582,17.47,Aceptable,18.78,Bueno,interpolacion_delaunay,0,2739,201,423,283
2026-10-09T22:45:16.706436+00:00,1902600012614,23.96,Aceptable,34.9,Bueno,interpolacion_delaunay,0,3024,272,68,36
2026-10-09T22:45:16.706436+00:00,1902600010177,24.57,Aceptable,28.04,Bueno,interpolacion_delaunay,0,1769,60,559,90
2026-10-09T22:45:16.706436+00:00,1902600010444,20.84,Aceptable,23.42,Bueno,interpolacion_delaunay,0,2474,121,665,111
2026-10-09T22:45:16.706436+00:00,1902600011531,22.25,Aceptable,24.72,Bueno,interpolacion_delaunay,0,3594,235,816,160
2026-10-09T22:45:16.706436+00:00,1902600010232,22.94,Aceptable,26.26,Bueno,interpolacion_delaunay,0,2521,162,744,110
2026-10-09T22:45:16.706436+00:00,1902600010196,24.34,Aceptable,27.77,Bueno,interpolacion_delaunay,0,1557,66,485,73
2026-10-09T22:45:16.706436+00:00,1902600010213,23.1,Aceptable,26.38,Bueno,interpolacion_delaunay,0,2063,114,530,142
2026-10-09T22:45:16.706436+00:00,190260001011A,22.21,Aceptable,25.2,Bueno,interpolacion_delaunay,0,3115,155,816,154
2026-10-09T22:45:16.706436+00:00,1902600010162,24.84,Aceptable,28.36,Bueno,interpolacion_delaunay,0,1624,64,473,65
2026-10-09T22:45:16.706436+00:00,1902600010181,25.18,Aceptable,28.83,Bueno,interpolacion_delaunay,0,1561,63,499,94
2026-10-09T22:45:16.706436+00:00,1902600010228,23.59,Aceptable,27.05,Bueno,interpolacion_delaunay,0,1619,140,316,120
2026-10-09T22:45:16.706436+00:00,1902600010603,22.35,Aceptable,25.14,Bueno,interpolacion_delaunay,0,1632,93,346,132
2026-10-09T22:45:16.706436+00:00,1902600010745,21.5,Aceptable,22.87,Bueno,interpolacion_delaunay,0,1565,113,330,126
2026-10-09T22:45:16.706436+00:00,1902600010798,20.89,Aceptable,22.86,Bueno,interpolacion_delaunay,0,3364,210,732,231
2026-10-09T22:45:16.706436+00:00,1902600010815,18.86,Aceptable,20.41,Bueno,interpolacion_delaunay,0,4739,363,1000,268
2026-10-09T22:45:16.706436+00:00,1902600011438,20.3,Aceptable,22.21,Bueno,interpolacion_delaunay,0,1771,89,459,85
2026-10-09T22:45:16.706436+00:00,1902600011476,21.63,Aceptable,24.1,Bueno,interpolacion_delaunay,0,3270,215,839,209
2026-10-09T22:45:16.706436+00:00,1902600011777,20.06,Aceptable,21.79,Bueno,interpolacion_delaunay,0,3599,312,366,80
2026-10-09T22:45:16.706436+00:00,1902600012031,19.49,Aceptable,20.98,Bueno,interpolacion_delaunay,0,4385,273,421,152
2026-10-09T22:45:16.706436+00:00,1902600012173,16.79,Aceptable,18.3,Bueno,interpolacion_delaunay,0,108,5,10,3
2026-10-09T22:45:16.706436+00:00,1902600012474,20.3,Aceptable,23.1,Bueno,interpolacion_delaunay,0,3828,248,138,120
2026-10-09T22:45:16.706436+00:00,190260001253A,20.07,Aceptable,26.45,Bueno,interpolacion_delaunay,0,1418,134,74,37
2026-10-09T22:45:16.706436+00:00,1902600012648,21.66,Aceptable,23.61,Bueno,interpolacion_delaunay,0,1998,125,415,138
2026-10-09T22:45:16.706436+00:00,1902600012794,22.73,Aceptable,26.35,Bueno,interpolacion_delaunay,0,776,83,32,8
2026-10-09T22:45:16.706436+00:00,1902600012775,22.85,Aceptable,28.64,Bueno,interpolacion_delaunay,0,1381,194,42,36
2026-10-09T22:45:16.706436+00:00,1902600012898,12.13,Bueno,13.14,Bueno,interpolacion_delaunay,0,21,3,0,0
2026-10-09T22:45:16.706436+00:00,1902600010849,14.52,Bueno,15.61,Bueno,interpolacion_delaunay,0,1926,132,278,87
2026-10-09T22:45:16.706436+00:00,1902600012262,22.11,Aceptable,25.24,Bueno,interpolacion_delaunay,0,2668,227,217,83
2026-10-09T22:45:16.706436+00:00,1902600010266,21.94,Aceptable,25.16,Bueno,interpolacion_delaunay,0,427,58,19,0
2026-10-09T22:45:16.706436+00:00,1902600010779,18.25,Aceptable,20.04,Bueno,interpolacion_delaunay,0,677,45,131,66
2026-10-09T22:45:16.706436+00:00,1902600010872,12.33,Bueno,13.1,Bueno,interpolacion_delaunay,0,3088,114,989,72
2026-10-09T22:45:16.706436+00:00,1902600011902,22.47,Aceptable,25.65,Bueno,interpolacion_delaunay,0,2434,191,435,71
2026-10-09T22:45:16.706436+00:00,1902600011993,21.5,Aceptable,23.74,Bueno,interpolacion_delaunay,0,3528,203,521,147
2026-10-09T22:45:16.706436+00:00,1902600012012,17.31,Aceptable,18.35,Bueno,interpolacion_delaunay,0,2227,119,600,34
2026-10-09T22:45:16.706436+00:00,1902600012084,14.12,Bueno,15.21,Bueno,interpolacion_delaunay,0,1461,49,516,49
2026-10-09T22:45:16.706436+00:00,1902600012188,12.97,Bueno,14.11,Bueno,interpolacion_delaunay,0,460,18,82,4
2026-10-09T22:45:16.706436+00:00,1902600012277,22.53,Aceptable,25.79,Bueno,interpolacion_delaunay,0,3597,281,616,228
2026-10-09T22:45:16.706436+00:00,190260001246A,19.35,Aceptable,21.89,Bueno,interpolacion_delaunay,0,4546,358,308,145
2026-10-09T22:45:16.706436+00:00,1902600012559,18.41,Aceptable,19.81,Bueno,interpolacion_delaunay,0,4248,285,324,114
2026-10-09T22:45:16.706436+00:00,1902600012652,22.67,Aceptable,26.32,Bueno,interpolacion_delaunay,0,3158,323,113,122
2026-10-09T22:45:16.706436+00:00,1902600012671,22.56,Aceptable,25.98,Bueno,interpolacion_delaunay,0,1647,122,65,34
2026-10-09T22:45:16.706436+00:00,1902600012718,12.92,Bueno,13.83,Bueno,interpolacion_delaunay,0,2829,290,123,131
2026-10-09T22:45:16.706436+00:00,1902600012741,21.08,Aceptable,23.1,Bueno,interpolacion_delaunay,0,1897,119,345,52
2026-10-09T22:45:16.706436+00:00,1902600012879,22.7,Aceptable,26.4,Bueno,promedio_sensores,1,2144,300,65,16
2026-10-09T22:45:16.706436+00:00,1902600010285,21.88,Aceptable,24.81,Bueno,interpolacion_delaunay,0,2844,174,613,185
2026-10-09T22:45:16.706436+00:00,1902600012690,14.95,Bueno,16.14,Bueno,interpolacion_delaunay,0,79,0,3,0
2026-10-09T22:45:16.706436+00:00,1902600012099,16.81,Aceptable,18.2,Bueno,interpolacion_delaunay,0,5241,599,554,189
2026-10-09T22:45:16.706436+00:00,1902600011936,21.7,Aceptable,25.02,Bueno,interpolacion_delaunay,0,2951,267,407,119
2026-10-09T22:45:16.706436+00:00,1902600012169,13.82,Bueno,15.22,Bueno,interpolacion_delaunay,0,1023,50,158,14
2026-10-09T22:45:16.706436+00:00,190260001118A,17.33,Aceptable,19.09,Bueno,interpolacion_delaunay,0,3453,227,320,71
2026-10-09T22:45:16.706436+00:00,1902600012050,19.02,Aceptable,20.44,Bueno,interpolacion_delaunay,0,4134,320,745,263
2026-10-09T22:45:16.706436+00:00,1902600012101,16.06,Aceptable,17.34,Bueno,interpolacion_delaunay,0,3626,381,484,119
2026-10-09T22:45:16.706436+00:00,1902600012563,15.51,Aceptable,16.72,Bueno,interpolacion_delaunay,0,2676,291,133,25
2026-10-09T22:45:16.706436+00:00,190260001278A,18.51,Aceptable,21.02,Bueno,interpolacion_delaunay,0,3558,402,98,36
2026-10-09T22:45:16.706436+00:00,1902600011921,21.01,Aceptable,24.13,Bueno,interpolacion_delaunay,0,2594,223,377,76
2026-10-09T22:45:16.706436+00:00,1902600010092,22.52,Aceptable,25.46,Bueno,interpolacion_delaunay,0,4183,262,1039,106
2026-10-09T22:45:16.706436+00:00,1902600011300,21.44,Aceptable,24.38,Bueno,interpolacion_delaunay,0,2915,163,792,188
2026-10-09T22:45:16.706436+00:00,1902600010143,20.8,Aceptable,23.8,Bueno,interpolacion_delaunay,0,2245,273,113,55
2026-10-09T22:45:16.706436+00:00,1902600011870,22.46,Aceptable,25.45,Bueno,interpolacion_delaunay,0,3271,173,768,82
2026-10-09T22:45:16.706436+00:00,1902600011315,23.5,Aceptable,26.76,Bueno,interpolacion_delaunay,0,3497,230,464,42
2026-10-09T22:45:16.706436+00:00,1902600011014,20.2,Aceptable,23.01,Bueno,interpolacion_delaunay,0,2155,150,459,98
2026-10-09T22:45:16.706436+00:00,1902600011616,21.21,Aceptable,23.17,Bueno,interpolacion_delaunay,0,3883,311,769,201
2026-10-09T22:45:16.706436+00:00,1902600011620,20.84,Aceptable,22.91,Bueno,interpolacion_delaunay,0,4814,356,1024,301
2026-10-09T22:45:16.706436+00:00,1902600011480,21.46,Aceptable,23.93,Bueno,interpolacion_delaunay,0,4784,390,737,223
2026-10-09T22:45:16.706436+00:00,1902600010641,22.01,Aceptable,24.61,Bueno,interpolacion_delaunay,0,2917,240,627,202
2026-10-09T22:45:16.706436+00:00,1902600012633,22.29,Aceptable,24.19,Bueno,interpolacion_delaunay,0,2429,188,313,91
2026-10-09T22:45:16.706436+00:00,190260001164A,20.02,Aceptable,22.29,Bueno,interpolacion_delaunay,0,2101,168,367,57
2026-10-09T22:45:16.706436+00:00,1902600011635,20.13,Aceptable,22.17,Bueno,interpolacion_delaunay,0,4695,347,639,204
2026-10-09T22:45:16.706436+00:00,1902600010961,19.45,Aceptable,21.98,Bueno,interpolacion_delaunay,0,1353,81,150,34
2026-10-09T22:45:16.706436+00:00,1902600011226,19.04,Aceptable,20.65,Bueno,interpolacion_delaunay,0,4831,444,615,226
2026-10-09T22:45:16.706436+00:00,1902600012807,20.0,Aceptable,21.74,Bueno,interpolacion_delaunay,0,51,0,0,0
2026-10-09T22:45:16.706436+00:00,1902600012737,20.05,Aceptable,21.8,Bueno,interpolacion_delaunay,0,153,17,4,4
2026-10-09T22:45:16.706436+00:00,1902600012046,19.59,Aceptable,21.15,Bueno,interpolacion_delaunay,0,5116,376,649,199
2026-10-09T22:45:16.706436+00:00,1902600012756,20.6,Aceptable,22.4,Bueno,promedio_sensores,1,2572,282,124,24
2026-10-09T22:45:16.706436+00:00,1902600010783,19.79,Aceptable,21.61,Bueno,interpolacion_delaunay,0,1477,145,264,42
2026-10-09T22:45:16.706436+00:00,1902600011230,18.93,Aceptable,20.52,Bueno,interpolacion_delaunay,0,3324,362,242,132
2026-10-09T22:45:16.706436+00:00,1902600011758,11.8,Bueno,13.0,Bueno,promedio_sensores,1,2105,92,408,43
2026-10-09T22:45:16.706436+00:00,1902600011141,23.34,Aceptable,37.44,Bueno,interpolacion_delaunay,0,9036,1161,432,363
2026-10-09T22:45:16.706436+00:00,1902600011743,15.23,Aceptable,16.34,Bueno,interpolacion_delaunay,0,7461,709,958,323
2026-10-09T22:45:16.706436+00:00,1902600012629,13.34,Bueno,14.31,Bueno,interpolacion_delaunay,0,1943,149,74,66
2026-10-09T22:45:16.706436+00:00,1902600011762,20.72,Aceptable,22.62,Bueno,interpolacion_delaunay,0,2427,183,512,77
2026-10-09T22:45:16.706436+00:00,1902600011194,19.35,Aceptable,21.19,Bueno,interpolacion_delaunay,0,4669,300,960,201
2026-10-09T22:45:16.706436+00:00,1902600011052,19.14,Aceptable,21.81,Bueno,interpolacion_delaunay,0,7318,799,917,451
2026-10-09T22:45:16.706436+00:00,1902600012722,19.5,Aceptable,24.1,Bueno,interpolacion_delaunay,0,1673,182,35,23
2026-10-09T22:45:16.706436+00:00,1902600010209,18.13,Aceptable,22.82,Bueno,interpolacion_delaunay,0,0,0,0,0
2026-10-09T22:45:16.706436+00:00,1902600012883,18.62,Aceptable,24.87,Bueno,interpolacion_delaunay,0,2693,391,65,39
2026-10-09T22:45:16.706436+00:00,1902600011512,23.6,Aceptable,24.79,Bueno,interpolacion_delaunay,0,1411,83,448,118
2026-10-09T22:45:16.706436+00:00,1902600011527,23.53,Aceptable,24.75,Bueno,interpolacion_delaunay,0,2114,99,718,127
2026-10-09T22:45:16.706436+00:00,1902600010853,22.96,Aceptable,24.22,Bueno,interpolacion_delaunay,0,4562,382,755,151
2026-10-09T22:45:16.706436+00:00,1902600011160,23.2,Aceptable,24.1,Bueno,promedio_sensores,1,3568,186,796,79
2026-10-09T22:45:16.706436+00:00,1902600011423,23.55,Aceptable,26.61,Bueno,interpolacion_delaunay,0,2358,121,643,149
2026-10-09T22:45:16.706436+00:00,1902600011118,21.86,Aceptable,24.29,Bueno,interpolacion_delaunay,0,0,0,0,0
2026-10-09T22:45:16.706436+00:00,1902600010552,23.26,Aceptable,25.99,Bueno,interpolacion_delaunay,0,1358,197,299,91
2026-10-09T22:45:16.706436+00:00,1902600010567,22.63,Aceptable,25.25,Bueno,interpolacion_delaunay,0,3469,239,807,212
2026-10-09T22:45:16.706436+00:00,1902600010478,23.81,Aceptable,27.09,Bueno,interpolacion_delaunay,0,3451,258,686,179
2026-10-09T22:45:16.706436+00:00,1902600012493,22.91,Aceptable,25.79,Bueno,interpolacion_delaunay,0,3047,231,451,139
2026-10-09T22:45:16.706436+00:00,1902600012506,22.97,Aceptable,25.81,Bueno,interpolacion_delaunay,0,1875,122,448,96
2026-10-09T22:45:16.706436+00:00,1902600011387,23.34,Aceptable,26.7,Bueno,interpolacion_delaunay,0,4018,279,697,181
2026-10-09T22:45:16.706436+00:00,1902600010482,23.63,Aceptable,26.95,Bueno,interpolacion_delaunay,0,4004,197,1191,226
2026-10-09T22:45:16.706436+00:00,1902600010586,22.72,Aceptable,25.59,Bueno,interpolacion_delaunay,0,4983,369,1196,317
2026-10-09T22:45:16.706436+00:00,1902600010590,22.63,Aceptable,25.51,Bueno,interpolacion_delaunay,0,3794,290,817,254
2026-10-09T22:45:16.706436+00:00,1902600011940,23.24,Aceptable,26.77,Bueno,interpolacion_delaunay,0,3450,256,773,184
2026-10-09T22:45:16.706436+00:00,1902600012224,22.98,Aceptable,26.16,Bueno,interpolacion_delaunay,0,1986,122,533,118
2026-10-09T22:45:16.706436+00:00,1902600012239,22.73,Aceptable,25.91,Bueno,interpolacion_delaunay,0,2664,206,487,219
2026-10-09T22:45:16.706436+00:00,1902600010548,16.52,Aceptable,18.49,Bueno,interpolacion_delaunay,0,4149,203,1177,258
2026-10-09T22:45:16.706436+00:00,1902600012489,20.42,Aceptable,23.3,Bueno,interpolacion_delaunay,0,2798,203,290,77
2026-10-09T22:45:16.706436+00:00,1902600011353,24.33,Aceptable,28.01,Bueno,interpolacion_delaunay,0,1952,125,417,157
2026-10-09T22:45:16.706436+00:00,1902600012760,22.12,Aceptable,25.61,Bueno,interpolacion_delaunay,0,3619,397,120,87
2026-10-09T22:45:16.706436+00:00,1902600011264,20.0,Aceptable,22.89,Bueno,interpolacion_delaunay,0,1708,151,158,100
2026-10-09T22:45:16.706436+00:00,190260001285A,21.65,Aceptable,25.04,Bueno,interpolacion_delaunay,0,1850,298,50,26
2026-10-09T22:45:16.706436+00:00,1902600010270,21.6,Aceptable,32.32,Bueno,interpolacion_delaunay,0,0,0,0,0
2026-10-09T22:45:16.706436+00:00,1902600010406,23.39,Aceptable,27.01,Bueno,interpolacion_delaunay,0,2889,225,550,115
2026-10-09T22:45:16.706436+00:00,1902600011067,22.83,Aceptable,26.36,Bueno,interpolacion_delaunay,0,4252,360,451,270
2026-10-09T22:45:16.706436+00:00,1902600011086,24.4,Aceptable,36.11,Bueno,interpolacion_delaunay,0,3224,245,126,84
2026-10-09T22:45:16.706436+00:00,1902600012313,26.64,Aceptable,49.08,Aceptable,interpolacion_delaunay,0,2567,202,407,174
2026-10-09T22:45:16.706436+00:00,1902600012309,26.07,Aceptable,44.58,Bueno,interpolacion_delaunay,0,2125,241,150,88
2026-10-09T22:45:16.706436+00:00,1902600011809,22.75,Aceptable,26.33,Bueno,interpolacion_delaunay,0,2127,251,117,120
2026-10-09T22:45:16.706436+00:00,1902600012864,22.44,Aceptable,25.89,Bueno,interpolacion_delaunay,0,1168,168,40,16
2026-10-09T22:45:16.706436+00:00,190260001125A,13.48,Bueno,13.93,Bueno,interpolacion_delaunay,0,541,13,170,22
2026-10-09T22:45:16.706436+00:00,1902600011071,24.09,Aceptable,40.17,Bueno,interpolacion_delaunay,0,3143,264,264,89
2026-10-09T22:45:16.706436+00:00,190260001196A,23.35,Aceptable,40.57,Bueno,interpolacion_delaunay,0,3349,324,262,100
2026-10-09T22:45:16.706436+00:00,1902600011955,23.08,Aceptable,26.68,Bueno,interpolacion_delaunay,0,3582,349,216,97
2026-10-09T22:45:16.706436+00:00,190260001050A,22.52,Aceptable,25.75,Bueno,interpolacion_delaunay,0,2022,217,309,73
2026-10-09T22:45:16.706436+00:00,1903900012400,26.0,Aceptable,31.0,Bueno,promedio_sensores,1,4517,429,723,304
2026-10-09T22:45:16.706436+00:00,1903900014657,19.02,Aceptable,19.74,Bueno,interpolacion_delaunay,0,2491,234,438,138
2026-10-09T22:45:16.706436+00:00,1903900013682,15.7,Aceptable,16.55,Bueno,interpolacion_delaunay,0,4499,398,653,181
2026-10-09T22:45:16.706436+00:00,1903900010832,27.37,Aceptable,30.29,Bueno,interpolacion_delaunay,0,543,31,158,26
2026-10-09T22:45:16.706436+00:00,1903900011120,24.53,Aceptable,27.83,Bueno,interpolacion_delaunay,0,2607,94,831,149
2026-10-09T22:45:16.706436+00:00,1903900012129,13.37,Bueno,13.95,Bueno,interpolacion_delaunay,0,4074,318,790,255
2026-10-09T22:45:16.706436+00:00,190390001363A,17.78,Aceptable,18.42,Bueno,interpolacion_delaunay,0,3850,324,618,201
2026-10-09T22:45:16.706436+00:00,1903900014163,13.45,Bueno,13.93,Bueno,interpolacion_delaunay,0,3563,376,476,178
2026-10-09T22:45:16.706436+00:00,1903900014642,20.23,Aceptable,21.05,Bueno,interpolacion_delaunay,0,2137,227,313,125
2026-10-09T22:45:16.706436+00:00,1903900013589,24.64,Aceptable,26.29,Bueno,interpolacion_delaunay,0,1971,102,595,95
2026-10-09T22:45:16.706436+00:00,1903900011370,25.33,Aceptable,28.92,Bueno,interpolacion_delaunay,0,1287,71,218,39
2026-10-09T22:45:16.706436+00:00,1903900012114,16.98,Aceptable,18.26,Bueno,interpolacion_delaunay,0,2387,84,816,136
2026-10-09T22:45:16.706436+00:00,1903900012203,12.4,Bueno,13.5,Bueno,promedio_sensores,1,2974,126,1034,191
2026-10-09T22:45:16.706436+00:00,1903900013574,23.24,Aceptable,24.78,Bueno,interpolacion_delaunay,0,832,37,276,93
2026-10-09T22:45:16.706436+00:00,1903900012792,10.16,Bueno,10.62,Bueno,interpolacion_delaunay,0,1,0,0,0
2026-10-09T22:45:16.706436+00:00,190390001445A,21.97,Aceptable,23.33,Bueno,interpolacion_delaunay,0,5563,304,1118,197
2026-10-09T22:45:16.706436+00:00,1903900014638,21.06,Aceptable,21.94,Bueno,interpolacion_delaunay,0,3811,381,571,142
2026-10-09T22:45:16.706436+00:00,1903900012063,15.59,Aceptable,16.27,Bueno,interpolacion_delaunay,0,2407,98,743,119
2026-10-09T22:45:16.706436+00:00,1903900011690,17.93,Aceptable,18.14,Bueno,interpolacion_delaunay,0,228,12,56,11
2026-10-09T22:45:16.706436+00:00,1903900011760,16.35,Aceptable,16.86,Bueno,interpolacion_delaunay,0,1986,129,443,117
2026-10-09T22:45:16.706436+00:00,1903900011934,19.8,Aceptable,20.97,Bueno,promedio_sensores,3,2171,83,550,105
2026-10-09T22:45:16.706436+00:00,190390001192A,17.74,Aceptable,18.86,Bueno,interpolacion_delaunay,0,2553,117,796,121
2026-10-09T22:45:16.706436+00:00,1903900012044,15.71,Aceptable,16.24,Bueno,interpolacion_delaunay,0,1920,122,427,109
2026-10-09T22:45:16.706436+00:00,1903900012078,15.44,Aceptable,16.07,Bueno,interpolacion_delaunay,0,2179,136,538,60
2026-10-09T22:45:16.706436+00:00,1903900011525,18.41,Aceptable,20.27,Bueno,interpolacion_delaunay,0,590,39,143,33
2026-10-09T22:45:16.706436+00:00,1903900011991,15.2,Aceptable,15.7,Bueno,promedio_sensores,1,3236,192,703,201
2026-10-09T22:45:16.706436+00:00,1903900012006,15.26,Aceptable,16.02,Bueno,interpolacion_delaunay,0,1972,70,504,136
2026-10-09T22:45:16.706436+00:00,1903900010673,25.44,Aceptable,27.23,Bueno,interpolacion_delaunay,0,2155,174,396,142
2026-10-09T22:45:16.706436+00:00,1903900010298,26.11,Aceptable,28.67,Bueno,interpolacion_delaunay,0,3499,233,739,152
2026-10-09T22:45:16.706436+00:00,1903900010404,26.2,Aceptable,28.62,Bueno,interpolacion_delaunay,0,2835,189,560,150
2026-10-09T22:45:16.706436+00:00,1903900011012,28.04,Aceptable,31.22,Bueno,interpolacion_delaunay,0,1216,101,235,35
2026-10-09T22:45:16.706436+00:00,1903900011065,26.32,Aceptable,29.59,Bueno,interpolacion_delaunay,0,1981,192,428,144
2026-10-09T22:45:16.706436+00:00,1903900010175,26.21,Aceptable,29.38,Bueno,interpolacion_delaunay,0,1294,70,318,45
2026-10-09T22:45:16.706436+00:00,190390001018A,26.11,Aceptable,29.39,Bueno,interpolacion_delaunay,0,3618,299,750,219
2026-10-09T22:45:16.706436+00:00,1903900010194,26.13,Aceptable,29.2,Bueno,interpolacion_delaunay,0,2850,223,604,173
2026-10-09T22:45:16.706436+00:00,1903900010226,25.98,Aceptable,28.67,Bueno,interpolacion_delaunay,0,4934,461,799,274
2026-10-09T22:45:16.706436+00:00,1903900014229,13.71,Bueno,14.61,Bueno,interpolacion_delaunay,0,2852,249,505,184
2026-10-09T22:45:16.706436+00:00,1903900010353,21.1,Aceptable,23.01,Bueno,interpolacion_delaunay,0,3313,167,981,325
2026-10-09T22:45:16.706436+00:00,1903900010936,25.03,Aceptable,26.54,Bueno,interpolacion_delaunay,0,2121,128,459,101
2026-10-09T22:45:16.706436+00:00,1903900011173,22.9,Aceptable,24.8,Bueno,promedio_sensores,1,2108,71,659,126
2026-10-09T22:45:16.706436+00:00,1903900011188,24.8,Aceptable,26.43,Bueno,interpolacion_delaunay,0,3322,231,794,185
2026-10-09T22:45:16.706436+00:00,1903900011224,24.06,Aceptable,26.08,Bueno,interpolacion_delaunay,0,3487,327,636,198
2026-10-09T22:45:16.706436+00:00,1903900011328,27.67,Aceptable,30.68,Bueno,interpolacion_delaunay,0,1300,73,364,78
2026-10-09T22:45:16.706436+00:00,1903900011332,27.51,Aceptable,31.13,Bueno,interpolacion_delaunay,0,2976,208,686,165
2026-10-09T22:45:16.706436+00:00,1903900011493,5.4,Bueno,6.2,Bueno,promedio_sensores,1,498,32,117,21
2026-10-09T22:45:16.706436+00:00,1903900011506,11.71,Bueno,13.11,Bueno,interpolacion_delaunay,0,218,10,60,5
2026-10-09T22:45:16.706436+00:00,1903900011510,13.81,Bueno,15.57,Bueno,interpolacion_delaunay,0,370,18,99,43
2026-10-09T22:45:16.706436+00:00,1903900011563,24.19,Aceptable,26.35,Bueno,interpolacion_delaunay,0,1016,57,324,41
2026-10-09T22:45:16.706436+00:00,1903900011652,7.61,Bueno,8.84,Bueno,interpolacion_delaunay,0,1408,46,412,99
2026-10-09T22:45:16.706436+00:00,1903900011667,22.93,Aceptable,24.69,Bueno,interpolacion_delaunay,0,811,38,222,38
2026-10-09T22:45:16.706436+00:00,1903900011671,22.42,Aceptable,24.02,Bueno,interpolacion_delaunay,0,2135,120,546,122
2026-10-09T22:45:16.706436+00:00,1903900011775,19.79,Aceptable,20.95,Bueno,interpolacion_delaunay,0,3247,195,753,173
2026-10-09T22:45:16.706436+00:00,190390001178A,21.68,Aceptable,22.6,Bueno,interpolacion_delaunay,0,2085,91,638,124
2026-10-09T22:45:16.706436+00:00,1903900011811,23.56,Aceptable,24.71,Bueno,interpolacion_delaunay,0,3726,195,960,140
2026-10-09T22:45:16.706436+00:00,190390001210A,19.5,Aceptable,21.1,Bueno,promedio_sensores,1,2790,113,700,150
2026-10-09T22:45:16.706436+00:00,1903900012186,14.16,Bueno,15.14,Bueno,interpolacion_delaunay,0,4169,44,257,49
2026-10-09T22:45:16.706436+00:00,1903900011559,17.8,Aceptable,17.9,Bueno,promedio_sensores,1,854,32,232,42
2026-10-09T22:45:16.706436+00:00,1903900013428,26.1,Aceptable,29.0,Bueno,interpolacion_delaunay,0,3351,320,515,172
2026-10-09T22:45:16.706436+00:00,1903900014214,13.91,Bueno,14.78,Bueno,interpolacion_delaunay,0,4120,374,689,171
2026-10-09T22:45:16.706436+00:00,1903900014712,14.78,Bueno,15.7,Bueno,interpolacion_delaunay,0,3085,299,499,125
2026-10-09T22:45:16.706436+00:00,1903900014727,14.32,Bueno,15.22,Bueno,interpolacion_delaunay,0,2574,237,418,75
2026-10-09T22:45:16.706436+00:00,1903900011544,13.67,Bueno,14.27,Bueno,interpolacion_delaunay,0,484,17,104,17
2026-10-09T22:45:16.706436+00:00,1903900011347,26.1,Aceptable,29.8,Bueno,promedio_sensores,1,3767,228,949,230
2026-10-09T22:45:16.706436+00:00,1903900011101,25.48,Aceptable,28.91,Bueno,interpolacion_delaunay,0,2340,171,499,101
2026-10-09T22:45:16.706436+00:00,1903900010692,24.7,Aceptable,26.37,Bueno,interpolacion_delaunay,0,1264,56,294,43
2026-10-09T22:45:16.706436+00:00,190390001071A,19.3,Aceptable,20.0,Bueno,promedio_sensores,1,2092,89,717,121
2026-10-09T22:45:16.706436+00:00,190390001153A,9.06,Bueno,9.67,Bueno,interpolacion_delaunay,0,283,20,33,8
2026-10-09T22:45:16.706436+00:00,1903900012222,14.78,Bueno,15.6,Bueno,interpolacion_delaunay,0,2481,214,440,130
2026-10-09T22:45:16.706436+00:00,1903900010048,26.06,Aceptable,30.14,Bueno,interpolacion_delaunay,0,2757,231,541,184
2026-10-09T22:45:16.706436+00:00,1903900010160,26.28,Aceptable,29.35,Bueno,interpolacion_delaunay,0,1233,55,334,97
2026-10-09T22:45:16.706436+00:00,1903900011915,15.94,Aceptable,16.47,Bueno,interpolacion_delaunay,0,1171,52,296,69
2026-10-09T22:45:16.706436+00:00,1903900012824,7.73,Bueno,8.1,Bueno,interpolacion_delaunay,0,0,0,0,0
2026-10-09T22:45:16.706436+00:00,1903900010103,26.27,Aceptable,29.69,Bueno,interpolacion_delaunay,0,2537,115,733,107
2026-10-09T22:45:16.706436+00:00,1903900010122,26.08,Aceptable,29.49,Bueno,interpolacion_delaunay,0,3875,316,762,228
2026-10-09T22:45:16.706436+00:00,1903900010207,26.02,Aceptable,29.23,Bueno,interpolacion_delaunay,0,2935,264,476,100
2026-10-09T22:45:16.706436+00:00,190390001089A,24.46,Aceptable,25.95,Bueno,interpolacion_delaunay,0,2450,84,735,103
2026-10-09T22:45:16.706436+00:00,1903900010813,28.11,Aceptable,31.08,Bueno,interpolacion_delaunay,0,1266,76,281,65
2026-10-09T22:45:16.706436+00:00,190390001096A,26.86,Aceptable,29.07,Bueno,interpolacion_delaunay,0,735,52,175,36
2026-10-09T22:45:16.706436+00:00,190390001107A,26.88,Aceptable,30.29,Bueno,interpolacion_delaunay,0,2056,191,358,98
2026-10-09T22:45:16.706436+00:00,1903900011099,25.03,Aceptable,28.33,Bueno,interpolacion_delaunay,0,1728,108,401,82
2026-10-09T22:45:16.706436+00:00,1903900011281,18.23,Aceptable,20.33,Bueno,interpolacion_delaunay,0,162,9,42,10
2026-10-09T22:45:16.706436+00:00,190390001146A,23.68,Aceptable,25.62,Bueno,interpolacion_delaunay,0,1878,94,425,114
2026-10-09T22:45:16.706436+00:00,1903900011474,23.73,Aceptable,25.52,Bueno,interpolacion_delaunay,0,1482,65,348,91
2026-10-09T22:45:16.706436+00:00,1903900011648,12.82,Bueno,14.32,Bueno,interpolacion_delaunay,0,1275,46,383,92
2026-10-09T22:45:16.706436+00:00,1903900011953,19.33,Aceptable,20.13,Bueno,interpolacion_delaunay,0,4331,383,782,275
2026-10-09T22:45:16.706436+00:00,1903900011968,18.03,Aceptable,18.74,Bueno,interpolacion_delaunay,0,2452,198,521,139
2026-10-09T22:45:16.706436+00:00,1903900011972,16.74,Aceptable,17.28,Bueno,interpolacion_delaunay,0,2152,173,501,93
2026-10-09T22:45:16.706436+00:00,1903900011987,15.95,Aceptable,16.4,Bueno,interpolacion_delaunay,0,2330,153,564,186
2026-10-09T22:45:16.706436+00:00,1903900012010,17.2,Aceptable,18.1,Bueno,promedio_sensores,3,377,6,32,6
2026-10-09T22:45:16.706436+00:00,1903900012025,19.3,Aceptable,20.72,Bueno,interpolacion_delaunay,0,4868,169,1336,220
2026-10-09T22:45:16.706436+00:00,1903900012608,24.91,Aceptable,28.76,Bueno,interpolacion_delaunay,0,3563,325,452,140
2026-10-09T22:45:16.706436+00:00,1903900012260,14.56,Bueno,15.32,Bueno,interpolacion_delaunay,0,2549,128,738,140
2026-10-09T22:45:16.706436+00:00,1903900012523,26.08,Aceptable,30.47,Bueno,interpolacion_delaunay,0,5883,502,863,210
2026-10-09T22:45:16.706436+00:00,1903900012576,24.1,Aceptable,28.52,Bueno,interpolacion_delaunay,0,3643,363,363,152
2026-10-09T22:45:16.706436+00:00,1903900012612,26.18,Aceptable,30.23,Bueno,interpolacion_delaunay,0,3707,369,423,217
2026-10-09T22:45:16.706436+00:00,1903900013339,25.99,Aceptable,30.35,Bueno,interpolacion_delaunay,0,3291,330,562,149
2026-10-09T22:45:16.706436+00:00,1903900013432,26.0,Aceptable,28.97,Bueno,interpolacion_delaunay,0,3283,331,497,186
2026-10-09T22:45:16.706436+00:00,1903900013381,26.13,Aceptable,29.81,Bueno,interpolacion_delaunay,0,3469,305,681,259
2026-10-09T22:45:16.706436+00:00,1903900013324,26.01,Aceptable,30.6,Bueno,interpolacion_delaunay,0,2714,268,458,83
2026-10-09T22:45:16.706436+00:00,1903900014587,27.46,Aceptable,30.67,Bueno,interpolacion_delaunay,0,1315,68,368,60
2026-10-09T22:45:16.706436+00:00,1903900014604,6.32,Bueno,6.57,Bueno,interpolacion_delaunay,0,2075,111,610,109
2026-10-09T22:45:16.706436+00:00,1903900014661,23.83,Aceptable,25.87,Bueno,interpolacion_delaunay,0,2902,69,608,127
2026-10-09T22:45:16.706436+00:00,1903900014680,26.11,Aceptable,27.76,Bueno,interpolacion_delaunay,0,2293,96,745,94
2026-10-09T22:45:16.706436+00:00,1903900011239,27.5,Aceptable,30.06,Bueno,interpolacion_delaunay,0,3332,293,662,233
2026-10-09T22:45:16.706436+00:00,1903900011489,26.8,Aceptable,28.9,Bueno,promedio_sensores,1,1608,86,419,74
2026-10-09T22:45:16.706436+00:00,1903900010279,26.26,Aceptable,29.17,Bueno,interpolacion_delaunay,0,2220,107,580,282
2026-10-09T22:45:16.706436+00:00,1903900010531,25.98,Aceptable,28.0,Bueno,interpolacion_delaunay,0,5417,419,1156,491
2026-10-09T22:45:16.706436+00:00,1903900010635,25.88,Aceptable,27.56,Bueno,interpolacion_delaunay,0,2264,78,723,158
2026-10-09T22:45:16.706436+00:00,1903900011686,17.98,Aceptable,18.43,Bueno,interpolacion_delaunay,0,153,7,36,5
2026-10-09T22:45:16.706436+00:00,1903900011807,23.75,Aceptable,25.17,Bueno,interpolacion_delaunay,0,2430,99,765,107
2026-10-09T22:45:16.706436+00:00,1903900011830,23.2,Aceptable,24.9,Bueno,promedio_sensores,1,898,35,265,16
2026-10-09T22:45:16.706436+00:00,1903900012097,15.6,Aceptable,16.7,Bueno,promedio_sensores,1,4087,88,440,163
2026-10-09T22:45:16.706436+00:00,1903900012256,15.55,Aceptable,16.26,Bueno,interpolacion_delaunay,0,4590,303,1006,320
2026-10-09T22:45:16.706436+00:00,1903900012307,14.53,Bueno,15.27,Bueno,promedio_sensores,3,2986,141,683,94
2026-10-09T22:45:16.706436+00:00,1903900012453,18.62,Aceptable,19.34,Bueno,interpolacion_delaunay,0,2219,109,403,76
2026-10-09T22:45:16.706436+00:00,1903900012716,24.69,Aceptable,26.71,Bueno,interpolacion_delaunay,0,78,3,14,8
2026-10-09T22:45:16.706436+00:00,1903900012735,24.4,Aceptable,26.18,Bueno,interpolacion_delaunay,0,0,0,0,0
2026-10-09T22:45:16.706436+00:00,1903900012769,22.11,Aceptable,25.85,Bueno,interpolacion_delaunay,0,279,15,54,0
2026-10-09T22:45:16.706436+00:00,1903900012773,17.68,Aceptable,18.51,Bueno,interpolacion_delaunay,0,0,0,0,0
2026-10-09T22:45:16.706436+00:00,1903900014040,25.9,Aceptable,29.51,Bueno,interpolacion_delaunay,0,3042,337,450,116
2026-10-09T22:45:16.706436+00:00,1903900014178,15.09,Aceptable,15.7,Bueno,interpolacion_delaunay,0,4610,493,538,196
2026-10-09T22:45:16.706436+00:00,1903900010156,26.31,Aceptable,29.47,Bueno,interpolacion_delaunay,0,2930,146,830,151
2026-10-09T22:45:16.706436+00:00,1903900010264,26.48,Aceptable,29.15,Bueno,interpolacion_delaunay,0,4282,326,814,272
2026-10-09T22:45:16.706436+00:00,1903900010283,26.24,Aceptable,28.99,Bueno,interpolacion_delaunay,0,2911,218,619,83
2026-10-09T22:45:16.706436+00:00,1903900010315,25.87,Aceptable,28.41,Bueno,interpolacion_delaunay,0,3515,316,654,216
2026-10-09T22:45:16.706436+00:00,190390001032A,25.75,Aceptable,28.48,Bueno,interpolacion_delaunay,0,4173,426,573,279
2026-10-09T22:45:16.706436+00:00,1903900010349,25.66,Aceptable,27.9,Bueno,interpolacion_delaunay,0,2637,166,677,132
2026-10-09T22:45:16.706436+00:00,1903900010391,26.28,Aceptable,28.68,Bueno,interpolacion_delaunay,0,3850,295,727,205
2026-10-09T22:45:16.706436+00:00,1903900010438,25.86,Aceptable,27.97,Bueno,interpolacion_delaunay,0,3338,313,521,73
2026-10-09T22:45:16.706436+00:00,1903900010442,25.64,Aceptable,27.73,Bueno,interpolacion_delaunay,0,2676,239,533,136
2026-10-09T22:45:16.706436+00:00,1903900010457,25.87,Aceptable,27.82,Bueno,interpolacion_delaunay,0,3408,175,1149,225
2026-10-09T22:45:16.706436+00:00,1903900010480,26.48,Aceptable,28.46,Bueno,interpolacion_delaunay,0,1388,64,440,114
2026-10-09T22:45:16.706436+00:00,1903900010512,26.11,Aceptable,27.98,Bueno,interpolacion_delaunay,0,2980,202,741,168
2026-10-09T22:45:16.706436+00:00,1903900010546,25.91,Aceptable,27.79,Bueno,interpolacion_delaunay,0,2660,141,683,117
2026-10-09T22:45:16.706436+00:00,1903900010550,25.79,Aceptable,27.73,Bueno,interpolacion_delaunay,0,2279,182,478,160
2026-10-09T22:45:16.706436+00:00,1903900010565,25.69,Aceptable,27.7,Bueno,interpolacion_delaunay,0,2608,254,432,94
2026-10-09T22:45:16.706436+00:00,190390001057A,25.51,Aceptable,27.39,Bueno,interpolacion_delaunay,0,1514,131,335,33
2026-10-09T22:45:16.706436+00:00,1903900010599,17.78,Aceptable,19.02,Bueno,interpolacion_delaunay,0,2808,125,1047,137
2026-10-09T22:45:16.706436+00:00,1903900010601,25.89,Aceptable,27.63,Bueno,interpolacion_delaunay,0,5314,412,1126,426
2026-10-09T22:45:16.706436+00:00,1903900010620,25.95,Aceptable,27.56,Bueno,interpolacion_delaunay,0,2515,85,744,131
2026-10-09T22:45:16.706436+00:00,190390001064A,25.77,Aceptable,27.49,Bueno,interpolacion_delaunay,0,2719,125,702,154
2026-10-09T22:45:16.706436+00:00,1903900010654,25.67,Aceptable,27.48,Bueno,interpolacion_delaunay,0,2609,119,783,144
2026-10-09T22:45:16.706436+00:00,1903900010705,20.86,Aceptable,21.54,Bueno,interpolacion_delaunay,0,1996,93,661,76
2026-10-09T22:45:16.706436+00:00,1903900010739,25.67,Aceptable,27.21,Bueno,interpolacion_delaunay,0,1701,60,561,127
2026-10-09T22:45:16.706436+00:00,1903900010743,25.57,Aceptable,27.14,Bueno,interpolacion_delaunay,0,1991,112,552,108
2026-10-09T22:45:16.706436+00:00,1903900010758,25.49,Aceptable,27.08,Bueno,interpolacion_delaunay,0,1207,67,324,54
2026-10-09T22:45:16.706436+00:00,1903900010796,27.33,Aceptable,29.96,Bueno,interpolacion_delaunay,0,0,0,0,0
2026-10-09T22:45:16.706436+00:00,1903900010828,27.59,Aceptable,30.52,Bueno,interpolacion_delaunay,0,1085,46,363,57
2026-10-09T22:45:16.706436+00:00,1903900010866,22.58,Aceptable,23.68,Bueno,interpolacion_delaunay,0,1678,49,570,85
2026-10-09T22:45:16.706436+00:00,1903900010870,23.69,Aceptable,25.29,Bueno,interpolacion_delaunay,0,3879,268,842,254
2026-10-09T22:45:16.706436+00:00,1903900010885,23.67,Aceptable,25.19,Bueno,interpolacion_delaunay,0,1668,63,493,70
2026-10-09T22:45:16.706436+00:00,1903900010940,25.78,Aceptable,27.58,Bueno,interpolacion_delaunay,0,3419,259,605,213
2026-10-09T22:45:16.706436+00:00,1903900011046,28.29,Aceptable,31.68,Bueno,interpolacion_delaunay,0,1800,151,355,99
2026-10-09T22:45:16.706436+00:00,1903900011135,24.37,Aceptable,25.55,Bueno,interpolacion_delaunay,0,1752,62,519,67
2026-10-09T22:45:16.706436+00:00,190390001114A,22.6,Aceptable,24.2,Bueno,promedio_sensores,1,1380,53,428,34
2026-10-09T22:45:16.706436+00:00,1903900011154,22.95,Aceptable,23.94,Bueno,interpolacion_delaunay,0,1623,62,444,64
2026-10-09T22:45:16.706436+00:00,1903900011169,23.6,Aceptable,24.3,Bueno,promedio_sensores,2,2880,73,732,160
2026-10-09T22:45:16.706436+00:00,1903900011192,24.64,Aceptable,26.41,Bueno,interpolacion_delaunay,0,2657,175,674,141
2026-10-09T22:45:16.706436+00:00,1903900011205,25.7,Aceptable,27.55,Bueno,interpolacion_delaunay,0,122,13,22,0
2026-10-09T22:45:16.706436+00:00,1903900011243,16.44,Aceptable,17.97,Bueno,interpolacion_delaunay,0,475,45,76,44
2026-10-09T22:45:16.706436+00:00,1903900011258,20.04,Aceptable,22.07,Bueno,interpolacion_delaunay,0,1048,106,166,35
2026-10-09T22:45:16.706436+00:00,1903900011262,28.24,Aceptable,31.12,Bueno,interpolacion_delaunay,0,1756,114,447,140
2026-10-09T22:45:16.706436+00:00,1903900011277,25.06,Aceptable,27.84,Bueno,interpolacion_delaunay,0,2024,136,529,164
2026-10-09T22:45:16.706436+00:00,1903900011309,30.4,Aceptable,34.1,Bueno,promedio_sensores,1,1761,123,433,90
2026-10-09T22:45:16.706436+00:00,1903900011351,25.76,Aceptable,29.39,Bueno,interpolacion_delaunay,0,2734,167,651,175
2026-10-09T22:45:16.706436+00:00,1903900011366,25.59,Aceptable,29.21,Bueno,interpolacion_delaunay,0,0,0,0,0
2026-10-09T22:45:16.706436+00:00,1903900011421,26.8,Aceptable,27.9,Bueno,promedio_sensores,1,3327,204,738,54
2026-10-09T22:45:16.706436+00:00,1903900011436,25.23,Aceptable,26.47,Bueno,interpolacion_delaunay,0,1869,83,431,69
2026-10-09T22:45:16.706436+00:00,1903900011440,25.4,Aceptable,26.47,Bueno,interpolacion_delaunay,0,1644,76,453,82
2026-10-09T22:45:16.706436+00:00,1903900011455,25.96,Aceptable,28.58,Bueno,interpolacion_delaunay,0,1330,38,379,65
2026-10-09T22:45:16.706436+00:00,1903900011578,22.75,Aceptable,23.96,Bueno,interpolacion_delaunay,0,1668,78,469,55
2026-10-09T22:45:16.706436+00:00,1903900011582,26.0,Aceptable,27.9,Bueno,promedio_sensores,1,1943,98,485,98
2026-10-09T22:45:16.706436+00:00,190390001160A,24.1,Aceptable,25.61,Bueno,interpolacion_delaunay,0,1878,106,479,110
2026-10-09T22:45:16.706436+00:00,1903900011614,23.93,Aceptable,25.3,Bueno,interpolacion_delaunay,0,2516,127,727,95
2026-10-09T22:45:16.706436+00:00,1903900011633,24.15,Aceptable,27.99,Bueno,interpolacion_delaunay,0,810,34,225,59
2026-10-09T22:45:16.706436+00:00,1903900011703,18.94,Aceptable,19.56,Bueno,interpolacion_delaunay,0,3184,63,372,52
2026-10-09T22:45:16.706436+00:00,1903900011722,20.37,Aceptable,21.69,Bueno,interpolacion_delaunay,0,511,20,136,16
2026-10-09T22:45:16.706436+00:00,1903900011737,15.95,Aceptable,16.67,Bueno,interpolacion_delaunay,0,377,25,76,21
2026-10-09T22:45:16.706436+00:00,1903900011741,17.85,Aceptable,18.21,Bueno,interpolacion_delaunay,0,179,8,28,10
2026-10-09T22:45:16.706436+00:00,1903900011756,16.87,Aceptable,17.12,Bueno,interpolacion_delaunay,0,191,3,61,18
2026-10-09T22:45:16.706436+00:00,1903900011794,23.91,Aceptable,25.56,Bueno,interpolacion_delaunay,0,2555,160,623,167
2026-10-09T22:45:16.706436+00:00,1903900011845,6.3,Bueno,6.6,Bueno,promedio_sensores,1,2750,133,527,66
2026-10-09T22:45:16.706436+00:00,190390001185A,17.46,Aceptable,18.23,Bueno,interpolacion_delaunay,0,2718,189,497,75
2026-10-09T22:45:16.706436+00:00,1903900011879,19.29,Aceptable,20.01,Bueno,interpolacion_delaunay,0,2302,190,467,160
2026-10-09T22:45:16.706436+00:00,1903900011883,18.3,Aceptable,18.92,Bueno,interpolacion_delaunay,0,2653,217,567,162
2026-10-09T22:45:16.706436+00:00,1903900011898,17.38,Aceptable,17.98,Bueno,interpolacion_delaunay,0,2466,163,572,128
2026-10-09T22:45:16.706436+00:00,1903900011900,16.49,Aceptable,16.87,Bueno,interpolacion_delaunay,0,1274,99,333,108
2026-10-09T22:45:16.706436+00:00,1903900012167,15.15,Aceptable,16.18,Bueno,interpolacion_delaunay,0,2883,124,813,123
2026-10-09T22:45:16.706436+00:00,1903900012190,13.69,Bueno,14.75,Bueno,interpolacion_delaunay,0,1182,41,455,89
2026-10-09T22:45:16.706436+00:00,1903900012218,12.95,Bueno,13.96,Bueno,interpolacion_delaunay,0,1788,87,512,71
2026-10-09T22:45:16.706436+00:00,1903900012241,13.7,Bueno,14.75,Bueno,interpolacion_delaunay,0,1136,46,404,79
2026-10-09T22:45:16.706436+00:00,1903900012275,14.34,Bueno,15.14,Bueno,interpolacion_delaunay,0,3740,200,896,144
2026-10-09T22:45:16.706436+00:00,1903900012472,16.8,Aceptable,17.8,Bueno,promedio_sensores,1,4662,342,773,243
2026-10-09T22:45:16.706436+00:00,190390001267A,17.55,Aceptable,19.34,Bueno,interpolacion_delaunay,0,3909,249,1025,191
2026-10-09T22:45:16.706436+00:00,1903900012684,14.9,Bueno,16.49,Bueno,interpolacion_delaunay,0,2186,73,687,43
2026-10-09T22:45:16.706436+00:00,1903900012720,24.0,Aceptable,25.0,Bueno,promedio_sensores,1,970,52,170,37
2026-10-09T22:45:16.706436+00:00,190390001274A,21.94,Aceptable,22.82,Bueno,interpolacion_delaunay,0,10,0,0,0
2026-10-09T22:45:16.706436+00:00,1903900012754,23.86,Aceptable,25.16,Bueno,interpolacion_delaunay,0,3205,214,714,184
2026-10-09T22:45:16.706436+00:00,1903900012788,17.01,Aceptable,17.33,Bueno,interpolacion_delaunay,0,0,0,0,0
2026-10-09T22:45:16.706436+00:00,190390001281A,9.2,Bueno,9.7,Bueno,promedio_sensores,1,327,0,0,0
2026-10-09T22:45:16.706436+00:00,1903900012877,3.53,Bueno,3.7,Bueno,interpolacion_delaunay,0,0,0,0,0
2026-10-09T22:45:16.706436+00:00,1903900013451,25.93,Aceptable,28.59,Bueno,interpolacion_delaunay,0,4308,421,672,304
2026-10-09T22:45:16.706436+00:00,1903900013555,17.62,Aceptable,19.92,Bueno,interpolacion_delaunay,0,4663,290,902,166
2026-10-09T22:45:16.706436+00:00,1903900013593,21.16,Aceptable,22.55,Bueno,interpolacion_delaunay,0,2322,237,355,231
2026-10-09T22:45:16.706436+00:00,1903900013606,23.34,Aceptable,24.89,Bueno,interpolacion_delaunay,0,2907,266,482,206
2026-10-09T22:45:16.706436+00:00,1903900013610,16.61,Aceptable,17.87,Bueno,interpolacion_delaunay,0,2513,260,368,178
2026-10-09T22:45:16.706436+00:00,1903900013659,16.31,Aceptable,17.17,Bueno,interpolacion_delaunay,0,1885,176,371,95
2026-10-09T22:45:16.706436+00:00,190390001406A,25.84,Aceptable,28.83,Bueno,interpolacion_delaunay,0,4196,447,516,257
2026-10-09T22:45:16.706436+00:00,1903900014093,26.39,Aceptable,29.04,Bueno,interpolacion_delaunay,0,3096,303,444,145
2026-10-09T22:45:16.706436+00:00,1903900014144,20.13,Aceptable,24.77,Bueno,interpolacion_delaunay,0,883,38,360,125
2026-10-09T22:45:16.706436+00:00,1903900014159,1.6,Bueno,2.3,Bueno,promedio_sensores,1,620,20,142,55
2026-10-09T22:45:16.706436+00:00,1903900014500,26.36,Aceptable,28.85,Bueno,interpolacion_delaunay,0,3056,353,283,111
2026-10-09T22:45:16.706436+00:00,1903900014515,26.44,Aceptable,28.61,Bueno,interpolacion_delaunay,0,3391,252,688,180
2026-10-09T22:45:16.706436+00:00,1903900014549,26.09,Aceptable,28.28,Bueno,interpolacion_delaunay,0,4319,365,785,218
2026-10-09T22:45:16.706436+00:00,1903900014553,25.98,Aceptable,28.23,Bueno,interpolacion_delaunay,0,3885,315,748,307
2026-10-09T22:45:16.706436+00:00,1903900014619,2.32,Bueno,2.44,Bueno,interpolacion_delaunay,0,2679,137,355,34
2026-10-09T22:45:16.706436+00:00,1903900014623,20.5,Aceptable,21.4,Bueno,promedio_sensores,1,1853,99,476,133
2026-10-09T22:45:16.706436+00:00,1903900014731,23.44,Aceptable,24.49,Bueno,interpolacion_delaunay,0,2772,164,687,112
2026-10-09T22:45:16.706436+00:00,1903900014905,22.99,Aceptable,23.6,Bueno,interpolacion_delaunay,0,2280,182,284,44
2026-10-09T22:45:16.706436+00:00,190390001491A,14.06,Bueno,14.52,Bueno,interpolacion_delaunay,0,897,47,73,0
2026-10-09T22:45:16.706436+00:00,1903900014924,27.1,Aceptable,27.5,Bueno,promedio_sensores,1,2425,136,485,38
2026-10-09T22:45:16.706436+00:00,1903900014939,25.76,Aceptable,26.59,Bueno,interpolacion_delaunay,0,1974,92,485,50
2026-10-09T22:45:16.706436+00:00,1903900015142,11.05,Bueno,11.3,Bueno,interpolacion_delaunay,0,2839,330,193,45
2026-10-09T22:45:16.706436+00:00,1903900011385,25.44,Aceptable,28.31,Bueno,interpolacion_delaunay,0,1585,87,442,107
2026-10-09T22:45:16.706436+00:00,1903900012805,13.98,Bueno,14.71,Bueno,interpolacion_delaunay,0,3258,186,362,30
2026-10-09T22:45:16.706436+00:00,1903900011826,17.3,Aceptable,17.99,Bueno,interpolacion_delaunay,0,1966,181,300,39
2026-10-09T22:45:16.706436+00:00,1903900012468,11.38,Bueno,11.9,Bueno,interpolacion_delaunay,0,3979,370,451,75
2026-10-09T22:45:16.706436+00:00,1903900012133,15.88,Aceptable,16.6,Bueno,interpolacion_delaunay,0,3643,409,514,130
2026-10-09T22:45:16.706436+00:00,1903900014182,15.78,Aceptable,16.62,Bueno,interpolacion_delaunay,0,2164,180,491,80
2026-10-09T22:45:16.706436+00:00,1903900012152,15.81,Aceptable,16.83,Bueno,interpolacion_delaunay,0,2360,140,519,93
2026-10-09T22:45:16.706436+00:00,1903900012082,15.61,Aceptable,16.54,Bueno,interpolacion_delaunay,0,2402,95,700,143
2026-10-09T22:45:16.706436+00:00,1903900013663,15.74,Aceptable,16.68,Bueno,interpolacion_delaunay,0,4832,422,675,278
2026-10-09T22:45:16.706436+00:00,1903900013714,10.14,Bueno,10.3,Bueno,interpolacion_delaunay,0,4743,468,751,239
2026-10-09T22:45:16.706436+00:00,1903900012858,10.19,Bueno,10.61,Bueno,interpolacion_delaunay,0,0,0,0,0
2026-10-09T22:45:16.706436+00:00,1903900012839,7.82,Bueno,8.21,Bueno,interpolacion_delaunay,0,426,30,39,0
2026-10-09T22:45:16.706436+00:00,1903900012843,15.6,Aceptable,16.2,Bueno,promedio_sensores,1,3288,154,618,59
2026-10-09T22:45:16.706436+00:00,1903900012862,5.53,Bueno,5.82,Bueno,interpolacion_delaunay,0,0,0,0,0
2026-10-09T22:45:16.706436+00:00,1903900013733,7.42,Bueno,7.53,Bueno,interpolacion_delaunay,0,1895,90,465,59
2026-10-09T22:45:16.706436+00:00,1903900012294,13.92,Bueno,14.52,Bueno,interpolacion_delaunay,0,3104,120,1010,138
2026-10-09T22:45:16.706436+00:00,190390001228A,15.34,Aceptable,15.98,Bueno,interpolacion_delaunay,0,2430,94,799,56
2026-10-09T22:45:16.706436+00:00,1903900010423,25.83,Aceptable,28.15,Bueno,interpolacion_delaunay,0,3542,305,682,134
2026-10-09T22:45:16.706436+00:00,1903900010334,25.72,Aceptable,28.22,Bueno,interpolacion_delaunay,0,878,76,200,70
2026-10-09T22:45:16.706436+00:00,1903900010071,26.34,Aceptable,29.82,Bueno,interpolacion_delaunay,0,2520,129,682,146
2026-10-09T22:45:16.706436+00:00,1903900014869,2.82,Bueno,3.06,Bueno,interpolacion_delaunay,0,4404,353,307,53
2026-10-09T22:45:16.706436+00:00,1903900013748,6.58,Bueno,6.82,Bueno,interpolacion_delaunay,0,3552,225,627,97
2026-10-09T22:45:16.706436+00:00,1903900011050,26.07,Aceptable,29.23,Bueno,interpolacion_delaunay,0,1589,135,342,104
2026-10-09T22:45:16.706436+00:00,1903900011116,24.53,Aceptable,27.74,Bueno,interpolacion_delaunay,0,0,0,0,0
2026-10-09T22:45:16.706436+00:00,1903900010809,27.7,Aceptable,30.54,Bueno,interpolacion_delaunay,0,59,3,14,3
2026-10-09T22:45:16.706436+00:00,1903900010989,28.41,Aceptable,31.36,Bueno,interpolacion_delaunay,0,6061,564,591,133
2026-10-09T22:45:16.706436+00:00,1903900010851,25.39,Aceptable,28.42,Bueno,interpolacion_delaunay,0,1601,105,413,68
2026-10-09T22:45:16.706436+00:00,1903900013413,21.06,Aceptable,24.33,Bueno,interpolacion_delaunay,0,7251,522,1316,316
2026-10-09T22:45:16.706436+00:00,1903900010033,21.97,Aceptable,25.98,Bueno,interpolacion_delaunay,0,3321,285,588,124
2026-10-09T22:45:16.706436+00:00,1903900010137,18.83,Aceptable,21.9,Bueno,interpolacion_delaunay,0,4478,279,1202,320
2026-10-09T22:45:16.706436+00:00,1903900010141,25.66,Aceptable,28.59,Bueno,interpolacion_delaunay,0,4273,225,965,185
2026-10-09T22:45:16.706436+00:00,1903900010762,25.97,Aceptable,27.9,Bueno,interpolacion_delaunay,0,1600,114,337,68
2026-10-09T22:45:16.706436+00:00,1903900014106,26.52,Aceptable,28.94,Bueno,interpolacion_delaunay,0,4189,248,1019,177
2026-10-09T22:45:16.706436+00:00,1903900014110,26.63,Aceptable,28.64,Bueno,interpolacion_delaunay,0,2699,161,643,225
2026-10-09T22:45:16.706436+00:00,1903900010921,25.64,Aceptable,27.33,Bueno,interpolacion_delaunay,0,2388,213,393,106
2026-10-09T22:45:16.706436+00:00,1903900010669,25.34,Aceptable,26.98,Bueno,interpolacion_delaunay,0,2152,159,463,119
2026-10-09T22:45:16.706436+00:00,1903900010067,26.33,Aceptable,30.0,Bueno,interpolacion_delaunay,0,2799,155,819,158
2026-10-09T22:45:16.706436+00:00,1903900010688,26.31,Aceptable,28.55,Bueno,interpolacion_delaunay,0,2838,195,394,149
2026-10-09T22:45:16.706436+00:00,1903900010584,25.61,Aceptable,27.66,Bueno,interpolacion_delaunay,0,3226,273,587,141
2026-10-09T22:45:16.706436+00:00,1903900011417,26.68,Aceptable,27.48,Bueno,interpolacion_delaunay,0,3077,152,970,79
2026-10-09T22:45:16.706436+00:00,1903900013837,25.28,Aceptable,26.04,Bueno,interpolacion_delaunay,0,3561,193,908,77
2026-10-09T22:45:16.706436+00:00,1903900013930,25.8,Aceptable,29.45,Bueno,interpolacion_delaunay,0,1431,202,111,73
2026-10-09T22:45:16.706436+00:00,1903900014055,25.85,Aceptable,29.11,Bueno,interpolacion_delaunay,0,4222,525,372,136
2026-10-09T22:45:16.706436+00:00,190390001420A,16.17,Aceptable,17.1,Bueno,interpolacion_delaunay,0,3029,320,382,97
2026-10-09T22:45:16.706436+00:00,1903900014197,15.99,Aceptable,16.9,Bueno,interpolacion_delaunay,0,2456,248,321,138
2026-10-09T22:45:16.706436+00:00,1903900010974,27.56,Aceptable,30.13,Bueno,interpolacion_delaunay,0,781,39,192,50
2026-10-09T22:45:16.706436+00:00,1903900011084,24.73,Aceptable,27.92,Bueno,interpolacion_delaunay,0,1782,162,338,82
2026-10-09T22:45:16.706436+00:00,1903900010847,27.2,Aceptable,30.16,Bueno,interpolacion_delaunay,0,1023,82,199,53
2026-10-09T22:45:16.706436+00:00,1903900010993,28.95,Aceptable,32.24,Bueno,interpolacion_delaunay,0,1086,95,211,53
2026-10-09T22:45:16.706436+00:00,1903900010372,26.5,Aceptable,28.75,Bueno,interpolacion_delaunay,0,2524,139,785,102
2026-10-09T22:45:16.706436+00:00,1903900011031,27.29,Aceptable,30.47,Bueno,interpolacion_delaunay,0,1190,84,257,58
2026-10-09T22:45:16.706436+00:00,1903900010902,24.41,Aceptable,25.78,Bueno,interpolacion_delaunay,0,3066,119,898,183
2026-10-09T22:45:16.706436+00:00,1903900010777,26.52,Aceptable,28.71,Bueno,interpolacion_delaunay,0,1329,106,264,76
2026-10-09T22:45:16.706436+00:00,1903900010781,26.98,Aceptable,29.38,Bueno,interpolacion_delaunay,0,242,8,54,15
2026-10-09T22:45:16.706436+00:00,1903900014572,29.82,Aceptable,33.29,Bueno,interpolacion_delaunay,0,1442,81,389,93
2026-10-09T22:45:16.706436+00:00,1903900014676,26.29,Aceptable,28.04,Bueno,interpolacion_delaunay,0,2120,102,506,104
2026-10-09T22:45:16.706436+00:00,190390001025A,26.52,Aceptable,29.3,Bueno,interpolacion_delaunay,0,3942,258,986,278
2026-10-09T22:45:16.706436+00:00,1903900010495,26.3,Aceptable,28.16,Bueno,interpolacion_delaunay,0,1812,109,420,98
2026-10-09T22:45:16.706436+00:00,1903900010917,25.1,Aceptable,26.5,Bueno,promedio_sensores,1,2843,155,698,133
2026-10-09T22:45:16.706436+00:00,1903900010955,26.56,Aceptable,28.69,Bueno,interpolacion_delaunay,0,288,25,64,22
2026-10-09T22:45:16.706436+00:00,1903900013697,12.47,Bueno,12.69,Bueno,interpolacion_delaunay,0,1977,183,341,77
2026-10-09T22:45:16.706436+00:00,1903900013860,25.9,Aceptable,29.23,Bueno,interpolacion_delaunay,0,3174,344,383,184
2026-10-09T22:45:16.706436+00:00,1903900015439,17.96,Aceptable,18.55,Bueno,interpolacion_delaunay,0,627,97,12,5
2026-10-09T22:45:16.706436+00:00,1903900011027,29.12,Aceptable,32.52,Bueno,interpolacion_delaunay,0,509,36,115,25
2026-10-09T22:45:16.706436+00:00,1903900013998,25.67,Aceptable,30.22,Bueno,interpolacion_delaunay,0,5766,706,558,248
2026-10-09T22:45:16.706436+00:00,190390001477A,24.48,Aceptable,24.98,Bueno,interpolacion_delaunay,0,550,33,68,4
2026-10-09T22:45:16.706436+00:00,1903900014002,25.89,Aceptable,30.27,Bueno,interpolacion_delaunay,0,5494,669,668,240
2026-10-09T22:45:16.706436+00:00,1903900014873,0.98,Bueno,1.05,Bueno,interpolacion_delaunay,0,2383,154,261,52
2026-10-09T22:45:16.706436+00:00,1903900011008,29.38,Aceptable,32.69,Bueno,interpolacion_delaunay,0,1877,145,377,135
2026-10-09T22:45:16.706436+00:00,1903900011313,29.33,Aceptable,32.92,Bueno,interpolacion_delaunay,0,5055,336,882,185
2026-10-09T22:45:16.706436+00:00,190390001139A,24.87,Aceptable,28.26,Bueno,interpolacion_delaunay,0,1079,59,290,49
2026-10-09T22:45:16.706436+00:00,1903900011402,25.17,Aceptable,28.63,Bueno,interpolacion_delaunay,0,681,31,196,23
2026-10-09T22:45:16.706436+00:00,1903900012519,25.53,Aceptable,30.16,Bueno,interpolacion_delaunay,0,5642,661,498,241
2026-10-09T22:45:16.706436+00:00,1903900013822,23.95,Aceptable,24.47,Bueno,interpolacion_delaunay,0,6050,361,890,140
2026-10-09T22:45:16.706436+00:00,1903900013964,20.03,Aceptable,20.49,Bueno,interpolacion_delaunay,0,728,55,70,19
2026-10-09T22:45:16.706436+00:00,1903900014125,26.55,Aceptable,28.36,Bueno,interpolacion_delaunay,0,1881,174,361,63
2026-10-09T22:45:16.706436+00:00,190390001452A,24.57,Aceptable,27.3,Bueno,interpolacion_delaunay,0,2471,240,363,186
2026-10-09T22:45:16.706436+00:00,190390001413A,26.49,Aceptable,28.25,Bueno,interpolacion_delaunay,0,2082,180,339,126
2026-10-09T22:45:16.706436+00:00,1903900010461,26.8,Aceptable,28.6,Bueno,promedio_sensores,1,3422,173,1112,139
2026-10-09T22:45:16.706436+00:00,1903900014534,25.14,Aceptable,27.61,Bueno,interpolacion_delaunay,0,1267,111,229,29
2026-10-09T22:45:16.706436+00:00,1903900013767,5.64,Bueno,5.88,Bueno,interpolacion_delaunay,0,2308,117,605,127
2026-10-09T22:45:16.706436+00:00,1903900012345,4.29,Bueno,4.34,Bueno,interpolacion_delaunay,0,2632,98,737,80
2026-10-09T22:45:16.706436+00:00,1903900012364,0.0,Bueno,0.0,Bueno,promedio_sensores,1,2327,116,787,61
2026-10-09T22:45:16.706436+00:00,1903900011629,30.2,Aceptable,37.5,Bueno,promedio_sensores,1,2881,196,402,58
2026-10-09T22:45:16.706436+00:00,1903900013396,26.01,Aceptable,29.71,Bueno,interpolacion_delaunay,0,4014,389,664,275
2026-10-09T22:45:16.706436+00:00,1903900010245,20.71,Aceptable,22.96,Bueno,interpolacion_delaunay,0,2709,131,764,208
2026-10-09T22:45:16.706436+00:00,1903900015284,16.29,Aceptable,16.78,Bueno,interpolacion_delaunay,0,513,29,60,13
2026-10-09T22:45:16.706436+00:00,1903900010118,26.07,Aceptable,29.58,Bueno,interpolacion_delaunay,0,4580,383,955,302
2026-10-09T22:45:16.706436+00:00,1903900010052,26.04,Aceptable,29.95,Bueno,interpolacion_delaunay,0,3869,304,717,323
2026-10-09T22:45:16.706436+00:00,1903900015123,25.9,Aceptable,30.04,Bueno,interpolacion_delaunay,0,68,3,4,3
2026-10-09T22:45:16.706436+00:00,1903900014036,25.91,Aceptable,29.77,Bueno,interpolacion_delaunay,0,4679,569,514,263
2026-10-09T22:45:16.706436+00:00,1903900010508,26.32,Aceptable,28.3,Bueno,interpolacion_delaunay,0,3451,202,579,150
2026-10-09T22:45:16.706436+00:00,1903900010527,26.17,Aceptable,28.14,Bueno,interpolacion_delaunay,0,1779,95,454,127
2026-10-09T22:45:16.706436+00:00,1903900013729,9.52,Bueno,9.88,Bueno,interpolacion_delaunay,0,3410,392,357,136
2026-10-09T22:45:16.706436+00:00,190390001370A,11.69,Bueno,12.04,Bueno,interpolacion_delaunay,0,4006,357,563,228
2026-10-09T22:45:16.706436+00:00,1904600010362,23.24,Aceptable,26.15,Bueno,interpolacion_delaunay,0,5505,271,1291,301
2026-10-09T22:45:16.706436+00:00,1904600011483,17.37,Aceptable,18.27,Bueno,interpolacion_delaunay,0,2026,111,597,94
2026-10-09T22:45:16.706436+00:00,1904600011638,21.77,Aceptable,24.45,Bueno,interpolacion_delaunay,0,4053,248,498,114
2026-10-09T22:45:16.706436+00:00,1904600010998,18.56,Aceptable,20.31,Bueno,interpolacion_delaunay,0,5855,449,1099,257
2026-10-09T22:45:16.706436+00:00,1904600011676,26.34,Aceptable,29.05,Bueno,interpolacion_delaunay,0,362,30,69,27
2026-10-09T22:45:16.706436+00:00,1904600010216,25.6,Aceptable,27.8,Bueno,promedio_sensores,1,2042,50,546,50
2026-10-09T22:45:16.706436+00:00,1904600010536,16.82,Aceptable,18.42,Bueno,interpolacion_delaunay,0,4997,504,603,104
2026-10-09T22:45:16.706436+00:00,1904600011708,20.17,Aceptable,22.77,Bueno,interpolacion_delaunay,0,1763,89,284,44
2026-10-09T22:45:16.706436+00:00,190460001070A,19.23,Aceptable,21.64,Bueno,interpolacion_delaunay,0,1273,69,137,48
2026-10-09T22:45:16.706436+00:00,1904600011375,21.36,Aceptable,24.04,Bueno,interpolacion_delaunay,0,5964,475,946,326
2026-10-09T22:45:16.706436+00:00,1904600011286,23.11,Aceptable,26.06,Bueno,interpolacion_delaunay,0,2603,117,839,196
2026-10-09T22:45:16.706436+00:00,1904600011623,21.03,Aceptable,23.54,Bueno,interpolacion_delaunay,0,4225,248,423,136
2026-10-09T22:45:16.706436+00:00,1904600010786,20.44,Aceptable,22.96,Bueno,interpolacion_delaunay,0,4690,309,1009,269
2026-10-09T22:45:16.706436+00:00,190460001024A,23.97,Aceptable,26.18,Bueno,interpolacion_delaunay,0,2748,75,850,176
2026-10-09T22:45:16.706436+00:00,1904600010875,17.08,Aceptable,18.24,Bueno,interpolacion_delaunay,0,3785,202,993,129
2026-10-09T22:45:16.706436+00:00,1904600010324,23.46,Aceptable,26.2,Bueno,interpolacion_delaunay,0,2214,97,651,92
2026-10-09T22:45:16.706436+00:00,1904600011233,22.29,Aceptable,24.74,Bueno,interpolacion_delaunay,0,3010,241,577,204
2026-10-09T22:45:16.706436+00:00,1904600010131,22.51,Aceptable,24.15,Bueno,interpolacion_delaunay,0,4113,160,1393,177
2026-10-09T22:45:16.706436+00:00,1904600010184,23.28,Aceptable,25.11,Bueno,interpolacion_delaunay,0,3438,93,1132,126
2026-10-09T22:45:16.706436+00:00,1904600010235,24.15,Aceptable,26.29,Bueno,interpolacion_delaunay,0,2765,104,711,111
2026-10-09T22:45:16.706436+00:00,1904600010466,23.04,Aceptable,24.66,Bueno,interpolacion_delaunay,0,2212,113,500,58
2026-10-09T22:45:16.706436+00:00,190460001049A,24.18,Aceptable,26.07,Bueno,interpolacion_delaunay,0,2827,123,674,44
2026-10-09T22:45:16.706436+00:00,1904600011407,16.35,Aceptable,17.77,Bueno,interpolacion_delaunay,0,3464,317,610,173
2026-10-09T22:45:16.706436+00:00,1904600011642,22.35,Aceptable,24.14,Bueno,interpolacion_delaunay,0,2601,116,623,113
2026-10-09T22:45:16.706436+00:00,1904600011731,16.34,Aceptable,17.38,Bueno,interpolacion_delaunay,0,3017,207,561,120
2026-10-09T22:45:16.706436+00:00,1904600010108,20.44,Aceptable,21.87,Bueno,interpolacion_delaunay,0,2483,125,582,112
2026-10-09T22:45:16.706436+00:00,1904600010127,18.38,Aceptable,19.82,Bueno,interpolacion_delaunay,0,4270,186,1281,297
2026-10-09T22:45:16.706436+00:00,1904600010292,25.89,Aceptable,28.42,Bueno,interpolacion_delaunay,0,0,0,0,0
2026-10-09T22:45:16.706436+00:00,1904600010714,21.68,Aceptable,24.08,Bueno,interpolacion_delaunay,0,3666,266,947,309
2026-10-09T22:45:16.706436+00:00,1904600010860,15.95,Aceptable,17.11,Bueno,interpolacion_delaunay,0,3290,227,721,158
2026-10-09T22:45:16.706436+00:00,1904600011002,18.03,Aceptable,19.83,Bueno,interpolacion_delaunay,0,3262,289,695,194
2026-10-09T22:45:16.706436+00:00,190460001120A,22.08,Aceptable,24.4,Bueno,interpolacion_delaunay,0,3141,265,631,179
2026-10-09T22:45:16.706436+00:00,1904600011341,18.36,Aceptable,20.43,Bueno,interpolacion_delaunay,0,3608,289,555,127
2026-10-09T22:45:16.706436+00:00,1904600011426,18.71,Aceptable,20.38,Bueno,interpolacion_delaunay,0,3335,302,691,164
2026-10-09T22:45:16.706436+00:00,190460001177A,23.37,Aceptable,25.31,Bueno,interpolacion_delaunay,0,2611,224,320,95
2026-10-09T22:45:16.706436+00:00,1904600010042,19.38,Aceptable,20.53,Bueno,interpolacion_delaunay,0,1646,90,422,69
2026-10-09T22:45:16.706436+00:00,1904600010057,19.52,Aceptable,20.75,Bueno,interpolacion_delaunay,0,1216,61,388,100
2026-10-09T22:45:16.706436+00:00,1904600010076,17.46,Aceptable,18.74,Bueno,interpolacion_delaunay,0,3762,199,1053,215
2026-10-09T22:45:16.706436+00:00,1904600010095,20.02,Aceptable,21.35,Bueno,interpolacion_delaunay,0,1199,53,337,85
2026-10-09T22:45:16.706436+00:00,1904600010146,21.21,Aceptable,22.78,Bueno,interpolacion_delaunay,0,2987,160,749,104
2026-10-09T22:45:16.706436+00:00,190460001017A,19.07,Aceptable,20.6,Bueno,interpolacion_delaunay,0,4101,180,1201,211
2026-10-09T22:45:16.706436+00:00,1904600010201,21.29,Aceptable,22.97,Bueno,interpolacion_delaunay,0,3988,173,1242,253
2026-10-09T22:45:16.706436+00:00,1904600010220,25.66,Aceptable,27.97,Bueno,interpolacion_delaunay,0,1869,61,495,59
2026-10-09T22:45:16.706436+00:00,190460001031A,23.15,Aceptable,25.81,Bueno,interpolacion_delaunay,0,2149,134,353,62
2026-10-09T22:45:16.706436+00:00,1904600010343,22.39,Aceptable,25.0,Bueno,interpolacion_delaunay,0,5532,394,1335,345
2026-10-09T22:45:16.706436+00:00,1904600010381,23.81,Aceptable,26.86,Bueno,interpolacion_delaunay,0,3251,164,847,172
2026-10-09T22:45:16.706436+00:00,1904600010413,21.78,Aceptable,23.1,Bueno,interpolacion_delaunay,0,4002,238,499,120
2026-10-09T22:45:16.706436+00:00,1904600010485,24.98,Aceptable,27.25,Bueno,interpolacion_delaunay,0,3150,144,1004,109
2026-10-09T22:45:16.706436+00:00,1904600010540,19.39,Aceptable,21.07,Bueno,interpolacion_delaunay,0,4952,283,1289,225
2026-10-09T22:45:16.706436+00:00,1904600010555,17.64,Aceptable,19.52,Bueno,interpolacion_delaunay,0,0,0,0,0
2026-10-09T22:45:16.706436+00:00,1904600010593,20.06,Aceptable,21.97,Bueno,interpolacion_delaunay,0,5785,417,488,81
2026-10-09T22:45:16.706436+00:00,1904600010610,18.8,Aceptable,20.97,Bueno,interpolacion_delaunay,0,4819,442,219,35
2026-10-09T22:45:16.706436+00:00,1904600010625,18.89,Aceptable,20.84,Bueno,interpolacion_delaunay,0,684,56,110,22
2026-10-09T22:45:16.706436+00:00,1904600010659,20.69,Aceptable,22.76,Bueno,interpolacion_delaunay,0,0,0,0,0
2026-10-09T22:45:16.706436+00:00,1904600010729,21.49,Aceptable,23.88,Bueno,interpolacion_delaunay,0,0,0,0,0
2026-10-09T22:45:16.706436+00:00,1904600010752,22.27,Aceptable,24.96,Bueno,interpolacion_delaunay,0,2043,121,429,51
2026-10-09T22:45:16.706436+00:00,1904600010790,19.64,Aceptable,22.11,Bueno,interpolacion_delaunay,0,0,0,0,0
2026-10-09T22:45:16.706436+00:00,1904600010822,15.75,Aceptable,16.94,Bueno,interpolacion_delaunay,0,1808,142,329,116
2026-10-09T22:45:16.706436+00:00,1904600010841,15.89,Aceptable,16.98,Bueno,interpolacion_delaunay,0,2675,196,623,119
2026-10-09T22:45:16.706436+00:00,1904600010856,16.41,Aceptable,17.53,Bueno,interpolacion_delaunay,0,5049,305,900,195
2026-10-09T22:45:16.706436+00:00,190460001088A,17.04,Aceptable,18.04,Bueno,interpolacion_delaunay,0,4232,220,1219,162
2026-10-09T22:45:16.706436+00:00,1904600010894,17.9,Aceptable,19.03,Bueno,interpolacion_delaunay,0,2806,182,550,130
2026-10-09T22:45:16.706436+00:00,1904600010907,17.0,Aceptable,18.31,Bueno,interpolacion_delaunay,0,3550,247,722,168
2026-10-09T22:45:16.706436+00:00,1904600010930,21.33,Aceptable,22.7,Bueno,interpolacion_delaunay,0,3021,143,721,82
2026-10-09T22:45:16.706436+00:00,1904600010945,21.45,Aceptable,22.92,Bueno,interpolacion_delaunay,0,3597,162,944,129
2026-10-09T22:45:16.706436+00:00,190460001095A,17.72,Aceptable,19.27,Bueno,interpolacion_delaunay,0,3265,234,654,254
2026-10-09T22:45:16.706436+00:00,1904600010979,20.0,Aceptable,21.63,Bueno,interpolacion_delaunay,0,2747,114,869,151
2026-10-09T22:45:16.706436+00:00,1904600011017,18.78,Aceptable,20.62,Bueno,interpolacion_delaunay,0,4599,402,752,199
2026-10-09T22:45:16.706436+00:00,1904600011021,20.42,Aceptable,22.17,Bueno,interpolacion_delaunay,0,4072,223,1090,178
2026-10-09T22:45:16.706436+00:00,1904600011040,21.0,Aceptable,22.93,Bueno,interpolacion_delaunay,0,3276,150,902,88
2026-10-09T22:45:16.706436+00:00,1904600011055,20.93,Aceptable,22.9,Bueno,interpolacion_delaunay,0,7096,477,1425,285
2026-10-09T22:45:16.706436+00:00,190460001106A,23.42,Aceptable,25.63,Bueno,interpolacion_delaunay,0,1152,61,261,64
2026-10-09T22:45:16.706436+00:00,1904600011074,21.65,Aceptable,23.76,Bueno,interpolacion_delaunay,0,4901,241,744,96
2026-10-09T22:45:16.706436+00:00,1904600011089,21.25,Aceptable,23.34,Bueno,interpolacion_delaunay,0,3306,318,659,199
2026-10-09T22:45:16.706436+00:00,1904600011093,19.61,Aceptable,21.79,Bueno,interpolacion_delaunay,0,3302,217,861,180
2026-10-09T22:45:16.706436+00:00,1904600011106,18.69,Aceptable,20.93,Bueno,interpolacion_delaunay,0,3881,243,712,89
2026-10-09T22:45:16.706436+00:00,1904600011110,19.4,Aceptable,21.82,Bueno,interpolacion_delaunay,0,3018,178,738,133
2026-10-09T22:45:16.706436+00:00,1904600011125,21.76,Aceptable,23.95,Bueno,interpolacion_delaunay,0,3318,323,549,240
2026-10-09T22:45:16.706436+00:00,190460001113A,21.74,Aceptable,23.99,Bueno,interpolacion_delaunay,0,3513,294,662,255
2026-10-09T22:45:16.706436+00:00,1904600011144,21.75,Aceptable,24.05,Bueno,interpolacion_delaunay,0,3223,294,460,148
2026-10-09T22:45:16.706436+00:00,1904600011159,21.03,Aceptable,23.34,Bueno,interpolacion_delaunay,0,4682,317,917,254
2026-10-09T22:45:16.706436+00:00,1904600011163,20.79,Aceptable,23.12,Bueno,interpolacion_delaunay,0,4463,291,849,173
2026-10-09T22:45:16.706436+00:00,1904600011178,20.09,Aceptable,22.42,Bueno,interpolacion_delaunay,0,2288,137,771,142
2026-10-09T22:45:16.706436+00:00,1904600011182,20.28,Aceptable,22.58,Bueno,interpolacion_delaunay,0,2567,158,877,192
2026-10-09T22:45:16.706436+00:00,1904600011197,20.81,Aceptable,23.22,Bueno,interpolacion_delaunay,0,2285,129,707,149
2026-10-09T22:45:16.706436+00:00,1904600011214,22.44,Aceptable,24.84,Bueno,interpolacion_delaunay,0,2395,153,608,159
2026-10-09T22:45:16.706436+00:00,1904600011229,22.65,Aceptable,25.18,Bueno,interpolacion_delaunay,0,3808,341,729,252
2026-10-09T22:45:16.706436+00:00,1904600011248,21.99,Aceptable,24.44,Bueno,interpolacion_delaunay,0,3448,233,731,165
2026-10-09T22:45:16.706436+00:00,1904600011252,22.93,Aceptable,25.67,Bueno,interpolacion_delaunay,0,3638,249,902,255
2026-10-09T22:45:16.706436+00:00,1904600011271,22.82,Aceptable,25.7,Bueno,interpolacion_delaunay,0,3393,200,1049,183
2026-10-09T22:45:16.706436+00:00,1904600011290,18.19,Aceptable,19.69,Bueno,interpolacion_delaunay,0,3613,204,959,164
2026-10-09T22:45:16.706436+00:00,1904600011303,17.82,Aceptable,19.33,Bueno,interpolacion_delaunay,0,4255,296,730,120
2026-10-09T22:45:16.706436+00:00,1904600011318,20.4,Aceptable,22.0,Bueno,promedio_sensores,1,2617,117,712,78
2026-10-09T22:45:16.706436+00:00,1904600011322,20.23,Aceptable,21.83,Bueno,interpolacion_delaunay,0,3209,131,1071,177
2026-10-09T22:45:16.706436+00:00,1904600011356,19.84,Aceptable,21.96,Bueno,interpolacion_delaunay,0,5344,302,754,186
2026-10-09T22:45:16.706436+00:00,190460001138A,17.9,Aceptable,19.14,Bueno,interpolacion_delaunay,0,2330,116,772,143
2026-10-09T22:45:16.706436+00:00,1904600011394,18.98,Aceptable,20.33,Bueno,interpolacion_delaunay,0,2495,152,536,127
2026-10-09T22:45:16.706436+00:00,1904600011430,19.58,Aceptable,21.36,Bueno,interpolacion_delaunay,0,4835,297,977,195
2026-10-09T22:45:16.706436+00:00,1904600011445,21.89,Aceptable,24.54,Bueno,interpolacion_delaunay,0,2396,140,277,35
2026-10-09T22:45:16.706436+00:00,190460001145A,22.28,Aceptable,25.03,Bueno,interpolacion_delaunay,0,4010,242,623,75
2026-10-09T22:45:16.706436+00:00,1904600011464,20.45,Aceptable,21.63,Bueno,interpolacion_delaunay,0,3269,192,527,50
2026-10-09T22:45:16.706436+00:00,1904600011479,19.03,Aceptable,20.05,Bueno,interpolacion_delaunay,0,2267,102,540,81
2026-10-09T22:45:16.706436+00:00,1904600011500,16.49,Aceptable,17.81,Bueno,interpolacion_delaunay,0,4575,375,784,254
2026-10-09T22:45:16.706436+00:00,1904600011515,17.05,Aceptable,18.46,Bueno,interpolacion_delaunay,0,1791,111,314,102
2026-10-09T22:45:16.706436+00:00,190460001152A,17.33,Aceptable,18.88,Bueno,interpolacion_delaunay,0,3396,254,719,167
2026-10-09T22:45:16.706436+00:00,1904600011534,17.41,Aceptable,19.03,Bueno,interpolacion_delaunay,0,5740,487,560,132
2026-10-09T22:45:16.706436+00:00,1904600011549,21.44,Aceptable,23.26,Bueno,interpolacion_delaunay,0,4515,263,831,205
2026-10-09T22:45:16.706436+00:00,1904600011568,18.68,Aceptable,20.67,Bueno,interpolacion_delaunay,0,4996,283,463,138
2026-10-09T22:45:16.706436+00:00,1904600011572,18.73,Aceptable,20.79,Bueno,interpolacion_delaunay,0,4541,345,482,121
2026-10-09T22:45:16.706436+00:00,1904600011587,18.5,Aceptable,20.63,Bueno,interpolacion_delaunay,0,2786,153,244,33
2026-10-09T22:45:16.706436+00:00,1904600011591,18.56,Aceptable,20.72,Bueno,interpolacion_delaunay,0,3387,245,335,48
2026-10-09T22:45:16.706436+00:00,1904600011604,22.11,Aceptable,24.68,Bueno,interpolacion_delaunay,0,3298,256,771,245
2026-10-09T22:45:16.706436+00:00,1904600011619,22.66,Aceptable,25.42,Bueno,interpolacion_delaunay,0,3765,260,958,269
2026-10-09T22:45:16.706436+00:00,1904600011657,22.62,Aceptable,24.54,Bueno,interpolacion_delaunay,0,3567,176,481,50
2026-10-09T22:45:16.706436+00:00,1904600011661,24.92,Aceptable,27.52,Bueno,interpolacion_delaunay,0,282,11,66,6
2026-10-09T22:45:16.706436+00:00,1904600011727,16.16,Aceptable,17.07,Bueno,interpolacion_delaunay,0,3412,179,655,144
2026-10-09T22:45:16.706436+00:00,1904600011746,20.95,Aceptable,22.81,Bueno,interpolacion_delaunay,0,3218,196,815,117
2026-10-09T22:45:16.706436+00:00,1904600011750,21.41,Aceptable,23.38,Bueno,interpolacion_delaunay,0,4162,197,210,54
2026-10-09T22:45:16.706436+00:00,1904600011765,23.41,Aceptable,25.72,Bueno,interpolacion_delaunay,0,3860,405,397,208
2026-10-09T22:45:16.706436+00:00,1904600010663,20.69,Aceptable,22.84,Bueno,interpolacion_delaunay,0,198,8,27,0
2026-10-09T22:45:16.706436+00:00,1904600010926,16.0,Aceptable,17.3,Bueno,interpolacion_delaunay,0,5007,437,867,291
2026-10-09T22:45:16.706436+00:00,1904600010339,23.53,Aceptable,26.34,Bueno,interpolacion_delaunay,0,1314,68,335,78
2026-10-09T22:45:16.706436+00:00,1904600011267,23.43,Aceptable,26.29,Bueno,interpolacion_delaunay,0,3908,248,1102,331
2026-10-09T22:45:16.706436+00:00,1904600011712,20.36,Aceptable,23.12,Bueno,interpolacion_delaunay,0,3272,182,300,58
2026-10-09T22:45:16.706436+00:00,1904600010447,15.37,Aceptable,16.26,Bueno,interpolacion_delaunay,0,4132,230,437,113
2026-10-09T22:45:16.706436+00:00,1904600011498,16.14,Aceptable,16.96,Bueno,interpolacion_delaunay,0,3212,141,667,65
2026-10-09T22:45:16.706436+00:00,1904600010682,19.35,Aceptable,21.62,Bueno,interpolacion_delaunay,0,6498,485,714,113
2026-10-09T22:45:16.706436+00:00,1903100450393,14.0,Bueno,14.68,Bueno,interpolacion_delaunay,0,4470,331,183,115
2026-10-09T22:45:16.706436+00:00,1903100451090,20.94,Aceptable,32.98,Bueno,interpolacion_delaunay,0,3117,391,133,67
2026-10-09T22:45:16.706436+00:00,1903100010340,27.7,Aceptable,52.09,Aceptable,interpolacion_delaunay,0,3444,349,252,192
2026-10-09T22:45:16.706436+00:00,1903100450641,15.61,Aceptable,16.71,Bueno,interpolacion_delaunay,0,1572,92,57,77
2026-10-09T22:45:16.706436+00:00,1903100451086,19.6,Aceptable,28.72,Bueno,interpolacion_delaunay,0,3582,470,173,24
2026-10-09T22:45:16.706436+00:00,190310311171A,22.94,Aceptable,39.37,Bueno,interpolacion_delaunay,0,1226,184,39,41
2026-10-09T22:45:16.706436+00:00,1903100450088,14.33,Bueno,15.34,Bueno,interpolacion_delaunay,0,106,4,27,5
2026-10-09T22:45:16.706436+00:00,1903100450321,15.24,Aceptable,16.22,Bueno,interpolacion_delaunay,0,781,65,43,66
2026-10-09T22:45:16.706436+00:00,1903100450656,13.16,Bueno,13.59,Bueno,interpolacion_delaunay,0,6656,512,216,203
2026-10-09T22:45:16.706436+00:00,1903100451461,11.84,Bueno,12.18,Bueno,interpolacion_delaunay,0,215,36,0,4
2026-10-09T22:45:16.706436+00:00,1903100451391,12.04,Bueno,12.3,Bueno,interpolacion_delaunay,0,400,41,11,20
2026-10-09T22:45:16.706436+00:00,190310001068A,28.9,Aceptable,57.5,Aceptable,promedio_sensores,1,5585,402,158,107
2026-10-09T22:45:16.706436+00:00,1903100010872,26.11,Aceptable,48.87,Aceptable,interpolacion_delaunay,0,2902,333,115,45
2026-10-09T22:45:16.706436+00:00,1903100450266,12.79,Bueno,13.41,Bueno,interpolacion_delaunay,0,3518,300,297,140
2026-10-09T22:45:16.706436+00:00,1903100451211,15.38,Aceptable,16.25,Bueno,interpolacion_delaunay,0,318,31,15,12
2026-10-09T22:45:16.706436+00:00,1903100450105,12.93,Bueno,13.73,Bueno,interpolacion_delaunay,0,617,53,101,42
2026-10-09T22:45:16.706436+00:00,1903100450533,11.94,Bueno,12.39,Bueno,interpolacion_delaunay,0,112,19,4,0
2026-10-09T22:45:16.706436+00:00,1903100450834,12.41,Bueno,12.85,Bueno,interpolacion_delaunay,0,5335,620,158,133
2026-10-09T22:45:16.706436+00:00,1903100451122,13.0,Bueno,13.28,Bueno,interpolacion_delaunay,0,4196,367,129,124
2026-10-09T22:45:16.706436+00:00,1903100451118,11.97,Bueno,12.28,Bueno,interpolacion_delaunay,0,1143,149,65,58
2026-10-09T22:45:16.706436+00:00,1903100450092,14.23,Bueno,15.14,Bueno,interpolacion_delaunay,0,5801,601,614,240
2026-10-09T22:45:16.706436+00:00,190310001036A,26.37,Aceptable,47.81,Aceptable,interpolacion_delaunay,0,2196,166,139,77
2026-10-09T22:45:16.706436+00:00,1903100011264,26.26,Aceptable,49.41,Aceptable,interpolacion_delaunay,0,166,15,10,4
2026-10-09T22:45:16.706436+00:00,1903100011692,22.8,Aceptable,37.79,Bueno,interpolacion_delaunay,0,1994,254,42,57
2026-10-09T22:45:16.706436+00:00,1903100450675,13.57,Bueno,14.13,Bueno,interpolacion_delaunay,0,2985,254,121,65
2026-10-09T22:45:16.706436+00:00,1903100450815,17.55,Aceptable,22.36,Bueno,interpolacion_delaunay,0,5183,452,347,124
2026-10-09T22:45:16.706436+00:00,1903100450887,14.76,Bueno,15.54,Bueno,interpolacion_delaunay,0,626,73,50,23
2026-10-09T22:45:16.706436+00:00,1903100450891,15.07,Aceptable,15.75,Bueno,interpolacion_delaunay,0,3371,329,210,148
2026-10-09T22:45:16.706436+00:00,1903100450904,14.76,Bueno,15.34,Bueno,interpolacion_delaunay,0,2284,216,156,77
2026-10-09T22:45:16.706436+00:00,1903100451438,15.8,Aceptable,16.9,Bueno,promedio_sensores,1,489,62,15,5
2026-10-09T22:45:16.706436+00:00,1903100451442,14.76,Bueno,15.24,Bueno,interpolacion_delaunay,0,530,59,19,6
2026-10-09T22:45:16.706436+00:00,1903100451828,16.09,Aceptable,18.22,Bueno,interpolacion_delaunay,0,1268,201,24,22
2026-10-09T22:45:16.706436+00:00,1903103131616,13.98,Bueno,14.11,Bueno,interpolacion_delaunay,0,3396,460,75,104
2026-10-09T22:45:16.706436+00:00,1903100451103,14.34,Bueno,14.8,Bueno,interpolacion_delaunay,0,1939,184,111,81
2026-10-09T22:45:16.706436+00:00,1903103131601,14.27,Bueno,14.47,Bueno,interpolacion_delaunay,0,3536,417,97,62
2026-10-09T22:45:16.706436+00:00,1903100451226,13.61,Bueno,13.95,Bueno,interpolacion_delaunay,0,2587,267,90,42
2026-10-09T22:45:16.706436+00:00,1903103111512,16.6,Aceptable,19.97,Bueno,interpolacion_delaunay,0,2486,240,126,82
2026-10-09T22:45:16.706436+00:00,1903100451635,11.49,Bueno,11.72,Bueno,interpolacion_delaunay,0,3621,518,70,103
2026-10-09T22:45:16.706436+00:00,1903103131300,14.8,Bueno,14.9,Bueno,promedio_sensores,1,4074,495,120,80
2026-10-09T22:45:16.706436+00:00,1903103111508,22.08,Aceptable,36.84,Bueno,interpolacion_delaunay,0,3724,412,113,64
2026-10-09T22:45:16.706436+00:00,1903100451387,12.3,Bueno,12.65,Bueno,interpolacion_delaunay,0,1540,218,34,55
2026-10-09T22:45:16.706436+00:00,1903100452101,10.88,Bueno,11.08,Bueno,interpolacion_delaunay,0,1249,214,20,18
2026-10-09T22:45:16.706436+00:00,1903100451283,11.92,Bueno,12.08,Bueno,interpolacion_delaunay,0,3230,373,88,78
2026-10-09T22:45:16.706436+00:00,1903103111527,19.07,Aceptable,27.58,Bueno,interpolacion_delaunay,0,1682,145,143,89
2026-10-09T22:45:16.706436+00:00,1903100452402,11.25,Bueno,11.36,Bueno,interpolacion_delaunay,0,0,0,0,0
