timestamp,cvegeo,pm25_interpolado,calidad_pm25,pm10_interpolado,calidad_pm10,metodo,n_sensores,poblacion_total,ninos_0a5,adultos_mayores,personas_discapacidad
2026-10-10T01:55:27.969942+00:00,1900601740121,18.7,Aceptable,20.8,Bueno,promedio_sensores,1,2694,310,73,36
2026-10-10T01:55:27.969942+00:00,1900601740155,19.42,Aceptable,21.55,Bueno,interpolacion_delaunay,0,1820,285,54,16
2026-10-10T01:55:27.969942+00:00,1900600781948,21.1,Aceptable,24.67,Bueno,interpolacion_delaunay,0,1170,93,69,32
2026-10-10T01:55:27.969942+00:00,1900600012236,20.45,Aceptable,22.69,Bueno,interpolacion_delaunay,0,264,28,6,0
2026-10-10T01:55:27.969942+00:00,1900600010225,19.24,Aceptable,22.06,Bueno,interpolacion_delaunay,0,1,0,0,0
2026-10-10T01:55:27.969942+00:00,1900600010206,20.1,Aceptable,23.29,Bueno,interpolacion_delaunay,0,6646,747,526,177
2026-10-10T01:55:27.969942+00:00,1900600010210,19.32,Aceptable,22.24,Bueno,interpolacion_delaunay,0,0,0,0,0
2026-10-10T01:55:27.969942+00:00,1900600010244,20.13,Aceptable,22.97,Bueno,interpolacion_delaunay,0,90,3,14,3
2026-10-10T01:55:27.969942+00:00,1900600010259,20.34,Aceptable,23.34,Bueno,interpolacion_delaunay,0,3329,268,159,53
2026-10-10T01:55:27.969942+00:00,1900600010278,20.11,Aceptable,22.87,Bueno,interpolacion_delaunay,0,486,52,18,8
2026-10-10T01:55:27.969942+00:00,1900600010297,19.37,Aceptable,21.84,Bueno,interpolacion_delaunay,0,5850,524,288,225
2026-10-10T01:55:27.969942+00:00,1900600010475,19.92,Aceptable,22.6,Bueno,interpolacion_delaunay,0,4729,407,844,249
2026-10-10T01:55:27.969942+00:00,190060001030A,19.29,Aceptable,21.7,Bueno,interpolacion_delaunay,0,4134,431,170,127
2026-10-10T01:55:27.969942+00:00,1900600010348,20.73,Aceptable,23.16,Bueno,interpolacion_delaunay,0,7877,871,609,196
2026-10-10T01:55:27.969942+00:00,1900600010460,20.14,Aceptable,22.86,Bueno,interpolacion_delaunay,0,4909,343,1088,217
2026-10-10T01:55:27.969942+00:00,1900600010352,20.64,Aceptable,22.97,Bueno,interpolacion_delaunay,0,1017,63,153,80
2026-10-10T01:55:27.969942+00:00,1900600010367,20.89,Aceptable,23.24,Bueno,interpolacion_delaunay,0,469,45,60,46
2026-10-10T01:55:27.969942+00:00,1900600010403,19.72,Aceptable,23.31,Bueno,interpolacion_delaunay,0,4726,352,972,196
2026-10-10T01:55:27.969942+00:00,190060001055A,19.64,Aceptable,23.12,Bueno,interpolacion_delaunay,0,4579,363,547,197
2026-10-10T01:55:27.969942+00:00,1900600010583,19.65,Aceptable,22.46,Bueno,interpolacion_delaunay,0,4964,382,425,153
2026-10-10T01:55:27.969942+00:00,1900600010598,19.36,Aceptable,22.06,Bueno,interpolacion_delaunay,0,5332,416,338,212
2026-10-10T01:55:27.969942+00:00,1900600010723,20.27,Aceptable,21.8,Bueno,interpolacion_delaunay,0,5109,353,1039,281
2026-10-10T01:55:27.969942+00:00,1900600010780,19.88,Aceptable,22.36,Bueno,interpolacion_delaunay,0,3755,348,382,222
2026-10-10T01:55:27.969942+00:00,1900600010795,20.14,Aceptable,22.59,Bueno,interpolacion_delaunay,0,5270,506,424,204
2026-10-10T01:55:27.969942+00:00,1900600010808,20.41,Aceptable,22.85,Bueno,interpolacion_delaunay,0,3443,304,372,102
2026-10-10T01:55:27.969942+00:00,1900600010920,19.7,Aceptable,23.4,Bueno,promedio_sensores,1,5729,316,496,128
2026-10-10T01:55:27.969942+00:00,1900600011011,20.0,Aceptable,23.03,Bueno,interpolacion_delaunay,0,0,0,0,0
2026-10-10T01:55:27.969942+00:00,1900600011026,19.9,Aceptable,22.82,Bueno,interpolacion_delaunay,0,0,0,0,0
2026-10-10T01:55:27.969942+00:00,1900600011064,19.85,Aceptable,23.39,Bueno,interpolacion_delaunay,0,4513,371,370,162
2026-10-10T01:55:27.969942+00:00,1900600011098,18.29,Aceptable,20.96,Bueno,interpolacion_delaunay,0,5772,542,419,165
2026-10-10T01:55:27.969942+00:00,1900600011149,20.72,Aceptable,22.98,Bueno,interpolacion_delaunay,0,1140,100,87,38
2026-10-10T01:55:27.969942+00:00,1900600011350,19.86,Aceptable,23.35,Bueno,interpolacion_delaunay,0,3323,233,353,93
2026-10-10T01:55:27.969942+00:00,1900600011365,19.94,Aceptable,23.37,Bueno,interpolacion_delaunay,0,3259,285,225,87
2026-10-10T01:55:27.969942+00:00,190060001137A,20.3,Aceptable,22.39,Bueno,interpolacion_delaunay,0,2748,223,522,132
2026-10-10T01:55:27.969942+00:00,1900600011632,18.99,Aceptable,21.35,Bueno,interpolacion_delaunay,0,5931,475,161,144
2026-10-10T01:55:27.969942+00:00,1900600011384,20.31,Aceptable,22.77,Bueno,interpolacion_delaunay,0,3359,263,352,73
2026-10-10T01:55:27.969942+00:00,1900600011399,19.93,Aceptable,23.27,Bueno,interpolacion_delaunay,0,2371,274,284,91
2026-10-10T01:55:27.969942+00:00,1900600011469,19.01,Aceptable,21.41,Bueno,interpolacion_delaunay,0,1932,125,131,96
2026-10-10T01:55:27.969942+00:00,1900600011401,20.21,Aceptable,23.5,Bueno,interpolacion_delaunay,0,3593,269,468,144
2026-10-10T01:55:27.969942+00:00,190060001144A,19.07,Aceptable,21.62,Bueno,interpolacion_delaunay,0,6239,575,321,95
2026-10-10T01:55:27.969942+00:00,1900600011473,19.55,Aceptable,22.3,Bueno,interpolacion_delaunay,0,2826,209,259,107
2026-10-10T01:55:27.969942+00:00,1900600011488,19.72,Aceptable,22.46,Bueno,interpolacion_delaunay,0,2922,234,293,96
2026-10-10T01:55:27.969942+00:00,1900600011492,19.91,Aceptable,22.49,Bueno,interpolacion_delaunay,0,1725,134,78,56
2026-10-10T01:55:27.969942+00:00,1900600011505,19.68,Aceptable,22.23,Bueno,interpolacion_delaunay,0,2030,151,78,103
2026-10-10T01:55:27.969942+00:00,190060001151A,19.67,Aceptable,22.17,Bueno,interpolacion_delaunay,0,4650,413,187,145
2026-10-10T01:55:27.969942+00:00,1900600011524,19.7,Aceptable,22.11,Bueno,interpolacion_delaunay,0,3658,279,744,150
2026-10-10T01:55:27.969942+00:00,1900600011539,19.99,Aceptable,22.36,Bueno,interpolacion_delaunay,0,3879,269,179,190
2026-10-10T01:55:27.969942+00:00,1900600011543,20.37,Aceptable,22.73,Bueno,interpolacion_delaunay,0,3926,372,127,91
2026-10-10T01:55:27.969942+00:00,1900600011844,19.31,Aceptable,21.6,Bueno,interpolacion_delaunay,0,1922,166,57,23
2026-10-10T01:55:27.969942+00:00,1900600011666,19.14,Aceptable,21.45,Bueno,interpolacion_delaunay,0,2454,221,74,68
2026-10-10T01:55:27.969942+00:00,1900600011859,19.46,Aceptable,21.74,Bueno,interpolacion_delaunay,0,1533,143,46,34
2026-10-10T01:55:27.969942+00:00,1900600011863,20.2,Aceptable,22.51,Bueno,interpolacion_delaunay,0,1050,130,36,5
2026-10-10T01:55:27.969942+00:00,1900600011878,20.27,Aceptable,22.47,Bueno,interpolacion_delaunay,0,5255,440,206,130
2026-10-10T01:55:27.969942+00:00,1900600011882,20.16,Aceptable,22.33,Bueno,interpolacion_delaunay,0,5356,444,208,243
2026-10-10T01:55:27.969942+00:00,190060001190A,20.59,Aceptable,22.81,Bueno,interpolacion_delaunay,0,3346,296,126,99
2026-10-10T01:55:27.969942+00:00,1900600011914,20.8,Aceptable,23.35,Bueno,interpolacion_delaunay,0,5844,518,215,189
2026-10-10T01:55:27.969942+00:00,1900600011929,21.74,Aceptable,25.45,Bueno,interpolacion_delaunay,0,5690,426,232,211
2026-10-10T01:55:27.969942+00:00,1900600012043,19.8,Aceptable,21.98,Bueno,interpolacion_delaunay,0,3660,375,120,69
2026-10-10T01:55:27.969942+00:00,1900600012109,19.48,Aceptable,21.79,Bueno,interpolacion_delaunay,0,1488,155,32,33
2026-10-10T01:55:27.969942+00:00,1900600012128,20.06,Aceptable,22.38,Bueno,interpolacion_delaunay,0,1714,168,66,31
2026-10-10T01:55:27.969942+00:00,190060001226A,19.83,Aceptable,22.47,Bueno,interpolacion_delaunay,0,4528,324,328,117
2026-10-10T01:55:27.969942+00:00,1900600012274,19.45,Aceptable,22.04,Bueno,interpolacion_delaunay,0,5782,615,191,106
2026-10-10T01:55:27.969942+00:00,190060001233A,19.5,Aceptable,21.73,Bueno,interpolacion_delaunay,0,2449,267,53,48
2026-10-10T01:55:27.969942+00:00,1900600012414,19.73,Aceptable,22.04,Bueno,interpolacion_delaunay,0,2297,332,39,45
2026-10-10T01:55:27.969942+00:00,1900600012429,19.87,Aceptable,22.13,Bueno,interpolacion_delaunay,0,3283,479,97,39
2026-10-10T01:55:27.969942+00:00,1900600012734,20.32,Aceptable,22.58,Bueno,interpolacion_delaunay,0,961,146,24,13
2026-10-10T01:55:27.969942+00:00,1900600010992,19.71,Aceptable,22.79,Bueno,interpolacion_delaunay,0,0,0,0,0
2026-10-10T01:55:27.969942+00:00,1900600012804,19.68,Aceptable,22.88,Bueno,interpolacion_delaunay,0,705,129,13,7
2026-10-10T01:55:27.969942+00:00,1900600011897,21.61,Aceptable,25.41,Bueno,interpolacion_delaunay,0,3063,294,202,149
2026-10-10T01:55:27.969942+00:00,1900600012202,20.17,Aceptable,22.56,Bueno,interpolacion_delaunay,0,372,48,3,8
2026-10-10T01:55:27.969942+00:00,1900600012039,20.63,Aceptable,23.32,Bueno,interpolacion_delaunay,0,2684,242,90,67
2026-10-10T01:55:27.969942+00:00,1900601740047,18.88,Aceptable,21.09,Bueno,interpolacion_delaunay,0,1719,266,38,40
2026-10-10T01:55:27.969942+00:00,190190001005A,16.77,Aceptable,17.39,Bueno,interpolacion_delaunay,0,2404,108,693,69
2026-10-10T01:55:27.969942+00:00,1901900010064,16.95,Aceptable,17.65,Bueno,promedio_sensores,4,2721,181,677,58
2026-10-10T01:55:27.969942+00:00,1901900010079,18.8,Aceptable,20.3,Bueno,promedio_sensores,1,4464,212,1159,127
2026-10-10T01:55:27.969942+00:00,1901900010083,12.8,Bueno,13.03,Bueno,promedio_sensores,3,1374,63,441,45
2026-10-10T01:55:27.969942+00:00,1901900010098,11.5,Bueno,12.3,Bueno,promedio_sensores,1,1854,103,460,42
2026-10-10T01:55:27.969942+00:00,1901900010100,17.5,Aceptable,17.7,Bueno,promedio_sensores,1,1944,129,547,21
2026-10-10T01:55:27.969942+00:00,1901900010149,15.8,Aceptable,16.7,Bueno,promedio_sensores,1,1163,75,215,15
2026-10-10T01:55:27.969942+00:00,1901900010153,18.5,Aceptable,19.6,Bueno,promedio_sensores,1,1800,134,430,81
2026-10-10T01:55:27.969942+00:00,1901900010168,18.0,Aceptable,18.9,Bueno,promedio_sensores,1,1570,81,416,43
2026-10-10T01:55:27.969942+00:00,1901900010172,16.0,Aceptable,16.57,Bueno,interpolacion_delaunay,0,1335,59,357,29
2026-10-10T01:55:27.969942+00:00,1901900010187,16.42,Aceptable,17.19,Bueno,interpolacion_delaunay,0,4463,306,999,93
2026-10-10T01:55:27.969942+00:00,1901900010191,14.1,Bueno,14.5,Bueno,promedio_sensores,1,2824,172,637,108
2026-10-10T01:55:27.969942+00:00,1901900010204,14.56,Bueno,15.03,Bueno,interpolacion_delaunay,0,3926,317,736,119
2026-10-10T01:55:27.969942+00:00,1901900010223,14.42,Bueno,14.94,Bueno,interpolacion_delaunay,0,2979,89,503,54
2026-10-10T01:55:27.969942+00:00,1901900010238,13.9,Bueno,14.3,Bueno,promedio_sensores,1,1904,73,302,23
2026-10-10T01:55:27.969942+00:00,1901900010242,7.87,Bueno,8.4,Bueno,promedio_sensores,3,2717,143,729,92
2026-10-10T01:55:27.969942+00:00,1901900010257,15.7,Aceptable,16.2,Bueno,promedio_sensores,1,1307,56,361,13
2026-10-10T01:55:27.969942+00:00,1901900010261,7.45,Bueno,7.7,Bueno,promedio_sensores,2,2240,113,567,42
2026-10-10T01:55:27.969942+00:00,1901900010280,12.34,Bueno,12.68,Bueno,interpolacion_delaunay,0,2690,79,360,43
2026-10-10T01:55:27.969942+00:00,1901900010350,13.23,Bueno,13.48,Bueno,interpolacion_delaunay,0,2768,148,592,68
2026-10-10T01:55:27.969942+00:00,1901900010365,26.3,Aceptable,28.1,Bueno,promedio_sensores,1,3419,327,293,61
2026-10-10T01:55:27.969942+00:00,1901900010399,20.15,Aceptable,20.7,Bueno,promedio_sensores,2,1162,6,68,0
2026-10-10T01:55:27.969942+00:00,1901900010401,15.2,Aceptable,16.3,Bueno,promedio_sensores,1,2375,247,392,86
2026-10-10T01:55:27.969942+00:00,1901900010416,12.33,Bueno,12.59,Bueno,interpolacion_delaunay,0,700,19,105,4
2026-10-10T01:55:27.969942+00:00,1901900010420,8.6,Bueno,8.8,Bueno,promedio_sensores,1,1696,93,408,47
2026-10-10T01:55:27.969942+00:00,1901900010435,15.1,Aceptable,15.4,Bueno,promedio_sensores,1,4494,346,601,54
2026-10-10T01:55:27.969942+00:00,190190001044A,13.37,Bueno,14.33,Bueno,promedio_sensores,3,4383,354,439,56
2026-10-10T01:55:27.969942+00:00,1901900010454,16.25,Aceptable,16.85,Bueno,promedio_sensores,2,557,26,114,11
2026-10-10T01:55:27.969942+00:00,1901900010469,13.5,Bueno,14.2,Bueno,promedio_sensores,1,3112,170,568,37
2026-10-10T01:55:27.969942+00:00,1901900010473,12.81,Bueno,13.28,Bueno,interpolacion_delaunay,0,983,46,182,19
2026-10-10T01:55:27.969942+00:00,1901900010488,10.5,Bueno,11.0,Bueno,promedio_sensores,2,2757,295,371,102
2026-10-10T01:55:27.969942+00:00,1901900010492,12.45,Bueno,12.85,Bueno,promedio_sensores,2,2848,173,697,71
2026-10-10T01:55:27.969942+00:00,1901900010505,14.17,Bueno,14.57,Bueno,interpolacion_delaunay,0,2494,111,512,19
2026-10-10T01:55:27.969942+00:00,190190001051A,13.6,Bueno,14.2,Bueno,promedio_sensores,1,1899,111,507,36
2026-10-10T01:55:27.969942+00:00,1901900010558,15.4,Aceptable,15.77,Bueno,promedio_sensores,3,1349,87,230,21
2026-10-10T01:55:27.969942+00:00,1901900010613,14.49,Bueno,14.86,Bueno,interpolacion_delaunay,0,132,0,20,0
2026-10-10T01:55:27.969942+00:00,1901900010384,14.58,Bueno,15.09,Bueno,interpolacion_delaunay,0,1111,19,119,15
2026-10-10T01:55:27.969942+00:00,1901900010219,14.62,Bueno,15.11,Bueno,interpolacion_delaunay,0,1954,106,555,58
2026-10-10T01:55:27.969942+00:00,1902100011338,18.88,Aceptable,21.28,Bueno,interpolacion_delaunay,0,2800,219,134,55
2026-10-10T01:55:27.969942+00:00,1902100011817,15.6,Aceptable,16.9,Bueno,promedio_sensores,1,583,52,40,11
2026-10-10T01:55:27.969942+00:00,1902100010293,16.54,Aceptable,17.92,Bueno,interpolacion_delaunay,0,2008,84,165,35
2026-10-10T01:55:27.969942+00:00,190210001033A,16.02,Aceptable,17.39,Bueno,interpolacion_delaunay,0,4000,286,440,91
2026-10-10T01:55:27.969942+00:00,1902100011060,20.96,Aceptable,23.56,Bueno,interpolacion_delaunay,0,3355,278,195,95
2026-10-10T01:55:27.969942+00:00,1902100010289,17.07,Aceptable,18.54,Bueno,interpolacion_delaunay,0,1352,78,109,44
2026-10-10T01:55:27.969942+00:00,1902100010325,17.38,Aceptable,18.82,Bueno,interpolacion_delaunay,0,1,0,0,0
2026-10-10T01:55:27.969942+00:00,1902100011412,20.3,Aceptable,21.8,Bueno,promedio_sensores,1,3239,228,156,27
2026-10-10T01:55:27.969942+00:00,1902100011427,16.07,Aceptable,17.42,Bueno,interpolacion_delaunay,0,4126,302,227,21
2026-10-10T01:55:27.969942+00:00,1902100011408,17.1,Aceptable,19.27,Bueno,interpolacion_delaunay,0,6781,377,571,69
2026-10-10T01:55:27.969942+00:00,1902100011342,19.59,Aceptable,22.21,Bueno,interpolacion_delaunay,0,4655,261,185,126
2026-10-10T01:55:27.969942+00:00,1902100010043,19.84,Aceptable,21.87,Bueno,interpolacion_delaunay,0,4208,322,819,334
2026-10-10T01:55:27.969942+00:00,1902100010255,20.61,Aceptable,23.39,Bueno,interpolacion_delaunay,0,6704,625,410,194
2026-10-10T01:55:27.969942+00:00,1902100010378,18.7,Aceptable,20.2,Bueno,promedio_sensores,1,4134,262,294,72
2026-10-10T01:55:27.969942+00:00,1902100011075,21.47,Aceptable,24.25,Bueno,interpolacion_delaunay,0,8122,855,320,248
2026-10-10T01:55:27.969942+00:00,1902600011832,20.63,Aceptable,23.19,Bueno,interpolacion_delaunay,0,3764,305,386,174
2026-10-10T01:55:27.969942+00:00,1902600010035,20.22,Aceptable,22.73,Bueno,interpolacion_delaunay,0,1597,156,285,106
2026-10-10T01:55:27.969942+00:00,1902600012332,17.76,Aceptable,20.64,Bueno,interpolacion_delaunay,0,5634,507,898,399
2026-10-10T01:55:27.969942+00:00,1902600010020,20.37,Aceptable,23.01,Bueno,interpolacion_delaunay,0,1825,174,355,160
2026-10-10T01:55:27.969942+00:00,1902600011279,20.19,Aceptable,22.79,Bueno,interpolacion_delaunay,0,4324,384,731,269
2026-10-10T01:55:27.969942+00:00,1902600011283,20.11,Aceptable,22.65,Bueno,interpolacion_delaunay,0,3719,341,754,207
2026-10-10T01:55:27.969942+00:00,1902600012440,20.77,Aceptable,23.5,Bueno,interpolacion_delaunay,0,2604,133,153,35
2026-10-10T01:55:27.969942+00:00,1902600012667,22.68,Aceptable,25.29,Bueno,interpolacion_delaunay,0,778,73,30,14
2026-10-10T01:55:27.969942+00:00,1902600012811,14.53,Bueno,16.34,Bueno,interpolacion_delaunay,0,26,4,0,0
2026-10-10T01:55:27.969942+00:00,1902600010459,19.2,Aceptable,20.5,Bueno,interpolacion_delaunay,0,3039,123,850,229
2026-10-10T01:55:27.969942+00:00,1902600010317,20.43,Aceptable,21.89,Bueno,interpolacion_delaunay,0,4084,275,902,321
2026-10-10T01:55:27.969942+00:00,1902600010957,20.4,Aceptable,22.96,Bueno,interpolacion_delaunay,0,5841,533,1121,336
2026-10-10T01:55:27.969942+00:00,1902600011103,26.39,Aceptable,32.82,Bueno,interpolacion_delaunay,0,950,69,80,47
2026-10-10T01:55:27.969942+00:00,1902600011457,19.37,Aceptable,21.0,Bueno,interpolacion_delaunay,0,2279,129,466,94
2026-10-10T01:55:27.969942+00:00,1902600011404,14.48,Bueno,15.24,Bueno,interpolacion_delaunay,0,3115,227,702,219
2026-10-10T01:55:27.969942+00:00,1902600011508,25.76,Aceptable,31.5,Bueno,interpolacion_delaunay,0,1978,175,250,90
2026-10-10T01:55:27.969942+00:00,1902600011828,20.45,Aceptable,23.12,Bueno,interpolacion_delaunay,0,2175,178,266,60
2026-10-10T01:55:27.969942+00:00,1902600011847,20.82,Aceptable,23.37,Bueno,interpolacion_delaunay,0,4488,374,407,157
2026-10-10T01:55:27.969942+00:00,1902600012402,21.38,Aceptable,23.88,Bueno,interpolacion_delaunay,0,2699,234,353,170
2026-10-10T01:55:27.969942+00:00,1902600012205,22.9,Aceptable,27.46,Bueno,interpolacion_delaunay,0,4435,432,502,204
2026-10-10T01:55:27.969942+00:00,1902600012258,24.04,Aceptable,28.33,Bueno,interpolacion_delaunay,0,1006,77,102,40
2026-10-10T01:55:27.969942+00:00,1902600012296,20.92,Aceptable,22.88,Bueno,interpolacion_delaunay,0,4398,237,919,190
2026-10-10T01:55:27.969942+00:00,1902600012455,20.8,Aceptable,23.44,Bueno,interpolacion_delaunay,0,4962,328,296,118
2026-10-10T01:55:27.969942+00:00,1902600010302,20.28,Aceptable,21.69,Bueno,interpolacion_delaunay,0,2790,166,675,209
2026-10-10T01:55:27.969942+00:00,1902600010425,17.26,Aceptable,18.75,Bueno,interpolacion_delaunay,0,3687,235,843,230
2026-10-10T01:55:27.969942+00:00,1902600010533,16.39,Aceptable,18.03,Bueno,interpolacion_delaunay,0,1681,81,395,96
2026-10-10T01:55:27.969942+00:00,1902600011813,20.5,Aceptable,23.21,Bueno,interpolacion_delaunay,0,5250,447,545,129
2026-10-10T01:55:27.969942+00:00,1902600011851,21.01,Aceptable,23.54,Bueno,interpolacion_delaunay,0,4115,305,359,155
2026-10-10T01:55:27.969942+00:00,1902600012436,20.55,Aceptable,23.32,Bueno,interpolacion_delaunay,0,3242,185,145,20
2026-10-10T01:55:27.969942+00:00,1902600012686,23.11,Aceptable,26.66,Bueno,interpolacion_delaunay,0,40,3,7,5
2026-10-10T01:55:27.969942+00:00,1902600010124,19.69,Aceptable,21.63,Bueno,interpolacion_delaunay,0,2665,140,749,113
2026-10-10T01:55:27.969942+00:00,1902600012417,20.79,Aceptable,22.73,Bueno,interpolacion_delaunay,0,2073,147,228,128
2026-10-10T01:55:27.969942+00:00,1902600012347,19.8,Aceptable,22.62,Bueno,interpolacion_delaunay,0,4440,433,247,105
2026-10-10T01:55:27.969942+00:00,190260001239A,21.98,Aceptable,23.84,Bueno,interpolacion_delaunay,0,2697,236,207,88
2026-10-10T01:55:27.969942+00:00,190260001260A,23.26,Aceptable,26.86,Bueno,interpolacion_delaunay,0,979,82,21,36
2026-10-10T01:55:27.969942+00:00,1902600011391,21.37,Aceptable,23.21,Bueno,interpolacion_delaunay,0,3747,280,1036,286
2026-10-10T01:55:27.969942+00:00,1902600010251,21.16,Aceptable,23.14,Bueno,interpolacion_delaunay,0,6072,581,994,581
2026-10-10T01:55:27.969942+00:00,1902600010707,17.58,Aceptable,18.94,Bueno,interpolacion_delaunay,0,4261,296,986,365
2026-10-10T01:55:27.969942+00:00,190260001157A,17.54,Aceptable,18.88,Bueno,interpolacion_delaunay,0,2161,148,444,126
2026-10-10T01:55:27.969942+00:00,1902600011654,22.49,Aceptable,26.39,Bueno,interpolacion_delaunay,0,3737,309,535,205
2026-10-10T01:55:27.969942+00:00,1902600012385,14.49,Bueno,16.32,Bueno,interpolacion_delaunay,0,108,11,8,5
2026-10-10T01:55:27.969942+00:00,1902600011495,25.59,Aceptable,30.93,Bueno,interpolacion_delaunay,0,2675,203,421,91
2026-10-10T01:55:27.969942+00:00,1902600012525,20.19,Aceptable,22.88,Bueno,interpolacion_delaunay,0,6162,464,363,124
2026-10-10T01:55:27.969942+00:00,1902600010995,21.05,Aceptable,23.5,Bueno,interpolacion_delaunay,0,1016,61,224,56
2026-10-10T01:55:27.969942+00:00,1902600011866,19.03,Aceptable,20.9,Bueno,interpolacion_delaunay,0,3064,167,548,67
2026-10-10T01:55:27.969942+00:00,190260001207A,12.35,Bueno,13.68,Bueno,interpolacion_delaunay,0,2199,99,452,47
2026-10-10T01:55:27.969942+00:00,1902600012120,10.38,Bueno,10.77,Bueno,interpolacion_delaunay,0,1092,33,384,28
2026-10-10T01:55:27.969942+00:00,1902600012135,12.47,Bueno,12.63,Bueno,interpolacion_delaunay,0,1356,47,414,29
2026-10-10T01:55:27.969942+00:00,1902600012544,20.76,Aceptable,24.58,Bueno,interpolacion_delaunay,0,2171,187,206,83
2026-10-10T01:55:27.969942+00:00,1902600010069,20.11,Aceptable,21.74,Bueno,interpolacion_delaunay,0,1920,94,579,107
2026-10-10T01:55:27.969942+00:00,1902600010073,20.05,Aceptable,21.72,Bueno,interpolacion_delaunay,0,3137,159,955,77
2026-10-10T01:55:27.969942+00:00,1902600010088,19.6,Aceptable,21.32,Bueno,interpolacion_delaunay,0,2870,157,722,160
2026-10-10T01:55:27.969942+00:00,1902600010158,21.63,Aceptable,23.18,Bueno,interpolacion_delaunay,0,1517,70,502,83
2026-10-10T01:55:27.969942+00:00,190260001029A,19.96,Aceptable,21.28,Bueno,interpolacion_delaunay,0,1809,94,461,133
2026-10-10T01:55:27.969942+00:00,1902600011885,20.07,Aceptable,21.66,Bueno,interpolacion_delaunay,0,1944,100,497,103
2026-10-10T01:55:27.969942+00:00,1902600012192,24.2,Aceptable,28.69,Bueno,interpolacion_delaunay,0,2742,217,241,94
2026-10-10T01:55:27.969942+00:00,1902600012243,15.78,Aceptable,18.47,Bueno,interpolacion_delaunay,0,316,37,21,22
2026-10-10T01:55:27.969942+00:00,1902600012421,21.59,Aceptable,23.58,Bueno,interpolacion_delaunay,0,2385,134,120,49
2026-10-10T01:55:27.969942+00:00,1902600012597,23.28,Aceptable,26.55,Bueno,interpolacion_delaunay,0,3539,244,126,97
2026-10-10T01:55:27.969942+00:00,1902600011029,21.23,Aceptable,23.75,Bueno,interpolacion_delaunay,0,1109,94,97,45
2026-10-10T01:55:27.969942+00:00,190260001189A,20.53,Aceptable,22.11,Bueno,interpolacion_delaunay,0,2117,131,543,112
2026-10-10T01:55:27.969942+00:00,1902600012703,15.07,Aceptable,16.93,Bueno,interpolacion_delaunay,0,632,49,33,14
2026-10-10T01:55:27.969942+00:00,1902600011372,22.02,Aceptable,23.88,Bueno,interpolacion_delaunay,0,2451,168,520,192
2026-10-10T01:55:27.969942+00:00,1902600012366,23.55,Aceptable,27.49,Bueno,interpolacion_delaunay,0,350,28,12,6
2026-10-10T01:55:27.969942+00:00,1902600010321,21.32,Aceptable,22.92,Bueno,interpolacion_delaunay,0,5159,259,1483,335
2026-10-10T01:55:27.969942+00:00,1902600010336,21.41,Aceptable,23.07,Bueno,interpolacion_delaunay,0,3112,150,945,118
2026-10-10T01:55:27.969942+00:00,1902600010340,21.85,Aceptable,23.59,Bueno,interpolacion_delaunay,0,5009,289,1452,316
2026-10-10T01:55:27.969942+00:00,1902600010355,21.74,Aceptable,23.52,Bueno,interpolacion_delaunay,0,2172,143,527,123
2026-10-10T01:55:27.969942+00:00,1902600010389,22.05,Aceptable,23.95,Bueno,interpolacion_delaunay,0,3485,223,809,188
2026-10-10T01:55:27.969942+00:00,1902600010393,21.67,Aceptable,23.6,Bueno,interpolacion_delaunay,0,4293,274,932,186
2026-10-10T01:55:27.969942+00:00,1902600010618,19.04,Aceptable,20.58,Bueno,interpolacion_delaunay,0,3420,248,733,217
2026-10-10T01:55:27.969942+00:00,1902600010730,22.58,Aceptable,23.88,Bueno,interpolacion_delaunay,0,4610,359,992,364
2026-10-10T01:55:27.969942+00:00,1902600011033,21.82,Aceptable,24.27,Bueno,interpolacion_delaunay,0,5199,444,572,162
2026-10-10T01:55:27.969942+00:00,1902600011122,20.46,Aceptable,23.25,Bueno,interpolacion_delaunay,0,6940,637,766,300
2026-10-10T01:55:27.969942+00:00,1902600011546,17.67,Aceptable,18.94,Bueno,interpolacion_delaunay,0,3715,209,870,202
2026-10-10T01:55:27.969942+00:00,1902600011461,19.36,Aceptable,21.03,Bueno,interpolacion_delaunay,0,3227,233,684,198
2026-10-10T01:55:27.969942+00:00,190260001132A,21.46,Aceptable,23.16,Bueno,interpolacion_delaunay,0,2713,152,488,78
2026-10-10T01:55:27.969942+00:00,1902600011334,21.07,Aceptable,23.16,Bueno,interpolacion_delaunay,0,3525,289,683,240
2026-10-10T01:55:27.969942+00:00,1902600011349,21.63,Aceptable,23.74,Bueno,interpolacion_delaunay,0,2716,239,484,222
2026-10-10T01:55:27.969942+00:00,1902600011368,21.84,Aceptable,23.67,Bueno,interpolacion_delaunay,0,3348,226,652,119
2026-10-10T01:55:27.969942+00:00,1902600011419,19.92,Aceptable,21.35,Bueno,interpolacion_delaunay,0,2833,144,728,158
2026-10-10T01:55:27.969942+00:00,1902600011442,18.84,Aceptable,20.39,Bueno,interpolacion_delaunay,0,3169,182,598,174
2026-10-10T01:55:27.969942+00:00,1902600011565,17.55,Aceptable,18.88,Bueno,interpolacion_delaunay,0,4076,290,816,263
2026-10-10T01:55:27.969942+00:00,1902600011584,19.35,Aceptable,20.64,Bueno,interpolacion_delaunay,0,4255,317,895,221
2026-10-10T01:55:27.969942+00:00,1902600011599,20.13,Aceptable,21.49,Bueno,interpolacion_delaunay,0,2923,228,572,152
2026-10-10T01:55:27.969942+00:00,1902600011601,22.8,Aceptable,23.9,Bueno,promedio_sensores,1,3474,261,775,299
2026-10-10T01:55:27.969942+00:00,1902600011688,21.98,Aceptable,23.64,Bueno,interpolacion_delaunay,0,3727,240,688,249
2026-10-10T01:55:27.969942+00:00,190260001171A,20.24,Aceptable,22.36,Bueno,interpolacion_delaunay,0,4383,321,770,213
2026-10-10T01:55:27.969942+00:00,1902600012008,10.85,Bueno,11.8,Bueno,interpolacion_delaunay,0,1064,52,278,35
2026-10-10T01:55:27.969942+00:00,1902600011781,14.58,Bueno,15.84,Bueno,interpolacion_delaunay,0,260,22,25,0
2026-10-10T01:55:27.969942+00:00,1902600011989,18.05,Aceptable,19.4,Bueno,interpolacion_delaunay,0,3336,217,653,151
2026-10-10T01:55:27.969942+00:00,1902600012027,21.51,Aceptable,23.44,Bueno,interpolacion_delaunay,0,5601,339,676,195
2026-10-10T01:55:27.969942+00:00,1902600012116,16.78,Aceptable,19.15,Bueno,interpolacion_delaunay,0,2265,174,319,64
2026-10-10T01:55:27.969942+00:00,1902600012328,23.65,Aceptable,27.52,Bueno,interpolacion_delaunay,0,2737,200,173,54
2026-10-10T01:55:27.969942+00:00,1902600012510,20.42,Aceptable,23.09,Bueno,interpolacion_delaunay,0,3466,257,269,90
2026-10-10T01:55:27.969942+00:00,1902600012578,18.48,Aceptable,21.12,Bueno,interpolacion_delaunay,0,2465,185,298,196
2026-10-10T01:55:27.969942+00:00,1902600012582,18.16,Aceptable,20.73,Bueno,interpolacion_delaunay,0,2739,201,423,283
2026-10-10T01:55:27.969942+00:00,1902600012614,24.23,Aceptable,28.41,Bueno,interpolacion_delaunay,0,3024,272,68,36
2026-10-10T01:55:27.969942+00:00,1902600010177,21.07,Aceptable,22.69,Bueno,interpolacion_delaunay,0,1769,60,559,90
2026-10-10T01:55:27.969942+00:00,1902600010444,16.24,Aceptable,17.2,Bueno,interpolacion_delaunay,0,2474,121,665,111
2026-10-10T01:55:27.969942+00:00,1902600011531,17.93,Aceptable,19.2,Bueno,interpolacion_delaunay,0,3594,235,816,160
2026-10-10T01:55:27.969942+00:00,1902600010232,20.79,Aceptable,22.71,Bueno,interpolacion_delaunay,0,2521,162,744,110
2026-10-10T01:55:27.969942+00:00,1902600010196,21.0,Aceptable,22.66,Bueno,interpolacion_delaunay,0,1557,66,485,73
2026-10-10T01:55:27.969942+00:00,1902600010213,20.59,Aceptable,22.45,Bueno,interpolacion_delaunay,0,2063,114,530,142
2026-10-10T01:55:27.969942+00:00,190260001011A,19.63,Aceptable,21.52,Bueno,interpolacion_delaunay,0,3115,155,816,154
2026-10-10T01:55:27.969942+00:00,1902600010162,21.21,Aceptable,22.8,Bueno,interpolacion_delaunay,0,1624,64,473,65
2026-10-10T01:55:27.969942+00:00,1902600010181,21.67,Aceptable,23.24,Bueno,interpolacion_delaunay,0,1561,63,499,94
2026-10-10T01:55:27.969942+00:00,1902600010228,21.2,Aceptable,23.05,Bueno,interpolacion_delaunay,0,1619,140,316,120
2026-10-10T01:55:27.969942+00:00,1902600010603,19.07,Aceptable,20.59,Bueno,interpolacion_delaunay,0,1632,93,346,132
2026-10-10T01:55:27.969942+00:00,1902600010745,22.29,Aceptable,23.76,Bueno,interpolacion_delaunay,0,1565,113,330,126
2026-10-10T01:55:27.969942+00:00,1902600010798,16.77,Aceptable,17.98,Bueno,interpolacion_delaunay,0,3364,210,732,231
2026-10-10T01:55:27.969942+00:00,1902600010815,16.95,Aceptable,18.84,Bueno,interpolacion_delaunay,0,4739,363,1000,268
2026-10-10T01:55:27.969942+00:00,1902600011438,14.1,Bueno,15.2,Bueno,interpolacion_delaunay,0,1771,89,459,85
2026-10-10T01:55:27.969942+00:00,1902600011476,19.22,Aceptable,20.76,Bueno,interpolacion_delaunay,0,3270,215,839,209
2026-10-10T01:55:27.969942+00:00,1902600011777,15.92,Aceptable,17.18,Bueno,interpolacion_delaunay,0,3599,312,366,80
2026-10-10T01:55:27.969942+00:00,1902600012031,21.02,Aceptable,23.25,Bueno,interpolacion_delaunay,0,4385,273,421,152
2026-10-10T01:55:27.969942+00:00,1902600012173,12.08,Bueno,12.74,Bueno,interpolacion_delaunay,0,108,5,10,3
2026-10-10T01:55:27.969942+00:00,1902600012474,21.35,Aceptable,24.0,Bueno,interpolacion_delaunay,0,3828,248,138,120
2026-10-10T01:55:27.969942+00:00,190260001253A,21.66,Aceptable,25.53,Bueno,interpolacion_delaunay,0,1418,134,74,37
2026-10-10T01:55:27.969942+00:00,1902600012648,22.21,Aceptable,23.91,Bueno,interpolacion_delaunay,0,1998,125,415,138
2026-10-10T01:55:27.969942+00:00,1902600012794,21.98,Aceptable,24.1,Bueno,interpolacion_delaunay,0,776,83,32,8
2026-10-10T01:55:27.969942+00:00,1902600012775,22.74,Aceptable,25.61,Bueno,interpolacion_delaunay,0,1381,194,42,36
2026-10-10T01:55:27.969942+00:00,1902600012898,8.5,Bueno,8.83,Bueno,interpolacion_delaunay,0,21,3,0,0
2026-10-10T01:55:27.969942+00:00,1902600010849,15.44,Aceptable,17.77,Bueno,interpolacion_delaunay,0,1926,132,278,87
2026-10-10T01:55:27.969942+00:00,1902600012262,20.22,Aceptable,22.22,Bueno,interpolacion_delaunay,0,2668,227,217,83
2026-10-10T01:55:27.969942+00:00,1902600010266,20.93,Aceptable,22.98,Bueno,interpolacion_delaunay,0,427,58,19,0
2026-10-10T01:55:27.969942+00:00,1902600010779,13.49,Bueno,14.29,Bueno,interpolacion_delaunay,0,677,45,131,66
2026-10-10T01:55:27.969942+00:00,1902600010872,9.64,Bueno,9.91,Bueno,interpolacion_delaunay,0,3088,114,989,72
2026-10-10T01:55:27.969942+00:00,1902600011902,20.34,Aceptable,22.29,Bueno,interpolacion_delaunay,0,2434,191,435,71
2026-10-10T01:55:27.969942+00:00,1902600011993,17.2,Aceptable,18.45,Bueno,interpolacion_delaunay,0,3528,203,521,147
2026-10-10T01:55:27.969942+00:00,1902600012012,10.7,Bueno,11.76,Bueno,interpolacion_delaunay,0,2227,119,600,34
2026-10-10T01:55:27.969942+00:00,1902600012084,9.51,Bueno,10.39,Bueno,interpolacion_delaunay,0,1461,49,516,49
2026-10-10T01:55:27.969942+00:00,1902600012188,8.22,Bueno,8.69,Bueno,interpolacion_delaunay,0,460,18,82,4
2026-10-10T01:55:27.969942+00:00,1902600012277,20.64,Aceptable,22.62,Bueno,interpolacion_delaunay,0,3597,281,616,228
2026-10-10T01:55:27.969942+00:00,190260001246A,21.05,Aceptable,23.68,Bueno,interpolacion_delaunay,0,4546,358,308,145
2026-10-10T01:55:27.969942+00:00,1902600012559,17.92,Aceptable,20.09,Bueno,interpolacion_delaunay,0,4248,285,324,114
2026-10-10T01:55:27.969942+00:00,1902600012652,22.13,Aceptable,24.29,Bueno,interpolacion_delaunay,0,3158,323,113,122
2026-10-10T01:55:27.969942+00:00,1902600012671,22.3,Aceptable,24.41,Bueno,interpolacion_delaunay,0,1647,122,65,34
2026-10-10T01:55:27.969942+00:00,1902600012718,15.07,Aceptable,17.62,Bueno,interpolacion_delaunay,0,2829,290,123,131
2026-10-10T01:55:27.969942+00:00,1902600012741,16.5,Aceptable,17.66,Bueno,interpolacion_delaunay,0,1897,119,345,52
2026-10-10T01:55:27.969942+00:00,1902600012879,22.3,Aceptable,24.5,Bueno,promedio_sensores,1,2144,300,65,16
2026-10-10T01:55:27.969942+00:00,1902600010285,17.35,Aceptable,18.38,Bueno,interpolacion_delaunay,0,2844,174,613,185
2026-10-10T01:55:27.969942+00:00,1902600012690,14.25,Bueno,16.06,Bueno,interpolacion_delaunay,0,79,0,3,0
2026-10-10T01:55:27.969942+00:00,1902600012099,15.0,Bueno,16.66,Bueno,interpolacion_delaunay,0,5241,599,554,189
2026-10-10T01:55:27.969942+00:00,1902600011936,21.91,Aceptable,24.28,Bueno,interpolacion_delaunay,0,2951,267,407,119
2026-10-10T01:55:27.969942+00:00,1902600012169,9.04,Bueno,9.35,Bueno,interpolacion_delaunay,0,1023,50,158,14
2026-10-10T01:55:27.969942+00:00,190260001118A,12.58,Bueno,13.27,Bueno,interpolacion_delaunay,0,3453,227,320,71
2026-10-10T01:55:27.969942+00:00,1902600012050,18.11,Aceptable,20.05,Bueno,interpolacion_delaunay,0,4134,320,745,263
2026-10-10T01:55:27.969942+00:00,1902600012101,15.36,Aceptable,17.32,Bueno,interpolacion_delaunay,0,3626,381,484,119
2026-10-10T01:55:27.969942+00:00,1902600012563,15.44,Aceptable,17.56,Bueno,interpolacion_delaunay,0,2676,291,133,25
2026-10-10T01:55:27.969942+00:00,190260001278A,20.96,Aceptable,23.13,Bueno,interpolacion_delaunay,0,3558,402,98,36
2026-10-10T01:55:27.969942+00:00,1902600011921,21.68,Aceptable,24.07,Bueno,interpolacion_delaunay,0,2594,223,377,76
2026-10-10T01:55:27.969942+00:00,1902600010092,19.37,Aceptable,21.16,Bueno,interpolacion_delaunay,0,4183,262,1039,106
2026-10-10T01:55:27.969942+00:00,1902600011300,20.29,Aceptable,22.26,Bueno,interpolacion_delaunay,0,2915,163,792,188
2026-10-10T01:55:27.969942+00:00,1902600010143,21.56,Aceptable,24.07,Bueno,interpolacion_delaunay,0,2245,273,113,55
2026-10-10T01:55:27.969942+00:00,1902600011870,19.61,Aceptable,21.45,Bueno,interpolacion_delaunay,0,3271,173,768,82
2026-10-10T01:55:27.969942+00:00,1902600011315,20.45,Aceptable,22.2,Bueno,interpolacion_delaunay,0,3497,230,464,42
2026-10-10T01:55:27.969942+00:00,1902600011014,21.35,Aceptable,23.92,Bueno,interpolacion_delaunay,0,2155,150,459,98
2026-10-10T01:55:27.969942+00:00,1902600011616,21.93,Aceptable,23.79,Bueno,interpolacion_delaunay,0,3883,311,769,201
2026-10-10T01:55:27.969942+00:00,1902600011620,21.67,Aceptable,23.71,Bueno,interpolacion_delaunay,0,4814,356,1024,301
2026-10-10T01:55:27.969942+00:00,1902600011480,21.92,Aceptable,23.95,Bueno,interpolacion_delaunay,0,4784,390,737,223
2026-10-10T01:55:27.969942+00:00,1902600010641,20.61,Aceptable,22.26,Bueno,interpolacion_delaunay,0,2917,240,627,202
2026-10-10T01:55:27.969942+00:00,1902600012633,22.6,Aceptable,24.07,Bueno,interpolacion_delaunay,0,2429,188,313,91
2026-10-10T01:55:27.969942+00:00,190260001164A,21.11,Aceptable,23.53,Bueno,interpolacion_delaunay,0,2101,168,367,57
2026-10-10T01:55:27.969942+00:00,1902600011635,21.25,Aceptable,23.52,Bueno,interpolacion_delaunay,0,4695,347,639,204
2026-10-10T01:55:27.969942+00:00,1902600010961,21.05,Aceptable,23.75,Bueno,interpolacion_delaunay,0,1353,81,150,34
2026-10-10T01:55:27.969942+00:00,1902600011226,15.85,Aceptable,17.32,Bueno,interpolacion_delaunay,0,4831,444,615,226
2026-10-10T01:55:27.969942+00:00,1902600012807,15.35,Aceptable,16.42,Bueno,interpolacion_delaunay,0,51,0,0,0
2026-10-10T01:55:27.969942+00:00,1902600012737,15.45,Aceptable,16.55,Bueno,interpolacion_delaunay,0,153,17,4,4
2026-10-10T01:55:27.969942+00:00,1902600012046,17.23,Aceptable,18.86,Bueno,interpolacion_delaunay,0,5116,376,649,199
2026-10-10T01:55:27.969942+00:00,1902600012756,15.8,Aceptable,16.9,Bueno,promedio_sensores,1,2572,282,124,24
2026-10-10T01:55:27.969942+00:00,1902600010783,15.01,Aceptable,16.0,Bueno,interpolacion_delaunay,0,1477,145,264,42
2026-10-10T01:55:27.969942+00:00,1902600011230,16.08,Aceptable,17.66,Bueno,interpolacion_delaunay,0,3324,362,242,132
2026-10-10T01:55:27.969942+00:00,1902600011758,7.0,Bueno,7.1,Bueno,promedio_sensores,1,2105,92,408,43
2026-10-10T01:55:27.969942+00:00,1902600011141,24.44,Aceptable,30.0,Bueno,interpolacion_delaunay,0,9036,1161,432,363
2026-10-10T01:55:27.969942+00:00,1902600011743,16.82,Aceptable,19.5,Bueno,interpolacion_delaunay,0,7461,709,958,323
2026-10-10T01:55:27.969942+00:00,1902600012629,15.04,Aceptable,17.49,Bueno,interpolacion_delaunay,0,1943,149,74,66
2026-10-10T01:55:27.969942+00:00,1902600011762,16.14,Aceptable,17.29,Bueno,interpolacion_delaunay,0,2427,183,512,77
2026-10-10T01:55:27.969942+00:00,1902600011194,14.59,Bueno,15.52,Bueno,interpolacion_delaunay,0,4669,300,960,201
2026-10-10T01:55:27.969942+00:00,1902600011052,21.15,Aceptable,23.37,Bueno,interpolacion_delaunay,0,7318,799,917,451
2026-10-10T01:55:27.969942+00:00,1902600012722,21.68,Aceptable,24.37,Bueno,interpolacion_delaunay,0,1673,182,35,23
2026-10-10T01:55:27.969942+00:00,1902600010209,21.35,Aceptable,24.17,Bueno,interpolacion_delaunay,0,0,0,0,0
2026-10-10T01:55:27.969942+00:00,1902600012883,21.82,Aceptable,25.05,Bueno,interpolacion_delaunay,0,2693,391,65,39
2026-10-10T01:55:27.969942+00:00,1902600011512,14.9,Bueno,16.5,Bueno,interpolacion_delaunay,0,1411,83,448,118
2026-10-10T01:55:27.969942+00:00,1902600011527,14.8,Bueno,16.54,Bueno,interpolacion_delaunay,0,2114,99,718,127
2026-10-10T01:55:27.969942+00:00,1902600010853,15.17,Aceptable,16.79,Bueno,interpolacion_delaunay,0,4562,382,755,151
2026-10-10T01:55:27.969942+00:00,1902600011160,13.9,Bueno,15.7,Bueno,promedio_sensores,1,3568,186,796,79
2026-10-10T01:55:27.969942+00:00,1902600011423,19.86,Aceptable,21.33,Bueno,interpolacion_delaunay,0,2358,121,643,149
2026-10-10T01:55:27.969942+00:00,1902600011118,17.2,Aceptable,18.33,Bueno,interpolacion_delaunay,0,0,0,0,0
2026-10-10T01:55:27.969942+00:00,1902600010552,18.67,Aceptable,19.92,Bueno,interpolacion_delaunay,0,1358,197,299,91
2026-10-10T01:55:27.969942+00:00,1902600010567,18.39,Aceptable,19.7,Bueno,interpolacion_delaunay,0,3469,239,807,212
2026-10-10T01:55:27.969942+00:00,1902600010478,20.59,Aceptable,22.18,Bueno,interpolacion_delaunay,0,3451,258,686,179
2026-10-10T01:55:27.969942+00:00,1902600012493,19.28,Aceptable,20.73,Bueno,interpolacion_delaunay,0,3047,231,451,139
2026-10-10T01:55:27.969942+00:00,1902600012506,19.15,Aceptable,20.57,Bueno,interpolacion_delaunay,0,1875,122,448,96
2026-10-10T01:55:27.969942+00:00,1902600011387,20.95,Aceptable,22.71,Bueno,interpolacion_delaunay,0,4018,279,697,181
2026-10-10T01:55:27.969942+00:00,1902600010482,20.79,Aceptable,22.45,Bueno,interpolacion_delaunay,0,4004,197,1191,226
2026-10-10T01:55:27.969942+00:00,1902600010586,19.3,Aceptable,20.8,Bueno,interpolacion_delaunay,0,4983,369,1196,317
2026-10-10T01:55:27.969942+00:00,1902600010590,19.35,Aceptable,20.88,Bueno,interpolacion_delaunay,0,3794,290,817,254
2026-10-10T01:55:27.969942+00:00,1902600011940,21.6,Aceptable,23.53,Bueno,interpolacion_delaunay,0,3450,256,773,184
2026-10-10T01:55:27.969942+00:00,1902600012224,20.37,Aceptable,22.06,Bueno,interpolacion_delaunay,0,1986,122,533,118
2026-10-10T01:55:27.969942+00:00,1902600012239,20.39,Aceptable,22.14,Bueno,interpolacion_delaunay,0,2664,206,487,219
2026-10-10T01:55:27.969942+00:00,1902600010548,11.84,Bueno,12.38,Bueno,interpolacion_delaunay,0,4149,203,1177,258
2026-10-10T01:55:27.969942+00:00,1902600012489,21.67,Aceptable,23.67,Bueno,interpolacion_delaunay,0,2798,203,290,77
2026-10-10T01:55:27.969942+00:00,1902600011353,21.92,Aceptable,23.73,Bueno,interpolacion_delaunay,0,1952,125,417,157
2026-10-10T01:55:27.969942+00:00,1902600012760,22.07,Aceptable,24.37,Bueno,interpolacion_delaunay,0,3619,397,120,87
2026-10-10T01:55:27.969942+00:00,1902600011264,21.4,Aceptable,23.68,Bueno,interpolacion_delaunay,0,1708,151,158,100
2026-10-10T01:55:27.969942+00:00,190260001285A,21.96,Aceptable,24.16,Bueno,interpolacion_delaunay,0,1850,298,50,26
2026-10-10T01:55:27.969942+00:00,1902600010270,23.57,Aceptable,27.87,Bueno,interpolacion_delaunay,0,0,0,0,0
2026-10-10T01:55:27.969942+00:00,1902600010406,21.88,Aceptable,23.87,Bueno,interpolacion_delaunay,0,2889,225,550,115
2026-10-10T01:55:27.969942+00:00,1902600011067,21.64,Aceptable,23.71,Bueno,interpolacion_delaunay,0,4252,360,451,270
2026-10-10T01:55:27.969942+00:00,1902600011086,24.46,Aceptable,28.9,Bueno,interpolacion_delaunay,0,3224,245,126,84
2026-10-10T01:55:27.969942+00:00,1902600012313,27.46,Aceptable,34.75,Bueno,interpolacion_delaunay,0,2567,202,407,174
2026-10-10T01:55:27.969942+00:00,1902600012309,26.39,Aceptable,32.66,Bueno,interpolacion_delaunay,0,2125,241,150,88
2026-10-10T01:55:27.969942+00:00,1902600011809,21.83,Aceptable,23.94,Bueno,interpolacion_delaunay,0,2127,251,117,120
2026-10-10T01:55:27.969942+00:00,1902600012864,21.46,Aceptable,23.51,Bueno,interpolacion_delaunay,0,1168,168,40,16
2026-10-10T01:55:27.969942+00:00,190260001125A,12.22,Bueno,12.42,Bueno,interpolacion_delaunay,0,541,13,170,22
2026-10-10T01:55:27.969942+00:00,1902600011071,25.4,Aceptable,31.05,Bueno,interpolacion_delaunay,0,3143,264,264,89
2026-10-10T01:55:27.969942+00:00,190260001196A,25.46,Aceptable,31.49,Bueno,interpolacion_delaunay,0,3349,324,262,100
2026-10-10T01:55:27.969942+00:00,1902600011955,21.88,Aceptable,23.91,Bueno,interpolacion_delaunay,0,3582,349,216,97
2026-10-10T01:55:27.969942+00:00,190260001050A,20.63,Aceptable,22.48,Bueno,interpolacion_delaunay,0,2022,217,309,73
2026-10-10T01:55:27.969942+00:00,1903900012400,26.0,Aceptable,31.0,Bueno,promedio_sensores,1,4517,429,723,304
2026-10-10T01:55:27.969942+00:00,1903900014657,23.0,Aceptable,24.54,Bueno,interpolacion_delaunay,0,2491,234,438,138
2026-10-10T01:55:27.969942+00:00,1903900013682,16.77,Aceptable,17.62,Bueno,interpolacion_delaunay,0,4499,398,653,181
2026-10-10T01:55:27.969942+00:00,1903900010832,30.8,Aceptable,37.95,Bueno,interpolacion_delaunay,0,543,31,158,26
2026-10-10T01:55:27.969942+00:00,1903900011120,20.42,Aceptable,21.95,Bueno,interpolacion_delaunay,0,2607,94,831,149
2026-10-10T01:55:27.969942+00:00,1903900012129,15.74,Aceptable,16.75,Bueno,interpolacion_delaunay,0,4074,318,790,255
2026-10-10T01:55:27.969942+00:00,190390001363A,22.65,Aceptable,24.3,Bueno,interpolacion_delaunay,0,3850,324,618,201
2026-10-10T01:55:27.969942+00:00,1903900014163,17.81,Aceptable,19.12,Bueno,interpolacion_delaunay,0,3563,376,476,178
2026-10-10T01:55:27.969942+00:00,1903900014642,23.4,Aceptable,24.83,Bueno,interpolacion_delaunay,0,2137,227,313,125
2026-10-10T01:55:27.969942+00:00,1903900013589,17.82,Aceptable,19.34,Bueno,interpolacion_delaunay,0,1971,102,595,95
2026-10-10T01:55:27.969942+00:00,1903900011370,21.41,Aceptable,22.92,Bueno,interpolacion_delaunay,0,1287,71,218,39
2026-10-10T01:55:27.969942+00:00,1903900012114,16.2,Aceptable,17.74,Bueno,interpolacion_delaunay,0,2387,84,816,136
2026-10-10T01:55:27.969942+00:00,1903900012203,9.2,Bueno,10.1,Bueno,promedio_sensores,1,2974,126,1034,191
2026-10-10T01:55:27.969942+00:00,1903900013574,14.94,Bueno,15.99,Bueno,interpolacion_delaunay,0,832,37,276,93
2026-10-10T01:55:27.969942+00:00,1903900012792,9.82,Bueno,10.3,Bueno,interpolacion_delaunay,0,1,0,0,0
2026-10-10T01:55:27.969942+00:00,190390001445A,17.8,Aceptable,19.56,Bueno,interpolacion_delaunay,0,5563,304,1118,197
2026-10-10T01:55:27.969942+00:00,1903900014638,23.42,Aceptable,24.66,Bueno,interpolacion_delaunay,0,3811,381,571,142
2026-10-10T01:55:27.969942+00:00,1903900012063,19.93,Aceptable,21.33,Bueno,interpolacion_delaunay,0,2407,98,743,119
2026-10-10T01:55:27.969942+00:00,1903900011690,13.88,Bueno,14.5,Bueno,interpolacion_delaunay,0,228,12,56,11
2026-10-10T01:55:27.969942+00:00,1903900011760,12.18,Bueno,12.84,Bueno,interpolacion_delaunay,0,1986,129,443,117
2026-10-10T01:55:27.969942+00:00,1903900011934,13.23,Bueno,13.83,Bueno,promedio_sensores,3,2171,83,550,105
2026-10-10T01:55:27.969942+00:00,190390001192A,12.42,Bueno,13.19,Bueno,interpolacion_delaunay,0,2553,117,796,121
2026-10-10T01:55:27.969942+00:00,1903900012044,20.96,Aceptable,22.52,Bueno,interpolacion_delaunay,0,1920,122,427,109
2026-10-10T01:55:27.969942+00:00,1903900012078,19.99,Aceptable,21.45,Bueno,interpolacion_delaunay,0,2179,136,538,60
2026-10-10T01:55:27.969942+00:00,1903900011525,21.16,Aceptable,26.13,Bueno,interpolacion_delaunay,0,590,39,143,33
2026-10-10T01:55:27.969942+00:00,1903900011991,20.8,Aceptable,22.4,Bueno,promedio_sensores,1,3236,192,703,201
2026-10-10T01:55:27.969942+00:00,1903900012006,13.55,Bueno,14.47,Bueno,interpolacion_delaunay,0,1972,70,504,136
2026-10-10T01:55:27.969942+00:00,1903900010673,24.49,Aceptable,27.95,Bueno,interpolacion_delaunay,0,2155,174,396,142
2026-10-10T01:55:27.969942+00:00,1903900010298,21.71,Aceptable,24.58,Bueno,interpolacion_delaunay,0,3499,233,739,152
2026-10-10T01:55:27.969942+00:00,1903900010404,21.15,Aceptable,23.8,Bueno,interpolacion_delaunay,0,2835,189,560,150
2026-10-10T01:55:27.969942+00:00,1903900011012,33.7,Mala,42.35,Bueno,interpolacion_delaunay,0,1216,101,235,35
2026-10-10T01:55:27.969942+00:00,1903900011065,26.11,Aceptable,30.65,Bueno,interpolacion_delaunay,0,1981,192,428,144
2026-10-10T01:55:27.969942+00:00,1903900010175,22.25,Aceptable,25.48,Bueno,interpolacion_delaunay,0,1294,70,318,45
2026-10-10T01:55:27.969942+00:00,190390001018A,22.84,Aceptable,26.29,Bueno,interpolacion_delaunay,0,3618,299,750,219
2026-10-10T01:55:27.969942+00:00,1903900010194,22.44,Aceptable,25.7,Bueno,interpolacion_delaunay,0,2850,223,604,173
2026-10-10T01:55:27.969942+00:00,1903900010226,22.38,Aceptable,25.51,Bueno,interpolacion_delaunay,0,4934,461,799,274
2026-10-10T01:55:27.969942+00:00,1903900014229,11.65,Bueno,12.55,Bueno,interpolacion_delaunay,0,2852,249,505,184
2026-10-10T01:55:27.969942+00:00,1903900010353,12.07,Bueno,13.91,Bueno,interpolacion_delaunay,0,3313,167,981,325
2026-10-10T01:55:27.969942+00:00,1903900010936,23.05,Aceptable,25.91,Bueno,interpolacion_delaunay,0,2121,128,459,101
2026-10-10T01:55:27.969942+00:00,1903900011173,15.0,Bueno,15.7,Bueno,promedio_sensores,1,2108,71,659,126
2026-10-10T01:55:27.969942+00:00,1903900011188,21.13,Aceptable,23.5,Bueno,interpolacion_delaunay,0,3322,231,794,185
2026-10-10T01:55:27.969942+00:00,1903900011224,26.76,Aceptable,32.08,Bueno,interpolacion_delaunay,0,3487,327,636,198
2026-10-10T01:55:27.969942+00:00,1903900011328,29.0,Aceptable,34.93,Bueno,interpolacion_delaunay,0,1300,73,364,78
2026-10-10T01:55:27.969942+00:00,1903900011332,28.24,Aceptable,33.26,Bueno,interpolacion_delaunay,0,2976,208,686,165
2026-10-10T01:55:27.969942+00:00,1903900011493,5.4,Bueno,6.2,Bueno,promedio_sensores,1,498,32,117,21
2026-10-10T01:55:27.969942+00:00,1903900011506,13.47,Bueno,16.41,Bueno,interpolacion_delaunay,0,218,10,60,5
2026-10-10T01:55:27.969942+00:00,1903900011510,16.9,Aceptable,21.09,Bueno,interpolacion_delaunay,0,370,18,99,43
2026-10-10T01:55:27.969942+00:00,1903900011563,27.37,Aceptable,33.76,Bueno,interpolacion_delaunay,0,1016,57,324,41
2026-10-10T01:55:27.969942+00:00,1903900011652,5.79,Bueno,6.74,Bueno,interpolacion_delaunay,0,1408,46,412,99
2026-10-10T01:55:27.969942+00:00,1903900011667,15.95,Aceptable,17.29,Bueno,interpolacion_delaunay,0,811,38,222,38
2026-10-10T01:55:27.969942+00:00,1903900011671,17.09,Aceptable,18.36,Bueno,interpolacion_delaunay,0,2135,120,546,122
2026-10-10T01:55:27.969942+00:00,1903900011775,13.48,Bueno,14.25,Bueno,interpolacion_delaunay,0,3247,195,753,173
2026-10-10T01:55:27.969942+00:00,190390001178A,14.4,Bueno,14.96,Bueno,interpolacion_delaunay,0,2085,91,638,124
2026-10-10T01:55:27.969942+00:00,1903900011811,14.52,Bueno,15.83,Bueno,interpolacion_delaunay,0,3726,195,960,140
2026-10-10T01:55:27.969942+00:00,190390001210A,24.3,Aceptable,26.4,Bueno,promedio_sensores,1,2790,113,700,150
2026-10-10T01:55:27.969942+00:00,1903900012186,13.86,Bueno,14.81,Bueno,interpolacion_delaunay,0,4169,44,257,49
2026-10-10T01:55:27.969942+00:00,1903900011559,12.4,Bueno,12.9,Bueno,promedio_sensores,1,854,32,232,42
2026-10-10T01:55:27.969942+00:00,1903900013428,22.28,Aceptable,25.44,Bueno,interpolacion_delaunay,0,3351,320,515,172
2026-10-10T01:55:27.969942+00:00,1903900014214,11.47,Bueno,12.09,Bueno,interpolacion_delaunay,0,4120,374,689,171
2026-10-10T01:55:27.969942+00:00,1903900014712,15.13,Aceptable,16.03,Bueno,interpolacion_delaunay,0,3085,299,499,125
2026-10-10T01:55:27.969942+00:00,1903900014727,13.36,Bueno,14.14,Bueno,interpolacion_delaunay,0,2574,237,418,75
2026-10-10T01:55:27.969942+00:00,1903900011544,11.35,Bueno,12.64,Bueno,interpolacion_delaunay,0,484,17,104,17
2026-10-10T01:55:27.969942+00:00,1903900011347,21.7,Aceptable,23.1,Bueno,promedio_sensores,1,3767,228,949,230
2026-10-10T01:55:27.969942+00:00,1903900011101,21.25,Aceptable,22.9,Bueno,interpolacion_delaunay,0,2340,171,499,101
2026-10-10T01:55:27.969942+00:00,1903900010692,16.32,Aceptable,17.52,Bueno,interpolacion_delaunay,0,1264,56,294,43
2026-10-10T01:55:27.969942+00:00,190390001071A,6.6,Bueno,7.2,Bueno,promedio_sensores,1,2092,89,717,121
2026-10-10T01:55:27.969942+00:00,190390001153A,7.57,Bueno,8.29,Bueno,interpolacion_delaunay,0,283,20,33,8
2026-10-10T01:55:27.969942+00:00,1903900012222,13.86,Bueno,14.53,Bueno,interpolacion_delaunay,0,2481,214,440,130
2026-10-10T01:55:27.969942+00:00,1903900010048,24.28,Aceptable,28.45,Bueno,interpolacion_delaunay,0,2757,231,541,184
2026-10-10T01:55:27.969942+00:00,1903900010160,21.85,Aceptable,24.93,Bueno,interpolacion_delaunay,0,1233,55,334,97
2026-10-10T01:55:27.969942+00:00,1903900011915,14.48,Bueno,15.41,Bueno,interpolacion_delaunay,0,1171,52,296,69
2026-10-10T01:55:27.969942+00:00,1903900012824,7.02,Bueno,7.34,Bueno,interpolacion_delaunay,0,0,0,0,0
2026-10-10T01:55:27.969942+00:00,1903900010103,22.41,Aceptable,25.77,Bueno,interpolacion_delaunay,0,2537,115,733,107
2026-10-10T01:55:27.969942+00:00,1903900010122,23.17,Aceptable,26.78,Bueno,interpolacion_delaunay,0,3875,316,762,228
2026-10-10T01:55:27.969942+00:00,1903900010207,23.09,Aceptable,26.6,Bueno,interpolacion_delaunay,0,2935,264,476,100
2026-10-10T01:55:27.969942+00:00,190390001089A,21.35,Aceptable,23.8,Bueno,interpolacion_delaunay,0,2450,84,735,103
2026-10-10T01:55:27.969942+00:00,1903900010813,31.93,Aceptable,39.24,Bueno,interpolacion_delaunay,0,1266,76,281,65
2026-10-10T01:55:27.969942+00:00,190390001096A,29.56,Aceptable,35.35,Bueno,interpolacion_delaunay,0,735,52,175,36
2026-10-10T01:55:27.969942+00:00,190390001107A,27.31,Aceptable,32.23,Bueno,interpolacion_delaunay,0,2056,191,358,98
2026-10-10T01:55:27.969942+00:00,1903900011099,20.37,Aceptable,21.8,Bueno,interpolacion_delaunay,0,1728,108,401,82
2026-10-10T01:55:27.969942+00:00,1903900011281,22.2,Aceptable,27.62,Bueno,interpolacion_delaunay,0,162,9,42,10
2026-10-10T01:55:27.969942+00:00,190390001146A,15.3,Aceptable,16.34,Bueno,interpolacion_delaunay,0,1878,94,425,114
2026-10-10T01:55:27.969942+00:00,1903900011474,17.13,Aceptable,18.92,Bueno,interpolacion_delaunay,0,1482,65,348,91
2026-10-10T01:55:27.969942+00:00,1903900011648,9.01,Bueno,9.93,Bueno,interpolacion_delaunay,0,1275,46,383,92
2026-10-10T01:55:27.969942+00:00,1903900011953,21.98,Aceptable,23.18,Bueno,interpolacion_delaunay,0,4331,383,782,275
2026-10-10T01:55:27.969942+00:00,1903900011968,21.46,Aceptable,22.75,Bueno,interpolacion_delaunay,0,2452,198,521,139
2026-10-10T01:55:27.969942+00:00,1903900011972,19.97,Aceptable,21.29,Bueno,interpolacion_delaunay,0,2152,173,501,93
2026-10-10T01:55:27.969942+00:00,1903900011987,19.41,Aceptable,20.78,Bueno,interpolacion_delaunay,0,2330,153,564,186
2026-10-10T01:55:27.969942+00:00,1903900012010,15.27,Aceptable,16.0,Bueno,promedio_sensores,3,377,6,32,6
2026-10-10T01:55:27.969942+00:00,1903900012025,20.63,Aceptable,22.53,Bueno,interpolacion_delaunay,0,4868,169,1336,220
2026-10-10T01:55:27.969942+00:00,1903900012608,21.57,Aceptable,25.35,Bueno,interpolacion_delaunay,0,3563,325,452,140
2026-10-10T01:55:27.969942+00:00,1903900012260,12.65,Bueno,13.28,Bueno,interpolacion_delaunay,0,2549,128,738,140
2026-10-10T01:55:27.969942+00:00,1903900012523,24.74,Aceptable,29.15,Bueno,interpolacion_delaunay,0,5883,502,863,210
2026-10-10T01:55:27.969942+00:00,1903900012576,23.4,Aceptable,27.81,Bueno,interpolacion_delaunay,0,3643,363,363,152
2026-10-10T01:55:27.969942+00:00,1903900012612,23.8,Aceptable,27.81,Bueno,interpolacion_delaunay,0,3707,369,423,217
2026-10-10T01:55:27.969942+00:00,1903900013339,25.01,Aceptable,29.49,Bueno,interpolacion_delaunay,0,3291,330,562,149
2026-10-10T01:55:27.969942+00:00,1903900013432,22.77,Aceptable,26.11,Bueno,interpolacion_delaunay,0,3283,331,497,186
2026-10-10T01:55:27.969942+00:00,1903900013381,23.4,Aceptable,27.17,Bueno,interpolacion_delaunay,0,3469,305,681,259
2026-10-10T01:55:27.969942+00:00,1903900013324,25.29,Aceptable,29.93,Bueno,interpolacion_delaunay,0,2714,268,458,83
2026-10-10T01:55:27.969942+00:00,1903900014587,35.07,Mala,44.38,Bueno,interpolacion_delaunay,0,1315,68,368,60
2026-10-10T01:55:27.969942+00:00,1903900014604,5.83,Bueno,6.06,Bueno,interpolacion_delaunay,0,2075,111,610,109
2026-10-10T01:55:27.969942+00:00,1903900014661,14.62,Bueno,15.56,Bueno,interpolacion_delaunay,0,2902,69,608,127
2026-10-10T01:55:27.969942+00:00,1903900014680,20.29,Aceptable,22.37,Bueno,interpolacion_delaunay,0,2293,96,745,94
2026-10-10T01:55:27.969942+00:00,1903900011239,32.13,Aceptable,39.3,Bueno,interpolacion_delaunay,0,3332,293,662,233
2026-10-10T01:55:27.969942+00:00,1903900011489,17.0,Aceptable,18.5,Bueno,promedio_sensores,1,1608,86,419,74
2026-10-10T01:55:27.969942+00:00,1903900010279,21.66,Aceptable,24.64,Bueno,interpolacion_delaunay,0,2220,107,580,282
2026-10-10T01:55:27.969942+00:00,1903900010531,21.38,Aceptable,23.96,Bueno,interpolacion_delaunay,0,5417,419,1156,491
2026-10-10T01:55:27.969942+00:00,1903900010635,21.63,Aceptable,24.11,Bueno,interpolacion_delaunay,0,2264,78,723,158
2026-10-10T01:55:27.969942+00:00,1903900011686,15.54,Aceptable,16.25,Bueno,interpolacion_delaunay,0,153,7,36,5
2026-10-10T01:55:27.969942+00:00,1903900011807,14.78,Bueno,15.82,Bueno,interpolacion_delaunay,0,2430,99,765,107
2026-10-10T01:55:27.969942+00:00,1903900011830,17.5,Aceptable,18.5,Bueno,promedio_sensores,1,898,35,265,16
2026-10-10T01:55:27.969942+00:00,1903900012097,20.4,Aceptable,21.9,Bueno,promedio_sensores,1,4087,88,440,163
2026-10-10T01:55:27.969942+00:00,1903900012256,15.12,Aceptable,15.67,Bueno,interpolacion_delaunay,0,4590,303,1006,320
2026-10-10T01:55:27.969942+00:00,1903900012307,16.2,Aceptable,17.17,Bueno,promedio_sensores,3,2986,141,683,94
2026-10-10T01:55:27.969942+00:00,1903900012453,12.91,Bueno,13.57,Bueno,interpolacion_delaunay,0,2219,109,403,76
2026-10-10T01:55:27.969942+00:00,1903900012716,17.64,Aceptable,18.77,Bueno,interpolacion_delaunay,0,78,3,14,8
2026-10-10T01:55:27.969942+00:00,1903900012735,16.9,Aceptable,18.14,Bueno,interpolacion_delaunay,0,0,0,0,0
2026-10-10T01:55:27.969942+00:00,1903900012769,20.19,Aceptable,23.69,Bueno,interpolacion_delaunay,0,279,15,54,0
2026-10-10T01:55:27.969942+00:00,1903900012773,18.46,Aceptable,19.39,Bueno,interpolacion_delaunay,0,0,0,0,0
2026-10-10T01:55:27.969942+00:00,1903900014040,24.16,Aceptable,28.14,Bueno,interpolacion_delaunay,0,3042,337,450,116
2026-10-10T01:55:27.969942+00:00,1903900014178,18.43,Aceptable,19.69,Bueno,interpolacion_delaunay,0,4610,493,538,196
2026-10-10T01:55:27.969942+00:00,1903900010156,21.85,Aceptable,24.95,Bueno,interpolacion_delaunay,0,2930,146,830,151
2026-10-10T01:55:27.969942+00:00,1903900010264,20.42,Aceptable,22.92,Bueno,interpolacion_delaunay,0,4282,326,814,272
2026-10-10T01:55:27.969942+00:00,1903900010283,21.47,Aceptable,24.33,Bueno,interpolacion_delaunay,0,2911,218,619,83
2026-10-10T01:55:27.969942+00:00,1903900010315,22.62,Aceptable,25.78,Bueno,interpolacion_delaunay,0,3515,316,654,216
2026-10-10T01:55:27.969942+00:00,190390001032A,23.34,Aceptable,26.79,Bueno,interpolacion_delaunay,0,4173,426,573,279
2026-10-10T01:55:27.969942+00:00,1903900010349,22.92,Aceptable,26.08,Bueno,interpolacion_delaunay,0,2637,166,677,132
2026-10-10T01:55:27.969942+00:00,1903900010391,20.8,Aceptable,23.34,Bueno,interpolacion_delaunay,0,3850,295,727,205
2026-10-10T01:55:27.969942+00:00,1903900010438,21.93,Aceptable,24.73,Bueno,interpolacion_delaunay,0,3338,313,521,73
2026-10-10T01:55:27.969942+00:00,1903900010442,22.89,Aceptable,25.97,Bueno,interpolacion_delaunay,0,2676,239,533,136
2026-10-10T01:55:27.969942+00:00,1903900010457,17.23,Aceptable,18.85,Bueno,interpolacion_delaunay,0,3408,175,1149,225
2026-10-10T01:55:27.969942+00:00,1903900010480,19.33,Aceptable,21.27,Bueno,interpolacion_delaunay,0,1388,64,440,114
2026-10-10T01:55:27.969942+00:00,1903900010512,20.75,Aceptable,23.08,Bueno,interpolacion_delaunay,0,2980,202,741,168
2026-10-10T01:55:27.969942+00:00,1903900010546,21.63,Aceptable,24.23,Bueno,interpolacion_delaunay,0,2660,141,683,117
2026-10-10T01:55:27.969942+00:00,1903900010550,22.15,Aceptable,24.93,Bueno,interpolacion_delaunay,0,2279,182,478,160
2026-10-10T01:55:27.969942+00:00,1903900010565,22.61,Aceptable,25.57,Bueno,interpolacion_delaunay,0,2608,254,432,94
2026-10-10T01:55:27.969942+00:00,190390001057A,23.33,Aceptable,26.44,Bueno,interpolacion_delaunay,0,1514,131,335,33
2026-10-10T01:55:27.969942+00:00,1903900010599,9.14,Bueno,10.31,Bueno,interpolacion_delaunay,0,2808,125,1047,137
2026-10-10T01:55:27.969942+00:00,1903900010601,17.19,Aceptable,18.5,Bueno,interpolacion_delaunay,0,5314,412,1126,426
2026-10-10T01:55:27.969942+00:00,1903900010620,21.31,Aceptable,23.67,Bueno,interpolacion_delaunay,0,2515,85,744,131
2026-10-10T01:55:27.969942+00:00,190390001064A,22.12,Aceptable,24.77,Bueno,interpolacion_delaunay,0,2719,125,702,154
2026-10-10T01:55:27.969942+00:00,1903900010654,22.61,Aceptable,25.46,Bueno,interpolacion_delaunay,0,2609,119,783,144
2026-10-10T01:55:27.969942+00:00,1903900010705,8.61,Bueno,9.14,Bueno,interpolacion_delaunay,0,1996,93,661,76
2026-10-10T01:55:27.969942+00:00,1903900010739,22.32,Aceptable,24.95,Bueno,interpolacion_delaunay,0,1701,60,561,127
2026-10-10T01:55:27.969942+00:00,1903900010743,22.9,Aceptable,25.72,Bueno,interpolacion_delaunay,0,1991,112,552,108
2026-10-10T01:55:27.969942+00:00,1903900010758,23.25,Aceptable,26.19,Bueno,interpolacion_delaunay,0,1207,67,324,54
2026-10-10T01:55:27.969942+00:00,1903900010796,29.71,Aceptable,35.88,Bueno,interpolacion_delaunay,0,0,0,0,0
2026-10-10T01:55:27.969942+00:00,1903900010828,30.97,Aceptable,38.06,Bueno,interpolacion_delaunay,0,1085,46,363,57
2026-10-10T01:55:27.969942+00:00,1903900010866,12.91,Bueno,13.61,Bueno,interpolacion_delaunay,0,1678,49,570,85
2026-10-10T01:55:27.969942+00:00,1903900010870,17.39,Aceptable,18.85,Bueno,interpolacion_delaunay,0,3879,268,842,254
2026-10-10T01:55:27.969942+00:00,1903900010885,19.37,Aceptable,21.34,Bueno,interpolacion_delaunay,0,1668,63,493,70
2026-10-10T01:55:27.969942+00:00,1903900010940,27.22,Aceptable,31.87,Bueno,interpolacion_delaunay,0,3419,259,605,213
2026-10-10T01:55:27.969942+00:00,1903900011046,33.42,Mala,41.6,Bueno,interpolacion_delaunay,0,1800,151,355,99
2026-10-10T01:55:27.969942+00:00,1903900011135,15.75,Aceptable,16.51,Bueno,interpolacion_delaunay,0,1752,62,519,67
2026-10-10T01:55:27.969942+00:00,190390001114A,15.4,Aceptable,16.4,Bueno,promedio_sensores,1,1380,53,428,34
2026-10-10T01:55:27.969942+00:00,1903900011154,15.86,Aceptable,16.73,Bueno,interpolacion_delaunay,0,1623,62,444,64
2026-10-10T01:55:27.969942+00:00,1903900011169,16.35,Aceptable,17.15,Bueno,promedio_sensores,2,2880,73,732,160
2026-10-10T01:55:27.969942+00:00,1903900011192,18.99,Aceptable,20.82,Bueno,interpolacion_delaunay,0,2657,175,674,141
2026-10-10T01:55:27.969942+00:00,1903900011205,19.06,Aceptable,20.99,Bueno,interpolacion_delaunay,0,122,13,22,0
2026-10-10T01:55:27.969942+00:00,1903900011243,18.05,Aceptable,21.52,Bueno,interpolacion_delaunay,0,475,45,76,44
2026-10-10T01:55:27.969942+00:00,1903900011258,23.39,Aceptable,28.61,Bueno,interpolacion_delaunay,0,1048,106,166,35
2026-10-10T01:55:27.969942+00:00,1903900011262,34.25,Mala,42.52,Bueno,interpolacion_delaunay,0,1756,114,447,140
2026-10-10T01:55:27.969942+00:00,1903900011277,31.07,Aceptable,38.9,Bueno,interpolacion_delaunay,0,2024,136,529,164
2026-10-10T01:55:27.969942+00:00,1903900011309,39.8,Mala,50.8,Aceptable,promedio_sensores,1,1761,123,433,90
2026-10-10T01:55:27.969942+00:00,1903900011351,21.47,Aceptable,22.91,Bueno,interpolacion_delaunay,0,2734,167,651,175
2026-10-10T01:55:27.969942+00:00,1903900011366,21.47,Aceptable,22.94,Bueno,interpolacion_delaunay,0,0,0,0,0
2026-10-10T01:55:27.969942+00:00,1903900011421,18.8,Aceptable,20.3,Bueno,promedio_sensores,1,3327,204,738,54
2026-10-10T01:55:27.969942+00:00,1903900011436,17.47,Aceptable,18.71,Bueno,interpolacion_delaunay,0,1869,83,431,69
2026-10-10T01:55:27.969942+00:00,1903900011440,17.42,Aceptable,18.46,Bueno,interpolacion_delaunay,0,1644,76,453,82
2026-10-10T01:55:27.969942+00:00,1903900011455,19.73,Aceptable,22.0,Bueno,interpolacion_delaunay,0,1330,38,379,65
2026-10-10T01:55:27.969942+00:00,1903900011578,15.3,Aceptable,16.11,Bueno,interpolacion_delaunay,0,1668,78,469,55
2026-10-10T01:55:27.969942+00:00,1903900011582,17.2,Aceptable,18.2,Bueno,promedio_sensores,1,1943,98,485,98
2026-10-10T01:55:27.969942+00:00,190390001160A,16.11,Aceptable,17.39,Bueno,interpolacion_delaunay,0,1878,106,479,110
2026-10-10T01:55:27.969942+00:00,1903900011614,15.67,Aceptable,17.04,Bueno,interpolacion_delaunay,0,2516,127,727,95
2026-10-10T01:55:27.969942+00:00,1903900011633,19.76,Aceptable,22.93,Bueno,interpolacion_delaunay,0,810,34,225,59
2026-10-10T01:55:27.969942+00:00,1903900011703,13.08,Bueno,13.72,Bueno,interpolacion_delaunay,0,3184,63,372,52
2026-10-10T01:55:27.969942+00:00,1903900011722,17.38,Aceptable,18.53,Bueno,interpolacion_delaunay,0,511,20,136,16
2026-10-10T01:55:27.969942+00:00,1903900011737,15.68,Aceptable,16.52,Bueno,interpolacion_delaunay,0,377,25,76,21
2026-10-10T01:55:27.969942+00:00,1903900011741,16.25,Aceptable,17.09,Bueno,interpolacion_delaunay,0,179,8,28,10
2026-10-10T01:55:27.969942+00:00,1903900011756,15.35,Aceptable,16.24,Bueno,interpolacion_delaunay,0,191,3,61,18
2026-10-10T01:55:27.969942+00:00,1903900011794,15.0,Bueno,15.82,Bueno,interpolacion_delaunay,0,2555,160,623,167
2026-10-10T01:55:27.969942+00:00,1903900011845,6.3,Bueno,6.6,Bueno,promedio_sensores,1,2750,133,527,66
2026-10-10T01:55:27.969942+00:00,190390001185A,18.72,Aceptable,19.53,Bueno,interpolacion_delaunay,0,2718,189,497,75
2026-10-10T01:55:27.969942+00:00,1903900011879,20.41,Aceptable,21.43,Bueno,interpolacion_delaunay,0,2302,190,467,160
2026-10-10T01:55:27.969942+00:00,1903900011883,19.82,Aceptable,20.92,Bueno,interpolacion_delaunay,0,2653,217,567,162
2026-10-10T01:55:27.969942+00:00,1903900011898,20.36,Aceptable,21.63,Bueno,interpolacion_delaunay,0,2466,163,572,128
2026-10-10T01:55:27.969942+00:00,1903900011900,17.9,Aceptable,19.06,Bueno,interpolacion_delaunay,0,1274,99,333,108
2026-10-10T01:55:27.969942+00:00,1903900012167,17.82,Aceptable,19.04,Bueno,interpolacion_delaunay,0,2883,124,813,123
2026-10-10T01:55:27.969942+00:00,1903900012190,13.22,Bueno,14.27,Bueno,interpolacion_delaunay,0,1182,41,455,89
2026-10-10T01:55:27.969942+00:00,1903900012218,10.23,Bueno,11.14,Bueno,interpolacion_delaunay,0,1788,87,512,71
2026-10-10T01:55:27.969942+00:00,1903900012241,13.5,Bueno,14.24,Bueno,interpolacion_delaunay,0,1136,46,404,79
2026-10-10T01:55:27.969942+00:00,1903900012275,13.71,Bueno,15.02,Bueno,interpolacion_delaunay,0,3740,200,896,144
2026-10-10T01:55:27.969942+00:00,1903900012472,14.8,Bueno,15.4,Bueno,promedio_sensores,1,4662,342,773,243
2026-10-10T01:55:27.969942+00:00,190390001267A,11.62,Bueno,13.36,Bueno,interpolacion_delaunay,0,3909,249,1025,191
2026-10-10T01:55:27.969942+00:00,1903900012684,10.8,Bueno,12.37,Bueno,interpolacion_delaunay,0,2186,73,687,43
2026-10-10T01:55:27.969942+00:00,1903900012720,15.5,Aceptable,16.2,Bueno,promedio_sensores,1,970,52,170,37
2026-10-10T01:55:27.969942+00:00,190390001274A,14.5,Bueno,15.16,Bueno,interpolacion_delaunay,0,10,0,0,0
2026-10-10T01:55:27.969942+00:00,1903900012754,15.07,Aceptable,15.96,Bueno,interpolacion_delaunay,0,3205,214,714,184
2026-10-10T01:55:27.969942+00:00,1903900012788,16.47,Aceptable,17.45,Bueno,interpolacion_delaunay,0,0,0,0,0
2026-10-10T01:55:27.969942+00:00,190390001281A,8.3,Bueno,8.7,Bueno,promedio_sensores,1,327,0,0,0
2026-10-10T01:55:27.969942+00:00,1903900012877,3.2,Bueno,3.35,Bueno,interpolacion_delaunay,0,0,0,0,0
2026-10-10T01:55:27.969942+00:00,1903900013451,22.55,Aceptable,25.72,Bueno,interpolacion_delaunay,0,4308,421,672,304
2026-10-10T01:55:27.969942+00:00,1903900013555,13.94,Bueno,16.21,Bueno,interpolacion_delaunay,0,4663,290,902,166
2026-10-10T01:55:27.969942+00:00,1903900013593,21.43,Aceptable,24.6,Bueno,interpolacion_delaunay,0,2322,237,355,231
2026-10-10T01:55:27.969942+00:00,1903900013606,20.05,Aceptable,22.49,Bueno,interpolacion_delaunay,0,2907,266,482,206
2026-10-10T01:55:27.969942+00:00,1903900013610,17.01,Aceptable,19.64,Bueno,interpolacion_delaunay,0,2513,260,368,178
2026-10-10T01:55:27.969942+00:00,1903900013659,16.63,Aceptable,17.54,Bueno,interpolacion_delaunay,0,1885,176,371,95
2026-10-10T01:55:27.969942+00:00,190390001406A,23.42,Aceptable,26.98,Bueno,interpolacion_delaunay,0,4196,447,516,257
2026-10-10T01:55:27.969942+00:00,1903900014093,20.77,Aceptable,23.38,Bueno,interpolacion_delaunay,0,3096,303,444,145
2026-10-10T01:55:27.969942+00:00,1903900014144,19.43,Aceptable,23.97,Bueno,interpolacion_delaunay,0,883,38,360,125
2026-10-10T01:55:27.969942+00:00,1903900014159,1.6,Bueno,2.3,Bueno,promedio_sensores,1,620,20,142,55
2026-10-10T01:55:27.969942+00:00,1903900014500,20.61,Aceptable,23.11,Bueno,interpolacion_delaunay,0,3056,353,283,111
2026-10-10T01:55:27.969942+00:00,1903900014515,19.8,Aceptable,21.94,Bueno,interpolacion_delaunay,0,3391,252,688,180
2026-10-10T01:55:27.969942+00:00,1903900014549,21.19,Aceptable,23.78,Bueno,interpolacion_delaunay,0,4319,365,785,218
2026-10-10T01:55:27.969942+00:00,1903900014553,21.7,Aceptable,24.48,Bueno,interpolacion_delaunay,0,3885,315,748,307
2026-10-10T01:55:27.969942+00:00,1903900014619,2.1,Bueno,2.2,Bueno,interpolacion_delaunay,0,2679,137,355,34
2026-10-10T01:55:27.969942+00:00,1903900014623,22.0,Aceptable,23.0,Bueno,promedio_sensores,1,1853,99,476,133
2026-10-10T01:55:27.969942+00:00,1903900014731,14.32,Bueno,15.79,Bueno,interpolacion_delaunay,0,2772,164,687,112
2026-10-10T01:55:27.969942+00:00,1903900014905,11.09,Bueno,11.49,Bueno,interpolacion_delaunay,0,2280,182,284,44
2026-10-10T01:55:27.969942+00:00,190390001491A,6.23,Bueno,6.61,Bueno,interpolacion_delaunay,0,897,47,73,0
2026-10-10T01:55:27.969942+00:00,1903900014924,15.6,Aceptable,15.7,Bueno,promedio_sensores,1,2425,136,485,38
2026-10-10T01:55:27.969942+00:00,1903900014939,15.95,Aceptable,16.49,Bueno,interpolacion_delaunay,0,1974,92,485,50
2026-10-10T01:55:27.969942+00:00,1903900015142,9.23,Bueno,9.5,Bueno,interpolacion_delaunay,0,2839,330,193,45
2026-10-10T01:55:27.969942+00:00,1903900011385,19.76,Aceptable,20.98,Bueno,interpolacion_delaunay,0,1585,87,442,107
2026-10-10T01:55:27.969942+00:00,1903900012805,12.42,Bueno,12.87,Bueno,interpolacion_delaunay,0,3258,186,362,30
2026-10-10T01:55:27.969942+00:00,1903900011826,17.13,Aceptable,18.01,Bueno,interpolacion_delaunay,0,1966,181,300,39
2026-10-10T01:55:27.969942+00:00,1903900012468,12.67,Bueno,13.44,Bueno,interpolacion_delaunay,0,3979,370,451,75
2026-10-10T01:55:27.969942+00:00,1903900012133,18.1,Aceptable,19.26,Bueno,interpolacion_delaunay,0,3643,409,514,130
2026-10-10T01:55:27.969942+00:00,1903900014182,19.02,Aceptable,20.31,Bueno,interpolacion_delaunay,0,2164,180,491,80
2026-10-10T01:55:27.969942+00:00,1903900012152,18.56,Aceptable,19.74,Bueno,interpolacion_delaunay,0,2360,140,519,93
2026-10-10T01:55:27.969942+00:00,1903900012082,19.97,Aceptable,21.41,Bueno,interpolacion_delaunay,0,2402,95,700,143
2026-10-10T01:55:27.969942+00:00,1903900013663,17.68,Aceptable,18.7,Bueno,interpolacion_delaunay,0,4832,422,675,278
2026-10-10T01:55:27.969942+00:00,1903900013714,9.89,Bueno,10.02,Bueno,interpolacion_delaunay,0,4743,468,751,239
2026-10-10T01:55:27.969942+00:00,1903900012858,9.83,Bueno,10.46,Bueno,interpolacion_delaunay,0,0,0,0,0
2026-10-10T01:55:27.969942+00:00,1903900012839,7.03,Bueno,7.31,Bueno,interpolacion_delaunay,0,426,30,39,0
2026-10-10T01:55:27.969942+00:00,1903900012843,13.9,Bueno,14.2,Bueno,promedio_sensores,1,3288,154,618,59
2026-10-10T01:55:27.969942+00:00,1903900012862,4.98,Bueno,5.2,Bueno,interpolacion_delaunay,0,0,0,0,0
2026-10-10T01:55:27.969942+00:00,1903900013733,7.3,Bueno,7.38,Bueno,interpolacion_delaunay,0,1895,90,465,59
2026-10-10T01:55:27.969942+00:00,1903900012294,13.84,Bueno,14.92,Bueno,interpolacion_delaunay,0,3104,120,1010,138
2026-10-10T01:55:27.969942+00:00,190390001228A,14.29,Bueno,15.01,Bueno,interpolacion_delaunay,0,2430,94,799,56
2026-10-10T01:55:27.969942+00:00,1903900010423,22.39,Aceptable,25.4,Bueno,interpolacion_delaunay,0,3542,305,682,134
2026-10-10T01:55:27.969942+00:00,1903900010334,23.1,Aceptable,26.4,Bueno,interpolacion_delaunay,0,878,76,200,70
2026-10-10T01:55:27.969942+00:00,1903900010071,22.26,Aceptable,25.59,Bueno,interpolacion_delaunay,0,2520,129,682,146
2026-10-10T01:55:27.969942+00:00,1903900014869,2.36,Bueno,2.57,Bueno,interpolacion_delaunay,0,4404,353,307,53
2026-10-10T01:55:27.969942+00:00,1903900013748,6.04,Bueno,6.2,Bueno,interpolacion_delaunay,0,3552,225,627,97
2026-10-10T01:55:27.969942+00:00,1903900011050,25.92,Aceptable,30.55,Bueno,interpolacion_delaunay,0,1589,135,342,104
2026-10-10T01:55:27.969942+00:00,1903900011116,20.08,Aceptable,21.56,Bueno,interpolacion_delaunay,0,0,0,0,0
2026-10-10T01:55:27.969942+00:00,1903900010809,30.47,Aceptable,37.09,Bueno,interpolacion_delaunay,0,59,3,14,3
2026-10-10T01:55:27.969942+00:00,1903900010989,33.53,Mala,41.46,Bueno,interpolacion_delaunay,0,6061,564,591,133
2026-10-10T01:55:27.969942+00:00,1903900010851,24.14,Aceptable,28.08,Bueno,interpolacion_delaunay,0,1601,105,413,68
2026-10-10T01:55:27.969942+00:00,1903900013413,18.24,Aceptable,21.48,Bueno,interpolacion_delaunay,0,7251,522,1316,316
2026-10-10T01:55:27.969942+00:00,1903900010033,21.61,Aceptable,25.62,Bueno,interpolacion_delaunay,0,3321,285,588,124
2026-10-10T01:55:27.969942+00:00,1903900010137,17.43,Aceptable,20.49,Bueno,interpolacion_delaunay,0,4478,279,1202,320
2026-10-10T01:55:27.969942+00:00,1903900010141,19.77,Aceptable,22.48,Bueno,interpolacion_delaunay,0,4273,225,965,185
2026-10-10T01:55:27.969942+00:00,1903900010762,26.46,Aceptable,30.81,Bueno,interpolacion_delaunay,0,1600,114,337,68
2026-10-10T01:55:27.969942+00:00,1903900014106,19.89,Aceptable,22.15,Bueno,interpolacion_delaunay,0,4189,248,1019,177
2026-10-10T01:55:27.969942+00:00,1903900014110,18.79,Aceptable,20.58,Bueno,interpolacion_delaunay,0,2699,161,643,225
2026-10-10T01:55:27.969942+00:00,1903900010921,26.03,Aceptable,30.03,Bueno,interpolacion_delaunay,0,2388,213,393,106
2026-10-10T01:55:27.969942+00:00,1903900010669,23.89,Aceptable,27.04,Bueno,interpolacion_delaunay,0,2152,159,463,119
2026-10-10T01:55:27.969942+00:00,1903900010067,22.63,Aceptable,26.15,Bueno,interpolacion_delaunay,0,2799,155,819,158
2026-10-10T01:55:27.969942+00:00,1903900010688,26.55,Aceptable,31.17,Bueno,interpolacion_delaunay,0,2838,195,394,149
2026-10-10T01:55:27.969942+00:00,1903900010584,23.95,Aceptable,27.39,Bueno,interpolacion_delaunay,0,3226,273,587,141
2026-10-10T01:55:27.969942+00:00,1903900011417,17.47,Aceptable,18.4,Bueno,interpolacion_delaunay,0,3077,152,970,79
2026-10-10T01:55:27.969942+00:00,1903900013837,17.31,Aceptable,18.2,Bueno,interpolacion_delaunay,0,3561,193,908,77
2026-10-10T01:55:27.969942+00:00,1903900013930,24.6,Aceptable,28.73,Bueno,interpolacion_delaunay,0,1431,202,111,73
2026-10-10T01:55:27.969942+00:00,1903900014055,23.81,Aceptable,27.57,Bueno,interpolacion_delaunay,0,4222,525,372,136
2026-10-10T01:55:27.969942+00:00,190390001420A,17.46,Aceptable,18.5,Bueno,interpolacion_delaunay,0,3029,320,382,97
2026-10-10T01:55:27.969942+00:00,1903900014197,18.22,Aceptable,19.37,Bueno,interpolacion_delaunay,0,2456,248,321,138
2026-10-10T01:55:27.969942+00:00,1903900010974,31.2,Aceptable,37.92,Bueno,interpolacion_delaunay,0,781,39,192,50
2026-10-10T01:55:27.969942+00:00,1903900011084,20.0,Aceptable,21.42,Bueno,interpolacion_delaunay,0,1782,162,338,82
2026-10-10T01:55:27.969942+00:00,1903900010847,31.08,Aceptable,38.57,Bueno,interpolacion_delaunay,0,1023,82,199,53
2026-10-10T01:55:27.969942+00:00,1903900010993,35.17,Mala,44.11,Bueno,interpolacion_delaunay,0,1086,95,211,53
2026-10-10T01:55:27.969942+00:00,1903900010372,19.68,Aceptable,21.81,Bueno,interpolacion_delaunay,0,2524,139,785,102
2026-10-10T01:55:27.969942+00:00,1903900011031,30.84,Aceptable,38.03,Bueno,interpolacion_delaunay,0,1190,84,257,58
2026-10-10T01:55:27.969942+00:00,1903900010902,22.47,Aceptable,25.18,Bueno,interpolacion_delaunay,0,3066,119,898,183
2026-10-10T01:55:27.969942+00:00,1903900010777,27.86,Aceptable,32.97,Bueno,interpolacion_delaunay,0,1329,106,264,76
2026-10-10T01:55:27.969942+00:00,1903900010781,29.09,Aceptable,34.84,Bueno,interpolacion_delaunay,0,242,8,54,15
2026-10-10T01:55:27.969942+00:00,1903900014572,38.09,Mala,48.23,Aceptable,interpolacion_delaunay,0,1442,81,389,93
2026-10-10T01:55:27.969942+00:00,1903900014676,19.93,Aceptable,21.95,Bueno,interpolacion_delaunay,0,2120,102,506,104
2026-10-10T01:55:27.969942+00:00,190390001025A,20.45,Aceptable,23.0,Bueno,interpolacion_delaunay,0,3942,258,986,278
2026-10-10T01:55:27.969942+00:00,1903900010495,19.94,Aceptable,22.0,Bueno,interpolacion_delaunay,0,1812,109,420,98
2026-10-10T01:55:27.969942+00:00,1903900010917,24.8,Aceptable,28.1,Bueno,promedio_sensores,1,2843,155,698,133
2026-10-10T01:55:27.969942+00:00,1903900010955,28.44,Aceptable,33.73,Bueno,interpolacion_delaunay,0,288,25,64,22
2026-10-10T01:55:27.969942+00:00,1903900013697,12.1,Bueno,12.27,Bueno,interpolacion_delaunay,0,1977,183,341,77
2026-10-10T01:55:27.969942+00:00,1903900013860,23.71,Aceptable,27.45,Bueno,interpolacion_delaunay,0,3174,344,383,184
2026-10-10T01:55:27.969942+00:00,1903900015439,7.11,Bueno,7.6,Bueno,interpolacion_delaunay,0,627,97,12,5
2026-10-10T01:55:27.969942+00:00,1903900011027,36.31,Mala,45.91,Aceptable,interpolacion_delaunay,0,509,36,115,25
2026-10-10T01:55:27.969942+00:00,1903900013998,25.38,Aceptable,30.04,Bueno,interpolacion_delaunay,0,5766,706,558,248
2026-10-10T01:55:27.969942+00:00,190390001477A,12.62,Bueno,12.88,Bueno,interpolacion_delaunay,0,550,33,68,4
2026-10-10T01:55:27.969942+00:00,1903900014002,25.34,Aceptable,29.94,Bueno,interpolacion_delaunay,0,5494,669,668,240
2026-10-10T01:55:27.969942+00:00,1903900014873,1.03,Bueno,1.18,Bueno,interpolacion_delaunay,0,2383,154,261,52
2026-10-10T01:55:27.969942+00:00,1903900011008,36.61,Mala,46.04,Aceptable,interpolacion_delaunay,0,1877,145,377,135
2026-10-10T01:55:27.969942+00:00,1903900011313,36.13,Mala,45.37,Aceptable,interpolacion_delaunay,0,5055,336,882,185
2026-10-10T01:55:27.969942+00:00,190390001139A,20.41,Aceptable,21.72,Bueno,interpolacion_delaunay,0,1079,59,290,49
2026-10-10T01:55:27.969942+00:00,1903900011402,21.02,Aceptable,22.44,Bueno,interpolacion_delaunay,0,681,31,196,23
2026-10-10T01:55:27.969942+00:00,1903900012519,25.38,Aceptable,30.08,Bueno,interpolacion_delaunay,0,5642,661,498,241
2026-10-10T01:55:27.969942+00:00,1903900013822,16.33,Aceptable,16.82,Bueno,interpolacion_delaunay,0,6050,361,890,140
2026-10-10T01:55:27.969942+00:00,1903900013964,16.23,Aceptable,16.78,Bueno,interpolacion_delaunay,0,728,55,70,19
2026-10-10T01:55:27.969942+00:00,1903900014125,18.89,Aceptable,20.63,Bueno,interpolacion_delaunay,0,1881,174,361,63
2026-10-10T01:55:27.969942+00:00,190390001452A,23.01,Aceptable,26.38,Bueno,interpolacion_delaunay,0,2471,240,363,186
2026-10-10T01:55:27.969942+00:00,190390001413A,19.11,Aceptable,20.89,Bueno,interpolacion_delaunay,0,2082,180,339,126
2026-10-10T01:55:27.969942+00:00,1903900010461,17.8,Aceptable,19.2,Bueno,promedio_sensores,1,3422,173,1112,139
2026-10-10T01:55:27.969942+00:00,1903900014534,23.1,Aceptable,26.39,Bueno,interpolacion_delaunay,0,1267,111,229,29
2026-10-10T01:55:27.969942+00:00,1903900013767,5.59,Bueno,6.02,Bueno,interpolacion_delaunay,0,2308,117,605,127
2026-10-10T01:55:27.969942+00:00,1903900012345,4.24,Bueno,4.28,Bueno,interpolacion_delaunay,0,2632,98,737,80
2026-10-10T01:55:27.969942+00:00,1903900012364,0.0,Bueno,0.0,Bueno,promedio_sensores,1,2327,116,787,61
2026-10-10T01:55:27.969942+00:00,1903900011629,30.2,Aceptable,37.5,Bueno,promedio_sensores,1,2881,196,402,58
2026-10-10T01:55:27.969942+00:00,1903900013396,23.88,Aceptable,27.81,Bueno,interpolacion_delaunay,0,4014,389,664,275
2026-10-10T01:55:27.969942+00:00,1903900010245,13.65,Bueno,15.85,Bueno,interpolacion_delaunay,0,2709,131,764,208
2026-10-10T01:55:27.969942+00:00,1903900015284,7.23,Bueno,7.63,Bueno,interpolacion_delaunay,0,513,29,60,13
2026-10-10T01:55:27.969942+00:00,1903900010118,23.37,Aceptable,27.07,Bueno,interpolacion_delaunay,0,4580,383,955,302
2026-10-10T01:55:27.969942+00:00,1903900010052,24.1,Aceptable,28.16,Bueno,interpolacion_delaunay,0,3869,304,717,323
2026-10-10T01:55:27.969942+00:00,1903900015123,25.03,Aceptable,29.45,Bueno,interpolacion_delaunay,0,68,3,4,3
2026-10-10T01:55:27.969942+00:00,1903900014036,24.53,Aceptable,28.7,Bueno,interpolacion_delaunay,0,4679,569,514,263
2026-10-10T01:55:27.969942+00:00,1903900010508,19.97,Aceptable,22.11,Bueno,interpolacion_delaunay,0,3451,202,579,150
2026-10-10T01:55:27.969942+00:00,1903900010527,20.55,Aceptable,22.86,Bueno,interpolacion_delaunay,0,1779,95,454,127
2026-10-10T01:55:27.969942+00:00,1903900013729,8.68,Bueno,8.91,Bueno,interpolacion_delaunay,0,3410,392,357,136
2026-10-10T01:55:27.969942+00:00,190390001370A,10.91,Bueno,11.16,Bueno,interpolacion_delaunay,0,4006,357,563,228
2026-10-10T01:55:27.969942+00:00,1904600010362,19.16,Aceptable,20.76,Bueno,interpolacion_delaunay,0,5505,271,1291,301
2026-10-10T01:55:27.969942+00:00,1904600011483,16.01,Aceptable,17.43,Bueno,interpolacion_delaunay,0,2026,111,597,94
2026-10-10T01:55:27.969942+00:00,1904600011638,18.54,Aceptable,20.35,Bueno,interpolacion_delaunay,0,4053,248,498,114
2026-10-10T01:55:27.969942+00:00,1904600010998,18.54,Aceptable,20.19,Bueno,interpolacion_delaunay,0,5855,449,1099,257
2026-10-10T01:55:27.969942+00:00,1904600011676,28.3,Aceptable,34.54,Bueno,interpolacion_delaunay,0,362,30,69,27
2026-10-10T01:55:27.969942+00:00,1904600010216,23.1,Aceptable,26.3,Bueno,promedio_sensores,1,2042,50,546,50
2026-10-10T01:55:27.969942+00:00,1904600010536,20.81,Aceptable,22.61,Bueno,interpolacion_delaunay,0,4997,504,603,104
2026-10-10T01:55:27.969942+00:00,1904600011708,20.58,Aceptable,22.48,Bueno,interpolacion_delaunay,0,1763,89,284,44
2026-10-10T01:55:27.969942+00:00,190460001070A,20.94,Aceptable,23.75,Bueno,interpolacion_delaunay,0,1273,69,137,48
2026-10-10T01:55:27.969942+00:00,1904600011375,18.94,Aceptable,20.81,Bueno,interpolacion_delaunay,0,5964,475,946,326
2026-10-10T01:55:27.969942+00:00,1904600011286,19.3,Aceptable,20.95,Bueno,interpolacion_delaunay,0,2603,117,839,196
2026-10-10T01:55:27.969942+00:00,1904600011623,18.58,Aceptable,20.4,Bueno,interpolacion_delaunay,0,4225,248,423,136
2026-10-10T01:55:27.969942+00:00,1904600010786,19.63,Aceptable,21.48,Bueno,interpolacion_delaunay,0,4690,309,1009,269
2026-10-10T01:55:27.969942+00:00,190460001024A,22.3,Aceptable,26.29,Bueno,interpolacion_delaunay,0,2748,75,850,176
2026-10-10T01:55:27.969942+00:00,1904600010875,17.81,Aceptable,19.31,Bueno,interpolacion_delaunay,0,3785,202,993,129
2026-10-10T01:55:27.969942+00:00,1904600010324,18.46,Aceptable,19.91,Bueno,interpolacion_delaunay,0,2214,97,651,92
2026-10-10T01:55:27.969942+00:00,1904600011233,17.55,Aceptable,19.1,Bueno,interpolacion_delaunay,0,3010,241,577,204
2026-10-10T01:55:27.969942+00:00,1904600010131,19.46,Aceptable,21.68,Bueno,interpolacion_delaunay,0,4113,160,1393,177
2026-10-10T01:55:27.969942+00:00,1904600010184,20.05,Aceptable,22.5,Bueno,interpolacion_delaunay,0,3438,93,1132,126
2026-10-10T01:55:27.969942+00:00,1904600010235,21.7,Aceptable,25.1,Bueno,interpolacion_delaunay,0,2765,104,711,111
2026-10-10T01:55:27.969942+00:00,1904600010466,20.93,Aceptable,23.34,Bueno,interpolacion_delaunay,0,2212,113,500,58
2026-10-10T01:55:27.969942+00:00,190460001049A,21.85,Aceptable,24.61,Bueno,interpolacion_delaunay,0,2827,123,674,44
2026-10-10T01:55:27.969942+00:00,1904600011407,20.57,Aceptable,22.21,Bueno,interpolacion_delaunay,0,3464,317,610,173
2026-10-10T01:55:27.969942+00:00,1904600011642,18.01,Aceptable,20.15,Bueno,interpolacion_delaunay,0,2601,116,623,113
2026-10-10T01:55:27.969942+00:00,1904600011731,18.32,Aceptable,19.81,Bueno,interpolacion_delaunay,0,3017,207,561,120
2026-10-10T01:55:27.969942+00:00,1904600010108,15.88,Aceptable,17.42,Bueno,interpolacion_delaunay,0,2483,125,582,112
2026-10-10T01:55:27.969942+00:00,1904600010127,17.14,Aceptable,18.68,Bueno,interpolacion_delaunay,0,4270,186,1281,297
2026-10-10T01:55:27.969942+00:00,1904600010292,26.35,Aceptable,31.6,Bueno,interpolacion_delaunay,0,0,0,0,0
2026-10-10T01:55:27.969942+00:00,1904600010714,17.46,Aceptable,19.13,Bueno,interpolacion_delaunay,0,3666,266,947,309
2026-10-10T01:55:27.969942+00:00,1904600010860,19.8,Aceptable,21.37,Bueno,interpolacion_delaunay,0,3290,227,721,158
2026-10-10T01:55:27.969942+00:00,1904600011002,19.77,Aceptable,21.48,Bueno,interpolacion_delaunay,0,3262,289,695,194
2026-10-10T01:55:27.969942+00:00,190460001120A,17.08,Aceptable,18.61,Bueno,interpolacion_delaunay,0,3141,265,631,179
2026-10-10T01:55:27.969942+00:00,1904600011341,20.73,Aceptable,22.52,Bueno,interpolacion_delaunay,0,3608,289,555,127
2026-10-10T01:55:27.969942+00:00,1904600011426,17.92,Aceptable,19.54,Bueno,interpolacion_delaunay,0,3335,302,691,164
2026-10-10T01:55:27.969942+00:00,190460001177A,21.57,Aceptable,24.25,Bueno,interpolacion_delaunay,0,2611,224,320,95
2026-10-10T01:55:27.969942+00:00,1904600010042,16.41,Aceptable,17.88,Bueno,interpolacion_delaunay,0,1646,90,422,69
2026-10-10T01:55:27.969942+00:00,1904600010057,16.05,Aceptable,17.53,Bueno,interpolacion_delaunay,0,1216,61,388,100
2026-10-10T01:55:27.969942+00:00,1904600010076,17.88,Aceptable,19.42,Bueno,interpolacion_delaunay,0,3762,199,1053,215
2026-10-10T01:55:27.969942+00:00,1904600010095,15.9,Aceptable,17.39,Bueno,interpolacion_delaunay,0,1199,53,337,85
2026-10-10T01:55:27.969942+00:00,1904600010146,16.8,Aceptable,18.58,Bueno,interpolacion_delaunay,0,2987,160,749,104
2026-10-10T01:55:27.969942+00:00,190460001017A,16.49,Aceptable,18.03,Bueno,interpolacion_delaunay,0,4101,180,1201,211
2026-10-10T01:55:27.969942+00:00,1904600010201,16.15,Aceptable,17.94,Bueno,interpolacion_delaunay,0,3988,173,1242,253
2026-10-10T01:55:27.969942+00:00,1904600010220,24.17,Aceptable,28.07,Bueno,interpolacion_delaunay,0,1869,61,495,59
2026-10-10T01:55:27.969942+00:00,190460001031A,18.23,Aceptable,19.72,Bueno,interpolacion_delaunay,0,2149,134,353,62
2026-10-10T01:55:27.969942+00:00,1904600010343,18.15,Aceptable,19.78,Bueno,interpolacion_delaunay,0,5532,394,1335,345
2026-10-10T01:55:27.969942+00:00,1904600010381,19.61,Aceptable,21.16,Bueno,interpolacion_delaunay,0,3251,164,847,172
2026-10-10T01:55:27.969942+00:00,1904600010413,19.94,Aceptable,21.96,Bueno,interpolacion_delaunay,0,4002,238,499,120
2026-10-10T01:55:27.969942+00:00,1904600010485,22.81,Aceptable,25.94,Bueno,interpolacion_delaunay,0,3150,144,1004,109
2026-10-10T01:55:27.969942+00:00,1904600010540,16.78,Aceptable,18.36,Bueno,interpolacion_delaunay,0,4952,283,1289,225
2026-10-10T01:55:27.969942+00:00,1904600010555,20.94,Aceptable,22.95,Bueno,interpolacion_delaunay,0,0,0,0,0
2026-10-10T01:55:27.969942+00:00,1904600010593,16.9,Aceptable,18.54,Bueno,interpolacion_delaunay,0,5785,417,488,81
2026-10-10T01:55:27.969942+00:00,1904600010610,20.7,Aceptable,23.76,Bueno,interpolacion_delaunay,0,4819,442,219,35
2026-10-10T01:55:27.969942+00:00,1904600010625,19.1,Aceptable,20.81,Bueno,interpolacion_delaunay,0,684,56,110,22
2026-10-10T01:55:27.969942+00:00,1904600010659,16.73,Aceptable,18.4,Bueno,interpolacion_delaunay,0,0,0,0,0
2026-10-10T01:55:27.969942+00:00,1904600010729,17.48,Aceptable,19.19,Bueno,interpolacion_delaunay,0,0,0,0,0
2026-10-10T01:55:27.969942+00:00,1904600010752,18.48,Aceptable,20.18,Bueno,interpolacion_delaunay,0,2043,121,429,51
2026-10-10T01:55:27.969942+00:00,1904600010790,20.74,Aceptable,22.62,Bueno,interpolacion_delaunay,0,0,0,0,0
2026-10-10T01:55:27.969942+00:00,1904600010822,20.35,Aceptable,21.94,Bueno,interpolacion_delaunay,0,1808,142,329,116
2026-10-10T01:55:27.969942+00:00,1904600010841,19.5,Aceptable,21.04,Bueno,interpolacion_delaunay,0,2675,196,623,119
2026-10-10T01:55:27.969942+00:00,1904600010856,18.83,Aceptable,20.36,Bueno,interpolacion_delaunay,0,5049,305,900,195
2026-10-10T01:55:27.969942+00:00,190460001088A,15.12,Aceptable,16.53,Bueno,interpolacion_delaunay,0,4232,220,1219,162
2026-10-10T01:55:27.969942+00:00,1904600010894,15.11,Aceptable,16.54,Bueno,interpolacion_delaunay,0,2806,182,550,130
2026-10-10T01:55:27.969942+00:00,1904600010907,18.84,Aceptable,20.41,Bueno,interpolacion_delaunay,0,3550,247,722,168
2026-10-10T01:55:27.969942+00:00,1904600010930,18.4,Aceptable,20.25,Bueno,interpolacion_delaunay,0,3021,143,721,82
2026-10-10T01:55:27.969942+00:00,1904600010945,18.05,Aceptable,19.93,Bueno,interpolacion_delaunay,0,3597,162,944,129
2026-10-10T01:55:27.969942+00:00,190460001095A,18.94,Aceptable,20.56,Bueno,interpolacion_delaunay,0,3265,234,654,254
2026-10-10T01:55:27.969942+00:00,1904600010979,15.43,Aceptable,16.96,Bueno,interpolacion_delaunay,0,2747,114,869,151
2026-10-10T01:55:27.969942+00:00,1904600011017,18.69,Aceptable,20.37,Bueno,interpolacion_delaunay,0,4599,402,752,199
2026-10-10T01:55:27.969942+00:00,1904600011021,15.42,Aceptable,16.98,Bueno,interpolacion_delaunay,0,4072,223,1090,178
2026-10-10T01:55:27.969942+00:00,1904600011040,15.78,Aceptable,17.34,Bueno,interpolacion_delaunay,0,3276,150,902,88
2026-10-10T01:55:27.969942+00:00,1904600011055,15.93,Aceptable,17.52,Bueno,interpolacion_delaunay,0,7096,477,1425,285
2026-10-10T01:55:27.969942+00:00,190460001106A,22.03,Aceptable,26.28,Bueno,interpolacion_delaunay,0,1152,61,261,64
2026-10-10T01:55:27.969942+00:00,1904600011074,16.35,Aceptable,17.85,Bueno,interpolacion_delaunay,0,4901,241,744,96
2026-10-10T01:55:27.969942+00:00,1904600011089,16.35,Aceptable,17.94,Bueno,interpolacion_delaunay,0,3306,318,659,199
2026-10-10T01:55:27.969942+00:00,1904600011093,19.22,Aceptable,20.99,Bueno,interpolacion_delaunay,0,3302,217,861,180
2026-10-10T01:55:27.969942+00:00,1904600011106,21.13,Aceptable,22.97,Bueno,interpolacion_delaunay,0,3881,243,712,89
2026-10-10T01:55:27.969942+00:00,1904600011110,20.96,Aceptable,23.85,Bueno,interpolacion_delaunay,0,3018,178,738,133
2026-10-10T01:55:27.969942+00:00,1904600011125,16.66,Aceptable,18.19,Bueno,interpolacion_delaunay,0,3318,323,549,240
2026-10-10T01:55:27.969942+00:00,190460001113A,16.86,Aceptable,18.43,Bueno,interpolacion_delaunay,0,3513,294,662,255
2026-10-10T01:55:27.969942+00:00,1904600011144,17.08,Aceptable,18.68,Bueno,interpolacion_delaunay,0,3223,294,460,148
2026-10-10T01:55:27.969942+00:00,1904600011159,17.45,Aceptable,19.19,Bueno,interpolacion_delaunay,0,4682,317,917,254
2026-10-10T01:55:27.969942+00:00,1904600011163,17.97,Aceptable,19.74,Bueno,interpolacion_delaunay,0,4463,291,849,173
2026-10-10T01:55:27.969942+00:00,1904600011178,19.2,Aceptable,21.0,Bueno,interpolacion_delaunay,0,2288,137,771,142
2026-10-10T01:55:27.969942+00:00,1904600011182,18.67,Aceptable,20.45,Bueno,interpolacion_delaunay,0,2567,158,877,192
2026-10-10T01:55:27.969942+00:00,1904600011197,18.41,Aceptable,20.21,Bueno,interpolacion_delaunay,0,2285,129,707,149
2026-10-10T01:55:27.969942+00:00,1904600011214,17.34,Aceptable,18.84,Bueno,interpolacion_delaunay,0,2395,153,608,159
2026-10-10T01:55:27.969942+00:00,1904600011229,17.79,Aceptable,19.31,Bueno,interpolacion_delaunay,0,3808,341,729,252
2026-10-10T01:55:27.969942+00:00,1904600011248,17.56,Aceptable,19.18,Bueno,interpolacion_delaunay,0,3448,233,731,165
2026-10-10T01:55:27.969942+00:00,1904600011252,18.54,Aceptable,20.12,Bueno,interpolacion_delaunay,0,3638,249,902,255
2026-10-10T01:55:27.969942+00:00,1904600011271,19.11,Aceptable,20.8,Bueno,interpolacion_delaunay,0,3393,200,1049,183
2026-10-10T01:55:27.969942+00:00,1904600011290,17.8,Aceptable,19.37,Bueno,interpolacion_delaunay,0,3613,204,959,164
2026-10-10T01:55:27.969942+00:00,1904600011303,18.52,Aceptable,20.12,Bueno,interpolacion_delaunay,0,4255,296,730,120
2026-10-10T01:55:27.969942+00:00,1904600011318,14.6,Bueno,16.1,Bueno,promedio_sensores,1,2617,117,712,78
2026-10-10T01:55:27.969942+00:00,1904600011322,14.93,Bueno,16.44,Bueno,interpolacion_delaunay,0,3209,131,1071,177
2026-10-10T01:55:27.969942+00:00,1904600011356,18.45,Aceptable,20.18,Bueno,interpolacion_delaunay,0,5344,302,754,186
2026-10-10T01:55:27.969942+00:00,190460001138A,16.65,Aceptable,18.13,Bueno,interpolacion_delaunay,0,2330,116,772,143
2026-10-10T01:55:27.969942+00:00,1904600011394,15.01,Aceptable,16.48,Bueno,interpolacion_delaunay,0,2495,152,536,127
2026-10-10T01:55:27.969942+00:00,1904600011430,16.97,Aceptable,18.58,Bueno,interpolacion_delaunay,0,4835,297,977,195
2026-10-10T01:55:27.969942+00:00,1904600011445,18.39,Aceptable,20.16,Bueno,interpolacion_delaunay,0,2396,140,277,35
2026-10-10T01:55:27.969942+00:00,190460001145A,18.7,Aceptable,20.43,Bueno,interpolacion_delaunay,0,4010,242,623,75
2026-10-10T01:55:27.969942+00:00,1904600011464,17.66,Aceptable,19.24,Bueno,interpolacion_delaunay,0,3269,192,527,50
2026-10-10T01:55:27.969942+00:00,1904600011479,16.87,Aceptable,18.34,Bueno,interpolacion_delaunay,0,2267,102,540,81
2026-10-10T01:55:27.969942+00:00,1904600011500,19.72,Aceptable,21.32,Bueno,interpolacion_delaunay,0,4575,375,784,254
2026-10-10T01:55:27.969942+00:00,1904600011515,19.31,Aceptable,20.92,Bueno,interpolacion_delaunay,0,1791,111,314,102
2026-10-10T01:55:27.969942+00:00,190460001152A,19.56,Aceptable,21.2,Bueno,interpolacion_delaunay,0,3396,254,719,167
2026-10-10T01:55:27.969942+00:00,1904600011534,19.87,Aceptable,21.54,Bueno,interpolacion_delaunay,0,5740,487,560,132
2026-10-10T01:55:27.969942+00:00,1904600011549,17.22,Aceptable,19.71,Bueno,interpolacion_delaunay,0,4515,263,831,205
2026-10-10T01:55:27.969942+00:00,1904600011568,19.75,Aceptable,21.49,Bueno,interpolacion_delaunay,0,4996,283,463,138
2026-10-10T01:55:27.969942+00:00,1904600011572,20.06,Aceptable,21.83,Bueno,interpolacion_delaunay,0,4541,345,482,121
2026-10-10T01:55:27.969942+00:00,1904600011587,20.64,Aceptable,23.6,Bueno,interpolacion_delaunay,0,2786,153,244,33
2026-10-10T01:55:27.969942+00:00,1904600011591,20.68,Aceptable,23.59,Bueno,interpolacion_delaunay,0,3387,245,335,48
2026-10-10T01:55:27.969942+00:00,1904600011604,18.04,Aceptable,19.71,Bueno,interpolacion_delaunay,0,3298,256,771,245
2026-10-10T01:55:27.969942+00:00,1904600011619,18.68,Aceptable,20.34,Bueno,interpolacion_delaunay,0,3765,260,958,269
2026-10-10T01:55:27.969942+00:00,1904600011657,18.83,Aceptable,21.48,Bueno,interpolacion_delaunay,0,3567,176,481,50
2026-10-10T01:55:27.969942+00:00,1904600011661,25.56,Aceptable,31.04,Bueno,interpolacion_delaunay,0,282,11,66,6
2026-10-10T01:55:27.969942+00:00,1904600011727,16.46,Aceptable,17.89,Bueno,interpolacion_delaunay,0,3412,179,655,144
2026-10-10T01:55:27.969942+00:00,1904600011746,15.5,Aceptable,17.02,Bueno,interpolacion_delaunay,0,3218,196,815,117
2026-10-10T01:55:27.969942+00:00,1904600011750,15.86,Aceptable,17.35,Bueno,interpolacion_delaunay,0,4162,197,210,54
2026-10-10T01:55:27.969942+00:00,1904600011765,21.95,Aceptable,24.86,Bueno,interpolacion_delaunay,0,3860,405,397,208
2026-10-10T01:55:27.969942+00:00,1904600010663,17.12,Aceptable,18.82,Bueno,interpolacion_delaunay,0,198,8,27,0
2026-10-10T01:55:27.969942+00:00,1904600010926,20.5,Aceptable,22.11,Bueno,interpolacion_delaunay,0,5007,437,867,291
2026-10-10T01:55:27.969942+00:00,1904600010339,18.73,Aceptable,20.21,Bueno,interpolacion_delaunay,0,1314,68,335,78
2026-10-10T01:55:27.969942+00:00,1904600011267,18.95,Aceptable,20.49,Bueno,interpolacion_delaunay,0,3908,248,1102,331
2026-10-10T01:55:27.969942+00:00,1904600011712,21.33,Aceptable,24.08,Bueno,interpolacion_delaunay,0,3272,182,300,58
2026-10-10T01:55:27.969942+00:00,1904600010447,18.79,Aceptable,20.27,Bueno,interpolacion_delaunay,0,4132,230,437,113
2026-10-10T01:55:27.969942+00:00,1904600011498,15.35,Aceptable,16.74,Bueno,interpolacion_delaunay,0,3212,141,667,65
2026-10-10T01:55:27.969942+00:00,1904600010682,20.14,Aceptable,21.96,Bueno,interpolacion_delaunay,0,6498,485,714,113
2026-10-10T01:55:27.969942+00:00,1903100450393,22.75,Aceptable,27.52,Bueno,interpolacion_delaunay,0,4470,331,183,115
2026-10-10T01:55:27.969942+00:00,1903100451090,25.34,Aceptable,31.59,Bueno,interpolacion_delaunay,0,3117,391,133,67
2026-10-10T01:55:27.969942+00:00,1903100010340,28.16,Aceptable,35.94,Bueno,interpolacion_delaunay,0,3444,349,252,192
2026-10-10T01:55:27.969942+00:00,1903100450641,18.4,Aceptable,21.56,Bueno,interpolacion_delaunay,0,1572,92,57,77
2026-10-10T01:55:27.969942+00:00,1903100451086,22.88,Aceptable,28.11,Bueno,interpolacion_delaunay,0,3582,470,173,24
2026-10-10T01:55:27.969942+00:00,190310311171A,30.22,Aceptable,38.38,Bueno,interpolacion_delaunay,0,1226,184,39,41
2026-10-10T01:55:27.969942+00:00,1903100450088,16.66,Aceptable,19.48,Bueno,interpolacion_delaunay,0,106,4,27,5
2026-10-10T01:55:27.969942+00:00,1903100450321,19.93,Aceptable,23.63,Bueno,interpolacion_delaunay,0,781,65,43,66
2026-10-10T01:55:27.969942+00:00,1903100450656,25.62,Aceptable,31.38,Bueno,interpolacion_delaunay,0,6656,512,216,203
2026-10-10T01:55:27.969942+00:00,1903100451461,23.99,Aceptable,29.46,Bueno,interpolacion_delaunay,0,215,36,0,4
2026-10-10T01:55:27.969942+00:00,1903100451391,26.21,Aceptable,32.34,Bueno,interpolacion_delaunay,0,400,41,11,20
2026-10-10T01:55:27.969942+00:00,190310001068A,29.4,Aceptable,38.3,Bueno,promedio_sensores,1,5585,402,158,107
2026-10-10T01:55:27.969942+00:00,1903100010872,27.48,Aceptable,35.28,Bueno,interpolacion_delaunay,0,2902,333,115,45
2026-10-10T01:55:27.969942+00:00,1903100450266,20.77,Aceptable,25.11,Bueno,interpolacion_delaunay,0,3518,300,297,140
2026-10-10T01:55:27.969942+00:00,1903100451211,22.44,Aceptable,26.89,Bueno,interpolacion_delaunay,0,318,31,15,12
2026-10-10T01:55:27.969942+00:00,1903100450105,17.41,Aceptable,20.71,Bueno,interpolacion_delaunay,0,617,53,101,42
2026-10-10T01:55:27.969942+00:00,1903100450533,21.88,Aceptable,26.7,Bueno,interpolacion_delaunay,0,112,19,4,0
2026-10-10T01:55:27.969942+00:00,1903100450834,23.48,Aceptable,28.71,Bueno,interpolacion_delaunay,0,5335,620,158,133
2026-10-10T01:55:27.969942+00:00,1903100451122,28.31,Aceptable,34.93,Bueno,interpolacion_delaunay,0,4196,367,129,124
2026-10-10T01:55:27.969942+00:00,1903100451118,24.93,Aceptable,30.68,Bueno,interpolacion_delaunay,0,1143,149,65,58
2026-10-10T01:55:27.969942+00:00,1903100450092,18.63,Aceptable,22.1,Bueno,interpolacion_delaunay,0,5801,601,614,240
2026-10-10T01:55:27.969942+00:00,190310001036A,27.04,Aceptable,34.23,Bueno,interpolacion_delaunay,0,2196,166,139,77
2026-10-10T01:55:27.969942+00:00,1903100011264,28.74,Aceptable,36.99,Bueno,interpolacion_delaunay,0,166,15,10,4
2026-10-10T01:55:27.969942+00:00,1903100011692,24.37,Aceptable,30.38,Bueno,interpolacion_delaunay,0,1994,254,42,57
2026-10-10T01:55:27.969942+00:00,1903100450675,24.23,Aceptable,29.5,Bueno,interpolacion_delaunay,0,2985,254,121,65
2026-10-10T01:55:27.969942+00:00,1903100450815,20.74,Aceptable,24.93,Bueno,interpolacion_delaunay,0,5183,452,347,124
2026-10-10T01:55:27.969942+00:00,1903100450887,22.67,Aceptable,27.28,Bueno,interpolacion_delaunay,0,626,73,50,23
2026-10-10T01:55:27.969942+00:00,1903100450891,25.55,Aceptable,31.0,Bueno,interpolacion_delaunay,0,3371,329,210,148
2026-10-10T01:55:27.969942+00:00,1903100450904,26.75,Aceptable,32.62,Bueno,interpolacion_delaunay,0,2284,216,156,77
2026-10-10T01:55:27.969942+00:00,1903100451438,18.9,Aceptable,22.2,Bueno,promedio_sensores,1,489,62,15,5
2026-10-10T01:55:27.969942+00:00,1903100451442,28.75,Aceptable,35.23,Bueno,interpolacion_delaunay,0,530,59,19,6
2026-10-10T01:55:27.969942+00:00,1903100451828,26.31,Aceptable,32.06,Bueno,interpolacion_delaunay,0,1268,201,24,22
2026-10-10T01:55:27.969942+00:00,1903103131616,34.06,Mala,42.27,Bueno,interpolacion_delaunay,0,3396,460,75,104
2026-10-10T01:55:27.969942+00:00,1903100451103,28.01,Aceptable,34.33,Bueno,interpolacion_delaunay,0,1939,184,111,81
2026-10-10T01:55:27.969942+00:00,1903103131601,33.19,Mala,41.1,Bueno,interpolacion_delaunay,0,3536,417,97,62
2026-10-10T01:55:27.969942+00:00,1903100451226,28.47,Aceptable,35.05,Bueno,interpolacion_delaunay,0,2587,267,90,42
2026-10-10T01:55:27.969942+00:00,1903103111512,29.45,Aceptable,36.3,Bueno,interpolacion_delaunay,0,2486,240,126,82
2026-10-10T01:55:27.969942+00:00,1903100451635,25.57,Aceptable,31.59,Bueno,interpolacion_delaunay,0,3621,518,70,103
2026-10-10T01:55:27.969942+00:00,1903103131300,36.7,Mala,45.6,Aceptable,promedio_sensores,1,4074,495,120,80
2026-10-10T01:55:27.969942+00:00,1903103111508,32.1,Aceptable,40.73,Bueno,interpolacion_delaunay,0,3724,412,113,64
2026-10-10T01:55:27.969942+00:00,1903100451387,25.03,Aceptable,30.76,Bueno,interpolacion_delaunay,0,1540,218,34,55
2026-10-10T01:55:27.969942+00:00,1903100452101,24.49,Aceptable,30.27,Bueno,interpolacion_delaunay,0,1249,214,20,18
2026-10-10T01:55:27.969942+00:00,1903100451283,28.0,Aceptable,34.7,Bueno,interpolacion_delaunay,0,3230,373,88,78
2026-10-10T01:55:27.969942+00:00,1903103111527,30.69,Aceptable,38.35,Bueno,interpolacion_delaunay,0,1682,145,143,89
2026-10-10T01:55:27.969942+00:00,1903100452402,27.1,Aceptable,33.63,Bueno,interpolacion_delaunay,0,0,0,0,0
2026-10-10T08:18:59.828842+00:00,1900601740121,17.6,Aceptable,18.6,Bueno,promedio_sensores,1,2694,310,73,36
2026-10-10T08:18:59.828842+00:00,1900601740155,18.06,Aceptable,19.21,Bueno,interpolacion_delaunay,0,1820,285,54,16
2026-10-10T08:18:59.828842+00:00,1900600781948,18.57,Aceptable,19.89,Bueno,interpolacion_delaunay,0,1170,93,69,32
2026-10-10T08:18:59.828842+00:00,1900600012236,18.68,Aceptable,20.12,Bueno,interpolacion_delaunay,0,264,28,6,0
2026-10-10T08:18:59.828842+00:00,1900600010225,17.66,Aceptable,19.53,Bueno,interpolacion_delaunay,0,1,0,0,0
2026-10-10T08:18:59.828842+00:00,1900600010206,18.06,Aceptable,20.48,Bueno,interpolacion_delaunay,0,6646,747,526,177
2026-10-10T08:18:59.828842+00:00,1900600010210,17.67,Aceptable,19.66,Bueno,interpolacion_delaunay,0,0,0,0,0
2026-10-10T08:18:59.828842+00:00,1900600010244,18.23,Aceptable,20.26,Bueno,interpolacion_delaunay,0,90,3,14,3
2026-10-10T08:18:59.828842+00:00,1900600010259,18.31,Aceptable,20.55,Bueno,interpolacion_delaunay,0,3329,268,159,53
2026-10-10T08:18:59.828842+00:00,1900600010278,18.24,Aceptable,20.2,Bueno,interpolacion_delaunay,0,486,52,18,8
2026-10-10T08:18:59.828842+00:00,1900600010297,17.89,Aceptable,19.4,Bueno,interpolacion_delaunay,0,5850,524,288,225
2026-10-10T08:18:59.828842+00:00,1900600010475,18.16,Aceptable,19.99,Bueno,interpolacion_delaunay,0,4729,407,844,249
2026-10-10T08:18:59.828842+00:00,190060001030A,17.85,Aceptable,19.29,Bueno,interpolacion_delaunay,0,4134,431,170,127
2026-10-10T08:18:59.828842+00:00,1900600010348,18.78,Aceptable,20.48,Bueno,interpolacion_delaunay,0,7877,871,609,196
2026-10-10T08:18:59.828842+00:00,1900600010460,18.29,Aceptable,20.19,Bueno,interpolacion_delaunay,0,4909,343,1088,217
2026-10-10T08:18:59.828842+00:00,1900600010352,18.77,Aceptable,20.33,Bueno,interpolacion_delaunay,0,1017,63,153,80
2026-10-10T08:18:59.828842+00:00,1900600010367,18.92,Aceptable,20.55,Bueno,interpolacion_delaunay,0,469,45,60,46
2026-10-10T08:18:59.828842+00:00,1900600010403,17.66,Aceptable,20.44,Bueno,interpolacion_delaunay,0,4726,352,972,196
2026-10-10T08:18:59.828842+00:00,190060001055A,17.65,Aceptable,20.3,Bueno,interpolacion_delaunay,0,4579,363,547,197
2026-10-10T08:18:59.828842+00:00,1900600010583,17.93,Aceptable,19.86,Bueno,interpolacion_delaunay,0,4964,382,425,153
2026-10-10T08:18:59.828842+00:00,1900600010598,17.79,Aceptable,19.55,Bueno,interpolacion_delaunay,0,5332,416,338,212
2026-10-10T08:18:59.828842+00:00,1900600010723,20.37,Aceptable,21.68,Bueno,interpolacion_delaunay,0,5109,353,1039,281
2026-10-10T08:18:59.828842+00:00,1900600010780,18.21,Aceptable,19.82,Bueno,interpolacion_delaunay,0,3755,348,382,222
2026-10-10T08:18:59.828842+00:00,1900600010795,18.39,Aceptable,20.01,Bueno,interpolacion_delaunay,0,5270,506,424,204
2026-10-10T08:18:59.828842+00:00,1900600010808,18.58,Aceptable,20.22,Bueno,interpolacion_delaunay,0,3443,304,372,102
2026-10-10T08:18:59.828842+00:00,1900600010920,17.6,Aceptable,20.5,Bueno,promedio_sensores,1,5729,316,496,128
2026-10-10T08:18:59.828842+00:00,1900600011011,18.07,Aceptable,20.29,Bueno,interpolacion_delaunay,0,0,0,0,0
2026-10-10T08:18:59.828842+00:00,1900600011026,18.04,Aceptable,20.14,Bueno,interpolacion_delaunay,0,0,0,0,0
2026-10-10T08:18:59.828842+00:00,1900600011064,17.76,Aceptable,20.52,Bueno,interpolacion_delaunay,0,4513,371,370,162
2026-10-10T08:18:59.828842+00:00,1900600011098,15.86,Aceptable,17.85,Bueno,interpolacion_delaunay,0,5772,542,419,165
2026-10-10T08:18:59.828842+00:00,1900600011149,18.85,Aceptable,20.36,Bueno,interpolacion_delaunay,0,1140,100,87,38
2026-10-10T08:18:59.828842+00:00,1900600011350,17.79,Aceptable,20.49,Bueno,interpolacion_delaunay,0,3323,233,353,93
2026-10-10T08:18:59.828842+00:00,1900600011365,17.87,Aceptable,20.51,Bueno,interpolacion_delaunay,0,3259,285,225,87
2026-10-10T08:18:59.828842+00:00,190060001137A,19.75,Aceptable,21.47,Bueno,interpolacion_delaunay,0,2748,223,522,132
2026-10-10T08:18:59.828842+00:00,1900600011632,17.69,Aceptable,19.01,Bueno,interpolacion_delaunay,0,5931,475,161,144
2026-10-10T08:18:59.828842+00:00,1900600011384,19.27,Aceptable,21.26,Bueno,interpolacion_delaunay,0,3359,263,352,73
2026-10-10T08:18:59.828842+00:00,1900600011399,17.9,Aceptable,20.44,Bueno,interpolacion_delaunay,0,2371,274,284,91
2026-10-10T08:18:59.828842+00:00,1900600011469,17.68,Aceptable,19.06,Bueno,interpolacion_delaunay,0,1932,125,131,96
2026-10-10T08:18:59.828842+00:00,1900600011401,18.1,Aceptable,20.64,Bueno,interpolacion_delaunay,0,3593,269,468,144
2026-10-10T08:18:59.828842+00:00,190060001144A,17.66,Aceptable,19.21,Bueno,interpolacion_delaunay,0,6239,575,321,95
2026-10-10T08:18:59.828842+00:00,1900600011473,17.89,Aceptable,19.73,Bueno,interpolacion_delaunay,0,2826,209,259,107
2026-10-10T08:18:59.828842+00:00,1900600011488,18.01,Aceptable,19.86,Bueno,interpolacion_delaunay,0,2922,234,293,96
2026-10-10T08:18:59.828842+00:00,1900600011492,18.2,Aceptable,19.91,Bueno,interpolacion_delaunay,0,1725,134,78,56
2026-10-10T08:18:59.828842+00:00,1900600011505,18.06,Aceptable,19.71,Bueno,interpolacion_delaunay,0,2030,151,78,103
2026-10-10T08:18:59.828842+00:00,190060001151A,18.06,Aceptable,19.66,Bueno,interpolacion_delaunay,0,4650,413,187,145
2026-10-10T08:18:59.828842+00:00,1900600011524,18.13,Aceptable,19.62,Bueno,interpolacion_delaunay,0,3658,279,744,150
2026-10-10T08:18:59.828842+00:00,1900600011539,18.33,Aceptable,19.84,Bueno,interpolacion_delaunay,0,3879,269,179,190
2026-10-10T08:18:59.828842+00:00,1900600011543,18.57,Aceptable,20.14,Bueno,interpolacion_delaunay,0,3926,372,127,91
2026-10-10T08:18:59.828842+00:00,1900600011844,17.92,Aceptable,19.22,Bueno,interpolacion_delaunay,0,1922,166,57,23
2026-10-10T08:18:59.828842+00:00,1900600011666,17.8,Aceptable,19.1,Bueno,interpolacion_delaunay,0,2454,221,74,68
2026-10-10T08:18:59.828842+00:00,1900600011859,18.03,Aceptable,19.34,Bueno,interpolacion_delaunay,0,1533,143,46,34
2026-10-10T08:18:59.828842+00:00,1900600011863,18.49,Aceptable,19.97,Bueno,interpolacion_delaunay,0,1050,130,36,5
2026-10-10T08:18:59.828842+00:00,1900600011878,18.58,Aceptable,19.95,Bueno,interpolacion_delaunay,0,5255,440,206,130
2026-10-10T08:18:59.828842+00:00,1900600011882,18.53,Aceptable,19.83,Bueno,interpolacion_delaunay,0,5356,444,208,243
2026-10-10T08:18:59.828842+00:00,190060001190A,18.78,Aceptable,20.22,Bueno,interpolacion_delaunay,0,3346,296,126,99
2026-10-10T08:18:59.828842+00:00,1900600011914,18.78,Aceptable,20.15,Bueno,interpolacion_delaunay,0,5844,518,215,189
2026-10-10T08:18:59.828842+00:00,1900600011929,18.92,Aceptable,20.35,Bueno,interpolacion_delaunay,0,5690,426,232,211
2026-10-10T08:18:59.828842+00:00,1900600012043,18.28,Aceptable,19.55,Bueno,interpolacion_delaunay,0,3660,375,120,69
2026-10-10T08:18:59.828842+00:00,1900600012109,18.02,Aceptable,19.38,Bueno,interpolacion_delaunay,0,1488,155,32,33
2026-10-10T08:18:59.828842+00:00,1900600012128,18.4,Aceptable,19.86,Bueno,interpolacion_delaunay,0,1714,168,66,31
2026-10-10T08:18:59.828842+00:00,190060001226A,18.11,Aceptable,19.89,Bueno,interpolacion_delaunay,0,4528,324,328,117
2026-10-10T08:18:59.828842+00:00,1900600012274,17.88,Aceptable,19.54,Bueno,interpolacion_delaunay,0,5782,615,191,106
2026-10-10T08:18:59.828842+00:00,190060001233A,18.07,Aceptable,19.34,Bueno,interpolacion_delaunay,0,2449,267,53,48
2026-10-10T08:18:59.828842+00:00,1900600012414,18.18,Aceptable,19.58,Bueno,interpolacion_delaunay,0,2297,332,39,45
2026-10-10T08:18:59.828842+00:00,1900600012429,18.3,Aceptable,19.66,Bueno,interpolacion_delaunay,0,3283,479,97,39
2026-10-10T08:18:59.828842+00:00,1900600012734,18.59,Aceptable,20.03,Bueno,interpolacion_delaunay,0,961,146,24,13
2026-10-10T08:18:59.828842+00:00,1900600010992,17.86,Aceptable,20.09,Bueno,interpolacion_delaunay,0,0,0,0,0
2026-10-10T08:18:59.828842+00:00,1900600012804,17.79,Aceptable,20.15,Bueno,interpolacion_delaunay,0,705,129,13,7
2026-10-10T08:18:59.828842+00:00,1900600011897,18.8,Aceptable,20.2,Bueno,interpolacion_delaunay,0,3063,294,202,149
2026-10-10T08:18:59.828842+00:00,1900600012202,18.43,Aceptable,19.69,Bueno,interpolacion_delaunay,0,372,48,3,8
2026-10-10T08:18:59.828842+00:00,1900600012039,18.62,Aceptable,19.94,Bueno,interpolacion_delaunay,0,2684,242,90,67
2026-10-10T08:18:59.828842+00:00,1900601740047,17.67,Aceptable,18.82,Bueno,interpolacion_delaunay,0,1719,266,38,40
2026-10-10T08:18:59.828842+00:00,190190001005A,20.87,Aceptable,22.18,Bueno,interpolacion_delaunay,0,2404,108,693,69
2026-10-10T08:18:59.828842+00:00,1901900010064,19.32,Aceptable,20.3,Bueno,promedio_sensores,4,2721,181,677,58
2026-10-10T08:18:59.828842+00:00,1901900010079,21.5,Aceptable,22.6,Bueno,promedio_sensores,1,4464,212,1159,127
2026-10-10T08:18:59.828842+00:00,1901900010083,14.8,Bueno,15.57,Bueno,promedio_sensores,3,1374,63,441,45
2026-10-10T08:18:59.828842+00:00,1901900010098,15.2,Aceptable,16.4,Bueno,promedio_sensores,1,1854,103,460,42
2026-10-10T08:18:59.828842+00:00,1901900010100,22.2,Aceptable,22.9,Bueno,promedio_sensores,1,1944,129,547,21
2026-10-10T08:18:59.828842+00:00,1901900010149,22.8,Aceptable,26.8,Bueno,promedio_sensores,1,1163,75,215,15
2026-10-10T08:18:59.828842+00:00,1901900010153,25.2,Aceptable,27.0,Bueno,promedio_sensores,1,1800,134,430,81
2026-10-10T08:18:59.828842+00:00,1901900010168,23.4,Aceptable,25.0,Bueno,promedio_sensores,1,1570,81,416,43
2026-10-10T08:18:59.828842+00:00,1901900010172,20.15,Aceptable,21.37,Bueno,interpolacion_delaunay,0,1335,59,357,29
2026-10-10T08:18:59.828842+00:00,1901900010187,20.98,Aceptable,22.25,Bueno,interpolacion_delaunay,0,4463,306,999,93
2026-10-10T08:18:59.828842+00:00,1901900010191,15.8,Aceptable,16.4,Bueno,promedio_sensores,1,2824,172,637,108
2026-10-10T08:18:59.828842+00:00,1901900010204,19.66,Aceptable,20.73,Bueno,interpolacion_delaunay,0,3926,317,736,119
2026-10-10T08:18:59.828842+00:00,1901900010223,20.68,Aceptable,21.89,Bueno,interpolacion_delaunay,0,2979,89,503,54
2026-10-10T08:18:59.828842+00:00,1901900010238,21.7,Aceptable,23.0,Bueno,promedio_sensores,1,1904,73,302,23
2026-10-10T08:18:59.828842+00:00,1901900010242,9.3,Bueno,9.9,Bueno,promedio_sensores,3,2717,143,729,92
2026-10-10T08:18:59.828842+00:00,1901900010257,19.5,Aceptable,20.7,Bueno,promedio_sensores,1,1307,56,361,13
2026-10-10T08:18:59.828842+00:00,1901900010261,11.5,Bueno,12.5,Bueno,promedio_sensores,2,2240,113,567,42
2026-10-10T08:18:59.828842+00:00,1901900010280,17.28,Aceptable,18.24,Bueno,interpolacion_delaunay,0,2690,79,360,43
2026-10-10T08:18:59.828842+00:00,1901900010350,16.16,Aceptable,16.72,Bueno,interpolacion_delaunay,0,2768,148,592,68
2026-10-10T08:18:59.828842+00:00,1901900010365,26.5,Aceptable,28.8,Bueno,promedio_sensores,1,3419,327,293,61
2026-10-10T08:18:59.828842+00:00,1901900010399,21.85,Aceptable,22.55,Bueno,promedio_sensores,2,1162,6,68,0
2026-10-10T08:18:59.828842+00:00,1901900010401,15.8,Aceptable,16.3,Bueno,promedio_sensores,1,2375,247,392,86
2026-10-10T08:18:59.828842+00:00,1901900010416,17.99,Aceptable,19.26,Bueno,interpolacion_delaunay,0,700,19,105,4
2026-10-10T08:18:59.828842+00:00,1901900010420,17.6,Aceptable,18.9,Bueno,promedio_sensores,1,1696,93,408,47
2026-10-10T08:18:59.828842+00:00,1901900010435,24.2,Aceptable,25.9,Bueno,promedio_sensores,1,4494,346,601,54
2026-10-10T08:18:59.828842+00:00,190190001044A,14.87,Bueno,16.47,Bueno,promedio_sensores,3,4383,354,439,56
2026-10-10T08:18:59.828842+00:00,1901900010454,20.5,Aceptable,21.8,Bueno,promedio_sensores,2,557,26,114,11
2026-10-10T08:18:59.828842+00:00,1901900010469,21.5,Aceptable,23.5,Bueno,promedio_sensores,1,3112,170,568,37
2026-10-10T08:18:59.828842+00:00,1901900010473,19.11,Aceptable,20.78,Bueno,interpolacion_delaunay,0,983,46,182,19
2026-10-10T08:18:59.828842+00:00,1901900010488,12.5,Bueno,13.4,Bueno,promedio_sensores,2,2757,295,371,102
2026-10-10T08:18:59.828842+00:00,1901900010492,11.8,Bueno,12.95,Bueno,promedio_sensores,2,2848,173,697,71
2026-10-10T08:18:59.828842+00:00,1901900010505,16.84,Aceptable,17.54,Bueno,interpolacion_delaunay,0,2494,111,512,19
2026-10-10T08:18:59.828842+00:00,190190001051A,18.4,Aceptable,20.1,Bueno,promedio_sensores,1,1899,111,507,36
2026-10-10T08:18:59.828842+00:00,1901900010558,16.73,Aceptable,17.27,Bueno,promedio_sensores,3,1349,87,230,21
2026-10-10T08:18:59.828842+00:00,1901900010613,16.02,Aceptable,16.57,Bueno,interpolacion_delaunay,0,132,0,20,0
2026-10-10T08:18:59.828842+00:00,1901900010384,20.51,Aceptable,21.94,Bueno,interpolacion_delaunay,0,1111,19,119,15
2026-10-10T08:18:59.828842+00:00,1901900010219,21.32,Aceptable,22.59,Bueno,interpolacion_delaunay,0,1954,106,555,58
2026-10-10T08:18:59.828842+00:00,1902100011338,16.38,Aceptable,18.71,Bueno,interpolacion_delaunay,0,2800,219,134,55
2026-10-10T08:18:59.828842+00:00,1902100011817,11.7,Bueno,12.8,Bueno,promedio_sensores,1,583,52,40,11
2026-10-10T08:18:59.828842+00:00,1902100010293,14.02,Bueno,15.49,Bueno,interpolacion_delaunay,0,2008,84,165,35
2026-10-10T08:18:59.828842+00:00,190210001033A,13.4,Bueno,14.67,Bueno,interpolacion_delaunay,0,4000,286,440,91
2026-10-10T08:18:59.828842+00:00,1902100011060,20.73,Aceptable,23.86,Bueno,interpolacion_delaunay,0,3355,278,195,95
2026-10-10T08:18:59.828842+00:00,1902100010289,14.66,Bueno,16.33,Bueno,interpolacion_delaunay,0,1352,78,109,44
2026-10-10T08:18:59.828842+00:00,1902100010325,16.24,Aceptable,18.03,Bueno,interpolacion_delaunay,0,1,0,0,0
2026-10-10T08:18:59.828842+00:00,1902100011412,20.5,Aceptable,21.8,Bueno,promedio_sensores,1,3239,228,156,27
2026-10-10T08:18:59.828842+00:00,1902100011427,13.29,Bueno,14.36,Bueno,interpolacion_delaunay,0,4126,302,227,21
2026-10-10T08:18:59.828842+00:00,1902100011408,13.89,Bueno,15.62,Bueno,interpolacion_delaunay,0,6781,377,571,69
2026-10-10T08:18:59.828842+00:00,1902100011342,17.47,Aceptable,20.07,Bueno,interpolacion_delaunay,0,4655,261,185,126
2026-10-10T08:18:59.828842+00:00,1902100010043,19.49,Aceptable,22.14,Bueno,interpolacion_delaunay,0,4208,322,819,334
2026-10-10T08:18:59.828842+00:00,1902100010255,19.4,Aceptable,22.39,Bueno,interpolacion_delaunay,0,6704,625,410,194
2026-10-10T08:18:59.828842+00:00,1902100010378,18.4,Aceptable,20.7,Bueno,promedio_sensores,1,4134,262,294,72
2026-10-10T08:18:59.828842+00:00,1902100011075,20.99,Aceptable,24.1,Bueno,interpolacion_delaunay,0,8122,855,320,248
2026-10-10T08:18:59.828842+00:00,1902600011832,18.68,Aceptable,20.48,Bueno,interpolacion_delaunay,0,3764,305,386,174
2026-10-10T08:18:59.828842+00:00,1902600010035,18.43,Aceptable,20.11,Bueno,interpolacion_delaunay,0,1597,156,285,106
2026-10-10T08:18:59.828842+00:00,1902600012332,23.86,Aceptable,27.88,Bueno,interpolacion_delaunay,0,5634,507,898,399
2026-10-10T08:18:59.828842+00:00,1902600010020,18.47,Aceptable,20.33,Bueno,interpolacion_delaunay,0,1825,174,355,160
2026-10-10T08:18:59.828842+00:00,1902600011279,18.37,Aceptable,20.15,Bueno,interpolacion_delaunay,0,4324,384,731,269
2026-10-10T08:18:59.828842+00:00,1902600011283,18.34,Aceptable,20.05,Bueno,interpolacion_delaunay,0,3719,341,754,207
2026-10-10T08:18:59.828842+00:00,1902600012440,18.68,Aceptable,20.72,Bueno,interpolacion_delaunay,0,2604,133,153,35
2026-10-10T08:18:59.828842+00:00,1902600012667,19.98,Aceptable,21.71,Bueno,interpolacion_delaunay,0,778,73,30,14
2026-10-10T08:18:59.828842+00:00,1902600012811,18.31,Aceptable,21.08,Bueno,interpolacion_delaunay,0,26,4,0,0
2026-10-10T08:18:59.828842+00:00,1902600010459,19.63,Aceptable,22.58,Bueno,interpolacion_delaunay,0,3039,123,850,229
2026-10-10T08:18:59.828842+00:00,1902600010317,20.07,Aceptable,23.04,Bueno,interpolacion_delaunay,0,4084,275,902,321
2026-10-10T08:18:59.828842+00:00,1902600010957,18.52,Aceptable,20.3,Bueno,interpolacion_delaunay,0,5841,533,1121,336
2026-10-10T08:18:59.828842+00:00,1902600011103,20.84,Aceptable,22.91,Bueno,interpolacion_delaunay,0,950,69,80,47
2026-10-10T08:18:59.828842+00:00,1902600011457,19.17,Aceptable,21.3,Bueno,interpolacion_delaunay,0,2279,129,466,94
2026-10-10T08:18:59.828842+00:00,1902600011404,14.71,Bueno,16.83,Bueno,interpolacion_delaunay,0,3115,227,702,219
2026-10-10T08:18:59.828842+00:00,1902600011508,20.72,Aceptable,22.73,Bueno,interpolacion_delaunay,0,1978,175,250,90
2026-10-10T08:18:59.828842+00:00,1902600011828,18.51,Aceptable,20.41,Bueno,interpolacion_delaunay,0,2175,178,266,60
2026-10-10T08:18:59.828842+00:00,1902600011847,18.8,Aceptable,20.63,Bueno,interpolacion_delaunay,0,4488,374,407,157
2026-10-10T08:18:59.828842+00:00,1902600012402,21.52,Aceptable,23.97,Bueno,interpolacion_delaunay,0,2699,234,353,170
2026-10-10T08:18:59.828842+00:00,1902600012205,22.93,Aceptable,25.99,Bueno,interpolacion_delaunay,0,4435,432,502,204
2026-10-10T08:18:59.828842+00:00,1902600012258,20.19,Aceptable,22.02,Bueno,interpolacion_delaunay,0,1006,77,102,40
2026-10-10T08:18:59.828842+00:00,1902600012296,19.45,Aceptable,20.94,Bueno,interpolacion_delaunay,0,4398,237,919,190
2026-10-10T08:18:59.828842+00:00,1902600012455,18.75,Aceptable,20.67,Bueno,interpolacion_delaunay,0,4962,328,296,118
2026-10-10T08:18:59.828842+00:00,1902600010302,20.07,Aceptable,23.13,Bueno,interpolacion_delaunay,0,2790,166,675,209
2026-10-10T08:18:59.828842+00:00,1902600010425,19.03,Aceptable,21.23,Bueno,interpolacion_delaunay,0,3687,235,843,230
2026-10-10T08:18:59.828842+00:00,1902600010533,19.43,Aceptable,21.21,Bueno,interpolacion_delaunay,0,1681,81,395,96
2026-10-10T08:18:59.828842+00:00,1902600011813,18.53,Aceptable,20.48,Bueno,interpolacion_delaunay,0,5250,447,545,129
2026-10-10T08:18:59.828842+00:00,1902600011851,18.93,Aceptable,20.77,Bueno,interpolacion_delaunay,0,4115,305,359,155
2026-10-10T08:18:59.828842+00:00,1902600012436,18.53,Aceptable,20.56,Bueno,interpolacion_delaunay,0,3242,185,145,20
2026-10-10T08:18:59.828842+00:00,1902600012686,19.87,Aceptable,21.59,Bueno,interpolacion_delaunay,0,40,3,7,5
2026-10-10T08:18:59.828842+00:00,1902600010124,18.4,Aceptable,19.76,Bueno,interpolacion_delaunay,0,2665,140,749,113
2026-10-10T08:18:59.828842+00:00,1902600012417,19.4,Aceptable,20.87,Bueno,interpolacion_delaunay,0,2073,147,228,128
2026-10-10T08:18:59.828842+00:00,1902600012347,24.47,Aceptable,28.12,Bueno,interpolacion_delaunay,0,4440,433,247,105
2026-10-10T08:18:59.828842+00:00,190260001239A,19.75,Aceptable,21.24,Bueno,interpolacion_delaunay,0,2697,236,207,88
2026-10-10T08:18:59.828842+00:00,190260001260A,19.96,Aceptable,21.71,Bueno,interpolacion_delaunay,0,979,82,21,36
2026-10-10T08:18:59.828842+00:00,1902600011391,19.96,Aceptable,22.26,Bueno,interpolacion_delaunay,0,3747,280,1036,286
2026-10-10T08:18:59.828842+00:00,1902600010251,19.41,Aceptable,21.25,Bueno,interpolacion_delaunay,0,6072,581,994,581
2026-10-10T08:18:59.828842+00:00,1902600010707,18.59,Aceptable,20.77,Bueno,interpolacion_delaunay,0,4261,296,986,365
2026-10-10T08:18:59.828842+00:00,190260001157A,18.5,Aceptable,20.52,Bueno,interpolacion_delaunay,0,2161,148,444,126
2026-10-10T08:18:59.828842+00:00,1902600011654,22.39,Aceptable,25.21,Bueno,interpolacion_delaunay,0,3737,309,535,205
2026-10-10T08:18:59.828842+00:00,1902600012385,18.32,Aceptable,21.11,Bueno,interpolacion_delaunay,0,108,11,8,5
2026-10-10T08:18:59.828842+00:00,1902600011495,20.77,Aceptable,22.79,Bueno,interpolacion_delaunay,0,2675,203,421,91
2026-10-10T08:18:59.828842+00:00,1902600012525,23.79,Aceptable,27.1,Bueno,interpolacion_delaunay,0,6162,464,363,124
2026-10-10T08:18:59.828842+00:00,1902600010995,18.99,Aceptable,20.75,Bueno,interpolacion_delaunay,0,1016,61,224,56
2026-10-10T08:18:59.828842+00:00,1902600011866,17.98,Aceptable,19.36,Bueno,interpolacion_delaunay,0,3064,167,548,67
2026-10-10T08:18:59.828842+00:00,190260001207A,18.07,Aceptable,19.22,Bueno,interpolacion_delaunay,0,2199,99,452,47
2026-10-10T08:18:59.828842+00:00,1902600012120,13.73,Bueno,14.37,Bueno,interpolacion_delaunay,0,1092,33,384,28
2026-10-10T08:18:59.828842+00:00,1902600012135,12.74,Bueno,13.02,Bueno,interpolacion_delaunay,0,1356,47,414,29
2026-10-10T08:18:59.828842+00:00,1902600012544,24.41,Aceptable,28.19,Bueno,interpolacion_delaunay,0,2171,187,206,83
2026-10-10T08:18:59.828842+00:00,1902600010069,19.23,Aceptable,21.62,Bueno,interpolacion_delaunay,0,1920,94,579,107
2026-10-10T08:18:59.828842+00:00,1902600010073,19.12,Aceptable,21.38,Bueno,interpolacion_delaunay,0,3137,159,955,77
2026-10-10T08:18:59.828842+00:00,1902600010088,18.67,Aceptable,20.64,Bueno,interpolacion_delaunay,0,2870,157,722,160
2026-10-10T08:18:59.828842+00:00,1902600010158,20.57,Aceptable,23.74,Bueno,interpolacion_delaunay,0,1517,70,502,83
2026-10-10T08:18:59.828842+00:00,190260001029A,20.03,Aceptable,23.18,Bueno,interpolacion_delaunay,0,1809,94,461,133
2026-10-10T08:18:59.828842+00:00,1902600011885,19.26,Aceptable,21.73,Bueno,interpolacion_delaunay,0,1944,100,497,103
2026-10-10T08:18:59.828842+00:00,1902600012192,20.21,Aceptable,22.04,Bueno,interpolacion_delaunay,0,2742,217,241,94
2026-10-10T08:18:59.828842+00:00,1902600012243,21.48,Aceptable,25.17,Bueno,interpolacion_delaunay,0,316,37,21,22
2026-10-10T08:18:59.828842+00:00,1902600012421,20.05,Aceptable,21.64,Bueno,interpolacion_delaunay,0,2385,134,120,49
2026-10-10T08:18:59.828842+00:00,1902600012597,20.1,Aceptable,21.88,Bueno,interpolacion_delaunay,0,3539,244,126,97
2026-10-10T08:18:59.828842+00:00,1902600011029,19.08,Aceptable,20.94,Bueno,interpolacion_delaunay,0,1109,94,97,45
2026-10-10T08:18:59.828842+00:00,190260001189A,19.65,Aceptable,22.33,Bueno,interpolacion_delaunay,0,2117,131,543,112
2026-10-10T08:18:59.828842+00:00,1902600012703,18.95,Aceptable,21.81,Bueno,interpolacion_delaunay,0,632,49,33,14
2026-10-10T08:18:59.828842+00:00,1902600011372,20.32,Aceptable,22.82,Bueno,interpolacion_delaunay,0,2451,168,520,192
2026-10-10T08:18:59.828842+00:00,1902600012366,20.01,Aceptable,21.77,Bueno,interpolacion_delaunay,0,350,28,12,6
2026-10-10T08:18:59.828842+00:00,1902600010321,20.34,Aceptable,23.26,Bueno,interpolacion_delaunay,0,5159,259,1483,335
2026-10-10T08:18:59.828842+00:00,1902600010336,20.31,Aceptable,23.14,Bueno,interpolacion_delaunay,0,3112,150,945,118
2026-10-10T08:18:59.828842+00:00,1902600010340,20.42,Aceptable,23.18,Bueno,interpolacion_delaunay,0,5009,289,1452,316
2026-10-10T08:18:59.828842+00:00,1902600010355,20.22,Aceptable,22.81,Bueno,interpolacion_delaunay,0,2172,143,527,123
2026-10-10T08:18:59.828842+00:00,1902600010389,20.26,Aceptable,22.66,Bueno,interpolacion_delaunay,0,3485,223,809,188
2026-10-10T08:18:59.828842+00:00,1902600010393,19.9,Aceptable,22.08,Bueno,interpolacion_delaunay,0,4293,274,932,186
2026-10-10T08:18:59.828842+00:00,1902600010618,19.14,Aceptable,21.39,Bueno,interpolacion_delaunay,0,3420,248,733,217
2026-10-10T08:18:59.828842+00:00,1902600010730,20.08,Aceptable,21.03,Bueno,interpolacion_delaunay,0,4610,359,992,364
2026-10-10T08:18:59.828842+00:00,1902600011033,19.48,Aceptable,21.38,Bueno,interpolacion_delaunay,0,5199,444,572,162
2026-10-10T08:18:59.828842+00:00,1902600011122,23.15,Aceptable,26.36,Bueno,interpolacion_delaunay,0,6940,637,766,300
2026-10-10T08:18:59.828842+00:00,1902600011546,18.8,Aceptable,21.25,Bueno,interpolacion_delaunay,0,3715,209,870,202
2026-10-10T08:18:59.828842+00:00,1902600011461,19.1,Aceptable,21.11,Bueno,interpolacion_delaunay,0,3227,233,684,198
2026-10-10T08:18:59.828842+00:00,190260001132A,20.15,Aceptable,22.85,Bueno,interpolacion_delaunay,0,2713,152,488,78
2026-10-10T08:18:59.828842+00:00,1902600011334,19.16,Aceptable,20.71,Bueno,interpolacion_delaunay,0,3525,289,683,240
2026-10-10T08:18:59.828842+00:00,1902600011349,19.6,Aceptable,21.21,Bueno,interpolacion_delaunay,0,2716,239,484,222
2026-10-10T08:18:59.828842+00:00,1902600011368,20.22,Aceptable,22.73,Bueno,interpolacion_delaunay,0,3348,226,652,119
2026-10-10T08:18:59.828842+00:00,1902600011419,19.81,Aceptable,22.64,Bueno,interpolacion_delaunay,0,2833,144,728,158
2026-10-10T08:18:59.828842+00:00,1902600011442,19.0,Aceptable,21.15,Bueno,interpolacion_delaunay,0,3169,182,598,174
2026-10-10T08:18:59.828842+00:00,1902600011565,18.64,Aceptable,20.91,Bueno,interpolacion_delaunay,0,4076,290,816,263
2026-10-10T08:18:59.828842+00:00,1902600011584,18.95,Aceptable,20.55,Bueno,interpolacion_delaunay,0,4255,317,895,221
2026-10-10T08:18:59.828842+00:00,1902600011599,19.17,Aceptable,20.66,Bueno,interpolacion_delaunay,0,2923,228,572,152
2026-10-10T08:18:59.828842+00:00,1902600011601,19.8,Aceptable,20.5,Bueno,promedio_sensores,1,3474,261,775,299
2026-10-10T08:18:59.828842+00:00,1902600011688,21.0,Aceptable,22.57,Bueno,interpolacion_delaunay,0,3727,240,688,249
2026-10-10T08:18:59.828842+00:00,190260001171A,22.41,Aceptable,25.03,Bueno,interpolacion_delaunay,0,4383,321,770,213
2026-10-10T08:18:59.828842+00:00,1902600012008,13.59,Bueno,14.47,Bueno,interpolacion_delaunay,0,1064,52,278,35
2026-10-10T08:18:59.828842+00:00,1902600011781,17.15,Aceptable,19.41,Bueno,interpolacion_delaunay,0,260,22,25,0
2026-10-10T08:18:59.828842+00:00,1902600011989,18.88,Aceptable,21.26,Bueno,interpolacion_delaunay,0,3336,217,653,151
2026-10-10T08:18:59.828842+00:00,1902600012027,21.73,Aceptable,23.75,Bueno,interpolacion_delaunay,0,5601,339,676,195
2026-10-10T08:18:59.828842+00:00,1902600012116,21.76,Aceptable,25.23,Bueno,interpolacion_delaunay,0,2265,174,319,64
2026-10-10T08:18:59.828842+00:00,1902600012328,20.1,Aceptable,21.89,Bueno,interpolacion_delaunay,0,2737,200,173,54
2026-10-10T08:18:59.828842+00:00,1902600012510,23.34,Aceptable,26.5,Bueno,interpolacion_delaunay,0,3466,257,269,90
2026-10-10T08:18:59.828842+00:00,1902600012578,23.68,Aceptable,27.38,Bueno,interpolacion_delaunay,0,2465,185,298,196
2026-10-10T08:18:59.828842+00:00,1902600012582,23.33,Aceptable,27.0,Bueno,interpolacion_delaunay,0,2739,201,423,283
2026-10-10T08:18:59.828842+00:00,1902600012614,20.35,Aceptable,22.22,Bueno,interpolacion_delaunay,0,3024,272,68,36
2026-10-10T08:18:59.828842+00:00,1902600010177,20.01,Aceptable,22.78,Bueno,interpolacion_delaunay,0,1769,60,559,90
2026-10-10T08:18:59.828842+00:00,1902600010444,16.64,Aceptable,19.08,Bueno,interpolacion_delaunay,0,2474,121,665,111
2026-10-10T08:18:59.828842+00:00,1902600011531,18.94,Aceptable,21.47,Bueno,interpolacion_delaunay,0,3594,235,816,160
2026-10-10T08:18:59.828842+00:00,1902600010232,19.24,Aceptable,21.13,Bueno,interpolacion_delaunay,0,2521,162,744,110
2026-10-10T08:18:59.828842+00:00,1902600010196,19.88,Aceptable,22.53,Bueno,interpolacion_delaunay,0,1557,66,485,73
2026-10-10T08:18:59.828842+00:00,1902600010213,19.21,Aceptable,21.19,Bueno,interpolacion_delaunay,0,2063,114,530,142
2026-10-10T08:18:59.828842+00:00,190260001011A,18.39,Aceptable,19.91,Bueno,interpolacion_delaunay,0,3115,155,816,154
2026-10-10T08:18:59.828842+00:00,1902600010162,20.18,Aceptable,23.1,Bueno,interpolacion_delaunay,0,1624,64,473,65
2026-10-10T08:18:59.828842+00:00,1902600010181,20.59,Aceptable,23.73,Bueno,interpolacion_delaunay,0,1561,63,499,94
2026-10-10T08:18:59.828842+00:00,1902600010228,19.69,Aceptable,21.92,Bueno,interpolacion_delaunay,0,1619,140,316,120
2026-10-10T08:18:59.828842+00:00,1902600010603,19.18,Aceptable,21.49,Bueno,interpolacion_delaunay,0,1632,93,346,132
2026-10-10T08:18:59.828842+00:00,1902600010745,20.52,Aceptable,21.77,Bueno,interpolacion_delaunay,0,1565,113,330,126
2026-10-10T08:18:59.828842+00:00,1902600010798,18.27,Aceptable,20.36,Bueno,interpolacion_delaunay,0,3364,210,732,231
2026-10-10T08:18:59.828842+00:00,1902600010815,20.87,Aceptable,23.9,Bueno,interpolacion_delaunay,0,4739,363,1000,268
2026-10-10T08:18:59.828842+00:00,1902600011438,15.84,Aceptable,17.51,Bueno,interpolacion_delaunay,0,1771,89,459,85
2026-10-10T08:18:59.828842+00:00,1902600011476,18.97,Aceptable,20.79,Bueno,interpolacion_delaunay,0,3270,215,839,209
2026-10-10T08:18:59.828842+00:00,1902600011777,18.47,Aceptable,20.83,Bueno,interpolacion_delaunay,0,3599,312,366,80
2026-10-10T08:18:59.828842+00:00,1902600012031,22.47,Aceptable,24.98,Bueno,interpolacion_delaunay,0,4385,273,421,152
2026-10-10T08:18:59.828842+00:00,1902600012173,13.82,Bueno,15.31,Bueno,interpolacion_delaunay,0,108,5,10,3
2026-10-10T08:18:59.828842+00:00,1902600012474,19.09,Aceptable,21.13,Bueno,interpolacion_delaunay,0,3828,248,138,120
2026-10-10T08:18:59.828842+00:00,190260001253A,23.38,Aceptable,26.67,Bueno,interpolacion_delaunay,0,1418,134,74,37
2026-10-10T08:18:59.828842+00:00,1902600012648,20.5,Aceptable,21.95,Bueno,interpolacion_delaunay,0,1998,125,415,138
2026-10-10T08:18:59.828842+00:00,1902600012794,19.85,Aceptable,21.65,Bueno,interpolacion_delaunay,0,776,83,32,8
2026-10-10T08:18:59.828842+00:00,1902600012775,20.42,Aceptable,22.35,Bueno,interpolacion_delaunay,0,1381,194,42,36
2026-10-10T08:18:59.828842+00:00,1902600012898,11.62,Bueno,12.35,Bueno,interpolacion_delaunay,0,21,3,0,0
2026-10-10T08:18:59.828842+00:00,1902600010849,20.36,Aceptable,23.69,Bueno,interpolacion_delaunay,0,1926,132,278,87
2026-10-10T08:18:59.828842+00:00,1902600012262,18.64,Aceptable,20.09,Bueno,interpolacion_delaunay,0,2668,227,217,83
2026-10-10T08:18:59.828842+00:00,1902600010266,19.14,Aceptable,20.66,Bueno,interpolacion_delaunay,0,427,58,19,0
2026-10-10T08:18:59.828842+00:00,1902600010779,15.06,Aceptable,16.87,Bueno,interpolacion_delaunay,0,677,45,131,66
2026-10-10T08:18:59.828842+00:00,1902600010872,11.92,Bueno,12.48,Bueno,interpolacion_delaunay,0,3088,114,989,72
2026-10-10T08:18:59.828842+00:00,1902600011902,18.84,Aceptable,20.48,Bueno,interpolacion_delaunay,0,2434,191,435,71
2026-10-10T08:18:59.828842+00:00,1902600011993,18.56,Aceptable,20.88,Bueno,interpolacion_delaunay,0,3528,203,521,147
2026-10-10T08:18:59.828842+00:00,1902600012012,15.0,Bueno,15.88,Bueno,interpolacion_delaunay,0,2227,119,600,34
2026-10-10T08:18:59.828842+00:00,1902600012084,15.72,Aceptable,16.8,Bueno,interpolacion_delaunay,0,1461,49,516,49
2026-10-10T08:18:59.828842+00:00,1902600012188,11.77,Bueno,12.59,Bueno,interpolacion_delaunay,0,460,18,82,4
2026-10-10T08:18:59.828842+00:00,1902600012277,19.01,Aceptable,20.68,Bueno,interpolacion_delaunay,0,3597,281,616,228
2026-10-10T08:18:59.828842+00:00,190260001246A,18.91,Aceptable,20.87,Bueno,interpolacion_delaunay,0,4546,358,308,145
2026-10-10T08:18:59.828842+00:00,1902600012559,21.99,Aceptable,25.18,Bueno,interpolacion_delaunay,0,4248,285,324,114
2026-10-10T08:18:59.828842+00:00,1902600012652,19.86,Aceptable,21.59,Bueno,interpolacion_delaunay,0,3158,323,113,122
2026-10-10T08:18:59.828842+00:00,1902600012671,19.98,Aceptable,21.63,Bueno,interpolacion_delaunay,0,1647,122,65,34
2026-10-10T08:18:59.828842+00:00,1902600012718,20.49,Aceptable,24.0,Bueno,interpolacion_delaunay,0,2829,290,123,131
2026-10-10T08:18:59.828842+00:00,1902600012741,18.29,Aceptable,20.57,Bueno,interpolacion_delaunay,0,1897,119,345,52
2026-10-10T08:18:59.828842+00:00,1902600012879,19.9,Aceptable,21.6,Bueno,promedio_sensores,1,2144,300,65,16
2026-10-10T08:18:59.828842+00:00,1902600010285,17.22,Aceptable,19.93,Bueno,interpolacion_delaunay,0,2844,174,613,185
2026-10-10T08:18:59.828842+00:00,1902600012690,18.03,Aceptable,20.78,Bueno,interpolacion_delaunay,0,79,0,3,0
2026-10-10T08:18:59.828842+00:00,1902600012099,18.44,Aceptable,21.11,Bueno,interpolacion_delaunay,0,5241,599,554,189
2026-10-10T08:18:59.828842+00:00,1902600011936,19.57,Aceptable,21.4,Bueno,interpolacion_delaunay,0,2951,267,407,119
2026-10-10T08:18:59.828842+00:00,1902600012169,10.31,Bueno,11.29,Bueno,interpolacion_delaunay,0,1023,50,158,14
2026-10-10T08:18:59.828842+00:00,190260001118A,13.96,Bueno,15.62,Bueno,interpolacion_delaunay,0,3453,227,320,71
2026-10-10T08:18:59.828842+00:00,1902600012050,21.31,Aceptable,24.15,Bueno,interpolacion_delaunay,0,4134,320,745,263
2026-10-10T08:18:59.828842+00:00,1902600012101,19.46,Aceptable,22.44,Bueno,interpolacion_delaunay,0,3626,381,484,119
2026-10-10T08:18:59.828842+00:00,1902600012563,19.88,Aceptable,23.01,Bueno,interpolacion_delaunay,0,2676,291,133,25
2026-10-10T08:18:59.828842+00:00,190260001278A,19.04,Aceptable,20.49,Bueno,interpolacion_delaunay,0,3558,402,98,36
2026-10-10T08:18:59.828842+00:00,1902600011921,19.42,Aceptable,21.22,Bueno,interpolacion_delaunay,0,2594,223,377,76
2026-10-10T08:18:59.828842+00:00,1902600010092,18.38,Aceptable,20.08,Bueno,interpolacion_delaunay,0,4183,262,1039,106
2026-10-10T08:18:59.828842+00:00,1902600011300,18.83,Aceptable,20.26,Bueno,interpolacion_delaunay,0,2915,163,792,188
2026-10-10T08:18:59.828842+00:00,1902600010143,19.3,Aceptable,21.21,Bueno,interpolacion_delaunay,0,2245,273,113,55
2026-10-10T08:18:59.828842+00:00,1902600011870,18.47,Aceptable,20.14,Bueno,interpolacion_delaunay,0,3271,173,768,82
2026-10-10T08:18:59.828842+00:00,1902600011315,19.29,Aceptable,21.5,Bueno,interpolacion_delaunay,0,3497,230,464,42
2026-10-10T08:18:59.828842+00:00,1902600011014,19.13,Aceptable,21.07,Bueno,interpolacion_delaunay,0,2155,150,459,98
2026-10-10T08:18:59.828842+00:00,1902600011616,20.93,Aceptable,22.65,Bueno,interpolacion_delaunay,0,3883,311,769,201
2026-10-10T08:18:59.828842+00:00,1902600011620,21.32,Aceptable,23.31,Bueno,interpolacion_delaunay,0,4814,356,1024,301
2026-10-10T08:18:59.828842+00:00,1902600011480,20.81,Aceptable,22.64,Bueno,interpolacion_delaunay,0,4784,390,737,223
2026-10-10T08:18:59.828842+00:00,1902600010641,19.35,Aceptable,20.97,Bueno,interpolacion_delaunay,0,2917,240,627,202
2026-10-10T08:18:59.828842+00:00,1902600012633,19.89,Aceptable,20.94,Bueno,interpolacion_delaunay,0,2429,188,313,91
2026-10-10T08:18:59.828842+00:00,190260001164A,22.13,Aceptable,24.71,Bueno,interpolacion_delaunay,0,2101,168,367,57
2026-10-10T08:18:59.828842+00:00,1902600011635,21.98,Aceptable,24.37,Bueno,interpolacion_delaunay,0,4695,347,639,204
2026-10-10T08:18:59.828842+00:00,1902600010961,18.88,Aceptable,20.92,Bueno,interpolacion_delaunay,0,1353,81,150,34
2026-10-10T08:18:59.828842+00:00,1902600011226,18.86,Aceptable,21.41,Bueno,interpolacion_delaunay,0,4831,444,615,226
2026-10-10T08:18:59.828842+00:00,1902600012807,17.5,Aceptable,19.64,Bueno,interpolacion_delaunay,0,51,0,0,0
2026-10-10T08:18:59.828842+00:00,1902600012737,17.65,Aceptable,19.82,Bueno,interpolacion_delaunay,0,153,17,4,4
2026-10-10T08:18:59.828842+00:00,1902600012046,20.09,Aceptable,22.71,Bueno,interpolacion_delaunay,0,5116,376,649,199
2026-10-10T08:18:59.828842+00:00,1902600012756,18.0,Aceptable,20.2,Bueno,promedio_sensores,1,2572,282,124,24
2026-10-10T08:18:59.828842+00:00,1902600010783,16.94,Aceptable,19.01,Bueno,interpolacion_delaunay,0,1477,145,264,42
2026-10-10T08:18:59.828842+00:00,1902600011230,19.32,Aceptable,21.99,Bueno,interpolacion_delaunay,0,3324,362,242,132
2026-10-10T08:18:59.828842+00:00,1902600011758,8.2,Bueno,8.8,Bueno,promedio_sensores,1,2105,92,408,43
2026-10-10T08:18:59.828842+00:00,1902600011141,22.63,Aceptable,25.52,Bueno,interpolacion_delaunay,0,9036,1161,432,363
2026-10-10T08:18:59.828842+00:00,1902600011743,22.48,Aceptable,26.24,Bueno,interpolacion_delaunay,0,7461,709,958,323
2026-10-10T08:18:59.828842+00:00,1902600012629,20.23,Aceptable,23.64,Bueno,interpolacion_delaunay,0,1943,149,74,66
2026-10-10T08:18:59.828842+00:00,1902600011762,18.1,Aceptable,20.28,Bueno,interpolacion_delaunay,0,2427,183,512,77
2026-10-10T08:18:59.828842+00:00,1902600011194,16.34,Aceptable,18.35,Bueno,interpolacion_delaunay,0,4669,300,960,201
2026-10-10T08:18:59.828842+00:00,1902600011052,19.14,Aceptable,20.67,Bueno,interpolacion_delaunay,0,7318,799,917,451
2026-10-10T08:18:59.828842+00:00,1902600012722,19.3,Aceptable,20.82,Bueno,interpolacion_delaunay,0,1673,182,35,23
2026-10-10T08:18:59.828842+00:00,1902600010209,19.03,Aceptable,20.48,Bueno,interpolacion_delaunay,0,0,0,0,0
2026-10-10T08:18:59.828842+00:00,1902600012883,19.17,Aceptable,20.67,Bueno,interpolacion_delaunay,0,2693,391,65,39
2026-10-10T08:18:59.828842+00:00,1902600011512,19.29,Aceptable,20.66,Bueno,interpolacion_delaunay,0,1411,83,448,118
2026-10-10T08:18:59.828842+00:00,1902600011527,18.88,Aceptable,20.1,Bueno,interpolacion_delaunay,0,2114,99,718,127
2026-10-10T08:18:59.828842+00:00,1902600010853,18.95,Aceptable,20.16,Bueno,interpolacion_delaunay,0,4562,382,755,151
2026-10-10T08:18:59.828842+00:00,1902600011160,18.6,Aceptable,19.5,Bueno,promedio_sensores,1,3568,186,796,79
2026-10-10T08:18:59.828842+00:00,1902600011423,19.72,Aceptable,22.45,Bueno,interpolacion_delaunay,0,2358,121,643,149
2026-10-10T08:18:59.828842+00:00,1902600011118,18.25,Aceptable,20.82,Bueno,interpolacion_delaunay,0,0,0,0,0
2026-10-10T08:18:59.828842+00:00,1902600010552,19.41,Aceptable,22.28,Bueno,interpolacion_delaunay,0,1358,197,299,91
2026-10-10T08:18:59.828842+00:00,1902600010567,19.15,Aceptable,21.76,Bueno,interpolacion_delaunay,0,3469,239,807,212
2026-10-10T08:18:59.828842+00:00,1902600010478,19.94,Aceptable,22.63,Bueno,interpolacion_delaunay,0,3451,258,686,179
2026-10-10T08:18:59.828842+00:00,1902600012493,19.41,Aceptable,21.95,Bueno,interpolacion_delaunay,0,3047,231,451,139
2026-10-10T08:18:59.828842+00:00,1902600012506,19.4,Aceptable,22.01,Bueno,interpolacion_delaunay,0,1875,122,448,96
2026-10-10T08:18:59.828842+00:00,1902600011387,19.86,Aceptable,22.22,Bueno,interpolacion_delaunay,0,4018,279,697,181
2026-10-10T08:18:59.828842+00:00,1902600010482,19.92,Aceptable,22.47,Bueno,interpolacion_delaunay,0,4004,197,1191,226
2026-10-10T08:18:59.828842+00:00,1902600010586,19.35,Aceptable,21.79,Bueno,interpolacion_delaunay,0,4983,369,1196,317
2026-10-10T08:18:59.828842+00:00,1902600010590,19.33,Aceptable,21.71,Bueno,interpolacion_delaunay,0,3794,290,817,254
2026-10-10T08:18:59.828842+00:00,1902600011940,19.95,Aceptable,22.1,Bueno,interpolacion_delaunay,0,3450,256,773,184
2026-10-10T08:18:59.828842+00:00,1902600012224,19.63,Aceptable,21.95,Bueno,interpolacion_delaunay,0,1986,122,533,118
2026-10-10T08:18:59.828842+00:00,1902600012239,19.56,Aceptable,21.74,Bueno,interpolacion_delaunay,0,2664,206,487,219
2026-10-10T08:18:59.828842+00:00,1902600010548,12.52,Bueno,14.09,Bueno,interpolacion_delaunay,0,4149,203,1177,258
2026-10-10T08:18:59.828842+00:00,1902600012489,20.02,Aceptable,21.6,Bueno,interpolacion_delaunay,0,2798,203,290,77
2026-10-10T08:18:59.828842+00:00,1902600011353,20.34,Aceptable,22.95,Bueno,interpolacion_delaunay,0,1952,125,417,157
2026-10-10T08:18:59.828842+00:00,1902600012760,19.71,Aceptable,21.48,Bueno,interpolacion_delaunay,0,3619,397,120,87
2026-10-10T08:18:59.828842+00:00,1902600011264,19.28,Aceptable,20.92,Bueno,interpolacion_delaunay,0,1708,151,158,100
2026-10-10T08:18:59.828842+00:00,190260001285A,19.67,Aceptable,21.33,Bueno,interpolacion_delaunay,0,1850,298,50,26
2026-10-10T08:18:59.828842+00:00,1902600010270,19.88,Aceptable,21.61,Bueno,interpolacion_delaunay,0,0,0,0,0
2026-10-10T08:18:59.828842+00:00,1902600010406,19.95,Aceptable,22.05,Bueno,interpolacion_delaunay,0,2889,225,550,115
2026-10-10T08:18:59.828842+00:00,1902600011067,19.62,Aceptable,21.41,Bueno,interpolacion_delaunay,0,4252,360,451,270
2026-10-10T08:18:59.828842+00:00,1902600011086,20.8,Aceptable,22.86,Bueno,interpolacion_delaunay,0,3224,245,126,84
2026-10-10T08:18:59.828842+00:00,1902600012313,21.19,Aceptable,23.37,Bueno,interpolacion_delaunay,0,2567,202,407,174
2026-10-10T08:18:59.828842+00:00,1902600012309,21.34,Aceptable,23.6,Bueno,interpolacion_delaunay,0,2125,241,150,88
2026-10-10T08:18:59.828842+00:00,1902600011809,19.68,Aceptable,21.43,Bueno,interpolacion_delaunay,0,2127,251,117,120
2026-10-10T08:18:59.828842+00:00,1902600012864,19.66,Aceptable,21.43,Bueno,interpolacion_delaunay,0,1168,168,40,16
2026-10-10T08:18:59.828842+00:00,190260001125A,12.64,Bueno,13.03,Bueno,interpolacion_delaunay,0,541,13,170,22
2026-10-10T08:18:59.828842+00:00,1902600011071,20.51,Aceptable,22.46,Bueno,interpolacion_delaunay,0,3143,264,264,89
2026-10-10T08:18:59.828842+00:00,190260001196A,20.4,Aceptable,22.32,Bueno,interpolacion_delaunay,0,3349,324,262,100
2026-10-10T08:18:59.828842+00:00,1902600011955,19.94,Aceptable,21.94,Bueno,interpolacion_delaunay,0,3582,349,216,97
2026-10-10T08:18:59.828842+00:00,190260001050A,19.53,Aceptable,21.54,Bueno,interpolacion_delaunay,0,2022,217,309,73
2026-10-10T08:18:59.828842+00:00,1903900012400,26.0,Aceptable,31.0,Bueno,promedio_sensores,1,4517,429,723,304
2026-10-10T08:18:59.828842+00:00,1903900014657,22.76,Aceptable,24.82,Bueno,interpolacion_delaunay,0,2491,234,438,138
2026-10-10T08:18:59.828842+00:00,1903900013682,18.31,Aceptable,20.31,Bueno,interpolacion_delaunay,0,4499,398,653,181
2026-10-10T08:18:59.828842+00:00,1903900010832,19.82,Aceptable,22.13,Bueno,interpolacion_delaunay,0,543,31,158,26
2026-10-10T08:18:59.828842+00:00,1903900011120,19.67,Aceptable,22.45,Bueno,interpolacion_delaunay,0,2607,94,831,149
2026-10-10T08:18:59.828842+00:00,1903900012129,18.49,Aceptable,19.85,Bueno,interpolacion_delaunay,0,4074,318,790,255
2026-10-10T08:18:59.828842+00:00,190390001363A,23.24,Aceptable,25.52,Bueno,interpolacion_delaunay,0,3850,324,618,201
2026-10-10T08:18:59.828842+00:00,1903900014163,18.92,Aceptable,20.38,Bueno,interpolacion_delaunay,0,3563,376,476,178
2026-10-10T08:18:59.828842+00:00,1903900014642,22.41,Aceptable,24.26,Bueno,interpolacion_delaunay,0,2137,227,313,125
2026-10-10T08:18:59.828842+00:00,1903900013589,22.0,Aceptable,25.09,Bueno,interpolacion_delaunay,0,1971,102,595,95
2026-10-10T08:18:59.828842+00:00,1903900011370,20.46,Aceptable,23.65,Bueno,interpolacion_delaunay,0,1287,71,218,39
2026-10-10T08:18:59.828842+00:00,1903900012114,18.09,Aceptable,19.28,Bueno,interpolacion_delaunay,0,2387,84,816,136
2026-10-10T08:18:59.828842+00:00,1903900012203,17.7,Aceptable,19.0,Bueno,promedio_sensores,1,2974,126,1034,191
2026-10-10T08:18:59.828842+00:00,1903900013574,19.98,Aceptable,22.92,Bueno,interpolacion_delaunay,0,832,37,276,93
2026-10-10T08:18:59.828842+00:00,1903900012792,10.5,Bueno,11.66,Bueno,interpolacion_delaunay,0,1,0,0,0
2026-10-10T08:18:59.828842+00:00,190390001445A,18.77,Aceptable,19.98,Bueno,interpolacion_delaunay,0,5563,304,1118,197
2026-10-10T08:18:59.828842+00:00,1903900014638,21.55,Aceptable,23.11,Bueno,interpolacion_delaunay,0,3811,381,571,142
2026-10-10T08:18:59.828842+00:00,1903900012063,20.76,Aceptable,22.99,Bueno,interpolacion_delaunay,0,2407,98,743,119
2026-10-10T08:18:59.828842+00:00,1903900011690,15.12,Aceptable,16.63,Bueno,interpolacion_delaunay,0,228,12,56,11
2026-10-10T08:18:59.828842+00:00,1903900011760,15.8,Aceptable,17.63,Bueno,interpolacion_delaunay,0,1986,129,443,117
2026-10-10T08:18:59.828842+00:00,1903900011934,18.6,Aceptable,20.4,Bueno,promedio_sensores,3,2171,83,550,105
2026-10-10T08:18:59.828842+00:00,190390001192A,17.37,Aceptable,19.2,Bueno,interpolacion_delaunay,0,2553,117,796,121
2026-10-10T08:18:59.828842+00:00,1903900012044,21.54,Aceptable,23.75,Bueno,interpolacion_delaunay,0,1920,122,427,109
2026-10-10T08:18:59.828842+00:00,1903900012078,21.71,Aceptable,24.16,Bueno,interpolacion_delaunay,0,2179,136,538,60
2026-10-10T08:18:59.828842+00:00,1903900011525,13.62,Bueno,15.4,Bueno,interpolacion_delaunay,0,590,39,143,33
2026-10-10T08:18:59.828842+00:00,1903900011991,21.7,Aceptable,24.0,Bueno,promedio_sensores,1,3236,192,703,201
2026-10-10T08:18:59.828842+00:00,1903900012006,17.81,Aceptable,19.93,Bueno,interpolacion_delaunay,0,1972,70,504,136
2026-10-10T08:18:59.828842+00:00,1903900010673,23.07,Aceptable,25.78,Bueno,interpolacion_delaunay,0,2155,174,396,142
2026-10-10T08:18:59.828842+00:00,1903900010298,21.91,Aceptable,24.95,Bueno,interpolacion_delaunay,0,3499,233,739,152
2026-10-10T08:18:59.828842+00:00,1903900010404,21.78,Aceptable,24.79,Bueno,interpolacion_delaunay,0,2835,189,560,150
2026-10-10T08:18:59.828842+00:00,1903900011012,19.48,Aceptable,21.8,Bueno,interpolacion_delaunay,0,1216,101,235,35
2026-10-10T08:18:59.828842+00:00,1903900011065,19.66,Aceptable,22.4,Bueno,interpolacion_delaunay,0,1981,192,428,144
2026-10-10T08:18:59.828842+00:00,1903900010175,23.07,Aceptable,26.71,Bueno,interpolacion_delaunay,0,1294,70,318,45
2026-10-10T08:18:59.828842+00:00,190390001018A,23.16,Aceptable,26.81,Bueno,interpolacion_delaunay,0,3618,299,750,219
2026-10-10T08:18:59.828842+00:00,1903900010194,22.82,Aceptable,26.32,Bueno,interpolacion_delaunay,0,2850,223,604,173
2026-10-10T08:18:59.828842+00:00,1903900010226,21.98,Aceptable,25.02,Bueno,interpolacion_delaunay,0,4934,461,799,274
2026-10-10T08:18:59.828842+00:00,1903900014229,16.81,Aceptable,17.95,Bueno,interpolacion_delaunay,0,2852,249,505,184
2026-10-10T08:18:59.828842+00:00,1903900010353,13.7,Bueno,16.11,Bueno,interpolacion_delaunay,0,3313,167,981,325
2026-10-10T08:18:59.828842+00:00,1903900010936,23.95,Aceptable,26.6,Bueno,interpolacion_delaunay,0,2121,128,459,101
2026-10-10T08:18:59.828842+00:00,1903900011173,18.0,Aceptable,18.8,Bueno,promedio_sensores,1,2108,71,659,126
2026-10-10T08:18:59.828842+00:00,1903900011188,22.78,Aceptable,25.03,Bueno,interpolacion_delaunay,0,3322,231,794,185
2026-10-10T08:18:59.828842+00:00,1903900011224,20.98,Aceptable,23.62,Bueno,interpolacion_delaunay,0,3487,327,636,198
2026-10-10T08:18:59.828842+00:00,1903900011328,21.06,Aceptable,23.93,Bueno,interpolacion_delaunay,0,1300,73,364,78
2026-10-10T08:18:59.828842+00:00,1903900011332,20.61,Aceptable,23.81,Bueno,interpolacion_delaunay,0,2976,208,686,165
2026-10-10T08:18:59.828842+00:00,1903900011493,5.4,Bueno,6.2,Bueno,promedio_sensores,1,498,32,117,21
2026-10-10T08:18:59.828842+00:00,1903900011506,9.86,Bueno,11.21,Bueno,interpolacion_delaunay,0,218,10,60,5
2026-10-10T08:18:59.828842+00:00,1903900011510,10.61,Bueno,12.08,Bueno,interpolacion_delaunay,0,370,18,99,43
2026-10-10T08:18:59.828842+00:00,1903900011563,17.37,Aceptable,19.56,Bueno,interpolacion_delaunay,0,1016,57,324,41
2026-10-10T08:18:59.828842+00:00,1903900011652,6.48,Bueno,7.46,Bueno,interpolacion_delaunay,0,1408,46,412,99
2026-10-10T08:18:59.828842+00:00,1903900011667,19.59,Aceptable,21.09,Bueno,interpolacion_delaunay,0,811,38,222,38
2026-10-10T08:18:59.828842+00:00,1903900011671,19.42,Aceptable,20.87,Bueno,interpolacion_delaunay,0,2135,120,546,122
2026-10-10T08:18:59.828842+00:00,1903900011775,18.67,Aceptable,20.57,Bueno,interpolacion_delaunay,0,3247,195,753,173
2026-10-10T08:18:59.828842+00:00,190390001178A,20.26,Aceptable,22.36,Bueno,interpolacion_delaunay,0,2085,91,638,124
2026-10-10T08:18:59.828842+00:00,1903900011811,19.91,Aceptable,21.45,Bueno,interpolacion_delaunay,0,3726,195,960,140
2026-10-10T08:18:59.828842+00:00,190390001210A,18.3,Aceptable,19.5,Bueno,promedio_sensores,1,2790,113,700,150
2026-10-10T08:18:59.828842+00:00,1903900012186,18.06,Aceptable,19.85,Bueno,interpolacion_delaunay,0,4169,44,257,49
2026-10-10T08:18:59.828842+00:00,1903900011559,14.2,Bueno,15.7,Bueno,promedio_sensores,1,854,32,232,42
2026-10-10T08:18:59.828842+00:00,1903900013428,22.48,Aceptable,25.8,Bueno,interpolacion_delaunay,0,3351,320,515,172
2026-10-10T08:18:59.828842+00:00,1903900014214,16.83,Aceptable,17.91,Bueno,interpolacion_delaunay,0,4120,374,689,171
2026-10-10T08:18:59.828842+00:00,1903900014712,17.93,Aceptable,19.76,Bueno,interpolacion_delaunay,0,3085,299,499,125
2026-10-10T08:18:59.828842+00:00,1903900014727,17.47,Aceptable,18.97,Bueno,interpolacion_delaunay,0,2574,237,418,75
2026-10-10T08:18:59.828842+00:00,1903900011544,11.11,Bueno,12.42,Bueno,interpolacion_delaunay,0,484,17,104,17
2026-10-10T08:18:59.828842+00:00,1903900011347,20.9,Aceptable,24.5,Bueno,promedio_sensores,1,3767,228,949,230
2026-10-10T08:18:59.828842+00:00,1903900011101,20.16,Aceptable,23.37,Bueno,interpolacion_delaunay,0,2340,171,499,101
2026-10-10T08:18:59.828842+00:00,1903900010692,20.94,Aceptable,23.96,Bueno,interpolacion_delaunay,0,1264,56,294,43
2026-10-10T08:18:59.828842+00:00,190390001071A,8.9,Bueno,10.3,Bueno,promedio_sensores,1,2092,89,717,121
2026-10-10T08:18:59.828842+00:00,190390001153A,8.03,Bueno,9.03,Bueno,interpolacion_delaunay,0,283,20,33,8
2026-10-10T08:18:59.828842+00:00,1903900012222,17.08,Aceptable,18.44,Bueno,interpolacion_delaunay,0,2481,214,440,130
2026-10-10T08:18:59.828842+00:00,1903900010048,24.47,Aceptable,28.75,Bueno,interpolacion_delaunay,0,2757,231,541,184
2026-10-10T08:18:59.828842+00:00,1903900010160,22.99,Aceptable,26.6,Bueno,interpolacion_delaunay,0,1233,55,334,97
2026-10-10T08:18:59.828842+00:00,1903900011915,17.5,Aceptable,19.48,Bueno,interpolacion_delaunay,0,1171,52,296,69
2026-10-10T08:18:59.828842+00:00,1903900012824,7.03,Bueno,7.85,Bueno,interpolacion_delaunay,0,0,0,0,0
2026-10-10T08:18:59.828842+00:00,1903900010103,23.58,Aceptable,27.48,Bueno,interpolacion_delaunay,0,2537,115,733,107
2026-10-10T08:18:59.828842+00:00,1903900010122,23.34,Aceptable,27.07,Bueno,interpolacion_delaunay,0,3875,316,762,228
2026-10-10T08:18:59.828842+00:00,1903900010207,22.93,Aceptable,26.43,Bueno,interpolacion_delaunay,0,2935,264,476,100
2026-10-10T08:18:59.828842+00:00,190390001089A,23.58,Aceptable,26.64,Bueno,interpolacion_delaunay,0,2450,84,735,103
2026-10-10T08:18:59.828842+00:00,1903900010813,20.8,Aceptable,23.38,Bueno,interpolacion_delaunay,0,1266,76,281,65
2026-10-10T08:18:59.828842+00:00,190390001096A,23.23,Aceptable,26.11,Bueno,interpolacion_delaunay,0,735,52,175,36
2026-10-10T08:18:59.828842+00:00,190390001107A,20.04,Aceptable,22.94,Bueno,interpolacion_delaunay,0,2056,191,358,98
2026-10-10T08:18:59.828842+00:00,1903900011099,19.83,Aceptable,22.88,Bueno,interpolacion_delaunay,0,1728,108,401,82
2026-10-10T08:18:59.828842+00:00,1903900011281,14.07,Bueno,15.97,Bueno,interpolacion_delaunay,0,162,9,42,10
2026-10-10T08:18:59.828842+00:00,190390001146A,19.23,Aceptable,20.41,Bueno,interpolacion_delaunay,0,1878,94,425,114
2026-10-10T08:18:59.828842+00:00,1903900011474,20.82,Aceptable,22.67,Bueno,interpolacion_delaunay,0,1482,65,348,91
2026-10-10T08:18:59.828842+00:00,1903900011648,10.46,Bueno,11.43,Bueno,interpolacion_delaunay,0,1275,46,383,92
2026-10-10T08:18:59.828842+00:00,1903900011953,20.08,Aceptable,21.62,Bueno,interpolacion_delaunay,0,4331,383,782,275
2026-10-10T08:18:59.828842+00:00,1903900011968,20.26,Aceptable,21.98,Bueno,interpolacion_delaunay,0,2452,198,521,139
2026-10-10T08:18:59.828842+00:00,1903900011972,20.09,Aceptable,22.03,Bueno,interpolacion_delaunay,0,2152,173,501,93
2026-10-10T08:18:59.828842+00:00,1903900011987,20.24,Aceptable,22.34,Bueno,interpolacion_delaunay,0,2330,153,564,186
2026-10-10T08:18:59.828842+00:00,1903900012010,18.67,Aceptable,20.77,Bueno,promedio_sensores,3,377,6,32,6
2026-10-10T08:18:59.828842+00:00,1903900012025,18.28,Aceptable,19.44,Bueno,interpolacion_delaunay,0,4868,169,1336,220
2026-10-10T08:18:59.828842+00:00,1903900012608,22.41,Aceptable,26.53,Bueno,interpolacion_delaunay,0,3563,325,452,140
2026-10-10T08:18:59.828842+00:00,1903900012260,16.35,Aceptable,17.34,Bueno,interpolacion_delaunay,0,2549,128,738,140
2026-10-10T08:18:59.828842+00:00,1903900012523,25.04,Aceptable,29.6,Bueno,interpolacion_delaunay,0,5883,502,863,210
2026-10-10T08:18:59.828842+00:00,1903900012576,23.53,Aceptable,27.98,Bueno,interpolacion_delaunay,0,3643,363,363,152
2026-10-10T08:18:59.828842+00:00,1903900012612,24.58,Aceptable,28.94,Bueno,interpolacion_delaunay,0,3707,369,423,217
2026-10-10T08:18:59.828842+00:00,1903900013339,24.89,Aceptable,29.34,Bueno,interpolacion_delaunay,0,3291,330,562,149
2026-10-10T08:18:59.828842+00:00,1903900013432,22.49,Aceptable,25.78,Bueno,interpolacion_delaunay,0,3283,331,497,186
2026-10-10T08:18:59.828842+00:00,1903900013381,23.87,Aceptable,27.87,Bueno,interpolacion_delaunay,0,3469,305,681,259
2026-10-10T08:18:59.828842+00:00,1903900013324,25.3,Aceptable,29.97,Bueno,interpolacion_delaunay,0,2714,268,458,83
2026-10-10T08:18:59.828842+00:00,1903900014587,19.57,Aceptable,22.19,Bueno,interpolacion_delaunay,0,1315,68,368,60
2026-10-10T08:18:59.828842+00:00,1903900014604,6.42,Bueno,6.77,Bueno,interpolacion_delaunay,0,2075,111,610,109
2026-10-10T08:18:59.828842+00:00,1903900014661,20.2,Aceptable,22.27,Bueno,interpolacion_delaunay,0,2902,69,608,127
2026-10-10T08:18:59.828842+00:00,1903900014680,22.67,Aceptable,25.67,Bueno,interpolacion_delaunay,0,2293,96,745,94
2026-10-10T08:18:59.828842+00:00,1903900011239,22.48,Aceptable,25.34,Bueno,interpolacion_delaunay,0,3332,293,662,233
2026-10-10T08:18:59.828842+00:00,1903900011489,22.5,Aceptable,24.2,Bueno,promedio_sensores,1,1608,86,419,74
2026-10-10T08:18:59.828842+00:00,1903900010279,22.7,Aceptable,26.17,Bueno,interpolacion_delaunay,0,2220,107,580,282
2026-10-10T08:18:59.828842+00:00,1903900010531,21.17,Aceptable,23.74,Bueno,interpolacion_delaunay,0,5417,419,1156,491
2026-10-10T08:18:59.828842+00:00,1903900010635,22.85,Aceptable,25.75,Bueno,interpolacion_delaunay,0,2264,78,723,158
2026-10-10T08:18:59.828842+00:00,1903900011686,15.37,Aceptable,16.71,Bueno,interpolacion_delaunay,0,153,7,36,5
2026-10-10T08:18:59.828842+00:00,1903900011807,20.46,Aceptable,22.36,Bueno,interpolacion_delaunay,0,2430,99,765,107
2026-10-10T08:18:59.828842+00:00,1903900011830,18.4,Aceptable,19.9,Bueno,promedio_sensores,1,898,35,265,16
2026-10-10T08:18:59.828842+00:00,1903900012097,20.2,Aceptable,23.4,Bueno,promedio_sensores,1,4087,88,440,163
2026-10-10T08:18:59.828842+00:00,1903900012256,16.71,Aceptable,17.99,Bueno,interpolacion_delaunay,0,4590,303,1006,320
2026-10-10T08:18:59.828842+00:00,1903900012307,14.77,Bueno,15.4,Bueno,promedio_sensores,3,2986,141,683,94
2026-10-10T08:18:59.828842+00:00,1903900012453,16.13,Aceptable,17.72,Bueno,interpolacion_delaunay,0,2219,109,403,76
2026-10-10T08:18:59.828842+00:00,1903900012716,21.04,Aceptable,23.63,Bueno,interpolacion_delaunay,0,78,3,14,8
2026-10-10T08:18:59.828842+00:00,1903900012735,20.61,Aceptable,22.89,Bueno,interpolacion_delaunay,0,0,0,0,0
2026-10-10T08:18:59.828842+00:00,1903900012769,20.49,Aceptable,24.16,Bueno,interpolacion_delaunay,0,279,15,54,0
2026-10-10T08:18:59.828842+00:00,1903900012773,16.23,Aceptable,17.38,Bueno,interpolacion_delaunay,0,0,0,0,0
2026-10-10T08:18:59.828842+00:00,1903900014040,23.49,Aceptable,27.23,Bueno,interpolacion_delaunay,0,3042,337,450,116
2026-10-10T08:18:59.828842+00:00,1903900014178,21.18,Aceptable,23.36,Bueno,interpolacion_delaunay,0,4610,493,538,196
2026-10-10T08:18:59.828842+00:00,1903900010156,23.18,Aceptable,26.9,Bueno,interpolacion_delaunay,0,2930,146,830,151
2026-10-10T08:18:59.828842+00:00,1903900010264,22.53,Aceptable,25.99,Bueno,interpolacion_delaunay,0,4282,326,814,272
2026-10-10T08:18:59.828842+00:00,1903900010283,22.38,Aceptable,25.7,Bueno,interpolacion_delaunay,0,2911,218,619,83
2026-10-10T08:18:59.828842+00:00,1903900010315,21.61,Aceptable,24.43,Bueno,interpolacion_delaunay,0,3515,316,654,216
2026-10-10T08:18:59.828842+00:00,190390001032A,21.79,Aceptable,24.67,Bueno,interpolacion_delaunay,0,4173,426,573,279
2026-10-10T08:18:59.828842+00:00,1903900010349,20.84,Aceptable,23.23,Bueno,interpolacion_delaunay,0,2637,166,677,132
2026-10-10T08:18:59.828842+00:00,1903900010391,21.84,Aceptable,24.9,Bueno,interpolacion_delaunay,0,3850,295,727,205
2026-10-10T08:18:59.828842+00:00,1903900010438,20.9,Aceptable,23.36,Bueno,interpolacion_delaunay,0,3338,313,521,73
2026-10-10T08:18:59.828842+00:00,1903900010442,21.17,Aceptable,23.59,Bueno,interpolacion_delaunay,0,2676,239,533,136
2026-10-10T08:18:59.828842+00:00,1903900010457,20.37,Aceptable,23.36,Bueno,interpolacion_delaunay,0,3408,175,1149,225
2026-10-10T08:18:59.828842+00:00,1903900010480,21.34,Aceptable,24.22,Bueno,interpolacion_delaunay,0,1388,64,440,114
2026-10-10T08:18:59.828842+00:00,1903900010512,21.73,Aceptable,24.49,Bueno,interpolacion_delaunay,0,2980,202,741,168
2026-10-10T08:18:59.828842+00:00,1903900010546,21.89,Aceptable,24.6,Bueno,interpolacion_delaunay,0,2660,141,683,117
2026-10-10T08:18:59.828842+00:00,1903900010550,21.74,Aceptable,24.35,Bueno,interpolacion_delaunay,0,2279,182,478,160
2026-10-10T08:18:59.828842+00:00,1903900010565,21.49,Aceptable,24.01,Bueno,interpolacion_delaunay,0,2608,254,432,94
2026-10-10T08:18:59.828842+00:00,190390001057A,22.26,Aceptable,24.86,Bueno,interpolacion_delaunay,0,1514,131,335,33
2026-10-10T08:18:59.828842+00:00,1903900010599,10.7,Bueno,12.42,Bueno,interpolacion_delaunay,0,2808,125,1047,137
2026-10-10T08:18:59.828842+00:00,1903900010601,21.26,Aceptable,24.28,Bueno,interpolacion_delaunay,0,5314,412,1126,426
2026-10-10T08:18:59.828842+00:00,1903900010620,23.11,Aceptable,26.1,Bueno,interpolacion_delaunay,0,2515,85,744,131
2026-10-10T08:18:59.828842+00:00,190390001064A,22.78,Aceptable,25.62,Bueno,interpolacion_delaunay,0,2719,125,702,154
2026-10-10T08:18:59.828842+00:00,1903900010654,22.43,Aceptable,25.15,Bueno,interpolacion_delaunay,0,2609,119,783,144
2026-10-10T08:18:59.828842+00:00,1903900010705,11.39,Bueno,12.77,Bueno,interpolacion_delaunay,0,1996,93,661,76
2026-10-10T08:18:59.828842+00:00,1903900010739,23.67,Aceptable,26.67,Bueno,interpolacion_delaunay,0,1701,60,561,127
2026-10-10T08:18:59.828842+00:00,1903900010743,23.67,Aceptable,26.61,Bueno,interpolacion_delaunay,0,1991,112,552,108
2026-10-10T08:18:59.828842+00:00,1903900010758,23.62,Aceptable,26.52,Bueno,interpolacion_delaunay,0,1207,67,324,54
2026-10-10T08:18:59.828842+00:00,1903900010796,21.42,Aceptable,24.03,Bueno,interpolacion_delaunay,0,0,0,0,0
2026-10-10T08:18:59.828842+00:00,1903900010828,20.17,Aceptable,22.57,Bueno,interpolacion_delaunay,0,1085,46,363,57
2026-10-10T08:18:59.828842+00:00,1903900010866,17.49,Aceptable,19.69,Bueno,interpolacion_delaunay,0,1678,49,570,85
2026-10-10T08:18:59.828842+00:00,1903900010870,22.07,Aceptable,25.2,Bueno,interpolacion_delaunay,0,3879,268,842,254
2026-10-10T08:18:59.828842+00:00,1903900010885,22.93,Aceptable,26.04,Bueno,interpolacion_delaunay,0,1668,63,493,70
2026-10-10T08:18:59.828842+00:00,1903900010940,23.88,Aceptable,26.81,Bueno,interpolacion_delaunay,0,3419,259,605,213
2026-10-10T08:18:59.828842+00:00,1903900011046,19.92,Aceptable,22.53,Bueno,interpolacion_delaunay,0,1800,151,355,99
2026-10-10T08:18:59.828842+00:00,1903900011135,21.14,Aceptable,23.49,Bueno,interpolacion_delaunay,0,1752,62,519,67
2026-10-10T08:18:59.828842+00:00,190390001114A,21.5,Aceptable,24.7,Bueno,promedio_sensores,1,1380,53,428,34
2026-10-10T08:18:59.828842+00:00,1903900011154,20.93,Aceptable,23.3,Bueno,interpolacion_delaunay,0,1623,62,444,64
2026-10-10T08:18:59.828842+00:00,1903900011169,20.85,Aceptable,23.0,Bueno,promedio_sensores,2,2880,73,732,160
2026-10-10T08:18:59.828842+00:00,1903900011192,21.57,Aceptable,23.37,Bueno,interpolacion_delaunay,0,2657,175,674,141
2026-10-10T08:18:59.828842+00:00,1903900011205,22.55,Aceptable,24.51,Bueno,interpolacion_delaunay,0,122,13,22,0
2026-10-10T08:18:59.828842+00:00,1903900011243,14.62,Bueno,16.51,Bueno,interpolacion_delaunay,0,475,45,76,44
2026-10-10T08:18:59.828842+00:00,1903900011258,16.44,Aceptable,18.58,Bueno,interpolacion_delaunay,0,1048,106,166,35
2026-10-10T08:18:59.828842+00:00,1903900011262,21.87,Aceptable,24.7,Bueno,interpolacion_delaunay,0,1756,114,447,140
2026-10-10T08:18:59.828842+00:00,1903900011277,18.77,Aceptable,21.25,Bueno,interpolacion_delaunay,0,2024,136,529,164
2026-10-10T08:18:59.828842+00:00,1903900011309,20.7,Aceptable,23.5,Bueno,promedio_sensores,1,1761,123,433,90
2026-10-10T08:18:59.828842+00:00,1903900011351,20.66,Aceptable,24.08,Bueno,interpolacion_delaunay,0,2734,167,651,175
2026-10-10T08:18:59.828842+00:00,1903900011366,20.59,Aceptable,23.92,Bueno,interpolacion_delaunay,0,0,0,0,0
2026-10-10T08:18:59.828842+00:00,1903900011421,24.2,Aceptable,25.9,Bueno,promedio_sensores,1,3327,204,738,54
2026-10-10T08:18:59.828842+00:00,1903900011436,23.0,Aceptable,25.4,Bueno,interpolacion_delaunay,0,1869,83,431,69
2026-10-10T08:18:59.828842+00:00,1903900011440,22.51,Aceptable,25.27,Bueno,interpolacion_delaunay,0,1644,76,453,82
2026-10-10T08:18:59.828842+00:00,1903900011455,22.88,Aceptable,26.45,Bueno,interpolacion_delaunay,0,1330,38,379,65
2026-10-10T08:18:59.828842+00:00,1903900011578,17.79,Aceptable,19.0,Bueno,interpolacion_delaunay,0,1668,78,469,55
2026-10-10T08:18:59.828842+00:00,1903900011582,20.0,Aceptable,21.0,Bueno,promedio_sensores,1,1943,98,485,98
2026-10-10T08:18:59.828842+00:00,190390001160A,20.36,Aceptable,22.36,Bueno,interpolacion_delaunay,0,1878,106,479,110
2026-10-10T08:18:59.828842+00:00,1903900011614,20.08,Aceptable,21.88,Bueno,interpolacion_delaunay,0,2516,127,727,95
2026-10-10T08:18:59.828842+00:00,1903900011633,21.42,Aceptable,24.65,Bueno,interpolacion_delaunay,0,810,34,225,59
2026-10-10T08:18:59.828842+00:00,1903900011703,15.83,Aceptable,17.35,Bueno,interpolacion_delaunay,0,3184,63,372,52
2026-10-10T08:18:59.828842+00:00,1903900011722,17.96,Aceptable,19.28,Bueno,interpolacion_delaunay,0,511,20,136,16
2026-10-10T08:18:59.828842+00:00,1903900011737,14.38,Bueno,15.53,Bueno,interpolacion_delaunay,0,377,25,76,21
2026-10-10T08:18:59.828842+00:00,1903900011741,16.79,Aceptable,18.39,Bueno,interpolacion_delaunay,0,179,8,28,10
2026-10-10T08:18:59.828842+00:00,1903900011756,16.85,Aceptable,18.64,Bueno,interpolacion_delaunay,0,191,3,61,18
2026-10-10T08:18:59.828842+00:00,1903900011794,20.93,Aceptable,23.13,Bueno,interpolacion_delaunay,0,2555,160,623,167
2026-10-10T08:18:59.828842+00:00,1903900011845,6.3,Bueno,6.6,Bueno,promedio_sensores,1,2750,133,527,66
2026-10-10T08:18:59.828842+00:00,190390001185A,16.78,Aceptable,17.78,Bueno,interpolacion_delaunay,0,2718,189,497,75
2026-10-10T08:18:59.828842+00:00,1903900011879,18.64,Aceptable,20.05,Bueno,interpolacion_delaunay,0,2302,190,467,160
2026-10-10T08:18:59.828842+00:00,1903900011883,18.91,Aceptable,20.52,Bueno,interpolacion_delaunay,0,2653,217,567,162
2026-10-10T08:18:59.828842+00:00,1903900011898,19.92,Aceptable,21.74,Bueno,interpolacion_delaunay,0,2466,163,572,128
2026-10-10T08:18:59.828842+00:00,1903900011900,18.84,Aceptable,20.78,Bueno,interpolacion_delaunay,0,1274,99,333,108
2026-10-10T08:18:59.828842+00:00,1903900012167,19.16,Aceptable,21.72,Bueno,interpolacion_delaunay,0,2883,124,813,123
2026-10-10T08:18:59.828842+00:00,1903900012190,18.37,Aceptable,20.25,Bueno,interpolacion_delaunay,0,1182,41,455,89
2026-10-10T08:18:59.828842+00:00,1903900012218,17.32,Aceptable,18.56,Bueno,interpolacion_delaunay,0,1788,87,512,71
2026-10-10T08:18:59.828842+00:00,1903900012241,16.33,Aceptable,17.18,Bueno,interpolacion_delaunay,0,1136,46,404,79
2026-10-10T08:18:59.828842+00:00,1903900012275,16.18,Aceptable,17.32,Bueno,interpolacion_delaunay,0,3740,200,896,144
2026-10-10T08:18:59.828842+00:00,1903900012472,22.9,Aceptable,25.7,Bueno,promedio_sensores,1,4662,342,773,243
2026-10-10T08:18:59.828842+00:00,190390001267A,12.69,Bueno,14.81,Bueno,interpolacion_delaunay,0,3909,249,1025,191
2026-10-10T08:18:59.828842+00:00,1903900012684,11.55,Bueno,13.37,Bueno,interpolacion_delaunay,0,2186,73,687,43
2026-10-10T08:18:59.828842+00:00,1903900012720,21.9,Aceptable,24.2,Bueno,promedio_sensores,1,970,52,170,37
2026-10-10T08:18:59.828842+00:00,190390001274A,20.68,Aceptable,22.88,Bueno,interpolacion_delaunay,0,10,0,0,0
2026-10-10T08:18:59.828842+00:00,1903900012754,21.05,Aceptable,23.13,Bueno,interpolacion_delaunay,0,3205,214,714,184
2026-10-10T08:18:59.828842+00:00,1903900012788,17.52,Aceptable,19.31,Bueno,interpolacion_delaunay,0,0,0,0,0
2026-10-10T08:18:59.828842+00:00,190390001281A,7.9,Bueno,9.1,Bueno,promedio_sensores,1,327,0,0,0
2026-10-10T08:18:59.828842+00:00,1903900012877,3.18,Bueno,3.57,Bueno,interpolacion_delaunay,0,0,0,0,0
2026-10-10T08:18:59.828842+00:00,1903900013451,21.87,Aceptable,24.84,Bueno,interpolacion_delaunay,0,4308,421,672,304
2026-10-10T08:18:59.828842+00:00,1903900013555,14.6,Bueno,17.11,Bueno,interpolacion_delaunay,0,4663,290,902,166
2026-10-10T08:18:59.828842+00:00,1903900013593,20.51,Aceptable,23.03,Bueno,interpolacion_delaunay,0,2322,237,355,231
2026-10-10T08:18:59.828842+00:00,1903900013606,21.86,Aceptable,24.19,Bueno,interpolacion_delaunay,0,2907,266,482,206
2026-10-10T08:18:59.828842+00:00,1903900013610,15.94,Aceptable,17.94,Bueno,interpolacion_delaunay,0,2513,260,368,178
2026-10-10T08:18:59.828842+00:00,1903900013659,22.51,Aceptable,25.17,Bueno,interpolacion_delaunay,0,1885,176,371,95
2026-10-10T08:18:59.828842+00:00,190390001406A,22.34,Aceptable,25.51,Bueno,interpolacion_delaunay,0,4196,447,516,257
2026-10-10T08:18:59.828842+00:00,1903900014093,22.39,Aceptable,25.75,Bueno,interpolacion_delaunay,0,3096,303,444,145
2026-10-10T08:18:59.828842+00:00,1903900014144,19.69,Aceptable,24.24,Bueno,interpolacion_delaunay,0,883,38,360,125
2026-10-10T08:18:59.828842+00:00,1903900014159,1.6,Bueno,2.3,Bueno,promedio_sensores,1,620,20,142,55
2026-10-10T08:18:59.828842+00:00,1903900014500,22.08,Aceptable,25.28,Bueno,interpolacion_delaunay,0,3056,353,283,111
2026-10-10T08:18:59.828842+00:00,1903900014515,21.63,Aceptable,24.63,Bueno,interpolacion_delaunay,0,3391,252,688,180
2026-10-10T08:18:59.828842+00:00,1903900014549,21.26,Aceptable,23.98,Bueno,interpolacion_delaunay,0,4319,365,785,218
2026-10-10T08:18:59.828842+00:00,1903900014553,21.23,Aceptable,23.9,Bueno,interpolacion_delaunay,0,3885,315,748,307
2026-10-10T08:18:59.828842+00:00,1903900014619,2.03,Bueno,2.32,Bueno,interpolacion_delaunay,0,2679,137,355,34
2026-10-10T08:18:59.828842+00:00,1903900014623,18.9,Aceptable,20.1,Bueno,promedio_sensores,1,1853,99,476,133
2026-10-10T08:18:59.828842+00:00,1903900014731,19.48,Aceptable,20.8,Bueno,interpolacion_delaunay,0,2772,164,687,112
2026-10-10T08:18:59.828842+00:00,1903900014905,14.34,Bueno,15.6,Bueno,interpolacion_delaunay,0,2280,182,284,44
2026-10-10T08:18:59.828842+00:00,190390001491A,7.75,Bueno,8.63,Bueno,interpolacion_delaunay,0,897,47,73,0
2026-10-10T08:18:59.828842+00:00,1903900014924,19.6,Aceptable,20.5,Bueno,promedio_sensores,1,2425,136,485,38
2026-10-10T08:18:59.828842+00:00,1903900014939,20.74,Aceptable,22.4,Bueno,interpolacion_delaunay,0,1974,92,485,50
2026-10-10T08:18:59.828842+00:00,1903900015142,10.9,Bueno,11.5,Bueno,interpolacion_delaunay,0,2839,330,193,45
2026-10-10T08:18:59.828842+00:00,1903900011385,21.13,Aceptable,24.3,Bueno,interpolacion_delaunay,0,1585,87,442,107
2026-10-10T08:18:59.828842+00:00,1903900012805,16.06,Aceptable,17.79,Bueno,interpolacion_delaunay,0,3258,186,362,30
2026-10-10T08:18:59.828842+00:00,1903900011826,21.36,Aceptable,22.82,Bueno,interpolacion_delaunay,0,1966,181,300,39
2026-10-10T08:18:59.828842+00:00,1903900012468,13.97,Bueno,15.05,Bueno,interpolacion_delaunay,0,3979,370,451,75
2026-10-10T08:18:59.828842+00:00,1903900012133,22.19,Aceptable,24.7,Bueno,interpolacion_delaunay,0,3643,409,514,130
2026-10-10T08:18:59.828842+00:00,1903900014182,21.52,Aceptable,24.26,Bueno,interpolacion_delaunay,0,2164,180,491,80
2026-10-10T08:18:59.828842+00:00,1903900012152,20.09,Aceptable,22.9,Bueno,interpolacion_delaunay,0,2360,140,519,93
2026-10-10T08:18:59.828842+00:00,1903900012082,20.86,Aceptable,23.78,Bueno,interpolacion_delaunay,0,2402,95,700,143
2026-10-10T08:18:59.828842+00:00,1903900013663,19.14,Aceptable,21.54,Bueno,interpolacion_delaunay,0,4832,422,675,278
2026-10-10T08:18:59.828842+00:00,1903900013714,10.01,Bueno,10.19,Bueno,interpolacion_delaunay,0,4743,468,751,239
2026-10-10T08:18:59.828842+00:00,1903900012858,10.37,Bueno,11.0,Bueno,interpolacion_delaunay,0,0,0,0,0
2026-10-10T08:18:59.828842+00:00,1903900012839,7.06,Bueno,7.9,Bueno,interpolacion_delaunay,0,426,30,39,0
2026-10-10T08:18:59.828842+00:00,1903900012843,15.8,Aceptable,16.6,Bueno,promedio_sensores,1,3288,154,618,59
2026-10-10T08:18:59.828842+00:00,1903900012862,4.9,Bueno,5.54,Bueno,interpolacion_delaunay,0,0,0,0,0
2026-10-10T08:18:59.828842+00:00,1903900013733,7.36,Bueno,7.47,Bueno,interpolacion_delaunay,0,1895,90,465,59
2026-10-10T08:18:59.828842+00:00,1903900012294,14.2,Bueno,15.12,Bueno,interpolacion_delaunay,0,3104,120,1010,138
2026-10-10T08:18:59.828842+00:00,190390001228A,15.78,Aceptable,16.69,Bueno,interpolacion_delaunay,0,2430,94,799,56
2026-10-10T08:18:59.828842+00:00,1903900010423,21.17,Aceptable,23.77,Bueno,interpolacion_delaunay,0,3542,305,682,134
2026-10-10T08:18:59.828842+00:00,1903900010334,21.36,Aceptable,24.01,Bueno,interpolacion_delaunay,0,878,76,200,70
2026-10-10T08:18:59.828842+00:00,1903900010071,23.76,Aceptable,27.78,Bueno,interpolacion_delaunay,0,2520,129,682,146
2026-10-10T08:18:59.828842+00:00,1903900014869,2.8,Bueno,3.18,Bueno,interpolacion_delaunay,0,4404,353,307,53
2026-10-10T08:18:59.828842+00:00,1903900013748,6.29,Bueno,6.57,Bueno,interpolacion_delaunay,0,3552,225,627,97
2026-10-10T08:18:59.828842+00:00,1903900011050,19.37,Aceptable,21.96,Bueno,interpolacion_delaunay,0,1589,135,342,104
2026-10-10T08:18:59.828842+00:00,1903900011116,19.5,Aceptable,22.29,Bueno,interpolacion_delaunay,0,0,0,0,0
2026-10-10T08:18:59.828842+00:00,1903900010809,20.8,Aceptable,23.33,Bueno,interpolacion_delaunay,0,59,3,14,3
2026-10-10T08:18:59.828842+00:00,1903900010989,21.52,Aceptable,24.26,Bueno,interpolacion_delaunay,0,6061,564,591,133
2026-10-10T08:18:59.828842+00:00,1903900010851,19.02,Aceptable,21.48,Bueno,interpolacion_delaunay,0,1601,105,413,68
2026-10-10T08:18:59.828842+00:00,1903900013413,18.75,Aceptable,22.17,Bueno,interpolacion_delaunay,0,7251,522,1316,316
2026-10-10T08:18:59.828842+00:00,1903900010033,21.68,Aceptable,25.71,Bueno,interpolacion_delaunay,0,3321,285,588,124
2026-10-10T08:18:59.828842+00:00,1903900010137,17.68,Aceptable,20.83,Bueno,interpolacion_delaunay,0,4478,279,1202,320
2026-10-10T08:18:59.828842+00:00,1903900010141,21.82,Aceptable,25.42,Bueno,interpolacion_delaunay,0,4273,225,965,185
2026-10-10T08:18:59.828842+00:00,1903900010762,23.22,Aceptable,26.01,Bueno,interpolacion_delaunay,0,1600,114,337,68
2026-10-10T08:18:59.828842+00:00,1903900014106,22.14,Aceptable,25.42,Bueno,interpolacion_delaunay,0,4189,248,1019,177
2026-10-10T08:18:59.828842+00:00,1903900014110,21.57,Aceptable,24.6,Bueno,interpolacion_delaunay,0,2699,161,643,225
2026-10-10T08:18:59.828842+00:00,1903900010921,24.12,Aceptable,27.03,Bueno,interpolacion_delaunay,0,2388,213,393,106
2026-10-10T08:18:59.828842+00:00,1903900010669,23.56,Aceptable,26.38,Bueno,interpolacion_delaunay,0,2152,159,463,119
2026-10-10T08:18:59.828842+00:00,1903900010067,24.1,Aceptable,28.27,Bueno,interpolacion_delaunay,0,2799,155,819,158
2026-10-10T08:18:59.828842+00:00,1903900010688,21.9,Aceptable,24.49,Bueno,interpolacion_delaunay,0,2838,195,394,149
2026-10-10T08:18:59.828842+00:00,1903900010584,21.69,Aceptable,24.17,Bueno,interpolacion_delaunay,0,3226,273,587,141
2026-10-10T08:18:59.828842+00:00,1903900011417,22.28,Aceptable,23.66,Bueno,interpolacion_delaunay,0,3077,152,970,79
2026-10-10T08:18:59.828842+00:00,1903900013837,21.99,Aceptable,23.39,Bueno,interpolacion_delaunay,0,3561,193,908,77
2026-10-10T08:18:59.828842+00:00,1903900013930,23.45,Aceptable,27.16,Bueno,interpolacion_delaunay,0,1431,202,111,73
2026-10-10T08:18:59.828842+00:00,1903900014055,22.82,Aceptable,26.23,Bueno,interpolacion_delaunay,0,4222,525,372,136
2026-10-10T08:18:59.828842+00:00,190390001420A,21.95,Aceptable,24.76,Bueno,interpolacion_delaunay,0,3029,320,382,97
2026-10-10T08:18:59.828842+00:00,1903900014197,21.68,Aceptable,24.49,Bueno,interpolacion_delaunay,0,2456,248,321,138
2026-10-10T08:18:59.828842+00:00,1903900010974,22.27,Aceptable,25.06,Bueno,interpolacion_delaunay,0,781,39,192,50
2026-10-10T08:18:59.828842+00:00,1903900011084,19.53,Aceptable,22.43,Bueno,interpolacion_delaunay,0,1782,162,338,82
2026-10-10T08:18:59.828842+00:00,1903900010847,19.32,Aceptable,21.52,Bueno,interpolacion_delaunay,0,1023,82,199,53
2026-10-10T08:18:59.828842+00:00,1903900010993,20.46,Aceptable,23.06,Bueno,interpolacion_delaunay,0,1086,95,211,53
2026-10-10T08:18:59.828842+00:00,1903900010372,21.83,Aceptable,24.95,Bueno,interpolacion_delaunay,0,2524,139,785,102
2026-10-10T08:18:59.828842+00:00,1903900011031,19.38,Aceptable,21.79,Bueno,interpolacion_delaunay,0,1190,84,257,58
2026-10-10T08:18:59.828842+00:00,1903900010902,23.93,Aceptable,26.83,Bueno,interpolacion_delaunay,0,3066,119,898,183
2026-10-10T08:18:59.828842+00:00,1903900010777,22.61,Aceptable,25.35,Bueno,interpolacion_delaunay,0,1329,106,264,76
2026-10-10T08:18:59.828842+00:00,1903900010781,22.17,Aceptable,24.87,Bueno,interpolacion_delaunay,0,242,8,54,15
2026-10-10T08:18:59.828842+00:00,1903900014572,21.07,Aceptable,23.87,Bueno,interpolacion_delaunay,0,1442,81,389,93
2026-10-10T08:18:59.828842+00:00,1903900014676,22.12,Aceptable,25.05,Bueno,interpolacion_delaunay,0,2120,102,506,104
2026-10-10T08:18:59.828842+00:00,190390001025A,22.76,Aceptable,26.34,Bueno,interpolacion_delaunay,0,3942,258,986,278
2026-10-10T08:18:59.828842+00:00,1903900010495,21.64,Aceptable,24.46,Bueno,interpolacion_delaunay,0,1812,109,420,98
2026-10-10T08:18:59.828842+00:00,1903900010917,24.9,Aceptable,27.9,Bueno,promedio_sensores,1,2843,155,698,133
2026-10-10T08:18:59.828842+00:00,1903900010955,23.14,Aceptable,25.98,Bueno,interpolacion_delaunay,0,288,25,64,22
2026-10-10T08:18:59.828842+00:00,1903900013697,12.27,Bueno,12.52,Bueno,interpolacion_delaunay,0,1977,183,341,77
2026-10-10T08:18:59.828842+00:00,1903900013860,23.0,Aceptable,26.51,Bueno,interpolacion_delaunay,0,3174,344,383,184
2026-10-10T08:18:59.828842+00:00,1903900015439,9.25,Bueno,10.43,Bueno,interpolacion_delaunay,0,627,97,12,5
2026-10-10T08:18:59.828842+00:00,1903900011027,20.15,Aceptable,22.71,Bueno,interpolacion_delaunay,0,509,36,115,25
2026-10-10T08:18:59.828842+00:00,1903900013998,25.15,Aceptable,29.77,Bueno,interpolacion_delaunay,0,5766,706,558,248
2026-10-10T08:18:59.828842+00:00,190390001477A,16.05,Aceptable,17.11,Bueno,interpolacion_delaunay,0,550,33,68,4
2026-10-10T08:18:59.828842+00:00,1903900014002,24.83,Aceptable,29.24,Bueno,interpolacion_delaunay,0,5494,669,668,240
2026-10-10T08:18:59.828842+00:00,1903900014873,1.35,Bueno,1.57,Bueno,interpolacion_delaunay,0,2383,154,261,52
2026-10-10T08:18:59.828842+00:00,1903900011008,21.13,Aceptable,23.9,Bueno,interpolacion_delaunay,0,1877,145,377,135
2026-10-10T08:18:59.828842+00:00,1903900011313,20.45,Aceptable,23.26,Bueno,interpolacion_delaunay,0,5055,336,882,185
2026-10-10T08:18:59.828842+00:00,190390001139A,19.99,Aceptable,23.31,Bueno,interpolacion_delaunay,0,1079,59,290,49
2026-10-10T08:18:59.828842+00:00,1903900011402,20.47,Aceptable,23.75,Bueno,interpolacion_delaunay,0,681,31,196,23
2026-10-10T08:18:59.828842+00:00,1903900012519,25.32,Aceptable,30.06,Bueno,interpolacion_delaunay,0,5642,661,498,241
2026-10-10T08:18:59.828842+00:00,1903900013822,20.53,Aceptable,21.73,Bueno,interpolacion_delaunay,0,6050,361,890,140
2026-10-10T08:18:59.828842+00:00,1903900013964,20.25,Aceptable,21.59,Bueno,interpolacion_delaunay,0,728,55,70,19
2026-10-10T08:18:59.828842+00:00,1903900014125,21.56,Aceptable,24.48,Bueno,interpolacion_delaunay,0,1881,174,361,63
2026-10-10T08:18:59.828842+00:00,190390001452A,21.74,Aceptable,24.81,Bueno,interpolacion_delaunay,0,2471,240,363,186
2026-10-10T08:18:59.828842+00:00,190390001413A,21.87,Aceptable,24.83,Bueno,interpolacion_delaunay,0,2082,180,339,126
2026-10-10T08:18:59.828842+00:00,1903900010461,21.4,Aceptable,24.4,Bueno,promedio_sensores,1,3422,173,1112,139
2026-10-10T08:18:59.828842+00:00,1903900014534,21.23,Aceptable,23.92,Bueno,interpolacion_delaunay,0,1267,111,229,29
2026-10-10T08:18:59.828842+00:00,1903900013767,5.75,Bueno,6.12,Bueno,interpolacion_delaunay,0,2308,117,605,127
2026-10-10T08:18:59.828842+00:00,1903900012345,4.26,Bueno,4.32,Bueno,interpolacion_delaunay,0,2632,98,737,80
2026-10-10T08:18:59.828842+00:00,1903900012364,0.0,Bueno,0.0,Bueno,promedio_sensores,1,2327,116,787,61
2026-10-10T08:18:59.828842+00:00,1903900011629,30.2,Aceptable,37.5,Bueno,promedio_sensores,1,2881,196,402,58
2026-10-10T08:18:59.828842+00:00,1903900013396,23.77,Aceptable,27.68,Bueno,interpolacion_delaunay,0,4014,389,664,275
2026-10-10T08:18:59.828842+00:00,1903900010245,14.93,Bueno,17.57,Bueno,interpolacion_delaunay,0,2709,131,764,208
2026-10-10T08:18:59.828842+00:00,1903900015284,9.14,Bueno,10.11,Bueno,interpolacion_delaunay,0,513,29,60,13
2026-10-10T08:18:59.828842+00:00,1903900010118,23.51,Aceptable,27.32,Bueno,interpolacion_delaunay,0,4580,383,955,302
2026-10-10T08:18:59.828842+00:00,1903900010052,24.16,Aceptable,28.28,Bueno,interpolacion_delaunay,0,3869,304,717,323
2026-10-10T08:18:59.828842+00:00,1903900015123,24.39,Aceptable,28.58,Bueno,interpolacion_delaunay,0,68,3,4,3
2026-10-10T08:18:59.828842+00:00,1903900014036,23.92,Aceptable,27.88,Bueno,interpolacion_delaunay,0,4679,569,514,263
2026-10-10T08:18:59.828842+00:00,1903900010508,21.15,Aceptable,23.89,Bueno,interpolacion_delaunay,0,3451,202,579,150
2026-10-10T08:18:59.828842+00:00,1903900010527,21.23,Aceptable,23.9,Bueno,interpolacion_delaunay,0,1779,95,454,127
2026-10-10T08:18:59.828842+00:00,1903900013729,9.06,Bueno,9.49,Bueno,interpolacion_delaunay,0,3410,392,357,136
2026-10-10T08:18:59.828842+00:00,190390001370A,11.27,Bueno,11.69,Bueno,interpolacion_delaunay,0,4006,357,563,228
2026-10-10T08:18:59.828842+00:00,1904600010362,18.55,Aceptable,20.66,Bueno,interpolacion_delaunay,0,5505,271,1291,301
2026-10-10T08:18:59.828842+00:00,1904600011483,14.57,Bueno,15.83,Bueno,interpolacion_delaunay,0,2026,111,597,94
2026-10-10T08:18:59.828842+00:00,1904600011638,17.68,Aceptable,18.99,Bueno,interpolacion_delaunay,0,4053,248,498,114
2026-10-10T08:18:59.828842+00:00,1904600010998,18.33,Aceptable,19.48,Bueno,interpolacion_delaunay,0,5855,449,1099,257
2026-10-10T08:18:59.828842+00:00,1904600011676,19.2,Aceptable,21.29,Bueno,interpolacion_delaunay,0,362,30,69,27
2026-10-10T08:18:59.828842+00:00,1904600010216,20.7,Aceptable,23.0,Bueno,promedio_sensores,1,2042,50,546,50
2026-10-10T08:18:59.828842+00:00,1904600010536,20.18,Aceptable,21.68,Bueno,interpolacion_delaunay,0,4997,504,603,104
2026-10-10T08:18:59.828842+00:00,1904600011708,19.33,Aceptable,20.77,Bueno,interpolacion_delaunay,0,1763,89,284,44
2026-10-10T08:18:59.828842+00:00,190460001070A,18.76,Aceptable,20.91,Bueno,interpolacion_delaunay,0,1273,69,137,48
2026-10-10T08:18:59.828842+00:00,1904600011375,17.93,Aceptable,19.19,Bueno,interpolacion_delaunay,0,5964,475,946,326
2026-10-10T08:18:59.828842+00:00,1904600011286,18.57,Aceptable,20.6,Bueno,interpolacion_delaunay,0,2603,117,839,196
2026-10-10T08:18:59.828842+00:00,1904600011623,17.76,Aceptable,18.97,Bueno,interpolacion_delaunay,0,4225,248,423,136
2026-10-10T08:18:59.828842+00:00,1904600010786,18.62,Aceptable,19.94,Bueno,interpolacion_delaunay,0,4690,309,1009,269
2026-10-10T08:18:59.828842+00:00,190460001024A,17.9,Aceptable,19.5,Bueno,interpolacion_delaunay,0,2748,75,850,176
2026-10-10T08:18:59.828842+00:00,1904600010875,18.18,Aceptable,19.22,Bueno,interpolacion_delaunay,0,3785,202,993,129
2026-10-10T08:18:59.828842+00:00,1904600010324,18.29,Aceptable,20.54,Bueno,interpolacion_delaunay,0,2214,97,651,92
2026-10-10T08:18:59.828842+00:00,1904600011233,17.38,Aceptable,19.03,Bueno,interpolacion_delaunay,0,3010,241,577,204
2026-10-10T08:18:59.828842+00:00,1904600010131,18.51,Aceptable,20.38,Bueno,interpolacion_delaunay,0,4113,160,1393,177
2026-10-10T08:18:59.828842+00:00,1904600010184,18.81,Aceptable,20.67,Bueno,interpolacion_delaunay,0,3438,93,1132,126
2026-10-10T08:18:59.828842+00:00,1904600010235,18.61,Aceptable,20.36,Bueno,interpolacion_delaunay,0,2765,104,711,111
2026-10-10T08:18:59.828842+00:00,1904600010466,19.54,Aceptable,21.79,Bueno,interpolacion_delaunay,0,2212,113,500,58
2026-10-10T08:18:59.828842+00:00,190460001049A,20.02,Aceptable,22.27,Bueno,interpolacion_delaunay,0,2827,123,674,44
2026-10-10T08:18:59.828842+00:00,1904600011407,20.24,Aceptable,21.61,Bueno,interpolacion_delaunay,0,3464,317,610,173
2026-10-10T08:18:59.828842+00:00,1904600011642,17.43,Aceptable,18.81,Bueno,interpolacion_delaunay,0,2601,116,623,113
2026-10-10T08:18:59.828842+00:00,1904600011731,18.51,Aceptable,19.61,Bueno,interpolacion_delaunay,0,3017,207,561,120
2026-10-10T08:18:59.828842+00:00,1904600010108,16.17,Aceptable,17.33,Bueno,interpolacion_delaunay,0,2483,125,582,112
2026-10-10T08:18:59.828842+00:00,1904600010127,17.42,Aceptable,18.4,Bueno,interpolacion_delaunay,0,4270,186,1281,297
2026-10-10T08:18:59.828842+00:00,1904600010292,19.42,Aceptable,21.5,Bueno,interpolacion_delaunay,0,0,0,0,0
2026-10-10T08:18:59.828842+00:00,1904600010714,17.11,Aceptable,18.42,Bueno,interpolacion_delaunay,0,3666,266,947,309
2026-10-10T08:18:59.828842+00:00,1904600010860,19.81,Aceptable,21.08,Bueno,interpolacion_delaunay,0,3290,227,721,158
2026-10-10T08:18:59.828842+00:00,1904600011002,19.29,Aceptable,20.59,Bueno,interpolacion_delaunay,0,3262,289,695,194
2026-10-10T08:18:59.828842+00:00,190460001120A,17.07,Aceptable,18.62,Bueno,interpolacion_delaunay,0,3141,265,631,179
2026-10-10T08:18:59.828842+00:00,1904600011341,19.87,Aceptable,21.29,Bueno,interpolacion_delaunay,0,3608,289,555,127
2026-10-10T08:18:59.828842+00:00,1904600011426,17.87,Aceptable,18.95,Bueno,interpolacion_delaunay,0,3335,302,691,164
2026-10-10T08:18:59.828842+00:00,190460001177A,20.27,Aceptable,22.83,Bueno,interpolacion_delaunay,0,2611,224,320,95
2026-10-10T08:18:59.828842+00:00,1904600010042,16.08,Aceptable,17.49,Bueno,interpolacion_delaunay,0,1646,90,422,69
2026-10-10T08:18:59.828842+00:00,1904600010057,15.88,Aceptable,17.14,Bueno,interpolacion_delaunay,0,1216,61,388,100
2026-10-10T08:18:59.828842+00:00,1904600010076,18.14,Aceptable,19.2,Bueno,interpolacion_delaunay,0,3762,199,1053,215
2026-10-10T08:18:59.828842+00:00,1904600010095,16.04,Aceptable,17.25,Bueno,interpolacion_delaunay,0,1199,53,337,85
2026-10-10T08:18:59.828842+00:00,1904600010146,16.72,Aceptable,17.99,Bueno,interpolacion_delaunay,0,2987,160,749,104
2026-10-10T08:18:59.828842+00:00,190460001017A,16.81,Aceptable,17.72,Bueno,interpolacion_delaunay,0,4101,180,1201,211
2026-10-10T08:18:59.828842+00:00,1904600010201,16.21,Aceptable,17.22,Bueno,interpolacion_delaunay,0,3988,173,1242,253
2026-10-10T08:18:59.828842+00:00,1904600010220,20.21,Aceptable,22.42,Bueno,interpolacion_delaunay,0,1869,61,495,59
2026-10-10T08:18:59.828842+00:00,190460001031A,18.05,Aceptable,20.14,Bueno,interpolacion_delaunay,0,2149,134,353,62
2026-10-10T08:18:59.828842+00:00,1904600010343,17.72,Aceptable,19.4,Bueno,interpolacion_delaunay,0,5532,394,1335,345
2026-10-10T08:18:59.828842+00:00,1904600010381,18.99,Aceptable,21.39,Bueno,interpolacion_delaunay,0,3251,164,847,172
2026-10-10T08:18:59.828842+00:00,1904600010413,19.02,Aceptable,21.28,Bueno,interpolacion_delaunay,0,4002,238,499,120
2026-10-10T08:18:59.828842+00:00,1904600010485,20.84,Aceptable,23.35,Bueno,interpolacion_delaunay,0,3150,144,1004,109
2026-10-10T08:18:59.828842+00:00,1904600010540,16.93,Aceptable,17.88,Bueno,interpolacion_delaunay,0,4952,283,1289,225
2026-10-10T08:18:59.828842+00:00,1904600010555,19.94,Aceptable,21.57,Bueno,interpolacion_delaunay,0,0,0,0,0
2026-10-10T08:18:59.828842+00:00,1904600010593,16.85,Aceptable,17.83,Bueno,interpolacion_delaunay,0,5785,417,488,81
2026-10-10T08:18:59.828842+00:00,1904600010610,18.51,Aceptable,20.88,Bueno,interpolacion_delaunay,0,4819,442,219,35
2026-10-10T08:18:59.828842+00:00,1904600010625,18.63,Aceptable,19.86,Bueno,interpolacion_delaunay,0,684,56,110,22
2026-10-10T08:18:59.828842+00:00,1904600010659,16.58,Aceptable,17.55,Bueno,interpolacion_delaunay,0,0,0,0,0
2026-10-10T08:18:59.828842+00:00,1904600010729,17.04,Aceptable,18.24,Bueno,interpolacion_delaunay,0,0,0,0,0
2026-10-10T08:18:59.828842+00:00,1904600010752,17.84,Aceptable,19.44,Bueno,interpolacion_delaunay,0,2043,121,429,51
2026-10-10T08:18:59.828842+00:00,1904600010790,19.57,Aceptable,21.02,Bueno,interpolacion_delaunay,0,0,0,0,0
2026-10-10T08:18:59.828842+00:00,1904600010822,20.23,Aceptable,21.56,Bueno,interpolacion_delaunay,0,1808,142,329,116
2026-10-10T08:18:59.828842+00:00,1904600010841,19.62,Aceptable,20.85,Bueno,interpolacion_delaunay,0,2675,196,623,119
2026-10-10T08:18:59.828842+00:00,1904600010856,19.04,Aceptable,20.2,Bueno,interpolacion_delaunay,0,5049,305,900,195
2026-10-10T08:18:59.828842+00:00,190460001088A,13.64,Bueno,14.55,Bueno,interpolacion_delaunay,0,4232,220,1219,162
2026-10-10T08:18:59.828842+00:00,1904600010894,14.14,Bueno,15.04,Bueno,interpolacion_delaunay,0,2806,182,550,130
2026-10-10T08:18:59.828842+00:00,1904600010907,18.91,Aceptable,20.07,Bueno,interpolacion_delaunay,0,3550,247,722,168
2026-10-10T08:18:59.828842+00:00,1904600010930,17.93,Aceptable,19.76,Bueno,interpolacion_delaunay,0,3021,143,721,82
2026-10-10T08:18:59.828842+00:00,1904600010945,17.64,Aceptable,19.3,Bueno,interpolacion_delaunay,0,3597,162,944,129
2026-10-10T08:18:59.828842+00:00,190460001095A,18.8,Aceptable,19.99,Bueno,interpolacion_delaunay,0,3265,234,654,254
2026-10-10T08:18:59.828842+00:00,1904600010979,15.86,Aceptable,16.65,Bueno,interpolacion_delaunay,0,2747,114,869,151
2026-10-10T08:18:59.828842+00:00,1904600011017,18.38,Aceptable,19.56,Bueno,interpolacion_delaunay,0,4599,402,752,199
2026-10-10T08:18:59.828842+00:00,1904600011021,15.76,Aceptable,16.56,Bueno,interpolacion_delaunay,0,4072,223,1090,178
2026-10-10T08:18:59.828842+00:00,1904600011040,16.01,Aceptable,17.0,Bueno,interpolacion_delaunay,0,3276,150,902,88
2026-10-10T08:18:59.828842+00:00,1904600011055,16.06,Aceptable,17.01,Bueno,interpolacion_delaunay,0,7096,477,1425,285
2026-10-10T08:18:59.828842+00:00,190460001106A,16.96,Aceptable,18.31,Bueno,interpolacion_delaunay,0,1152,61,261,64
2026-10-10T08:18:59.828842+00:00,1904600011074,16.55,Aceptable,17.88,Bueno,interpolacion_delaunay,0,4901,241,744,96
2026-10-10T08:18:59.828842+00:00,1904600011089,16.39,Aceptable,17.5,Bueno,interpolacion_delaunay,0,3306,318,659,199
2026-10-10T08:18:59.828842+00:00,1904600011093,18.54,Aceptable,19.8,Bueno,interpolacion_delaunay,0,3302,217,861,180
2026-10-10T08:18:59.828842+00:00,1904600011106,20.06,Aceptable,21.54,Bueno,interpolacion_delaunay,0,3881,243,712,89
2026-10-10T08:18:59.828842+00:00,1904600011110,18.74,Aceptable,20.98,Bueno,interpolacion_delaunay,0,3018,178,738,133
2026-10-10T08:18:59.828842+00:00,1904600011125,16.74,Aceptable,18.12,Bueno,interpolacion_delaunay,0,3318,323,549,240
2026-10-10T08:18:59.828842+00:00,190460001113A,16.84,Aceptable,18.2,Bueno,interpolacion_delaunay,0,3513,294,662,255
2026-10-10T08:18:59.828842+00:00,1904600011144,16.95,Aceptable,18.3,Bueno,interpolacion_delaunay,0,3223,294,460,148
2026-10-10T08:18:59.828842+00:00,1904600011159,16.99,Aceptable,18.06,Bueno,interpolacion_delaunay,0,4682,317,917,254
2026-10-10T08:18:59.828842+00:00,1904600011163,17.41,Aceptable,18.53,Bueno,interpolacion_delaunay,0,4463,291,849,173
2026-10-10T08:18:59.828842+00:00,1904600011178,18.41,Aceptable,19.68,Bueno,interpolacion_delaunay,0,2288,137,771,142
2026-10-10T08:18:59.828842+00:00,1904600011182,18.01,Aceptable,19.21,Bueno,interpolacion_delaunay,0,2567,158,877,192
2026-10-10T08:18:59.828842+00:00,1904600011197,17.7,Aceptable,18.88,Bueno,interpolacion_delaunay,0,2285,129,707,149
2026-10-10T08:18:59.828842+00:00,1904600011214,17.34,Aceptable,19.07,Bueno,interpolacion_delaunay,0,2395,153,608,159
2026-10-10T08:18:59.828842+00:00,1904600011229,17.64,Aceptable,19.48,Bueno,interpolacion_delaunay,0,3808,341,729,252
2026-10-10T08:18:59.828842+00:00,1904600011248,17.28,Aceptable,18.76,Bueno,interpolacion_delaunay,0,3448,233,731,165
2026-10-10T08:18:59.828842+00:00,1904600011252,18.13,Aceptable,20.09,Bueno,interpolacion_delaunay,0,3638,249,902,255
2026-10-10T08:18:59.828842+00:00,1904600011271,18.36,Aceptable,20.24,Bueno,interpolacion_delaunay,0,3393,200,1049,183
2026-10-10T08:18:59.828842+00:00,1904600011290,17.91,Aceptable,18.97,Bueno,interpolacion_delaunay,0,3613,204,959,164
2026-10-10T08:18:59.828842+00:00,1904600011303,18.49,Aceptable,19.63,Bueno,interpolacion_delaunay,0,4255,296,730,120
2026-10-10T08:18:59.828842+00:00,1904600011318,15.2,Aceptable,15.9,Bueno,promedio_sensores,1,2617,117,712,78
2026-10-10T08:18:59.828842+00:00,1904600011322,15.47,Aceptable,16.21,Bueno,interpolacion_delaunay,0,3209,131,1071,177
2026-10-10T08:18:59.828842+00:00,1904600011356,17.96,Aceptable,19.13,Bueno,interpolacion_delaunay,0,5344,302,754,186
2026-10-10T08:18:59.828842+00:00,190460001138A,16.83,Aceptable,17.76,Bueno,interpolacion_delaunay,0,2330,116,772,143
2026-10-10T08:18:59.828842+00:00,1904600011394,14.87,Bueno,15.66,Bueno,interpolacion_delaunay,0,2495,152,536,127
2026-10-10T08:18:59.828842+00:00,1904600011430,17.01,Aceptable,17.99,Bueno,interpolacion_delaunay,0,4835,297,977,195
2026-10-10T08:18:59.828842+00:00,1904600011445,17.65,Aceptable,19.04,Bueno,interpolacion_delaunay,0,2396,140,277,35
2026-10-10T08:18:59.828842+00:00,190460001145A,17.95,Aceptable,19.55,Bueno,interpolacion_delaunay,0,4010,242,623,75
2026-10-10T08:18:59.828842+00:00,1904600011464,17.54,Aceptable,19.35,Bueno,interpolacion_delaunay,0,3269,192,527,50
2026-10-10T08:18:59.828842+00:00,1904600011479,16.26,Aceptable,17.85,Bueno,interpolacion_delaunay,0,2267,102,540,81
2026-10-10T08:18:59.828842+00:00,1904600011500,19.63,Aceptable,20.9,Bueno,interpolacion_delaunay,0,4575,375,784,254
2026-10-10T08:18:59.828842+00:00,1904600011515,19.22,Aceptable,20.44,Bueno,interpolacion_delaunay,0,1791,111,314,102
2026-10-10T08:18:59.828842+00:00,190460001152A,19.32,Aceptable,20.58,Bueno,interpolacion_delaunay,0,3396,254,719,167
2026-10-10T08:18:59.828842+00:00,1904600011534,19.51,Aceptable,20.81,Bueno,interpolacion_delaunay,0,5740,487,560,132
2026-10-10T08:18:59.828842+00:00,1904600011549,15.78,Aceptable,16.7,Bueno,interpolacion_delaunay,0,4515,263,831,205
2026-10-10T08:18:59.828842+00:00,1904600011568,19.12,Aceptable,20.43,Bueno,interpolacion_delaunay,0,4996,283,463,138
2026-10-10T08:18:59.828842+00:00,1904600011572,19.33,Aceptable,20.67,Bueno,interpolacion_delaunay,0,4541,345,482,121
2026-10-10T08:18:59.828842+00:00,1904600011587,18.51,Aceptable,20.77,Bueno,interpolacion_delaunay,0,2786,153,244,33
2026-10-10T08:18:59.828842+00:00,1904600011591,18.56,Aceptable,20.76,Bueno,interpolacion_delaunay,0,3387,245,335,48
2026-10-10T08:18:59.828842+00:00,1904600011604,17.56,Aceptable,19.08,Bueno,interpolacion_delaunay,0,3298,256,771,245
2026-10-10T08:18:59.828842+00:00,1904600011619,18.09,Aceptable,19.9,Bueno,interpolacion_delaunay,0,3765,260,958,269
2026-10-10T08:18:59.828842+00:00,1904600011657,17.19,Aceptable,18.51,Bueno,interpolacion_delaunay,0,3567,176,481,50
2026-10-10T08:18:59.828842+00:00,1904600011661,17.83,Aceptable,19.58,Bueno,interpolacion_delaunay,0,282,11,66,6
2026-10-10T08:18:59.828842+00:00,1904600011727,15.3,Aceptable,16.3,Bueno,interpolacion_delaunay,0,3412,179,655,144
2026-10-10T08:18:59.828842+00:00,1904600011746,15.85,Aceptable,16.83,Bueno,interpolacion_delaunay,0,3218,196,815,117
2026-10-10T08:18:59.828842+00:00,1904600011750,16.21,Aceptable,17.43,Bueno,interpolacion_delaunay,0,4162,197,210,54
2026-10-10T08:18:59.828842+00:00,1904600011765,20.98,Aceptable,23.91,Bueno,interpolacion_delaunay,0,3860,405,397,208
2026-10-10T08:18:59.828842+00:00,1904600010663,16.85,Aceptable,17.87,Bueno,interpolacion_delaunay,0,198,8,27,0
2026-10-10T08:18:59.828842+00:00,1904600010926,20.27,Aceptable,21.63,Bueno,interpolacion_delaunay,0,5007,437,867,291
2026-10-10T08:18:59.828842+00:00,1904600010339,18.44,Aceptable,20.73,Bueno,interpolacion_delaunay,0,1314,68,335,78
2026-10-10T08:18:59.828842+00:00,1904600011267,18.52,Aceptable,20.73,Bueno,interpolacion_delaunay,0,3908,248,1102,331
2026-10-10T08:18:59.828842+00:00,1904600011712,19.06,Aceptable,21.2,Bueno,interpolacion_delaunay,0,3272,182,300,58
2026-10-10T08:18:59.828842+00:00,1904600010447,18.62,Aceptable,19.79,Bueno,interpolacion_delaunay,0,4132,230,437,113
2026-10-10T08:18:59.828842+00:00,1904600011498,13.3,Bueno,14.3,Bueno,interpolacion_delaunay,0,3212,141,667,65
2026-10-10T08:18:59.828842+00:00,1904600010682,19.23,Aceptable,20.6,Bueno,interpolacion_delaunay,0,6498,485,714,113
2026-10-10T08:18:59.828842+00:00,1903100450393,21.25,Aceptable,24.88,Bueno,interpolacion_delaunay,0,4470,331,183,115
2026-10-10T08:18:59.828842+00:00,1903100451090,23.38,Aceptable,26.86,Bueno,interpolacion_delaunay,0,3117,391,133,67
2026-10-10T08:18:59.828842+00:00,1903100010340,21.45,Aceptable,23.72,Bueno,interpolacion_delaunay,0,3444,349,252,192
2026-10-10T08:18:59.828842+00:00,1903100450641,25.1,Aceptable,29.43,Bueno,interpolacion_delaunay,0,1572,92,57,77
2026-10-10T08:18:59.828842+00:00,1903100451086,24.34,Aceptable,28.16,Bueno,interpolacion_delaunay,0,3582,470,173,24
2026-10-10T08:18:59.828842+00:00,190310311171A,21.47,Aceptable,24.35,Bueno,interpolacion_delaunay,0,1226,184,39,41
2026-10-10T08:18:59.828842+00:00,1903100450088,22.63,Aceptable,26.51,Bueno,interpolacion_delaunay,0,106,4,27,5
2026-10-10T08:18:59.828842+00:00,1903100450321,24.51,Aceptable,28.75,Bueno,interpolacion_delaunay,0,781,65,43,66
2026-10-10T08:18:59.828842+00:00,1903100450656,18.79,Aceptable,21.96,Bueno,interpolacion_delaunay,0,6656,512,216,203
2026-10-10T08:18:59.828842+00:00,1903100451461,16.64,Aceptable,19.43,Bueno,interpolacion_delaunay,0,215,36,0,4
2026-10-10T08:18:59.828842+00:00,1903100451391,16.4,Aceptable,19.13,Bueno,interpolacion_delaunay,0,400,41,11,20
2026-10-10T08:18:59.828842+00:00,190310001068A,21.8,Aceptable,24.2,Bueno,promedio_sensores,1,5585,402,158,107
2026-10-10T08:18:59.828842+00:00,1903100010872,22.55,Aceptable,25.37,Bueno,interpolacion_delaunay,0,2902,333,115,45
2026-10-10T08:18:59.828842+00:00,1903100450266,19.43,Aceptable,22.75,Bueno,interpolacion_delaunay,0,3518,300,297,140
2026-10-10T08:18:59.828842+00:00,1903100451211,24.07,Aceptable,28.21,Bueno,interpolacion_delaunay,0,318,31,15,12
2026-10-10T08:18:59.828842+00:00,1903100450105,20.64,Aceptable,24.21,Bueno,interpolacion_delaunay,0,617,53,101,42
2026-10-10T08:18:59.828842+00:00,1903100450533,17.42,Aceptable,20.37,Bueno,interpolacion_delaunay,0,112,19,4,0
2026-10-10T08:18:59.828842+00:00,1903100450834,17.91,Aceptable,20.94,Bueno,interpolacion_delaunay,0,5335,620,158,133
2026-10-10T08:18:59.828842+00:00,1903100451122,17.71,Aceptable,20.67,Bueno,interpolacion_delaunay,0,4196,367,129,124
2026-10-10T08:18:59.828842+00:00,1903100451118,16.62,Aceptable,19.4,Bueno,interpolacion_delaunay,0,1143,149,65,58
2026-10-10T08:18:59.828842+00:00,1903100450092,22.87,Aceptable,26.82,Bueno,interpolacion_delaunay,0,5801,601,614,240
2026-10-10T08:18:59.828842+00:00,190310001036A,22.0,Aceptable,24.54,Bueno,interpolacion_delaunay,0,2196,166,139,77
2026-10-10T08:18:59.828842+00:00,1903100011264,22.05,Aceptable,24.75,Bueno,interpolacion_delaunay,0,166,15,10,4
2026-10-10T08:18:59.828842+00:00,1903100011692,23.44,Aceptable,26.7,Bueno,interpolacion_delaunay,0,1994,254,42,57
2026-10-10T08:18:59.828842+00:00,1903100450675,20.0,Aceptable,23.39,Bueno,interpolacion_delaunay,0,2985,254,121,65
2026-10-10T08:18:59.828842+00:00,1903100450815,25.18,Aceptable,29.36,Bueno,interpolacion_delaunay,0,5183,452,347,124
2026-10-10T08:18:59.828842+00:00,1903100450887,22.77,Aceptable,26.68,Bueno,interpolacion_delaunay,0,626,73,50,23
2026-10-10T08:18:59.828842+00:00,1903100450891,22.57,Aceptable,26.42,Bueno,interpolacion_delaunay,0,3371,329,210,148
2026-10-10T08:18:59.828842+00:00,1903100450904,21.62,Aceptable,25.29,Bueno,interpolacion_delaunay,0,2284,216,156,77
2026-10-10T08:18:59.828842+00:00,1903100451438,25.9,Aceptable,30.4,Bueno,promedio_sensores,1,489,62,15,5
2026-10-10T08:18:59.828842+00:00,1903100451442,21.05,Aceptable,24.6,Bueno,interpolacion_delaunay,0,530,59,19,6
2026-10-10T08:18:59.828842+00:00,1903100451828,22.99,Aceptable,26.84,Bueno,interpolacion_delaunay,0,1268,201,24,22
2026-10-10T08:18:59.828842+00:00,1903103131616,18.03,Aceptable,20.99,Bueno,interpolacion_delaunay,0,3396,460,75,104
2026-10-10T08:18:59.828842+00:00,1903100451103,20.44,Aceptable,23.88,Bueno,interpolacion_delaunay,0,1939,184,111,81
2026-10-10T08:18:59.828842+00:00,1903103131601,18.84,Aceptable,21.96,Bueno,interpolacion_delaunay,0,3536,417,97,62
2026-10-10T08:18:59.828842+00:00,1903100451226,18.86,Aceptable,22.02,Bueno,interpolacion_delaunay,0,2587,267,90,42
2026-10-10T08:18:59.828842+00:00,1903103111512,21.75,Aceptable,25.3,Bueno,interpolacion_delaunay,0,2486,240,126,82
2026-10-10T08:18:59.828842+00:00,1903100451635,15.51,Aceptable,18.09,Bueno,interpolacion_delaunay,0,3621,518,70,103
2026-10-10T08:18:59.828842+00:00,1903103131300,18.9,Aceptable,22.0,Bueno,promedio_sensores,1,4074,495,120,80
2026-10-10T08:18:59.828842+00:00,1903103111508,20.72,Aceptable,23.53,Bueno,interpolacion_delaunay,0,3724,412,113,64
2026-10-10T08:18:59.828842+00:00,1903100451387,17.25,Aceptable,20.14,Bueno,interpolacion_delaunay,0,1540,218,34,55
2026-10-10T08:18:59.828842+00:00,1903100452101,14.6,Bueno,17.03,Bueno,interpolacion_delaunay,0,1249,214,20,18
2026-10-10T08:18:59.828842+00:00,1903100451283,15.66,Aceptable,18.25,Bueno,interpolacion_delaunay,0,3230,373,88,78
2026-10-10T08:18:59.828842+00:00,1903103111527,21.27,Aceptable,24.48,Bueno,interpolacion_delaunay,0,1682,145,143,89
2026-10-10T08:18:59.828842+00:00,1903100452402,14.58,Bueno,16.99,Bueno,interpolacion_delaunay,0,0,0,0,0
2026-10-10T14:31:53.069729+00:00,1900601740121,15.6,Aceptable,18.0,Bueno,promedio_sensores,1,2694,310,73,36
2026-10-10T14:31:53.069729+00:00,1900601740155,18.89,Aceptable,22.09,Bueno,interpolacion_delaunay,0,1820,285,54,16
2026-10-10T14:31:53.069729+00:00,1900600781948,17.88,Aceptable,20.6,Bueno,interpolacion_delaunay,0,1170,93,69,32
2026-10-10T14:31:53.069729+00:00,1900600012236,23.92,Aceptable,28.53,Bueno,interpolacion_delaunay,0,264,28,6,0
2026-10-10T14:31:53.069729+00:00,1900600010225,20.99,Aceptable,26.31,Bueno,interpolacion_delaunay,0,1,0,0,0
2026-10-10T14:31:53.069729+00:00,1900600010206,26.35,Aceptable,33.77,Bueno,interpolacion_delaunay,0,6646,747,526,177
2026-10-10T14:31:53.069729+00:00,1900600010210,21.78,Aceptable,27.52,Bueno,interpolacion_delaunay,0,0,0,0,0
2026-10-10T14:31:53.069729+00:00,1900600010244,24.99,Aceptable,31.25,Bueno,interpolacion_delaunay,0,90,3,14,3
2026-10-10T14:31:53.069729+00:00,1900600010259,26.6,Aceptable,33.6,Bueno,interpolacion_delaunay,0,3329,268,159,53
2026-10-10T14:31:53.069729+00:00,1900600010278,24.58,Aceptable,30.58,Bueno,interpolacion_delaunay,0,486,52,18,8
2026-10-10T14:31:53.069729+00:00,1900600010297,20.1,Aceptable,24.4,Bueno,interpolacion_delaunay,0,5850,524,288,225
2026-10-10T14:31:53.069729+00:00,1900600010475,23.4,Aceptable,28.93,Bueno,interpolacion_delaunay,0,4729,407,844,249
2026-10-10T14:31:53.069729+00:00,190060001030A,19.52,Aceptable,23.55,Bueno,interpolacion_delaunay,0,4134,431,170,127
2026-10-10T14:31:53.069729+00:00,1900600010348,25.94,Aceptable,31.47,Bueno,interpolacion_delaunay,0,7877,871,609,196
2026-10-10T14:31:53.069729+00:00,1900600010460,24.54,Aceptable,30.41,Bueno,interpolacion_delaunay,0,4909,343,1088,217
2026-10-10T14:31:53.069729+00:00,1900600010352,25.1,Aceptable,30.17,Bueno,interpolacion_delaunay,0,1017,63,153,80
2026-10-10T14:31:53.069729+00:00,1900600010367,26.32,Aceptable,31.73,Bueno,interpolacion_delaunay,0,469,45,60,46
2026-10-10T14:31:53.069729+00:00,1900600010403,26.33,Aceptable,34.68,Bueno,interpolacion_delaunay,0,4726,352,972,196
2026-10-10T14:31:53.069729+00:00,190060001055A,25.51,Aceptable,33.4,Bueno,interpolacion_delaunay,0,4579,363,547,197
2026-10-10T14:31:53.069729+00:00,1900600010583,22.76,Aceptable,28.46,Bueno,interpolacion_delaunay,0,4964,382,425,153
2026-10-10T14:31:53.069729+00:00,1900600010598,21.03,Aceptable,26.08,Bueno,interpolacion_delaunay,0,5332,416,338,212
2026-10-10T14:31:53.069729+00:00,1900600010723,25.37,Aceptable,30.72,Bueno,interpolacion_delaunay,0,5109,353,1039,281
2026-10-10T14:31:53.069729+00:00,1900600010780,22.38,Aceptable,27.2,Bueno,interpolacion_delaunay,0,3755,348,382,222
2026-10-10T14:31:53.069729+00:00,1900600010795,23.4,Aceptable,28.39,Bueno,interpolacion_delaunay,0,5270,506,424,204
2026-10-10T14:31:53.069729+00:00,1900600010808,24.56,Aceptable,29.77,Bueno,interpolacion_delaunay,0,3443,304,372,102
2026-10-10T14:31:53.069729+00:00,1900600010920,26.7,Aceptable,35.4,Bueno,promedio_sensores,1,5729,316,496,128
2026-10-10T14:31:53.069729+00:00,1900600011011,25.23,Aceptable,32.01,Bueno,interpolacion_delaunay,0,0,0,0,0
2026-10-10T14:31:53.069729+00:00,1900600011026,24.33,Aceptable,30.66,Bueno,interpolacion_delaunay,0,0,0,0,0
2026-10-10T14:31:53.069729+00:00,1900600011064,26.71,Aceptable,35.05,Bueno,interpolacion_delaunay,0,4513,371,370,162
2026-10-10T14:31:53.069729+00:00,1900600011098,22.07,Aceptable,28.22,Bueno,interpolacion_delaunay,0,5772,542,419,165
2026-10-10T14:31:53.069729+00:00,1900600011149,25.19,Aceptable,30.13,Bueno,interpolacion_delaunay,0,1140,100,87,38
2026-10-10T14:31:53.069729+00:00,1900600011350,26.53,Aceptable,34.7,Bueno,interpolacion_delaunay,0,3323,233,353,93
2026-10-10T14:31:53.069729+00:00,1900600011365,26.61,Aceptable,34.64,Bueno,interpolacion_delaunay,0,3259,285,225,87
2026-10-10T14:31:53.069729+00:00,190060001137A,25.99,Aceptable,32.19,Bueno,interpolacion_delaunay,0,2748,223,522,132
2026-10-10T14:31:53.069729+00:00,1900600011632,17.95,Aceptable,21.48,Bueno,interpolacion_delaunay,0,5931,475,161,144
2026-10-10T14:31:53.069729+00:00,1900600011384,26.58,Aceptable,33.35,Bueno,interpolacion_delaunay,0,3359,263,352,73
2026-10-10T14:31:53.069729+00:00,1900600011399,26.21,Aceptable,33.93,Bueno,interpolacion_delaunay,0,2371,274,284,91
2026-10-10T14:31:53.069729+00:00,1900600011469,18.23,Aceptable,21.94,Bueno,interpolacion_delaunay,0,1932,125,131,96
2026-10-10T14:31:53.069729+00:00,1900600011401,27.26,Aceptable,35.12,Bueno,interpolacion_delaunay,0,3593,269,468,144
2026-10-10T14:31:53.069729+00:00,190060001144A,19.11,Aceptable,23.35,Bueno,interpolacion_delaunay,0,6239,575,321,95
2026-10-10T14:31:53.069729+00:00,1900600011473,22.05,Aceptable,27.43,Bueno,interpolacion_delaunay,0,2826,209,259,107
2026-10-10T14:31:53.069729+00:00,1900600011488,22.76,Aceptable,28.29,Bueno,interpolacion_delaunay,0,2922,234,293,96
2026-10-10T14:31:53.069729+00:00,1900600011492,22.96,Aceptable,28.16,Bueno,interpolacion_delaunay,0,1725,134,78,56
2026-10-10T14:31:53.069729+00:00,1900600011505,21.82,Aceptable,26.69,Bueno,interpolacion_delaunay,0,2030,151,78,103
2026-10-10T14:31:53.069729+00:00,190060001151A,21.55,Aceptable,26.25,Bueno,interpolacion_delaunay,0,4650,413,187,145
2026-10-10T14:31:53.069729+00:00,1900600011524,21.3,Aceptable,25.7,Bueno,interpolacion_delaunay,0,3658,279,744,150
2026-10-10T14:31:53.069729+00:00,1900600011539,22.44,Aceptable,27.03,Bueno,interpolacion_delaunay,0,3879,269,179,190
2026-10-10T14:31:53.069729+00:00,1900600011543,24.07,Aceptable,29.01,Bueno,interpolacion_delaunay,0,3926,372,127,91
2026-10-10T14:31:53.069729+00:00,1900600011844,19.08,Aceptable,22.72,Bueno,interpolacion_delaunay,0,1922,166,57,23
2026-10-10T14:31:53.069729+00:00,1900600011666,18.42,Aceptable,21.96,Bueno,interpolacion_delaunay,0,2454,221,74,68
2026-10-10T14:31:53.069729+00:00,1900600011859,19.69,Aceptable,23.43,Bueno,interpolacion_delaunay,0,1533,143,46,34
2026-10-10T14:31:53.069729+00:00,1900600011863,23.11,Aceptable,27.71,Bueno,interpolacion_delaunay,0,1050,130,36,5
2026-10-10T14:31:53.069729+00:00,1900600011878,22.94,Aceptable,27.24,Bueno,interpolacion_delaunay,0,5255,440,206,130
2026-10-10T14:31:53.069729+00:00,1900600011882,22.32,Aceptable,26.38,Bueno,interpolacion_delaunay,0,5356,444,208,243
2026-10-10T14:31:53.069729+00:00,190060001190A,24.45,Aceptable,29.13,Bueno,interpolacion_delaunay,0,3346,296,126,99
2026-10-10T14:31:53.069729+00:00,1900600011914,22.68,Aceptable,26.71,Bueno,interpolacion_delaunay,0,5844,518,215,189
2026-10-10T14:31:53.069729+00:00,1900600011929,19.97,Aceptable,23.17,Bueno,interpolacion_delaunay,0,5690,426,232,211
2026-10-10T14:31:53.069729+00:00,1900600012043,20.77,Aceptable,24.52,Bueno,interpolacion_delaunay,0,3660,375,120,69
2026-10-10T14:31:53.069729+00:00,1900600012109,19.93,Aceptable,23.79,Bueno,interpolacion_delaunay,0,1488,155,32,33
2026-10-10T14:31:53.069729+00:00,1900600012128,22.54,Aceptable,27.02,Bueno,interpolacion_delaunay,0,1714,168,66,31
2026-10-10T14:31:53.069729+00:00,190060001226A,22.84,Aceptable,28.16,Bueno,interpolacion_delaunay,0,4528,324,328,117
2026-10-10T14:31:53.069729+00:00,1900600012274,20.95,Aceptable,25.72,Bueno,interpolacion_delaunay,0,5782,615,191,106
2026-10-10T14:31:53.069729+00:00,190060001233A,19.68,Aceptable,23.3,Bueno,interpolacion_delaunay,0,2449,267,53,48
2026-10-10T14:31:53.069729+00:00,1900600012414,21.01,Aceptable,25.13,Bueno,interpolacion_delaunay,0,2297,332,39,45
2026-10-10T14:31:53.069729+00:00,1900600012429,21.41,Aceptable,25.48,Bueno,interpolacion_delaunay,0,3283,479,97,39
2026-10-10T14:31:53.069729+00:00,1900600012734,23.43,Aceptable,27.98,Bueno,interpolacion_delaunay,0,961,146,24,13
2026-10-10T14:31:53.069729+00:00,1900600010992,24.15,Aceptable,30.81,Bueno,interpolacion_delaunay,0,0,0,0,0
2026-10-10T14:31:53.069729+00:00,1900600012804,24.54,Aceptable,31.57,Bueno,interpolacion_delaunay,0,705,129,13,7
2026-10-10T14:31:53.069729+00:00,1900600011897,18.84,Aceptable,21.76,Bueno,interpolacion_delaunay,0,3063,294,202,149
2026-10-10T14:31:53.069729+00:00,1900600012202,20.69,Aceptable,24.27,Bueno,interpolacion_delaunay,0,372,48,3,8
2026-10-10T14:31:53.069729+00:00,1900600012039,21.05,Aceptable,24.67,Bueno,interpolacion_delaunay,0,2684,242,90,67
2026-10-10T14:31:53.069729+00:00,1900601740047,16.86,Aceptable,19.8,Bueno,interpolacion_delaunay,0,1719,266,38,40
2026-10-10T14:31:53.069729+00:00,190190001005A,32.06,Aceptable,37.01,Bueno,interpolacion_delaunay,0,2404,108,693,69
2026-10-10T14:31:53.069729+00:00,1901900010064,27.7,Aceptable,32.25,Bueno,promedio_sensores,4,2721,181,677,58
2026-10-10T14:31:53.069729+00:00,1901900010079,31.0,Aceptable,36.9,Bueno,promedio_sensores,1,4464,212,1159,127
2026-10-10T14:31:53.069729+00:00,1901900010083,21.53,Aceptable,24.1,Bueno,promedio_sensores,3,1374,63,441,45
2026-10-10T14:31:53.069729+00:00,1901900010098,24.4,Aceptable,25.7,Bueno,promedio_sensores,1,1854,103,460,42
2026-10-10T14:31:53.069729+00:00,1901900010100,32.9,Aceptable,37.4,Bueno,promedio_sensores,1,1944,129,547,21
2026-10-10T14:31:53.069729+00:00,1901900010149,33.1,Mala,40.0,Bueno,promedio_sensores,1,1163,75,215,15
2026-10-10T14:31:53.069729+00:00,1901900010153,34.3,Mala,39.5,Bueno,promedio_sensores,1,1800,134,430,81
2026-10-10T14:31:53.069729+00:00,1901900010168,34.4,Mala,41.4,Bueno,promedio_sensores,1,1570,81,416,43
2026-10-10T14:31:53.069729+00:00,1901900010172,29.12,Aceptable,32.73,Bueno,interpolacion_delaunay,0,1335,59,357,29
2026-10-10T14:31:53.069729+00:00,1901900010187,31.71,Aceptable,35.68,Bueno,interpolacion_delaunay,0,4463,306,999,93
2026-10-10T14:31:53.069729+00:00,1901900010191,28.7,Aceptable,31.3,Bueno,promedio_sensores,1,2824,172,637,108
2026-10-10T14:31:53.069729+00:00,1901900010204,30.59,Aceptable,35.18,Bueno,interpolacion_delaunay,0,3926,317,736,119
2026-10-10T14:31:53.069729+00:00,1901900010223,29.91,Aceptable,34.48,Bueno,interpolacion_delaunay,0,2979,89,503,54
2026-10-10T14:31:53.069729+00:00,1901900010238,31.0,Aceptable,36.5,Bueno,promedio_sensores,1,1904,73,302,23
2026-10-10T14:31:53.069729+00:00,1901900010242,12.4,Bueno,13.7,Bueno,promedio_sensores,3,2717,143,729,92
2026-10-10T14:31:53.069729+00:00,1901900010257,27.0,Aceptable,30.1,Bueno,promedio_sensores,1,1307,56,361,13
2026-10-10T14:31:53.069729+00:00,1901900010261,15.7,Aceptable,18.4,Bueno,promedio_sensores,2,2240,113,567,42
2026-10-10T14:31:53.069729+00:00,1901900010280,32.87,Aceptable,40.48,Bueno,interpolacion_delaunay,0,2690,79,360,43
2026-10-10T14:31:53.069729+00:00,1901900010350,22.86,Aceptable,25.74,Bueno,interpolacion_delaunay,0,2768,148,592,68
2026-10-10T14:31:53.069729+00:00,1901900010365,37.0,Mala,42.1,Bueno,promedio_sensores,1,3419,327,293,61
2026-10-10T14:31:53.069729+00:00,1901900010399,32.15,Aceptable,36.45,Bueno,promedio_sensores,2,1162,6,68,0
2026-10-10T14:31:53.069729+00:00,1901900010401,26.4,Aceptable,30.4,Bueno,promedio_sensores,1,2375,247,392,86
2026-10-10T14:31:53.069729+00:00,1901900010416,28.19,Aceptable,30.1,Bueno,interpolacion_delaunay,0,700,19,105,4
2026-10-10T14:31:53.069729+00:00,1901900010420,36.4,Mala,50.0,Aceptable,promedio_sensores,1,1696,93,408,47
2026-10-10T14:31:53.069729+00:00,1901900010435,34.3,Mala,40.8,Bueno,promedio_sensores,1,4494,346,601,54
2026-10-10T14:31:53.069729+00:00,190190001044A,21.4,Aceptable,24.4,Bueno,promedio_sensores,3,4383,354,439,56
2026-10-10T14:31:53.069729+00:00,1901900010454,27.1,Aceptable,29.4,Bueno,promedio_sensores,2,557,26,114,11
2026-10-10T14:31:53.069729+00:00,1901900010469,25.5,Aceptable,29.4,Bueno,promedio_sensores,1,3112,170,568,37
2026-10-10T14:31:53.069729+00:00,1901900010473,27.06,Aceptable,31.74,Bueno,interpolacion_delaunay,0,983,46,182,19
2026-10-10T14:31:53.069729+00:00,1901900010488,17.65,Aceptable,19.95,Bueno,promedio_sensores,2,2757,295,371,102
2026-10-10T14:31:53.069729+00:00,1901900010492,17.4,Aceptable,21.3,Bueno,promedio_sensores,2,2848,173,697,71
2026-10-10T14:31:53.069729+00:00,1901900010505,30.1,Aceptable,33.89,Bueno,interpolacion_delaunay,0,2494,111,512,19
2026-10-10T14:31:53.069729+00:00,190190001051A,27.5,Aceptable,30.6,Bueno,promedio_sensores,1,1899,111,507,36
2026-10-10T14:31:53.069729+00:00,1901900010558,24.63,Aceptable,26.73,Bueno,promedio_sensores,3,1349,87,230,21
2026-10-10T14:31:53.069729+00:00,1901900010613,28.55,Aceptable,31.3,Bueno,interpolacion_delaunay,0,132,0,20,0
2026-10-10T14:31:53.069729+00:00,1901900010384,28.62,Aceptable,31.82,Bueno,interpolacion_delaunay,0,1111,19,119,15
2026-10-10T14:31:53.069729+00:00,1901900010219,31.32,Aceptable,36.75,Bueno,interpolacion_delaunay,0,1954,106,555,58
2026-10-10T14:31:53.069729+00:00,1902100011338,21.19,Aceptable,25.88,Bueno,interpolacion_delaunay,0,2800,219,134,55
2026-10-10T14:31:53.069729+00:00,1902100011817,18.5,Aceptable,22.8,Bueno,promedio_sensores,1,583,52,40,11
2026-10-10T14:31:53.069729+00:00,1902100010293,21.03,Aceptable,26.24,Bueno,interpolacion_delaunay,0,2008,84,165,35
2026-10-10T14:31:53.069729+00:00,190210001033A,20.65,Aceptable,25.63,Bueno,interpolacion_delaunay,0,4000,286,440,91
2026-10-10T14:31:53.069729+00:00,1902100011060,25.53,Aceptable,31.82,Bueno,interpolacion_delaunay,0,3355,278,195,95
2026-10-10T14:31:53.069729+00:00,1902100010289,21.36,Aceptable,26.69,Bueno,interpolacion_delaunay,0,1352,78,109,44
2026-10-10T14:31:53.069729+00:00,1902100010325,23.53,Aceptable,29.61,Bueno,interpolacion_delaunay,0,1,0,0,0
2026-10-10T14:31:53.069729+00:00,1902100011412,25.1,Aceptable,30.4,Bueno,promedio_sensores,1,3239,228,156,27
2026-10-10T14:31:53.069729+00:00,1902100011427,20.2,Aceptable,24.83,Bueno,interpolacion_delaunay,0,4126,302,227,21
2026-10-10T14:31:53.069729+00:00,1902100011408,21.35,Aceptable,27.17,Bueno,interpolacion_delaunay,0,6781,377,571,69
2026-10-10T14:31:53.069729+00:00,1902100011342,21.92,Aceptable,26.76,Bueno,interpolacion_delaunay,0,4655,261,185,126
2026-10-10T14:31:53.069729+00:00,1902100010043,25.56,Aceptable,32.08,Bueno,interpolacion_delaunay,0,4208,322,819,334
2026-10-10T14:31:53.069729+00:00,1902100010255,23.67,Aceptable,29.1,Bueno,interpolacion_delaunay,0,6704,625,410,194
2026-10-10T14:31:53.069729+00:00,1902100010378,25.4,Aceptable,32.3,Bueno,promedio_sensores,1,4134,262,294,72
2026-10-10T14:31:53.069729+00:00,1902100011075,25.83,Aceptable,31.76,Bueno,interpolacion_delaunay,0,8122,855,320,248
2026-10-10T14:31:53.069729+00:00,1902600011832,26.02,Aceptable,31.83,Bueno,interpolacion_delaunay,0,3764,305,386,174
2026-10-10T14:31:53.069729+00:00,1902600010035,24.0,Aceptable,29.24,Bueno,interpolacion_delaunay,0,1597,156,285,106
2026-10-10T14:31:53.069729+00:00,1902600012332,24.79,Aceptable,27.91,Bueno,interpolacion_delaunay,0,5634,507,898,399
2026-10-10T14:31:53.069729+00:00,1902600010020,25.23,Aceptable,31.08,Bueno,interpolacion_delaunay,0,1825,174,355,160
2026-10-10T14:31:53.069729+00:00,1902600011279,24.27,Aceptable,29.8,Bueno,interpolacion_delaunay,0,4324,384,731,269
2026-10-10T14:31:53.069729+00:00,1902600011283,23.66,Aceptable,28.92,Bueno,interpolacion_delaunay,0,3719,341,754,207
2026-10-10T14:31:53.069729+00:00,1902600012440,27.38,Aceptable,33.95,Bueno,interpolacion_delaunay,0,2604,133,153,35
2026-10-10T14:31:53.069729+00:00,1902600012667,31.15,Aceptable,37.2,Bueno,interpolacion_delaunay,0,778,73,30,14
2026-10-10T14:31:53.069729+00:00,1902600012811,24.04,Aceptable,28.07,Bueno,interpolacion_delaunay,0,26,4,0,0
2026-10-10T14:31:53.069729+00:00,1902600010459,26.42,Aceptable,31.04,Bueno,interpolacion_delaunay,0,3039,123,850,229
2026-10-10T14:31:53.069729+00:00,1902600010317,25.85,Aceptable,30.18,Bueno,interpolacion_delaunay,0,4084,275,902,321
2026-10-10T14:31:53.069729+00:00,1902600010957,25.01,Aceptable,30.61,Bueno,interpolacion_delaunay,0,5841,533,1121,336
2026-10-10T14:31:53.069729+00:00,1902600011103,25.13,Aceptable,29.16,Bueno,interpolacion_delaunay,0,950,69,80,47
2026-10-10T14:31:53.069729+00:00,1902600011457,30.74,Aceptable,36.85,Bueno,interpolacion_delaunay,0,2279,129,466,94
2026-10-10T14:31:53.069729+00:00,1902600011404,19.65,Aceptable,21.67,Bueno,interpolacion_delaunay,0,3115,227,702,219
2026-10-10T14:31:53.069729+00:00,1902600011508,26.48,Aceptable,30.93,Bueno,interpolacion_delaunay,0,1978,175,250,90
2026-10-10T14:31:53.069729+00:00,1902600011828,25.69,Aceptable,31.7,Bueno,interpolacion_delaunay,0,2175,178,266,60
2026-10-10T14:31:53.069729+00:00,1902600011847,26.83,Aceptable,32.81,Bueno,interpolacion_delaunay,0,4488,374,407,157
2026-10-10T14:31:53.069729+00:00,1902600012402,29.95,Aceptable,35.26,Bueno,interpolacion_delaunay,0,2699,234,353,170
2026-10-10T14:31:53.069729+00:00,1902600012205,26.74,Aceptable,30.72,Bueno,interpolacion_delaunay,0,4435,432,502,204
2026-10-10T14:31:53.069729+00:00,1902600012258,27.3,Aceptable,32.18,Bueno,interpolacion_delaunay,0,1006,77,102,40
2026-10-10T14:31:53.069729+00:00,1902600012296,29.56,Aceptable,35.59,Bueno,interpolacion_delaunay,0,4398,237,919,190
2026-10-10T14:31:53.069729+00:00,1902600012455,27.11,Aceptable,33.37,Bueno,interpolacion_delaunay,0,4962,328,296,118
2026-10-10T14:31:53.069729+00:00,1902600010302,25.44,Aceptable,29.64,Bueno,interpolacion_delaunay,0,2790,166,675,209
2026-10-10T14:31:53.069729+00:00,1902600010425,23.11,Aceptable,25.25,Bueno,interpolacion_delaunay,0,3687,235,843,230
2026-10-10T14:31:53.069729+00:00,1902600010533,24.28,Aceptable,26.27,Bueno,interpolacion_delaunay,0,1681,81,395,96
2026-10-10T14:31:53.069729+00:00,1902600011813,26.08,Aceptable,32.27,Bueno,interpolacion_delaunay,0,5250,447,545,129
2026-10-10T14:31:53.069729+00:00,1902600011851,27.59,Aceptable,33.71,Bueno,interpolacion_delaunay,0,4115,305,359,155
2026-10-10T14:31:53.069729+00:00,1902600012436,26.58,Aceptable,33.05,Bueno,interpolacion_delaunay,0,3242,185,145,20
2026-10-10T14:31:53.069729+00:00,1902600012686,27.36,Aceptable,32.37,Bueno,interpolacion_delaunay,0,40,3,7,5
2026-10-10T14:31:53.069729+00:00,1902600010124,29.26,Aceptable,35.35,Bueno,interpolacion_delaunay,0,2665,140,749,113
2026-10-10T14:31:53.069729+00:00,1902600012417,29.37,Aceptable,35.37,Bueno,interpolacion_delaunay,0,2073,147,228,128
2026-10-10T14:31:53.069729+00:00,1902600012347,25.33,Aceptable,27.94,Bueno,interpolacion_delaunay,0,4440,433,247,105
2026-10-10T14:31:53.069729+00:00,190260001239A,30.49,Aceptable,35.66,Bueno,interpolacion_delaunay,0,2697,236,207,88
2026-10-10T14:31:53.069729+00:00,190260001260A,27.88,Aceptable,33.0,Bueno,interpolacion_delaunay,0,979,82,21,36
2026-10-10T14:31:53.069729+00:00,1902600011391,29.05,Aceptable,34.43,Bueno,interpolacion_delaunay,0,3747,280,1036,286
2026-10-10T14:31:53.069729+00:00,1902600010251,29.46,Aceptable,35.18,Bueno,interpolacion_delaunay,0,6072,581,994,581
2026-10-10T14:31:53.069729+00:00,1902600010707,31.14,Aceptable,37.52,Bueno,interpolacion_delaunay,0,4261,296,986,365
2026-10-10T14:31:53.069729+00:00,190260001157A,31.48,Aceptable,37.85,Bueno,interpolacion_delaunay,0,2161,148,444,126
2026-10-10T14:31:53.069729+00:00,1902600011654,27.87,Aceptable,32.33,Bueno,interpolacion_delaunay,0,3737,309,535,205
2026-10-10T14:31:53.069729+00:00,1902600012385,23.78,Aceptable,27.71,Bueno,interpolacion_delaunay,0,108,11,8,5
2026-10-10T14:31:53.069729+00:00,1902600011495,28.09,Aceptable,33.0,Bueno,interpolacion_delaunay,0,2675,203,421,91
2026-10-10T14:31:53.069729+00:00,1902600012525,26.07,Aceptable,29.02,Bueno,interpolacion_delaunay,0,6162,464,363,124
2026-10-10T14:31:53.069729+00:00,1902600010995,27.44,Aceptable,33.33,Bueno,interpolacion_delaunay,0,1016,61,224,56
2026-10-10T14:31:53.069729+00:00,1902600011866,28.43,Aceptable,34.33,Bueno,interpolacion_delaunay,0,3064,167,548,67
2026-10-10T14:31:53.069729+00:00,190260001207A,22.05,Aceptable,23.46,Bueno,interpolacion_delaunay,0,2199,99,452,47
2026-10-10T14:31:53.069729+00:00,1902600012120,16.03,Aceptable,16.58,Bueno,interpolacion_delaunay,0,1092,33,384,28
2026-10-10T14:31:53.069729+00:00,1902600012135,14.48,Bueno,15.08,Bueno,interpolacion_delaunay,0,1356,47,414,29
2026-10-10T14:31:53.069729+00:00,1902600012544,25.87,Aceptable,29.24,Bueno,interpolacion_delaunay,0,2171,187,206,83
2026-10-10T14:31:53.069729+00:00,1902600010069,25.32,Aceptable,29.83,Bueno,interpolacion_delaunay,0,1920,94,579,107
2026-10-10T14:31:53.069729+00:00,1902600010073,25.81,Aceptable,30.51,Bueno,interpolacion_delaunay,0,3137,159,955,77
2026-10-10T14:31:53.069729+00:00,1902600010088,26.55,Aceptable,31.63,Bueno,interpolacion_delaunay,0,2870,157,722,160
2026-10-10T14:31:53.069729+00:00,1902600010158,23.9,Aceptable,27.51,Bueno,interpolacion_delaunay,0,1517,70,502,83
2026-10-10T14:31:53.069729+00:00,190260001029A,25.02,Aceptable,29.1,Bueno,interpolacion_delaunay,0,1809,94,461,133
2026-10-10T14:31:53.069729+00:00,1902600011885,24.88,Aceptable,29.24,Bueno,interpolacion_delaunay,0,1944,100,497,103
2026-10-10T14:31:53.069729+00:00,1902600012192,26.75,Aceptable,31.46,Bueno,interpolacion_delaunay,0,2742,217,241,94
2026-10-10T14:31:53.069729+00:00,1902600012243,21.32,Aceptable,23.76,Bueno,interpolacion_delaunay,0,316,37,21,22
2026-10-10T14:31:53.069729+00:00,1902600012421,29.54,Aceptable,35.56,Bueno,interpolacion_delaunay,0,2385,134,120,49
2026-10-10T14:31:53.069729+00:00,1902600012597,29.91,Aceptable,35.57,Bueno,interpolacion_delaunay,0,3539,244,126,97
2026-10-10T14:31:53.069729+00:00,1902600011029,28.5,Aceptable,34.79,Bueno,interpolacion_delaunay,0,1109,94,97,45
2026-10-10T14:31:53.069729+00:00,190260001189A,24.57,Aceptable,28.71,Bueno,interpolacion_delaunay,0,2117,131,543,112
2026-10-10T14:31:53.069729+00:00,1902600012703,25.0,Aceptable,29.22,Bueno,interpolacion_delaunay,0,632,49,33,14
2026-10-10T14:31:53.069729+00:00,1902600011372,27.7,Aceptable,32.56,Bueno,interpolacion_delaunay,0,2451,168,520,192
2026-10-10T14:31:53.069729+00:00,1902600012366,27.1,Aceptable,31.97,Bueno,interpolacion_delaunay,0,350,28,12,6
2026-10-10T14:31:53.069729+00:00,1902600010321,25.78,Aceptable,30.02,Bueno,interpolacion_delaunay,0,5159,259,1483,335
2026-10-10T14:31:53.069729+00:00,1902600010336,26.24,Aceptable,30.63,Bueno,interpolacion_delaunay,0,3112,150,945,118
2026-10-10T14:31:53.069729+00:00,1902600010340,26.43,Aceptable,30.86,Bueno,interpolacion_delaunay,0,5009,289,1452,316
2026-10-10T14:31:53.069729+00:00,1902600010355,26.83,Aceptable,31.45,Bueno,interpolacion_delaunay,0,2172,143,527,123
2026-10-10T14:31:53.069729+00:00,1902600010389,28.19,Aceptable,33.22,Bueno,interpolacion_delaunay,0,3485,223,809,188
2026-10-10T14:31:53.069729+00:00,1902600010393,28.68,Aceptable,33.98,Bueno,interpolacion_delaunay,0,4293,274,932,186
2026-10-10T14:31:53.069729+00:00,1902600010618,30.2,Aceptable,36.15,Bueno,interpolacion_delaunay,0,3420,248,733,217
2026-10-10T14:31:53.069729+00:00,1902600010730,26.55,Aceptable,28.52,Bueno,interpolacion_delaunay,0,4610,359,992,364
2026-10-10T14:31:53.069729+00:00,1902600011033,30.85,Aceptable,37.51,Bueno,interpolacion_delaunay,0,5199,444,572,162
2026-10-10T14:31:53.069729+00:00,1902600011122,28.03,Aceptable,32.36,Bueno,interpolacion_delaunay,0,6940,637,766,300
2026-10-10T14:31:53.069729+00:00,1902600011546,29.64,Aceptable,35.49,Bueno,interpolacion_delaunay,0,3715,209,870,202
2026-10-10T14:31:53.069729+00:00,1902600011461,31.35,Aceptable,37.67,Bueno,interpolacion_delaunay,0,3227,233,684,198
2026-10-10T14:31:53.069729+00:00,190260001132A,25.89,Aceptable,30.26,Bueno,interpolacion_delaunay,0,2713,152,488,78
2026-10-10T14:31:53.069729+00:00,1902600011334,30.73,Aceptable,36.93,Bueno,interpolacion_delaunay,0,3525,289,683,240
2026-10-10T14:31:53.069729+00:00,1902600011349,30.99,Aceptable,37.19,Bueno,interpolacion_delaunay,0,2716,239,484,222
2026-10-10T14:31:53.069729+00:00,1902600011368,27.37,Aceptable,32.16,Bueno,interpolacion_delaunay,0,3348,226,652,119
2026-10-10T14:31:53.069729+00:00,1902600011419,26.75,Aceptable,31.43,Bueno,interpolacion_delaunay,0,2833,144,728,158
2026-10-10T14:31:53.069729+00:00,1902600011442,30.84,Aceptable,37.02,Bueno,interpolacion_delaunay,0,3169,182,598,174
2026-10-10T14:31:53.069729+00:00,1902600011565,30.67,Aceptable,36.89,Bueno,interpolacion_delaunay,0,4076,290,816,263
2026-10-10T14:31:53.069729+00:00,1902600011584,29.8,Aceptable,34.63,Bueno,interpolacion_delaunay,0,4255,317,895,221
2026-10-10T14:31:53.069729+00:00,1902600011599,29.54,Aceptable,34.09,Bueno,interpolacion_delaunay,0,2923,228,572,152
2026-10-10T14:31:53.069729+00:00,1902600011601,26.1,Aceptable,27.6,Bueno,promedio_sensores,1,3474,261,775,299
2026-10-10T14:31:53.069729+00:00,1902600011688,26.56,Aceptable,28.88,Bueno,interpolacion_delaunay,0,3727,240,688,249
2026-10-10T14:31:53.069729+00:00,190260001171A,26.11,Aceptable,28.73,Bueno,interpolacion_delaunay,0,4383,321,770,213
2026-10-10T14:31:53.069729+00:00,1902600012008,20.93,Aceptable,22.2,Bueno,interpolacion_delaunay,0,1064,52,278,35
2026-10-10T14:31:53.069729+00:00,1902600011781,27.76,Aceptable,33.29,Bueno,interpolacion_delaunay,0,260,22,25,0
2026-10-10T14:31:53.069729+00:00,1902600011989,29.88,Aceptable,35.78,Bueno,interpolacion_delaunay,0,3336,217,653,151
2026-10-10T14:31:53.069729+00:00,1902600012027,26.4,Aceptable,28.87,Bueno,interpolacion_delaunay,0,5601,339,676,195
2026-10-10T14:31:53.069729+00:00,1902600012116,25.77,Aceptable,29.67,Bueno,interpolacion_delaunay,0,2265,174,319,64
2026-10-10T14:31:53.069729+00:00,1902600012328,27.97,Aceptable,33.07,Bueno,interpolacion_delaunay,0,2737,200,173,54
2026-10-10T14:31:53.069729+00:00,1902600012510,26.98,Aceptable,30.51,Bueno,interpolacion_delaunay,0,3466,257,269,90
2026-10-10T14:31:53.069729+00:00,1902600012578,26.45,Aceptable,29.97,Bueno,interpolacion_delaunay,0,2465,185,298,196
2026-10-10T14:31:53.069729+00:00,1902600012582,26.87,Aceptable,30.68,Bueno,interpolacion_delaunay,0,2739,201,423,283
2026-10-10T14:31:53.069729+00:00,1902600012614,28.73,Aceptable,33.97,Bueno,interpolacion_delaunay,0,3024,272,68,36
2026-10-10T14:31:53.069729+00:00,1902600010177,24.93,Aceptable,29.05,Bueno,interpolacion_delaunay,0,1769,60,559,90
2026-10-10T14:31:53.069729+00:00,1902600010444,22.51,Aceptable,25.63,Bueno,interpolacion_delaunay,0,2474,121,665,111
2026-10-10T14:31:53.069729+00:00,1902600011531,29.11,Aceptable,34.76,Bueno,interpolacion_delaunay,0,3594,235,816,160
2026-10-10T14:31:53.069729+00:00,1902600010232,28.72,Aceptable,34.28,Bueno,interpolacion_delaunay,0,2521,162,744,110
2026-10-10T14:31:53.069729+00:00,1902600010196,25.43,Aceptable,29.74,Bueno,interpolacion_delaunay,0,1557,66,485,73
2026-10-10T14:31:53.069729+00:00,1902600010213,27.96,Aceptable,33.29,Bueno,interpolacion_delaunay,0,2063,114,530,142
2026-10-10T14:31:53.069729+00:00,190260001011A,28.67,Aceptable,34.51,Bueno,interpolacion_delaunay,0,3115,155,816,154
2026-10-10T14:31:53.069729+00:00,1902600010162,24.46,Aceptable,28.37,Bueno,interpolacion_delaunay,0,1624,64,473,65
2026-10-10T14:31:53.069729+00:00,1902600010181,24.49,Aceptable,28.26,Bueno,interpolacion_delaunay,0,1561,63,499,94
2026-10-10T14:31:53.069729+00:00,1902600010228,27.72,Aceptable,32.8,Bueno,interpolacion_delaunay,0,1619,140,316,120
2026-10-10T14:31:53.069729+00:00,1902600010603,29.89,Aceptable,35.73,Bueno,interpolacion_delaunay,0,1632,93,346,132
2026-10-10T14:31:53.069729+00:00,1902600010745,26.54,Aceptable,28.67,Bueno,interpolacion_delaunay,0,1565,113,330,126
2026-10-10T14:31:53.069729+00:00,1902600010798,31.51,Aceptable,37.97,Bueno,interpolacion_delaunay,0,3364,210,732,231
2026-10-10T14:31:53.069729+00:00,1902600010815,29.18,Aceptable,34.41,Bueno,interpolacion_delaunay,0,4739,363,1000,268
2026-10-10T14:31:53.069729+00:00,1902600011438,21.33,Aceptable,23.08,Bueno,interpolacion_delaunay,0,1771,89,459,85
2026-10-10T14:31:53.069729+00:00,1902600011476,31.11,Aceptable,37.02,Bueno,interpolacion_delaunay,0,3270,215,839,209
2026-10-10T14:31:53.069729+00:00,1902600011777,30.92,Aceptable,37.25,Bueno,interpolacion_delaunay,0,3599,312,366,80
2026-10-10T14:31:53.069729+00:00,1902600012031,26.41,Aceptable,29.15,Bueno,interpolacion_delaunay,0,4385,273,421,152
2026-10-10T14:31:53.069729+00:00,1902600012173,25.09,Aceptable,29.25,Bueno,interpolacion_delaunay,0,108,5,10,3
2026-10-10T14:31:53.069729+00:00,1902600012474,29.59,Aceptable,36.46,Bueno,interpolacion_delaunay,0,3828,248,138,120
2026-10-10T14:31:53.069729+00:00,190260001253A,26.88,Aceptable,30.81,Bueno,interpolacion_delaunay,0,1418,134,74,37
2026-10-10T14:31:53.069729+00:00,1902600012648,27.85,Aceptable,31.05,Bueno,interpolacion_delaunay,0,1998,125,415,138
2026-10-10T14:31:53.069729+00:00,1902600012794,31.51,Aceptable,37.69,Bueno,interpolacion_delaunay,0,776,83,32,8
2026-10-10T14:31:53.069729+00:00,1902600012775,30.78,Aceptable,36.61,Bueno,interpolacion_delaunay,0,1381,194,42,36
2026-10-10T14:31:53.069729+00:00,1902600012898,16.91,Aceptable,17.7,Bueno,interpolacion_delaunay,0,21,3,0,0
2026-10-10T14:31:53.069729+00:00,1902600010849,22.8,Aceptable,25.98,Bueno,interpolacion_delaunay,0,1926,132,278,87
2026-10-10T14:31:53.069729+00:00,1902600012262,29.92,Aceptable,36.06,Bueno,interpolacion_delaunay,0,2668,227,217,83
2026-10-10T14:31:53.069729+00:00,1902600010266,30.42,Aceptable,36.59,Bueno,interpolacion_delaunay,0,427,58,19,0
2026-10-10T14:31:53.069729+00:00,1902600010779,25.8,Aceptable,30.21,Bueno,interpolacion_delaunay,0,677,45,131,66
2026-10-10T14:31:53.069729+00:00,1902600010872,15.86,Aceptable,16.46,Bueno,interpolacion_delaunay,0,3088,114,989,72
2026-10-10T14:31:53.069729+00:00,1902600011902,29.19,Aceptable,35.03,Bueno,interpolacion_delaunay,0,2434,191,435,71
2026-10-10T14:31:53.069729+00:00,1902600011993,30.51,Aceptable,36.69,Bueno,interpolacion_delaunay,0,3528,203,521,147
2026-10-10T14:31:53.069729+00:00,1902600012012,21.31,Aceptable,22.49,Bueno,interpolacion_delaunay,0,2227,119,600,34
2026-10-10T14:31:53.069729+00:00,1902600012084,19.81,Aceptable,20.81,Bueno,interpolacion_delaunay,0,1461,49,516,49
2026-10-10T14:31:53.069729+00:00,1902600012188,18.21,Aceptable,19.16,Bueno,interpolacion_delaunay,0,460,18,82,4
2026-10-10T14:31:53.069729+00:00,1902600012277,29.53,Aceptable,35.42,Bueno,interpolacion_delaunay,0,3597,281,616,228
2026-10-10T14:31:53.069729+00:00,190260001246A,28.18,Aceptable,34.67,Bueno,interpolacion_delaunay,0,4546,358,308,145
2026-10-10T14:31:53.069729+00:00,1902600012559,27.86,Aceptable,32.15,Bueno,interpolacion_delaunay,0,4248,285,324,114
2026-10-10T14:31:53.069729+00:00,1902600012652,31.82,Aceptable,38.1,Bueno,interpolacion_delaunay,0,3158,323,113,122
2026-10-10T14:31:53.069729+00:00,1902600012671,31.27,Aceptable,37.08,Bueno,interpolacion_delaunay,0,1647,122,65,34
2026-10-10T14:31:53.069729+00:00,1902600012718,20.44,Aceptable,22.79,Bueno,interpolacion_delaunay,0,2829,290,123,131
2026-10-10T14:31:53.069729+00:00,1902600012741,31.02,Aceptable,37.43,Bueno,interpolacion_delaunay,0,1897,119,345,52
2026-10-10T14:31:53.069729+00:00,1902600012879,31.9,Aceptable,38.2,Bueno,promedio_sensores,1,2144,300,65,16
2026-10-10T14:31:53.069729+00:00,1902600010285,20.86,Aceptable,23.33,Bueno,interpolacion_delaunay,0,2844,174,613,185
2026-10-10T14:31:53.069729+00:00,1902600012690,23.39,Aceptable,27.25,Bueno,interpolacion_delaunay,0,79,0,3,0
2026-10-10T14:31:53.069729+00:00,1902600012099,26.14,Aceptable,30.85,Bueno,interpolacion_delaunay,0,5241,599,554,189
2026-10-10T14:31:53.069729+00:00,1902600011936,30.9,Aceptable,37.4,Bueno,interpolacion_delaunay,0,2951,267,407,119
2026-10-10T14:31:53.069729+00:00,1902600012169,19.31,Aceptable,21.22,Bueno,interpolacion_delaunay,0,1023,50,158,14
2026-10-10T14:31:53.069729+00:00,190260001118A,23.79,Aceptable,27.42,Bueno,interpolacion_delaunay,0,3453,227,320,71
2026-10-10T14:31:53.069729+00:00,1902600012050,28.17,Aceptable,32.5,Bueno,interpolacion_delaunay,0,4134,320,745,263
2026-10-10T14:31:53.069729+00:00,1902600012101,25.05,Aceptable,29.18,Bueno,interpolacion_delaunay,0,3626,381,484,119
2026-10-10T14:31:53.069729+00:00,1902600012563,24.25,Aceptable,28.02,Bueno,interpolacion_delaunay,0,2676,291,133,25
2026-10-10T14:31:53.069729+00:00,190260001278A,25.86,Aceptable,30.72,Bueno,interpolacion_delaunay,0,3558,402,98,36
2026-10-10T14:31:53.069729+00:00,1902600011921,29.94,Aceptable,36.24,Bueno,interpolacion_delaunay,0,2594,223,377,76
2026-10-10T14:31:53.069729+00:00,1902600010092,27.42,Aceptable,32.88,Bueno,interpolacion_delaunay,0,4183,262,1039,106
2026-10-10T14:31:53.069729+00:00,1902600011300,29.64,Aceptable,35.73,Bueno,interpolacion_delaunay,0,2915,163,792,188
2026-10-10T14:31:53.069729+00:00,1902600010143,29.93,Aceptable,36.51,Bueno,interpolacion_delaunay,0,2245,273,113,55
2026-10-10T14:31:53.069729+00:00,1902600011870,27.98,Aceptable,33.58,Bueno,interpolacion_delaunay,0,3271,173,768,82
2026-10-10T14:31:53.069729+00:00,1902600011315,26.67,Aceptable,31.58,Bueno,interpolacion_delaunay,0,3497,230,464,42
2026-10-10T14:31:53.069729+00:00,1902600011014,29.24,Aceptable,35.83,Bueno,interpolacion_delaunay,0,2155,150,459,98
2026-10-10T14:31:53.069729+00:00,1902600011616,27.79,Aceptable,31.1,Bueno,interpolacion_delaunay,0,3883,311,769,201
2026-10-10T14:31:53.069729+00:00,1902600011620,27.96,Aceptable,31.55,Bueno,interpolacion_delaunay,0,4814,356,1024,301
2026-10-10T14:31:53.069729+00:00,1902600011480,28.96,Aceptable,33.18,Bueno,interpolacion_delaunay,0,4784,390,737,223
2026-10-10T14:31:53.069729+00:00,1902600010641,30.56,Aceptable,35.92,Bueno,interpolacion_delaunay,0,2917,240,627,202
2026-10-10T14:31:53.069729+00:00,1902600012633,27.88,Aceptable,30.88,Bueno,interpolacion_delaunay,0,2429,188,313,91
2026-10-10T14:31:53.069729+00:00,190260001164A,28.21,Aceptable,32.32,Bueno,interpolacion_delaunay,0,2101,168,367,57
2026-10-10T14:31:53.069729+00:00,1902600011635,27.74,Aceptable,31.39,Bueno,interpolacion_delaunay,0,4695,347,639,204
2026-10-10T14:31:53.069729+00:00,1902600010961,28.49,Aceptable,35.23,Bueno,interpolacion_delaunay,0,1353,81,150,34
2026-10-10T14:31:53.069729+00:00,1902600011226,29.42,Aceptable,35.17,Bueno,interpolacion_delaunay,0,4831,444,615,226
2026-10-10T14:31:53.069729+00:00,1902600012807,30.8,Aceptable,37.3,Bueno,interpolacion_delaunay,0,51,0,0,0
2026-10-10T14:31:53.069729+00:00,1902600012737,30.89,Aceptable,37.39,Bueno,interpolacion_delaunay,0,153,17,4,4
2026-10-10T14:31:53.069729+00:00,1902600012046,29.48,Aceptable,34.71,Bueno,interpolacion_delaunay,0,5116,376,649,199
2026-10-10T14:31:53.069729+00:00,1902600012756,31.7,Aceptable,38.4,Bueno,promedio_sensores,1,2572,282,124,24
2026-10-10T14:31:53.069729+00:00,1902600010783,29.39,Aceptable,35.19,Bueno,interpolacion_delaunay,0,1477,145,264,42
2026-10-10T14:31:53.069729+00:00,1902600011230,29.27,Aceptable,34.87,Bueno,interpolacion_delaunay,0,3324,362,242,132
2026-10-10T14:31:53.069729+00:00,1902600011758,16.7,Aceptable,17.6,Bueno,promedio_sensores,1,2105,92,408,43
2026-10-10T14:31:53.069729+00:00,1902600011141,26.17,Aceptable,30.04,Bueno,interpolacion_delaunay,0,9036,1161,432,363
2026-10-10T14:31:53.069729+00:00,1902600011743,23.89,Aceptable,26.99,Bueno,interpolacion_delaunay,0,7461,709,958,323
2026-10-10T14:31:53.069729+00:00,1902600012629,21.06,Aceptable,23.67,Bueno,interpolacion_delaunay,0,1943,149,74,66
2026-10-10T14:31:53.069729+00:00,1902600011762,31.69,Aceptable,38.36,Bueno,interpolacion_delaunay,0,2427,183,512,77
2026-10-10T14:31:53.069729+00:00,1902600011194,27.98,Aceptable,33.24,Bueno,interpolacion_delaunay,0,4669,300,960,201
2026-10-10T14:31:53.069729+00:00,1902600011052,26.89,Aceptable,32.11,Bueno,interpolacion_delaunay,0,7318,799,917,451
2026-10-10T14:31:53.069729+00:00,1902600012722,25.97,Aceptable,30.77,Bueno,interpolacion_delaunay,0,1673,182,35,23
2026-10-10T14:31:53.069729+00:00,1902600010209,23.66,Aceptable,27.89,Bueno,interpolacion_delaunay,0,0,0,0,0
2026-10-10T14:31:53.069729+00:00,1902600012883,23.32,Aceptable,27.41,Bueno,interpolacion_delaunay,0,2693,391,65,39
2026-10-10T14:31:53.069729+00:00,1902600011512,25.05,Aceptable,26.9,Bueno,interpolacion_delaunay,0,1411,83,448,118
2026-10-10T14:31:53.069729+00:00,1902600011527,24.93,Aceptable,26.6,Bueno,interpolacion_delaunay,0,2114,99,718,127
2026-10-10T14:31:53.069729+00:00,1902600010853,25.85,Aceptable,28.03,Bueno,interpolacion_delaunay,0,4562,382,755,151
2026-10-10T14:31:53.069729+00:00,1902600011160,25.3,Aceptable,26.8,Bueno,promedio_sensores,1,3568,186,796,79
2026-10-10T14:31:53.069729+00:00,1902600011423,27.33,Aceptable,32.22,Bueno,interpolacion_delaunay,0,2358,121,643,149
2026-10-10T14:31:53.069729+00:00,1902600011118,27.04,Aceptable,31.91,Bueno,interpolacion_delaunay,0,0,0,0,0
2026-10-10T14:31:53.069729+00:00,1902600010552,27.02,Aceptable,31.88,Bueno,interpolacion_delaunay,0,1358,197,299,91
2026-10-10T14:31:53.069729+00:00,1902600010567,28.5,Aceptable,33.9,Bueno,interpolacion_delaunay,0,3469,239,807,212
2026-10-10T14:31:53.069729+00:00,1902600010478,27.29,Aceptable,32.11,Bueno,interpolacion_delaunay,0,3451,258,686,179
2026-10-10T14:31:53.069729+00:00,1902600012493,28.54,Aceptable,33.89,Bueno,interpolacion_delaunay,0,3047,231,451,139
2026-10-10T14:31:53.069729+00:00,1902600012506,28.26,Aceptable,33.52,Bueno,interpolacion_delaunay,0,1875,122,448,96
2026-10-10T14:31:53.069729+00:00,1902600011387,28.88,Aceptable,34.23,Bueno,interpolacion_delaunay,0,4018,279,697,181
2026-10-10T14:31:53.069729+00:00,1902600010482,27.96,Aceptable,33.0,Bueno,interpolacion_delaunay,0,4004,197,1191,226
2026-10-10T14:31:53.069729+00:00,1902600010586,29.08,Aceptable,34.61,Bueno,interpolacion_delaunay,0,4983,369,1196,317
2026-10-10T14:31:53.069729+00:00,1902600010590,29.38,Aceptable,35.02,Bueno,interpolacion_delaunay,0,3794,290,817,254
2026-10-10T14:31:53.069729+00:00,1902600011940,29.76,Aceptable,35.37,Bueno,interpolacion_delaunay,0,3450,256,773,184
2026-10-10T14:31:53.069729+00:00,1902600012224,29.35,Aceptable,34.91,Bueno,interpolacion_delaunay,0,1986,122,533,118
2026-10-10T14:31:53.069729+00:00,1902600012239,30.05,Aceptable,35.85,Bueno,interpolacion_delaunay,0,2664,206,487,219
2026-10-10T14:31:53.069729+00:00,1902600010548,19.18,Aceptable,21.03,Bueno,interpolacion_delaunay,0,4149,203,1177,258
2026-10-10T14:31:53.069729+00:00,1902600012489,29.96,Aceptable,35.98,Bueno,interpolacion_delaunay,0,2798,203,290,77
2026-10-10T14:31:53.069729+00:00,1902600011353,26.99,Aceptable,31.63,Bueno,interpolacion_delaunay,0,1952,125,417,157
2026-10-10T14:31:53.069729+00:00,1902600012760,31.3,Aceptable,37.69,Bueno,interpolacion_delaunay,0,3619,397,120,87
2026-10-10T14:31:53.069729+00:00,1902600011264,28.26,Aceptable,33.93,Bueno,interpolacion_delaunay,0,1708,151,158,100
2026-10-10T14:31:53.069729+00:00,190260001285A,30.42,Aceptable,36.4,Bueno,interpolacion_delaunay,0,1850,298,50,26
2026-10-10T14:31:53.069729+00:00,1902600010270,25.01,Aceptable,29.34,Bueno,interpolacion_delaunay,0,0,0,0,0
2026-10-10T14:31:53.069729+00:00,1902600010406,29.39,Aceptable,34.9,Bueno,interpolacion_delaunay,0,2889,225,550,115
2026-10-10T14:31:53.069729+00:00,1902600011067,30.45,Aceptable,36.4,Bueno,interpolacion_delaunay,0,4252,360,451,270
2026-10-10T14:31:53.069729+00:00,1902600011086,29.02,Aceptable,34.2,Bueno,interpolacion_delaunay,0,3224,245,126,84
2026-10-10T14:31:53.069729+00:00,1902600012313,24.84,Aceptable,28.66,Bueno,interpolacion_delaunay,0,2567,202,407,174
2026-10-10T14:31:53.069729+00:00,1902600012309,26.87,Aceptable,31.25,Bueno,interpolacion_delaunay,0,2125,241,150,88
2026-10-10T14:31:53.069729+00:00,1902600011809,30.98,Aceptable,37.07,Bueno,interpolacion_delaunay,0,2127,251,117,120
2026-10-10T14:31:53.069729+00:00,1902600012864,31.85,Aceptable,38.19,Bueno,interpolacion_delaunay,0,1168,168,40,16
2026-10-10T14:31:53.069729+00:00,190260001125A,15.38,Aceptable,16.26,Bueno,interpolacion_delaunay,0,541,13,170,22
2026-10-10T14:31:53.069729+00:00,1902600011071,25.23,Aceptable,29.4,Bueno,interpolacion_delaunay,0,3143,264,264,89
2026-10-10T14:31:53.069729+00:00,190260001196A,23.18,Aceptable,26.8,Bueno,interpolacion_delaunay,0,3349,324,262,100
2026-10-10T14:31:53.069729+00:00,1902600011955,30.48,Aceptable,36.32,Bueno,interpolacion_delaunay,0,3582,349,216,97
2026-10-10T14:31:53.069729+00:00,190260001050A,30.87,Aceptable,36.93,Bueno,interpolacion_delaunay,0,2022,217,309,73
2026-10-10T14:31:53.069729+00:00,1903900012400,26.0,Aceptable,31.0,Bueno,promedio_sensores,1,4517,429,723,304
2026-10-10T14:31:53.069729+00:00,1903900014657,33.12,Mala,38.0,Bueno,interpolacion_delaunay,0,2491,234,438,138
2026-10-10T14:31:53.069729+00:00,1903900013682,31.27,Aceptable,36.12,Bueno,interpolacion_delaunay,0,4499,398,653,181
2026-10-10T14:31:53.069729+00:00,1903900010832,27.24,Aceptable,31.99,Bueno,interpolacion_delaunay,0,543,31,158,26
2026-10-10T14:31:53.069729+00:00,1903900011120,23.94,Aceptable,27.87,Bueno,interpolacion_delaunay,0,2607,94,831,149
2026-10-10T14:31:53.069729+00:00,1903900012129,29.29,Aceptable,34.44,Bueno,interpolacion_delaunay,0,4074,318,790,255
2026-10-10T14:31:53.069729+00:00,190390001363A,32.62,Aceptable,36.96,Bueno,interpolacion_delaunay,0,3850,324,618,201
2026-10-10T14:31:53.069729+00:00,1903900014163,28.7,Aceptable,32.86,Bueno,interpolacion_delaunay,0,3563,376,476,178
2026-10-10T14:31:53.069729+00:00,1903900014642,33.67,Mala,39.04,Bueno,interpolacion_delaunay,0,2137,227,313,125
2026-10-10T14:31:53.069729+00:00,1903900013589,27.94,Aceptable,32.85,Bueno,interpolacion_delaunay,0,1971,102,595,95
2026-10-10T14:31:53.069729+00:00,1903900011370,23.5,Aceptable,27.02,Bueno,interpolacion_delaunay,0,1287,71,218,39
2026-10-10T14:31:53.069729+00:00,1903900012114,22.95,Aceptable,25.15,Bueno,interpolacion_delaunay,0,2387,84,816,136
2026-10-10T14:31:53.069729+00:00,1903900012203,19.4,Aceptable,20.3,Bueno,promedio_sensores,1,2974,126,1034,191
2026-10-10T14:31:53.069729+00:00,1903900013574,24.92,Aceptable,28.75,Bueno,interpolacion_delaunay,0,832,37,276,93
2026-10-10T14:31:53.069729+00:00,1903900012792,20.58,Aceptable,23.98,Bueno,interpolacion_delaunay,0,1,0,0,0
2026-10-10T14:31:53.069729+00:00,190390001445A,25.84,Aceptable,28.49,Bueno,interpolacion_delaunay,0,5563,304,1118,197
2026-10-10T14:31:53.069729+00:00,1903900014638,33.81,Mala,39.68,Bueno,interpolacion_delaunay,0,3811,381,571,142
2026-10-10T14:31:53.069729+00:00,1903900012063,29.54,Aceptable,33.15,Bueno,interpolacion_delaunay,0,2407,98,743,119
2026-10-10T14:31:53.069729+00:00,1903900011690,18.01,Aceptable,19.83,Bueno,interpolacion_delaunay,0,228,12,56,11
2026-10-10T14:31:53.069729+00:00,1903900011760,17.73,Aceptable,19.82,Bueno,interpolacion_delaunay,0,1986,129,443,117
2026-10-10T14:31:53.069729+00:00,1903900011934,25.37,Aceptable,29.3,Bueno,promedio_sensores,3,2171,83,550,105
2026-10-10T14:31:53.069729+00:00,190390001192A,19.54,Aceptable,22.13,Bueno,interpolacion_delaunay,0,2553,117,796,121
2026-10-10T14:31:53.069729+00:00,1903900012044,30.62,Aceptable,34.73,Bueno,interpolacion_delaunay,0,1920,122,427,109
2026-10-10T14:31:53.069729+00:00,1903900012078,30.83,Aceptable,35.25,Bueno,interpolacion_delaunay,0,2179,136,538,60
2026-10-10T14:31:53.069729+00:00,1903900011525,16.86,Aceptable,19.43,Bueno,interpolacion_delaunay,0,590,39,143,33
2026-10-10T14:31:53.069729+00:00,1903900011991,30.4,Aceptable,34.3,Bueno,promedio_sensores,1,3236,192,703,201
2026-10-10T14:31:53.069729+00:00,1903900012006,21.37,Aceptable,24.37,Bueno,interpolacion_delaunay,0,1972,70,504,136
2026-10-10T14:31:53.069729+00:00,1903900010673,32.45,Aceptable,39.3,Bueno,interpolacion_delaunay,0,2155,174,396,142
2026-10-10T14:31:53.069729+00:00,1903900010298,27.25,Aceptable,31.53,Bueno,interpolacion_delaunay,0,3499,233,739,152
2026-10-10T14:31:53.069729+00:00,1903900010404,27.33,Aceptable,31.62,Bueno,interpolacion_delaunay,0,2835,189,560,150
2026-10-10T14:31:53.069729+00:00,1903900011012,27.22,Aceptable,32.28,Bueno,interpolacion_delaunay,0,1216,101,235,35
2026-10-10T14:31:53.069729+00:00,1903900011065,24.51,Aceptable,28.66,Bueno,interpolacion_delaunay,0,1981,192,428,144
2026-10-10T14:31:53.069729+00:00,1903900010175,26.97,Aceptable,31.5,Bueno,interpolacion_delaunay,0,1294,70,318,45
2026-10-10T14:31:53.069729+00:00,190390001018A,26.89,Aceptable,31.4,Bueno,interpolacion_delaunay,0,3618,299,750,219
2026-10-10T14:31:53.069729+00:00,1903900010194,26.99,Aceptable,31.45,Bueno,interpolacion_delaunay,0,2850,223,604,173
2026-10-10T14:31:53.069729+00:00,1903900010226,27.15,Aceptable,31.41,Bueno,interpolacion_delaunay,0,4934,461,799,274
2026-10-10T14:31:53.069729+00:00,1903900014229,24.57,Aceptable,26.94,Bueno,interpolacion_delaunay,0,2852,249,505,184
2026-10-10T14:31:53.069729+00:00,1903900010353,20.17,Aceptable,23.22,Bueno,interpolacion_delaunay,0,3313,167,981,325
2026-10-10T14:31:53.069729+00:00,1903900010936,34.73,Mala,42.57,Bueno,interpolacion_delaunay,0,2121,128,459,101
2026-10-10T14:31:53.069729+00:00,1903900011173,28.5,Aceptable,30.8,Bueno,promedio_sensores,1,2108,71,659,126
2026-10-10T14:31:53.069729+00:00,1903900011188,33.02,Mala,39.5,Bueno,interpolacion_delaunay,0,3322,231,794,185
2026-10-10T14:31:53.069729+00:00,1903900011224,29.6,Aceptable,36.3,Bueno,interpolacion_delaunay,0,3487,327,636,198
2026-10-10T14:31:53.069729+00:00,1903900011328,25.87,Aceptable,29.78,Bueno,interpolacion_delaunay,0,1300,73,364,78
2026-10-10T14:31:53.069729+00:00,1903900011332,24.33,Aceptable,28.08,Bueno,interpolacion_delaunay,0,2976,208,686,165
2026-10-10T14:31:53.069729+00:00,1903900011493,5.4,Bueno,6.2,Bueno,promedio_sensores,1,498,32,117,21
2026-10-10T14:31:53.069729+00:00,1903900011506,12.14,Bueno,14.38,Bueno,interpolacion_delaunay,0,218,10,60,5
2026-10-10T14:31:53.069729+00:00,1903900011510,13.07,Bueno,15.29,Bueno,interpolacion_delaunay,0,370,18,99,43
2026-10-10T14:31:53.069729+00:00,1903900011563,21.87,Aceptable,25.08,Bueno,interpolacion_delaunay,0,1016,57,324,41
2026-10-10T14:31:53.069729+00:00,1903900011652,8.91,Bueno,10.23,Bueno,interpolacion_delaunay,0,1408,46,412,99
2026-10-10T14:31:53.069729+00:00,1903900011667,24.76,Aceptable,28.01,Bueno,interpolacion_delaunay,0,811,38,222,38
2026-10-10T14:31:53.069729+00:00,1903900011671,26.14,Aceptable,30.0,Bueno,interpolacion_delaunay,0,2135,120,546,122
2026-10-10T14:31:53.069729+00:00,1903900011775,21.36,Aceptable,24.02,Bueno,interpolacion_delaunay,0,3247,195,753,173
2026-10-10T14:31:53.069729+00:00,190390001178A,26.05,Aceptable,29.4,Bueno,interpolacion_delaunay,0,2085,91,638,124
2026-10-10T14:31:53.069729+00:00,1903900011811,25.83,Aceptable,28.12,Bueno,interpolacion_delaunay,0,3726,195,960,140
2026-10-10T14:31:53.069729+00:00,190390001210A,25.8,Aceptable,29.6,Bueno,promedio_sensores,1,2790,113,700,150
2026-10-10T14:31:53.069729+00:00,1903900012186,25.48,Aceptable,28.29,Bueno,interpolacion_delaunay,0,4169,44,257,49
2026-10-10T14:31:53.069729+00:00,1903900011559,15.4,Aceptable,16.5,Bueno,promedio_sensores,1,854,32,232,42
2026-10-10T14:31:53.069729+00:00,1903900013428,27.08,Aceptable,31.46,Bueno,interpolacion_delaunay,0,3351,320,515,172
2026-10-10T14:31:53.069729+00:00,1903900014214,25.71,Aceptable,28.69,Bueno,interpolacion_delaunay,0,4120,374,689,171
2026-10-10T14:31:53.069729+00:00,1903900014712,27.89,Aceptable,31.46,Bueno,interpolacion_delaunay,0,3085,299,499,125
2026-10-10T14:31:53.069729+00:00,1903900014727,26.6,Aceptable,29.8,Bueno,interpolacion_delaunay,0,2574,237,418,75
2026-10-10T14:31:53.069729+00:00,1903900011544,12.22,Bueno,13.44,Bueno,interpolacion_delaunay,0,484,17,104,17
2026-10-10T14:31:53.069729+00:00,1903900011347,22.0,Aceptable,24.9,Bueno,promedio_sensores,1,3767,228,949,230
2026-10-10T14:31:53.069729+00:00,1903900011101,22.52,Aceptable,25.84,Bueno,interpolacion_delaunay,0,2340,171,499,101
2026-10-10T14:31:53.069729+00:00,1903900010692,26.25,Aceptable,30.35,Bueno,interpolacion_delaunay,0,1264,56,294,43
2026-10-10T14:31:53.069729+00:00,190390001071A,18.0,Aceptable,20.3,Bueno,promedio_sensores,1,2092,89,717,121
2026-10-10T14:31:53.069729+00:00,190390001153A,8.55,Bueno,9.51,Bueno,interpolacion_delaunay,0,283,20,33,8
2026-10-10T14:31:53.069729+00:00,1903900012222,28.63,Aceptable,32.51,Bueno,interpolacion_delaunay,0,2481,214,440,130
2026-10-10T14:31:53.069729+00:00,1903900010048,26.48,Aceptable,31.22,Bueno,interpolacion_delaunay,0,2757,231,541,184
2026-10-10T14:31:53.069729+00:00,1903900010160,27.03,Aceptable,31.56,Bueno,interpolacion_delaunay,0,1233,55,334,97
2026-10-10T14:31:53.069729+00:00,1903900011915,21.3,Aceptable,23.94,Bueno,interpolacion_delaunay,0,1171,52,296,69
2026-10-10T14:31:53.069729+00:00,1903900012824,13.46,Bueno,15.3,Bueno,interpolacion_delaunay,0,0,0,0,0
2026-10-10T14:31:53.069729+00:00,1903900010103,26.86,Aceptable,31.5,Bueno,interpolacion_delaunay,0,2537,115,733,107
2026-10-10T14:31:53.069729+00:00,1903900010122,26.81,Aceptable,31.35,Bueno,interpolacion_delaunay,0,3875,316,762,228
2026-10-10T14:31:53.069729+00:00,1903900010207,26.9,Aceptable,31.34,Bueno,interpolacion_delaunay,0,2935,264,476,100
2026-10-10T14:31:53.069729+00:00,190390001089A,32.24,Aceptable,39.37,Bueno,interpolacion_delaunay,0,2450,84,735,103
2026-10-10T14:31:53.069729+00:00,1903900010813,27.83,Aceptable,32.39,Bueno,interpolacion_delaunay,0,1266,76,281,65
2026-10-10T14:31:53.069729+00:00,190390001096A,32.98,Aceptable,40.33,Bueno,interpolacion_delaunay,0,735,52,175,36
2026-10-10T14:31:53.069729+00:00,190390001107A,24.55,Aceptable,28.58,Bueno,interpolacion_delaunay,0,2056,191,358,98
2026-10-10T14:31:53.069729+00:00,1903900011099,22.55,Aceptable,26.0,Bueno,interpolacion_delaunay,0,1728,108,401,82
2026-10-10T14:31:53.069729+00:00,1903900011281,18.41,Aceptable,21.87,Bueno,interpolacion_delaunay,0,162,9,42,10
2026-10-10T14:31:53.069729+00:00,190390001146A,26.92,Aceptable,29.53,Bueno,interpolacion_delaunay,0,1878,94,425,114
2026-10-10T14:31:53.069729+00:00,1903900011474,26.39,Aceptable,30.5,Bueno,interpolacion_delaunay,0,1482,65,348,91
2026-10-10T14:31:53.069729+00:00,1903900011648,15.52,Aceptable,17.21,Bueno,interpolacion_delaunay,0,1275,46,383,92
2026-10-10T14:31:53.069729+00:00,1903900011953,32.06,Aceptable,37.76,Bueno,interpolacion_delaunay,0,4331,383,782,275
2026-10-10T14:31:53.069729+00:00,1903900011968,31.38,Aceptable,36.61,Bueno,interpolacion_delaunay,0,2452,198,521,139
2026-10-10T14:31:53.069729+00:00,1903900011972,28.84,Aceptable,32.94,Bueno,interpolacion_delaunay,0,2152,173,501,93
2026-10-10T14:31:53.069729+00:00,1903900011987,27.89,Aceptable,31.44,Bueno,interpolacion_delaunay,0,2330,153,564,186
2026-10-10T14:31:53.069729+00:00,1903900012010,24.67,Aceptable,27.8,Bueno,promedio_sensores,3,377,6,32,6
2026-10-10T14:31:53.069729+00:00,1903900012025,24.94,Aceptable,27.98,Bueno,interpolacion_delaunay,0,4868,169,1336,220
2026-10-10T14:31:53.069729+00:00,1903900012608,24.8,Aceptable,29.25,Bueno,interpolacion_delaunay,0,3563,325,452,140
2026-10-10T14:31:53.069729+00:00,1903900012260,28.29,Aceptable,31.98,Bueno,interpolacion_delaunay,0,2549,128,738,140
2026-10-10T14:31:53.069729+00:00,1903900012523,26.32,Aceptable,31.17,Bueno,interpolacion_delaunay,0,5883,502,863,210
2026-10-10T14:31:53.069729+00:00,1903900012576,24.03,Aceptable,28.53,Bueno,interpolacion_delaunay,0,3643,363,363,152
2026-10-10T14:31:53.069729+00:00,1903900012612,26.52,Aceptable,31.31,Bueno,interpolacion_delaunay,0,3707,369,423,217
2026-10-10T14:31:53.069729+00:00,1903900013339,26.32,Aceptable,31.11,Bueno,interpolacion_delaunay,0,3291,330,562,149
2026-10-10T14:31:53.069729+00:00,1903900013432,27.02,Aceptable,31.37,Bueno,interpolacion_delaunay,0,3283,331,497,186
2026-10-10T14:31:53.069729+00:00,1903900013381,26.69,Aceptable,31.34,Bueno,interpolacion_delaunay,0,3469,305,681,259
2026-10-10T14:31:53.069729+00:00,1903900013324,26.21,Aceptable,31.09,Bueno,interpolacion_delaunay,0,2714,268,458,83
2026-10-10T14:31:53.069729+00:00,1903900014587,26.44,Aceptable,31.31,Bueno,interpolacion_delaunay,0,1315,68,368,60
2026-10-10T14:31:53.069729+00:00,1903900014604,13.68,Bueno,15.64,Bueno,interpolacion_delaunay,0,2075,111,610,109
2026-10-10T14:31:53.069729+00:00,1903900014661,27.29,Aceptable,30.58,Bueno,interpolacion_delaunay,0,2902,69,608,127
2026-10-10T14:31:53.069729+00:00,1903900014680,30.86,Aceptable,36.96,Bueno,interpolacion_delaunay,0,2293,96,745,94
2026-10-10T14:31:53.069729+00:00,1903900011239,31.62,Aceptable,38.47,Bueno,interpolacion_delaunay,0,3332,293,662,233
2026-10-10T14:31:53.069729+00:00,1903900011489,27.3,Aceptable,30.5,Bueno,promedio_sensores,1,1608,86,419,74
2026-10-10T14:31:53.069729+00:00,1903900010279,27.11,Aceptable,31.58,Bueno,interpolacion_delaunay,0,2220,107,580,282
2026-10-10T14:31:53.069729+00:00,1903900010531,27.96,Aceptable,32.32,Bueno,interpolacion_delaunay,0,5417,419,1156,491
2026-10-10T14:31:53.069729+00:00,1903900010635,31.53,Aceptable,37.93,Bueno,interpolacion_delaunay,0,2264,78,723,158
2026-10-10T14:31:53.069729+00:00,1903900011686,21.05,Aceptable,24.12,Bueno,interpolacion_delaunay,0,153,7,36,5
2026-10-10T14:31:53.069729+00:00,1903900011807,26.32,Aceptable,29.11,Bueno,interpolacion_delaunay,0,2430,99,765,107
2026-10-10T14:31:53.069729+00:00,1903900011830,32.8,Aceptable,39.4,Bueno,promedio_sensores,1,898,35,265,16
2026-10-10T14:31:53.069729+00:00,1903900012097,28.8,Aceptable,32.5,Bueno,promedio_sensores,1,4087,88,440,163
2026-10-10T14:31:53.069729+00:00,1903900012256,31.78,Aceptable,36.69,Bueno,interpolacion_delaunay,0,4590,303,1006,320
2026-10-10T14:31:53.069729+00:00,1903900012307,22.8,Aceptable,24.67,Bueno,promedio_sensores,3,2986,141,683,94
2026-10-10T14:31:53.069729+00:00,1903900012453,17.97,Aceptable,19.79,Bueno,interpolacion_delaunay,0,2219,109,403,76
2026-10-10T14:31:53.069729+00:00,1903900012716,24.27,Aceptable,27.02,Bueno,interpolacion_delaunay,0,78,3,14,8
2026-10-10T14:31:53.069729+00:00,1903900012735,24.5,Aceptable,27.02,Bueno,interpolacion_delaunay,0,0,0,0,0
2026-10-10T14:31:53.069729+00:00,1903900012769,25.35,Aceptable,30.74,Bueno,interpolacion_delaunay,0,279,15,54,0
2026-10-10T14:31:53.069729+00:00,1903900012773,26.4,Aceptable,31.46,Bueno,interpolacion_delaunay,0,0,0,0,0
2026-10-10T14:31:53.069729+00:00,1903900014040,26.67,Aceptable,31.18,Bueno,interpolacion_delaunay,0,3042,337,450,116
2026-10-10T14:31:53.069729+00:00,1903900014178,31.05,Aceptable,36.07,Bueno,interpolacion_delaunay,0,4610,493,538,196
2026-10-10T14:31:53.069729+00:00,1903900010156,27.0,Aceptable,31.58,Bueno,interpolacion_delaunay,0,2930,146,830,151
2026-10-10T14:31:53.069729+00:00,1903900010264,27.29,Aceptable,31.8,Bueno,interpolacion_delaunay,0,4282,326,814,272
2026-10-10T14:31:53.069729+00:00,1903900010283,27.19,Aceptable,31.6,Bueno,interpolacion_delaunay,0,2911,218,619,83
2026-10-10T14:31:53.069729+00:00,1903900010315,27.19,Aceptable,31.34,Bueno,interpolacion_delaunay,0,3515,316,654,216
2026-10-10T14:31:53.069729+00:00,190390001032A,27.07,Aceptable,31.22,Bueno,interpolacion_delaunay,0,4173,426,573,279
2026-10-10T14:31:53.069729+00:00,1903900010349,27.3,Aceptable,31.24,Bueno,interpolacion_delaunay,0,2637,166,677,132
2026-10-10T14:31:53.069729+00:00,1903900010391,27.37,Aceptable,31.68,Bueno,interpolacion_delaunay,0,3850,295,727,205
2026-10-10T14:31:53.069729+00:00,1903900010438,27.51,Aceptable,31.57,Bueno,interpolacion_delaunay,0,3338,313,521,73
2026-10-10T14:31:53.069729+00:00,1903900010442,28.25,Aceptable,32.7,Bueno,interpolacion_delaunay,0,2676,239,533,136
2026-10-10T14:31:53.069729+00:00,1903900010457,26.52,Aceptable,30.73,Bueno,interpolacion_delaunay,0,3408,175,1149,225
2026-10-10T14:31:53.069729+00:00,1903900010480,27.63,Aceptable,31.92,Bueno,interpolacion_delaunay,0,1388,64,440,114
2026-10-10T14:31:53.069729+00:00,1903900010512,29.02,Aceptable,34.01,Bueno,interpolacion_delaunay,0,2980,202,741,168
2026-10-10T14:31:53.069729+00:00,1903900010546,29.53,Aceptable,34.78,Bueno,interpolacion_delaunay,0,2660,141,683,117
2026-10-10T14:31:53.069729+00:00,1903900010550,29.3,Aceptable,34.4,Bueno,interpolacion_delaunay,0,2279,182,478,160
2026-10-10T14:31:53.069729+00:00,1903900010565,28.86,Aceptable,33.69,Bueno,interpolacion_delaunay,0,2608,254,432,94
2026-10-10T14:31:53.069729+00:00,190390001057A,30.6,Aceptable,36.4,Bueno,interpolacion_delaunay,0,1514,131,335,33
2026-10-10T14:31:53.069729+00:00,1903900010599,16.89,Aceptable,19.23,Bueno,interpolacion_delaunay,0,2808,125,1047,137
2026-10-10T14:31:53.069729+00:00,1903900010601,27.15,Aceptable,31.43,Bueno,interpolacion_delaunay,0,5314,412,1126,426
2026-10-10T14:31:53.069729+00:00,1903900010620,32.02,Aceptable,38.72,Bueno,interpolacion_delaunay,0,2515,85,744,131
2026-10-10T14:31:53.069729+00:00,190390001064A,31.48,Aceptable,37.84,Bueno,interpolacion_delaunay,0,2719,125,702,154
2026-10-10T14:31:53.069729+00:00,1903900010654,30.84,Aceptable,36.81,Bueno,interpolacion_delaunay,0,2609,119,783,144
2026-10-10T14:31:53.069729+00:00,1903900010705,19.97,Aceptable,22.11,Bueno,interpolacion_delaunay,0,1996,93,661,76
2026-10-10T14:31:53.069729+00:00,1903900010739,33.36,Mala,40.8,Bueno,interpolacion_delaunay,0,1701,60,561,127
2026-10-10T14:31:53.069729+00:00,1903900010743,33.48,Mala,40.96,Bueno,interpolacion_delaunay,0,1991,112,552,108
2026-10-10T14:31:53.069729+00:00,1903900010758,33.44,Mala,40.89,Bueno,interpolacion_delaunay,0,1207,67,324,54
2026-10-10T14:31:53.069729+00:00,1903900010796,29.08,Aceptable,34.25,Bueno,interpolacion_delaunay,0,0,0,0,0
2026-10-10T14:31:53.069729+00:00,1903900010828,27.38,Aceptable,31.98,Bueno,interpolacion_delaunay,0,1085,46,363,57
2026-10-10T14:31:53.069729+00:00,1903900010866,23.5,Aceptable,26.33,Bueno,interpolacion_delaunay,0,1678,49,570,85
2026-10-10T14:31:53.069729+00:00,1903900010870,27.47,Aceptable,32.34,Bueno,interpolacion_delaunay,0,3879,268,842,254
2026-10-10T14:31:53.069729+00:00,1903900010885,29.87,Aceptable,35.96,Bueno,interpolacion_delaunay,0,1668,63,493,70
2026-10-10T14:31:53.069729+00:00,1903900010940,34.45,Mala,42.68,Bueno,interpolacion_delaunay,0,3419,259,605,213
2026-10-10T14:31:53.069729+00:00,1903900011046,26.59,Aceptable,31.33,Bueno,interpolacion_delaunay,0,1800,151,355,99
2026-10-10T14:31:53.069729+00:00,1903900011135,26.42,Aceptable,29.65,Bueno,interpolacion_delaunay,0,1752,62,519,67
2026-10-10T14:31:53.069729+00:00,190390001114A,25.1,Aceptable,29.0,Bueno,promedio_sensores,1,1380,53,428,34
2026-10-10T14:31:53.069729+00:00,1903900011154,26.1,Aceptable,29.47,Bueno,interpolacion_delaunay,0,1623,62,444,64
2026-10-10T14:31:53.069729+00:00,1903900011169,27.2,Aceptable,30.25,Bueno,promedio_sensores,2,2880,73,732,160
2026-10-10T14:31:53.069729+00:00,1903900011192,31.03,Aceptable,35.98,Bueno,interpolacion_delaunay,0,2657,175,674,141
2026-10-10T14:31:53.069729+00:00,1903900011205,30.24,Aceptable,35.1,Bueno,interpolacion_delaunay,0,122,13,22,0
2026-10-10T14:31:53.069729+00:00,1903900011243,19.72,Aceptable,24.01,Bueno,interpolacion_delaunay,0,475,45,76,44
2026-10-10T14:31:53.069729+00:00,1903900011258,22.28,Aceptable,26.9,Bueno,interpolacion_delaunay,0,1048,106,166,35
2026-10-10T14:31:53.069729+00:00,1903900011262,30.39,Aceptable,36.63,Bueno,interpolacion_delaunay,0,1756,114,447,140
2026-10-10T14:31:53.069729+00:00,1903900011277,25.48,Aceptable,30.41,Bueno,interpolacion_delaunay,0,2024,136,529,164
2026-10-10T14:31:53.069729+00:00,1903900011309,27.9,Aceptable,32.8,Bueno,promedio_sensores,1,1761,123,433,90
2026-10-10T14:31:53.069729+00:00,1903900011351,22.5,Aceptable,25.64,Bueno,interpolacion_delaunay,0,2734,167,651,175
2026-10-10T14:31:53.069729+00:00,1903900011366,22.95,Aceptable,26.25,Bueno,interpolacion_delaunay,0,0,0,0,0
2026-10-10T14:31:53.069729+00:00,1903900011421,32.9,Aceptable,39.6,Bueno,promedio_sensores,1,3327,204,738,54
2026-10-10T14:31:53.069729+00:00,1903900011436,29.84,Aceptable,35.14,Bueno,interpolacion_delaunay,0,1869,83,431,69
2026-10-10T14:31:53.069729+00:00,1903900011440,29.71,Aceptable,33.95,Bueno,interpolacion_delaunay,0,1644,76,453,82
2026-10-10T14:31:53.069729+00:00,1903900011455,29.37,Aceptable,33.19,Bueno,interpolacion_delaunay,0,1330,38,379,65
2026-10-10T14:31:53.069729+00:00,1903900011578,20.34,Aceptable,22.03,Bueno,interpolacion_delaunay,0,1668,78,469,55
2026-10-10T14:31:53.069729+00:00,1903900011582,23.4,Aceptable,25.4,Bueno,promedio_sensores,1,1943,98,485,98
2026-10-10T14:31:53.069729+00:00,190390001160A,24.83,Aceptable,27.2,Bueno,interpolacion_delaunay,0,1878,106,479,110
2026-10-10T14:31:53.069729+00:00,1903900011614,24.95,Aceptable,27.18,Bueno,interpolacion_delaunay,0,2516,127,727,95
2026-10-10T14:31:53.069729+00:00,1903900011633,27.25,Aceptable,31.32,Bueno,interpolacion_delaunay,0,810,34,225,59
2026-10-10T14:31:53.069729+00:00,1903900011703,17.59,Aceptable,19.2,Bueno,interpolacion_delaunay,0,3184,63,372,52
2026-10-10T14:31:53.069729+00:00,1903900011722,26.26,Aceptable,30.69,Bueno,interpolacion_delaunay,0,511,20,136,16
2026-10-10T14:31:53.069729+00:00,1903900011737,21.73,Aceptable,25.58,Bueno,interpolacion_delaunay,0,377,25,76,21
2026-10-10T14:31:53.069729+00:00,1903900011741,22.21,Aceptable,25.05,Bueno,interpolacion_delaunay,0,179,8,28,10
2026-10-10T14:31:53.069729+00:00,1903900011756,20.69,Aceptable,22.79,Bueno,interpolacion_delaunay,0,191,3,61,18
2026-10-10T14:31:53.069729+00:00,1903900011794,26.73,Aceptable,29.95,Bueno,interpolacion_delaunay,0,2555,160,623,167
2026-10-10T14:31:53.069729+00:00,1903900011845,6.3,Bueno,6.6,Bueno,promedio_sensores,1,2750,133,527,66
2026-10-10T14:31:53.069729+00:00,190390001185A,27.39,Aceptable,32.51,Bueno,interpolacion_delaunay,0,2718,189,497,75
2026-10-10T14:31:53.069729+00:00,1903900011879,29.46,Aceptable,34.7,Bueno,interpolacion_delaunay,0,2302,190,467,160
2026-10-10T14:31:53.069729+00:00,1903900011883,28.48,Aceptable,33.08,Bueno,interpolacion_delaunay,0,2653,217,567,162
2026-10-10T14:31:53.069729+00:00,1903900011898,29.5,Aceptable,34.01,Bueno,interpolacion_delaunay,0,2466,163,572,128
2026-10-10T14:31:53.069729+00:00,1903900011900,25.19,Aceptable,28.27,Bueno,interpolacion_delaunay,0,1274,99,333,108
2026-10-10T14:31:53.069729+00:00,1903900012167,28.12,Aceptable,31.68,Bueno,interpolacion_delaunay,0,2883,124,813,123
2026-10-10T14:31:53.069729+00:00,1903900012190,23.5,Aceptable,25.66,Bueno,interpolacion_delaunay,0,1182,41,455,89
2026-10-10T14:31:53.069729+00:00,1903900012218,21.55,Aceptable,23.05,Bueno,interpolacion_delaunay,0,1788,87,512,71
2026-10-10T14:31:53.069729+00:00,1903900012241,21.27,Aceptable,22.89,Bueno,interpolacion_delaunay,0,1136,46,404,79
2026-10-10T14:31:53.069729+00:00,1903900012275,26.56,Aceptable,29.07,Bueno,interpolacion_delaunay,0,3740,200,896,144
2026-10-10T14:31:53.069729+00:00,1903900012472,35.0,Mala,43.1,Bueno,promedio_sensores,1,4662,342,773,243
2026-10-10T14:31:53.069729+00:00,190390001267A,16.94,Aceptable,19.48,Bueno,interpolacion_delaunay,0,3909,249,1025,191
2026-10-10T14:31:53.069729+00:00,1903900012684,14.48,Bueno,16.59,Bueno,interpolacion_delaunay,0,2186,73,687,43
2026-10-10T14:31:53.069729+00:00,1903900012720,25.8,Aceptable,28.8,Bueno,promedio_sensores,1,970,52,170,37
2026-10-10T14:31:53.069729+00:00,190390001274A,24.57,Aceptable,27.59,Bueno,interpolacion_delaunay,0,10,0,0,0
2026-10-10T14:31:53.069729+00:00,1903900012754,26.18,Aceptable,29.1,Bueno,interpolacion_delaunay,0,3205,214,714,184
2026-10-10T14:31:53.069729+00:00,1903900012788,22.65,Aceptable,25.28,Bueno,interpolacion_delaunay,0,0,0,0,0
2026-10-10T14:31:53.069729+00:00,190390001281A,17.9,Aceptable,20.8,Bueno,promedio_sensores,1,327,0,0,0
2026-10-10T14:31:53.069729+00:00,1903900012877,6.84,Bueno,7.73,Bueno,interpolacion_delaunay,0,0,0,0,0
2026-10-10T14:31:53.069729+00:00,1903900013451,27.15,Aceptable,31.37,Bueno,interpolacion_delaunay,0,4308,421,672,304
2026-10-10T14:31:53.069729+00:00,1903900013555,17.24,Aceptable,20.01,Bueno,interpolacion_delaunay,0,4663,290,902,166
2026-10-10T14:31:53.069729+00:00,1903900013593,29.33,Aceptable,36.43,Bueno,interpolacion_delaunay,0,2322,237,355,231
2026-10-10T14:31:53.069729+00:00,1903900013606,29.88,Aceptable,36.14,Bueno,interpolacion_delaunay,0,2907,266,482,206
2026-10-10T14:31:53.069729+00:00,1903900013610,22.05,Aceptable,27.19,Bueno,interpolacion_delaunay,0,2513,260,368,178
2026-10-10T14:31:53.069729+00:00,1903900013659,33.57,Mala,40.38,Bueno,interpolacion_delaunay,0,1885,176,371,95
2026-10-10T14:31:53.069729+00:00,190390001406A,26.97,Aceptable,31.24,Bueno,interpolacion_delaunay,0,4196,447,516,257
2026-10-10T14:31:53.069729+00:00,1903900014093,27.27,Aceptable,31.72,Bueno,interpolacion_delaunay,0,3096,303,444,145
2026-10-10T14:31:53.069729+00:00,1903900014144,20.62,Aceptable,25.3,Bueno,interpolacion_delaunay,0,883,38,360,125
2026-10-10T14:31:53.069729+00:00,1903900014159,1.6,Bueno,2.3,Bueno,promedio_sensores,1,620,20,142,55
2026-10-10T14:31:53.069729+00:00,1903900014500,27.35,Aceptable,31.73,Bueno,interpolacion_delaunay,0,3056,353,283,111
2026-10-10T14:31:53.069729+00:00,1903900014515,27.52,Aceptable,31.85,Bueno,interpolacion_delaunay,0,3391,252,688,180
2026-10-10T14:31:53.069729+00:00,1903900014549,27.43,Aceptable,31.58,Bueno,interpolacion_delaunay,0,4319,365,785,218
2026-10-10T14:31:53.069729+00:00,1903900014553,27.37,Aceptable,31.48,Bueno,interpolacion_delaunay,0,3885,315,748,307
2026-10-10T14:31:53.069729+00:00,1903900014619,5.07,Bueno,5.73,Bueno,interpolacion_delaunay,0,2679,137,355,34
2026-10-10T14:31:53.069729+00:00,1903900014623,32.2,Aceptable,38.6,Bueno,promedio_sensores,1,1853,99,476,133
2026-10-10T14:31:53.069729+00:00,1903900014731,25.63,Aceptable,27.65,Bueno,interpolacion_delaunay,0,2772,164,687,112
2026-10-10T14:31:53.069729+00:00,1903900014905,22.5,Aceptable,24.29,Bueno,interpolacion_delaunay,0,2280,182,284,44
2026-10-10T14:31:53.069729+00:00,190390001491A,13.33,Bueno,14.73,Bueno,interpolacion_delaunay,0,897,47,73,0
2026-10-10T14:31:53.069729+00:00,1903900014924,27.2,Aceptable,28.2,Bueno,promedio_sensores,1,2425,136,485,38
2026-10-10T14:31:53.069729+00:00,1903900014939,27.31,Aceptable,29.88,Bueno,interpolacion_delaunay,0,1974,92,485,50
2026-10-10T14:31:53.069729+00:00,1903900015142,14.63,Bueno,15.83,Bueno,interpolacion_delaunay,0,2839,330,193,45
2026-10-10T14:31:53.069729+00:00,1903900011385,23.15,Aceptable,26.05,Bueno,interpolacion_delaunay,0,1585,87,442,107
2026-10-10T14:31:53.069729+00:00,1903900012805,28.78,Aceptable,34.42,Bueno,interpolacion_delaunay,0,3258,186,362,30
2026-10-10T14:31:53.069729+00:00,1903900011826,31.69,Aceptable,36.7,Bueno,interpolacion_delaunay,0,1966,181,300,39
2026-10-10T14:31:53.069729+00:00,1903900012468,24.57,Aceptable,28.75,Bueno,interpolacion_delaunay,0,3979,370,451,75
2026-10-10T14:31:53.069729+00:00,1903900012133,32.41,Aceptable,38.17,Bueno,interpolacion_delaunay,0,3643,409,514,130
2026-10-10T14:31:53.069729+00:00,1903900014182,31.11,Aceptable,36.1,Bueno,interpolacion_delaunay,0,2164,180,491,80
2026-10-10T14:31:53.069729+00:00,1903900012152,30.41,Aceptable,35.1,Bueno,interpolacion_delaunay,0,2360,140,519,93
2026-10-10T14:31:53.069729+00:00,1903900012082,29.83,Aceptable,34.0,Bueno,interpolacion_delaunay,0,2402,95,700,143
2026-10-10T14:31:53.069729+00:00,1903900013663,30.8,Aceptable,35.53,Bueno,interpolacion_delaunay,0,4832,422,675,278
2026-10-10T14:31:53.069729+00:00,1903900013714,10.95,Bueno,11.36,Bueno,interpolacion_delaunay,0,4743,468,751,239
2026-10-10T14:31:53.069729+00:00,1903900012858,20.96,Aceptable,23.72,Bueno,interpolacion_delaunay,0,0,0,0,0
2026-10-10T14:31:53.069729+00:00,1903900012839,15.81,Aceptable,18.33,Bueno,interpolacion_delaunay,0,426,30,39,0
2026-10-10T14:31:53.069729+00:00,1903900012843,32.8,Aceptable,38.1,Bueno,promedio_sensores,1,3288,154,618,59
2026-10-10T14:31:53.069729+00:00,1903900012862,11.35,Bueno,13.12,Bueno,interpolacion_delaunay,0,0,0,0,0
2026-10-10T14:31:53.069729+00:00,1903900013733,8.15,Bueno,8.38,Bueno,interpolacion_delaunay,0,1895,90,465,59
2026-10-10T14:31:53.069729+00:00,1903900012294,27.83,Aceptable,31.24,Bueno,interpolacion_delaunay,0,3104,120,1010,138
2026-10-10T14:31:53.069729+00:00,190390001228A,31.25,Aceptable,35.69,Bueno,interpolacion_delaunay,0,2430,94,799,56
2026-10-10T14:31:53.069729+00:00,1903900010423,27.3,Aceptable,31.36,Bueno,interpolacion_delaunay,0,3542,305,682,134
2026-10-10T14:31:53.069729+00:00,1903900010334,27.18,Aceptable,31.24,Bueno,interpolacion_delaunay,0,878,76,200,70
2026-10-10T14:31:53.069729+00:00,1903900010071,26.85,Aceptable,31.54,Bueno,interpolacion_delaunay,0,2520,129,682,146
2026-10-10T14:31:53.069729+00:00,1903900014869,5.22,Bueno,6.07,Bueno,interpolacion_delaunay,0,4404,353,307,53
2026-10-10T14:31:53.069729+00:00,1903900013748,8.4,Bueno,9.19,Bueno,interpolacion_delaunay,0,3552,225,627,97
2026-10-10T14:31:53.069729+00:00,1903900011050,24.71,Aceptable,29.02,Bueno,interpolacion_delaunay,0,1589,135,342,104
2026-10-10T14:31:53.069729+00:00,1903900011116,23.36,Aceptable,27.17,Bueno,interpolacion_delaunay,0,0,0,0,0
2026-10-10T14:31:53.069729+00:00,1903900010809,27.77,Aceptable,32.23,Bueno,interpolacion_delaunay,0,59,3,14,3
2026-10-10T14:31:53.069729+00:00,1903900010989,29.43,Aceptable,34.95,Bueno,interpolacion_delaunay,0,6061,564,591,133
2026-10-10T14:31:53.069729+00:00,1903900010851,24.47,Aceptable,28.82,Bueno,interpolacion_delaunay,0,1601,105,413,68
2026-10-10T14:31:53.069729+00:00,1903900013413,20.77,Aceptable,24.4,Bueno,interpolacion_delaunay,0,7251,522,1316,316
2026-10-10T14:31:53.069729+00:00,1903900010033,21.94,Aceptable,25.99,Bueno,interpolacion_delaunay,0,3321,285,588,124
2026-10-10T14:31:53.069729+00:00,1903900010137,18.68,Aceptable,21.93,Bueno,interpolacion_delaunay,0,4478,279,1202,320
2026-10-10T14:31:53.069729+00:00,1903900010141,26.02,Aceptable,30.42,Bueno,interpolacion_delaunay,0,4273,225,965,185
2026-10-10T14:31:53.069729+00:00,1903900010762,32.84,Aceptable,40.0,Bueno,interpolacion_delaunay,0,1600,114,337,68
2026-10-10T14:31:53.069729+00:00,1903900014106,27.42,Aceptable,31.87,Bueno,interpolacion_delaunay,0,4189,248,1019,177
2026-10-10T14:31:53.069729+00:00,1903900014110,27.65,Aceptable,32.03,Bueno,interpolacion_delaunay,0,2699,161,643,225
2026-10-10T14:31:53.069729+00:00,1903900010921,34.76,Mala,42.99,Bueno,interpolacion_delaunay,0,2388,213,393,106
2026-10-10T14:31:53.069729+00:00,1903900010669,33.44,Mala,40.86,Bueno,interpolacion_delaunay,0,2152,159,463,119
2026-10-10T14:31:53.069729+00:00,1903900010067,26.74,Aceptable,31.49,Bueno,interpolacion_delaunay,0,2799,155,819,158
2026-10-10T14:31:53.069729+00:00,1903900010688,30.0,Aceptable,35.56,Bueno,interpolacion_delaunay,0,2838,195,394,149
2026-10-10T14:31:53.069729+00:00,1903900010584,29.46,Aceptable,34.62,Bueno,interpolacion_delaunay,0,3226,273,587,141
2026-10-10T14:31:53.069729+00:00,1903900011417,30.57,Aceptable,34.93,Bueno,interpolacion_delaunay,0,3077,152,970,79
2026-10-10T14:31:53.069729+00:00,1903900013837,30.48,Aceptable,34.72,Bueno,interpolacion_delaunay,0,3561,193,908,77
2026-10-10T14:31:53.069729+00:00,1903900013930,26.62,Aceptable,31.1,Bueno,interpolacion_delaunay,0,1431,202,111,73
2026-10-10T14:31:53.069729+00:00,1903900014055,26.83,Aceptable,31.2,Bueno,interpolacion_delaunay,0,4222,525,372,136
2026-10-10T14:31:53.069729+00:00,190390001420A,32.45,Aceptable,38.56,Bueno,interpolacion_delaunay,0,3029,320,382,97
2026-10-10T14:31:53.069729+00:00,1903900014197,31.74,Aceptable,37.28,Bueno,interpolacion_delaunay,0,2456,248,321,138
2026-10-10T14:31:53.069729+00:00,1903900010974,30.98,Aceptable,37.28,Bueno,interpolacion_delaunay,0,781,39,192,50
2026-10-10T14:31:53.069729+00:00,1903900011084,22.72,Aceptable,26.32,Bueno,interpolacion_delaunay,0,1782,162,338,82
2026-10-10T14:31:53.069729+00:00,1903900010847,27.06,Aceptable,32.04,Bueno,interpolacion_delaunay,0,1023,82,199,53
2026-10-10T14:31:53.069729+00:00,1903900010993,27.64,Aceptable,32.37,Bueno,interpolacion_delaunay,0,1086,95,211,53
2026-10-10T14:31:53.069729+00:00,1903900010372,27.5,Aceptable,31.89,Bueno,interpolacion_delaunay,0,2524,139,785,102
2026-10-10T14:31:53.069729+00:00,1903900011031,26.26,Aceptable,31.07,Bueno,interpolacion_delaunay,0,1190,84,257,58
2026-10-10T14:31:53.069729+00:00,1903900010902,33.59,Mala,41.34,Bueno,interpolacion_delaunay,0,3066,119,898,183
2026-10-10T14:31:53.069729+00:00,1903900010777,31.59,Aceptable,38.1,Bueno,interpolacion_delaunay,0,1329,106,264,76
2026-10-10T14:31:53.069729+00:00,1903900010781,30.67,Aceptable,36.71,Bueno,interpolacion_delaunay,0,242,8,54,15
2026-10-10T14:31:53.069729+00:00,1903900014572,28.62,Aceptable,33.87,Bueno,interpolacion_delaunay,0,1442,81,389,93
2026-10-10T14:31:53.069729+00:00,1903900014676,29.7,Aceptable,35.12,Bueno,interpolacion_delaunay,0,2120,102,506,104
2026-10-10T14:31:53.069729+00:00,190390001025A,27.24,Aceptable,31.8,Bueno,interpolacion_delaunay,0,3942,258,986,278
2026-10-10T14:31:53.069729+00:00,1903900010495,28.69,Aceptable,33.51,Bueno,interpolacion_delaunay,0,1812,109,420,98
2026-10-10T14:31:53.069729+00:00,1903900010917,36.4,Mala,45.5,Aceptable,promedio_sensores,1,2843,155,698,133
2026-10-10T14:31:53.069729+00:00,1903900010955,32.75,Aceptable,39.93,Bueno,interpolacion_delaunay,0,288,25,64,22
2026-10-10T14:31:53.069729+00:00,1903900013697,13.39,Bueno,13.99,Bueno,interpolacion_delaunay,0,1977,183,341,77
2026-10-10T14:31:53.069729+00:00,1903900013860,26.81,Aceptable,31.23,Bueno,interpolacion_delaunay,0,3174,344,383,184
2026-10-10T14:31:53.069729+00:00,1903900015439,16.96,Aceptable,18.84,Bueno,interpolacion_delaunay,0,627,97,12,5
2026-10-10T14:31:53.069729+00:00,1903900011027,27.56,Aceptable,32.5,Bueno,interpolacion_delaunay,0,509,36,115,25
2026-10-10T14:31:53.069729+00:00,1903900013998,26.09,Aceptable,31.08,Bueno,interpolacion_delaunay,0,5766,706,558,248
2026-10-10T14:31:53.069729+00:00,190390001477A,24.12,Aceptable,25.54,Bueno,interpolacion_delaunay,0,550,33,68,4
2026-10-10T14:31:53.069729+00:00,1903900014002,26.28,Aceptable,31.05,Bueno,interpolacion_delaunay,0,5494,669,668,240
2026-10-10T14:31:53.069729+00:00,1903900014873,2.46,Bueno,2.68,Bueno,interpolacion_delaunay,0,2383,154,261,52
2026-10-10T14:31:53.069729+00:00,1903900011008,28.72,Aceptable,33.95,Bueno,interpolacion_delaunay,0,1877,145,377,135
2026-10-10T14:31:53.069729+00:00,1903900011313,26.96,Aceptable,31.64,Bueno,interpolacion_delaunay,0,5055,336,882,185
2026-10-10T14:31:53.069729+00:00,190390001139A,22.65,Aceptable,25.81,Bueno,interpolacion_delaunay,0,1079,59,290,49
2026-10-10T14:31:53.069729+00:00,1903900011402,23.94,Aceptable,27.57,Bueno,interpolacion_delaunay,0,681,31,196,23
2026-10-10T14:31:53.069729+00:00,1903900012519,25.97,Aceptable,31.11,Bueno,interpolacion_delaunay,0,5642,661,498,241
2026-10-10T14:31:53.069729+00:00,1903900013822,28.93,Aceptable,31.59,Bueno,interpolacion_delaunay,0,6050,361,890,140
2026-10-10T14:31:53.069729+00:00,1903900013964,29.32,Aceptable,32.28,Bueno,interpolacion_delaunay,0,728,55,70,19
2026-10-10T14:31:53.069729+00:00,1903900014125,28.33,Aceptable,32.99,Bueno,interpolacion_delaunay,0,1881,174,361,63
2026-10-10T14:31:53.069729+00:00,190390001452A,26.53,Aceptable,31.37,Bueno,interpolacion_delaunay,0,2471,240,363,186
2026-10-10T14:31:53.069729+00:00,190390001413A,29.01,Aceptable,34.07,Bueno,interpolacion_delaunay,0,2082,180,339,126
2026-10-10T14:31:53.069729+00:00,1903900010461,27.8,Aceptable,32.2,Bueno,promedio_sensores,1,3422,173,1112,139
2026-10-10T14:31:53.069729+00:00,1903900014534,26.94,Aceptable,31.28,Bueno,interpolacion_delaunay,0,1267,111,229,29
2026-10-10T14:31:53.069729+00:00,1903900013767,11.9,Bueno,13.3,Bueno,interpolacion_delaunay,0,2308,117,605,127
2026-10-10T14:31:53.069729+00:00,1903900012345,5.09,Bueno,5.19,Bueno,interpolacion_delaunay,0,2632,98,737,80
2026-10-10T14:31:53.069729+00:00,1903900012364,1.0,Bueno,1.0,Bueno,promedio_sensores,1,2327,116,787,61
2026-10-10T14:31:53.069729+00:00,1903900011629,30.2,Aceptable,37.5,Bueno,promedio_sensores,1,2881,196,402,58
2026-10-10T14:31:53.069729+00:00,1903900013396,26.65,Aceptable,31.25,Bueno,interpolacion_delaunay,0,4014,389,664,275
2026-10-10T14:31:53.069729+00:00,1903900010245,19.98,Aceptable,23.13,Bueno,interpolacion_delaunay,0,2709,131,764,208
2026-10-10T14:31:53.069729+00:00,1903900015284,15.54,Aceptable,17.05,Bueno,interpolacion_delaunay,0,513,29,60,13
2026-10-10T14:31:53.069729+00:00,1903900010118,26.76,Aceptable,31.32,Bueno,interpolacion_delaunay,0,4580,383,955,302
2026-10-10T14:31:53.069729+00:00,1903900010052,26.56,Aceptable,31.23,Bueno,interpolacion_delaunay,0,3869,304,717,323
2026-10-10T14:31:53.069729+00:00,1903900015123,26.41,Aceptable,31.08,Bueno,interpolacion_delaunay,0,68,3,4,3
2026-10-10T14:31:53.069729+00:00,1903900014036,26.55,Aceptable,31.14,Bueno,interpolacion_delaunay,0,4679,569,514,263
2026-10-10T14:31:53.069729+00:00,1903900010508,27.59,Aceptable,31.79,Bueno,interpolacion_delaunay,0,3451,202,579,150
2026-10-10T14:31:53.069729+00:00,1903900010527,27.94,Aceptable,32.31,Bueno,interpolacion_delaunay,0,1779,95,454,127
2026-10-10T14:31:53.069729+00:00,1903900013729,11.83,Bueno,13.05,Bueno,interpolacion_delaunay,0,3410,392,357,136
2026-10-10T14:31:53.069729+00:00,190390001370A,13.67,Bueno,14.81,Bueno,interpolacion_delaunay,0,4006,357,563,228
2026-10-10T14:31:53.069729+00:00,1904600010362,25.17,Aceptable,29.87,Bueno,interpolacion_delaunay,0,5505,271,1291,301
2026-10-10T14:31:53.069729+00:00,1904600011483,22.43,Aceptable,27.9,Bueno,interpolacion_delaunay,0,2026,111,597,94
2026-10-10T14:31:53.069729+00:00,1904600011638,27.97,Aceptable,33.84,Bueno,interpolacion_delaunay,0,4053,248,498,114
2026-10-10T14:31:53.069729+00:00,1904600010998,26.51,Aceptable,32.22,Bueno,interpolacion_delaunay,0,5855,449,1099,257
2026-10-10T14:31:53.069729+00:00,1904600011676,26.92,Aceptable,31.78,Bueno,interpolacion_delaunay,0,362,30,69,27
2026-10-10T14:31:53.069729+00:00,1904600010216,27.3,Aceptable,31.2,Bueno,promedio_sensores,1,2042,50,546,50
2026-10-10T14:31:53.069729+00:00,1904600010536,27.02,Aceptable,32.77,Bueno,interpolacion_delaunay,0,4997,504,603,104
2026-10-10T14:31:53.069729+00:00,1904600011708,29.01,Aceptable,34.97,Bueno,interpolacion_delaunay,0,1763,89,284,44
2026-10-10T14:31:53.069729+00:00,190460001070A,28.45,Aceptable,35.44,Bueno,interpolacion_delaunay,0,1273,69,137,48
2026-10-10T14:31:53.069729+00:00,1904600011375,28.63,Aceptable,34.67,Bueno,interpolacion_delaunay,0,5964,475,946,326
2026-10-10T14:31:53.069729+00:00,1904600011286,25.74,Aceptable,30.61,Bueno,interpolacion_delaunay,0,2603,117,839,196
2026-10-10T14:31:53.069729+00:00,1904600011623,28.15,Aceptable,34.15,Bueno,interpolacion_delaunay,0,4225,248,423,136
2026-10-10T14:31:53.069729+00:00,1904600010786,28.51,Aceptable,34.47,Bueno,interpolacion_delaunay,0,4690,309,1009,269
2026-10-10T14:31:53.069729+00:00,190460001024A,26.21,Aceptable,31.28,Bueno,interpolacion_delaunay,0,2748,75,850,176
2026-10-10T14:31:53.069729+00:00,1904600010875,25.02,Aceptable,30.54,Bueno,interpolacion_delaunay,0,3785,202,993,129
2026-10-10T14:31:53.069729+00:00,1904600010324,23.42,Aceptable,27.68,Bueno,interpolacion_delaunay,0,2214,97,651,92
2026-10-10T14:31:53.069729+00:00,1904600011233,24.93,Aceptable,29.97,Bueno,interpolacion_delaunay,0,3010,241,577,204
2026-10-10T14:31:53.069729+00:00,1904600010131,26.07,Aceptable,31.4,Bueno,interpolacion_delaunay,0,4113,160,1393,177
2026-10-10T14:31:53.069729+00:00,1904600010184,26.33,Aceptable,31.24,Bueno,interpolacion_delaunay,0,3438,93,1132,126
2026-10-10T14:31:53.069729+00:00,1904600010235,26.45,Aceptable,31.18,Bueno,interpolacion_delaunay,0,2765,104,711,111
2026-10-10T14:31:53.069729+00:00,1904600010466,26.4,Aceptable,31.67,Bueno,interpolacion_delaunay,0,2212,113,500,58
2026-10-10T14:31:53.069729+00:00,190460001049A,26.79,Aceptable,31.44,Bueno,interpolacion_delaunay,0,2827,123,674,44
2026-10-10T14:31:53.069729+00:00,1904600011407,26.5,Aceptable,32.03,Bueno,interpolacion_delaunay,0,3464,317,610,173
2026-10-10T14:31:53.069729+00:00,1904600011642,25.83,Aceptable,30.97,Bueno,interpolacion_delaunay,0,2601,116,623,113
2026-10-10T14:31:53.069729+00:00,1904600011731,24.81,Aceptable,30.24,Bueno,interpolacion_delaunay,0,3017,207,561,120
2026-10-10T14:31:53.069729+00:00,1904600010108,25.09,Aceptable,31.13,Bueno,interpolacion_delaunay,0,2483,125,582,112
2026-10-10T14:31:53.069729+00:00,1904600010127,25.39,Aceptable,31.04,Bueno,interpolacion_delaunay,0,4270,186,1281,297
2026-10-10T14:31:53.069729+00:00,1904600010292,26.93,Aceptable,31.58,Bueno,interpolacion_delaunay,0,0,0,0,0
2026-10-10T14:31:53.069729+00:00,1904600010714,26.39,Aceptable,31.97,Bueno,interpolacion_delaunay,0,3666,266,947,309
2026-10-10T14:31:53.069729+00:00,1904600010860,25.69,Aceptable,31.15,Bueno,interpolacion_delaunay,0,3290,227,721,158
2026-10-10T14:31:53.069729+00:00,1904600011002,27.04,Aceptable,32.73,Bueno,interpolacion_delaunay,0,3262,289,695,194
2026-10-10T14:31:53.069729+00:00,190460001120A,24.7,Aceptable,29.78,Bueno,interpolacion_delaunay,0,3141,265,631,179
2026-10-10T14:31:53.069729+00:00,1904600011341,27.93,Aceptable,33.69,Bueno,interpolacion_delaunay,0,3608,289,555,127
2026-10-10T14:31:53.069729+00:00,1904600011426,26.16,Aceptable,31.87,Bueno,interpolacion_delaunay,0,3335,302,691,164
2026-10-10T14:31:53.069729+00:00,190460001177A,26.39,Aceptable,31.63,Bueno,interpolacion_delaunay,0,2611,224,320,95
2026-10-10T14:31:53.069729+00:00,1904600010042,24.32,Aceptable,30.39,Bueno,interpolacion_delaunay,0,1646,90,422,69
2026-10-10T14:31:53.069729+00:00,1904600010057,24.38,Aceptable,30.38,Bueno,interpolacion_delaunay,0,1216,61,388,100
2026-10-10T14:31:53.069729+00:00,1904600010076,25.32,Aceptable,30.88,Bueno,interpolacion_delaunay,0,3762,199,1053,215
2026-10-10T14:31:53.069729+00:00,1904600010095,24.8,Aceptable,30.88,Bueno,interpolacion_delaunay,0,1199,53,337,85
2026-10-10T14:31:53.069729+00:00,1904600010146,25.4,Aceptable,31.09,Bueno,interpolacion_delaunay,0,2987,160,749,104
2026-10-10T14:31:53.069729+00:00,190460001017A,25.38,Aceptable,31.08,Bueno,interpolacion_delaunay,0,4101,180,1201,211
2026-10-10T14:31:53.069729+00:00,1904600010201,25.32,Aceptable,30.82,Bueno,interpolacion_delaunay,0,3988,173,1242,253
2026-10-10T14:31:53.069729+00:00,1904600010220,27.15,Aceptable,31.33,Bueno,interpolacion_delaunay,0,1869,61,495,59
2026-10-10T14:31:53.069729+00:00,190460001031A,23.86,Aceptable,28.33,Bueno,interpolacion_delaunay,0,2149,134,353,62
2026-10-10T14:31:53.069729+00:00,1904600010343,25.7,Aceptable,30.85,Bueno,interpolacion_delaunay,0,5532,394,1335,345
2026-10-10T14:31:53.069729+00:00,1904600010381,24.46,Aceptable,28.79,Bueno,interpolacion_delaunay,0,3251,164,847,172
2026-10-10T14:31:53.069729+00:00,1904600010413,25.97,Aceptable,31.93,Bueno,interpolacion_delaunay,0,4002,238,499,120
2026-10-10T14:31:53.069729+00:00,1904600010485,26.97,Aceptable,31.31,Bueno,interpolacion_delaunay,0,3150,144,1004,109
2026-10-10T14:31:53.069729+00:00,1904600010540,25.79,Aceptable,31.54,Bueno,interpolacion_delaunay,0,4952,283,1289,225
2026-10-10T14:31:53.069729+00:00,1904600010555,27.7,Aceptable,33.76,Bueno,interpolacion_delaunay,0,0,0,0,0
2026-10-10T14:31:53.069729+00:00,1904600010593,26.32,Aceptable,32.16,Bueno,interpolacion_delaunay,0,5785,417,488,81
2026-10-10T14:31:53.069729+00:00,1904600010610,28.42,Aceptable,35.97,Bueno,interpolacion_delaunay,0,4819,442,219,35
2026-10-10T14:31:53.069729+00:00,1904600010625,27.12,Aceptable,32.89,Bueno,interpolacion_delaunay,0,684,56,110,22
2026-10-10T14:31:53.069729+00:00,1904600010659,26.6,Aceptable,32.5,Bueno,interpolacion_delaunay,0,0,0,0,0
2026-10-10T14:31:53.069729+00:00,1904600010729,26.91,Aceptable,32.68,Bueno,interpolacion_delaunay,0,0,0,0,0
2026-10-10T14:31:53.069729+00:00,1904600010752,26.56,Aceptable,31.94,Bueno,interpolacion_delaunay,0,2043,121,429,51
2026-10-10T14:31:53.069729+00:00,1904600010790,28.78,Aceptable,34.68,Bueno,interpolacion_delaunay,0,0,0,0,0
2026-10-10T14:31:53.069729+00:00,1904600010822,25.95,Aceptable,31.39,Bueno,interpolacion_delaunay,0,1808,142,329,116
2026-10-10T14:31:53.069729+00:00,1904600010841,25.44,Aceptable,30.88,Bueno,interpolacion_delaunay,0,2675,196,623,119
2026-10-10T14:31:53.069729+00:00,1904600010856,25.3,Aceptable,30.78,Bueno,interpolacion_delaunay,0,5049,305,900,195
2026-10-10T14:31:53.069729+00:00,190460001088A,21.97,Aceptable,27.1,Bueno,interpolacion_delaunay,0,4232,220,1219,162
2026-10-10T14:31:53.069729+00:00,1904600010894,22.74,Aceptable,28.08,Bueno,interpolacion_delaunay,0,2806,182,550,130
2026-10-10T14:31:53.069729+00:00,1904600010907,25.7,Aceptable,31.24,Bueno,interpolacion_delaunay,0,3550,247,722,168
2026-10-10T14:31:53.069729+00:00,1904600010930,25.65,Aceptable,31.6,Bueno,interpolacion_delaunay,0,3021,143,721,82
2026-10-10T14:31:53.069729+00:00,1904600010945,25.63,Aceptable,31.41,Bueno,interpolacion_delaunay,0,3597,162,944,129
2026-10-10T14:31:53.069729+00:00,190460001095A,26.24,Aceptable,31.86,Bueno,interpolacion_delaunay,0,3265,234,654,254
2026-10-10T14:31:53.069729+00:00,1904600010979,25.23,Aceptable,31.01,Bueno,interpolacion_delaunay,0,2747,114,869,151
2026-10-10T14:31:53.069729+00:00,1904600011017,26.76,Aceptable,32.5,Bueno,interpolacion_delaunay,0,4599,402,752,199
2026-10-10T14:31:53.069729+00:00,1904600011021,25.5,Aceptable,31.33,Bueno,interpolacion_delaunay,0,4072,223,1090,178
2026-10-10T14:31:53.069729+00:00,1904600011040,25.33,Aceptable,30.98,Bueno,interpolacion_delaunay,0,3276,150,902,88
2026-10-10T14:31:53.069729+00:00,1904600011055,25.76,Aceptable,31.52,Bueno,interpolacion_delaunay,0,7096,477,1425,285
2026-10-10T14:31:53.069729+00:00,190460001106A,25.84,Aceptable,31.31,Bueno,interpolacion_delaunay,0,1152,61,261,64
2026-10-10T14:31:53.069729+00:00,1904600011074,24.58,Aceptable,29.81,Bueno,interpolacion_delaunay,0,4901,241,744,96
2026-10-10T14:31:53.069729+00:00,1904600011089,25.64,Aceptable,31.24,Bueno,interpolacion_delaunay,0,3306,318,659,199
2026-10-10T14:31:53.069729+00:00,1904600011093,27.68,Aceptable,33.53,Bueno,interpolacion_delaunay,0,3302,217,861,180
2026-10-10T14:31:53.069729+00:00,1904600011106,28.43,Aceptable,34.24,Bueno,interpolacion_delaunay,0,3881,243,712,89
2026-10-10T14:31:53.069729+00:00,1904600011110,28.89,Aceptable,36.18,Bueno,interpolacion_delaunay,0,3018,178,738,133
2026-10-10T14:31:53.069729+00:00,1904600011125,24.83,Aceptable,30.07,Bueno,interpolacion_delaunay,0,3318,323,549,240
2026-10-10T14:31:53.069729+00:00,190460001113A,25.22,Aceptable,30.54,Bueno,interpolacion_delaunay,0,3513,294,662,255
2026-10-10T14:31:53.069729+00:00,1904600011144,25.56,Aceptable,30.95,Bueno,interpolacion_delaunay,0,3223,294,460,148
2026-10-10T14:31:53.069729+00:00,1904600011159,27.34,Aceptable,33.3,Bueno,interpolacion_delaunay,0,4682,317,917,254
2026-10-10T14:31:53.069729+00:00,1904600011163,27.56,Aceptable,33.51,Bueno,interpolacion_delaunay,0,4463,291,849,173
2026-10-10T14:31:53.069729+00:00,1904600011178,27.98,Aceptable,33.88,Bueno,interpolacion_delaunay,0,2288,137,771,142
2026-10-10T14:31:53.069729+00:00,1904600011182,27.72,Aceptable,33.64,Bueno,interpolacion_delaunay,0,2567,158,877,192
2026-10-10T14:31:53.069729+00:00,1904600011197,27.89,Aceptable,33.85,Bueno,interpolacion_delaunay,0,2285,129,707,149
2026-10-10T14:31:53.069729+00:00,1904600011214,24.2,Aceptable,29.03,Bueno,interpolacion_delaunay,0,2395,153,608,159
2026-10-10T14:31:53.069729+00:00,1904600011229,24.4,Aceptable,29.19,Bueno,interpolacion_delaunay,0,3808,341,729,252
2026-10-10T14:31:53.069729+00:00,1904600011248,25.74,Aceptable,31.06,Bueno,interpolacion_delaunay,0,3448,233,731,165
2026-10-10T14:31:53.069729+00:00,1904600011252,24.94,Aceptable,29.72,Bueno,interpolacion_delaunay,0,3638,249,902,255
2026-10-10T14:31:53.069729+00:00,1904600011271,26.2,Aceptable,31.29,Bueno,interpolacion_delaunay,0,3393,200,1049,183
2026-10-10T14:31:53.069729+00:00,1904600011290,25.73,Aceptable,31.38,Bueno,interpolacion_delaunay,0,3613,204,959,164
2026-10-10T14:31:53.069729+00:00,1904600011303,26.01,Aceptable,31.63,Bueno,interpolacion_delaunay,0,4255,296,730,120
2026-10-10T14:31:53.069729+00:00,1904600011318,24.9,Aceptable,30.7,Bueno,promedio_sensores,1,2617,117,712,78
2026-10-10T14:31:53.069729+00:00,1904600011322,25.02,Aceptable,30.81,Bueno,interpolacion_delaunay,0,3209,131,1071,177
2026-10-10T14:31:53.069729+00:00,1904600011356,27.28,Aceptable,33.13,Bueno,interpolacion_delaunay,0,5344,302,754,186
2026-10-10T14:31:53.069729+00:00,190460001138A,24.57,Aceptable,30.11,Bueno,interpolacion_delaunay,0,2330,116,772,143
2026-10-10T14:31:53.069729+00:00,1904600011394,23.89,Aceptable,29.43,Bueno,interpolacion_delaunay,0,2495,152,536,127
2026-10-10T14:31:53.069729+00:00,1904600011430,26.06,Aceptable,31.84,Bueno,interpolacion_delaunay,0,4835,297,977,195
2026-10-10T14:31:53.069729+00:00,1904600011445,27.41,Aceptable,33.12,Bueno,interpolacion_delaunay,0,2396,140,277,35
2026-10-10T14:31:53.069729+00:00,190460001145A,26.9,Aceptable,32.35,Bueno,interpolacion_delaunay,0,4010,242,623,75
2026-10-10T14:31:53.069729+00:00,1904600011464,25.34,Aceptable,31.76,Bueno,interpolacion_delaunay,0,3269,192,527,50
2026-10-10T14:31:53.069729+00:00,1904600011479,24.09,Aceptable,30.2,Bueno,interpolacion_delaunay,0,2267,102,540,81
2026-10-10T14:31:53.069729+00:00,1904600011500,26.0,Aceptable,31.51,Bueno,interpolacion_delaunay,0,4575,375,784,254
2026-10-10T14:31:53.069729+00:00,1904600011515,26.07,Aceptable,31.63,Bueno,interpolacion_delaunay,0,1791,111,314,102
2026-10-10T14:31:53.069729+00:00,190460001152A,26.43,Aceptable,32.03,Bueno,interpolacion_delaunay,0,3396,254,719,167
2026-10-10T14:31:53.069729+00:00,1904600011534,26.7,Aceptable,32.32,Bueno,interpolacion_delaunay,0,5740,487,560,132
2026-10-10T14:31:53.069729+00:00,1904600011549,25.22,Aceptable,30.92,Bueno,interpolacion_delaunay,0,4515,263,831,205
2026-10-10T14:31:53.069729+00:00,1904600011568,27.44,Aceptable,33.2,Bueno,interpolacion_delaunay,0,4996,283,463,138
2026-10-10T14:31:53.069729+00:00,1904600011572,27.7,Aceptable,33.47,Bueno,interpolacion_delaunay,0,4541,345,482,121
2026-10-10T14:31:53.069729+00:00,1904600011587,27.77,Aceptable,34.96,Bueno,interpolacion_delaunay,0,2786,153,244,33
2026-10-10T14:31:53.069729+00:00,1904600011591,27.73,Aceptable,34.79,Bueno,interpolacion_delaunay,0,3387,245,335,48
2026-10-10T14:31:53.069729+00:00,1904600011604,26.24,Aceptable,31.62,Bueno,interpolacion_delaunay,0,3298,256,771,245
2026-10-10T14:31:53.069729+00:00,1904600011619,25.89,Aceptable,30.98,Bueno,interpolacion_delaunay,0,3765,260,958,269
2026-10-10T14:31:53.069729+00:00,1904600011657,25.81,Aceptable,30.99,Bueno,interpolacion_delaunay,0,3567,176,481,50
2026-10-10T14:31:53.069729+00:00,1904600011661,25.99,Aceptable,31.25,Bueno,interpolacion_delaunay,0,282,11,66,6
2026-10-10T14:31:53.069729+00:00,1904600011727,22.59,Aceptable,27.71,Bueno,interpolacion_delaunay,0,3412,179,655,144
2026-10-10T14:31:53.069729+00:00,1904600011746,24.98,Aceptable,30.58,Bueno,interpolacion_delaunay,0,3218,196,815,117
2026-10-10T14:31:53.069729+00:00,1904600011750,24.4,Aceptable,29.69,Bueno,interpolacion_delaunay,0,4162,197,210,54
2026-10-10T14:31:53.069729+00:00,1904600011765,26.21,Aceptable,31.61,Bueno,interpolacion_delaunay,0,3860,405,397,208
2026-10-10T14:31:53.069729+00:00,1904600010663,26.89,Aceptable,32.8,Bueno,interpolacion_delaunay,0,198,8,27,0
2026-10-10T14:31:53.069729+00:00,1904600010926,26.22,Aceptable,31.7,Bueno,interpolacion_delaunay,0,5007,437,867,291
2026-10-10T14:31:53.069729+00:00,1904600010339,23.7,Aceptable,27.99,Bueno,interpolacion_delaunay,0,1314,68,335,78
2026-10-10T14:31:53.069729+00:00,1904600011267,24.35,Aceptable,28.81,Bueno,interpolacion_delaunay,0,3908,248,1102,331
2026-10-10T14:31:53.069729+00:00,1904600011712,29.94,Aceptable,37.12,Bueno,interpolacion_delaunay,0,3272,182,300,58
2026-10-10T14:31:53.069729+00:00,1904600010447,24.34,Aceptable,29.62,Bueno,interpolacion_delaunay,0,4132,230,437,113
2026-10-10T14:31:53.069729+00:00,1904600011498,21.2,Aceptable,26.17,Bueno,interpolacion_delaunay,0,3212,141,667,65
2026-10-10T14:31:53.069729+00:00,1904600010682,28.16,Aceptable,34.01,Bueno,interpolacion_delaunay,0,6498,485,714,113
2026-10-10T14:31:53.069729+00:00,1903100450393,20.95,Aceptable,23.71,Bueno,interpolacion_delaunay,0,4470,331,183,115
2026-10-10T14:31:53.069729+00:00,1903100451090,23.88,Aceptable,26.99,Bueno,interpolacion_delaunay,0,3117,391,133,67
2026-10-10T14:31:53.069729+00:00,1903100010340,25.18,Aceptable,29.01,Bueno,interpolacion_delaunay,0,3444,349,252,192
2026-10-10T14:31:53.069729+00:00,1903100450641,24.51,Aceptable,27.27,Bueno,interpolacion_delaunay,0,1572,92,57,77
2026-10-10T14:31:53.069729+00:00,1903100451086,24.34,Aceptable,27.29,Bueno,interpolacion_delaunay,0,3582,470,173,24
2026-10-10T14:31:53.069729+00:00,190310311171A,22.87,Aceptable,26.27,Bueno,interpolacion_delaunay,0,1226,184,39,41
2026-10-10T14:31:53.069729+00:00,1903100450088,22.56,Aceptable,25.18,Bueno,interpolacion_delaunay,0,106,4,27,5
2026-10-10T14:31:53.069729+00:00,1903100450321,23.64,Aceptable,26.35,Bueno,interpolacion_delaunay,0,781,65,43,66
2026-10-10T14:31:53.069729+00:00,1903100450656,18.96,Aceptable,21.81,Bueno,interpolacion_delaunay,0,6656,512,216,203
2026-10-10T14:31:53.069729+00:00,1903100451461,16.98,Aceptable,19.61,Bueno,interpolacion_delaunay,0,215,36,0,4
2026-10-10T14:31:53.069729+00:00,1903100451391,16.9,Aceptable,19.68,Bueno,interpolacion_delaunay,0,400,41,11,20
2026-10-10T14:31:53.069729+00:00,190310001068A,24.1,Aceptable,27.5,Bueno,promedio_sensores,1,5585,402,158,107
2026-10-10T14:31:53.069729+00:00,1903100010872,24.16,Aceptable,27.43,Bueno,interpolacion_delaunay,0,2902,333,115,45
2026-10-10T14:31:53.069729+00:00,1903100450266,19.23,Aceptable,21.76,Bueno,interpolacion_delaunay,0,3518,300,297,140
2026-10-10T14:31:53.069729+00:00,1903100451211,23.4,Aceptable,26.28,Bueno,interpolacion_delaunay,0,318,31,15,12
2026-10-10T14:31:53.069729+00:00,1903100450105,20.1,Aceptable,22.43,Bueno,interpolacion_delaunay,0,617,53,101,42
2026-10-10T14:31:53.069729+00:00,1903100450533,17.54,Aceptable,20.05,Bueno,interpolacion_delaunay,0,112,19,4,0
2026-10-10T14:31:53.069729+00:00,1903100450834,18.06,Aceptable,20.72,Bueno,interpolacion_delaunay,0,5335,620,158,133
2026-10-10T14:31:53.069729+00:00,1903100451122,18.17,Aceptable,21.18,Bueno,interpolacion_delaunay,0,4196,367,129,124
2026-10-10T14:31:53.069729+00:00,1903100451118,17.02,Aceptable,19.72,Bueno,interpolacion_delaunay,0,1143,149,65,58
2026-10-10T14:31:53.069729+00:00,1903100450092,22.13,Aceptable,24.66,Bueno,interpolacion_delaunay,0,5801,601,614,240
2026-10-10T14:31:53.069729+00:00,190310001036A,25.4,Aceptable,29.16,Bueno,interpolacion_delaunay,0,2196,166,139,77
2026-10-10T14:31:53.069729+00:00,1903100011264,23.84,Aceptable,27.18,Bueno,interpolacion_delaunay,0,166,15,10,4
2026-10-10T14:31:53.069729+00:00,1903100011692,24.94,Aceptable,28.24,Bueno,interpolacion_delaunay,0,1994,254,42,57
2026-10-10T14:31:53.069729+00:00,1903100450675,19.93,Aceptable,22.75,Bueno,interpolacion_delaunay,0,2985,254,121,65
2026-10-10T14:31:53.069729+00:00,1903100450815,24.59,Aceptable,27.4,Bueno,interpolacion_delaunay,0,5183,452,347,124
2026-10-10T14:31:53.069729+00:00,1903100450887,22.28,Aceptable,25.11,Bueno,interpolacion_delaunay,0,626,73,50,23
2026-10-10T14:31:53.069729+00:00,1903100450891,22.27,Aceptable,25.31,Bueno,interpolacion_delaunay,0,3371,329,210,148
2026-10-10T14:31:53.069729+00:00,1903100450904,21.51,Aceptable,24.59,Bueno,interpolacion_delaunay,0,2284,216,156,77
2026-10-10T14:31:53.069729+00:00,1903100451438,24.8,Aceptable,27.5,Bueno,promedio_sensores,1,489,62,15,5
2026-10-10T14:31:53.069729+00:00,1903100451442,21.13,Aceptable,24.33,Bueno,interpolacion_delaunay,0,530,59,19,6
2026-10-10T14:31:53.069729+00:00,1903100451828,22.8,Aceptable,25.92,Bueno,interpolacion_delaunay,0,1268,201,24,22
2026-10-10T14:31:53.069729+00:00,1903103131616,18.78,Aceptable,22.24,Bueno,interpolacion_delaunay,0,3396,460,75,104
2026-10-10T14:31:53.069729+00:00,1903100451103,20.54,Aceptable,23.66,Bueno,interpolacion_delaunay,0,1939,184,111,81
2026-10-10T14:31:53.069729+00:00,1903103131601,19.45,Aceptable,22.88,Bueno,interpolacion_delaunay,0,3536,417,97,62
2026-10-10T14:31:53.069729+00:00,1903100451226,19.19,Aceptable,22.26,Bueno,interpolacion_delaunay,0,2587,267,90,42
2026-10-10T14:31:53.069729+00:00,1903103111512,22.01,Aceptable,25.32,Bueno,interpolacion_delaunay,0,2486,240,126,82
2026-10-10T14:31:53.069729+00:00,1903100451635,16.08,Aceptable,18.77,Bueno,interpolacion_delaunay,0,3621,518,70,103
2026-10-10T14:31:53.069729+00:00,1903103131300,19.7,Aceptable,23.4,Bueno,promedio_sensores,1,4074,495,120,80
2026-10-10T14:31:53.069729+00:00,1903103111508,22.2,Aceptable,25.7,Bueno,interpolacion_delaunay,0,3724,412,113,64
2026-10-10T14:31:53.069729+00:00,1903100451387,17.57,Aceptable,20.31,Bueno,interpolacion_delaunay,0,1540,218,34,55
2026-10-10T14:31:53.069729+00:00,1903100452101,15.22,Aceptable,17.79,Bueno,interpolacion_delaunay,0,1249,214,20,18
2026-10-10T14:31:53.069729+00:00,1903100451283,16.35,Aceptable,19.24,Bueno,interpolacion_delaunay,0,3230,373,88,78
2026-10-10T14:31:53.069729+00:00,1903103111527,22.09,Aceptable,25.48,Bueno,interpolacion_delaunay,0,1682,145,143,89
2026-10-10T14:31:53.069729+00:00,1903100452402,15.36,Aceptable,18.12,Bueno,interpolacion_delaunay,0,0,0,0,0
