timestamp,cvegeo,pm25_interpolado,calidad_pm25,pm10_interpolado,calidad_pm10,metodo,n_sensores,poblacion_total,ninos_0a5,adultos_mayores,personas_discapacidad
2026-10-07T00:31:34.033896+00:00,1900601740121,4.5,Bueno,6.2,Bueno,promedio_sensores,1,2694,310,73,36
2026-10-07T00:31:34.033896+00:00,1900601740155,12.21,Bueno,15.72,Bueno,interpolacion_delaunay,0,1820,285,54,16
2026-10-07T00:31:34.033896+00:00,1900600781948,7.81,Bueno,10.27,Bueno,interpolacion_delaunay,0,1170,93,69,32
2026-10-07T00:31:34.033896+00:00,1900600012236,22.88,Aceptable,28.86,Bueno,interpolacion_delaunay,0,264,28,6,0
2026-10-07T00:31:34.033896+00:00,1900600010225,7.47,Bueno,9.77,Bueno,interpolacion_delaunay,0,1,0,0,0
2026-10-07T00:31:34.033896+00:00,1900600010206,15.21,Aceptable,19.26,Bueno,interpolacion_delaunay,0,6646,747,526,177
2026-10-07T00:31:34.033896+00:00,1900600010210,7.93,Bueno,10.31,Bueno,interpolacion_delaunay,0,0,0,0,0
2026-10-07T00:31:34.033896+00:00,1900600010244,17.04,Aceptable,21.57,Bueno,interpolacion_delaunay,0,90,3,14,3
2026-10-07T00:31:34.033896+00:00,1900600010259,18.68,Aceptable,23.58,Bueno,interpolacion_delaunay,0,3329,268,159,53
2026-10-07T00:31:34.033896+00:00,1900600010278,17.03,Aceptable,21.56,Bueno,interpolacion_delaunay,0,486,52,18,8
2026-10-07T00:31:34.033896+00:00,1900600010297,10.26,Bueno,13.26,Bueno,interpolacion_delaunay,0,5850,524,288,225
2026-10-07T00:31:34.033896+00:00,1900600010475,15.35,Aceptable,19.51,Bueno,interpolacion_delaunay,0,4729,407,844,249
2026-10-07T00:31:34.033896+00:00,190060001030A,9.59,Bueno,12.44,Bueno,interpolacion_delaunay,0,4134,431,170,127
2026-10-07T00:31:34.033896+00:00,1900600010348,25.05,Aceptable,31.51,Bueno,interpolacion_delaunay,0,7877,871,609,196
2026-10-07T00:31:34.033896+00:00,1900600010460,17.63,Aceptable,22.32,Bueno,interpolacion_delaunay,0,4909,343,1088,217
2026-10-07T00:31:34.033896+00:00,1900600010352,24.55,Aceptable,30.92,Bueno,interpolacion_delaunay,0,1017,63,153,80
2026-10-07T00:31:34.033896+00:00,1900600010367,27.12,Aceptable,34.08,Bueno,interpolacion_delaunay,0,469,45,60,46
2026-10-07T00:31:34.033896+00:00,1900600010403,9.62,Bueno,12.3,Bueno,interpolacion_delaunay,0,4726,352,972,196
2026-10-07T00:31:34.033896+00:00,190060001055A,9.19,Bueno,11.79,Bueno,interpolacion_delaunay,0,4579,363,547,197
2026-10-07T00:31:34.033896+00:00,1900600010583,11.91,Bueno,15.24,Bueno,interpolacion_delaunay,0,4964,382,425,153
2026-10-07T00:31:34.033896+00:00,1900600010598,9.27,Bueno,12.0,Bueno,interpolacion_delaunay,0,5332,416,338,212
2026-10-07T00:31:34.033896+00:00,1900600010723,8.4,Bueno,9.42,Bueno,interpolacion_delaunay,0,5109,353,1039,281
2026-10-07T00:31:34.033896+00:00,1900600010780,15.75,Aceptable,20.03,Bueno,interpolacion_delaunay,0,3755,348,382,222
2026-10-07T00:31:34.033896+00:00,1900600010795,18.62,Aceptable,23.58,Bueno,interpolacion_delaunay,0,5270,506,424,204
2026-10-07T00:31:34.033896+00:00,1900600010808,21.66,Aceptable,27.33,Bueno,interpolacion_delaunay,0,3443,304,372,102
2026-10-07T00:31:34.033896+00:00,1900600010920,8.9,Bueno,11.4,Bueno,promedio_sensores,1,5729,316,496,128
2026-10-07T00:31:34.033896+00:00,1900600011011,14.83,Bueno,18.82,Bueno,interpolacion_delaunay,0,0,0,0,0
2026-10-07T00:31:34.033896+00:00,1900600011026,14.12,Bueno,17.96,Bueno,interpolacion_delaunay,0,0,0,0,0
2026-10-07T00:31:34.033896+00:00,1900600011064,11.16,Bueno,14.21,Bueno,interpolacion_delaunay,0,4513,371,370,162
2026-10-07T00:31:34.033896+00:00,1900600011098,6.4,Bueno,8.39,Bueno,interpolacion_delaunay,0,5772,542,419,165
2026-10-07T00:31:34.033896+00:00,1900600011149,25.7,Aceptable,32.35,Bueno,interpolacion_delaunay,0,1140,100,87,38
2026-10-07T00:31:34.033896+00:00,1900600011350,11.41,Bueno,14.53,Bueno,interpolacion_delaunay,0,3323,233,353,93
2026-10-07T00:31:34.033896+00:00,1900600011365,12.62,Bueno,16.03,Bueno,interpolacion_delaunay,0,3259,285,225,87
2026-10-07T00:31:34.033896+00:00,190060001137A,10.14,Bueno,11.95,Bueno,interpolacion_delaunay,0,2748,223,522,132
2026-10-07T00:31:34.033896+00:00,1900600011632,6.65,Bueno,8.82,Bueno,interpolacion_delaunay,0,5931,475,161,144
2026-10-07T00:31:34.033896+00:00,1900600011384,12.19,Bueno,14.79,Bueno,interpolacion_delaunay,0,3359,263,352,73
2026-10-07T00:31:34.033896+00:00,1900600011399,12.87,Bueno,16.35,Bueno,interpolacion_delaunay,0,2371,274,284,91
2026-10-07T00:31:34.033896+00:00,1900600011469,6.61,Bueno,8.76,Bueno,interpolacion_delaunay,0,1932,125,131,96
2026-10-07T00:31:34.033896+00:00,1900600011401,16.02,Aceptable,20.25,Bueno,interpolacion_delaunay,0,3593,269,468,144
2026-10-07T00:31:34.033896+00:00,190060001144A,6.77,Bueno,8.94,Bueno,interpolacion_delaunay,0,6239,575,321,95
2026-10-07T00:31:34.033896+00:00,1900600011473,11.12,Bueno,14.27,Bueno,interpolacion_delaunay,0,2826,209,259,107
2026-10-07T00:31:34.033896+00:00,1900600011488,12.98,Bueno,16.58,Bueno,interpolacion_delaunay,0,2922,234,293,96
2026-10-07T00:31:34.033896+00:00,1900600011492,15.71,Aceptable,19.97,Bueno,interpolacion_delaunay,0,1725,134,78,56
2026-10-07T00:31:34.033896+00:00,1900600011505,13.31,Bueno,17.01,Bueno,interpolacion_delaunay,0,2030,151,78,103
2026-10-07T00:31:34.033896+00:00,190060001151A,13.32,Bueno,17.03,Bueno,interpolacion_delaunay,0,4650,413,187,145
2026-10-07T00:31:34.033896+00:00,1900600011524,14.13,Bueno,18.04,Bueno,interpolacion_delaunay,0,3658,279,744,150
2026-10-07T00:31:34.033896+00:00,1900600011539,17.32,Aceptable,21.98,Bueno,interpolacion_delaunay,0,3879,269,179,190
2026-10-07T00:31:34.033896+00:00,1900600011543,21.43,Aceptable,27.06,Bueno,interpolacion_delaunay,0,3926,372,127,91
2026-10-07T00:31:34.033896+00:00,1900600011844,10.28,Bueno,13.31,Bueno,interpolacion_delaunay,0,1922,166,57,23
2026-10-07T00:31:34.033896+00:00,1900600011666,8.4,Bueno,10.98,Bueno,interpolacion_delaunay,0,2454,221,74,68
2026-10-07T00:31:34.033896+00:00,1900600011859,12.06,Bueno,15.5,Bueno,interpolacion_delaunay,0,1533,143,46,34
2026-10-07T00:31:34.033896+00:00,1900600011863,19.82,Aceptable,25.07,Bueno,interpolacion_delaunay,0,1050,130,36,5
2026-10-07T00:31:34.033896+00:00,1900600011878,21.01,Aceptable,26.56,Bueno,interpolacion_delaunay,0,5255,440,206,130
2026-10-07T00:31:34.033896+00:00,1900600011882,20.08,Aceptable,25.42,Bueno,interpolacion_delaunay,0,5356,444,208,243
2026-10-07T00:31:34.033896+00:00,190060001190A,24.44,Aceptable,30.8,Bueno,interpolacion_delaunay,0,3346,296,126,99
2026-10-07T00:31:34.033896+00:00,1900600011914,20.64,Aceptable,26.11,Bueno,interpolacion_delaunay,0,5844,518,215,189
2026-10-07T00:31:34.033896+00:00,1900600011929,12.54,Bueno,16.11,Bueno,interpolacion_delaunay,0,5690,426,232,211
2026-10-07T00:31:34.033896+00:00,1900600012043,16.02,Aceptable,20.4,Bueno,interpolacion_delaunay,0,3660,375,120,69
2026-10-07T00:31:34.033896+00:00,1900600012109,12.12,Bueno,15.57,Bueno,interpolacion_delaunay,0,1488,155,32,33
2026-10-07T00:31:34.033896+00:00,1900600012128,18.33,Aceptable,23.24,Bueno,interpolacion_delaunay,0,1714,168,66,31
2026-10-07T00:31:34.033896+00:00,190060001226A,14.5,Bueno,18.46,Bueno,interpolacion_delaunay,0,4528,324,328,117
2026-10-07T00:31:34.033896+00:00,1900600012274,10.58,Bueno,13.64,Bueno,interpolacion_delaunay,0,5782,615,191,106
2026-10-07T00:31:34.033896+00:00,190060001233A,12.66,Bueno,16.25,Bueno,interpolacion_delaunay,0,2449,267,53,48
2026-10-07T00:31:34.033896+00:00,1900600012414,14.77,Bueno,18.84,Bueno,interpolacion_delaunay,0,2297,332,39,45
2026-10-07T00:31:34.033896+00:00,1900600012429,16.59,Aceptable,21.1,Bueno,interpolacion_delaunay,0,3283,479,97,39
2026-10-07T00:31:34.033896+00:00,1900600012734,21.4,Aceptable,27.03,Bueno,interpolacion_delaunay,0,961,146,24,13
2026-10-07T00:31:34.033896+00:00,1900600010992,11.46,Bueno,14.65,Bueno,interpolacion_delaunay,0,0,0,0,0
2026-10-07T00:31:34.033896+00:00,1900600012804,10.67,Bueno,13.65,Bueno,interpolacion_delaunay,0,705,129,13,7
2026-10-07T00:31:34.033896+00:00,1900600011897,9.75,Bueno,12.67,Bueno,interpolacion_delaunay,0,3063,294,202,149
2026-10-07T00:31:34.033896+00:00,1900600012202,16.16,Aceptable,20.58,Bueno,interpolacion_delaunay,0,372,48,3,8
2026-10-07T00:31:34.033896+00:00,1900600012039,16.58,Aceptable,21.1,Bueno,interpolacion_delaunay,0,2684,242,90,67
2026-10-07T00:31:34.033896+00:00,1900601740047,6.04,Bueno,8.08,Bueno,interpolacion_delaunay,0,1719,266,38,40
2026-10-07T00:31:34.033896+00:00,190190001005A,8.01,Bueno,8.88,Bueno,interpolacion_delaunay,0,2404,108,693,69
2026-10-07T00:31:34.033896+00:00,1901900010064,7.27,Bueno,7.88,Bueno,promedio_sensores,4,2721,181,677,58
2026-10-07T00:31:34.033896+00:00,1901900010079,8.7,Bueno,9.7,Bueno,promedio_sensores,1,4464,212,1159,127
2026-10-07T00:31:34.033896+00:00,1901900010083,5.93,Bueno,6.37,Bueno,promedio_sensores,3,1374,63,441,45
2026-10-07T00:31:34.033896+00:00,1901900010098,6.0,Bueno,6.3,Bueno,promedio_sensores,1,1854,103,460,42
2026-10-07T00:31:34.033896+00:00,1901900010100,8.4,Bueno,8.8,Bueno,promedio_sensores,1,1944,129,547,21
2026-10-07T00:31:34.033896+00:00,1901900010149,10.3,Bueno,12.1,Bueno,promedio_sensores,1,1163,75,215,15
2026-10-07T00:31:34.033896+00:00,1901900010153,11.8,Bueno,12.3,Bueno,promedio_sensores,1,1800,134,430,81
2026-10-07T00:31:34.033896+00:00,1901900010168,9.0,Bueno,9.9,Bueno,promedio_sensores,1,1570,81,416,43
2026-10-07T00:31:34.033896+00:00,1901900010172,7.45,Bueno,7.75,Bueno,interpolacion_delaunay,0,1335,59,357,29
2026-10-07T00:31:34.033896+00:00,1901900010187,10.53,Bueno,11.17,Bueno,interpolacion_delaunay,0,4463,306,999,93
2026-10-07T00:31:34.033896+00:00,1901900010191,9.1,Bueno,9.9,Bueno,promedio_sensores,1,2824,172,637,108
2026-10-07T00:31:34.033896+00:00,1901900010204,9.13,Bueno,10.09,Bueno,interpolacion_delaunay,0,3926,317,736,119
2026-10-07T00:31:34.033896+00:00,1901900010223,8.59,Bueno,9.35,Bueno,interpolacion_delaunay,0,2979,89,503,54
2026-10-07T00:31:34.033896+00:00,1901900010238,9.2,Bueno,10.3,Bueno,promedio_sensores,1,1904,73,302,23
2026-10-07T00:31:34.033896+00:00,1901900010242,6.13,Bueno,6.47,Bueno,promedio_sensores,3,2717,143,729,92
2026-10-07T00:31:34.033896+00:00,1901900010257,7.2,Bueno,7.9,Bueno,promedio_sensores,1,1307,56,361,13
2026-10-07T00:31:34.033896+00:00,1901900010261,4.0,Bueno,4.3,Bueno,promedio_sensores,2,2240,113,567,42
2026-10-07T00:31:34.033896+00:00,1901900010280,10.57,Bueno,11.66,Bueno,interpolacion_delaunay,0,2690,79,360,43
2026-10-07T00:31:34.033896+00:00,1901900010350,7.58,Bueno,7.94,Bueno,interpolacion_delaunay,0,2768,148,592,68
2026-10-07T00:31:34.033896+00:00,1901900010365,16.4,Aceptable,17.0,Bueno,promedio_sensores,1,3419,327,293,61
2026-10-07T00:31:34.033896+00:00,1901900010399,9.15,Bueno,9.7,Bueno,promedio_sensores,2,1162,6,68,0
2026-10-07T00:31:34.033896+00:00,1901900010401,9.6,Bueno,10.4,Bueno,promedio_sensores,1,2375,247,392,86
2026-10-07T00:31:34.033896+00:00,1901900010416,8.29,Bueno,9.16,Bueno,interpolacion_delaunay,0,700,19,105,4
2026-10-07T00:31:34.033896+00:00,1901900010420,9.7,Bueno,10.7,Bueno,promedio_sensores,1,1696,93,408,47
2026-10-07T00:31:34.033896+00:00,1901900010435,9.0,Bueno,9.5,Bueno,promedio_sensores,1,4494,346,601,54
2026-10-07T00:31:34.033896+00:00,190190001044A,6.27,Bueno,7.1,Bueno,promedio_sensores,3,4383,354,439,56
2026-10-07T00:31:34.033896+00:00,1901900010454,9.5,Bueno,10.1,Bueno,promedio_sensores,2,557,26,114,11
2026-10-07T00:31:34.033896+00:00,1901900010469,7.6,Bueno,8.6,Bueno,promedio_sensores,1,3112,170,568,37
2026-10-07T00:31:34.033896+00:00,1901900010473,7.11,Bueno,7.94,Bueno,interpolacion_delaunay,0,983,46,182,19
2026-10-07T00:31:34.033896+00:00,1901900010488,6.5,Bueno,7.25,Bueno,promedio_sensores,2,2757,295,371,102
2026-10-07T00:31:34.033896+00:00,1901900010492,4.25,Bueno,4.85,Bueno,promedio_sensores,2,2848,173,697,71
2026-10-07T00:31:34.033896+00:00,1901900010505,10.05,Bueno,11.01,Bueno,interpolacion_delaunay,0,2494,111,512,19
2026-10-07T00:31:34.033896+00:00,190190001051A,9.1,Bueno,10.6,Bueno,promedio_sensores,1,1899,111,507,36
2026-10-07T00:31:34.033896+00:00,1901900010558,11.9,Bueno,12.43,Bueno,promedio_sensores,3,1349,87,230,21
2026-10-07T00:31:34.033896+00:00,1901900010613,10.28,Bueno,11.05,Bueno,interpolacion_delaunay,0,132,0,20,0
2026-10-07T00:31:34.033896+00:00,1901900010384,7.82,Bueno,8.33,Bueno,interpolacion_delaunay,0,1111,19,119,15
2026-10-07T00:31:34.033896+00:00,1901900010219,9.15,Bueno,10.19,Bueno,interpolacion_delaunay,0,1954,106,555,58
2026-10-07T00:31:34.033896+00:00,1902100011338,5.24,Bueno,6.59,Bueno,interpolacion_delaunay,0,2800,219,134,55
2026-10-07T00:31:34.033896+00:00,1902100011817,3.4,Bueno,4.7,Bueno,promedio_sensores,1,583,52,40,11
2026-10-07T00:31:34.033896+00:00,1902100010293,5.51,Bueno,7.43,Bueno,interpolacion_delaunay,0,2008,84,165,35
2026-10-07T00:31:34.033896+00:00,190210001033A,4.66,Bueno,6.24,Bueno,interpolacion_delaunay,0,4000,286,440,91
2026-10-07T00:31:34.033896+00:00,1902100011060,9.28,Bueno,11.85,Bueno,interpolacion_delaunay,0,3355,278,195,95
2026-10-07T00:31:34.033896+00:00,1902100010289,6.04,Bueno,8.1,Bueno,interpolacion_delaunay,0,1352,78,109,44
2026-10-07T00:31:34.033896+00:00,1902100010325,7.46,Bueno,9.91,Bueno,interpolacion_delaunay,0,1,0,0,0
2026-10-07T00:31:34.033896+00:00,1902100011412,7.0,Bueno,7.6,Bueno,promedio_sensores,1,3239,228,156,27
2026-10-07T00:31:34.033896+00:00,1902100011427,3.94,Bueno,5.07,Bueno,interpolacion_delaunay,0,4126,302,227,21
2026-10-07T00:31:34.033896+00:00,1902100011408,5.36,Bueno,7.1,Bueno,interpolacion_delaunay,0,6781,377,571,69
2026-10-07T00:31:34.033896+00:00,1902100011342,5.79,Bueno,7.22,Bueno,interpolacion_delaunay,0,4655,261,185,126
2026-10-07T00:31:34.033896+00:00,1902100010043,9.55,Bueno,12.47,Bueno,interpolacion_delaunay,0,4208,322,819,334
2026-10-07T00:31:34.033896+00:00,1902100010255,7.36,Bueno,9.22,Bueno,interpolacion_delaunay,0,6704,625,410,194
2026-10-07T00:31:34.033896+00:00,1902100010378,9.9,Bueno,13.2,Bueno,promedio_sensores,1,4134,262,294,72
2026-10-07T00:31:34.033896+00:00,1902100011075,9.03,Bueno,11.39,Bueno,interpolacion_delaunay,0,8122,855,320,248
2026-10-07T00:31:34.033896+00:00,1902600011832,23.61,Aceptable,29.71,Bueno,interpolacion_delaunay,0,3764,305,386,174
2026-10-07T00:31:34.033896+00:00,1902600010035,19.35,Aceptable,24.47,Bueno,interpolacion_delaunay,0,1597,156,285,106
2026-10-07T00:31:34.033896+00:00,1902600012332,5.84,Bueno,7.46,Bueno,interpolacion_delaunay,0,5634,507,898,399
2026-10-07T00:31:34.033896+00:00,1902600010020,20.42,Aceptable,25.77,Bueno,interpolacion_delaunay,0,1825,174,355,160
2026-10-07T00:31:34.033896+00:00,1902600011279,18.66,Aceptable,23.6,Bueno,interpolacion_delaunay,0,4324,384,731,269
2026-10-07T00:31:34.033896+00:00,1902600011283,17.95,Aceptable,22.73,Bueno,interpolacion_delaunay,0,3719,341,754,207
2026-10-07T00:31:34.033896+00:00,1902600012440,24.28,Aceptable,30.52,Bueno,interpolacion_delaunay,0,2604,133,153,35
2026-10-07T00:31:34.033896+00:00,1902600012667,40.63,Mala,50.77,Aceptable,interpolacion_delaunay,0,778,73,30,14
2026-10-07T00:31:34.033896+00:00,1902600012811,5.04,Bueno,6.2,Bueno,interpolacion_delaunay,0,26,4,0,0
2026-10-07T00:31:34.033896+00:00,1902600010459,8.71,Bueno,10.8,Bueno,interpolacion_delaunay,0,3039,123,850,229
2026-10-07T00:31:34.033896+00:00,1902600010317,13.84,Bueno,17.32,Bueno,interpolacion_delaunay,0,4084,275,902,321
2026-10-07T00:31:34.033896+00:00,1902600010957,21.07,Aceptable,26.59,Bueno,interpolacion_delaunay,0,5841,533,1121,336
2026-10-07T00:31:34.033896+00:00,1902600011103,20.88,Aceptable,26.39,Bueno,interpolacion_delaunay,0,950,69,80,47
2026-10-07T00:31:34.033896+00:00,1902600011457,22.98,Aceptable,28.52,Bueno,interpolacion_delaunay,0,2279,129,466,94
2026-10-07T00:31:34.033896+00:00,1902600011404,4.83,Bueno,6.58,Bueno,interpolacion_delaunay,0,3115,227,702,219
2026-10-07T00:31:34.033896+00:00,1902600011508,25.08,Aceptable,31.57,Bueno,interpolacion_delaunay,0,1978,175,250,90
2026-10-07T00:31:34.033896+00:00,1902600011828,21.16,Aceptable,26.68,Bueno,interpolacion_delaunay,0,2175,178,266,60
2026-10-07T00:31:34.033896+00:00,1902600011847,25.69,Aceptable,32.28,Bueno,interpolacion_delaunay,0,4488,374,407,157
2026-10-07T00:31:34.033896+00:00,1902600012402,32.86,Aceptable,41.11,Bueno,interpolacion_delaunay,0,2699,234,353,170
2026-10-07T00:31:34.033896+00:00,1902600012205,19.7,Aceptable,24.83,Bueno,interpolacion_delaunay,0,4435,432,502,204
2026-10-07T00:31:34.033896+00:00,1902600012258,29.12,Aceptable,36.56,Bueno,interpolacion_delaunay,0,1006,77,102,40
2026-10-07T00:31:34.033896+00:00,1902600012296,30.4,Aceptable,37.68,Bueno,interpolacion_delaunay,0,4398,237,919,190
2026-10-07T00:31:34.033896+00:00,1902600012455,25.03,Aceptable,31.46,Bueno,interpolacion_delaunay,0,4962,328,296,118
2026-10-07T00:31:34.033896+00:00,1902600010302,11.76,Bueno,14.72,Bueno,interpolacion_delaunay,0,2790,166,675,209
2026-10-07T00:31:34.033896+00:00,1902600010425,7.72,Bueno,9.85,Bueno,interpolacion_delaunay,0,3687,235,843,230
2026-10-07T00:31:34.033896+00:00,1902600010533,8.44,Bueno,10.84,Bueno,interpolacion_delaunay,0,1681,81,395,96
2026-10-07T00:31:34.033896+00:00,1902600011813,21.58,Aceptable,27.19,Bueno,interpolacion_delaunay,0,5250,447,545,129
2026-10-07T00:31:34.033896+00:00,1902600011851,27.75,Aceptable,34.83,Bueno,interpolacion_delaunay,0,4115,305,359,155
2026-10-07T00:31:34.033896+00:00,1902600012436,21.76,Aceptable,27.41,Bueno,interpolacion_delaunay,0,3242,185,145,20
2026-10-07T00:31:34.033896+00:00,1902600012686,30.3,Aceptable,38.03,Bueno,interpolacion_delaunay,0,40,3,7,5
2026-10-07T00:31:34.033896+00:00,1902600010124,28.41,Aceptable,35.33,Bueno,interpolacion_delaunay,0,2665,140,749,113
2026-10-07T00:31:34.033896+00:00,1902600012417,29.36,Aceptable,36.36,Bueno,interpolacion_delaunay,0,2073,147,228,128
2026-10-07T00:31:34.033896+00:00,1902600012347,8.05,Bueno,10.06,Bueno,interpolacion_delaunay,0,4440,433,247,105
2026-10-07T00:31:34.033896+00:00,190260001239A,32.19,Aceptable,39.92,Bueno,interpolacion_delaunay,0,2697,236,207,88
2026-10-07T00:31:34.033896+00:00,190260001260A,31.47,Aceptable,39.46,Bueno,interpolacion_delaunay,0,979,82,21,36
2026-10-07T00:31:34.033896+00:00,1902600011391,28.98,Aceptable,36.21,Bueno,interpolacion_delaunay,0,3747,280,1036,286
2026-10-07T00:31:34.033896+00:00,1902600010251,32.59,Aceptable,40.69,Bueno,interpolacion_delaunay,0,6072,581,994,581
2026-10-07T00:31:34.033896+00:00,1902600010707,14.19,Bueno,17.4,Bueno,interpolacion_delaunay,0,4261,296,986,365
2026-10-07T00:31:34.033896+00:00,190260001157A,14.09,Bueno,17.21,Bueno,interpolacion_delaunay,0,2161,148,444,126
2026-10-07T00:31:34.033896+00:00,1902600011654,24.48,Aceptable,30.75,Bueno,interpolacion_delaunay,0,3737,309,535,205
2026-10-07T00:31:34.033896+00:00,1902600012385,5.01,Bueno,6.18,Bueno,interpolacion_delaunay,0,108,11,8,5
2026-10-07T00:31:34.033896+00:00,1902600011495,29.48,Aceptable,37.0,Bueno,interpolacion_delaunay,0,2675,203,421,91
2026-10-07T00:31:34.033896+00:00,1902600012525,11.8,Bueno,14.71,Bueno,interpolacion_delaunay,0,6162,464,363,124
2026-10-07T00:31:34.033896+00:00,1902600010995,28.55,Aceptable,35.83,Bueno,interpolacion_delaunay,0,1016,61,224,56
2026-10-07T00:31:34.033896+00:00,1902600011866,24.8,Aceptable,30.86,Bueno,interpolacion_delaunay,0,3064,167,548,67
2026-10-07T00:31:34.033896+00:00,190260001207A,4.04,Bueno,4.91,Bueno,interpolacion_delaunay,0,2199,99,452,47
2026-10-07T00:31:34.033896+00:00,1902600012120,6.23,Bueno,6.54,Bueno,interpolacion_delaunay,0,1092,33,384,28
2026-10-07T00:31:34.033896+00:00,1902600012135,11.16,Bueno,11.41,Bueno,interpolacion_delaunay,0,1356,47,414,29
2026-10-07T00:31:34.033896+00:00,1902600012544,13.21,Bueno,16.75,Bueno,interpolacion_delaunay,0,2171,187,206,83
2026-10-07T00:31:34.033896+00:00,1902600010069,16.77,Aceptable,20.99,Bueno,interpolacion_delaunay,0,1920,94,579,107
2026-10-07T00:31:34.033896+00:00,1902600010073,18.25,Aceptable,22.82,Bueno,interpolacion_delaunay,0,3137,159,955,77
2026-10-07T00:31:34.033896+00:00,1902600010088,19.76,Aceptable,24.66,Bueno,interpolacion_delaunay,0,2870,157,722,160
2026-10-07T00:31:34.033896+00:00,1902600010158,15.23,Aceptable,19.2,Bueno,interpolacion_delaunay,0,1517,70,502,83
2026-10-07T00:31:34.033896+00:00,190260001029A,8.65,Bueno,10.83,Bueno,interpolacion_delaunay,0,1809,94,461,133
2026-10-07T00:31:34.033896+00:00,1902600011885,15.22,Aceptable,19.06,Bueno,interpolacion_delaunay,0,1944,100,497,103
2026-10-07T00:31:34.033896+00:00,1902600012192,27.51,Aceptable,34.57,Bueno,interpolacion_delaunay,0,2742,217,241,94
2026-10-07T00:31:34.033896+00:00,1902600012243,5.13,Bueno,6.61,Bueno,interpolacion_delaunay,0,316,37,21,22
2026-10-07T00:31:34.033896+00:00,1902600012421,30.4,Aceptable,37.59,Bueno,interpolacion_delaunay,0,2385,134,120,49
2026-10-07T00:31:34.033896+00:00,1902600012597,36.75,Mala,45.99,Aceptable,interpolacion_delaunay,0,3539,244,126,97
2026-10-07T00:31:34.033896+00:00,1902600011029,30.16,Aceptable,37.81,Bueno,interpolacion_delaunay,0,1109,94,97,45
2026-10-07T00:31:34.033896+00:00,190260001189A,15.16,Aceptable,19.03,Bueno,interpolacion_delaunay,0,2117,131,543,112
2026-10-07T00:31:34.033896+00:00,1902600012703,5.24,Bueno,6.44,Bueno,interpolacion_delaunay,0,632,49,33,14
2026-10-07T00:31:34.033896+00:00,1902600011372,28.51,Aceptable,35.7,Bueno,interpolacion_delaunay,0,2451,168,520,192
2026-10-07T00:31:34.033896+00:00,1902600012366,29.11,Aceptable,36.56,Bueno,interpolacion_delaunay,0,350,28,12,6
2026-10-07T00:31:34.033896+00:00,1902600010321,18.61,Aceptable,23.34,Bueno,interpolacion_delaunay,0,5159,259,1483,335
2026-10-07T00:31:34.033896+00:00,1902600010336,20.57,Aceptable,25.78,Bueno,interpolacion_delaunay,0,3112,150,945,118
2026-10-07T00:31:34.033896+00:00,1902600010340,23.59,Aceptable,29.59,Bueno,interpolacion_delaunay,0,5009,289,1452,316
2026-10-07T00:31:34.033896+00:00,1902600010355,25.1,Aceptable,31.45,Bueno,interpolacion_delaunay,0,2172,143,527,123
2026-10-07T00:31:34.033896+00:00,1902600010389,30.25,Aceptable,37.86,Bueno,interpolacion_delaunay,0,3485,223,809,188
2026-10-07T00:31:34.033896+00:00,1902600010393,31.05,Aceptable,38.83,Bueno,interpolacion_delaunay,0,4293,274,932,186
2026-10-07T00:31:34.033896+00:00,1902600010618,19.48,Aceptable,24.14,Bueno,interpolacion_delaunay,0,3420,248,733,217
2026-10-07T00:31:34.033896+00:00,1902600010730,11.47,Bueno,13.44,Bueno,interpolacion_delaunay,0,4610,359,992,364
2026-10-07T00:31:34.033896+00:00,1902600011033,36.79,Mala,46.0,Aceptable,interpolacion_delaunay,0,5199,444,572,162
2026-10-07T00:31:34.033896+00:00,1902600011122,22.86,Aceptable,28.69,Bueno,interpolacion_delaunay,0,6940,637,766,300
2026-10-07T00:31:34.033896+00:00,1902600011546,10.08,Bueno,12.32,Bueno,interpolacion_delaunay,0,3715,209,870,202
2026-10-07T00:31:34.033896+00:00,1902600011461,24.82,Aceptable,30.8,Bueno,interpolacion_delaunay,0,3227,233,684,198
2026-10-07T00:31:34.033896+00:00,190260001132A,21.44,Aceptable,26.89,Bueno,interpolacion_delaunay,0,2713,152,488,78
2026-10-07T00:31:34.033896+00:00,1902600011334,36.6,Mala,45.66,Aceptable,interpolacion_delaunay,0,3525,289,683,240
2026-10-07T00:31:34.033896+00:00,1902600011349,38.03,Mala,47.41,Aceptable,interpolacion_delaunay,0,2716,239,484,222
2026-10-07T00:31:34.033896+00:00,1902600011368,27.1,Aceptable,33.94,Bueno,interpolacion_delaunay,0,3348,226,652,119
2026-10-07T00:31:34.033896+00:00,1902600011419,13.73,Bueno,17.12,Bueno,interpolacion_delaunay,0,2833,144,728,158
2026-10-07T00:31:34.033896+00:00,1902600011442,20.3,Aceptable,25.13,Bueno,interpolacion_delaunay,0,3169,182,598,174
2026-10-07T00:31:34.033896+00:00,1902600011565,12.59,Bueno,15.41,Bueno,interpolacion_delaunay,0,4076,290,816,263
2026-10-07T00:31:34.033896+00:00,1902600011584,13.28,Bueno,16.01,Bueno,interpolacion_delaunay,0,4255,317,895,221
2026-10-07T00:31:34.033896+00:00,1902600011599,15.91,Aceptable,19.29,Bueno,interpolacion_delaunay,0,2923,228,572,152
2026-10-07T00:31:34.033896+00:00,1902600011601,8.6,Bueno,9.7,Bueno,promedio_sensores,1,3474,261,775,299
2026-10-07T00:31:34.033896+00:00,1902600011688,12.34,Bueno,14.76,Bueno,interpolacion_delaunay,0,3727,240,688,249
2026-10-07T00:31:34.033896+00:00,190260001171A,7.16,Bueno,8.57,Bueno,interpolacion_delaunay,0,4383,321,770,213
2026-10-07T00:31:34.033896+00:00,1902600012008,3.99,Bueno,5.48,Bueno,interpolacion_delaunay,0,1064,52,278,35
2026-10-07T00:31:34.033896+00:00,1902600011781,5.33,Bueno,6.33,Bueno,interpolacion_delaunay,0,260,22,25,0
2026-10-07T00:31:34.033896+00:00,1902600011989,12.91,Bueno,15.87,Bueno,interpolacion_delaunay,0,3336,217,653,151
2026-10-07T00:31:34.033896+00:00,1902600012027,12.05,Bueno,14.55,Bueno,interpolacion_delaunay,0,5601,339,676,195
2026-10-07T00:31:34.033896+00:00,1902600012116,5.69,Bueno,7.11,Bueno,interpolacion_delaunay,0,2265,174,319,64
2026-10-07T00:31:34.033896+00:00,1902600012328,31.29,Aceptable,39.25,Bueno,interpolacion_delaunay,0,2737,200,173,54
2026-10-07T00:31:34.033896+00:00,1902600012510,16.79,Aceptable,20.98,Bueno,interpolacion_delaunay,0,3466,257,269,90
2026-10-07T00:31:34.033896+00:00,1902600012578,6.23,Bueno,7.8,Bueno,interpolacion_delaunay,0,2465,185,298,196
2026-10-07T00:31:34.033896+00:00,1902600012582,6.15,Bueno,7.69,Bueno,interpolacion_delaunay,0,2739,201,423,283
2026-10-07T00:31:34.033896+00:00,1902600012614,32.64,Aceptable,40.9,Bueno,interpolacion_delaunay,0,3024,272,68,36
2026-10-07T00:31:34.033896+00:00,1902600010177,17.47,Aceptable,21.93,Bueno,interpolacion_delaunay,0,1769,60,559,90
2026-10-07T00:31:34.033896+00:00,1902600010444,5.93,Bueno,7.68,Bueno,interpolacion_delaunay,0,2474,121,665,111
2026-10-07T00:31:34.033896+00:00,1902600011531,9.86,Bueno,12.07,Bueno,interpolacion_delaunay,0,3594,235,816,160
2026-10-07T00:31:34.033896+00:00,1902600010232,29.41,Aceptable,36.72,Bueno,interpolacion_delaunay,0,2521,162,744,110
2026-10-07T00:31:34.033896+00:00,1902600010196,18.97,Aceptable,23.78,Bueno,interpolacion_delaunay,0,1557,66,485,73
2026-10-07T00:31:34.033896+00:00,1902600010213,26.47,Aceptable,33.05,Bueno,interpolacion_delaunay,0,2063,114,530,142
2026-10-07T00:31:34.033896+00:00,190260001011A,26.83,Aceptable,33.42,Bueno,interpolacion_delaunay,0,3115,155,816,154
2026-10-07T00:31:34.033896+00:00,1902600010162,16.22,Aceptable,20.4,Bueno,interpolacion_delaunay,0,1624,64,473,65
2026-10-07T00:31:34.033896+00:00,1902600010181,16.6,Aceptable,20.9,Bueno,interpolacion_delaunay,0,1561,63,499,94
2026-10-07T00:31:34.033896+00:00,1902600010228,26.94,Aceptable,33.69,Bueno,interpolacion_delaunay,0,1619,140,316,120
2026-10-07T00:31:34.033896+00:00,1902600010603,18.67,Aceptable,23.13,Bueno,interpolacion_delaunay,0,1632,93,346,132
2026-10-07T00:31:34.033896+00:00,1902600010745,11.8,Bueno,13.96,Bueno,interpolacion_delaunay,0,1565,113,330,126
2026-10-07T00:31:34.033896+00:00,1902600010798,10.0,Bueno,12.04,Bueno,interpolacion_delaunay,0,3364,210,732,231
2026-10-07T00:31:34.033896+00:00,1902600010815,5.98,Bueno,7.27,Bueno,interpolacion_delaunay,0,4739,363,1000,268
2026-10-07T00:31:34.033896+00:00,1902600011438,5.56,Bueno,7.35,Bueno,interpolacion_delaunay,0,1771,89,459,85
2026-10-07T00:31:34.033896+00:00,1902600011476,20.96,Aceptable,25.82,Bueno,interpolacion_delaunay,0,3270,215,839,209
2026-10-07T00:31:34.033896+00:00,1902600011777,5.87,Bueno,6.92,Bueno,interpolacion_delaunay,0,3599,312,366,80
2026-10-07T00:31:34.033896+00:00,1902600012031,12.69,Bueno,15.54,Bueno,interpolacion_delaunay,0,4385,273,421,152
2026-10-07T00:31:34.033896+00:00,1902600012173,3.74,Bueno,4.72,Bueno,interpolacion_delaunay,0,108,5,10,3
2026-10-07T00:31:34.033896+00:00,1902600012474,30.86,Aceptable,38.65,Bueno,interpolacion_delaunay,0,3828,248,138,120
2026-10-07T00:31:34.033896+00:00,190260001253A,18.95,Aceptable,23.88,Bueno,interpolacion_delaunay,0,1418,134,74,37
2026-10-07T00:31:34.033896+00:00,1902600012648,19.55,Aceptable,23.86,Bueno,interpolacion_delaunay,0,1998,125,415,138
2026-10-07T00:31:34.033896+00:00,1902600012794,39.97,Mala,49.91,Aceptable,interpolacion_delaunay,0,776,83,32,8
2026-10-07T00:31:34.033896+00:00,1902600012775,38.31,Mala,47.9,Aceptable,interpolacion_delaunay,0,1381,194,42,36
2026-10-07T00:31:34.033896+00:00,1902600012898,2.53,Bueno,3.17,Bueno,interpolacion_delaunay,0,21,3,0,0
2026-10-07T00:31:34.033896+00:00,1902600010849,5.16,Bueno,6.52,Bueno,interpolacion_delaunay,0,1926,132,278,87
2026-10-07T00:31:34.033896+00:00,1902600012262,32.17,Aceptable,40.1,Bueno,interpolacion_delaunay,0,2668,227,217,83
2026-10-07T00:31:34.033896+00:00,1902600010266,34.85,Mala,43.42,Bueno,interpolacion_delaunay,0,427,58,19,0
2026-10-07T00:31:34.033896+00:00,1902600010779,4.41,Bueno,5.55,Bueno,interpolacion_delaunay,0,677,45,131,66
2026-10-07T00:31:34.033896+00:00,1902600010872,5.23,Bueno,5.73,Bueno,interpolacion_delaunay,0,3088,114,989,72
2026-10-07T00:31:34.033896+00:00,1902600011902,30.03,Aceptable,37.45,Bueno,interpolacion_delaunay,0,2434,191,435,71
2026-10-07T00:31:34.033896+00:00,1902600011993,10.09,Bueno,12.27,Bueno,interpolacion_delaunay,0,3528,203,521,147
2026-10-07T00:31:34.033896+00:00,1902600012012,3.86,Bueno,5.13,Bueno,interpolacion_delaunay,0,2227,119,600,34
2026-10-07T00:31:34.033896+00:00,1902600012084,2.19,Bueno,2.86,Bueno,interpolacion_delaunay,0,1461,49,516,49
2026-10-07T00:31:34.033896+00:00,1902600012188,1.28,Bueno,2.14,Bueno,interpolacion_delaunay,0,460,18,82,4
2026-10-07T00:31:34.033896+00:00,1902600012277,31.76,Aceptable,39.62,Bueno,interpolacion_delaunay,0,3597,281,616,228
2026-10-07T00:31:34.033896+00:00,190260001246A,27.77,Aceptable,34.84,Bueno,interpolacion_delaunay,0,4546,358,308,145
2026-10-07T00:31:34.033896+00:00,1902600012559,6.24,Bueno,7.63,Bueno,interpolacion_delaunay,0,4248,285,324,114
2026-10-07T00:31:34.033896+00:00,1902600012652,41.77,Mala,52.15,Aceptable,interpolacion_delaunay,0,3158,323,113,122
2026-10-07T00:31:34.033896+00:00,1902600012671,39.35,Mala,49.05,Aceptable,interpolacion_delaunay,0,1647,122,65,34
2026-10-07T00:31:34.033896+00:00,1902600012718,4.9,Bueno,6.31,Bueno,interpolacion_delaunay,0,2829,290,123,131
2026-10-07T00:31:34.033896+00:00,1902600012741,7.69,Bueno,9.21,Bueno,interpolacion_delaunay,0,1897,119,345,52
2026-10-07T00:31:34.033896+00:00,1902600012879,43.0,Mala,53.7,Aceptable,promedio_sensores,1,2144,300,65,16
2026-10-07T00:31:34.033896+00:00,1902600010285,6.54,Bueno,8.56,Bueno,interpolacion_delaunay,0,2844,174,613,185
2026-10-07T00:31:34.033896+00:00,1902600012690,4.93,Bueno,6.08,Bueno,interpolacion_delaunay,0,79,0,3,0
2026-10-07T00:31:34.033896+00:00,1902600012099,5.3,Bueno,6.44,Bueno,interpolacion_delaunay,0,5241,599,554,189
2026-10-07T00:31:34.033896+00:00,1902600011936,38.02,Mala,47.53,Aceptable,interpolacion_delaunay,0,2951,267,407,119
2026-10-07T00:31:34.033896+00:00,1902600012169,1.65,Bueno,2.72,Bueno,interpolacion_delaunay,0,1023,50,158,14
2026-10-07T00:31:34.033896+00:00,190260001118A,3.83,Bueno,5.01,Bueno,interpolacion_delaunay,0,3453,227,320,71
2026-10-07T00:31:34.033896+00:00,1902600012050,6.41,Bueno,7.73,Bueno,interpolacion_delaunay,0,4134,320,745,263
2026-10-07T00:31:34.033896+00:00,1902600012101,5.31,Bueno,6.55,Bueno,interpolacion_delaunay,0,3626,381,484,119
2026-10-07T00:31:34.033896+00:00,1902600012563,5.27,Bueno,6.56,Bueno,interpolacion_delaunay,0,2676,291,133,25
2026-10-07T00:31:34.033896+00:00,190260001278A,28.68,Aceptable,36.03,Bueno,interpolacion_delaunay,0,3558,402,98,36
2026-10-07T00:31:34.033896+00:00,1902600011921,35.55,Mala,44.48,Bueno,interpolacion_delaunay,0,2594,223,377,76
2026-10-07T00:31:34.033896+00:00,1902600010092,22.19,Aceptable,27.65,Bueno,interpolacion_delaunay,0,4183,262,1039,106
2026-10-07T00:31:34.033896+00:00,1902600011300,30.56,Aceptable,37.99,Bueno,interpolacion_delaunay,0,2915,163,792,188
2026-10-07T00:31:34.033896+00:00,1902600010143,33.82,Mala,42.33,Bueno,interpolacion_delaunay,0,2245,273,113,55
2026-10-07T00:31:34.033896+00:00,1902600011870,24.53,Aceptable,30.57,Bueno,interpolacion_delaunay,0,3271,173,768,82
2026-10-07T00:31:34.033896+00:00,1902600011315,21.92,Aceptable,27.4,Bueno,interpolacion_delaunay,0,3497,230,464,42
2026-10-07T00:31:34.033896+00:00,1902600011014,31.21,Aceptable,39.1,Bueno,interpolacion_delaunay,0,2155,150,459,98
2026-10-07T00:31:34.033896+00:00,1902600011616,19.55,Aceptable,23.96,Bueno,interpolacion_delaunay,0,3883,311,769,201
2026-10-07T00:31:34.033896+00:00,1902600011620,20.89,Aceptable,25.76,Bueno,interpolacion_delaunay,0,4814,356,1024,301
2026-10-07T00:31:34.033896+00:00,1902600011480,26.36,Aceptable,32.63,Bueno,interpolacion_delaunay,0,4784,390,737,223
2026-10-07T00:31:34.033896+00:00,1902600010641,25.11,Aceptable,31.0,Bueno,interpolacion_delaunay,0,2917,240,627,202
2026-10-07T00:31:34.033896+00:00,1902600012633,19.22,Aceptable,23.3,Bueno,interpolacion_delaunay,0,2429,188,313,91
2026-10-07T00:31:34.033896+00:00,190260001164A,23.09,Aceptable,28.76,Bueno,interpolacion_delaunay,0,2101,168,367,57
2026-10-07T00:31:34.033896+00:00,1902600011635,20.14,Aceptable,24.95,Bueno,interpolacion_delaunay,0,4695,347,639,204
2026-10-07T00:31:34.033896+00:00,1902600010961,27.5,Aceptable,34.49,Bueno,interpolacion_delaunay,0,1353,81,150,34
2026-10-07T00:31:34.033896+00:00,1902600011226,5.74,Bueno,6.86,Bueno,interpolacion_delaunay,0,4831,444,615,226
2026-10-07T00:31:34.033896+00:00,1902600012807,5.73,Bueno,6.7,Bueno,interpolacion_delaunay,0,51,0,0,0
2026-10-07T00:31:34.033896+00:00,1902600012737,5.76,Bueno,6.75,Bueno,interpolacion_delaunay,0,153,17,4,4
2026-10-07T00:31:34.033896+00:00,1902600012046,6.21,Bueno,7.41,Bueno,interpolacion_delaunay,0,5116,376,649,199
2026-10-07T00:31:34.033896+00:00,1902600012756,5.9,Bueno,6.9,Bueno,promedio_sensores,1,2572,282,124,24
2026-10-07T00:31:34.033896+00:00,1902600010783,5.38,Bueno,6.45,Bueno,interpolacion_delaunay,0,1477,145,264,42
2026-10-07T00:31:34.033896+00:00,1902600011230,5.78,Bueno,6.94,Bueno,interpolacion_delaunay,0,3324,362,242,132
2026-10-07T00:31:34.033896+00:00,1902600011758,0.4,Bueno,1.4,Bueno,promedio_sensores,1,2105,92,408,43
2026-10-07T00:31:34.033896+00:00,1902600011141,18.81,Aceptable,23.75,Bueno,interpolacion_delaunay,0,9036,1161,432,363
2026-10-07T00:31:34.033896+00:00,1902600011743,5.56,Bueno,7.08,Bueno,interpolacion_delaunay,0,7461,709,958,323
2026-10-07T00:31:34.033896+00:00,1902600012629,4.94,Bueno,6.32,Bueno,interpolacion_delaunay,0,1943,149,74,66
2026-10-07T00:31:34.033896+00:00,1902600011762,7.76,Bueno,9.25,Bueno,interpolacion_delaunay,0,2427,183,512,77
2026-10-07T00:31:34.033896+00:00,1902600011194,5.1,Bueno,6.23,Bueno,interpolacion_delaunay,0,4669,300,960,201
2026-10-07T00:31:34.033896+00:00,1902600011052,30.46,Aceptable,38.22,Bueno,interpolacion_delaunay,0,7318,799,917,451
2026-10-07T00:31:34.033896+00:00,1902600012722,28.23,Aceptable,35.48,Bueno,interpolacion_delaunay,0,1673,182,35,23
2026-10-07T00:31:34.033896+00:00,1902600010209,22.58,Aceptable,28.51,Bueno,interpolacion_delaunay,0,0,0,0,0
2026-10-07T00:31:34.033896+00:00,1902600012883,21.19,Aceptable,26.79,Bueno,interpolacion_delaunay,0,2693,391,65,39
2026-10-07T00:31:34.033896+00:00,1902600011512,10.03,Bueno,13.34,Bueno,interpolacion_delaunay,0,1411,83,448,118
2026-10-07T00:31:34.033896+00:00,1902600011527,7.62,Bueno,9.64,Bueno,interpolacion_delaunay,0,2114,99,718,127
2026-10-07T00:31:34.033896+00:00,1902600010853,7.06,Bueno,8.72,Bueno,interpolacion_delaunay,0,4562,382,755,151
2026-10-07T00:31:34.033896+00:00,1902600011160,7.3,Bueno,9.2,Bueno,promedio_sensores,1,3568,186,796,79
2026-10-07T00:31:34.033896+00:00,1902600011423,15.23,Aceptable,18.98,Bueno,interpolacion_delaunay,0,2358,121,643,149
2026-10-07T00:31:34.033896+00:00,1902600011118,6.6,Bueno,8.14,Bueno,interpolacion_delaunay,0,0,0,0,0
2026-10-07T00:31:34.033896+00:00,1902600010552,7.59,Bueno,9.35,Bueno,interpolacion_delaunay,0,1358,197,299,91
2026-10-07T00:31:34.033896+00:00,1902600010567,10.59,Bueno,13.03,Bueno,interpolacion_delaunay,0,3469,239,807,212
2026-10-07T00:31:34.033896+00:00,1902600010478,19.21,Aceptable,24.0,Bueno,interpolacion_delaunay,0,3451,258,686,179
2026-10-07T00:31:34.033896+00:00,1902600012493,15.66,Aceptable,19.43,Bueno,interpolacion_delaunay,0,3047,231,451,139
2026-10-07T00:31:34.033896+00:00,1902600012506,14.12,Bueno,17.5,Bueno,interpolacion_delaunay,0,1875,122,448,96
2026-10-07T00:31:34.033896+00:00,1902600011387,26.12,Aceptable,32.6,Bueno,interpolacion_delaunay,0,4018,279,697,181
2026-10-07T00:31:34.033896+00:00,1902600010482,22.35,Aceptable,27.91,Bueno,interpolacion_delaunay,0,4004,197,1191,226
2026-10-07T00:31:34.033896+00:00,1902600010586,17.46,Aceptable,21.66,Bueno,interpolacion_delaunay,0,4983,369,1196,317
2026-10-07T00:31:34.033896+00:00,1902600010590,18.67,Aceptable,23.17,Bueno,interpolacion_delaunay,0,3794,290,817,254
2026-10-07T00:31:34.033896+00:00,1902600011940,32.46,Aceptable,40.55,Bueno,interpolacion_delaunay,0,3450,256,773,184
2026-10-07T00:31:34.033896+00:00,1902600012224,24.29,Aceptable,30.26,Bueno,interpolacion_delaunay,0,1986,122,533,118
2026-10-07T00:31:34.033896+00:00,1902600012239,26.6,Aceptable,33.14,Bueno,interpolacion_delaunay,0,2664,206,487,219
2026-10-07T00:31:34.033896+00:00,1902600010548,3.28,Bueno,4.72,Bueno,interpolacion_delaunay,0,4149,203,1177,258
2026-10-07T00:31:34.033896+00:00,1902600012489,32.71,Aceptable,40.53,Bueno,interpolacion_delaunay,0,2798,203,290,77
2026-10-07T00:31:34.033896+00:00,1902600011353,26.03,Aceptable,32.62,Bueno,interpolacion_delaunay,0,1952,125,417,157
2026-10-07T00:31:34.033896+00:00,1902600012760,40.19,Mala,50.21,Aceptable,interpolacion_delaunay,0,3619,397,120,87
2026-10-07T00:31:34.033896+00:00,1902600011264,32.97,Aceptable,41.31,Bueno,interpolacion_delaunay,0,1708,151,158,100
2026-10-07T00:31:34.033896+00:00,190260001285A,39.27,Mala,49.09,Aceptable,interpolacion_delaunay,0,1850,298,50,26
2026-10-07T00:31:34.033896+00:00,1902600010270,23.67,Aceptable,29.84,Bueno,interpolacion_delaunay,0,0,0,0,0
2026-10-07T00:31:34.033896+00:00,1902600010406,33.85,Mala,42.32,Bueno,interpolacion_delaunay,0,2889,225,550,115
2026-10-07T00:31:34.033896+00:00,1902600011067,36.85,Mala,46.02,Aceptable,interpolacion_delaunay,0,4252,360,451,270
2026-10-07T00:31:34.033896+00:00,1902600011086,32.08,Aceptable,40.2,Bueno,interpolacion_delaunay,0,3224,245,126,84
2026-10-07T00:31:34.033896+00:00,1902600012313,18.96,Aceptable,24.01,Bueno,interpolacion_delaunay,0,2567,202,407,174
2026-10-07T00:31:34.033896+00:00,1902600012309,24.3,Aceptable,30.59,Bueno,interpolacion_delaunay,0,2125,241,150,88
2026-10-07T00:31:34.033896+00:00,1902600011809,38.97,Mala,48.66,Aceptable,interpolacion_delaunay,0,2127,251,117,120
2026-10-07T00:31:34.033896+00:00,1902600012864,38.12,Mala,47.55,Aceptable,interpolacion_delaunay,0,1168,168,40,16
2026-10-07T00:31:34.033896+00:00,190260001125A,10.17,Bueno,10.5,Bueno,interpolacion_delaunay,0,541,13,170,22
2026-10-07T00:31:34.033896+00:00,1902600011071,22.23,Aceptable,28.06,Bueno,interpolacion_delaunay,0,3143,264,264,89
2026-10-07T00:31:34.033896+00:00,190260001196A,16.83,Aceptable,21.4,Bueno,interpolacion_delaunay,0,3349,324,262,100
2026-10-07T00:31:34.033896+00:00,1902600011955,36.28,Mala,45.32,Aceptable,interpolacion_delaunay,0,3582,349,216,97
2026-10-07T00:31:34.033896+00:00,190260001050A,30.44,Aceptable,37.92,Bueno,interpolacion_delaunay,0,2022,217,309,73
2026-10-07T00:31:34.033896+00:00,1903900012400,8.1,Bueno,9.1,Bueno,promedio_sensores,1,4517,429,723,304
2026-10-07T00:31:34.033896+00:00,1903900014657,12.66,Bueno,15.07,Bueno,interpolacion_delaunay,0,2491,234,438,138
2026-10-07T00:31:34.033896+00:00,1903900013682,8.06,Bueno,8.87,Bueno,interpolacion_delaunay,0,4499,398,653,181
2026-10-07T00:31:34.033896+00:00,1903900010832,7.72,Bueno,9.5,Bueno,interpolacion_delaunay,0,543,31,158,26
2026-10-07T00:31:34.033896+00:00,1903900011120,12.87,Bueno,16.17,Bueno,interpolacion_delaunay,0,2607,94,831,149
2026-10-07T00:31:34.033896+00:00,1903900012129,9.65,Bueno,11.11,Bueno,interpolacion_delaunay,0,4074,318,790,255
2026-10-07T00:31:34.033896+00:00,190390001363A,13.39,Bueno,16.53,Bueno,interpolacion_delaunay,0,3850,324,618,201
2026-10-07T00:31:34.033896+00:00,1903900014163,10.69,Bueno,13.27,Bueno,interpolacion_delaunay,0,3563,376,476,178
2026-10-07T00:31:34.033896+00:00,1903900014642,12.07,Bueno,13.77,Bueno,interpolacion_delaunay,0,2137,227,313,125
2026-10-07T00:31:34.033896+00:00,1903900013589,9.88,Bueno,11.68,Bueno,interpolacion_delaunay,0,1971,102,595,95
2026-10-07T00:31:34.033896+00:00,1903900011370,13.46,Bueno,16.98,Bueno,interpolacion_delaunay,0,1287,71,218,39
2026-10-07T00:31:34.033896+00:00,1903900012114,4.91,Bueno,5.74,Bueno,interpolacion_delaunay,0,2387,84,816,136
2026-10-07T00:31:34.033896+00:00,1903900012203,1.4,Bueno,1.6,Bueno,promedio_sensores,1,2974,126,1034,191
2026-10-07T00:31:34.033896+00:00,1903900013574,9.93,Bueno,11.84,Bueno,interpolacion_delaunay,0,832,37,276,93
2026-10-07T00:31:34.033896+00:00,1903900012792,4.8,Bueno,5.8,Bueno,interpolacion_delaunay,0,1,0,0,0
2026-10-07T00:31:34.033896+00:00,190390001445A,7.24,Bueno,8.74,Bueno,interpolacion_delaunay,0,5563,304,1118,197
2026-10-07T00:31:34.033896+00:00,1903900014638,10.83,Bueno,11.88,Bueno,interpolacion_delaunay,0,3811,381,571,142
2026-10-07T00:31:34.033896+00:00,1903900012063,10.17,Bueno,13.41,Bueno,interpolacion_delaunay,0,2407,98,743,119
2026-10-07T00:31:34.033896+00:00,1903900011690,4.03,Bueno,4.85,Bueno,interpolacion_delaunay,0,228,12,56,11
2026-10-07T00:31:34.033896+00:00,1903900011760,4.69,Bueno,5.57,Bueno,interpolacion_delaunay,0,1986,129,443,117
2026-10-07T00:31:34.033896+00:00,1903900011934,5.53,Bueno,6.43,Bueno,promedio_sensores,3,2171,83,550,105
2026-10-07T00:31:34.033896+00:00,190390001192A,8.12,Bueno,8.85,Bueno,interpolacion_delaunay,0,2553,117,796,121
2026-10-07T00:31:34.033896+00:00,1903900012044,11.74,Bueno,15.94,Bueno,interpolacion_delaunay,0,1920,122,427,109
2026-10-07T00:31:34.033896+00:00,1903900012078,11.22,Bueno,14.99,Bueno,interpolacion_delaunay,0,2179,136,538,60
2026-10-07T00:31:34.033896+00:00,1903900011525,6.38,Bueno,7.74,Bueno,interpolacion_delaunay,0,590,39,143,33
2026-10-07T00:31:34.033896+00:00,1903900011991,12.0,Bueno,16.5,Bueno,promedio_sensores,1,3236,192,703,201
2026-10-07T00:31:34.033896+00:00,1903900012006,7.0,Bueno,8.74,Bueno,interpolacion_delaunay,0,1972,70,504,136
2026-10-07T00:31:34.033896+00:00,1903900010673,7.44,Bueno,8.53,Bueno,interpolacion_delaunay,0,2155,174,396,142
2026-10-07T00:31:34.033896+00:00,1903900010298,7.78,Bueno,9.14,Bueno,interpolacion_delaunay,0,3499,233,739,152
2026-10-07T00:31:34.033896+00:00,1903900010404,7.82,Bueno,9.2,Bueno,interpolacion_delaunay,0,2835,189,560,150
2026-10-07T00:31:34.033896+00:00,1903900011012,7.84,Bueno,9.76,Bueno,interpolacion_delaunay,0,1216,101,235,35
2026-10-07T00:31:34.033896+00:00,1903900011065,8.02,Bueno,10.08,Bueno,interpolacion_delaunay,0,1981,192,428,144
2026-10-07T00:31:34.033896+00:00,1903900010175,7.94,Bueno,9.22,Bueno,interpolacion_delaunay,0,1294,70,318,45
2026-10-07T00:31:34.033896+00:00,190390001018A,7.9,Bueno,9.15,Bueno,interpolacion_delaunay,0,3618,299,750,219
2026-10-07T00:31:34.033896+00:00,1903900010194,7.88,Bueno,9.16,Bueno,interpolacion_delaunay,0,2850,223,604,173
2026-10-07T00:31:34.033896+00:00,1903900010226,7.72,Bueno,9.06,Bueno,interpolacion_delaunay,0,4934,461,799,274
2026-10-07T00:31:34.033896+00:00,1903900014229,3.86,Bueno,4.19,Bueno,interpolacion_delaunay,0,2852,249,505,184
2026-10-07T00:31:34.033896+00:00,1903900010353,3.03,Bueno,3.38,Bueno,interpolacion_delaunay,0,3313,167,981,325
2026-10-07T00:31:34.033896+00:00,1903900010936,7.6,Bueno,8.49,Bueno,interpolacion_delaunay,0,2121,128,459,101
2026-10-07T00:31:34.033896+00:00,1903900011173,6.9,Bueno,7.4,Bueno,promedio_sensores,1,2108,71,659,126
2026-10-07T00:31:34.033896+00:00,1903900011188,7.68,Bueno,8.6,Bueno,interpolacion_delaunay,0,3322,231,794,185
2026-10-07T00:31:34.033896+00:00,1903900011224,7.62,Bueno,8.88,Bueno,interpolacion_delaunay,0,3487,327,636,198
2026-10-07T00:31:34.033896+00:00,1903900011328,13.21,Bueno,17.9,Bueno,interpolacion_delaunay,0,1300,73,364,78
2026-10-07T00:31:34.033896+00:00,1903900011332,8.87,Bueno,11.23,Bueno,interpolacion_delaunay,0,2976,208,686,165
2026-10-07T00:31:34.033896+00:00,1903900011493,5.4,Bueno,6.2,Bueno,promedio_sensores,1,498,32,117,21
2026-10-07T00:31:34.033896+00:00,1903900011506,6.24,Bueno,7.33,Bueno,interpolacion_delaunay,0,218,10,60,5
2026-10-07T00:31:34.033896+00:00,1903900011510,6.6,Bueno,7.9,Bueno,interpolacion_delaunay,0,370,18,99,43
2026-10-07T00:31:34.033896+00:00,1903900011563,6.49,Bueno,8.01,Bueno,interpolacion_delaunay,0,1016,57,324,41
2026-10-07T00:31:34.033896+00:00,1903900011652,3.92,Bueno,4.83,Bueno,interpolacion_delaunay,0,1408,46,412,99
2026-10-07T00:31:34.033896+00:00,1903900011667,9.16,Bueno,10.97,Bueno,interpolacion_delaunay,0,811,38,222,38
2026-10-07T00:31:34.033896+00:00,1903900011671,8.93,Bueno,10.64,Bueno,interpolacion_delaunay,0,2135,120,546,122
2026-10-07T00:31:34.033896+00:00,1903900011775,12.92,Bueno,16.21,Bueno,interpolacion_delaunay,0,3247,195,753,173
2026-10-07T00:31:34.033896+00:00,190390001178A,12.52,Bueno,17.1,Bueno,interpolacion_delaunay,0,2085,91,638,124
2026-10-07T00:31:34.033896+00:00,1903900011811,12.65,Bueno,17.38,Bueno,interpolacion_delaunay,0,3726,195,960,140
2026-10-07T00:31:34.033896+00:00,190390001210A,7.7,Bueno,8.8,Bueno,promedio_sensores,1,2790,113,700,150
2026-10-07T00:31:34.033896+00:00,1903900012186,5.04,Bueno,5.56,Bueno,interpolacion_delaunay,0,4169,44,257,49
2026-10-07T00:31:34.033896+00:00,1903900011559,3.0,Bueno,3.5,Bueno,promedio_sensores,1,854,32,232,42
2026-10-07T00:31:34.033896+00:00,1903900013428,7.83,Bueno,9.14,Bueno,interpolacion_delaunay,0,3351,320,515,172
2026-10-07T00:31:34.033896+00:00,1903900014214,4.43,Bueno,4.82,Bueno,interpolacion_delaunay,0,4120,374,689,171
2026-10-07T00:31:34.033896+00:00,1903900014712,6.32,Bueno,6.93,Bueno,interpolacion_delaunay,0,3085,299,499,125
2026-10-07T00:31:34.033896+00:00,1903900014727,5.31,Bueno,5.82,Bueno,interpolacion_delaunay,0,2574,237,418,75
2026-10-07T00:31:34.033896+00:00,1903900011544,4.33,Bueno,5.07,Bueno,interpolacion_delaunay,0,484,17,104,17
2026-10-07T00:31:34.033896+00:00,1903900011347,9.1,Bueno,11.6,Bueno,promedio_sensores,1,3767,228,949,230
2026-10-07T00:31:34.033896+00:00,1903900011101,8.44,Bueno,10.71,Bueno,interpolacion_delaunay,0,2340,171,499,101
2026-10-07T00:31:34.033896+00:00,1903900010692,9.61,Bueno,11.44,Bueno,interpolacion_delaunay,0,1264,56,294,43
2026-10-07T00:31:34.033896+00:00,190390001071A,1.0,Bueno,1.1,Bueno,promedio_sensores,1,2092,89,717,121
2026-10-07T00:31:34.033896+00:00,190390001153A,4.77,Bueno,5.49,Bueno,interpolacion_delaunay,0,283,20,33,8
2026-10-07T00:31:34.033896+00:00,1903900012222,6.23,Bueno,6.78,Bueno,interpolacion_delaunay,0,2481,214,440,130
2026-10-07T00:31:34.033896+00:00,1903900010048,7.99,Bueno,9.13,Bueno,interpolacion_delaunay,0,2757,231,541,184
2026-10-07T00:31:34.033896+00:00,1903900010160,7.97,Bueno,9.26,Bueno,interpolacion_delaunay,0,1233,55,334,97
2026-10-07T00:31:34.033896+00:00,1903900011915,6.77,Bueno,8.65,Bueno,interpolacion_delaunay,0,1171,52,296,69
2026-10-07T00:31:34.033896+00:00,1903900012824,3.4,Bueno,4.21,Bueno,interpolacion_delaunay,0,0,0,0,0
2026-10-07T00:31:34.033896+00:00,1903900010103,8.02,Bueno,9.27,Bueno,interpolacion_delaunay,0,2537,115,733,107
2026-10-07T00:31:34.033896+00:00,1903900010122,7.9,Bueno,9.13,Bueno,interpolacion_delaunay,0,3875,316,762,228
2026-10-07T00:31:34.033896+00:00,1903900010207,7.83,Bueno,9.09,Bueno,interpolacion_delaunay,0,2935,264,476,100
2026-10-07T00:31:34.033896+00:00,190390001089A,8.97,Bueno,10.32,Bueno,interpolacion_delaunay,0,2450,84,735,103
2026-10-07T00:31:34.033896+00:00,1903900010813,8.24,Bueno,10.1,Bueno,interpolacion_delaunay,0,1266,76,281,65
2026-10-07T00:31:34.033896+00:00,190390001096A,7.92,Bueno,9.25,Bueno,interpolacion_delaunay,0,735,52,175,36
2026-10-07T00:31:34.033896+00:00,190390001107A,8.36,Bueno,10.54,Bueno,interpolacion_delaunay,0,2056,191,358,98
2026-10-07T00:31:34.033896+00:00,1903900011099,8.14,Bueno,10.3,Bueno,interpolacion_delaunay,0,1728,108,401,82
2026-10-07T00:31:34.033896+00:00,1903900011281,7.15,Bueno,8.59,Bueno,interpolacion_delaunay,0,162,9,42,10
2026-10-07T00:31:34.033896+00:00,190390001146A,8.03,Bueno,9.21,Bueno,interpolacion_delaunay,0,1878,94,425,114
2026-10-07T00:31:34.033896+00:00,1903900011474,8.94,Bueno,10.61,Bueno,interpolacion_delaunay,0,1482,65,348,91
2026-10-07T00:31:34.033896+00:00,1903900011648,5.1,Bueno,5.93,Bueno,interpolacion_delaunay,0,1275,46,383,92
2026-10-07T00:31:34.033896+00:00,1903900011953,9.52,Bueno,11.57,Bueno,interpolacion_delaunay,0,4331,383,782,275
2026-10-07T00:31:34.033896+00:00,1903900011968,9.93,Bueno,12.72,Bueno,interpolacion_delaunay,0,2452,198,521,139
2026-10-07T00:31:34.033896+00:00,1903900011972,9.92,Bueno,13.17,Bueno,interpolacion_delaunay,0,2152,173,501,93
2026-10-07T00:31:34.033896+00:00,1903900011987,10.21,Bueno,13.84,Bueno,interpolacion_delaunay,0,2330,153,564,186
2026-10-07T00:31:34.033896+00:00,1903900012010,5.8,Bueno,6.83,Bueno,promedio_sensores,3,377,6,32,6
2026-10-07T00:31:34.033896+00:00,1903900012025,6.87,Bueno,8.0,Bueno,interpolacion_delaunay,0,4868,169,1336,220
2026-10-07T00:31:34.033896+00:00,1903900012608,6.84,Bueno,7.74,Bueno,interpolacion_delaunay,0,3563,325,452,140
2026-10-07T00:31:34.033896+00:00,1903900012260,5.64,Bueno,6.09,Bueno,interpolacion_delaunay,0,2549,128,738,140
2026-10-07T00:31:34.033896+00:00,1903900012523,8.05,Bueno,9.14,Bueno,interpolacion_delaunay,0,5883,502,863,210
2026-10-07T00:31:34.033896+00:00,1903900012576,7.44,Bueno,8.33,Bueno,interpolacion_delaunay,0,3643,363,363,152
2026-10-07T00:31:34.033896+00:00,1903900012612,8.06,Bueno,9.21,Bueno,interpolacion_delaunay,0,3707,369,423,217
2026-10-07T00:31:34.033896+00:00,1903900013339,7.99,Bueno,9.09,Bueno,interpolacion_delaunay,0,3291,330,562,149
2026-10-07T00:31:34.033896+00:00,1903900013432,7.78,Bueno,9.08,Bueno,interpolacion_delaunay,0,3283,331,497,186
2026-10-07T00:31:34.033896+00:00,1903900013381,7.97,Bueno,9.17,Bueno,interpolacion_delaunay,0,3469,305,681,259
2026-10-07T00:31:34.033896+00:00,1903900013324,8.04,Bueno,9.11,Bueno,interpolacion_delaunay,0,2714,268,458,83
2026-10-07T00:31:34.033896+00:00,1903900014587,8.5,Bueno,10.52,Bueno,interpolacion_delaunay,0,1315,68,368,60
2026-10-07T00:31:34.033896+00:00,1903900014604,3.04,Bueno,3.26,Bueno,interpolacion_delaunay,0,2075,111,610,109
2026-10-07T00:31:34.033896+00:00,1903900014661,6.54,Bueno,8.03,Bueno,interpolacion_delaunay,0,2902,69,608,127
2026-10-07T00:31:34.033896+00:00,1903900014680,7.92,Bueno,9.19,Bueno,interpolacion_delaunay,0,2293,96,745,94
2026-10-07T00:31:34.033896+00:00,1903900011239,8.18,Bueno,9.74,Bueno,interpolacion_delaunay,0,3332,293,662,233
2026-10-07T00:31:34.033896+00:00,1903900011489,10.1,Bueno,12.2,Bueno,promedio_sensores,1,1608,86,419,74
2026-10-07T00:31:34.033896+00:00,1903900010279,7.93,Bueno,9.25,Bueno,interpolacion_delaunay,0,2220,107,580,282
2026-10-07T00:31:34.033896+00:00,1903900010531,7.64,Bueno,9.04,Bueno,interpolacion_delaunay,0,5417,419,1156,491
2026-10-07T00:31:34.033896+00:00,1903900010635,7.69,Bueno,8.87,Bueno,interpolacion_delaunay,0,2264,78,723,158
2026-10-07T00:31:34.033896+00:00,1903900011686,5.04,Bueno,5.86,Bueno,interpolacion_delaunay,0,153,7,36,5
2026-10-07T00:31:34.033896+00:00,1903900011807,13.45,Bueno,18.59,Bueno,interpolacion_delaunay,0,2430,99,765,107
2026-10-07T00:31:34.033896+00:00,1903900011830,7.1,Bueno,8.0,Bueno,promedio_sensores,1,898,35,265,16
2026-10-07T00:31:34.033896+00:00,1903900012097,8.2,Bueno,9.1,Bueno,promedio_sensores,1,4087,88,440,163
2026-10-07T00:31:34.033896+00:00,1903900012256,7.77,Bueno,8.43,Bueno,interpolacion_delaunay,0,4590,303,1006,320
2026-10-07T00:31:34.033896+00:00,1903900012307,7.87,Bueno,8.27,Bueno,promedio_sensores,3,2986,141,683,94
2026-10-07T00:31:34.033896+00:00,1903900012453,6.61,Bueno,7.2,Bueno,interpolacion_delaunay,0,2219,109,403,76
2026-10-07T00:31:34.033896+00:00,1903900012716,16.49,Aceptable,23.11,Bueno,interpolacion_delaunay,0,78,3,14,8
2026-10-07T00:31:34.033896+00:00,1903900012735,15.03,Aceptable,20.9,Bueno,interpolacion_delaunay,0,0,0,0,0
2026-10-07T00:31:34.033896+00:00,1903900012769,16.68,Aceptable,20.14,Bueno,interpolacion_delaunay,0,279,15,54,0
2026-10-07T00:31:34.033896+00:00,1903900012773,7.21,Bueno,8.37,Bueno,interpolacion_delaunay,0,0,0,0,0
2026-10-07T00:31:34.033896+00:00,1903900014040,7.82,Bueno,9.02,Bueno,interpolacion_delaunay,0,3042,337,450,116
2026-10-07T00:31:34.033896+00:00,1903900014178,10.82,Bueno,14.03,Bueno,interpolacion_delaunay,0,4610,493,538,196
2026-10-07T00:31:34.033896+00:00,1903900010156,8.01,Bueno,9.29,Bueno,interpolacion_delaunay,0,2930,146,830,151
2026-10-07T00:31:34.033896+00:00,1903900010264,8.04,Bueno,9.4,Bueno,interpolacion_delaunay,0,4282,326,814,272
2026-10-07T00:31:34.033896+00:00,1903900010283,7.9,Bueno,9.24,Bueno,interpolacion_delaunay,0,2911,218,619,83
2026-10-07T00:31:34.033896+00:00,1903900010315,7.62,Bueno,8.98,Bueno,interpolacion_delaunay,0,3515,316,654,216
2026-10-07T00:31:34.033896+00:00,190390001032A,7.58,Bueno,8.91,Bueno,interpolacion_delaunay,0,4173,426,573,279
2026-10-07T00:31:34.033896+00:00,1903900010349,7.45,Bueno,8.84,Bueno,interpolacion_delaunay,0,2637,166,677,132
2026-10-07T00:31:34.033896+00:00,1903900010391,7.86,Bueno,9.26,Bueno,interpolacion_delaunay,0,3850,295,727,205
2026-10-07T00:31:34.033896+00:00,1903900010438,7.56,Bueno,8.97,Bueno,interpolacion_delaunay,0,3338,313,521,73
2026-10-07T00:31:34.033896+00:00,1903900010442,7.45,Bueno,8.8,Bueno,interpolacion_delaunay,0,2676,239,533,136
2026-10-07T00:31:34.033896+00:00,1903900010457,7.29,Bueno,8.58,Bueno,interpolacion_delaunay,0,3408,175,1149,225
2026-10-07T00:31:34.033896+00:00,1903900010480,7.93,Bueno,9.39,Bueno,interpolacion_delaunay,0,1388,64,440,114
2026-10-07T00:31:34.033896+00:00,1903900010512,7.75,Bueno,9.1,Bueno,interpolacion_delaunay,0,2980,202,741,168
2026-10-07T00:31:34.033896+00:00,1903900010546,7.64,Bueno,8.94,Bueno,interpolacion_delaunay,0,2660,141,683,117
2026-10-07T00:31:34.033896+00:00,1903900010550,7.57,Bueno,8.87,Bueno,interpolacion_delaunay,0,2279,182,478,160
2026-10-07T00:31:34.033896+00:00,1903900010565,7.5,Bueno,8.82,Bueno,interpolacion_delaunay,0,2608,254,432,94
2026-10-07T00:31:34.033896+00:00,190390001057A,7.45,Bueno,8.64,Bueno,interpolacion_delaunay,0,1514,131,335,33
2026-10-07T00:31:34.033896+00:00,1903900010599,2.63,Bueno,2.86,Bueno,interpolacion_delaunay,0,2808,125,1047,137
2026-10-07T00:31:34.033896+00:00,1903900010601,8.83,Bueno,10.49,Bueno,interpolacion_delaunay,0,5314,412,1126,426
2026-10-07T00:31:34.033896+00:00,1903900010620,7.75,Bueno,8.9,Bueno,interpolacion_delaunay,0,2515,85,744,131
2026-10-07T00:31:34.033896+00:00,190390001064A,7.63,Bueno,8.8,Bueno,interpolacion_delaunay,0,2719,125,702,154
2026-10-07T00:31:34.033896+00:00,1903900010654,7.55,Bueno,8.75,Bueno,interpolacion_delaunay,0,2609,119,783,144
2026-10-07T00:31:34.033896+00:00,1903900010705,2.69,Bueno,2.89,Bueno,interpolacion_delaunay,0,1996,93,661,76
2026-10-07T00:31:34.033896+00:00,1903900010739,7.67,Bueno,8.72,Bueno,interpolacion_delaunay,0,1701,60,561,127
2026-10-07T00:31:34.033896+00:00,1903900010743,7.58,Bueno,8.6,Bueno,interpolacion_delaunay,0,1991,112,552,108
2026-10-07T00:31:34.033896+00:00,1903900010758,7.53,Bueno,8.55,Bueno,interpolacion_delaunay,0,1207,67,324,54
2026-10-07T00:31:34.033896+00:00,1903900010796,8.01,Bueno,9.64,Bueno,interpolacion_delaunay,0,0,0,0,0
2026-10-07T00:31:34.033896+00:00,1903900010828,7.9,Bueno,9.7,Bueno,interpolacion_delaunay,0,1085,46,363,57
2026-10-07T00:31:34.033896+00:00,1903900010866,8.08,Bueno,9.34,Bueno,interpolacion_delaunay,0,1678,49,570,85
2026-10-07T00:31:34.033896+00:00,1903900010870,10.79,Bueno,12.78,Bueno,interpolacion_delaunay,0,3879,268,842,254
2026-10-07T00:31:34.033896+00:00,1903900010885,10.22,Bueno,11.94,Bueno,interpolacion_delaunay,0,1668,63,493,70
2026-10-07T00:31:34.033896+00:00,1903900010940,7.66,Bueno,8.73,Bueno,interpolacion_delaunay,0,3419,259,605,213
2026-10-07T00:31:34.033896+00:00,1903900011046,8.28,Bueno,10.37,Bueno,interpolacion_delaunay,0,1800,151,355,99
2026-10-07T00:31:34.033896+00:00,1903900011135,10.4,Bueno,11.98,Bueno,interpolacion_delaunay,0,1752,62,519,67
2026-10-07T00:31:34.033896+00:00,190390001114A,12.3,Bueno,14.7,Bueno,promedio_sensores,1,1380,53,428,34
2026-10-07T00:31:34.033896+00:00,1903900011154,9.22,Bueno,10.79,Bueno,interpolacion_delaunay,0,1623,62,444,64
2026-10-07T00:31:34.033896+00:00,1903900011169,7.45,Bueno,8.5,Bueno,promedio_sensores,2,2880,73,732,160
2026-10-07T00:31:34.033896+00:00,1903900011192,7.86,Bueno,8.86,Bueno,interpolacion_delaunay,0,2657,175,674,141
2026-10-07T00:31:34.033896+00:00,1903900011205,8.8,Bueno,10.26,Bueno,interpolacion_delaunay,0,122,13,22,0
2026-10-07T00:31:34.033896+00:00,1903900011243,6.71,Bueno,7.79,Bueno,interpolacion_delaunay,0,475,45,76,44
2026-10-07T00:31:34.033896+00:00,1903900011258,7.27,Bueno,8.62,Bueno,interpolacion_delaunay,0,1048,106,166,35
2026-10-07T00:31:34.033896+00:00,1903900011262,8.41,Bueno,10.18,Bueno,interpolacion_delaunay,0,1756,114,447,140
2026-10-07T00:31:34.033896+00:00,1903900011277,8.08,Bueno,9.85,Bueno,interpolacion_delaunay,0,2024,136,529,164
2026-10-07T00:31:34.033896+00:00,1903900011309,9.0,Bueno,11.3,Bueno,promedio_sensores,1,1761,123,433,90
2026-10-07T00:31:34.033896+00:00,1903900011351,10.29,Bueno,13.06,Bueno,interpolacion_delaunay,0,2734,167,651,175
2026-10-07T00:31:34.033896+00:00,1903900011366,11.76,Bueno,14.88,Bueno,interpolacion_delaunay,0,0,0,0,0
2026-10-07T00:31:34.033896+00:00,1903900011421,7.3,Bueno,8.5,Bueno,promedio_sensores,1,3327,204,738,54
2026-10-07T00:31:34.033896+00:00,1903900011436,8.99,Bueno,10.54,Bueno,interpolacion_delaunay,0,1869,83,431,69
2026-10-07T00:31:34.033896+00:00,1903900011440,8.19,Bueno,9.38,Bueno,interpolacion_delaunay,0,1644,76,453,82
2026-10-07T00:31:34.033896+00:00,1903900011455,12.54,Bueno,14.77,Bueno,interpolacion_delaunay,0,1330,38,379,65
2026-10-07T00:31:34.033896+00:00,1903900011578,11.59,Bueno,12.1,Bueno,interpolacion_delaunay,0,1668,78,469,55
2026-10-07T00:31:34.033896+00:00,1903900011582,17.0,Aceptable,17.5,Bueno,promedio_sensores,1,1943,98,485,98
2026-10-07T00:31:34.033896+00:00,190390001160A,14.73,Bueno,20.48,Bueno,interpolacion_delaunay,0,1878,106,479,110
2026-10-07T00:31:34.033896+00:00,1903900011614,13.68,Bueno,18.89,Bueno,interpolacion_delaunay,0,2516,127,727,95
2026-10-07T00:31:34.033896+00:00,1903900011633,15.26,Aceptable,18.33,Bueno,interpolacion_delaunay,0,810,34,225,59
2026-10-07T00:31:34.033896+00:00,1903900011703,6.29,Bueno,6.85,Bueno,interpolacion_delaunay,0,3184,63,372,52
2026-10-07T00:31:34.033896+00:00,1903900011722,7.94,Bueno,9.46,Bueno,interpolacion_delaunay,0,511,20,136,16
2026-10-07T00:31:34.033896+00:00,1903900011737,6.31,Bueno,7.32,Bueno,interpolacion_delaunay,0,377,25,76,21
2026-10-07T00:31:34.033896+00:00,1903900011741,5.97,Bueno,7.48,Bueno,interpolacion_delaunay,0,179,8,28,10
2026-10-07T00:31:34.033896+00:00,1903900011756,6.18,Bueno,8.09,Bueno,interpolacion_delaunay,0,191,3,61,18
2026-10-07T00:31:34.033896+00:00,1903900011794,14.2,Bueno,19.73,Bueno,interpolacion_delaunay,0,2555,160,623,167
2026-10-07T00:31:34.033896+00:00,1903900011845,6.3,Bueno,6.6,Bueno,promedio_sensores,1,2750,133,527,66
2026-10-07T00:31:34.033896+00:00,190390001185A,7.71,Bueno,8.76,Bueno,interpolacion_delaunay,0,2718,189,497,75
2026-10-07T00:31:34.033896+00:00,1903900011879,7.88,Bueno,9.56,Bueno,interpolacion_delaunay,0,2302,190,467,160
2026-10-07T00:31:34.033896+00:00,1903900011883,8.34,Bueno,10.51,Bueno,interpolacion_delaunay,0,2653,217,567,162
2026-10-07T00:31:34.033896+00:00,1903900011898,9.63,Bueno,12.56,Bueno,interpolacion_delaunay,0,2466,163,572,128
2026-10-07T00:31:34.033896+00:00,1903900011900,8.53,Bueno,11.39,Bueno,interpolacion_delaunay,0,1274,99,333,108
2026-10-07T00:31:34.033896+00:00,1903900012167,7.19,Bueno,7.94,Bueno,interpolacion_delaunay,0,2883,124,813,123
2026-10-07T00:31:34.033896+00:00,1903900012190,4.11,Bueno,4.57,Bueno,interpolacion_delaunay,0,1182,41,455,89
2026-10-07T00:31:34.033896+00:00,1903900012218,2.42,Bueno,2.67,Bueno,interpolacion_delaunay,0,1788,87,512,71
2026-10-07T00:31:34.033896+00:00,1903900012241,4.55,Bueno,4.96,Bueno,interpolacion_delaunay,0,1136,46,404,79
2026-10-07T00:31:34.033896+00:00,1903900012275,4.8,Bueno,5.13,Bueno,interpolacion_delaunay,0,3740,200,896,144
2026-10-07T00:31:34.033896+00:00,1903900012472,8.8,Bueno,10.4,Bueno,promedio_sensores,1,4662,342,773,243
2026-10-07T00:31:34.033896+00:00,190390001267A,3.85,Bueno,4.21,Bueno,interpolacion_delaunay,0,3909,249,1025,191
2026-10-07T00:31:34.033896+00:00,1903900012684,4.25,Bueno,4.58,Bueno,interpolacion_delaunay,0,2186,73,687,43
2026-10-07T00:31:34.033896+00:00,1903900012720,25.3,Aceptable,36.7,Bueno,promedio_sensores,1,970,52,170,37
2026-10-07T00:31:34.033896+00:00,190390001274A,19.7,Aceptable,28.11,Bueno,interpolacion_delaunay,0,10,0,0,0
2026-10-07T00:31:34.033896+00:00,1903900012754,17.89,Aceptable,25.37,Bueno,interpolacion_delaunay,0,3205,214,714,184
2026-10-07T00:31:34.033896+00:00,1903900012788,6.93,Bueno,9.06,Bueno,interpolacion_delaunay,0,0,0,0,0
2026-10-07T00:31:34.033896+00:00,190390001281A,3.5,Bueno,4.6,Bueno,promedio_sensores,1,327,0,0,0
2026-10-07T00:31:34.033896+00:00,1903900012877,1.51,Bueno,1.89,Bueno,interpolacion_delaunay,0,0,0,0,0
2026-10-07T00:31:34.033896+00:00,1903900013451,7.68,Bueno,9.03,Bueno,interpolacion_delaunay,0,4308,421,672,304
2026-10-07T00:31:34.033896+00:00,1903900013555,4.91,Bueno,5.39,Bueno,interpolacion_delaunay,0,4663,290,902,166
2026-10-07T00:31:34.033896+00:00,1903900013593,7.06,Bueno,7.93,Bueno,interpolacion_delaunay,0,2322,237,355,231
2026-10-07T00:31:34.033896+00:00,1903900013606,8.03,Bueno,9.24,Bueno,interpolacion_delaunay,0,2907,266,482,206
2026-10-07T00:31:34.033896+00:00,1903900013610,6.6,Bueno,7.49,Bueno,interpolacion_delaunay,0,2513,260,368,178
2026-10-07T00:31:34.033896+00:00,1903900013659,9.73,Bueno,12.18,Bueno,interpolacion_delaunay,0,1885,176,371,95
2026-10-07T00:31:34.033896+00:00,190390001406A,7.68,Bueno,8.97,Bueno,interpolacion_delaunay,0,4196,447,516,257
2026-10-07T00:31:34.033896+00:00,1903900014093,7.97,Bueno,9.33,Bueno,interpolacion_delaunay,0,3096,303,444,145
2026-10-07T00:31:34.033896+00:00,1903900014144,18.71,Aceptable,23.23,Bueno,interpolacion_delaunay,0,883,38,360,125
2026-10-07T00:31:34.033896+00:00,1903900014159,1.6,Bueno,2.3,Bueno,promedio_sensores,1,620,20,142,55
2026-10-07T00:31:34.033896+00:00,1903900014500,7.93,Bueno,9.31,Bueno,interpolacion_delaunay,0,3056,353,283,111
2026-10-07T00:31:34.033896+00:00,1903900014515,7.93,Bueno,9.36,Bueno,interpolacion_delaunay,0,3391,252,688,180
2026-10-07T00:31:34.033896+00:00,1903900014549,7.71,Bueno,9.13,Bueno,interpolacion_delaunay,0,4319,365,785,218
2026-10-07T00:31:34.033896+00:00,1903900014553,7.65,Bueno,9.06,Bueno,interpolacion_delaunay,0,3885,315,748,307
2026-10-07T00:31:34.033896+00:00,1903900014619,0.93,Bueno,1.2,Bueno,interpolacion_delaunay,0,2679,137,355,34
2026-10-07T00:31:34.033896+00:00,1903900014623,8.0,Bueno,9.3,Bueno,promedio_sensores,1,1853,99,476,133
2026-10-07T00:31:34.033896+00:00,1903900014731,11.01,Bueno,14.86,Bueno,interpolacion_delaunay,0,2772,164,687,112
2026-10-07T00:31:34.033896+00:00,1903900014905,4.53,Bueno,4.73,Bueno,interpolacion_delaunay,0,2280,182,284,44
2026-10-07T00:31:34.033896+00:00,190390001491A,2.61,Bueno,2.71,Bueno,interpolacion_delaunay,0,897,47,73,0
2026-10-07T00:31:34.033896+00:00,1903900014924,7.6,Bueno,7.7,Bueno,promedio_sensores,1,2425,136,485,38
2026-10-07T00:31:34.033896+00:00,1903900014939,8.92,Bueno,9.83,Bueno,interpolacion_delaunay,0,1974,92,485,50
2026-10-07T00:31:34.033896+00:00,1903900015142,5.9,Bueno,6.27,Bueno,interpolacion_delaunay,0,2839,330,193,45
2026-10-07T00:31:34.033896+00:00,1903900011385,13.65,Bueno,18.65,Bueno,interpolacion_delaunay,0,1585,87,442,107
2026-10-07T00:31:34.033896+00:00,1903900012805,6.79,Bueno,7.95,Bueno,interpolacion_delaunay,0,3258,186,362,30
2026-10-07T00:31:34.033896+00:00,1903900011826,7.8,Bueno,8.88,Bueno,interpolacion_delaunay,0,1966,181,300,39
2026-10-07T00:31:34.033896+00:00,1903900012468,7.3,Bueno,8.32,Bueno,interpolacion_delaunay,0,3979,370,451,75
2026-10-07T00:31:34.033896+00:00,1903900012133,10.57,Bueno,13.75,Bueno,interpolacion_delaunay,0,3643,409,514,130
2026-10-07T00:31:34.033896+00:00,1903900014182,9.82,Bueno,12.3,Bueno,interpolacion_delaunay,0,2164,180,491,80
2026-10-07T00:31:34.033896+00:00,1903900012152,8.25,Bueno,9.23,Bueno,interpolacion_delaunay,0,2360,140,519,93
2026-10-07T00:31:34.033896+00:00,1903900012082,9.28,Bueno,11.23,Bueno,interpolacion_delaunay,0,2402,95,700,143
2026-10-07T00:31:34.033896+00:00,1903900013663,8.15,Bueno,9.04,Bueno,interpolacion_delaunay,0,4832,422,675,278
2026-10-07T00:31:34.033896+00:00,1903900013714,9.39,Bueno,9.51,Bueno,interpolacion_delaunay,0,4743,468,751,239
2026-10-07T00:31:34.033896+00:00,1903900012858,4.62,Bueno,4.95,Bueno,interpolacion_delaunay,0,0,0,0,0
2026-10-07T00:31:34.033896+00:00,1903900012839,3.24,Bueno,3.99,Bueno,interpolacion_delaunay,0,426,30,39,0
2026-10-07T00:31:34.033896+00:00,1903900012843,7.8,Bueno,8.4,Bueno,promedio_sensores,1,3288,154,618,59
2026-10-07T00:31:34.033896+00:00,1903900012862,2.22,Bueno,2.8,Bueno,interpolacion_delaunay,0,0,0,0,0
2026-10-07T00:31:34.033896+00:00,1903900013733,7.04,Bueno,7.12,Bueno,interpolacion_delaunay,0,1895,90,465,59
2026-10-07T00:31:34.033896+00:00,1903900012294,6.06,Bueno,6.47,Bueno,interpolacion_delaunay,0,3104,120,1010,138
2026-10-07T00:31:34.033896+00:00,190390001228A,7.05,Bueno,7.56,Bueno,interpolacion_delaunay,0,2430,94,799,56
2026-10-07T00:31:34.033896+00:00,1903900010423,7.57,Bueno,8.96,Bueno,interpolacion_delaunay,0,3542,305,682,134
2026-10-07T00:31:34.033896+00:00,1903900010334,7.52,Bueno,8.88,Bueno,interpolacion_delaunay,0,878,76,200,70
2026-10-07T00:31:34.033896+00:00,1903900010071,8.07,Bueno,9.31,Bueno,interpolacion_delaunay,0,2520,129,682,146
2026-10-07T00:31:34.033896+00:00,1903900014869,0.85,Bueno,1.02,Bueno,interpolacion_delaunay,0,4404,353,307,53
2026-10-07T00:31:34.033896+00:00,1903900013748,4.92,Bueno,5.06,Bueno,interpolacion_delaunay,0,3552,225,627,97
2026-10-07T00:31:34.033896+00:00,1903900011050,7.76,Bueno,9.73,Bueno,interpolacion_delaunay,0,1589,135,342,104
2026-10-07T00:31:34.033896+00:00,1903900011116,10.23,Bueno,12.87,Bueno,interpolacion_delaunay,0,0,0,0,0
2026-10-07T00:31:34.033896+00:00,1903900010809,8.1,Bueno,9.88,Bueno,interpolacion_delaunay,0,59,3,14,3
2026-10-07T00:31:34.033896+00:00,1903900010989,8.37,Bueno,10.19,Bueno,interpolacion_delaunay,0,6061,564,591,133
2026-10-07T00:31:34.033896+00:00,1903900010851,7.44,Bueno,9.31,Bueno,interpolacion_delaunay,0,1601,105,413,68
2026-10-07T00:31:34.033896+00:00,1903900013413,5.92,Bueno,6.58,Bueno,interpolacion_delaunay,0,7251,522,1316,316
2026-10-07T00:31:34.033896+00:00,1903900010033,7.23,Bueno,8.04,Bueno,interpolacion_delaunay,0,3321,285,588,124
2026-10-07T00:31:34.033896+00:00,1903900010137,6.19,Bueno,6.83,Bueno,interpolacion_delaunay,0,4478,279,1202,320
2026-10-07T00:31:34.033896+00:00,1903900010141,7.32,Bueno,8.47,Bueno,interpolacion_delaunay,0,4273,225,965,185
2026-10-07T00:31:34.033896+00:00,1903900010762,7.62,Bueno,8.79,Bueno,interpolacion_delaunay,0,1600,114,337,68
2026-10-07T00:31:34.033896+00:00,1903900014106,8.02,Bueno,9.42,Bueno,interpolacion_delaunay,0,4189,248,1019,177
2026-10-07T00:31:34.033896+00:00,1903900014110,8.03,Bueno,9.49,Bueno,interpolacion_delaunay,0,2699,161,643,225
2026-10-07T00:31:34.033896+00:00,1903900010921,7.55,Bueno,8.54,Bueno,interpolacion_delaunay,0,2388,213,393,106
2026-10-07T00:31:34.033896+00:00,1903900010669,7.45,Bueno,8.45,Bueno,interpolacion_delaunay,0,2152,159,463,119
2026-10-07T00:31:34.033896+00:00,1903900010067,8.1,Bueno,9.3,Bueno,interpolacion_delaunay,0,2799,155,819,158
2026-10-07T00:31:34.033896+00:00,1903900010688,7.68,Bueno,9.07,Bueno,interpolacion_delaunay,0,2838,195,394,149
2026-10-07T00:31:34.033896+00:00,1903900010584,7.44,Bueno,8.73,Bueno,interpolacion_delaunay,0,3226,273,587,141
2026-10-07T00:31:34.033896+00:00,1903900011417,7.45,Bueno,8.21,Bueno,interpolacion_delaunay,0,3077,152,970,79
2026-10-07T00:31:34.033896+00:00,1903900013837,7.59,Bueno,8.4,Bueno,interpolacion_delaunay,0,3561,193,908,77
2026-10-07T00:31:34.033896+00:00,1903900013930,7.77,Bueno,8.97,Bueno,interpolacion_delaunay,0,1431,202,111,73
2026-10-07T00:31:34.033896+00:00,1903900014055,7.73,Bueno,8.98,Bueno,interpolacion_delaunay,0,4222,525,372,136
2026-10-07T00:31:34.033896+00:00,190390001420A,9.26,Bueno,11.24,Bueno,interpolacion_delaunay,0,3029,320,382,97
2026-10-07T00:31:34.033896+00:00,1903900014197,9.41,Bueno,11.51,Bueno,interpolacion_delaunay,0,2456,248,321,138
2026-10-07T00:31:34.033896+00:00,1903900010974,8.11,Bueno,9.69,Bueno,interpolacion_delaunay,0,781,39,192,50
2026-10-07T00:31:34.033896+00:00,1903900011084,7.95,Bueno,10.03,Bueno,interpolacion_delaunay,0,1782,162,338,82
2026-10-07T00:31:34.033896+00:00,1903900010847,7.51,Bueno,9.28,Bueno,interpolacion_delaunay,0,1023,82,199,53
2026-10-07T00:31:34.033896+00:00,1903900010993,8.44,Bueno,10.48,Bueno,interpolacion_delaunay,0,1086,95,211,53
2026-10-07T00:31:34.033896+00:00,1903900010372,7.98,Bueno,9.4,Bueno,interpolacion_delaunay,0,2524,139,785,102
2026-10-07T00:31:34.033896+00:00,1903900011031,7.79,Bueno,9.73,Bueno,interpolacion_delaunay,0,1190,84,257,58
2026-10-07T00:31:34.033896+00:00,1903900010902,8.27,Bueno,9.39,Bueno,interpolacion_delaunay,0,3066,119,898,183
2026-10-07T00:31:34.033896+00:00,1903900010777,7.78,Bueno,9.12,Bueno,interpolacion_delaunay,0,1329,106,264,76
2026-10-07T00:31:34.033896+00:00,1903900010781,7.92,Bueno,9.4,Bueno,interpolacion_delaunay,0,242,8,54,15
2026-10-07T00:31:34.033896+00:00,1903900014572,8.82,Bueno,10.97,Bueno,interpolacion_delaunay,0,1442,81,389,93
2026-10-07T00:31:34.033896+00:00,1903900014676,7.87,Bueno,9.2,Bueno,interpolacion_delaunay,0,2120,102,506,104
2026-10-07T00:31:34.033896+00:00,190390001025A,8.08,Bueno,9.42,Bueno,interpolacion_delaunay,0,3942,258,986,278
2026-10-07T00:31:34.033896+00:00,1903900010495,7.84,Bueno,9.24,Bueno,interpolacion_delaunay,0,1812,109,420,98
2026-10-07T00:31:34.033896+00:00,1903900010917,7.4,Bueno,8.2,Bueno,promedio_sensores,1,2843,155,698,133
2026-10-07T00:31:34.033896+00:00,1903900010955,7.82,Bueno,9.1,Bueno,interpolacion_delaunay,0,288,25,64,22
2026-10-07T00:31:34.033896+00:00,1903900013697,11.34,Bueno,11.51,Bueno,interpolacion_delaunay,0,1977,183,341,77
2026-10-07T00:31:34.033896+00:00,1903900013860,7.77,Bueno,9.02,Bueno,interpolacion_delaunay,0,3174,344,383,184
2026-10-07T00:31:34.033896+00:00,1903900015439,2.06,Bueno,2.16,Bueno,interpolacion_delaunay,0,627,97,12,5
2026-10-07T00:31:34.033896+00:00,1903900011027,8.4,Bueno,10.49,Bueno,interpolacion_delaunay,0,509,36,115,25
2026-10-07T00:31:34.033896+00:00,1903900013998,8.13,Bueno,9.27,Bueno,interpolacion_delaunay,0,5766,706,558,248
2026-10-07T00:31:34.033896+00:00,190390001477A,5.43,Bueno,5.53,Bueno,interpolacion_delaunay,0,550,33,68,4
2026-10-07T00:31:34.033896+00:00,1903900014002,7.96,Bueno,9.05,Bueno,interpolacion_delaunay,0,5494,669,668,240
2026-10-07T00:31:34.033896+00:00,1903900014873,0.34,Bueno,0.43,Bueno,interpolacion_delaunay,0,2383,154,261,52
2026-10-07T00:31:34.033896+00:00,1903900011008,8.68,Bueno,10.73,Bueno,interpolacion_delaunay,0,1877,145,377,135
2026-10-07T00:31:34.033896+00:00,1903900011313,8.77,Bueno,11.01,Bueno,interpolacion_delaunay,0,5055,336,882,185
2026-10-07T00:31:34.033896+00:00,190390001139A,8.36,Bueno,10.65,Bueno,interpolacion_delaunay,0,1079,59,290,49
2026-10-07T00:31:34.033896+00:00,1903900011402,11.27,Bueno,14.21,Bueno,interpolacion_delaunay,0,681,31,196,23
2026-10-07T00:31:34.033896+00:00,1903900012519,8.23,Bueno,9.42,Bueno,interpolacion_delaunay,0,5642,661,498,241
2026-10-07T00:31:34.033896+00:00,1903900013822,7.82,Bueno,8.39,Bueno,interpolacion_delaunay,0,6050,361,890,140
2026-10-07T00:31:34.033896+00:00,1903900013964,8.19,Bueno,9.0,Bueno,interpolacion_delaunay,0,728,55,70,19
2026-10-07T00:31:34.033896+00:00,1903900014125,7.97,Bueno,9.41,Bueno,interpolacion_delaunay,0,1881,174,361,63
2026-10-07T00:31:34.033896+00:00,190390001452A,8.12,Bueno,9.8,Bueno,interpolacion_delaunay,0,2471,240,363,186
2026-10-07T00:31:34.033896+00:00,190390001413A,7.96,Bueno,9.35,Bueno,interpolacion_delaunay,0,2082,180,339,126
2026-10-07T00:31:34.033896+00:00,1903900010461,8.1,Bueno,9.6,Bueno,promedio_sensores,1,3422,173,1112,139
2026-10-07T00:31:34.033896+00:00,1903900014534,7.73,Bueno,9.26,Bueno,interpolacion_delaunay,0,1267,111,229,29
2026-10-07T00:31:34.033896+00:00,1903900013767,2.47,Bueno,2.64,Bueno,interpolacion_delaunay,0,2308,117,605,127
2026-10-07T00:31:34.033896+00:00,1903900012345,4.13,Bueno,4.17,Bueno,interpolacion_delaunay,0,2632,98,737,80
2026-10-07T00:31:34.033896+00:00,1903900012364,0.0,Bueno,0.0,Bueno,promedio_sensores,1,2327,116,787,61
2026-10-07T00:31:34.033896+00:00,1903900011629,30.2,Aceptable,37.5,Bueno,promedio_sensores,1,2881,196,402,58
2026-10-07T00:31:34.033896+00:00,1903900013396,7.9,Bueno,9.09,Bueno,interpolacion_delaunay,0,4014,389,664,275
2026-10-07T00:31:34.033896+00:00,1903900010245,3.88,Bueno,4.32,Bueno,interpolacion_delaunay,0,2709,131,764,208
2026-10-07T00:31:34.033896+00:00,1903900015284,2.83,Bueno,2.93,Bueno,interpolacion_delaunay,0,513,29,60,13
2026-10-07T00:31:34.033896+00:00,1903900010118,7.91,Bueno,9.13,Bueno,interpolacion_delaunay,0,4580,383,955,302
2026-10-07T00:31:34.033896+00:00,1903900010052,7.95,Bueno,9.12,Bueno,interpolacion_delaunay,0,3869,304,717,323
2026-10-07T00:31:34.033896+00:00,1903900015123,7.9,Bueno,9.02,Bueno,interpolacion_delaunay,0,68,3,4,3
2026-10-07T00:31:34.033896+00:00,1903900014036,7.86,Bueno,9.03,Bueno,interpolacion_delaunay,0,4679,569,514,263
2026-10-07T00:31:34.033896+00:00,1903900010508,7.82,Bueno,9.28,Bueno,interpolacion_delaunay,0,3451,202,579,150
2026-10-07T00:31:34.033896+00:00,1903900010527,7.75,Bueno,9.17,Bueno,interpolacion_delaunay,0,1779,95,454,127
2026-10-07T00:31:34.033896+00:00,1903900013729,6.94,Bueno,7.16,Bueno,interpolacion_delaunay,0,3410,392,357,136
2026-10-07T00:31:34.033896+00:00,190390001370A,9.32,Bueno,9.55,Bueno,interpolacion_delaunay,0,4006,357,563,228
2026-10-07T00:31:34.033896+00:00,1904600010362,14.31,Bueno,17.85,Bueno,interpolacion_delaunay,0,5505,271,1291,301
2026-10-07T00:31:34.033896+00:00,1904600011483,5.21,Bueno,6.79,Bueno,interpolacion_delaunay,0,2026,111,597,94
2026-10-07T00:31:34.033896+00:00,1904600011638,22.26,Aceptable,27.67,Bueno,interpolacion_delaunay,0,4053,248,498,114
2026-10-07T00:31:34.033896+00:00,1904600010998,13.71,Bueno,16.56,Bueno,interpolacion_delaunay,0,5855,449,1099,257
2026-10-07T00:31:34.033896+00:00,1904600011676,7.19,Bueno,8.81,Bueno,interpolacion_delaunay,0,362,30,69,27
2026-10-07T00:31:34.033896+00:00,1904600010216,7.4,Bueno,8.8,Bueno,promedio_sensores,1,2042,50,546,50
2026-10-07T00:31:34.033896+00:00,1904600010536,16.82,Aceptable,20.25,Bueno,interpolacion_delaunay,0,4997,504,603,104
2026-10-07T00:31:34.033896+00:00,1904600011708,27.41,Aceptable,33.89,Bueno,interpolacion_delaunay,0,1763,89,284,44
2026-10-07T00:31:34.033896+00:00,190460001070A,25.82,Aceptable,32.41,Bueno,interpolacion_delaunay,0,1273,69,137,48
2026-10-07T00:31:34.033896+00:00,1904600011375,24.85,Aceptable,30.85,Bueno,interpolacion_delaunay,0,5964,475,946,326
2026-10-07T00:31:34.033896+00:00,1904600011286,16.47,Aceptable,20.55,Bueno,interpolacion_delaunay,0,2603,117,839,196
2026-10-07T00:31:34.033896+00:00,1904600011623,22.25,Aceptable,27.57,Bueno,interpolacion_delaunay,0,4225,248,423,136
2026-10-07T00:31:34.033896+00:00,1904600010786,24.48,Aceptable,30.27,Bueno,interpolacion_delaunay,0,4690,309,1009,269
2026-10-07T00:31:34.033896+00:00,190460001024A,6.01,Bueno,7.24,Bueno,interpolacion_delaunay,0,2748,75,850,176
2026-10-07T00:31:34.033896+00:00,1904600010875,5.71,Bueno,6.36,Bueno,interpolacion_delaunay,0,3785,202,993,129
2026-10-07T00:31:34.033896+00:00,1904600010324,7.1,Bueno,8.85,Bueno,interpolacion_delaunay,0,2214,97,651,92
2026-10-07T00:31:34.033896+00:00,1904600011233,10.19,Bueno,12.62,Bueno,interpolacion_delaunay,0,3010,241,577,204
2026-10-07T00:31:34.033896+00:00,1904600010131,7.26,Bueno,9.05,Bueno,interpolacion_delaunay,0,4113,160,1393,177
2026-10-07T00:31:34.033896+00:00,1904600010184,6.86,Bueno,8.37,Bueno,interpolacion_delaunay,0,3438,93,1132,126
2026-10-07T00:31:34.033896+00:00,1904600010235,6.28,Bueno,7.52,Bueno,interpolacion_delaunay,0,2765,104,711,111
2026-10-07T00:31:34.033896+00:00,1904600010466,8.4,Bueno,10.61,Bueno,interpolacion_delaunay,0,2212,113,500,58
2026-10-07T00:31:34.033896+00:00,190460001049A,7.88,Bueno,9.7,Bueno,interpolacion_delaunay,0,2827,123,674,44
2026-10-07T00:31:34.033896+00:00,1904600011407,14.39,Bueno,17.09,Bueno,interpolacion_delaunay,0,3464,317,610,173
2026-10-07T00:31:34.033896+00:00,1904600011642,5.57,Bueno,6.67,Bueno,interpolacion_delaunay,0,2601,116,623,113
2026-10-07T00:31:34.033896+00:00,1904600011731,5.92,Bueno,6.58,Bueno,interpolacion_delaunay,0,3017,207,561,120
2026-10-07T00:31:34.033896+00:00,1904600010108,5.64,Bueno,7.04,Bueno,interpolacion_delaunay,0,2483,125,582,112
2026-10-07T00:31:34.033896+00:00,1904600010127,7.43,Bueno,8.69,Bueno,interpolacion_delaunay,0,4270,186,1281,297
2026-10-07T00:31:34.033896+00:00,1904600010292,7.11,Bueno,8.63,Bueno,interpolacion_delaunay,0,0,0,0,0
2026-10-07T00:31:34.033896+00:00,1904600010714,14.82,Bueno,18.36,Bueno,interpolacion_delaunay,0,3666,266,947,309
2026-10-07T00:31:34.033896+00:00,1904600010860,9.92,Bueno,11.45,Bueno,interpolacion_delaunay,0,3290,227,721,158
2026-10-07T00:31:34.033896+00:00,1904600011002,16.89,Aceptable,20.45,Bueno,interpolacion_delaunay,0,3262,289,695,194
2026-10-07T00:31:34.033896+00:00,190460001120A,8.46,Bueno,10.43,Bueno,interpolacion_delaunay,0,3141,265,631,179
2026-10-07T00:31:34.033896+00:00,1904600011341,21.87,Aceptable,26.71,Bueno,interpolacion_delaunay,0,3608,289,555,127
2026-10-07T00:31:34.033896+00:00,1904600011426,11.7,Bueno,14.07,Bueno,interpolacion_delaunay,0,3335,302,691,164
2026-10-07T00:31:34.033896+00:00,190460001177A,8.5,Bueno,10.64,Bueno,interpolacion_delaunay,0,2611,224,320,95
2026-10-07T00:31:34.033896+00:00,1904600010042,6.35,Bueno,8.19,Bueno,interpolacion_delaunay,0,1646,90,422,69
2026-10-07T00:31:34.033896+00:00,1904600010057,5.87,Bueno,7.49,Bueno,interpolacion_delaunay,0,1216,61,388,100
2026-10-07T00:31:34.033896+00:00,1904600010076,7.29,Bueno,8.39,Bueno,interpolacion_delaunay,0,3762,199,1053,215
2026-10-07T00:31:34.033896+00:00,1904600010095,5.78,Bueno,7.3,Bueno,interpolacion_delaunay,0,1199,53,337,85
2026-10-07T00:31:34.033896+00:00,1904600010146,5.68,Bueno,6.99,Bueno,interpolacion_delaunay,0,2987,160,749,104
2026-10-07T00:31:34.033896+00:00,190460001017A,7.12,Bueno,8.4,Bueno,interpolacion_delaunay,0,4101,180,1201,211
2026-10-07T00:31:34.033896+00:00,1904600010201,4.71,Bueno,5.59,Bueno,interpolacion_delaunay,0,3988,173,1242,253
2026-10-07T00:31:34.033896+00:00,1904600010220,7.27,Bueno,8.71,Bueno,interpolacion_delaunay,0,1869,61,495,59
2026-10-07T00:31:34.033896+00:00,190460001031A,8.07,Bueno,10.04,Bueno,interpolacion_delaunay,0,2149,134,353,62
2026-10-07T00:31:34.033896+00:00,1904600010343,13.97,Bueno,17.36,Bueno,interpolacion_delaunay,0,5532,394,1335,345
2026-10-07T00:31:34.033896+00:00,1904600010381,12.88,Bueno,16.12,Bueno,interpolacion_delaunay,0,3251,164,847,172
2026-10-07T00:31:34.033896+00:00,1904600010413,9.0,Bueno,11.65,Bueno,interpolacion_delaunay,0,4002,238,499,120
2026-10-07T00:31:34.033896+00:00,1904600010485,7.75,Bueno,9.34,Bueno,interpolacion_delaunay,0,3150,144,1004,109
2026-10-07T00:31:34.033896+00:00,1904600010540,9.38,Bueno,11.26,Bueno,interpolacion_delaunay,0,4952,283,1289,225
2026-10-07T00:31:34.033896+00:00,1904600010555,19.97,Aceptable,24.38,Bueno,interpolacion_delaunay,0,0,0,0,0
2026-10-07T00:31:34.033896+00:00,1904600010593,12.18,Bueno,14.86,Bueno,interpolacion_delaunay,0,5785,417,488,81
2026-10-07T00:31:34.033896+00:00,1904600010610,22.3,Aceptable,28.04,Bueno,interpolacion_delaunay,0,4819,442,219,35
2026-10-07T00:31:34.033896+00:00,1904600010625,17.09,Aceptable,20.82,Bueno,interpolacion_delaunay,0,684,56,110,22
2026-10-07T00:31:34.033896+00:00,1904600010659,13.59,Bueno,16.7,Bueno,interpolacion_delaunay,0,0,0,0,0
2026-10-07T00:31:34.033896+00:00,1904600010729,16.58,Aceptable,20.54,Bueno,interpolacion_delaunay,0,0,0,0,0
2026-10-07T00:31:34.033896+00:00,1904600010752,17.5,Aceptable,21.75,Bueno,interpolacion_delaunay,0,2043,121,429,51
2026-10-07T00:31:34.033896+00:00,1904600010790,26.27,Aceptable,32.39,Bueno,interpolacion_delaunay,0,0,0,0,0
2026-10-07T00:31:34.033896+00:00,1904600010822,11.43,Bueno,13.31,Bueno,interpolacion_delaunay,0,1808,142,329,116
2026-10-07T00:31:34.033896+00:00,1904600010841,8.5,Bueno,9.67,Bueno,interpolacion_delaunay,0,2675,196,623,119
2026-10-07T00:31:34.033896+00:00,1904600010856,7.56,Bueno,8.57,Bueno,interpolacion_delaunay,0,5049,305,900,195
2026-10-07T00:31:34.033896+00:00,190460001088A,3.81,Bueno,4.83,Bueno,interpolacion_delaunay,0,4232,220,1219,162
2026-10-07T00:31:34.033896+00:00,1904600010894,4.04,Bueno,5.05,Bueno,interpolacion_delaunay,0,2806,182,550,130
2026-10-07T00:31:34.033896+00:00,1904600010907,9.59,Bueno,11.19,Bueno,interpolacion_delaunay,0,3550,247,722,168
2026-10-07T00:31:34.033896+00:00,1904600010930,7.64,Bueno,9.78,Bueno,interpolacion_delaunay,0,3021,143,721,82
2026-10-07T00:31:34.033896+00:00,1904600010945,6.98,Bueno,8.82,Bueno,interpolacion_delaunay,0,3597,162,944,129
2026-10-07T00:31:34.033896+00:00,190460001095A,12.43,Bueno,14.84,Bueno,interpolacion_delaunay,0,3265,234,654,254
2026-10-07T00:31:34.033896+00:00,1904600010979,6.0,Bueno,7.14,Bueno,interpolacion_delaunay,0,2747,114,869,151
2026-10-07T00:31:34.033896+00:00,1904600011017,15.06,Aceptable,18.27,Bueno,interpolacion_delaunay,0,4599,402,752,199
2026-10-07T00:31:34.033896+00:00,1904600011021,7.39,Bueno,8.94,Bueno,interpolacion_delaunay,0,4072,223,1090,178
2026-10-07T00:31:34.033896+00:00,1904600011040,7.86,Bueno,9.59,Bueno,interpolacion_delaunay,0,3276,150,902,88
2026-10-07T00:31:34.033896+00:00,1904600011055,9.58,Bueno,11.73,Bueno,interpolacion_delaunay,0,7096,477,1425,285
2026-10-07T00:31:34.033896+00:00,190460001106A,5.54,Bueno,6.71,Bueno,interpolacion_delaunay,0,1152,61,261,64
2026-10-07T00:31:34.033896+00:00,1904600011074,6.55,Bueno,8.01,Bueno,interpolacion_delaunay,0,4901,241,744,96
2026-10-07T00:31:34.033896+00:00,1904600011089,10.04,Bueno,12.34,Bueno,interpolacion_delaunay,0,3306,318,659,199
2026-10-07T00:31:34.033896+00:00,1904600011093,20.01,Aceptable,24.56,Bueno,interpolacion_delaunay,0,3302,217,861,180
2026-10-07T00:31:34.033896+00:00,1904600011106,24.6,Aceptable,30.16,Bueno,interpolacion_delaunay,0,3881,243,712,89
2026-10-07T00:31:34.033896+00:00,1904600011110,25.68,Aceptable,32.23,Bueno,interpolacion_delaunay,0,3018,178,738,133
2026-10-07T00:31:34.033896+00:00,1904600011125,8.02,Bueno,9.86,Bueno,interpolacion_delaunay,0,3318,323,549,240
2026-10-07T00:31:34.033896+00:00,190460001113A,9.72,Bueno,11.98,Bueno,interpolacion_delaunay,0,3513,294,662,255
2026-10-07T00:31:34.033896+00:00,1904600011144,11.29,Bueno,13.95,Bueno,interpolacion_delaunay,0,3223,294,460,148
2026-10-07T00:31:34.033896+00:00,1904600011159,17.67,Aceptable,21.85,Bueno,interpolacion_delaunay,0,4682,317,917,254
2026-10-07T00:31:34.033896+00:00,1904600011163,18.97,Aceptable,23.44,Bueno,interpolacion_delaunay,0,4463,291,849,173
2026-10-07T00:31:34.033896+00:00,1904600011178,21.57,Aceptable,26.58,Bueno,interpolacion_delaunay,0,2288,137,771,142
2026-10-07T00:31:34.033896+00:00,1904600011182,20.07,Aceptable,24.74,Bueno,interpolacion_delaunay,0,2567,158,877,192
2026-10-07T00:31:34.033896+00:00,1904600011197,20.82,Aceptable,25.74,Bueno,interpolacion_delaunay,0,2285,129,707,149
2026-10-07T00:31:34.033896+00:00,1904600011214,7.36,Bueno,9.09,Bueno,interpolacion_delaunay,0,2395,153,608,159
2026-10-07T00:31:34.033896+00:00,1904600011229,8.96,Bueno,11.11,Bueno,interpolacion_delaunay,0,3808,341,729,252
2026-10-07T00:31:34.033896+00:00,1904600011248,12.89,Bueno,15.96,Bueno,interpolacion_delaunay,0,3448,233,731,165
2026-10-07T00:31:34.033896+00:00,1904600011252,12.29,Bueno,15.3,Bueno,interpolacion_delaunay,0,3638,249,902,255
2026-10-07T00:31:34.033896+00:00,1904600011271,17.61,Aceptable,21.95,Bueno,interpolacion_delaunay,0,3393,200,1049,183
2026-10-07T00:31:34.033896+00:00,1904600011290,9.43,Bueno,11.16,Bueno,interpolacion_delaunay,0,3613,204,959,164
2026-10-07T00:31:34.033896+00:00,1904600011303,11.09,Bueno,13.18,Bueno,interpolacion_delaunay,0,4255,296,730,120
2026-10-07T00:31:34.033896+00:00,1904600011318,4.0,Bueno,4.7,Bueno,promedio_sensores,1,2617,117,712,78
2026-10-07T00:31:34.033896+00:00,1904600011322,4.75,Bueno,5.61,Bueno,interpolacion_delaunay,0,3209,131,1071,177
2026-10-07T00:31:34.033896+00:00,1904600011356,17.67,Aceptable,21.67,Bueno,interpolacion_delaunay,0,5344,302,754,186
2026-10-07T00:31:34.033896+00:00,190460001138A,5.01,Bueno,5.71,Bueno,interpolacion_delaunay,0,2330,116,772,143
2026-10-07T00:31:34.033896+00:00,1904600011394,4.04,Bueno,4.83,Bueno,interpolacion_delaunay,0,2495,152,536,127
2026-10-07T00:31:34.033896+00:00,1904600011430,10.83,Bueno,13.1,Bueno,interpolacion_delaunay,0,4835,297,977,195
2026-10-07T00:31:34.033896+00:00,1904600011445,20.12,Aceptable,25.0,Bueno,interpolacion_delaunay,0,2396,140,277,35
2026-10-07T00:31:34.033896+00:00,190460001145A,19.07,Aceptable,23.72,Bueno,interpolacion_delaunay,0,4010,242,623,75
2026-10-07T00:31:34.033896+00:00,1904600011464,7.99,Bueno,10.4,Bueno,interpolacion_delaunay,0,3269,192,527,50
2026-10-07T00:31:34.033896+00:00,1904600011479,6.93,Bueno,9.07,Bueno,interpolacion_delaunay,0,2267,102,540,81
2026-10-07T00:31:34.033896+00:00,1904600011500,11.46,Bueno,13.45,Bueno,interpolacion_delaunay,0,4575,375,784,254
2026-10-07T00:31:34.033896+00:00,1904600011515,11.67,Bueno,13.79,Bueno,interpolacion_delaunay,0,1791,111,314,102
2026-10-07T00:31:34.033896+00:00,190460001152A,13.66,Bueno,16.32,Bueno,interpolacion_delaunay,0,3396,254,719,167
2026-10-07T00:31:34.033896+00:00,1904600011534,15.16,Aceptable,18.21,Bueno,interpolacion_delaunay,0,5740,487,560,132
2026-10-07T00:31:34.033896+00:00,1904600011549,4.52,Bueno,5.39,Bueno,interpolacion_delaunay,0,4515,263,831,205
2026-10-07T00:31:34.033896+00:00,1904600011568,18.96,Aceptable,23.13,Bueno,interpolacion_delaunay,0,4996,283,463,138
2026-10-07T00:31:34.033896+00:00,1904600011572,20.41,Aceptable,24.94,Bueno,interpolacion_delaunay,0,4541,345,482,121
2026-10-07T00:31:34.033896+00:00,1904600011587,21.99,Aceptable,27.67,Bueno,interpolacion_delaunay,0,2786,153,244,33
2026-10-07T00:31:34.033896+00:00,1904600011591,22.62,Aceptable,28.45,Bueno,interpolacion_delaunay,0,3387,245,335,48
2026-10-07T00:31:34.033896+00:00,1904600011604,15.52,Aceptable,19.27,Bueno,interpolacion_delaunay,0,3298,256,771,245
2026-10-07T00:31:34.033896+00:00,1904600011619,15.71,Aceptable,19.55,Bueno,interpolacion_delaunay,0,3765,260,958,269
2026-10-07T00:31:34.033896+00:00,1904600011657,5.34,Bueno,6.36,Bueno,interpolacion_delaunay,0,3567,176,481,50
2026-10-07T00:31:34.033896+00:00,1904600011661,6.39,Bueno,7.86,Bueno,interpolacion_delaunay,0,282,11,66,6
2026-10-07T00:31:34.033896+00:00,1904600011727,4.56,Bueno,5.46,Bueno,interpolacion_delaunay,0,3412,179,655,144
2026-10-07T00:31:34.033896+00:00,1904600011746,6.12,Bueno,7.41,Bueno,interpolacion_delaunay,0,3218,196,815,117
2026-10-07T00:31:34.033896+00:00,1904600011750,4.97,Bueno,6.0,Bueno,interpolacion_delaunay,0,4162,197,210,54
2026-10-07T00:31:34.033896+00:00,1904600011765,8.6,Bueno,10.7,Bueno,interpolacion_delaunay,0,3860,405,397,208
2026-10-07T00:31:34.033896+00:00,1904600010663,15.2,Aceptable,18.72,Bueno,interpolacion_delaunay,0,198,8,27,0
2026-10-07T00:31:34.033896+00:00,1904600010926,12.9,Bueno,15.18,Bueno,interpolacion_delaunay,0,5007,437,867,291
2026-10-07T00:31:34.033896+00:00,1904600010339,8.58,Bueno,10.72,Bueno,interpolacion_delaunay,0,1314,68,335,78
2026-10-07T00:31:34.033896+00:00,1904600011267,11.17,Bueno,13.95,Bueno,interpolacion_delaunay,0,3908,248,1102,331
2026-10-07T00:31:34.033896+00:00,1904600011712,30.21,Aceptable,37.83,Bueno,interpolacion_delaunay,0,3272,182,300,58
2026-10-07T00:31:34.033896+00:00,1904600010447,6.08,Bueno,6.78,Bueno,interpolacion_delaunay,0,4132,230,437,113
2026-10-07T00:31:34.033896+00:00,1904600011498,3.9,Bueno,5.06,Bueno,interpolacion_delaunay,0,3212,141,667,65
2026-10-07T00:31:34.033896+00:00,1904600010682,22.85,Aceptable,28.07,Bueno,interpolacion_delaunay,0,6498,485,714,113
2026-10-07T00:31:34.033896+00:00,1903100450393,10.68,Bueno,15.57,Bueno,interpolacion_delaunay,0,4470,331,183,115
2026-10-07T00:31:34.033896+00:00,1903100451090,11.67,Bueno,15.68,Bueno,interpolacion_delaunay,0,3117,391,133,67
2026-10-07T00:31:34.033896+00:00,1903100010340,19.06,Aceptable,24.14,Bueno,interpolacion_delaunay,0,3444,349,252,192
2026-10-07T00:31:34.033896+00:00,1903100450641,5.96,Bueno,7.7,Bueno,interpolacion_delaunay,0,1572,92,57,77
2026-10-07T00:31:34.033896+00:00,1903100451086,9.51,Bueno,12.5,Bueno,interpolacion_delaunay,0,3582,470,173,24
2026-10-07T00:31:34.033896+00:00,190310311171A,16.0,Aceptable,22.2,Bueno,interpolacion_delaunay,0,1226,184,39,41
2026-10-07T00:31:34.033896+00:00,1903100450088,5.42,Bueno,6.98,Bueno,interpolacion_delaunay,0,106,4,27,5
2026-10-07T00:31:34.033896+00:00,1903100450321,7.37,Bueno,10.04,Bueno,interpolacion_delaunay,0,781,65,43,66
2026-10-07T00:31:34.033896+00:00,1903100450656,13.75,Bueno,20.66,Bueno,interpolacion_delaunay,0,6656,512,216,203
2026-10-07T00:31:34.033896+00:00,1903100451461,13.2,Bueno,19.93,Bueno,interpolacion_delaunay,0,215,36,0,4
2026-10-07T00:31:34.033896+00:00,1903100451391,15.02,Aceptable,22.87,Bueno,interpolacion_delaunay,0,400,41,11,20
2026-10-07T00:31:34.033896+00:00,190310001068A,14.9,Bueno,19.0,Bueno,promedio_sensores,1,5585,402,158,107
2026-10-07T00:31:34.033896+00:00,1903100010872,13.31,Bueno,17.1,Bueno,interpolacion_delaunay,0,2902,333,115,45
2026-10-07T00:31:34.033896+00:00,1903100450266,9.74,Bueno,14.19,Bueno,interpolacion_delaunay,0,3518,300,297,140
2026-10-07T00:31:34.033896+00:00,1903100451211,9.49,Bueno,13.46,Bueno,interpolacion_delaunay,0,318,31,15,12
2026-10-07T00:31:34.033896+00:00,1903100450105,6.7,Bueno,9.25,Bueno,interpolacion_delaunay,0,617,53,101,42
2026-10-07T00:31:34.033896+00:00,1903100450533,11.29,Bueno,16.82,Bueno,interpolacion_delaunay,0,112,19,4,0
2026-10-07T00:31:34.033896+00:00,1903100450834,12.37,Bueno,18.52,Bueno,interpolacion_delaunay,0,5335,620,158,133
2026-10-07T00:31:34.033896+00:00,1903100451122,16.23,Aceptable,24.7,Bueno,interpolacion_delaunay,0,4196,367,129,124
2026-10-07T00:31:34.033896+00:00,1903100451118,13.95,Bueno,21.13,Bueno,interpolacion_delaunay,0,1143,149,65,58
2026-10-07T00:31:34.033896+00:00,1903100450092,6.91,Bueno,9.42,Bueno,interpolacion_delaunay,0,5801,601,614,240
2026-10-07T00:31:34.033896+00:00,190310001036A,18.21,Aceptable,23.06,Bueno,interpolacion_delaunay,0,2196,166,139,77
2026-10-07T00:31:34.033896+00:00,1903100011264,14.46,Bueno,18.92,Bueno,interpolacion_delaunay,0,166,15,10,4
2026-10-07T00:31:34.033896+00:00,1903100011692,13.03,Bueno,16.59,Bueno,interpolacion_delaunay,0,1994,254,42,57
2026-10-07T00:31:34.033896+00:00,1903100450675,12.26,Bueno,18.18,Bueno,interpolacion_delaunay,0,2985,254,121,65
2026-10-07T00:31:34.033896+00:00,1903100450815,7.68,Bueno,10.03,Bueno,interpolacion_delaunay,0,5183,452,347,124
2026-10-07T00:31:34.033896+00:00,1903100450887,10.1,Bueno,14.53,Bueno,interpolacion_delaunay,0,626,73,50,23
2026-10-07T00:31:34.033896+00:00,1903100450891,12.43,Bueno,18.27,Bueno,interpolacion_delaunay,0,3371,329,210,148
2026-10-07T00:31:34.033896+00:00,1903100450904,13.69,Bueno,20.36,Bueno,interpolacion_delaunay,0,2284,216,156,77
2026-10-07T00:31:34.033896+00:00,1903100451438,6.1,Bueno,7.9,Bueno,promedio_sensores,1,489,62,15,5
2026-10-07T00:31:34.033896+00:00,1903100451442,15.45,Aceptable,23.22,Bueno,interpolacion_delaunay,0,530,59,19,6
2026-10-07T00:31:34.033896+00:00,1903100451828,12.84,Bueno,18.73,Bueno,interpolacion_delaunay,0,1268,201,24,22
2026-10-07T00:31:34.033896+00:00,1903103131616,20.62,Aceptable,31.71,Bueno,interpolacion_delaunay,0,3396,460,75,104
2026-10-07T00:31:34.033896+00:00,1903100451103,15.08,Aceptable,22.67,Bueno,interpolacion_delaunay,0,1939,184,111,81
2026-10-07T00:31:34.033896+00:00,1903103131601,19.67,Aceptable,30.13,Bueno,interpolacion_delaunay,0,3536,417,97,62
2026-10-07T00:31:34.033896+00:00,1903100451226,15.97,Aceptable,24.21,Bueno,interpolacion_delaunay,0,2587,267,90,42
2026-10-07T00:31:34.033896+00:00,1903103111512,15.68,Aceptable,23.2,Bueno,interpolacion_delaunay,0,2486,240,126,82
2026-10-07T00:31:34.033896+00:00,1903100451635,14.82,Bueno,22.61,Bueno,interpolacion_delaunay,0,3621,518,70,103
2026-10-07T00:31:34.033896+00:00,1903103131300,22.4,Aceptable,34.5,Bueno,promedio_sensores,1,4074,495,120,80
2026-10-07T00:31:34.033896+00:00,1903103111508,17.77,Aceptable,25.27,Bueno,interpolacion_delaunay,0,3724,412,113,64
2026-10-07T00:31:34.033896+00:00,1903100451387,13.82,Bueno,20.88,Bueno,interpolacion_delaunay,0,1540,218,34,55
2026-10-07T00:31:34.033896+00:00,1903100452101,14.27,Bueno,21.8,Bueno,interpolacion_delaunay,0,1249,214,20,18
2026-10-07T00:31:34.033896+00:00,1903100451283,16.68,Aceptable,25.57,Bueno,interpolacion_delaunay,0,3230,373,88,78
2026-10-07T00:31:34.033896+00:00,1903103111527,16.66,Aceptable,24.19,Bueno,interpolacion_delaunay,0,1682,145,143,89
2026-10-07T00:31:34.033896+00:00,1903100452402,16.33,Aceptable,25.1,Bueno,interpolacion_delaunay,0,0,0,0,0
2026-10-07T06:28:08.345227+00:00,1900601740121,27.6,Aceptable,35.8,Bueno,promedio_sensores,1,2694,310,73,36
2026-10-07T06:28:08.345227+00:00,1900601740155,25.0,Aceptable,32.15,Bueno,interpolacion_delaunay,0,1820,285,54,16
2026-10-07T06:28:08.345227+00:00,1900600781948,24.17,Aceptable,30.98,Bueno,interpolacion_delaunay,0,1170,93,69,32
2026-10-07T06:28:08.345227+00:00,1900600012236,20.78,Aceptable,26.3,Bueno,interpolacion_delaunay,0,264,28,6,0
2026-10-07T06:28:08.345227+00:00,1900600010225,21.18,Aceptable,27.55,Bueno,interpolacion_delaunay,0,1,0,0,0
2026-10-07T06:28:08.345227+00:00,1900600010206,15.87,Aceptable,20.47,Bueno,interpolacion_delaunay,0,6646,747,526,177
2026-10-07T06:28:08.345227+00:00,1900600010210,20.25,Aceptable,26.35,Bueno,interpolacion_delaunay,0,0,0,0,0
2026-10-07T06:28:08.345227+00:00,1900600010244,18.07,Aceptable,23.16,Bueno,interpolacion_delaunay,0,90,3,14,3
2026-10-07T06:28:08.345227+00:00,1900600010259,16.32,Aceptable,20.87,Bueno,interpolacion_delaunay,0,3329,268,159,53
2026-10-07T06:28:08.345227+00:00,1900600010278,18.6,Aceptable,23.83,Bueno,interpolacion_delaunay,0,486,52,18,8
2026-10-07T06:28:08.345227+00:00,1900600010297,22.97,Aceptable,29.68,Bueno,interpolacion_delaunay,0,5850,524,288,225
2026-10-07T06:28:08.345227+00:00,1900600010475,19.78,Aceptable,25.4,Bueno,interpolacion_delaunay,0,4729,407,844,249
2026-10-07T06:28:08.345227+00:00,190060001030A,23.59,Aceptable,30.49,Bueno,interpolacion_delaunay,0,4134,431,170,127
2026-10-07T06:28:08.345227+00:00,1900600010348,18.61,Aceptable,23.46,Bueno,interpolacion_delaunay,0,7877,871,609,196
2026-10-07T06:28:08.345227+00:00,1900600010460,18.8,Aceptable,24.05,Bueno,interpolacion_delaunay,0,4909,343,1088,217
2026-10-07T06:28:08.345227+00:00,1900600010352,19.61,Aceptable,24.75,Bueno,interpolacion_delaunay,0,1017,63,153,80
2026-10-07T06:28:08.345227+00:00,1900600010367,18.58,Aceptable,23.33,Bueno,interpolacion_delaunay,0,469,45,60,46
2026-10-07T06:28:08.345227+00:00,1900600010403,14.64,Bueno,19.18,Bueno,interpolacion_delaunay,0,4726,352,972,196
2026-10-07T06:28:08.345227+00:00,190060001055A,15.63,Aceptable,20.45,Bueno,interpolacion_delaunay,0,4579,363,547,197
2026-10-07T06:28:08.345227+00:00,1900600010583,19.85,Aceptable,25.65,Bueno,interpolacion_delaunay,0,4964,382,425,153
2026-10-07T06:28:08.345227+00:00,1900600010598,21.53,Aceptable,27.9,Bueno,interpolacion_delaunay,0,5332,416,338,212
2026-10-07T06:28:08.345227+00:00,1900600010723,12.68,Bueno,15.76,Bueno,interpolacion_delaunay,0,5109,353,1039,281
2026-10-07T06:28:08.345227+00:00,1900600010780,21.21,Aceptable,27.19,Bueno,interpolacion_delaunay,0,3755,348,382,222
2026-10-07T06:28:08.345227+00:00,1900600010795,20.51,Aceptable,26.17,Bueno,interpolacion_delaunay,0,5270,506,424,204
2026-10-07T06:28:08.345227+00:00,1900600010808,19.67,Aceptable,24.96,Bueno,interpolacion_delaunay,0,3443,304,372,102
2026-10-07T06:28:08.345227+00:00,1900600010920,14.0,Bueno,18.4,Bueno,promedio_sensores,1,5729,316,496,128
2026-10-07T06:28:08.345227+00:00,1900600011011,17.25,Aceptable,22.23,Bueno,interpolacion_delaunay,0,0,0,0,0
2026-10-07T06:28:08.345227+00:00,1900600011026,18.28,Aceptable,23.56,Bueno,interpolacion_delaunay,0,0,0,0,0
2026-10-07T06:28:08.345227+00:00,1900600011064,14.49,Bueno,18.91,Bueno,interpolacion_delaunay,0,4513,371,370,162
2026-10-07T06:28:08.345227+00:00,1900600011098,16.17,Aceptable,20.91,Bueno,interpolacion_delaunay,0,5772,542,419,165
2026-10-07T06:28:08.345227+00:00,1900600011149,19.74,Aceptable,24.86,Bueno,interpolacion_delaunay,0,1140,100,87,38
2026-10-07T06:28:08.345227+00:00,1900600011350,14.79,Bueno,19.28,Bueno,interpolacion_delaunay,0,3323,233,353,93
2026-10-07T06:28:08.345227+00:00,1900600011365,14.95,Bueno,19.42,Bueno,interpolacion_delaunay,0,3259,285,225,87
2026-10-07T06:28:08.345227+00:00,190060001137A,13.1,Bueno,16.51,Bueno,interpolacion_delaunay,0,2748,223,522,132
2026-10-07T06:28:08.345227+00:00,1900600011632,24.99,Aceptable,32.4,Bueno,interpolacion_delaunay,0,5931,475,161,144
2026-10-07T06:28:08.345227+00:00,1900600011384,13.43,Bueno,17.03,Bueno,interpolacion_delaunay,0,3359,263,352,73
2026-10-07T06:28:08.345227+00:00,1900600011399,15.54,Aceptable,20.15,Bueno,interpolacion_delaunay,0,2371,274,284,91
2026-10-07T06:28:08.345227+00:00,1900600011469,24.62,Aceptable,31.93,Bueno,interpolacion_delaunay,0,1932,125,131,96
2026-10-07T06:28:08.345227+00:00,1900600011401,14.86,Bueno,19.16,Bueno,interpolacion_delaunay,0,3593,269,468,144
2026-10-07T06:28:08.345227+00:00,190060001144A,23.5,Aceptable,30.51,Bueno,interpolacion_delaunay,0,6239,575,321,95
2026-10-07T06:28:08.345227+00:00,1900600011473,20.61,Aceptable,26.65,Bueno,interpolacion_delaunay,0,2826,209,259,107
2026-10-07T06:28:08.345227+00:00,1900600011488,20.09,Aceptable,25.9,Bueno,interpolacion_delaunay,0,2922,234,293,96
2026-10-07T06:28:08.345227+00:00,1900600011492,20.44,Aceptable,26.21,Bueno,interpolacion_delaunay,0,1725,134,78,56
2026-10-07T06:28:08.345227+00:00,1900600011505,21.4,Aceptable,27.54,Bueno,interpolacion_delaunay,0,2030,151,78,103
2026-10-07T06:28:08.345227+00:00,190060001151A,21.76,Aceptable,27.99,Bueno,interpolacion_delaunay,0,4650,413,187,145
2026-10-07T06:28:08.345227+00:00,1900600011524,22.27,Aceptable,28.61,Bueno,interpolacion_delaunay,0,3658,279,744,150
2026-10-07T06:28:08.345227+00:00,1900600011539,21.48,Aceptable,27.46,Bueno,interpolacion_delaunay,0,3879,269,179,190
2026-10-07T06:28:08.345227+00:00,1900600011543,20.26,Aceptable,25.73,Bueno,interpolacion_delaunay,0,3926,372,127,91
2026-10-07T06:28:08.345227+00:00,1900600011844,24.32,Aceptable,31.39,Bueno,interpolacion_delaunay,0,1922,166,57,23
2026-10-07T06:28:08.345227+00:00,1900600011666,24.77,Aceptable,32.04,Bueno,interpolacion_delaunay,0,2454,221,74,68
2026-10-07T06:28:08.345227+00:00,1900600011859,23.91,Aceptable,30.78,Bueno,interpolacion_delaunay,0,1533,143,46,34
2026-10-07T06:28:08.345227+00:00,1900600011863,21.16,Aceptable,26.94,Bueno,interpolacion_delaunay,0,1050,130,36,5
2026-10-07T06:28:08.345227+00:00,1900600011878,21.65,Aceptable,27.49,Bueno,interpolacion_delaunay,0,5255,440,206,130
2026-10-07T06:28:08.345227+00:00,1900600011882,22.26,Aceptable,28.31,Bueno,interpolacion_delaunay,0,5356,444,208,243
2026-10-07T06:28:08.345227+00:00,190060001190A,20.44,Aceptable,25.8,Bueno,interpolacion_delaunay,0,3346,296,126,99
2026-10-07T06:28:08.345227+00:00,1900600011914,21.58,Aceptable,27.34,Bueno,interpolacion_delaunay,0,5844,518,215,189
2026-10-07T06:28:08.345227+00:00,1900600011929,22.38,Aceptable,28.46,Bueno,interpolacion_delaunay,0,5690,426,232,211
2026-10-07T06:28:08.345227+00:00,1900600012043,23.38,Aceptable,29.93,Bueno,interpolacion_delaunay,0,3660,375,120,69
2026-10-07T06:28:08.345227+00:00,1900600012109,23.62,Aceptable,30.41,Bueno,interpolacion_delaunay,0,1488,155,32,33
2026-10-07T06:28:08.345227+00:00,1900600012128,21.58,Aceptable,27.54,Bueno,interpolacion_delaunay,0,1714,168,66,31
2026-10-07T06:28:08.345227+00:00,190060001226A,20.32,Aceptable,26.13,Bueno,interpolacion_delaunay,0,4528,324,328,117
2026-10-07T06:28:08.345227+00:00,1900600012274,21.94,Aceptable,28.35,Bueno,interpolacion_delaunay,0,5782,615,191,106
2026-10-07T06:28:08.345227+00:00,190060001233A,24.07,Aceptable,30.95,Bueno,interpolacion_delaunay,0,2449,267,53,48
2026-10-07T06:28:08.345227+00:00,1900600012414,22.78,Aceptable,29.23,Bueno,interpolacion_delaunay,0,2297,332,39,45
2026-10-07T06:28:08.345227+00:00,1900600012429,22.67,Aceptable,29.0,Bueno,interpolacion_delaunay,0,3283,479,97,39
2026-10-07T06:28:08.345227+00:00,1900600012734,21.09,Aceptable,26.77,Bueno,interpolacion_delaunay,0,961,146,24,13
2026-10-07T06:28:08.345227+00:00,1900600010992,17.92,Aceptable,23.23,Bueno,interpolacion_delaunay,0,0,0,0,0
2026-10-07T06:28:08.345227+00:00,1900600012804,17.24,Aceptable,22.41,Bueno,interpolacion_delaunay,0,705,129,13,7
2026-10-07T06:28:08.345227+00:00,1900600011897,23.16,Aceptable,29.56,Bueno,interpolacion_delaunay,0,3063,294,202,149
2026-10-07T06:28:08.345227+00:00,1900600012202,23.31,Aceptable,29.76,Bueno,interpolacion_delaunay,0,372,48,3,8
2026-10-07T06:28:08.345227+00:00,1900600012039,22.69,Aceptable,28.89,Bueno,interpolacion_delaunay,0,2684,242,90,67
2026-10-07T06:28:08.345227+00:00,1900601740047,26.29,Aceptable,34.07,Bueno,interpolacion_delaunay,0,1719,266,38,40
2026-10-07T06:28:08.345227+00:00,190190001005A,14.57,Bueno,15.93,Bueno,interpolacion_delaunay,0,2404,108,693,69
2026-10-07T06:28:08.345227+00:00,1901900010064,13.85,Bueno,15.1,Bueno,promedio_sensores,4,2721,181,677,58
2026-10-07T06:28:08.345227+00:00,1901900010079,16.2,Aceptable,17.6,Bueno,promedio_sensores,1,4464,212,1159,127
2026-10-07T06:28:08.345227+00:00,1901900010083,9.2,Bueno,9.7,Bueno,promedio_sensores,3,1374,63,441,45
2026-10-07T06:28:08.345227+00:00,1901900010098,8.6,Bueno,9.2,Bueno,promedio_sensores,1,1854,103,460,42
2026-10-07T06:28:08.345227+00:00,1901900010100,11.4,Bueno,12.6,Bueno,promedio_sensores,1,1944,129,547,21
2026-10-07T06:28:08.345227+00:00,1901900010149,10.3,Bueno,11.5,Bueno,promedio_sensores,1,1163,75,215,15
2026-10-07T06:28:08.345227+00:00,1901900010153,10.7,Bueno,11.9,Bueno,promedio_sensores,1,1800,134,430,81
2026-10-07T06:28:08.345227+00:00,1901900010168,18.0,Aceptable,20.3,Bueno,promedio_sensores,1,1570,81,416,43
2026-10-07T06:28:08.345227+00:00,1901900010172,11.36,Bueno,12.6,Bueno,interpolacion_delaunay,0,1335,59,357,29
2026-10-07T06:28:08.345227+00:00,1901900010187,8.73,Bueno,9.57,Bueno,interpolacion_delaunay,0,4463,306,999,93
2026-10-07T06:28:08.345227+00:00,1901900010191,6.4,Bueno,6.8,Bueno,promedio_sensores,1,2824,172,637,108
2026-10-07T06:28:08.345227+00:00,1901900010204,9.13,Bueno,9.94,Bueno,interpolacion_delaunay,0,3926,317,736,119
2026-10-07T06:28:08.345227+00:00,1901900010223,9.42,Bueno,10.25,Bueno,interpolacion_delaunay,0,2979,89,503,54
2026-10-07T06:28:08.345227+00:00,1901900010238,8.7,Bueno,9.4,Bueno,promedio_sensores,1,1904,73,302,23
2026-10-07T06:28:08.345227+00:00,1901900010242,6.2,Bueno,6.63,Bueno,promedio_sensores,3,2717,143,729,92
2026-10-07T06:28:08.345227+00:00,1901900010257,10.8,Bueno,11.7,Bueno,promedio_sensores,1,1307,56,361,13
2026-10-07T06:28:08.345227+00:00,1901900010261,4.8,Bueno,5.4,Bueno,promedio_sensores,2,2240,113,567,42
2026-10-07T06:28:08.345227+00:00,1901900010280,8.63,Bueno,9.29,Bueno,interpolacion_delaunay,0,2690,79,360,43
2026-10-07T06:28:08.345227+00:00,1901900010350,9.45,Bueno,10.31,Bueno,interpolacion_delaunay,0,2768,148,592,68
2026-10-07T06:28:08.345227+00:00,1901900010365,14.9,Bueno,15.2,Bueno,promedio_sensores,1,3419,327,293,61
2026-10-07T06:28:08.345227+00:00,1901900010399,9.85,Bueno,10.2,Bueno,promedio_sensores,2,1162,6,68,0
2026-10-07T06:28:08.345227+00:00,1901900010401,5.7,Bueno,6.5,Bueno,promedio_sensores,1,2375,247,392,86
2026-10-07T06:28:08.345227+00:00,1901900010416,6.39,Bueno,7.01,Bueno,interpolacion_delaunay,0,700,19,105,4
2026-10-07T06:28:08.345227+00:00,1901900010420,9.2,Bueno,10.0,Bueno,promedio_sensores,1,1696,93,408,47
2026-10-07T06:28:08.345227+00:00,1901900010435,8.9,Bueno,9.6,Bueno,promedio_sensores,1,4494,346,601,54
2026-10-07T06:28:08.345227+00:00,190190001044A,6.47,Bueno,7.23,Bueno,promedio_sensores,3,4383,354,439,56
2026-10-07T06:28:08.345227+00:00,1901900010454,8.6,Bueno,9.15,Bueno,promedio_sensores,2,557,26,114,11
2026-10-07T06:28:08.345227+00:00,1901900010469,7.9,Bueno,9.1,Bueno,promedio_sensores,1,3112,170,568,37
2026-10-07T06:28:08.345227+00:00,1901900010473,7.02,Bueno,7.87,Bueno,interpolacion_delaunay,0,983,46,182,19
2026-10-07T06:28:08.345227+00:00,1901900010488,9.1,Bueno,10.0,Bueno,promedio_sensores,2,2757,295,371,102
2026-10-07T06:28:08.345227+00:00,1901900010492,7.65,Bueno,8.2,Bueno,promedio_sensores,2,2848,173,697,71
2026-10-07T06:28:08.345227+00:00,1901900010505,7.54,Bueno,8.05,Bueno,interpolacion_delaunay,0,2494,111,512,19
2026-10-07T06:28:08.345227+00:00,190190001051A,6.7,Bueno,7.1,Bueno,promedio_sensores,1,1899,111,507,36
2026-10-07T06:28:08.345227+00:00,1901900010558,8.6,Bueno,9.07,Bueno,promedio_sensores,3,1349,87,230,21
2026-10-07T06:28:08.345227+00:00,1901900010613,7.34,Bueno,7.72,Bueno,interpolacion_delaunay,0,132,0,20,0
2026-10-07T06:28:08.345227+00:00,1901900010384,8.96,Bueno,9.68,Bueno,interpolacion_delaunay,0,1111,19,119,15
2026-10-07T06:28:08.345227+00:00,1901900010219,10.03,Bueno,10.97,Bueno,interpolacion_delaunay,0,1954,106,555,58
2026-10-07T06:28:08.345227+00:00,1902100011338,16.88,Aceptable,22.29,Bueno,interpolacion_delaunay,0,2800,219,134,55
2026-10-07T06:28:08.345227+00:00,1902100011817,12.2,Bueno,15.2,Bueno,promedio_sensores,1,583,52,40,11
2026-10-07T06:28:08.345227+00:00,1902100010293,14.35,Bueno,17.69,Bueno,interpolacion_delaunay,0,2008,84,165,35
2026-10-07T06:28:08.345227+00:00,190210001033A,13.41,Bueno,16.5,Bueno,interpolacion_delaunay,0,4000,286,440,91
2026-10-07T06:28:08.345227+00:00,1902100011060,21.23,Aceptable,27.52,Bueno,interpolacion_delaunay,0,3355,278,195,95
2026-10-07T06:28:08.345227+00:00,1902100010289,15.16,Aceptable,18.83,Bueno,interpolacion_delaunay,0,1352,78,109,44
2026-10-07T06:28:08.345227+00:00,1902100010325,16.31,Aceptable,19.93,Bueno,interpolacion_delaunay,0,1,0,0,0
2026-10-07T06:28:08.345227+00:00,1902100011412,12.6,Bueno,15.7,Bueno,promedio_sensores,1,3239,228,156,27
2026-10-07T06:28:08.345227+00:00,1902100011427,12.25,Bueno,15.14,Bueno,interpolacion_delaunay,0,4126,302,227,21
2026-10-07T06:28:08.345227+00:00,1902100011408,13.1,Bueno,16.69,Bueno,interpolacion_delaunay,0,6781,377,571,69
2026-10-07T06:28:08.345227+00:00,1902100011342,17.97,Aceptable,23.87,Bueno,interpolacion_delaunay,0,4655,261,185,126
2026-10-07T06:28:08.345227+00:00,1902100010043,20.01,Aceptable,25.2,Bueno,interpolacion_delaunay,0,4208,322,819,334
2026-10-07T06:28:08.345227+00:00,1902100010255,19.9,Aceptable,26.32,Bueno,interpolacion_delaunay,0,6704,625,410,194
2026-10-07T06:28:08.345227+00:00,1902100010378,18.9,Aceptable,23.1,Bueno,promedio_sensores,1,4134,262,294,72
2026-10-07T06:28:08.345227+00:00,1902100011075,21.56,Aceptable,28.12,Bueno,interpolacion_delaunay,0,8122,855,320,248
2026-10-07T06:28:08.345227+00:00,1902600011832,18.19,Aceptable,23.0,Bueno,interpolacion_delaunay,0,3764,305,386,174
2026-10-07T06:28:08.345227+00:00,1902600010035,19.89,Aceptable,25.35,Bueno,interpolacion_delaunay,0,1597,156,285,106
2026-10-07T06:28:08.345227+00:00,1902600012332,7.11,Bueno,8.8,Bueno,interpolacion_delaunay,0,5634,507,898,399
2026-10-07T06:28:08.345227+00:00,1902600010020,18.51,Aceptable,23.55,Bueno,interpolacion_delaunay,0,1825,174,355,160
2026-10-07T06:28:08.345227+00:00,1902600011279,19.37,Aceptable,24.73,Bueno,interpolacion_delaunay,0,4324,384,731,269
2026-10-07T06:28:08.345227+00:00,1902600011283,20.02,Aceptable,25.59,Bueno,interpolacion_delaunay,0,3719,341,754,207
2026-10-07T06:28:08.345227+00:00,1902600012440,16.54,Aceptable,20.89,Bueno,interpolacion_delaunay,0,2604,133,153,35
2026-10-07T06:28:08.345227+00:00,1902600012667,14.92,Bueno,17.97,Bueno,interpolacion_delaunay,0,778,73,30,14
2026-10-07T06:28:08.345227+00:00,1902600012811,5.73,Bueno,6.89,Bueno,interpolacion_delaunay,0,26,4,0,0
2026-10-07T06:28:08.345227+00:00,1902600010459,9.73,Bueno,11.02,Bueno,interpolacion_delaunay,0,3039,123,850,229
2026-10-07T06:28:08.345227+00:00,1902600010317,11.27,Bueno,12.87,Bueno,interpolacion_delaunay,0,4084,275,902,321
2026-10-07T06:28:08.345227+00:00,1902600010957,18.94,Aceptable,24.07,Bueno,interpolacion_delaunay,0,5841,533,1121,336
2026-10-07T06:28:08.345227+00:00,1902600011103,15.29,Aceptable,18.49,Bueno,interpolacion_delaunay,0,950,69,80,47
2026-10-07T06:28:08.345227+00:00,1902600011457,10.7,Bueno,12.61,Bueno,interpolacion_delaunay,0,2279,129,466,94
2026-10-07T06:28:08.345227+00:00,1902600011404,6.71,Bueno,7.47,Bueno,interpolacion_delaunay,0,3115,227,702,219
2026-10-07T06:28:08.345227+00:00,1902600011508,15.03,Aceptable,18.13,Bueno,interpolacion_delaunay,0,1978,175,250,90
2026-10-07T06:28:08.345227+00:00,1902600011828,18.07,Aceptable,22.97,Bueno,interpolacion_delaunay,0,2175,178,266,60
2026-10-07T06:28:08.345227+00:00,1902600011847,17.59,Aceptable,22.14,Bueno,interpolacion_delaunay,0,4488,374,407,157
2026-10-07T06:28:08.345227+00:00,1902600012402,12.82,Bueno,15.51,Bueno,interpolacion_delaunay,0,2699,234,353,170
2026-10-07T06:28:08.345227+00:00,1902600012205,11.38,Bueno,13.76,Bueno,interpolacion_delaunay,0,4435,432,502,204
2026-10-07T06:28:08.345227+00:00,1902600012258,16.03,Aceptable,19.53,Bueno,interpolacion_delaunay,0,1006,77,102,40
2026-10-07T06:28:08.345227+00:00,1902600012296,14.0,Bueno,16.91,Bueno,interpolacion_delaunay,0,4398,237,919,190
2026-10-07T06:28:08.345227+00:00,1902600012455,17.08,Aceptable,21.53,Bueno,interpolacion_delaunay,0,4962,328,296,118
2026-10-07T06:28:08.345227+00:00,1902600010302,11.0,Bueno,12.5,Bueno,interpolacion_delaunay,0,2790,166,675,209
2026-10-07T06:28:08.345227+00:00,1902600010425,10.7,Bueno,12.05,Bueno,interpolacion_delaunay,0,3687,235,843,230
2026-10-07T06:28:08.345227+00:00,1902600010533,11.05,Bueno,12.48,Bueno,interpolacion_delaunay,0,1681,81,395,96
2026-10-07T06:28:08.345227+00:00,1902600011813,17.65,Aceptable,22.42,Bueno,interpolacion_delaunay,0,5250,447,545,129
2026-10-07T06:28:08.345227+00:00,1902600011851,17.05,Aceptable,21.36,Bueno,interpolacion_delaunay,0,4115,305,359,155
2026-10-07T06:28:08.345227+00:00,1902600012436,17.04,Aceptable,21.63,Bueno,interpolacion_delaunay,0,3242,185,145,20
2026-10-07T06:28:08.345227+00:00,1902600012686,16.8,Aceptable,20.61,Bueno,interpolacion_delaunay,0,40,3,7,5
2026-10-07T06:28:08.345227+00:00,1902600010124,13.84,Bueno,16.55,Bueno,interpolacion_delaunay,0,2665,140,749,113
2026-10-07T06:28:08.345227+00:00,1902600012417,13.94,Bueno,16.84,Bueno,interpolacion_delaunay,0,2073,147,228,128
2026-10-07T06:28:08.345227+00:00,1902600012347,7.85,Bueno,9.61,Bueno,interpolacion_delaunay,0,4440,433,247,105
2026-10-07T06:28:08.345227+00:00,190260001239A,12.43,Bueno,14.8,Bueno,interpolacion_delaunay,0,2697,236,207,88
2026-10-07T06:28:08.345227+00:00,190260001260A,16.36,Aceptable,19.99,Bueno,interpolacion_delaunay,0,979,82,21,36
2026-10-07T06:28:08.345227+00:00,1902600011391,13.07,Bueno,15.39,Bueno,interpolacion_delaunay,0,3747,280,1036,286
2026-10-07T06:28:08.345227+00:00,1902600010251,14.07,Bueno,16.72,Bueno,interpolacion_delaunay,0,6072,581,994,581
2026-10-07T06:28:08.345227+00:00,1902600010707,8.38,Bueno,9.78,Bueno,interpolacion_delaunay,0,4261,296,986,365
2026-10-07T06:28:08.345227+00:00,190260001157A,8.05,Bueno,9.41,Bueno,interpolacion_delaunay,0,2161,148,444,126
2026-10-07T06:28:08.345227+00:00,1902600011654,11.97,Bueno,14.46,Bueno,interpolacion_delaunay,0,3737,309,535,205
2026-10-07T06:28:08.345227+00:00,1902600012385,5.72,Bueno,6.89,Bueno,interpolacion_delaunay,0,108,11,8,5
2026-10-07T06:28:08.345227+00:00,1902600011495,14.22,Bueno,16.98,Bueno,interpolacion_delaunay,0,2675,203,421,91
2026-10-07T06:28:08.345227+00:00,1902600012525,8.57,Bueno,10.44,Bueno,interpolacion_delaunay,0,6162,464,363,124
2026-10-07T06:28:08.345227+00:00,1902600010995,17.42,Aceptable,21.8,Bueno,interpolacion_delaunay,0,1016,61,224,56
2026-10-07T06:28:08.345227+00:00,1902600011866,13.57,Bueno,16.11,Bueno,interpolacion_delaunay,0,3064,167,548,67
2026-10-07T06:28:08.345227+00:00,190260001207A,6.33,Bueno,7.04,Bueno,interpolacion_delaunay,0,2199,99,452,47
2026-10-07T06:28:08.345227+00:00,1902600012120,7.11,Bueno,7.23,Bueno,interpolacion_delaunay,0,1092,33,384,28
2026-10-07T06:28:08.345227+00:00,1902600012135,11.24,Bueno,11.38,Bueno,interpolacion_delaunay,0,1356,47,414,29
2026-10-07T06:28:08.345227+00:00,1902600012544,9.48,Bueno,11.62,Bueno,interpolacion_delaunay,0,2171,187,206,83
2026-10-07T06:28:08.345227+00:00,1902600010069,12.93,Bueno,14.98,Bueno,interpolacion_delaunay,0,1920,94,579,107
2026-10-07T06:28:08.345227+00:00,1902600010073,13.05,Bueno,15.17,Bueno,interpolacion_delaunay,0,3137,159,955,77
2026-10-07T06:28:08.345227+00:00,1902600010088,13.18,Bueno,15.42,Bueno,interpolacion_delaunay,0,2870,157,722,160
2026-10-07T06:28:08.345227+00:00,1902600010158,12.76,Bueno,14.55,Bueno,interpolacion_delaunay,0,1517,70,502,83
2026-10-07T06:28:08.345227+00:00,190260001029A,10.5,Bueno,11.84,Bueno,interpolacion_delaunay,0,1809,94,461,133
2026-10-07T06:28:08.345227+00:00,1902600011885,12.82,Bueno,14.8,Bueno,interpolacion_delaunay,0,1944,100,497,103
2026-10-07T06:28:08.345227+00:00,1902600012192,16.22,Aceptable,19.8,Bueno,interpolacion_delaunay,0,2742,217,241,94
2026-10-07T06:28:08.345227+00:00,1902600012243,6.34,Bueno,7.9,Bueno,interpolacion_delaunay,0,316,37,21,22
2026-10-07T06:28:08.345227+00:00,1902600012421,14.05,Bueno,17.12,Bueno,interpolacion_delaunay,0,2385,134,120,49
2026-10-07T06:28:08.345227+00:00,1902600012597,15.13,Aceptable,18.27,Bueno,interpolacion_delaunay,0,3539,244,126,97
2026-10-07T06:28:08.345227+00:00,1902600011029,16.39,Aceptable,20.42,Bueno,interpolacion_delaunay,0,1109,94,97,45
2026-10-07T06:28:08.345227+00:00,190260001189A,12.8,Bueno,14.72,Bueno,interpolacion_delaunay,0,2117,131,543,112
2026-10-07T06:28:08.345227+00:00,1902600012703,5.94,Bueno,7.14,Bueno,interpolacion_delaunay,0,632,49,33,14
2026-10-07T06:28:08.345227+00:00,1902600011372,13.71,Bueno,16.07,Bueno,interpolacion_delaunay,0,2451,168,520,192
2026-10-07T06:28:08.345227+00:00,1902600012366,16.57,Aceptable,20.3,Bueno,interpolacion_delaunay,0,350,28,12,6
2026-10-07T06:28:08.345227+00:00,1902600010321,12.44,Bueno,14.32,Bueno,interpolacion_delaunay,0,5159,259,1483,335
2026-10-07T06:28:08.345227+00:00,1902600010336,12.65,Bueno,14.61,Bueno,interpolacion_delaunay,0,3112,150,945,118
2026-10-07T06:28:08.345227+00:00,1902600010340,13.26,Bueno,15.39,Bueno,interpolacion_delaunay,0,5009,289,1452,316
2026-10-07T06:28:08.345227+00:00,1902600010355,13.49,Bueno,15.73,Bueno,interpolacion_delaunay,0,2172,143,527,123
2026-10-07T06:28:08.345227+00:00,1902600010389,13.86,Bueno,16.3,Bueno,interpolacion_delaunay,0,3485,223,809,188
2026-10-07T06:28:08.345227+00:00,1902600010393,13.94,Bueno,16.46,Bueno,interpolacion_delaunay,0,4293,274,932,186
2026-10-07T06:28:08.345227+00:00,1902600010618,10.16,Bueno,11.9,Bueno,interpolacion_delaunay,0,3420,248,733,217
2026-10-07T06:28:08.345227+00:00,1902600010730,8.05,Bueno,9.26,Bueno,interpolacion_delaunay,0,4610,359,992,364
2026-10-07T06:28:08.345227+00:00,1902600011033,14.79,Bueno,18.09,Bueno,interpolacion_delaunay,0,5199,444,572,162
2026-10-07T06:28:08.345227+00:00,1902600011122,10.87,Bueno,13.26,Bueno,interpolacion_delaunay,0,6940,637,766,300
2026-10-07T06:28:08.345227+00:00,1902600011546,8.25,Bueno,9.47,Bueno,interpolacion_delaunay,0,3715,209,870,202
2026-10-07T06:28:08.345227+00:00,1902600011461,10.79,Bueno,12.78,Bueno,interpolacion_delaunay,0,3227,233,684,198
2026-10-07T06:28:08.345227+00:00,190260001132A,13.23,Bueno,15.33,Bueno,interpolacion_delaunay,0,2713,152,488,78
2026-10-07T06:28:08.345227+00:00,1902600011334,14.37,Bueno,17.22,Bueno,interpolacion_delaunay,0,3525,289,683,240
2026-10-07T06:28:08.345227+00:00,1902600011349,14.48,Bueno,17.42,Bueno,interpolacion_delaunay,0,2716,239,484,222
2026-10-07T06:28:08.345227+00:00,1902600011368,13.63,Bueno,15.95,Bueno,interpolacion_delaunay,0,3348,226,652,119
2026-10-07T06:28:08.345227+00:00,1902600011419,10.74,Bueno,12.29,Bueno,interpolacion_delaunay,0,2833,144,728,158
2026-10-07T06:28:08.345227+00:00,1902600011442,10.0,Bueno,11.76,Bueno,interpolacion_delaunay,0,3169,182,598,174
2026-10-07T06:28:08.345227+00:00,1902600011565,8.26,Bueno,9.59,Bueno,interpolacion_delaunay,0,4076,290,816,263
2026-10-07T06:28:08.345227+00:00,1902600011584,8.06,Bueno,9.36,Bueno,interpolacion_delaunay,0,4255,317,895,221
2026-10-07T06:28:08.345227+00:00,1902600011599,8.71,Bueno,10.16,Bueno,interpolacion_delaunay,0,2923,228,572,152
2026-10-07T06:28:08.345227+00:00,1902600011601,7.4,Bueno,8.4,Bueno,promedio_sensores,1,3474,261,775,299
2026-10-07T06:28:08.345227+00:00,1902600011688,8.35,Bueno,9.77,Bueno,interpolacion_delaunay,0,3727,240,688,249
2026-10-07T06:28:08.345227+00:00,190260001171A,7.35,Bueno,8.75,Bueno,interpolacion_delaunay,0,4383,321,770,213
2026-10-07T06:28:08.345227+00:00,1902600012008,5.87,Bueno,6.59,Bueno,interpolacion_delaunay,0,1064,52,278,35
2026-10-07T06:28:08.345227+00:00,1902600011781,5.67,Bueno,6.6,Bueno,interpolacion_delaunay,0,260,22,25,0
2026-10-07T06:28:08.345227+00:00,1902600011989,8.79,Bueno,10.16,Bueno,interpolacion_delaunay,0,3336,217,653,151
2026-10-07T06:28:08.345227+00:00,1902600012027,8.37,Bueno,9.9,Bueno,interpolacion_delaunay,0,5601,339,676,195
2026-10-07T06:28:08.345227+00:00,1902600012116,6.66,Bueno,8.12,Bueno,interpolacion_delaunay,0,2265,174,319,64
2026-10-07T06:28:08.345227+00:00,1902600012328,15.97,Aceptable,19.44,Bueno,interpolacion_delaunay,0,2737,200,173,54
2026-10-07T06:28:08.345227+00:00,1902600012510,9.59,Bueno,11.66,Bueno,interpolacion_delaunay,0,3466,257,269,90
2026-10-07T06:28:08.345227+00:00,1902600012578,7.25,Bueno,8.86,Bueno,interpolacion_delaunay,0,2465,185,298,196
2026-10-07T06:28:08.345227+00:00,1902600012582,7.15,Bueno,8.72,Bueno,interpolacion_delaunay,0,2739,201,423,283
2026-10-07T06:28:08.345227+00:00,1902600012614,15.02,Aceptable,18.11,Bueno,interpolacion_delaunay,0,3024,272,68,36
2026-10-07T06:28:08.345227+00:00,1902600010177,12.95,Bueno,14.91,Bueno,interpolacion_delaunay,0,1769,60,559,90
2026-10-07T06:28:08.345227+00:00,1902600010444,7.75,Bueno,8.7,Bueno,interpolacion_delaunay,0,2474,121,665,111
2026-10-07T06:28:08.345227+00:00,1902600011531,8.49,Bueno,9.73,Bueno,interpolacion_delaunay,0,3594,235,816,160
2026-10-07T06:28:08.345227+00:00,1902600010232,13.85,Bueno,16.4,Bueno,interpolacion_delaunay,0,2521,162,744,110
2026-10-07T06:28:08.345227+00:00,1902600010196,13.06,Bueno,15.1,Bueno,interpolacion_delaunay,0,1557,66,485,73
2026-10-07T06:28:08.345227+00:00,1902600010213,13.64,Bueno,16.07,Bueno,interpolacion_delaunay,0,2063,114,530,142
2026-10-07T06:28:08.345227+00:00,190260001011A,13.7,Bueno,16.27,Bueno,interpolacion_delaunay,0,3115,155,816,154
2026-10-07T06:28:08.345227+00:00,1902600010162,12.85,Bueno,14.74,Bueno,interpolacion_delaunay,0,1624,64,473,65
2026-10-07T06:28:08.345227+00:00,1902600010181,12.68,Bueno,14.5,Bueno,interpolacion_delaunay,0,1561,63,499,94
2026-10-07T06:28:08.345227+00:00,1902600010228,13.65,Bueno,16.03,Bueno,interpolacion_delaunay,0,1619,140,316,120
2026-10-07T06:28:08.345227+00:00,1902600010603,10.15,Bueno,11.85,Bueno,interpolacion_delaunay,0,1632,93,346,132
2026-10-07T06:28:08.345227+00:00,1902600010745,8.18,Bueno,9.48,Bueno,interpolacion_delaunay,0,1565,113,330,126
2026-10-07T06:28:08.345227+00:00,1902600010798,7.09,Bueno,8.22,Bueno,interpolacion_delaunay,0,3364,210,732,231
2026-10-07T06:28:08.345227+00:00,1902600010815,6.65,Bueno,7.91,Bueno,interpolacion_delaunay,0,4739,363,1000,268
2026-10-07T06:28:08.345227+00:00,1902600011438,7.85,Bueno,8.81,Bueno,interpolacion_delaunay,0,1771,89,459,85
2026-10-07T06:28:08.345227+00:00,1902600011476,9.71,Bueno,11.46,Bueno,interpolacion_delaunay,0,3270,215,839,209
2026-10-07T06:28:08.345227+00:00,1902600011777,6.17,Bueno,7.14,Bueno,interpolacion_delaunay,0,3599,312,366,80
2026-10-07T06:28:08.345227+00:00,1902600012031,8.6,Bueno,10.3,Bueno,interpolacion_delaunay,0,4385,273,421,152
2026-10-07T06:28:08.345227+00:00,1902600012173,4.1,Bueno,4.61,Bueno,interpolacion_delaunay,0,108,5,10,3
2026-10-07T06:28:08.345227+00:00,1902600012474,15.11,Aceptable,18.77,Bueno,interpolacion_delaunay,0,3828,248,138,120
2026-10-07T06:28:08.345227+00:00,190260001253A,10.76,Bueno,13.08,Bueno,interpolacion_delaunay,0,1418,134,74,37
2026-10-07T06:28:08.345227+00:00,1902600012648,9.84,Bueno,11.59,Bueno,interpolacion_delaunay,0,1998,125,415,138
2026-10-07T06:28:08.345227+00:00,1902600012794,14.3,Bueno,17.15,Bueno,interpolacion_delaunay,0,776,83,32,8
2026-10-07T06:28:08.345227+00:00,1902600012775,14.24,Bueno,17.13,Bueno,interpolacion_delaunay,0,1381,194,42,36
2026-10-07T06:28:08.345227+00:00,1902600012898,3.47,Bueno,3.55,Bueno,interpolacion_delaunay,0,21,3,0,0
2026-10-07T06:28:08.345227+00:00,1902600010849,6.15,Bueno,7.55,Bueno,interpolacion_delaunay,0,1926,132,278,87
2026-10-07T06:28:08.345227+00:00,1902600012262,14.08,Bueno,16.82,Bueno,interpolacion_delaunay,0,2668,227,217,83
2026-10-07T06:28:08.345227+00:00,1902600010266,14.27,Bueno,17.12,Bueno,interpolacion_delaunay,0,427,58,19,0
2026-10-07T06:28:08.345227+00:00,1902600010779,5.03,Bueno,5.7,Bueno,interpolacion_delaunay,0,677,45,131,66
2026-10-07T06:28:08.345227+00:00,1902600010872,5.92,Bueno,6.0,Bueno,interpolacion_delaunay,0,3088,114,989,72
2026-10-07T06:28:08.345227+00:00,1902600011902,13.91,Bueno,16.54,Bueno,interpolacion_delaunay,0,2434,191,435,71
2026-10-07T06:28:08.345227+00:00,1902600011993,7.77,Bueno,8.96,Bueno,interpolacion_delaunay,0,3528,203,521,147
2026-10-07T06:28:08.345227+00:00,1902600012012,5.94,Bueno,6.65,Bueno,interpolacion_delaunay,0,2227,119,600,34
2026-10-07T06:28:08.345227+00:00,1902600012084,4.12,Bueno,4.48,Bueno,interpolacion_delaunay,0,1461,49,516,49
2026-10-07T06:28:08.345227+00:00,1902600012188,2.52,Bueno,2.7,Bueno,interpolacion_delaunay,0,460,18,82,4
2026-10-07T06:28:08.345227+00:00,1902600012277,14.03,Bueno,16.7,Bueno,interpolacion_delaunay,0,3597,281,616,228
2026-10-07T06:28:08.345227+00:00,190260001246A,16.28,Aceptable,20.39,Bueno,interpolacion_delaunay,0,4546,358,308,145
2026-10-07T06:28:08.345227+00:00,1902600012559,6.94,Bueno,8.34,Bueno,interpolacion_delaunay,0,4248,285,324,114
2026-10-07T06:28:08.345227+00:00,1902600012652,14.55,Bueno,17.49,Bueno,interpolacion_delaunay,0,3158,323,113,122
2026-10-07T06:28:08.345227+00:00,1902600012671,14.02,Bueno,16.83,Bueno,interpolacion_delaunay,0,1647,122,65,34
2026-10-07T06:28:08.345227+00:00,1902600012718,6.05,Bueno,7.53,Bueno,interpolacion_delaunay,0,2829,290,123,131
2026-10-07T06:28:08.345227+00:00,1902600012741,6.91,Bueno,7.94,Bueno,interpolacion_delaunay,0,1897,119,345,52
2026-10-07T06:28:08.345227+00:00,1902600012879,14.8,Bueno,17.8,Bueno,promedio_sensores,1,2144,300,65,16
2026-10-07T06:28:08.345227+00:00,1902600010285,8.9,Bueno,9.95,Bueno,interpolacion_delaunay,0,2844,174,613,185
2026-10-07T06:28:08.345227+00:00,1902600012690,5.63,Bueno,6.78,Bueno,interpolacion_delaunay,0,79,0,3,0
2026-10-07T06:28:08.345227+00:00,1902600012099,5.88,Bueno,6.99,Bueno,interpolacion_delaunay,0,5241,599,554,189
2026-10-07T06:28:08.345227+00:00,1902600011936,14.99,Bueno,18.28,Bueno,interpolacion_delaunay,0,2951,267,407,119
2026-10-07T06:28:08.345227+00:00,1902600012169,2.3,Bueno,2.51,Bueno,interpolacion_delaunay,0,1023,50,158,14
2026-10-07T06:28:08.345227+00:00,190260001118A,4.57,Bueno,5.14,Bueno,interpolacion_delaunay,0,3453,227,320,71
2026-10-07T06:28:08.345227+00:00,1902600012050,6.88,Bueno,8.18,Bueno,interpolacion_delaunay,0,4134,320,745,263
2026-10-07T06:28:08.345227+00:00,1902600012101,6.07,Bueno,7.31,Bueno,interpolacion_delaunay,0,3626,381,484,119
2026-10-07T06:28:08.345227+00:00,1902600012563,6.12,Bueno,7.43,Bueno,interpolacion_delaunay,0,2676,291,133,25
2026-10-07T06:28:08.345227+00:00,190260001278A,19.53,Aceptable,24.46,Bueno,interpolacion_delaunay,0,3558,402,98,36
2026-10-07T06:28:08.345227+00:00,1902600011921,15.71,Aceptable,19.3,Bueno,interpolacion_delaunay,0,2594,223,377,76
2026-10-07T06:28:08.345227+00:00,1902600010092,13.37,Bueno,15.75,Bueno,interpolacion_delaunay,0,4183,262,1039,106
2026-10-07T06:28:08.345227+00:00,1902600011300,13.99,Bueno,16.78,Bueno,interpolacion_delaunay,0,2915,163,792,188
2026-10-07T06:28:08.345227+00:00,1902600010143,15.33,Aceptable,18.91,Bueno,interpolacion_delaunay,0,2245,273,113,55
2026-10-07T06:28:08.345227+00:00,1902600011870,13.53,Bueno,15.99,Bueno,interpolacion_delaunay,0,3271,173,768,82
2026-10-07T06:28:08.345227+00:00,1902600011315,13.3,Bueno,15.55,Bueno,interpolacion_delaunay,0,3497,230,464,42
2026-10-07T06:28:08.345227+00:00,1902600011014,15.65,Aceptable,19.43,Bueno,interpolacion_delaunay,0,2155,150,459,98
2026-10-07T06:28:08.345227+00:00,1902600011616,9.89,Bueno,11.71,Bueno,interpolacion_delaunay,0,3883,311,769,201
2026-10-07T06:28:08.345227+00:00,1902600011620,10.22,Bueno,12.19,Bueno,interpolacion_delaunay,0,4814,356,1024,301
2026-10-07T06:28:08.345227+00:00,1902600011480,11.34,Bueno,13.53,Bueno,interpolacion_delaunay,0,4784,390,737,223
2026-10-07T06:28:08.345227+00:00,1902600010641,10.75,Bueno,12.73,Bueno,interpolacion_delaunay,0,2917,240,627,202
2026-10-07T06:28:08.345227+00:00,1902600012633,9.69,Bueno,11.32,Bueno,interpolacion_delaunay,0,2429,188,313,91
2026-10-07T06:28:08.345227+00:00,190260001164A,10.79,Bueno,13.03,Bueno,interpolacion_delaunay,0,2101,168,367,57
2026-10-07T06:28:08.345227+00:00,1902600011635,10.14,Bueno,12.18,Bueno,interpolacion_delaunay,0,4695,347,639,204
2026-10-07T06:28:08.345227+00:00,1902600010961,15.8,Aceptable,19.8,Bueno,interpolacion_delaunay,0,1353,81,150,34
2026-10-07T06:28:08.345227+00:00,1902600011226,6.17,Bueno,7.23,Bueno,interpolacion_delaunay,0,4831,444,615,226
2026-10-07T06:28:08.345227+00:00,1902600012807,5.93,Bueno,6.8,Bueno,interpolacion_delaunay,0,51,0,0,0
2026-10-07T06:28:08.345227+00:00,1902600012737,5.97,Bueno,6.86,Bueno,interpolacion_delaunay,0,153,17,4,4
2026-10-07T06:28:08.345227+00:00,1902600012046,6.59,Bueno,7.74,Bueno,interpolacion_delaunay,0,5116,376,649,199
2026-10-07T06:28:08.345227+00:00,1902600012756,6.1,Bueno,7.0,Bueno,promedio_sensores,1,2572,282,124,24
2026-10-07T06:28:08.345227+00:00,1902600010783,5.78,Bueno,6.59,Bueno,interpolacion_delaunay,0,1477,145,264,42
2026-10-07T06:28:08.345227+00:00,1902600011230,6.28,Bueno,7.38,Bueno,interpolacion_delaunay,0,3324,362,242,132
2026-10-07T06:28:08.345227+00:00,1902600011758,1.0,Bueno,1.0,Bueno,promedio_sensores,1,2105,92,408,43
2026-10-07T06:28:08.345227+00:00,1902600011141,11.87,Bueno,14.26,Bueno,interpolacion_delaunay,0,9036,1161,432,363
2026-10-07T06:28:08.345227+00:00,1902600011743,6.73,Bueno,8.31,Bueno,interpolacion_delaunay,0,7461,709,958,323
2026-10-07T06:28:08.345227+00:00,1902600012629,6.02,Bueno,7.46,Bueno,interpolacion_delaunay,0,1943,149,74,66
2026-10-07T06:28:08.345227+00:00,1902600011762,6.55,Bueno,7.56,Bueno,interpolacion_delaunay,0,2427,183,512,77
2026-10-07T06:28:08.345227+00:00,1902600011194,5.63,Bueno,6.4,Bueno,interpolacion_delaunay,0,4669,300,960,201
2026-10-07T06:28:08.345227+00:00,1902600011052,18.58,Aceptable,23.17,Bueno,interpolacion_delaunay,0,7318,799,917,451
2026-10-07T06:28:08.345227+00:00,1902600012722,18.86,Aceptable,23.51,Bueno,interpolacion_delaunay,0,1673,182,35,23
2026-10-07T06:28:08.345227+00:00,1902600010209,20.52,Aceptable,25.84,Bueno,interpolacion_delaunay,0,0,0,0,0
2026-10-07T06:28:08.345227+00:00,1902600012883,20.31,Aceptable,25.55,Bueno,interpolacion_delaunay,0,2693,391,65,39
2026-10-07T06:28:08.345227+00:00,1902600011512,10.81,Bueno,12.25,Bueno,interpolacion_delaunay,0,1411,83,448,118
2026-10-07T06:28:08.345227+00:00,1902600011527,10.63,Bueno,12.04,Bueno,interpolacion_delaunay,0,2114,99,718,127
2026-10-07T06:28:08.345227+00:00,1902600010853,10.01,Bueno,11.32,Bueno,interpolacion_delaunay,0,4562,382,755,151
2026-10-07T06:28:08.345227+00:00,1902600011160,10.4,Bueno,11.8,Bueno,promedio_sensores,1,3568,186,796,79
2026-10-07T06:28:08.345227+00:00,1902600011423,10.77,Bueno,12.39,Bueno,interpolacion_delaunay,0,2358,121,643,149
2026-10-07T06:28:08.345227+00:00,1902600011118,7.9,Bueno,8.94,Bueno,interpolacion_delaunay,0,0,0,0,0
2026-10-07T06:28:08.345227+00:00,1902600010552,9.13,Bueno,10.33,Bueno,interpolacion_delaunay,0,1358,197,299,91
2026-10-07T06:28:08.345227+00:00,1902600010567,9.01,Bueno,10.31,Bueno,interpolacion_delaunay,0,3469,239,807,212
2026-10-07T06:28:08.345227+00:00,1902600010478,11.73,Bueno,13.58,Bueno,interpolacion_delaunay,0,3451,258,686,179
2026-10-07T06:28:08.345227+00:00,1902600012493,10.19,Bueno,11.78,Bueno,interpolacion_delaunay,0,3047,231,451,139
2026-10-07T06:28:08.345227+00:00,1902600012506,9.98,Bueno,11.5,Bueno,interpolacion_delaunay,0,1875,122,448,96
2026-10-07T06:28:08.345227+00:00,1902600011387,12.48,Bueno,14.65,Bueno,interpolacion_delaunay,0,4018,279,697,181
2026-10-07T06:28:08.345227+00:00,1902600010482,12.1,Bueno,14.1,Bueno,interpolacion_delaunay,0,4004,197,1191,226
2026-10-07T06:28:08.345227+00:00,1902600010586,10.32,Bueno,11.99,Bueno,interpolacion_delaunay,0,4983,369,1196,317
2026-10-07T06:28:08.345227+00:00,1902600010590,10.43,Bueno,12.16,Bueno,interpolacion_delaunay,0,3794,290,817,254
2026-10-07T06:28:08.345227+00:00,1902600011940,13.5,Bueno,15.99,Bueno,interpolacion_delaunay,0,3450,256,773,184
2026-10-07T06:28:08.345227+00:00,1902600012224,11.78,Bueno,13.83,Bueno,interpolacion_delaunay,0,1986,122,533,118
2026-10-07T06:28:08.345227+00:00,1902600012239,11.94,Bueno,14.09,Bueno,interpolacion_delaunay,0,2664,206,487,219
2026-10-07T06:28:08.345227+00:00,1902600010548,4.61,Bueno,5.11,Bueno,interpolacion_delaunay,0,4149,203,1177,258
2026-10-07T06:28:08.345227+00:00,1902600012489,14.17,Bueno,17.19,Bueno,interpolacion_delaunay,0,2798,203,290,77
2026-10-07T06:28:08.345227+00:00,1902600011353,13.55,Bueno,15.81,Bueno,interpolacion_delaunay,0,1952,125,417,157
2026-10-07T06:28:08.345227+00:00,1902600012760,14.95,Bueno,18.13,Bueno,interpolacion_delaunay,0,3619,397,120,87
2026-10-07T06:28:08.345227+00:00,1902600011264,17.34,Aceptable,21.48,Bueno,interpolacion_delaunay,0,1708,151,158,100
2026-10-07T06:28:08.345227+00:00,190260001285A,15.91,Aceptable,19.38,Bueno,interpolacion_delaunay,0,1850,298,50,26
2026-10-07T06:28:08.345227+00:00,1902600010270,17.79,Aceptable,22.01,Bueno,interpolacion_delaunay,0,0,0,0,0
2026-10-07T06:28:08.345227+00:00,1902600010406,14.14,Bueno,16.76,Bueno,interpolacion_delaunay,0,2889,225,550,115
2026-10-07T06:28:08.345227+00:00,1902600011067,14.37,Bueno,17.16,Bueno,interpolacion_delaunay,0,4252,360,451,270
2026-10-07T06:28:08.345227+00:00,1902600011086,13.97,Bueno,16.72,Bueno,interpolacion_delaunay,0,3224,245,126,84
2026-10-07T06:28:08.345227+00:00,1902600012313,14.54,Bueno,17.44,Bueno,interpolacion_delaunay,0,2567,202,407,174
2026-10-07T06:28:08.345227+00:00,1902600012309,13.54,Bueno,16.12,Bueno,interpolacion_delaunay,0,2125,241,150,88
2026-10-07T06:28:08.345227+00:00,1902600011809,14.52,Bueno,17.39,Bueno,interpolacion_delaunay,0,2127,251,117,120
2026-10-07T06:28:08.345227+00:00,1902600012864,13.67,Bueno,16.39,Bueno,interpolacion_delaunay,0,1168,168,40,16
2026-10-07T06:28:08.345227+00:00,190260001125A,10.29,Bueno,10.45,Bueno,interpolacion_delaunay,0,541,13,170,22
2026-10-07T06:28:08.345227+00:00,1902600011071,16.09,Aceptable,19.62,Bueno,interpolacion_delaunay,0,3143,264,264,89
2026-10-07T06:28:08.345227+00:00,190260001196A,17.25,Aceptable,21.25,Bueno,interpolacion_delaunay,0,3349,324,262,100
2026-10-07T06:28:08.345227+00:00,1902600011955,14.0,Bueno,16.68,Bueno,interpolacion_delaunay,0,3582,349,216,97
2026-10-07T06:28:08.345227+00:00,190260001050A,12.4,Bueno,14.73,Bueno,interpolacion_delaunay,0,2022,217,309,73
2026-10-07T06:28:08.345227+00:00,1903900012400,26.5,Aceptable,37.4,Bueno,promedio_sensores,1,4517,429,723,304
2026-10-07T06:28:08.345227+00:00,1903900014657,12.64,Bueno,13.74,Bueno,interpolacion_delaunay,0,2491,234,438,138
2026-10-07T06:28:08.345227+00:00,1903900013682,8.62,Bueno,9.51,Bueno,interpolacion_delaunay,0,4499,398,653,181
2026-10-07T06:28:08.345227+00:00,1903900010832,15.71,Aceptable,18.99,Bueno,interpolacion_delaunay,0,543,31,158,26
2026-10-07T06:28:08.345227+00:00,1903900011120,12.63,Bueno,14.46,Bueno,interpolacion_delaunay,0,2607,94,831,149
2026-10-07T06:28:08.345227+00:00,1903900012129,7.56,Bueno,8.65,Bueno,interpolacion_delaunay,0,4074,318,790,255
2026-10-07T06:28:08.345227+00:00,190390001363A,13.55,Bueno,14.83,Bueno,interpolacion_delaunay,0,3850,324,618,201
2026-10-07T06:28:08.345227+00:00,1903900014163,9.31,Bueno,10.61,Bueno,interpolacion_delaunay,0,3563,376,476,178
2026-10-07T06:28:08.345227+00:00,1903900014642,11.87,Bueno,12.77,Bueno,interpolacion_delaunay,0,2137,227,313,125
2026-10-07T06:28:08.345227+00:00,1903900013589,15.34,Aceptable,18.12,Bueno,interpolacion_delaunay,0,1971,102,595,95
2026-10-07T06:28:08.345227+00:00,1903900011370,12.64,Bueno,14.37,Bueno,interpolacion_delaunay,0,1287,71,218,39
2026-10-07T06:28:08.345227+00:00,1903900012114,6.54,Bueno,7.38,Bueno,interpolacion_delaunay,0,2387,84,816,136
2026-10-07T06:28:08.345227+00:00,1903900012203,3.5,Bueno,3.7,Bueno,promedio_sensores,1,2974,126,1034,191
2026-10-07T06:28:08.345227+00:00,1903900013574,12.24,Bueno,14.63,Bueno,interpolacion_delaunay,0,832,37,276,93
2026-10-07T06:28:08.345227+00:00,1903900012792,3.84,Bueno,4.48,Bueno,interpolacion_delaunay,0,1,0,0,0
2026-10-07T06:28:08.345227+00:00,190390001445A,9.51,Bueno,10.82,Bueno,interpolacion_delaunay,0,5563,304,1118,197
2026-10-07T06:28:08.345227+00:00,1903900014638,10.6,Bueno,11.34,Bueno,interpolacion_delaunay,0,3811,381,571,142
2026-10-07T06:28:08.345227+00:00,1903900012063,11.73,Bueno,13.21,Bueno,interpolacion_delaunay,0,2407,98,743,119
2026-10-07T06:28:08.345227+00:00,1903900011690,5.89,Bueno,6.44,Bueno,interpolacion_delaunay,0,228,12,56,11
2026-10-07T06:28:08.345227+00:00,1903900011760,5.71,Bueno,6.39,Bueno,interpolacion_delaunay,0,1986,129,443,117
2026-10-07T06:28:08.345227+00:00,1903900011934,8.37,Bueno,9.43,Bueno,promedio_sensores,3,2171,83,550,105
2026-10-07T06:28:08.345227+00:00,190390001192A,7.32,Bueno,8.21,Bueno,interpolacion_delaunay,0,2553,117,796,121
2026-10-07T06:28:08.345227+00:00,1903900012044,12.66,Bueno,14.38,Bueno,interpolacion_delaunay,0,1920,122,427,109
2026-10-07T06:28:08.345227+00:00,1903900012078,12.16,Bueno,13.84,Bueno,interpolacion_delaunay,0,2179,136,538,60
2026-10-07T06:28:08.345227+00:00,1903900011525,8.66,Bueno,9.74,Bueno,interpolacion_delaunay,0,590,39,143,33
2026-10-07T06:28:08.345227+00:00,1903900011991,13.0,Bueno,14.8,Bueno,promedio_sensores,1,3236,192,703,201
2026-10-07T06:28:08.345227+00:00,1903900012006,7.36,Bueno,8.4,Bueno,interpolacion_delaunay,0,1972,70,504,136
2026-10-07T06:28:08.345227+00:00,1903900010673,18.54,Aceptable,22.56,Bueno,interpolacion_delaunay,0,2155,174,396,142
2026-10-07T06:28:08.345227+00:00,1903900010298,21.71,Aceptable,28.06,Bueno,interpolacion_delaunay,0,3499,233,739,152
2026-10-07T06:28:08.345227+00:00,1903900010404,21.32,Aceptable,27.24,Bueno,interpolacion_delaunay,0,2835,189,560,150
2026-10-07T06:28:08.345227+00:00,1903900011012,13.4,Bueno,15.35,Bueno,interpolacion_delaunay,0,1216,101,235,35
2026-10-07T06:28:08.345227+00:00,1903900011065,12.64,Bueno,14.33,Bueno,interpolacion_delaunay,0,1981,192,428,144
2026-10-07T06:28:08.345227+00:00,1903900010175,22.68,Aceptable,29.86,Bueno,interpolacion_delaunay,0,1294,70,318,45
2026-10-07T06:28:08.345227+00:00,190390001018A,23.07,Aceptable,30.68,Bueno,interpolacion_delaunay,0,3618,299,750,219
2026-10-07T06:28:08.345227+00:00,1903900010194,22.65,Aceptable,29.86,Bueno,interpolacion_delaunay,0,2850,223,604,173
2026-10-07T06:28:08.345227+00:00,1903900010226,22.13,Aceptable,28.96,Bueno,interpolacion_delaunay,0,4934,461,799,274
2026-10-07T06:28:08.345227+00:00,1903900014229,5.46,Bueno,5.91,Bueno,interpolacion_delaunay,0,2852,249,505,184
2026-10-07T06:28:08.345227+00:00,1903900010353,8.44,Bueno,11.59,Bueno,interpolacion_delaunay,0,3313,167,981,325
2026-10-07T06:28:08.345227+00:00,1903900010936,15.62,Aceptable,17.61,Bueno,interpolacion_delaunay,0,2121,128,459,101
2026-10-07T06:28:08.345227+00:00,1903900011173,10.8,Bueno,11.6,Bueno,promedio_sensores,1,2108,71,659,126
2026-10-07T06:28:08.345227+00:00,1903900011188,14.66,Bueno,16.47,Bueno,interpolacion_delaunay,0,3322,231,794,185
2026-10-07T06:28:08.345227+00:00,1903900011224,13.99,Bueno,15.8,Bueno,interpolacion_delaunay,0,3487,327,636,198
2026-10-07T06:28:08.345227+00:00,1903900011328,12.76,Bueno,14.39,Bueno,interpolacion_delaunay,0,1300,73,364,78
2026-10-07T06:28:08.345227+00:00,1903900011332,12.71,Bueno,14.31,Bueno,interpolacion_delaunay,0,2976,208,686,165
2026-10-07T06:28:08.345227+00:00,1903900011493,5.4,Bueno,6.2,Bueno,promedio_sensores,1,498,32,117,21
2026-10-07T06:28:08.345227+00:00,1903900011506,7.79,Bueno,8.87,Bueno,interpolacion_delaunay,0,218,10,60,5
2026-10-07T06:28:08.345227+00:00,1903900011510,8.13,Bueno,9.24,Bueno,interpolacion_delaunay,0,370,18,99,43
2026-10-07T06:28:08.345227+00:00,1903900011563,9.76,Bueno,10.91,Bueno,interpolacion_delaunay,0,1016,57,324,41
2026-10-07T06:28:08.345227+00:00,1903900011652,4.82,Bueno,5.8,Bueno,interpolacion_delaunay,0,1408,46,412,99
2026-10-07T06:28:08.345227+00:00,1903900011667,12.28,Bueno,14.27,Bueno,interpolacion_delaunay,0,811,38,222,38
2026-10-07T06:28:08.345227+00:00,1903900011671,11.52,Bueno,13.32,Bueno,interpolacion_delaunay,0,2135,120,546,122
2026-10-07T06:28:08.345227+00:00,1903900011775,8.88,Bueno,9.97,Bueno,interpolacion_delaunay,0,3247,195,753,173
2026-10-07T06:28:08.345227+00:00,190390001178A,9.8,Bueno,10.86,Bueno,interpolacion_delaunay,0,2085,91,638,124
2026-10-07T06:28:08.345227+00:00,1903900011811,10.77,Bueno,12.17,Bueno,interpolacion_delaunay,0,3726,195,960,140
2026-10-07T06:28:08.345227+00:00,190390001210A,8.3,Bueno,9.6,Bueno,promedio_sensores,1,2790,113,700,150
2026-10-07T06:28:08.345227+00:00,1903900012186,6.36,Bueno,6.94,Bueno,interpolacion_delaunay,0,4169,44,257,49
2026-10-07T06:28:08.345227+00:00,1903900011559,5.1,Bueno,5.5,Bueno,promedio_sensores,1,854,32,232,42
2026-10-07T06:28:08.345227+00:00,1903900013428,22.36,Aceptable,29.33,Bueno,interpolacion_delaunay,0,3351,320,515,172
2026-10-07T06:28:08.345227+00:00,1903900014214,5.59,Bueno,5.98,Bueno,interpolacion_delaunay,0,4120,374,689,171
2026-10-07T06:28:08.345227+00:00,1903900014712,7.3,Bueno,7.99,Bueno,interpolacion_delaunay,0,3085,299,499,125
2026-10-07T06:28:08.345227+00:00,1903900014727,6.42,Bueno,6.97,Bueno,interpolacion_delaunay,0,2574,237,418,75
2026-10-07T06:28:08.345227+00:00,1903900011544,5.75,Bueno,6.39,Bueno,interpolacion_delaunay,0,484,17,104,17
2026-10-07T06:28:08.345227+00:00,1903900011347,12.3,Bueno,13.8,Bueno,promedio_sensores,1,3767,228,949,230
2026-10-07T06:28:08.345227+00:00,1903900011101,12.32,Bueno,13.9,Bueno,interpolacion_delaunay,0,2340,171,499,101
2026-10-07T06:28:08.345227+00:00,1903900010692,15.23,Aceptable,18.13,Bueno,interpolacion_delaunay,0,1264,56,294,43
2026-10-07T06:28:08.345227+00:00,190390001071A,1.3,Bueno,1.4,Bueno,promedio_sensores,1,2092,89,717,121
2026-10-07T06:28:08.345227+00:00,190390001153A,5.36,Bueno,6.05,Bueno,interpolacion_delaunay,0,283,20,33,8
2026-10-07T06:28:08.345227+00:00,1903900012222,7.02,Bueno,7.61,Bueno,interpolacion_delaunay,0,2481,214,440,130
2026-10-07T06:28:08.345227+00:00,1903900010048,24.65,Aceptable,33.77,Bueno,interpolacion_delaunay,0,2757,231,541,184
2026-10-07T06:28:08.345227+00:00,1903900010160,22.41,Aceptable,29.29,Bueno,interpolacion_delaunay,0,1233,55,334,97
2026-10-07T06:28:08.345227+00:00,1903900011915,7.72,Bueno,8.71,Bueno,interpolacion_delaunay,0,1171,52,296,69
2026-10-07T06:28:08.345227+00:00,1903900012824,2.76,Bueno,3.26,Bueno,interpolacion_delaunay,0,0,0,0,0
2026-10-07T06:28:08.345227+00:00,1903900010103,23.07,Aceptable,30.56,Bueno,interpolacion_delaunay,0,2537,115,733,107
2026-10-07T06:28:08.345227+00:00,1903900010122,23.36,Aceptable,31.28,Bueno,interpolacion_delaunay,0,3875,316,762,228
2026-10-07T06:28:08.345227+00:00,1903900010207,23.07,Aceptable,30.76,Bueno,interpolacion_delaunay,0,2935,264,476,100
2026-10-07T06:28:08.345227+00:00,190390001089A,15.13,Aceptable,17.44,Bueno,interpolacion_delaunay,0,2450,84,735,103
2026-10-07T06:28:08.345227+00:00,1903900010813,17.25,Aceptable,21.25,Bueno,interpolacion_delaunay,0,1266,76,281,65
2026-10-07T06:28:08.345227+00:00,190390001096A,15.82,Aceptable,18.13,Bueno,interpolacion_delaunay,0,735,52,175,36
2026-10-07T06:28:08.345227+00:00,190390001107A,12.69,Bueno,14.34,Bueno,interpolacion_delaunay,0,2056,191,358,98
2026-10-07T06:28:08.345227+00:00,1903900011099,12.28,Bueno,13.89,Bueno,interpolacion_delaunay,0,1728,108,401,82
2026-10-07T06:28:08.345227+00:00,1903900011281,10.02,Bueno,11.35,Bueno,interpolacion_delaunay,0,162,9,42,10
2026-10-07T06:28:08.345227+00:00,190390001146A,11.9,Bueno,13.37,Bueno,interpolacion_delaunay,0,1878,94,425,114
2026-10-07T06:28:08.345227+00:00,1903900011474,13.6,Bueno,15.74,Bueno,interpolacion_delaunay,0,1482,65,348,91
2026-10-07T06:28:08.345227+00:00,1903900011648,6.99,Bueno,7.95,Bueno,interpolacion_delaunay,0,1275,46,383,92
2026-10-07T06:28:08.345227+00:00,1903900011953,9.95,Bueno,11.1,Bueno,interpolacion_delaunay,0,4331,383,782,275
2026-10-07T06:28:08.345227+00:00,1903900011968,10.6,Bueno,11.97,Bueno,interpolacion_delaunay,0,2452,198,521,139
2026-10-07T06:28:08.345227+00:00,1903900011972,10.93,Bueno,12.36,Bueno,interpolacion_delaunay,0,2152,173,501,93
2026-10-07T06:28:08.345227+00:00,1903900011987,11.37,Bueno,12.88,Bueno,interpolacion_delaunay,0,2330,153,564,186
2026-10-07T06:28:08.345227+00:00,1903900012010,8.07,Bueno,8.83,Bueno,promedio_sensores,3,377,6,32,6
2026-10-07T06:28:08.345227+00:00,1903900012025,8.09,Bueno,9.28,Bueno,interpolacion_delaunay,0,4868,169,1336,220
2026-10-07T06:28:08.345227+00:00,1903900012608,21.15,Aceptable,29.24,Bueno,interpolacion_delaunay,0,3563,325,452,140
2026-10-07T06:28:08.345227+00:00,1903900012260,6.56,Bueno,7.07,Bueno,interpolacion_delaunay,0,2549,128,738,140
2026-10-07T06:28:08.345227+00:00,1903900012523,25.23,Aceptable,34.9,Bueno,interpolacion_delaunay,0,5883,502,863,210
2026-10-07T06:28:08.345227+00:00,1903900012576,23.54,Aceptable,33.09,Bueno,interpolacion_delaunay,0,3643,363,363,152
2026-10-07T06:28:08.345227+00:00,1903900012612,24.43,Aceptable,33.27,Bueno,interpolacion_delaunay,0,3707,369,423,217
2026-10-07T06:28:08.345227+00:00,1903900013339,25.29,Aceptable,35.07,Bueno,interpolacion_delaunay,0,3291,330,562,149
2026-10-07T06:28:08.345227+00:00,1903900013432,22.64,Aceptable,29.94,Bueno,interpolacion_delaunay,0,3283,331,497,186
2026-10-07T06:28:08.345227+00:00,1903900013381,23.8,Aceptable,32.08,Bueno,interpolacion_delaunay,0,3469,305,681,259
2026-10-07T06:28:08.345227+00:00,1903900013324,25.69,Aceptable,35.83,Bueno,interpolacion_delaunay,0,2714,268,458,83
2026-10-07T06:28:08.345227+00:00,1903900014587,12.88,Bueno,14.53,Bueno,interpolacion_delaunay,0,1315,68,368,60
2026-10-07T06:28:08.345227+00:00,1903900014604,3.23,Bueno,3.51,Bueno,interpolacion_delaunay,0,2075,111,610,109
2026-10-07T06:28:08.345227+00:00,1903900014661,9.75,Bueno,10.85,Bueno,interpolacion_delaunay,0,2902,69,608,127
2026-10-07T06:28:08.345227+00:00,1903900014680,18.05,Aceptable,21.02,Bueno,interpolacion_delaunay,0,2293,96,745,94
2026-10-07T06:28:08.345227+00:00,1903900011239,14.71,Bueno,16.59,Bueno,interpolacion_delaunay,0,3332,293,662,233
2026-10-07T06:28:08.345227+00:00,1903900011489,14.3,Bueno,16.7,Bueno,promedio_sensores,1,1608,86,419,74
2026-10-07T06:28:08.345227+00:00,1903900010279,22.14,Aceptable,28.78,Bueno,interpolacion_delaunay,0,2220,107,580,282
2026-10-07T06:28:08.345227+00:00,1903900010531,20.62,Aceptable,26.03,Bueno,interpolacion_delaunay,0,5417,419,1156,491
2026-10-07T06:28:08.345227+00:00,1903900010635,18.32,Aceptable,21.66,Bueno,interpolacion_delaunay,0,2264,78,723,158
2026-10-07T06:28:08.345227+00:00,1903900011686,6.36,Bueno,7.01,Bueno,interpolacion_delaunay,0,153,7,36,5
2026-10-07T06:28:08.345227+00:00,1903900011807,10.7,Bueno,12.05,Bueno,interpolacion_delaunay,0,2430,99,765,107
2026-10-07T06:28:08.345227+00:00,1903900011830,12.2,Bueno,13.5,Bueno,promedio_sensores,1,898,35,265,16
2026-10-07T06:28:08.345227+00:00,1903900012097,9.3,Bueno,10.4,Bueno,promedio_sensores,1,4087,88,440,163
2026-10-07T06:28:08.345227+00:00,1903900012256,8.11,Bueno,8.8,Bueno,interpolacion_delaunay,0,4590,303,1006,320
2026-10-07T06:28:08.345227+00:00,1903900012307,9.73,Bueno,10.37,Bueno,promedio_sensores,3,2986,141,683,94
2026-10-07T06:28:08.345227+00:00,1903900012453,6.91,Bueno,7.59,Bueno,interpolacion_delaunay,0,2219,109,403,76
2026-10-07T06:28:08.345227+00:00,1903900012716,11.88,Bueno,13.42,Bueno,interpolacion_delaunay,0,78,3,14,8
2026-10-07T06:28:08.345227+00:00,1903900012735,11.61,Bueno,13.12,Bueno,interpolacion_delaunay,0,0,0,0,0
2026-10-07T06:28:08.345227+00:00,1903900012769,18.4,Aceptable,22.0,Bueno,interpolacion_delaunay,0,279,15,54,0
2026-10-07T06:28:08.345227+00:00,1903900012773,7.66,Bueno,8.58,Bueno,interpolacion_delaunay,0,0,0,0,0
2026-10-07T06:28:08.345227+00:00,1903900014040,24.01,Aceptable,32.65,Bueno,interpolacion_delaunay,0,3042,337,450,116
2026-10-07T06:28:08.345227+00:00,1903900014178,10.99,Bueno,12.55,Bueno,interpolacion_delaunay,0,4610,493,538,196
2026-10-07T06:28:08.345227+00:00,1903900010156,22.52,Aceptable,29.47,Bueno,interpolacion_delaunay,0,2930,146,830,151
2026-10-07T06:28:08.345227+00:00,1903900010264,21.34,Aceptable,27.07,Bueno,interpolacion_delaunay,0,4282,326,814,272
2026-10-07T06:28:08.345227+00:00,1903900010283,21.85,Aceptable,28.23,Bueno,interpolacion_delaunay,0,2911,218,619,83
2026-10-07T06:28:08.345227+00:00,1903900010315,22.05,Aceptable,28.89,Bueno,interpolacion_delaunay,0,3515,316,654,216
2026-10-07T06:28:08.345227+00:00,190390001032A,22.57,Aceptable,29.98,Bueno,interpolacion_delaunay,0,4173,426,573,279
2026-10-07T06:28:08.345227+00:00,1903900010349,21.78,Aceptable,28.51,Bueno,interpolacion_delaunay,0,2637,166,677,132
2026-10-07T06:28:08.345227+00:00,1903900010391,21.15,Aceptable,26.86,Bueno,interpolacion_delaunay,0,3850,295,727,205
2026-10-07T06:28:08.345227+00:00,1903900010438,21.16,Aceptable,27.17,Bueno,interpolacion_delaunay,0,3338,313,521,73
2026-10-07T06:28:08.345227+00:00,1903900010442,21.07,Aceptable,27.17,Bueno,interpolacion_delaunay,0,2676,239,533,136
2026-10-07T06:28:08.345227+00:00,1903900010457,17.78,Aceptable,21.54,Bueno,interpolacion_delaunay,0,3408,175,1149,225
2026-10-07T06:28:08.345227+00:00,1903900010480,20.03,Aceptable,24.55,Bueno,interpolacion_delaunay,0,1388,64,440,114
2026-10-07T06:28:08.345227+00:00,1903900010512,19.64,Aceptable,24.05,Bueno,interpolacion_delaunay,0,2980,202,741,168
2026-10-07T06:28:08.345227+00:00,1903900010546,19.67,Aceptable,24.26,Bueno,interpolacion_delaunay,0,2660,141,683,117
2026-10-07T06:28:08.345227+00:00,1903900010550,20.05,Aceptable,25.07,Bueno,interpolacion_delaunay,0,2279,182,478,160
2026-10-07T06:28:08.345227+00:00,1903900010565,20.54,Aceptable,26.09,Bueno,interpolacion_delaunay,0,2608,254,432,94
2026-10-07T06:28:08.345227+00:00,190390001057A,19.68,Aceptable,24.56,Bueno,interpolacion_delaunay,0,1514,131,335,33
2026-10-07T06:28:08.345227+00:00,1903900010599,5.6,Bueno,7.33,Bueno,interpolacion_delaunay,0,2808,125,1047,137
2026-10-07T06:28:08.345227+00:00,1903900010601,17.49,Aceptable,20.74,Bueno,interpolacion_delaunay,0,5314,412,1126,426
2026-10-07T06:28:08.345227+00:00,1903900010620,17.86,Aceptable,20.72,Bueno,interpolacion_delaunay,0,2515,85,744,131
2026-10-07T06:28:08.345227+00:00,190390001064A,18.56,Aceptable,22.21,Bueno,interpolacion_delaunay,0,2719,125,702,154
2026-10-07T06:28:08.345227+00:00,1903900010654,19.21,Aceptable,23.53,Bueno,interpolacion_delaunay,0,2609,119,783,144
2026-10-07T06:28:08.345227+00:00,1903900010705,3.02,Bueno,3.2,Bueno,interpolacion_delaunay,0,1996,93,661,76
2026-10-07T06:28:08.345227+00:00,1903900010739,17.34,Aceptable,19.93,Bueno,interpolacion_delaunay,0,1701,60,561,127
2026-10-07T06:28:08.345227+00:00,1903900010743,17.56,Aceptable,20.4,Bueno,interpolacion_delaunay,0,1991,112,552,108
2026-10-07T06:28:08.345227+00:00,1903900010758,17.73,Aceptable,20.8,Bueno,interpolacion_delaunay,0,1207,67,324,54
2026-10-07T06:28:08.345227+00:00,1903900010796,17.7,Aceptable,21.76,Bueno,interpolacion_delaunay,0,0,0,0,0
2026-10-07T06:28:08.345227+00:00,1903900010828,16.5,Aceptable,20.19,Bueno,interpolacion_delaunay,0,1085,46,363,57
2026-10-07T06:28:08.345227+00:00,1903900010866,7.96,Bueno,9.2,Bueno,interpolacion_delaunay,0,1678,49,570,85
2026-10-07T06:28:08.345227+00:00,1903900010870,13.63,Bueno,16.15,Bueno,interpolacion_delaunay,0,3879,268,842,254
2026-10-07T06:28:08.345227+00:00,1903900010885,13.66,Bueno,15.94,Bueno,interpolacion_delaunay,0,1668,63,493,70
2026-10-07T06:28:08.345227+00:00,1903900010940,15.71,Aceptable,17.72,Bueno,interpolacion_delaunay,0,3419,259,605,213
2026-10-07T06:28:08.345227+00:00,1903900011046,13.06,Bueno,14.79,Bueno,interpolacion_delaunay,0,1800,151,355,99
2026-10-07T06:28:08.345227+00:00,1903900011135,10.75,Bueno,12.36,Bueno,interpolacion_delaunay,0,1752,62,519,67
2026-10-07T06:28:08.345227+00:00,190390001114A,11.6,Bueno,14.0,Bueno,promedio_sensores,1,1380,53,428,34
2026-10-07T06:28:08.345227+00:00,1903900011154,14.05,Bueno,16.04,Bueno,interpolacion_delaunay,0,1623,62,444,64
2026-10-07T06:28:08.345227+00:00,1903900011169,15.2,Aceptable,16.95,Bueno,promedio_sensores,2,2880,73,732,160
2026-10-07T06:28:08.345227+00:00,1903900011192,13.66,Bueno,15.31,Bueno,interpolacion_delaunay,0,2657,175,674,141
2026-10-07T06:28:08.345227+00:00,1903900011205,14.41,Bueno,16.48,Bueno,interpolacion_delaunay,0,122,13,22,0
2026-10-07T06:28:08.345227+00:00,1903900011243,10.49,Bueno,11.88,Bueno,interpolacion_delaunay,0,475,45,76,44
2026-10-07T06:28:08.345227+00:00,1903900011258,11.4,Bueno,12.89,Bueno,interpolacion_delaunay,0,1048,106,166,35
2026-10-07T06:28:08.345227+00:00,1903900011262,14.28,Bueno,16.1,Bueno,interpolacion_delaunay,0,1756,114,447,140
2026-10-07T06:28:08.345227+00:00,1903900011277,12.53,Bueno,14.15,Bueno,interpolacion_delaunay,0,2024,136,529,164
2026-10-07T06:28:08.345227+00:00,1903900011309,13.4,Bueno,15.1,Bueno,promedio_sensores,1,1761,123,433,90
2026-10-07T06:28:08.345227+00:00,1903900011351,12.4,Bueno,13.98,Bueno,interpolacion_delaunay,0,2734,167,651,175
2026-10-07T06:28:08.345227+00:00,1903900011366,12.51,Bueno,14.16,Bueno,interpolacion_delaunay,0,0,0,0,0
2026-10-07T06:28:08.345227+00:00,1903900011421,13.8,Bueno,15.7,Bueno,promedio_sensores,1,3327,204,738,54
2026-10-07T06:28:08.345227+00:00,1903900011436,13.11,Bueno,15.16,Bueno,interpolacion_delaunay,0,1869,83,431,69
2026-10-07T06:28:08.345227+00:00,1903900011440,13.65,Bueno,15.52,Bueno,interpolacion_delaunay,0,1644,76,453,82
2026-10-07T06:28:08.345227+00:00,1903900011455,17.08,Aceptable,19.85,Bueno,interpolacion_delaunay,0,1330,38,379,65
2026-10-07T06:28:08.345227+00:00,1903900011578,10.23,Bueno,11.13,Bueno,interpolacion_delaunay,0,1668,78,469,55
2026-10-07T06:28:08.345227+00:00,1903900011582,13.5,Bueno,14.7,Bueno,promedio_sensores,1,1943,98,485,98
2026-10-07T06:28:08.345227+00:00,190390001160A,11.41,Bueno,12.91,Bueno,interpolacion_delaunay,0,1878,106,479,110
2026-10-07T06:28:08.345227+00:00,1903900011614,11.24,Bueno,12.72,Bueno,interpolacion_delaunay,0,2516,127,727,95
2026-10-07T06:28:08.345227+00:00,1903900011633,17.43,Aceptable,20.66,Bueno,interpolacion_delaunay,0,810,34,225,59
2026-10-07T06:28:08.345227+00:00,1903900011703,6.86,Bueno,7.5,Bueno,interpolacion_delaunay,0,3184,63,372,52
2026-10-07T06:28:08.345227+00:00,1903900011722,9.73,Bueno,11.22,Bueno,interpolacion_delaunay,0,511,20,136,16
2026-10-07T06:28:08.345227+00:00,1903900011737,6.94,Bueno,7.77,Bueno,interpolacion_delaunay,0,377,25,76,21
2026-10-07T06:28:08.345227+00:00,1903900011741,7.47,Bueno,8.29,Bueno,interpolacion_delaunay,0,179,8,28,10
2026-10-07T06:28:08.345227+00:00,1903900011756,7.88,Bueno,8.78,Bueno,interpolacion_delaunay,0,191,3,61,18
2026-10-07T06:28:08.345227+00:00,1903900011794,10.65,Bueno,11.95,Bueno,interpolacion_delaunay,0,2555,160,623,167
2026-10-07T06:28:08.345227+00:00,1903900011845,6.3,Bueno,6.6,Bueno,promedio_sensores,1,2750,133,527,66
2026-10-07T06:28:08.345227+00:00,190390001185A,8.23,Bueno,9.11,Bueno,interpolacion_delaunay,0,2718,189,497,75
2026-10-07T06:28:08.345227+00:00,1903900011879,8.62,Bueno,9.66,Bueno,interpolacion_delaunay,0,2302,190,467,160
2026-10-07T06:28:08.345227+00:00,1903900011883,9.25,Bueno,10.4,Bueno,interpolacion_delaunay,0,2653,217,567,162
2026-10-07T06:28:08.345227+00:00,1903900011898,10.53,Bueno,11.89,Bueno,interpolacion_delaunay,0,2466,163,572,128
2026-10-07T06:28:08.345227+00:00,1903900011900,9.88,Bueno,11.13,Bueno,interpolacion_delaunay,0,1274,99,333,108
2026-10-07T06:28:08.345227+00:00,1903900012167,8.27,Bueno,9.17,Bueno,interpolacion_delaunay,0,2883,124,813,123
2026-10-07T06:28:08.345227+00:00,1903900012190,5.73,Bueno,6.26,Bueno,interpolacion_delaunay,0,1182,41,455,89
2026-10-07T06:28:08.345227+00:00,1903900012218,4.32,Bueno,4.63,Bueno,interpolacion_delaunay,0,1788,87,512,71
2026-10-07T06:28:08.345227+00:00,1903900012241,6.7,Bueno,7.06,Bueno,interpolacion_delaunay,0,1136,46,404,79
2026-10-07T06:28:08.345227+00:00,1903900012275,6.67,Bueno,7.4,Bueno,interpolacion_delaunay,0,3740,200,896,144
2026-10-07T06:28:08.345227+00:00,1903900012472,9.3,Bueno,10.7,Bueno,promedio_sensores,1,4662,342,773,243
2026-10-07T06:28:08.345227+00:00,190390001267A,9.29,Bueno,12.5,Bueno,interpolacion_delaunay,0,3909,249,1025,191
2026-10-07T06:28:08.345227+00:00,1903900012684,9.23,Bueno,12.2,Bueno,interpolacion_delaunay,0,2186,73,687,43
2026-10-07T06:28:08.345227+00:00,1903900012720,12.0,Bueno,13.6,Bueno,promedio_sensores,1,970,52,170,37
2026-10-07T06:28:08.345227+00:00,190390001274A,10.48,Bueno,11.84,Bueno,interpolacion_delaunay,0,10,0,0,0
2026-10-07T06:28:08.345227+00:00,1903900012754,11.17,Bueno,12.6,Bueno,interpolacion_delaunay,0,3205,214,714,184
2026-10-07T06:28:08.345227+00:00,1903900012788,8.46,Bueno,9.46,Bueno,interpolacion_delaunay,0,0,0,0,0
2026-10-07T06:28:08.345227+00:00,190390001281A,2.9,Bueno,3.5,Bueno,promedio_sensores,1,327,0,0,0
2026-10-07T06:28:08.345227+00:00,1903900012877,1.23,Bueno,1.46,Bueno,interpolacion_delaunay,0,0,0,0,0
2026-10-07T06:28:08.345227+00:00,1903900013451,22.16,Aceptable,29.06,Bueno,interpolacion_delaunay,0,4308,421,672,304
2026-10-07T06:28:08.345227+00:00,1903900013555,12.61,Bueno,17.17,Bueno,interpolacion_delaunay,0,4663,290,902,166
2026-10-07T06:28:08.345227+00:00,1903900013593,13.89,Bueno,15.69,Bueno,interpolacion_delaunay,0,2322,237,355,231
2026-10-07T06:28:08.345227+00:00,1903900013606,14.45,Bueno,16.49,Bueno,interpolacion_delaunay,0,2907,266,482,206
2026-10-07T06:28:08.345227+00:00,1903900013610,11.31,Bueno,12.8,Bueno,interpolacion_delaunay,0,2513,260,368,178
2026-10-07T06:28:08.345227+00:00,1903900013659,10.39,Bueno,11.9,Bueno,interpolacion_delaunay,0,1885,176,371,95
2026-10-07T06:28:08.345227+00:00,190390001406A,22.93,Aceptable,30.61,Bueno,interpolacion_delaunay,0,4196,447,516,257
2026-10-07T06:28:08.345227+00:00,1903900014093,21.45,Aceptable,27.36,Bueno,interpolacion_delaunay,0,3096,303,444,145
2026-10-07T06:28:08.345227+00:00,1903900014144,19.05,Aceptable,23.6,Bueno,interpolacion_delaunay,0,883,38,360,125
2026-10-07T06:28:08.345227+00:00,1903900014159,1.6,Bueno,2.3,Bueno,promedio_sensores,1,620,20,142,55
2026-10-07T06:28:08.345227+00:00,1903900014500,21.18,Aceptable,26.85,Bueno,interpolacion_delaunay,0,3056,353,283,111
2026-10-07T06:28:08.345227+00:00,1903900014515,20.46,Aceptable,25.4,Bueno,interpolacion_delaunay,0,3391,252,688,180
2026-10-07T06:28:08.345227+00:00,1903900014549,21.04,Aceptable,26.77,Bueno,interpolacion_delaunay,0,4319,365,785,218
2026-10-07T06:28:08.345227+00:00,1903900014553,21.31,Aceptable,27.38,Bueno,interpolacion_delaunay,0,3885,315,748,307
2026-10-07T06:28:08.345227+00:00,1903900014619,0.77,Bueno,0.92,Bueno,interpolacion_delaunay,0,2679,137,355,34
2026-10-07T06:28:08.345227+00:00,1903900014623,8.4,Bueno,9.4,Bueno,promedio_sensores,1,1853,99,476,133
2026-10-07T06:28:08.345227+00:00,1903900014731,10.66,Bueno,12.07,Bueno,interpolacion_delaunay,0,2772,164,687,112
2026-10-07T06:28:08.345227+00:00,1903900014905,4.96,Bueno,5.12,Bueno,interpolacion_delaunay,0,2280,182,284,44
2026-10-07T06:28:08.345227+00:00,190390001491A,2.82,Bueno,2.91,Bueno,interpolacion_delaunay,0,897,47,73,0
2026-10-07T06:28:08.345227+00:00,1903900014924,8.3,Bueno,8.3,Bueno,promedio_sensores,1,2425,136,485,38
2026-10-07T06:28:08.345227+00:00,1903900014939,9.96,Bueno,10.89,Bueno,interpolacion_delaunay,0,1974,92,485,50
2026-10-07T06:28:08.345227+00:00,1903900015142,7.13,Bueno,7.55,Bueno,interpolacion_delaunay,0,2839,330,193,45
2026-10-07T06:28:08.345227+00:00,1903900011385,12.17,Bueno,13.7,Bueno,interpolacion_delaunay,0,1585,87,442,107
2026-10-07T06:28:08.345227+00:00,1903900012805,6.82,Bueno,7.74,Bueno,interpolacion_delaunay,0,3258,186,362,30
2026-10-07T06:28:08.345227+00:00,1903900011826,13.66,Bueno,15.09,Bueno,interpolacion_delaunay,0,1966,181,300,39
2026-10-07T06:28:08.345227+00:00,1903900012468,5.21,Bueno,6.02,Bueno,interpolacion_delaunay,0,3979,370,451,75
2026-10-07T06:28:08.345227+00:00,1903900012133,11.31,Bueno,12.92,Bueno,interpolacion_delaunay,0,3643,409,514,130
2026-10-07T06:28:08.345227+00:00,1903900014182,10.72,Bueno,12.17,Bueno,interpolacion_delaunay,0,2164,180,491,80
2026-10-07T06:28:08.345227+00:00,1903900012152,9.11,Bueno,10.2,Bueno,interpolacion_delaunay,0,2360,140,519,93
2026-10-07T06:28:08.345227+00:00,1903900012082,10.3,Bueno,11.62,Bueno,interpolacion_delaunay,0,2402,95,700,143
2026-10-07T06:28:08.345227+00:00,1903900013663,8.86,Bueno,9.84,Bueno,interpolacion_delaunay,0,4832,422,675,278
2026-10-07T06:28:08.345227+00:00,1903900013714,9.4,Bueno,9.52,Bueno,interpolacion_delaunay,0,4743,468,751,239
2026-10-07T06:28:08.345227+00:00,1903900012858,5.29,Bueno,5.81,Bueno,interpolacion_delaunay,0,0,0,0,0
2026-10-07T06:28:08.345227+00:00,1903900012839,2.89,Bueno,3.34,Bueno,interpolacion_delaunay,0,426,30,39,0
2026-10-07T06:28:08.345227+00:00,1903900012843,7.9,Bueno,8.5,Bueno,promedio_sensores,1,3288,154,618,59
2026-10-07T06:28:08.345227+00:00,1903900012862,1.92,Bueno,2.26,Bueno,interpolacion_delaunay,0,0,0,0,0
2026-10-07T06:28:08.345227+00:00,1903900013733,7.05,Bueno,7.12,Bueno,interpolacion_delaunay,0,1895,90,465,59
2026-10-07T06:28:08.345227+00:00,1903900012294,7.29,Bueno,8.07,Bueno,interpolacion_delaunay,0,3104,120,1010,138
2026-10-07T06:28:08.345227+00:00,190390001228A,7.78,Bueno,8.48,Bueno,interpolacion_delaunay,0,2430,94,799,56
2026-10-07T06:28:08.345227+00:00,1903900010423,21.67,Aceptable,28.18,Bueno,interpolacion_delaunay,0,3542,305,682,134
2026-10-07T06:28:08.345227+00:00,1903900010334,22.18,Aceptable,29.25,Bueno,interpolacion_delaunay,0,878,76,200,70
2026-10-07T06:28:08.345227+00:00,1903900010071,23.09,Aceptable,30.56,Bueno,interpolacion_delaunay,0,2520,129,682,146
2026-10-07T06:28:08.345227+00:00,1903900014869,0.92,Bueno,1.07,Bueno,interpolacion_delaunay,0,4404,353,307,53
2026-10-07T06:28:08.345227+00:00,1903900013748,4.94,Bueno,5.08,Bueno,interpolacion_delaunay,0,3552,225,627,97
2026-10-07T06:28:08.345227+00:00,1903900011050,12.64,Bueno,14.36,Bueno,interpolacion_delaunay,0,1589,135,342,104
2026-10-07T06:28:08.345227+00:00,1903900011116,12.45,Bueno,14.19,Bueno,interpolacion_delaunay,0,0,0,0,0
2026-10-07T06:28:08.345227+00:00,1903900010809,17.99,Aceptable,22.44,Bueno,interpolacion_delaunay,0,59,3,14,3
2026-10-07T06:28:08.345227+00:00,1903900010989,15.67,Aceptable,18.47,Bueno,interpolacion_delaunay,0,6061,564,591,133
2026-10-07T06:28:08.345227+00:00,1903900010851,12.55,Bueno,14.3,Bueno,interpolacion_delaunay,0,1601,105,413,68
2026-10-07T06:28:08.345227+00:00,1903900013413,17.37,Aceptable,24.16,Bueno,interpolacion_delaunay,0,7251,522,1316,316
2026-10-07T06:28:08.345227+00:00,1903900010033,21.86,Aceptable,30.54,Bueno,interpolacion_delaunay,0,3321,285,588,124
2026-10-07T06:28:08.345227+00:00,1903900010137,17.15,Aceptable,23.66,Bueno,interpolacion_delaunay,0,4478,279,1202,320
2026-10-07T06:28:08.345227+00:00,1903900010141,20.08,Aceptable,26.09,Bueno,interpolacion_delaunay,0,4273,225,965,185
2026-10-07T06:28:08.345227+00:00,1903900010762,17.39,Aceptable,20.65,Bueno,interpolacion_delaunay,0,1600,114,337,68
2026-10-07T06:28:08.345227+00:00,1903900014106,20.81,Aceptable,26.03,Bueno,interpolacion_delaunay,0,4189,248,1019,177
2026-10-07T06:28:08.345227+00:00,1903900014110,19.86,Aceptable,24.1,Bueno,interpolacion_delaunay,0,2699,161,643,225
2026-10-07T06:28:08.345227+00:00,1903900010921,16.63,Aceptable,19.13,Bueno,interpolacion_delaunay,0,2388,213,393,106
2026-10-07T06:28:08.345227+00:00,1903900010669,18.01,Aceptable,21.44,Bueno,interpolacion_delaunay,0,2152,159,463,119
2026-10-07T06:28:08.345227+00:00,1903900010067,23.49,Aceptable,31.34,Bueno,interpolacion_delaunay,0,2799,155,819,158
2026-10-07T06:28:08.345227+00:00,1903900010688,18.77,Aceptable,23.32,Bueno,interpolacion_delaunay,0,2838,195,394,149
2026-10-07T06:28:08.345227+00:00,1903900010584,20.3,Aceptable,25.85,Bueno,interpolacion_delaunay,0,3226,273,587,141
2026-10-07T06:28:08.345227+00:00,1903900011417,11.59,Bueno,12.72,Bueno,interpolacion_delaunay,0,3077,152,970,79
2026-10-07T06:28:08.345227+00:00,1903900013837,11.71,Bueno,12.86,Bueno,interpolacion_delaunay,0,3561,193,908,77
2026-10-07T06:28:08.345227+00:00,1903900013930,24.24,Aceptable,33.16,Bueno,interpolacion_delaunay,0,1431,202,111,73
2026-10-07T06:28:08.345227+00:00,1903900014055,23.43,Aceptable,31.57,Bueno,interpolacion_delaunay,0,4222,525,372,136
2026-10-07T06:28:08.345227+00:00,190390001420A,10.02,Bueno,11.42,Bueno,interpolacion_delaunay,0,3029,320,382,97
2026-10-07T06:28:08.345227+00:00,1903900014197,10.24,Bueno,11.64,Bueno,interpolacion_delaunay,0,2456,248,321,138
2026-10-07T06:28:08.345227+00:00,1903900010974,16.02,Aceptable,18.78,Bueno,interpolacion_delaunay,0,781,39,192,50
2026-10-07T06:28:08.345227+00:00,1903900011084,12.28,Bueno,13.93,Bueno,interpolacion_delaunay,0,1782,162,338,82
2026-10-07T06:28:08.345227+00:00,1903900010847,14.3,Bueno,16.83,Bueno,interpolacion_delaunay,0,1023,82,199,53
2026-10-07T06:28:08.345227+00:00,1903900010993,15.12,Aceptable,17.92,Bueno,interpolacion_delaunay,0,1086,95,211,53
2026-10-07T06:28:08.345227+00:00,1903900010372,20.51,Aceptable,25.46,Bueno,interpolacion_delaunay,0,2524,139,785,102
2026-10-07T06:28:08.345227+00:00,1903900011031,12.94,Bueno,14.7,Bueno,interpolacion_delaunay,0,1190,84,257,58
2026-10-07T06:28:08.345227+00:00,1903900010902,15.54,Aceptable,17.67,Bueno,interpolacion_delaunay,0,3066,119,898,183
2026-10-07T06:28:08.345227+00:00,1903900010777,17.33,Aceptable,20.77,Bueno,interpolacion_delaunay,0,1329,106,264,76
2026-10-07T06:28:08.345227+00:00,1903900010781,17.2,Aceptable,20.71,Bueno,interpolacion_delaunay,0,242,8,54,15
2026-10-07T06:28:08.345227+00:00,1903900014572,13.86,Bueno,15.72,Bueno,interpolacion_delaunay,0,1442,81,389,93
2026-10-07T06:28:08.345227+00:00,1903900014676,18.83,Aceptable,22.35,Bueno,interpolacion_delaunay,0,2120,102,506,104
2026-10-07T06:28:08.345227+00:00,190390001025A,21.49,Aceptable,27.33,Bueno,interpolacion_delaunay,0,3942,258,986,278
2026-10-07T06:28:08.345227+00:00,1903900010495,19.52,Aceptable,23.67,Bueno,interpolacion_delaunay,0,1812,109,420,98
2026-10-07T06:28:08.345227+00:00,1903900010917,16.4,Aceptable,18.5,Bueno,promedio_sensores,1,2843,155,698,133
2026-10-07T06:28:08.345227+00:00,1903900010955,16.47,Aceptable,19.21,Bueno,interpolacion_delaunay,0,288,25,64,22
2026-10-07T06:28:08.345227+00:00,1903900013697,11.36,Bueno,11.51,Bueno,interpolacion_delaunay,0,1977,183,341,77
2026-10-07T06:28:08.345227+00:00,1903900013860,23.47,Aceptable,31.6,Bueno,interpolacion_delaunay,0,3174,344,383,184
2026-10-07T06:28:08.345227+00:00,1903900015439,2.36,Bueno,2.45,Bueno,interpolacion_delaunay,0,627,97,12,5
2026-10-07T06:28:08.345227+00:00,1903900011027,13.76,Bueno,15.79,Bueno,interpolacion_delaunay,0,509,36,115,25
2026-10-07T06:28:08.345227+00:00,1903900013998,25.7,Aceptable,35.9,Bueno,interpolacion_delaunay,0,5766,706,558,248
2026-10-07T06:28:08.345227+00:00,190390001477A,5.99,Bueno,6.03,Bueno,interpolacion_delaunay,0,550,33,68,4
2026-10-07T06:28:08.345227+00:00,1903900014002,25.46,Aceptable,35.45,Bueno,interpolacion_delaunay,0,5494,669,668,240
2026-10-07T06:28:08.345227+00:00,1903900014873,0.41,Bueno,0.5,Bueno,interpolacion_delaunay,0,2383,154,261,52
2026-10-07T06:28:08.345227+00:00,1903900011008,14.54,Bueno,16.78,Bueno,interpolacion_delaunay,0,1877,145,377,135
2026-10-07T06:28:08.345227+00:00,1903900011313,13.19,Bueno,14.89,Bueno,interpolacion_delaunay,0,5055,336,882,185
2026-10-07T06:28:08.345227+00:00,190390001139A,11.15,Bueno,12.52,Bueno,interpolacion_delaunay,0,1079,59,290,49
2026-10-07T06:28:08.345227+00:00,1903900011402,11.73,Bueno,13.27,Bueno,interpolacion_delaunay,0,681,31,196,23
2026-10-07T06:28:08.345227+00:00,1903900012519,25.83,Aceptable,36.14,Bueno,interpolacion_delaunay,0,5642,661,498,241
2026-10-07T06:28:08.345227+00:00,1903900013822,10.43,Bueno,11.1,Bueno,interpolacion_delaunay,0,6050,361,890,140
2026-10-07T06:28:08.345227+00:00,1903900013964,11.39,Bueno,12.33,Bueno,interpolacion_delaunay,0,728,55,70,19
2026-10-07T06:28:08.345227+00:00,1903900014125,19.31,Aceptable,23.09,Bueno,interpolacion_delaunay,0,1881,174,361,63
2026-10-07T06:28:08.345227+00:00,190390001452A,22.54,Aceptable,29.98,Bueno,interpolacion_delaunay,0,2471,240,363,186
2026-10-07T06:28:08.345227+00:00,190390001413A,18.94,Aceptable,22.43,Bueno,interpolacion_delaunay,0,2082,180,339,126
2026-10-07T06:28:08.345227+00:00,1903900010461,19.2,Aceptable,22.7,Bueno,promedio_sensores,1,3422,173,1112,139
2026-10-07T06:28:08.345227+00:00,1903900014534,22.19,Aceptable,29.33,Bueno,interpolacion_delaunay,0,1267,111,229,29
2026-10-07T06:28:08.345227+00:00,1903900013767,2.95,Bueno,3.26,Bueno,interpolacion_delaunay,0,2308,117,605,127
2026-10-07T06:28:08.345227+00:00,1903900012345,4.13,Bueno,4.17,Bueno,interpolacion_delaunay,0,2632,98,737,80
2026-10-07T06:28:08.345227+00:00,1903900012364,0.0,Bueno,0.0,Bueno,promedio_sensores,1,2327,116,787,61
2026-10-07T06:28:08.345227+00:00,1903900011629,30.2,Aceptable,37.5,Bueno,promedio_sensores,1,2881,196,402,58
2026-10-07T06:28:08.345227+00:00,1903900013396,24.01,Aceptable,32.58,Bueno,interpolacion_delaunay,0,4014,389,664,275
2026-10-07T06:28:08.345227+00:00,1903900010245,10.89,Bueno,15.01,Bueno,interpolacion_delaunay,0,2709,131,764,208
2026-10-07T06:28:08.345227+00:00,1903900015284,3.1,Bueno,3.19,Bueno,interpolacion_delaunay,0,513,29,60,13
2026-10-07T06:28:08.345227+00:00,1903900010118,23.58,Aceptable,31.69,Bueno,interpolacion_delaunay,0,4580,383,955,302
2026-10-07T06:28:08.345227+00:00,1903900010052,24.37,Aceptable,33.25,Bueno,interpolacion_delaunay,0,3869,304,717,323
2026-10-07T06:28:08.345227+00:00,1903900015123,25.02,Aceptable,34.62,Bueno,interpolacion_delaunay,0,68,3,4,3
2026-10-07T06:28:08.345227+00:00,1903900014036,24.47,Aceptable,33.53,Bueno,interpolacion_delaunay,0,4679,569,514,263
2026-10-07T06:28:08.345227+00:00,1903900010508,20.29,Aceptable,25.15,Bueno,interpolacion_delaunay,0,3451,202,579,150
2026-10-07T06:28:08.345227+00:00,1903900010527,20.28,Aceptable,25.25,Bueno,interpolacion_delaunay,0,1779,95,454,127
2026-10-07T06:28:08.345227+00:00,1903900013729,6.97,Bueno,7.18,Bueno,interpolacion_delaunay,0,3410,392,357,136
2026-10-07T06:28:08.345227+00:00,190390001370A,9.35,Bueno,9.56,Bueno,interpolacion_delaunay,0,4006,357,563,228
2026-10-07T06:28:08.345227+00:00,1904600010362,12.79,Bueno,14.83,Bueno,interpolacion_delaunay,0,5505,271,1291,301
2026-10-07T06:28:08.345227+00:00,1904600011483,13.85,Bueno,16.83,Bueno,interpolacion_delaunay,0,2026,111,597,94
2026-10-07T06:28:08.345227+00:00,1904600011638,13.4,Bueno,15.89,Bueno,interpolacion_delaunay,0,4053,248,498,114
2026-10-07T06:28:08.345227+00:00,1904600010998,12.93,Bueno,15.62,Bueno,interpolacion_delaunay,0,5855,449,1099,257
2026-10-07T06:28:08.345227+00:00,1904600011676,15.41,Aceptable,18.64,Bueno,interpolacion_delaunay,0,362,30,69,27
2026-10-07T06:28:08.345227+00:00,1904600010216,21.8,Aceptable,28.6,Bueno,promedio_sensores,1,2042,50,546,50
2026-10-07T06:28:08.345227+00:00,1904600010536,13.27,Bueno,16.41,Bueno,interpolacion_delaunay,0,4997,504,603,104
2026-10-07T06:28:08.345227+00:00,1904600011708,13.81,Bueno,16.7,Bueno,interpolacion_delaunay,0,1763,89,284,44
2026-10-07T06:28:08.345227+00:00,190460001070A,15.48,Aceptable,19.48,Bueno,interpolacion_delaunay,0,1273,69,137,48
2026-10-07T06:28:08.345227+00:00,1904600011375,13.6,Bueno,16.22,Bueno,interpolacion_delaunay,0,5964,475,946,326
2026-10-07T06:28:08.345227+00:00,1904600011286,12.94,Bueno,15.07,Bueno,interpolacion_delaunay,0,2603,117,839,196
2026-10-07T06:28:08.345227+00:00,1904600011623,13.43,Bueno,16.02,Bueno,interpolacion_delaunay,0,4225,248,423,136
2026-10-07T06:28:08.345227+00:00,1904600010786,13.6,Bueno,16.36,Bueno,interpolacion_delaunay,0,4690,309,1009,269
2026-10-07T06:28:08.345227+00:00,190460001024A,15.15,Aceptable,18.48,Bueno,interpolacion_delaunay,0,2748,75,850,176
2026-10-07T06:28:08.345227+00:00,1904600010875,12.43,Bueno,15.09,Bueno,interpolacion_delaunay,0,3785,202,993,129
2026-10-07T06:28:08.345227+00:00,1904600010324,12.28,Bueno,14.07,Bueno,interpolacion_delaunay,0,2214,97,651,92
2026-10-07T06:28:08.345227+00:00,1904600011233,12.55,Bueno,14.59,Bueno,interpolacion_delaunay,0,3010,241,577,204
2026-10-07T06:28:08.345227+00:00,1904600010131,18.33,Aceptable,23.06,Bueno,interpolacion_delaunay,0,4113,160,1393,177
2026-10-07T06:28:08.345227+00:00,1904600010184,18.68,Aceptable,23.77,Bueno,interpolacion_delaunay,0,3438,93,1132,126
2026-10-07T06:28:08.345227+00:00,1904600010235,17.24,Aceptable,21.7,Bueno,interpolacion_delaunay,0,2765,104,711,111
2026-10-07T06:28:08.345227+00:00,1904600010466,20.26,Aceptable,25.79,Bueno,interpolacion_delaunay,0,2212,113,500,58
2026-10-07T06:28:08.345227+00:00,190460001049A,20.86,Aceptable,26.93,Bueno,interpolacion_delaunay,0,2827,123,674,44
2026-10-07T06:28:08.345227+00:00,1904600011407,13.05,Bueno,16.1,Bueno,interpolacion_delaunay,0,3464,317,610,173
2026-10-07T06:28:08.345227+00:00,1904600011642,16.15,Aceptable,20.13,Bueno,interpolacion_delaunay,0,2601,116,623,113
2026-10-07T06:28:08.345227+00:00,1904600011731,12.46,Bueno,15.24,Bueno,interpolacion_delaunay,0,3017,207,561,120
2026-10-07T06:28:08.345227+00:00,1904600010108,14.19,Bueno,16.95,Bueno,interpolacion_delaunay,0,2483,125,582,112
2026-10-07T06:28:08.345227+00:00,1904600010127,12.5,Bueno,15.02,Bueno,interpolacion_delaunay,0,4270,186,1281,297
2026-10-07T06:28:08.345227+00:00,1904600010292,16.94,Aceptable,21.05,Bueno,interpolacion_delaunay,0,0,0,0,0
2026-10-07T06:28:08.345227+00:00,1904600010714,12.89,Bueno,15.16,Bueno,interpolacion_delaunay,0,3666,266,947,309
2026-10-07T06:28:08.345227+00:00,1904600010860,12.75,Bueno,15.72,Bueno,interpolacion_delaunay,0,3290,227,721,158
2026-10-07T06:28:08.345227+00:00,1904600011002,13.16,Bueno,16.04,Bueno,interpolacion_delaunay,0,3262,289,695,194
2026-10-07T06:28:08.345227+00:00,190460001120A,12.43,Bueno,14.45,Bueno,interpolacion_delaunay,0,3141,265,631,179
2026-10-07T06:28:08.345227+00:00,1904600011341,13.49,Bueno,16.48,Bueno,interpolacion_delaunay,0,3608,289,555,127
2026-10-07T06:28:08.345227+00:00,1904600011426,12.78,Bueno,15.39,Bueno,interpolacion_delaunay,0,3335,302,691,164
2026-10-07T06:28:08.345227+00:00,190460001177A,21.06,Aceptable,27.19,Bueno,interpolacion_delaunay,0,2611,224,320,95
2026-10-07T06:28:08.345227+00:00,1904600010042,14.95,Bueno,18.02,Bueno,interpolacion_delaunay,0,1646,90,422,69
2026-10-07T06:28:08.345227+00:00,1904600010057,14.4,Bueno,17.28,Bueno,interpolacion_delaunay,0,1216,61,388,100
2026-10-07T06:28:08.345227+00:00,1904600010076,12.52,Bueno,15.18,Bueno,interpolacion_delaunay,0,3762,199,1053,215
2026-10-07T06:28:08.345227+00:00,1904600010095,14.25,Bueno,17.03,Bueno,interpolacion_delaunay,0,1199,53,337,85
2026-10-07T06:28:08.345227+00:00,1904600010146,15.07,Aceptable,18.35,Bueno,interpolacion_delaunay,0,2987,160,749,104
2026-10-07T06:28:08.345227+00:00,190460001017A,12.46,Bueno,14.86,Bueno,interpolacion_delaunay,0,4101,180,1201,211
2026-10-07T06:28:08.345227+00:00,1904600010201,14.0,Bueno,16.95,Bueno,interpolacion_delaunay,0,3988,173,1242,253
2026-10-07T06:28:08.345227+00:00,1904600010220,20.03,Aceptable,25.85,Bueno,interpolacion_delaunay,0,1869,61,495,59
2026-10-07T06:28:08.345227+00:00,190460001031A,12.36,Bueno,14.22,Bueno,interpolacion_delaunay,0,2149,134,353,62
2026-10-07T06:28:08.345227+00:00,1904600010343,12.8,Bueno,14.95,Bueno,interpolacion_delaunay,0,5532,394,1335,345
2026-10-07T06:28:08.345227+00:00,1904600010381,12.66,Bueno,14.59,Bueno,interpolacion_delaunay,0,3251,164,847,172
2026-10-07T06:28:08.345227+00:00,1904600010413,19.62,Aceptable,24.56,Bueno,interpolacion_delaunay,0,4002,238,499,120
2026-10-07T06:28:08.345227+00:00,1904600010485,21.82,Aceptable,28.63,Bueno,interpolacion_delaunay,0,3150,144,1004,109
2026-10-07T06:28:08.345227+00:00,1904600010540,12.6,Bueno,15.03,Bueno,interpolacion_delaunay,0,4952,283,1289,225
2026-10-07T06:28:08.345227+00:00,1904600010555,13.55,Bueno,16.76,Bueno,interpolacion_delaunay,0,0,0,0,0
2026-10-07T06:28:08.345227+00:00,1904600010593,12.77,Bueno,15.19,Bueno,interpolacion_delaunay,0,5785,417,488,81
2026-10-07T06:28:08.345227+00:00,1904600010610,14.74,Bueno,18.7,Bueno,interpolacion_delaunay,0,4819,442,219,35
2026-10-07T06:28:08.345227+00:00,1904600010625,13.15,Bueno,15.9,Bueno,interpolacion_delaunay,0,684,56,110,22
2026-10-07T06:28:08.345227+00:00,1904600010659,12.85,Bueno,15.21,Bueno,interpolacion_delaunay,0,0,0,0,0
2026-10-07T06:28:08.345227+00:00,1904600010729,13.02,Bueno,15.37,Bueno,interpolacion_delaunay,0,0,0,0,0
2026-10-07T06:28:08.345227+00:00,1904600010752,13.05,Bueno,15.32,Bueno,interpolacion_delaunay,0,2043,121,429,51
2026-10-07T06:28:08.345227+00:00,1904600010790,13.75,Bueno,16.68,Bueno,interpolacion_delaunay,0,0,0,0,0
2026-10-07T06:28:08.345227+00:00,1904600010822,12.86,Bueno,15.91,Bueno,interpolacion_delaunay,0,1808,142,329,116
2026-10-07T06:28:08.345227+00:00,1904600010841,12.66,Bueno,15.59,Bueno,interpolacion_delaunay,0,2675,196,623,119
2026-10-07T06:28:08.345227+00:00,1904600010856,12.58,Bueno,15.4,Bueno,interpolacion_delaunay,0,5049,305,900,195
2026-10-07T06:28:08.345227+00:00,190460001088A,12.3,Bueno,14.84,Bueno,interpolacion_delaunay,0,4232,220,1219,162
2026-10-07T06:28:08.345227+00:00,1904600010894,12.48,Bueno,14.97,Bueno,interpolacion_delaunay,0,2806,182,550,130
2026-10-07T06:28:08.345227+00:00,1904600010907,12.7,Bueno,15.5,Bueno,interpolacion_delaunay,0,3550,247,722,168
2026-10-07T06:28:08.345227+00:00,1904600010930,17.52,Aceptable,21.63,Bueno,interpolacion_delaunay,0,3021,143,721,82
2026-10-07T06:28:08.345227+00:00,1904600010945,16.87,Aceptable,20.82,Bueno,interpolacion_delaunay,0,3597,162,944,129
2026-10-07T06:28:08.345227+00:00,190460001095A,12.87,Bueno,15.65,Bueno,interpolacion_delaunay,0,3265,234,654,254
2026-10-07T06:28:08.345227+00:00,1904600010979,12.35,Bueno,14.58,Bueno,interpolacion_delaunay,0,2747,114,869,151
2026-10-07T06:28:08.345227+00:00,1904600011017,13.01,Bueno,15.72,Bueno,interpolacion_delaunay,0,4599,402,752,199
2026-10-07T06:28:08.345227+00:00,1904600011021,12.43,Bueno,14.64,Bueno,interpolacion_delaunay,0,4072,223,1090,178
2026-10-07T06:28:08.345227+00:00,1904600011040,12.44,Bueno,14.58,Bueno,interpolacion_delaunay,0,3276,150,902,88
2026-10-07T06:28:08.345227+00:00,1904600011055,12.56,Bueno,14.77,Bueno,interpolacion_delaunay,0,7096,477,1425,285
2026-10-07T06:28:08.345227+00:00,190460001106A,12.89,Bueno,15.05,Bueno,interpolacion_delaunay,0,1152,61,261,64
2026-10-07T06:28:08.345227+00:00,1904600011074,12.32,Bueno,14.33,Bueno,interpolacion_delaunay,0,4901,241,744,96
2026-10-07T06:28:08.345227+00:00,1904600011089,12.58,Bueno,14.75,Bueno,interpolacion_delaunay,0,3306,318,659,199
2026-10-07T06:28:08.345227+00:00,1904600011093,13.32,Bueno,16.06,Bueno,interpolacion_delaunay,0,3302,217,861,180
2026-10-07T06:28:08.345227+00:00,1904600011106,13.67,Bueno,16.69,Bueno,interpolacion_delaunay,0,3881,243,712,89
2026-10-07T06:28:08.345227+00:00,1904600011110,14.88,Bueno,18.72,Bueno,interpolacion_delaunay,0,3018,178,738,133
2026-10-07T06:28:08.345227+00:00,1904600011125,12.42,Bueno,14.46,Bueno,interpolacion_delaunay,0,3318,323,549,240
2026-10-07T06:28:08.345227+00:00,190460001113A,12.54,Bueno,14.63,Bueno,interpolacion_delaunay,0,3513,294,662,255
2026-10-07T06:28:08.345227+00:00,1904600011144,12.65,Bueno,14.79,Bueno,interpolacion_delaunay,0,3223,294,460,148
2026-10-07T06:28:08.345227+00:00,1904600011159,13.12,Bueno,15.56,Bueno,interpolacion_delaunay,0,4682,317,917,254
2026-10-07T06:28:08.345227+00:00,1904600011163,13.21,Bueno,15.74,Bueno,interpolacion_delaunay,0,4463,291,849,173
2026-10-07T06:28:08.345227+00:00,1904600011178,13.42,Bueno,16.13,Bueno,interpolacion_delaunay,0,2288,137,771,142
2026-10-07T06:28:08.345227+00:00,1904600011182,13.31,Bueno,15.94,Bueno,interpolacion_delaunay,0,2567,158,877,192
2026-10-07T06:28:08.345227+00:00,1904600011197,13.34,Bueno,15.92,Bueno,interpolacion_delaunay,0,2285,129,707,149
2026-10-07T06:28:08.345227+00:00,1904600011214,12.34,Bueno,14.28,Bueno,interpolacion_delaunay,0,2395,153,608,159
2026-10-07T06:28:08.345227+00:00,1904600011229,12.44,Bueno,14.4,Bueno,interpolacion_delaunay,0,3808,341,729,252
2026-10-07T06:28:08.345227+00:00,1904600011248,12.74,Bueno,14.91,Bueno,interpolacion_delaunay,0,3448,233,731,165
2026-10-07T06:28:08.345227+00:00,1904600011252,12.66,Bueno,14.68,Bueno,interpolacion_delaunay,0,3638,249,902,255
2026-10-07T06:28:08.345227+00:00,1904600011271,13.04,Bueno,15.23,Bueno,interpolacion_delaunay,0,3393,200,1049,183
2026-10-07T06:28:08.345227+00:00,1904600011290,12.65,Bueno,15.26,Bueno,interpolacion_delaunay,0,3613,204,959,164
2026-10-07T06:28:08.345227+00:00,1904600011303,12.77,Bueno,15.49,Bueno,interpolacion_delaunay,0,4255,296,730,120
2026-10-07T06:28:08.345227+00:00,1904600011318,12.2,Bueno,14.3,Bueno,promedio_sensores,1,2617,117,712,78
2026-10-07T06:28:08.345227+00:00,1904600011322,12.26,Bueno,14.41,Bueno,interpolacion_delaunay,0,3209,131,1071,177
2026-10-07T06:28:08.345227+00:00,1904600011356,13.16,Bueno,15.78,Bueno,interpolacion_delaunay,0,5344,302,754,186
2026-10-07T06:28:08.345227+00:00,190460001138A,12.34,Bueno,14.84,Bueno,interpolacion_delaunay,0,2330,116,772,143
2026-10-07T06:28:08.345227+00:00,1904600011394,12.22,Bueno,14.5,Bueno,interpolacion_delaunay,0,2495,152,536,127
2026-10-07T06:28:08.345227+00:00,1904600011430,12.7,Bueno,15.14,Bueno,interpolacion_delaunay,0,4835,297,977,195
2026-10-07T06:28:08.345227+00:00,1904600011445,13.25,Bueno,15.65,Bueno,interpolacion_delaunay,0,2396,140,277,35
2026-10-07T06:28:08.345227+00:00,190460001145A,13.16,Bueno,15.48,Bueno,interpolacion_delaunay,0,4010,242,623,75
2026-10-07T06:28:08.345227+00:00,1904600011464,17.0,Aceptable,20.69,Bueno,interpolacion_delaunay,0,3269,192,527,50
2026-10-07T06:28:08.345227+00:00,1904600011479,15.64,Aceptable,18.97,Bueno,interpolacion_delaunay,0,2267,102,540,81
2026-10-07T06:28:08.345227+00:00,1904600011500,12.84,Bueno,15.78,Bueno,interpolacion_delaunay,0,4575,375,784,254
2026-10-07T06:28:08.345227+00:00,1904600011515,12.84,Bueno,15.7,Bueno,interpolacion_delaunay,0,1791,111,314,102
2026-10-07T06:28:08.345227+00:00,190460001152A,12.96,Bueno,15.84,Bueno,interpolacion_delaunay,0,3396,254,719,167
2026-10-07T06:28:08.345227+00:00,1904600011534,13.06,Bueno,15.98,Bueno,interpolacion_delaunay,0,5740,487,560,132
2026-10-07T06:28:08.345227+00:00,1904600011549,12.35,Bueno,14.42,Bueno,interpolacion_delaunay,0,4515,263,831,205
2026-10-07T06:28:08.345227+00:00,1904600011568,13.28,Bueno,16.13,Bueno,interpolacion_delaunay,0,4996,283,463,138
2026-10-07T06:28:08.345227+00:00,1904600011572,13.38,Bueno,16.26,Bueno,interpolacion_delaunay,0,4541,345,482,121
2026-10-07T06:28:08.345227+00:00,1904600011587,15.52,Aceptable,19.71,Bueno,interpolacion_delaunay,0,2786,153,244,33
2026-10-07T06:28:08.345227+00:00,1904600011591,15.72,Aceptable,19.93,Bueno,interpolacion_delaunay,0,3387,245,335,48
2026-10-07T06:28:08.345227+00:00,1904600011604,12.92,Bueno,15.15,Bueno,interpolacion_delaunay,0,3298,256,771,245
2026-10-07T06:28:08.345227+00:00,1904600011619,12.91,Bueno,15.07,Bueno,interpolacion_delaunay,0,3765,260,958,269
2026-10-07T06:28:08.345227+00:00,1904600011657,15.1,Aceptable,18.56,Bueno,interpolacion_delaunay,0,3567,176,481,50
2026-10-07T06:28:08.345227+00:00,1904600011661,12.71,Bueno,14.61,Bueno,interpolacion_delaunay,0,282,11,66,6
2026-10-07T06:28:08.345227+00:00,1904600011727,12.3,Bueno,15.0,Bueno,interpolacion_delaunay,0,3412,179,655,144
2026-10-07T06:28:08.345227+00:00,1904600011746,12.32,Bueno,14.42,Bueno,interpolacion_delaunay,0,3218,196,815,117
2026-10-07T06:28:08.345227+00:00,1904600011750,12.22,Bueno,14.22,Bueno,interpolacion_delaunay,0,4162,197,210,54
2026-10-07T06:28:08.345227+00:00,1904600011765,21.69,Aceptable,28.36,Bueno,interpolacion_delaunay,0,3860,405,397,208
2026-10-07T06:28:08.345227+00:00,1904600010663,12.96,Bueno,15.37,Bueno,interpolacion_delaunay,0,198,8,27,0
2026-10-07T06:28:08.345227+00:00,1904600010926,12.96,Bueno,16.02,Bueno,interpolacion_delaunay,0,5007,437,867,291
2026-10-07T06:28:08.345227+00:00,1904600010339,12.38,Bueno,14.2,Bueno,interpolacion_delaunay,0,1314,68,335,78
2026-10-07T06:28:08.345227+00:00,1904600011267,12.56,Bueno,14.48,Bueno,interpolacion_delaunay,0,3908,248,1102,331
2026-10-07T06:28:08.345227+00:00,1904600011712,14.49,Bueno,18.01,Bueno,interpolacion_delaunay,0,3272,182,300,58
2026-10-07T06:28:08.345227+00:00,1904600010447,12.49,Bueno,15.4,Bueno,interpolacion_delaunay,0,4132,230,437,113
2026-10-07T06:28:08.345227+00:00,1904600011498,12.48,Bueno,15.19,Bueno,interpolacion_delaunay,0,3212,141,667,65
2026-10-07T06:28:08.345227+00:00,1904600010682,13.53,Bueno,16.39,Bueno,interpolacion_delaunay,0,6498,485,714,113
2026-10-07T06:28:08.345227+00:00,1903100450393,6.41,Bueno,7.81,Bueno,interpolacion_delaunay,0,4470,331,183,115
2026-10-07T06:28:08.345227+00:00,1903100451090,9.71,Bueno,11.68,Bueno,interpolacion_delaunay,0,3117,391,133,67
2026-10-07T06:28:08.345227+00:00,1903100010340,13.73,Bueno,16.31,Bueno,interpolacion_delaunay,0,3444,349,252,192
2026-10-07T06:28:08.345227+00:00,1903100450641,7.39,Bueno,9.22,Bueno,interpolacion_delaunay,0,1572,92,57,77
2026-10-07T06:28:08.345227+00:00,1903100451086,9.2,Bueno,11.19,Bueno,interpolacion_delaunay,0,3582,470,173,24
2026-10-07T06:28:08.345227+00:00,190310311171A,10.39,Bueno,12.27,Bueno,interpolacion_delaunay,0,1226,184,39,41
2026-10-07T06:28:08.345227+00:00,1903100450088,6.68,Bueno,8.32,Bueno,interpolacion_delaunay,0,106,4,27,5
2026-10-07T06:28:08.345227+00:00,1903100450321,7.24,Bueno,9.0,Bueno,interpolacion_delaunay,0,781,65,43,66
2026-10-07T06:28:08.345227+00:00,1903100450656,5.8,Bueno,6.93,Bueno,interpolacion_delaunay,0,6656,512,216,203
2026-10-07T06:28:08.345227+00:00,1903100451461,5.17,Bueno,6.14,Bueno,interpolacion_delaunay,0,215,36,0,4
2026-10-07T06:28:08.345227+00:00,1903100451391,5.16,Bueno,6.06,Bueno,interpolacion_delaunay,0,400,41,11,20
2026-10-07T06:28:08.345227+00:00,190310001068A,13.3,Bueno,15.7,Bueno,promedio_sensores,1,5585,402,158,107
2026-10-07T06:28:08.345227+00:00,1903100010872,12.07,Bueno,14.35,Bueno,interpolacion_delaunay,0,2902,333,115,45
2026-10-07T06:28:08.345227+00:00,1903100450266,5.86,Bueno,7.14,Bueno,interpolacion_delaunay,0,3518,300,297,140
2026-10-07T06:28:08.345227+00:00,1903100451211,7.18,Bueno,8.84,Bueno,interpolacion_delaunay,0,318,31,15,12
2026-10-07T06:28:08.345227+00:00,1903100450105,6.11,Bueno,7.58,Bueno,interpolacion_delaunay,0,617,53,101,42
2026-10-07T06:28:08.345227+00:00,1903100450533,5.33,Bueno,6.42,Bueno,interpolacion_delaunay,0,112,19,4,0
2026-10-07T06:28:08.345227+00:00,1903100450834,5.51,Bueno,6.6,Bueno,interpolacion_delaunay,0,5335,620,158,133
2026-10-07T06:28:08.345227+00:00,1903100451122,5.57,Bueno,6.54,Bueno,interpolacion_delaunay,0,4196,367,129,124
2026-10-07T06:28:08.345227+00:00,1903100451118,5.19,Bueno,6.13,Bueno,interpolacion_delaunay,0,1143,149,65,58
2026-10-07T06:28:08.345227+00:00,1903100450092,6.76,Bueno,8.39,Bueno,interpolacion_delaunay,0,5801,601,614,240
2026-10-07T06:28:08.345227+00:00,190310001036A,12.85,Bueno,15.28,Bueno,interpolacion_delaunay,0,2196,166,139,77
2026-10-07T06:28:08.345227+00:00,1903100011264,12.07,Bueno,14.29,Bueno,interpolacion_delaunay,0,166,15,10,4
2026-10-07T06:28:08.345227+00:00,1903100011692,10.94,Bueno,13.16,Bueno,interpolacion_delaunay,0,1994,254,42,57
2026-10-07T06:28:08.345227+00:00,1903100450675,6.1,Bueno,7.36,Bueno,interpolacion_delaunay,0,2985,254,121,65
2026-10-07T06:28:08.345227+00:00,1903100450815,8.34,Bueno,10.28,Bueno,interpolacion_delaunay,0,5183,452,347,124
2026-10-07T06:28:08.345227+00:00,1903100450887,6.83,Bueno,8.37,Bueno,interpolacion_delaunay,0,626,73,50,23
2026-10-07T06:28:08.345227+00:00,1903100450891,6.84,Bueno,8.31,Bueno,interpolacion_delaunay,0,3371,329,210,148
2026-10-07T06:28:08.345227+00:00,1903100450904,6.61,Bueno,7.96,Bueno,interpolacion_delaunay,0,2284,216,156,77
2026-10-07T06:28:08.345227+00:00,1903100451438,7.6,Bueno,9.5,Bueno,promedio_sensores,1,489,62,15,5
2026-10-07T06:28:08.345227+00:00,1903100451442,6.5,Bueno,7.76,Bueno,interpolacion_delaunay,0,530,59,19,6
2026-10-07T06:28:08.345227+00:00,1903100451828,7.31,Bueno,8.85,Bueno,interpolacion_delaunay,0,1268,201,24,22
2026-10-07T06:28:08.345227+00:00,1903103131616,5.8,Bueno,6.67,Bueno,interpolacion_delaunay,0,3396,460,75,104
2026-10-07T06:28:08.345227+00:00,1903100451103,6.31,Bueno,7.53,Bueno,interpolacion_delaunay,0,1939,184,111,81
2026-10-07T06:28:08.345227+00:00,1903103131601,6.0,Bueno,6.97,Bueno,interpolacion_delaunay,0,3536,417,97,62
2026-10-07T06:28:08.345227+00:00,1903100451226,5.89,Bueno,6.96,Bueno,interpolacion_delaunay,0,2587,267,90,42
2026-10-07T06:28:08.345227+00:00,1903103111512,7.38,Bueno,8.8,Bueno,interpolacion_delaunay,0,2486,240,126,82
2026-10-07T06:28:08.345227+00:00,1903100451635,4.89,Bueno,5.73,Bueno,interpolacion_delaunay,0,3621,518,70,103
2026-10-07T06:28:08.345227+00:00,1903103131300,6.1,Bueno,7.0,Bueno,promedio_sensores,1,4074,495,120,80
2026-10-07T06:28:08.345227+00:00,1903103111508,9.86,Bueno,11.58,Bueno,interpolacion_delaunay,0,3724,412,113,64
2026-10-07T06:28:08.345227+00:00,1903100451387,5.36,Bueno,6.36,Bueno,interpolacion_delaunay,0,1540,218,34,55
2026-10-07T06:28:08.345227+00:00,1903100452101,4.62,Bueno,5.4,Bueno,interpolacion_delaunay,0,1249,214,20,18
2026-10-07T06:28:08.345227+00:00,1903100451283,5.0,Bueno,5.79,Bueno,interpolacion_delaunay,0,3230,373,88,78
2026-10-07T06:28:08.345227+00:00,1903103111527,8.5,Bueno,10.05,Bueno,interpolacion_delaunay,0,1682,145,143,89
2026-10-07T06:28:08.345227+00:00,1903100452402,4.68,Bueno,5.4,Bueno,interpolacion_delaunay,0,0,0,0,0
