timestamp,cvegeo,pm25_interpolado,calidad_pm25,pm10_interpolado,calidad_pm10,metodo,n_sensores,poblacion_total,ninos_0a5,adultos_mayores,personas_discapacidad
2026-10-04T02:45:11.192940+00:00,1900601740121,16.8,Aceptable,18.8,Bueno,promedio_sensores,1,2694,310,73,36
2026-10-04T02:45:11.192940+00:00,1900601740155,17.31,Aceptable,19.33,Bueno,interpolacion_delaunay,0,1820,285,54,16
2026-10-04T02:45:11.192940+00:00,1900600781948,16.27,Aceptable,18.4,Bueno,interpolacion_delaunay,0,1170,93,69,32
2026-10-04T02:45:11.192940+00:00,1900600012236,17.88,Aceptable,19.86,Bueno,interpolacion_delaunay,0,264,28,6,0
2026-10-04T02:45:11.192940+00:00,1900600010225,15.75,Aceptable,17.26,Bueno,interpolacion_delaunay,0,1,0,0,0
2026-10-04T02:45:11.192940+00:00,1900600010206,15.64,Aceptable,16.92,Bueno,interpolacion_delaunay,0,6646,747,526,177
2026-10-04T02:45:11.192940+00:00,1900600010210,15.6,Aceptable,17.04,Bueno,interpolacion_delaunay,0,0,0,0,0
2026-10-04T02:45:11.192940+00:00,1900600010244,16.41,Aceptable,17.95,Bueno,interpolacion_delaunay,0,90,3,14,3
2026-10-04T02:45:11.192940+00:00,1900600010259,16.25,Aceptable,17.68,Bueno,interpolacion_delaunay,0,3329,268,159,53
2026-10-04T02:45:11.192940+00:00,1900600010278,16.53,Aceptable,18.12,Bueno,interpolacion_delaunay,0,486,52,18,8
2026-10-04T02:45:11.192940+00:00,1900600010297,16.56,Aceptable,18.33,Bueno,interpolacion_delaunay,0,5850,524,288,225
2026-10-04T02:45:11.192940+00:00,1900600010475,16.56,Aceptable,18.2,Bueno,interpolacion_delaunay,0,4729,407,844,249
2026-10-04T02:45:11.192940+00:00,190060001030A,16.61,Aceptable,18.41,Bueno,interpolacion_delaunay,0,4134,431,170,127
2026-10-04T02:45:11.192940+00:00,1900600010348,17.69,Aceptable,19.55,Bueno,interpolacion_delaunay,0,7877,871,609,196
2026-10-04T02:45:11.192940+00:00,1900600010460,16.66,Aceptable,18.29,Bueno,interpolacion_delaunay,0,4909,343,1088,217
2026-10-04T02:45:11.192940+00:00,1900600010352,17.85,Aceptable,19.78,Bueno,interpolacion_delaunay,0,1017,63,153,80
2026-10-04T02:45:11.192940+00:00,1900600010367,17.98,Aceptable,19.9,Bueno,interpolacion_delaunay,0,469,45,60,46
2026-10-04T02:45:11.192940+00:00,1900600010403,14.55,Bueno,15.53,Bueno,interpolacion_delaunay,0,4726,352,972,196
2026-10-04T02:45:11.192940+00:00,190060001055A,14.72,Bueno,15.78,Bueno,interpolacion_delaunay,0,4579,363,547,197
2026-10-04T02:45:11.192940+00:00,1900600010583,16.08,Aceptable,17.62,Bueno,interpolacion_delaunay,0,4964,382,425,153
2026-10-04T02:45:11.192940+00:00,1900600010598,16.09,Aceptable,17.69,Bueno,interpolacion_delaunay,0,5332,416,338,212
2026-10-04T02:45:11.192940+00:00,1900600010723,8.23,Bueno,9.17,Bueno,interpolacion_delaunay,0,5109,353,1039,281
2026-10-04T02:45:11.192940+00:00,1900600010780,16.95,Aceptable,18.74,Bueno,interpolacion_delaunay,0,3755,348,382,222
2026-10-04T02:45:11.192940+00:00,1900600010795,17.2,Aceptable,19.02,Bueno,interpolacion_delaunay,0,5270,506,424,204
2026-10-04T02:45:11.192940+00:00,1900600010808,17.45,Aceptable,19.29,Bueno,interpolacion_delaunay,0,3443,304,372,102
2026-10-04T02:45:11.192940+00:00,1900600010920,14.3,Bueno,15.2,Bueno,promedio_sensores,1,5729,316,496,128
2026-10-04T02:45:11.192940+00:00,1900600011011,15.91,Aceptable,17.3,Bueno,interpolacion_delaunay,0,0,0,0,0
2026-10-04T02:45:11.192940+00:00,1900600011026,16.04,Aceptable,17.5,Bueno,interpolacion_delaunay,0,0,0,0,0
2026-10-04T02:45:11.192940+00:00,1900600011064,14.74,Bueno,15.76,Bueno,interpolacion_delaunay,0,4513,371,370,162
2026-10-04T02:45:11.192940+00:00,1900600011098,11.75,Bueno,12.84,Bueno,interpolacion_delaunay,0,5772,542,419,165
2026-10-04T02:45:11.192940+00:00,1900600011149,18.05,Aceptable,20.03,Bueno,interpolacion_delaunay,0,1140,100,87,38
2026-10-04T02:45:11.192940+00:00,1900600011350,14.84,Bueno,15.9,Bueno,interpolacion_delaunay,0,3323,233,353,93
2026-10-04T02:45:11.192940+00:00,1900600011365,15.05,Aceptable,16.16,Bueno,interpolacion_delaunay,0,3259,285,225,87
2026-10-04T02:45:11.192940+00:00,190060001137A,10.23,Bueno,11.22,Bueno,interpolacion_delaunay,0,2748,223,522,132
2026-10-04T02:45:11.192940+00:00,1900600011632,16.51,Aceptable,18.34,Bueno,interpolacion_delaunay,0,5931,475,161,144
2026-10-04T02:45:11.192940+00:00,1900600011384,11.82,Bueno,12.87,Bueno,interpolacion_delaunay,0,3359,263,352,73
2026-10-04T02:45:11.192940+00:00,1900600011399,15.23,Aceptable,16.4,Bueno,interpolacion_delaunay,0,2371,274,284,91
2026-10-04T02:45:11.192940+00:00,1900600011469,16.42,Aceptable,18.21,Bueno,interpolacion_delaunay,0,1932,125,131,96
2026-10-04T02:45:11.192940+00:00,1900600011401,15.53,Aceptable,16.74,Bueno,interpolacion_delaunay,0,3593,269,468,144
2026-10-04T02:45:11.192940+00:00,190060001144A,16.18,Aceptable,17.88,Bueno,interpolacion_delaunay,0,6239,575,321,95
2026-10-04T02:45:11.192940+00:00,1900600011473,16.14,Aceptable,17.72,Bueno,interpolacion_delaunay,0,2826,209,259,107
2026-10-04T02:45:11.192940+00:00,1900600011488,16.29,Aceptable,17.88,Bueno,interpolacion_delaunay,0,2922,234,293,96
2026-10-04T02:45:11.192940+00:00,1900600011492,16.77,Aceptable,18.48,Bueno,interpolacion_delaunay,0,1725,134,78,56
2026-10-04T02:45:11.192940+00:00,1900600011505,16.64,Aceptable,18.36,Bueno,interpolacion_delaunay,0,2030,151,78,103
2026-10-04T02:45:11.192940+00:00,190060001151A,16.73,Aceptable,18.48,Bueno,interpolacion_delaunay,0,4650,413,187,145
2026-10-04T02:45:11.192940+00:00,1900600011524,16.96,Aceptable,18.79,Bueno,interpolacion_delaunay,0,3658,279,744,150
2026-10-04T02:45:11.192940+00:00,1900600011539,17.24,Aceptable,19.1,Bueno,interpolacion_delaunay,0,3879,269,179,190
2026-10-04T02:45:11.192940+00:00,1900600011543,17.55,Aceptable,19.44,Bueno,interpolacion_delaunay,0,3926,372,127,91
2026-10-04T02:45:11.192940+00:00,1900600011844,16.88,Aceptable,18.77,Bueno,interpolacion_delaunay,0,1922,166,57,23
2026-10-04T02:45:11.192940+00:00,1900600011666,16.71,Aceptable,18.58,Bueno,interpolacion_delaunay,0,2454,221,74,68
2026-10-04T02:45:11.192940+00:00,1900600011859,17.04,Aceptable,18.95,Bueno,interpolacion_delaunay,0,1533,143,46,34
2026-10-04T02:45:11.192940+00:00,1900600011863,17.52,Aceptable,19.44,Bueno,interpolacion_delaunay,0,1050,130,36,5
2026-10-04T02:45:11.192940+00:00,1900600011878,17.81,Aceptable,19.81,Bueno,interpolacion_delaunay,0,5255,440,206,130
2026-10-04T02:45:11.192940+00:00,1900600011882,17.82,Aceptable,19.84,Bueno,interpolacion_delaunay,0,5356,444,208,243
2026-10-04T02:45:11.192940+00:00,190060001190A,18.02,Aceptable,20.03,Bueno,interpolacion_delaunay,0,3346,296,126,99
2026-10-04T02:45:11.192940+00:00,1900600011914,17.68,Aceptable,19.75,Bueno,interpolacion_delaunay,0,5844,518,215,189
2026-10-04T02:45:11.192940+00:00,1900600011929,16.52,Aceptable,18.68,Bueno,interpolacion_delaunay,0,5690,426,232,211
2026-10-04T02:45:11.192940+00:00,1900600012043,17.49,Aceptable,19.48,Bueno,interpolacion_delaunay,0,3660,375,120,69
2026-10-04T02:45:11.192940+00:00,1900600012109,16.98,Aceptable,18.87,Bueno,interpolacion_delaunay,0,1488,155,32,33
2026-10-04T02:45:11.192940+00:00,1900600012128,17.41,Aceptable,19.31,Bueno,interpolacion_delaunay,0,1714,168,66,31
2026-10-04T02:45:11.192940+00:00,190060001226A,16.56,Aceptable,18.23,Bueno,interpolacion_delaunay,0,4528,324,328,117
2026-10-04T02:45:11.192940+00:00,1900600012274,16.37,Aceptable,18.05,Bueno,interpolacion_delaunay,0,5782,615,191,106
2026-10-04T02:45:11.192940+00:00,190060001233A,17.16,Aceptable,19.11,Bueno,interpolacion_delaunay,0,2449,267,53,48
2026-10-04T02:45:11.192940+00:00,1900600012414,17.17,Aceptable,19.07,Bueno,interpolacion_delaunay,0,2297,332,39,45
2026-10-04T02:45:11.192940+00:00,1900600012429,17.41,Aceptable,19.36,Bueno,interpolacion_delaunay,0,3283,479,97,39
2026-10-04T02:45:11.192940+00:00,1900600012734,17.74,Aceptable,19.7,Bueno,interpolacion_delaunay,0,961,146,24,13
2026-10-04T02:45:11.192940+00:00,1900600010992,15.57,Aceptable,16.92,Bueno,interpolacion_delaunay,0,0,0,0,0
2026-10-04T02:45:11.192940+00:00,1900600012804,15.3,Aceptable,16.55,Bueno,interpolacion_delaunay,0,705,129,13,7
2026-10-04T02:45:11.192940+00:00,1900600011897,16.28,Aceptable,18.44,Bueno,interpolacion_delaunay,0,3063,294,202,149
2026-10-04T02:45:11.192940+00:00,1900600012202,17.45,Aceptable,19.5,Bueno,interpolacion_delaunay,0,372,48,3,8
2026-10-04T02:45:11.192940+00:00,1900600012039,17.33,Aceptable,19.41,Bueno,interpolacion_delaunay,0,2684,242,90,67
2026-10-04T02:45:11.192940+00:00,1900601740047,16.72,Aceptable,18.65,Bueno,interpolacion_delaunay,0,1719,266,38,40
2026-10-04T02:45:11.192940+00:00,190190001005A,22.01,Aceptable,23.22,Bueno,interpolacion_delaunay,0,2404,108,693,69
2026-10-04T02:45:11.192940+00:00,1901900010064,26.65,Aceptable,28.1,Bueno,promedio_sensores,4,2721,181,677,58
2026-10-04T02:45:11.192940+00:00,1901900010079,31.5,Aceptable,35.3,Bueno,promedio_sensores,1,4464,212,1159,127
2026-10-04T02:45:11.192940+00:00,1901900010083,12.53,Bueno,13.0,Bueno,promedio_sensores,3,1374,63,441,45
2026-10-04T02:45:11.192940+00:00,1901900010098,15.2,Aceptable,15.7,Bueno,promedio_sensores,1,1854,103,460,42
2026-10-04T02:45:11.192940+00:00,1901900010100,16.1,Aceptable,16.7,Bueno,promedio_sensores,1,1944,129,547,21
2026-10-04T02:45:11.192940+00:00,1901900010149,25.2,Aceptable,27.0,Bueno,promedio_sensores,1,1163,75,215,15
2026-10-04T02:45:11.192940+00:00,1901900010153,33.3,Mala,37.1,Bueno,promedio_sensores,1,1800,134,430,81
2026-10-04T02:45:11.192940+00:00,1901900010168,20.8,Aceptable,23.6,Bueno,promedio_sensores,1,1570,81,416,43
2026-10-04T02:45:11.192940+00:00,1901900010172,18.04,Aceptable,19.37,Bueno,interpolacion_delaunay,0,1335,59,357,29
2026-10-04T02:45:11.192940+00:00,1901900010187,19.14,Aceptable,21.3,Bueno,interpolacion_delaunay,0,4463,306,999,93
2026-10-04T02:45:11.192940+00:00,1901900010191,1.8,Bueno,2.0,Bueno,promedio_sensores,1,2824,172,637,108
2026-10-04T02:45:11.192940+00:00,1901900010204,6.33,Bueno,6.94,Bueno,interpolacion_delaunay,0,3926,317,736,119
2026-10-04T02:45:11.192940+00:00,1901900010223,8.18,Bueno,8.71,Bueno,interpolacion_delaunay,0,2979,89,503,54
2026-10-04T02:45:11.192940+00:00,1901900010238,5.7,Bueno,6.0,Bueno,promedio_sensores,1,1904,73,302,23
2026-10-04T02:45:11.192940+00:00,1901900010242,4.97,Bueno,5.27,Bueno,promedio_sensores,3,2717,143,729,92
2026-10-04T02:45:11.192940+00:00,1901900010257,11.9,Bueno,13.2,Bueno,promedio_sensores,1,1307,56,361,13
2026-10-04T02:45:11.192940+00:00,1901900010261,1.4,Bueno,1.65,Bueno,promedio_sensores,2,2240,113,567,42
2026-10-04T02:45:11.192940+00:00,1901900010280,2.24,Bueno,2.72,Bueno,interpolacion_delaunay,0,2690,79,360,43
2026-10-04T02:45:11.192940+00:00,1901900010350,19.69,Aceptable,20.96,Bueno,interpolacion_delaunay,0,2768,148,592,68
2026-10-04T02:45:11.192940+00:00,1901900010365,11.7,Bueno,12.3,Bueno,promedio_sensores,1,3419,327,293,61
2026-10-04T02:45:11.192940+00:00,1901900010399,4.55,Bueno,4.65,Bueno,promedio_sensores,2,1162,6,68,0
2026-10-04T02:45:11.192940+00:00,1901900010401,37.7,Mala,48.9,Aceptable,promedio_sensores,1,2375,247,392,86
2026-10-04T02:45:11.192940+00:00,1901900010416,8.7,Bueno,9.27,Bueno,interpolacion_delaunay,0,700,19,105,4
2026-10-04T02:45:11.192940+00:00,1901900010420,1.9,Bueno,2.2,Bueno,promedio_sensores,1,1696,93,408,47
2026-10-04T02:45:11.192940+00:00,1901900010435,4.0,Bueno,4.3,Bueno,promedio_sensores,1,4494,346,601,54
2026-10-04T02:45:11.192940+00:00,190190001044A,4.33,Bueno,5.03,Bueno,promedio_sensores,3,4383,354,439,56
2026-10-04T02:45:11.192940+00:00,1901900010454,4.1,Bueno,4.25,Bueno,promedio_sensores,2,557,26,114,11
2026-10-04T02:45:11.192940+00:00,1901900010469,1.6,Bueno,1.9,Bueno,promedio_sensores,1,3112,170,568,37
2026-10-04T02:45:11.192940+00:00,1901900010473,2.38,Bueno,2.62,Bueno,interpolacion_delaunay,0,983,46,182,19
2026-10-04T02:45:11.192940+00:00,1901900010488,17.5,Aceptable,19.3,Bueno,promedio_sensores,2,2757,295,371,102
2026-10-04T02:45:11.192940+00:00,1901900010492,12.45,Bueno,13.75,Bueno,promedio_sensores,2,2848,173,697,71
2026-10-04T02:45:11.192940+00:00,1901900010505,2.4,Bueno,2.79,Bueno,interpolacion_delaunay,0,2494,111,512,19
2026-10-04T02:45:11.192940+00:00,190190001051A,2.5,Bueno,2.8,Bueno,promedio_sensores,1,1899,111,507,36
2026-10-04T02:45:11.192940+00:00,1901900010558,2.7,Bueno,3.07,Bueno,promedio_sensores,3,1349,87,230,21
2026-10-04T02:45:11.192940+00:00,1901900010613,2.07,Bueno,2.34,Bueno,interpolacion_delaunay,0,132,0,20,0
2026-10-04T02:45:11.192940+00:00,1901900010384,6.5,Bueno,7.01,Bueno,interpolacion_delaunay,0,1111,19,119,15
2026-10-04T02:45:11.192940+00:00,1901900010219,7.84,Bueno,8.56,Bueno,interpolacion_delaunay,0,1954,106,555,58
2026-10-04T02:45:11.192940+00:00,1902100011338,6.84,Bueno,7.97,Bueno,interpolacion_delaunay,0,2800,219,134,55
2026-10-04T02:45:11.192940+00:00,1902100011817,4.0,Bueno,4.8,Bueno,promedio_sensores,1,583,52,40,11
2026-10-04T02:45:11.192940+00:00,1902100010293,5.92,Bueno,6.83,Bueno,interpolacion_delaunay,0,2008,84,165,35
2026-10-04T02:45:11.192940+00:00,190210001033A,5.28,Bueno,6.1,Bueno,interpolacion_delaunay,0,4000,286,440,91
2026-10-04T02:45:11.192940+00:00,1902100011060,10.47,Bueno,11.85,Bueno,interpolacion_delaunay,0,3355,278,195,95
2026-10-04T02:45:11.192940+00:00,1902100010289,6.42,Bueno,7.4,Bueno,interpolacion_delaunay,0,1352,78,109,44
2026-10-04T02:45:11.192940+00:00,1902100010325,7.72,Bueno,8.72,Bueno,interpolacion_delaunay,0,1,0,0,0
2026-10-04T02:45:11.192940+00:00,1902100011412,7.8,Bueno,8.7,Bueno,promedio_sensores,1,3239,228,156,27
2026-10-04T02:45:11.192940+00:00,1902100011427,4.73,Bueno,5.49,Bueno,interpolacion_delaunay,0,4126,302,227,21
2026-10-04T02:45:11.192940+00:00,1902100011408,7.86,Bueno,8.72,Bueno,interpolacion_delaunay,0,6781,377,571,69
2026-10-04T02:45:11.192940+00:00,1902100011342,7.56,Bueno,8.75,Bueno,interpolacion_delaunay,0,4655,261,185,126
2026-10-04T02:45:11.192940+00:00,1902100010043,10.1,Bueno,11.38,Bueno,interpolacion_delaunay,0,4208,322,819,334
2026-10-04T02:45:11.192940+00:00,1902100010255,9.07,Bueno,10.39,Bueno,interpolacion_delaunay,0,6704,625,410,194
2026-10-04T02:45:11.192940+00:00,1902100010378,9.7,Bueno,10.9,Bueno,promedio_sensores,1,4134,262,294,72
2026-10-04T02:45:11.192940+00:00,1902100011075,10.68,Bueno,12.06,Bueno,interpolacion_delaunay,0,8122,855,320,248
2026-10-04T02:45:11.192940+00:00,1902600011832,17.38,Aceptable,19.15,Bueno,interpolacion_delaunay,0,3764,305,386,174
2026-10-04T02:45:11.192940+00:00,1902600010035,17.16,Aceptable,18.95,Bueno,interpolacion_delaunay,0,1597,156,285,106
2026-10-04T02:45:11.192940+00:00,1902600012332,12.11,Bueno,13.38,Bueno,interpolacion_delaunay,0,5634,507,898,399
2026-10-04T02:45:11.192940+00:00,1902600010020,17.0,Aceptable,18.69,Bueno,interpolacion_delaunay,0,1825,174,355,160
2026-10-04T02:45:11.192940+00:00,1902600011279,16.95,Aceptable,18.66,Bueno,interpolacion_delaunay,0,4324,384,731,269
2026-10-04T02:45:11.192940+00:00,1902600011283,16.99,Aceptable,18.74,Bueno,interpolacion_delaunay,0,3719,341,754,207
2026-10-04T02:45:11.192940+00:00,1902600012440,17.1,Aceptable,18.75,Bueno,interpolacion_delaunay,0,2604,133,153,35
2026-10-04T02:45:11.192940+00:00,1902600012667,19.02,Aceptable,21.15,Bueno,interpolacion_delaunay,0,778,73,30,14
2026-10-04T02:45:11.192940+00:00,1902600012811,10.1,Bueno,11.29,Bueno,interpolacion_delaunay,0,26,4,0,0
2026-10-04T02:45:11.192940+00:00,1902600010459,11.42,Bueno,13.1,Bueno,interpolacion_delaunay,0,3039,123,850,229
2026-10-04T02:45:11.192940+00:00,1902600010317,12.49,Bueno,14.27,Bueno,interpolacion_delaunay,0,4084,275,902,321
2026-10-04T02:45:11.192940+00:00,1902600010957,17.19,Aceptable,18.95,Bueno,interpolacion_delaunay,0,5841,533,1121,336
2026-10-04T02:45:11.192940+00:00,1902600011103,15.69,Aceptable,18.09,Bueno,interpolacion_delaunay,0,950,69,80,47
2026-10-04T02:45:11.192940+00:00,1902600011457,14.93,Bueno,16.73,Bueno,interpolacion_delaunay,0,2279,129,466,94
2026-10-04T02:45:11.192940+00:00,1902600011404,7.15,Bueno,8.22,Bueno,interpolacion_delaunay,0,3115,227,702,219
2026-10-04T02:45:11.192940+00:00,1902600011508,16.34,Aceptable,18.7,Bueno,interpolacion_delaunay,0,1978,175,250,90
2026-10-04T02:45:11.192940+00:00,1902600011828,17.01,Aceptable,18.68,Bueno,interpolacion_delaunay,0,2175,178,266,60
2026-10-04T02:45:11.192940+00:00,1902600011847,17.55,Aceptable,19.33,Bueno,interpolacion_delaunay,0,4488,374,407,157
2026-10-04T02:45:11.192940+00:00,1902600012402,17.59,Aceptable,19.47,Bueno,interpolacion_delaunay,0,2699,234,353,170
2026-10-04T02:45:11.192940+00:00,1902600012205,15.13,Aceptable,17.04,Bueno,interpolacion_delaunay,0,4435,432,502,204
2026-10-04T02:45:11.192940+00:00,1902600012258,17.37,Aceptable,19.61,Bueno,interpolacion_delaunay,0,1006,77,102,40
2026-10-04T02:45:11.192940+00:00,1902600012296,15.21,Aceptable,16.84,Bueno,interpolacion_delaunay,0,4398,237,919,190
2026-10-04T02:45:11.192940+00:00,1902600012455,17.34,Aceptable,19.05,Bueno,interpolacion_delaunay,0,4962,328,296,118
2026-10-04T02:45:11.192940+00:00,1902600010302,12.0,Bueno,13.75,Bueno,interpolacion_delaunay,0,2790,166,675,209
2026-10-04T02:45:11.192940+00:00,1902600010425,10.86,Bueno,12.6,Bueno,interpolacion_delaunay,0,3687,235,843,230
2026-10-04T02:45:11.192940+00:00,1902600010533,11.52,Bueno,13.43,Bueno,interpolacion_delaunay,0,1681,81,395,96
2026-10-04T02:45:11.192940+00:00,1902600011813,16.97,Aceptable,18.62,Bueno,interpolacion_delaunay,0,5250,447,545,129
2026-10-04T02:45:11.192940+00:00,1902600011851,17.72,Aceptable,19.52,Bueno,interpolacion_delaunay,0,4115,305,359,155
2026-10-04T02:45:11.192940+00:00,1902600012436,16.85,Aceptable,18.46,Bueno,interpolacion_delaunay,0,3242,185,145,20
2026-10-04T02:45:11.192940+00:00,1902600012686,17.82,Aceptable,20.01,Bueno,interpolacion_delaunay,0,40,3,7,5
2026-10-04T02:45:11.192940+00:00,1902600010124,14.36,Bueno,15.85,Bueno,interpolacion_delaunay,0,2665,140,749,113
2026-10-04T02:45:11.192940+00:00,1902600012417,14.86,Bueno,16.46,Bueno,interpolacion_delaunay,0,2073,147,228,128
2026-10-04T02:45:11.192940+00:00,1902600012347,13.45,Bueno,14.74,Bueno,interpolacion_delaunay,0,4440,433,247,105
2026-10-04T02:45:11.192940+00:00,190260001239A,17.74,Aceptable,19.56,Bueno,interpolacion_delaunay,0,2697,236,207,88
2026-10-04T02:45:11.192940+00:00,190260001260A,17.89,Aceptable,20.08,Bueno,interpolacion_delaunay,0,979,82,21,36
2026-10-04T02:45:11.192940+00:00,1902600011391,16.08,Aceptable,18.03,Bueno,interpolacion_delaunay,0,3747,280,1036,286
2026-10-04T02:45:11.192940+00:00,1902600010251,16.3,Aceptable,18.12,Bueno,interpolacion_delaunay,0,6072,581,994,581
2026-10-04T02:45:11.192940+00:00,1902600010707,13.05,Bueno,14.7,Bueno,interpolacion_delaunay,0,4261,296,986,365
2026-10-04T02:45:11.192940+00:00,190260001157A,13.23,Bueno,14.84,Bueno,interpolacion_delaunay,0,2161,148,444,126
2026-10-04T02:45:11.192940+00:00,1902600011654,16.01,Aceptable,17.93,Bueno,interpolacion_delaunay,0,3737,309,535,205
2026-10-04T02:45:11.192940+00:00,1902600012385,10.06,Bueno,11.23,Bueno,interpolacion_delaunay,0,108,11,8,5
2026-10-04T02:45:11.192940+00:00,1902600011495,16.85,Aceptable,19.18,Bueno,interpolacion_delaunay,0,2675,203,421,91
2026-10-04T02:45:11.192940+00:00,1902600012525,14.14,Bueno,15.51,Bueno,interpolacion_delaunay,0,6162,464,363,124
2026-10-04T02:45:11.192940+00:00,1902600010995,17.92,Aceptable,19.78,Bueno,interpolacion_delaunay,0,1016,61,224,56
2026-10-04T02:45:11.192940+00:00,1902600011866,13.24,Bueno,14.61,Bueno,interpolacion_delaunay,0,3064,167,548,67
2026-10-04T02:45:11.192940+00:00,190260001207A,7.82,Bueno,8.88,Bueno,interpolacion_delaunay,0,2199,99,452,47
2026-10-04T02:45:11.192940+00:00,1902600012120,8.04,Bueno,8.29,Bueno,interpolacion_delaunay,0,1092,33,384,28
2026-10-04T02:45:11.192940+00:00,1902600012135,11.76,Bueno,11.97,Bueno,interpolacion_delaunay,0,1356,47,414,29
2026-10-04T02:45:11.192940+00:00,1902600012544,14.02,Bueno,15.62,Bueno,interpolacion_delaunay,0,2171,187,206,83
2026-10-04T02:45:11.192940+00:00,1902600010069,11.98,Bueno,13.51,Bueno,interpolacion_delaunay,0,1920,94,579,107
2026-10-04T02:45:11.192940+00:00,1902600010073,12.29,Bueno,13.82,Bueno,interpolacion_delaunay,0,3137,159,955,77
2026-10-04T02:45:11.192940+00:00,1902600010088,12.39,Bueno,13.84,Bueno,interpolacion_delaunay,0,2870,157,722,160
2026-10-04T02:45:11.192940+00:00,1902600010158,12.5,Bueno,14.32,Bueno,interpolacion_delaunay,0,1517,70,502,83
2026-10-04T02:45:11.192940+00:00,190260001029A,11.28,Bueno,13.0,Bueno,interpolacion_delaunay,0,1809,94,461,133
2026-10-04T02:45:11.192940+00:00,1902600011885,11.59,Bueno,13.11,Bueno,interpolacion_delaunay,0,1944,100,497,103
2026-10-04T02:45:11.192940+00:00,1902600012192,17.15,Aceptable,19.4,Bueno,interpolacion_delaunay,0,2742,217,241,94
2026-10-04T02:45:11.192940+00:00,1902600012243,10.71,Bueno,11.82,Bueno,interpolacion_delaunay,0,316,37,21,22
2026-10-04T02:45:11.192940+00:00,1902600012421,15.45,Aceptable,17.13,Bueno,interpolacion_delaunay,0,2385,134,120,49
2026-10-04T02:45:11.192940+00:00,1902600012597,18.41,Aceptable,20.59,Bueno,interpolacion_delaunay,0,3539,244,126,97
2026-10-04T02:45:11.192940+00:00,1902600011029,17.92,Aceptable,19.74,Bueno,interpolacion_delaunay,0,1109,94,97,45
2026-10-04T02:45:11.192940+00:00,190260001189A,11.84,Bueno,13.45,Bueno,interpolacion_delaunay,0,2117,131,543,112
2026-10-04T02:45:11.192940+00:00,1902600012703,10.48,Bueno,11.71,Bueno,interpolacion_delaunay,0,632,49,33,14
2026-10-04T02:45:11.192940+00:00,1902600011372,15.85,Aceptable,17.83,Bueno,interpolacion_delaunay,0,2451,168,520,192
2026-10-04T02:45:11.192940+00:00,1902600012366,17.54,Aceptable,19.76,Bueno,interpolacion_delaunay,0,350,28,12,6
2026-10-04T02:45:11.192940+00:00,1902600010321,13.52,Bueno,15.38,Bueno,interpolacion_delaunay,0,5159,259,1483,335
2026-10-04T02:45:11.192940+00:00,1902600010336,13.99,Bueno,15.87,Bueno,interpolacion_delaunay,0,3112,150,945,118
2026-10-04T02:45:11.192940+00:00,1902600010340,14.67,Bueno,16.59,Bueno,interpolacion_delaunay,0,5009,289,1452,316
2026-10-04T02:45:11.192940+00:00,1902600010355,14.88,Bueno,16.77,Bueno,interpolacion_delaunay,0,2172,143,527,123
2026-10-04T02:45:11.192940+00:00,1902600010389,16.27,Aceptable,18.25,Bueno,interpolacion_delaunay,0,3485,223,809,188
2026-10-04T02:45:11.192940+00:00,1902600010393,16.23,Aceptable,18.14,Bueno,interpolacion_delaunay,0,4293,274,932,186
2026-10-04T02:45:11.192940+00:00,1902600010618,14.12,Bueno,15.88,Bueno,interpolacion_delaunay,0,3420,248,733,217
2026-10-04T02:45:11.192940+00:00,1902600010730,15.11,Aceptable,16.31,Bueno,interpolacion_delaunay,0,4610,359,992,364
2026-10-04T02:45:11.192940+00:00,1902600011033,18.5,Aceptable,20.4,Bueno,interpolacion_delaunay,0,5199,444,572,162
2026-10-04T02:45:11.192940+00:00,1902600011122,15.8,Aceptable,17.47,Bueno,interpolacion_delaunay,0,6940,637,766,300
2026-10-04T02:45:11.192940+00:00,1902600011546,12.02,Bueno,13.64,Bueno,interpolacion_delaunay,0,3715,209,870,202
2026-10-04T02:45:11.192940+00:00,1902600011461,15.39,Aceptable,17.21,Bueno,interpolacion_delaunay,0,3227,233,684,198
2026-10-04T02:45:11.192940+00:00,190260001132A,13.86,Bueno,15.68,Bueno,interpolacion_delaunay,0,2713,152,488,78
2026-10-04T02:45:11.192940+00:00,1902600011334,17.19,Aceptable,19.02,Bueno,interpolacion_delaunay,0,3525,289,683,240
2026-10-04T02:45:11.192940+00:00,1902600011349,17.73,Aceptable,19.63,Bueno,interpolacion_delaunay,0,2716,239,484,222
2026-10-04T02:45:11.192940+00:00,1902600011368,15.4,Aceptable,17.33,Bueno,interpolacion_delaunay,0,3348,226,652,119
2026-10-04T02:45:11.192940+00:00,1902600011419,12.55,Bueno,14.3,Bueno,interpolacion_delaunay,0,2833,144,728,158
2026-10-04T02:45:11.192940+00:00,1902600011442,14.36,Bueno,16.11,Bueno,interpolacion_delaunay,0,3169,182,598,174
2026-10-04T02:45:11.192940+00:00,1902600011565,12.66,Bueno,14.3,Bueno,interpolacion_delaunay,0,4076,290,816,263
2026-10-04T02:45:11.192940+00:00,1902600011584,13.92,Bueno,15.38,Bueno,interpolacion_delaunay,0,4255,317,895,221
2026-10-04T02:45:11.192940+00:00,1902600011599,14.63,Bueno,16.12,Bueno,interpolacion_delaunay,0,2923,228,572,152
2026-10-04T02:45:11.192940+00:00,1902600011601,14.8,Bueno,15.9,Bueno,promedio_sensores,1,3474,261,775,299
2026-10-04T02:45:11.192940+00:00,1902600011688,14.97,Bueno,16.24,Bueno,interpolacion_delaunay,0,3727,240,688,249
2026-10-04T02:45:11.192940+00:00,190260001171A,13.5,Bueno,14.73,Bueno,interpolacion_delaunay,0,4383,321,770,213
2026-10-04T02:45:11.192940+00:00,1902600012008,7.4,Bueno,8.51,Bueno,interpolacion_delaunay,0,1064,52,278,35
2026-10-04T02:45:11.192940+00:00,1902600011781,10.34,Bueno,11.67,Bueno,interpolacion_delaunay,0,260,22,25,0
2026-10-04T02:45:11.192940+00:00,1902600011989,12.66,Bueno,14.32,Bueno,interpolacion_delaunay,0,3336,217,653,151
2026-10-04T02:45:11.192940+00:00,1902600012027,14.74,Bueno,16.02,Bueno,interpolacion_delaunay,0,5601,339,676,195
2026-10-04T02:45:11.192940+00:00,1902600012116,11.57,Bueno,12.86,Bueno,interpolacion_delaunay,0,2265,174,319,64
2026-10-04T02:45:11.192940+00:00,1902600012328,17.73,Aceptable,19.94,Bueno,interpolacion_delaunay,0,2737,200,173,54
2026-10-04T02:45:11.192940+00:00,1902600012510,14.94,Bueno,16.43,Bueno,interpolacion_delaunay,0,3466,257,269,90
2026-10-04T02:45:11.192940+00:00,1902600012578,12.6,Bueno,13.93,Bueno,interpolacion_delaunay,0,2465,185,298,196
2026-10-04T02:45:11.192940+00:00,1902600012582,12.45,Bueno,13.8,Bueno,interpolacion_delaunay,0,2739,201,423,283
2026-10-04T02:45:11.192940+00:00,1902600012614,17.66,Aceptable,19.9,Bueno,interpolacion_delaunay,0,3024,272,68,36
2026-10-04T02:45:11.192940+00:00,1902600010177,12.7,Bueno,14.43,Bueno,interpolacion_delaunay,0,1769,60,559,90
2026-10-04T02:45:11.192940+00:00,1902600010444,8.78,Bueno,10.09,Bueno,interpolacion_delaunay,0,2474,121,665,111
2026-10-04T02:45:11.192940+00:00,1902600011531,11.92,Bueno,13.55,Bueno,interpolacion_delaunay,0,3594,235,816,160
2026-10-04T02:45:11.192940+00:00,1902600010232,15.34,Aceptable,17.08,Bueno,interpolacion_delaunay,0,2521,162,744,110
2026-10-04T02:45:11.192940+00:00,1902600010196,13.01,Bueno,14.73,Bueno,interpolacion_delaunay,0,1557,66,485,73
2026-10-04T02:45:11.192940+00:00,1902600010213,14.53,Bueno,16.21,Bueno,interpolacion_delaunay,0,2063,114,530,142
2026-10-04T02:45:11.192940+00:00,190260001011A,14.06,Bueno,15.56,Bueno,interpolacion_delaunay,0,3115,155,816,154
2026-10-04T02:45:11.192940+00:00,1902600010162,12.49,Bueno,14.24,Bueno,interpolacion_delaunay,0,1624,64,473,65
2026-10-04T02:45:11.192940+00:00,1902600010181,12.97,Bueno,14.82,Bueno,interpolacion_delaunay,0,1561,63,499,94
2026-10-04T02:45:11.192940+00:00,1902600010228,15.0,Bueno,16.8,Bueno,interpolacion_delaunay,0,1619,140,316,120
2026-10-04T02:45:11.192940+00:00,1902600010603,13.91,Bueno,15.67,Bueno,interpolacion_delaunay,0,1632,93,346,132
2026-10-04T02:45:11.192940+00:00,1902600010745,15.03,Aceptable,16.26,Bueno,interpolacion_delaunay,0,1565,113,330,126
2026-10-04T02:45:11.192940+00:00,1902600010798,12.31,Bueno,13.85,Bueno,interpolacion_delaunay,0,3364,210,732,231
2026-10-04T02:45:11.192940+00:00,1902600010815,11.86,Bueno,13.28,Bueno,interpolacion_delaunay,0,4739,363,1000,268
2026-10-04T02:45:11.192940+00:00,1902600011438,8.57,Bueno,9.9,Bueno,interpolacion_delaunay,0,1771,89,459,85
2026-10-04T02:45:11.192940+00:00,1902600011476,14.94,Bueno,16.63,Bueno,interpolacion_delaunay,0,3270,215,839,209
2026-10-04T02:45:11.192940+00:00,1902600011777,11.33,Bueno,12.8,Bueno,interpolacion_delaunay,0,3599,312,366,80
2026-10-04T02:45:11.192940+00:00,1902600012031,14.62,Bueno,15.96,Bueno,interpolacion_delaunay,0,4385,273,421,152
2026-10-04T02:45:11.192940+00:00,1902600012173,7.83,Bueno,8.8,Bueno,interpolacion_delaunay,0,108,5,10,3
2026-10-04T02:45:11.192940+00:00,1902600012474,17.72,Aceptable,19.45,Bueno,interpolacion_delaunay,0,3828,248,138,120
2026-10-04T02:45:11.192940+00:00,190260001253A,15.04,Aceptable,16.8,Bueno,interpolacion_delaunay,0,1418,134,74,37
2026-10-04T02:45:11.192940+00:00,1902600012648,16.08,Aceptable,17.53,Bueno,interpolacion_delaunay,0,1998,125,415,138
2026-10-04T02:45:11.192940+00:00,1902600012794,18.7,Aceptable,20.77,Bueno,interpolacion_delaunay,0,776,83,32,8
2026-10-04T02:45:11.192940+00:00,1902600012775,18.53,Aceptable,20.63,Bueno,interpolacion_delaunay,0,1381,194,42,36
2026-10-04T02:45:11.192940+00:00,1902600012898,4.98,Bueno,5.28,Bueno,interpolacion_delaunay,0,21,3,0,0
2026-10-04T02:45:11.192940+00:00,1902600010849,10.59,Bueno,11.74,Bueno,interpolacion_delaunay,0,1926,132,278,87
2026-10-04T02:45:11.192940+00:00,1902600012262,15.66,Aceptable,17.29,Bueno,interpolacion_delaunay,0,2668,227,217,83
2026-10-04T02:45:11.192940+00:00,1902600010266,16.6,Aceptable,18.36,Bueno,interpolacion_delaunay,0,427,58,19,0
2026-10-04T02:45:11.192940+00:00,1902600010779,8.51,Bueno,9.65,Bueno,interpolacion_delaunay,0,677,45,131,66
2026-10-04T02:45:11.192940+00:00,1902600010872,7.04,Bueno,7.28,Bueno,interpolacion_delaunay,0,3088,114,989,72
2026-10-04T02:45:11.192940+00:00,1902600011902,15.23,Aceptable,16.88,Bueno,interpolacion_delaunay,0,2434,191,435,71
2026-10-04T02:45:11.192940+00:00,1902600011993,12.1,Bueno,13.7,Bueno,interpolacion_delaunay,0,3528,203,521,147
2026-10-04T02:45:11.192940+00:00,1902600012012,7.53,Bueno,8.61,Bueno,interpolacion_delaunay,0,2227,119,600,34
2026-10-04T02:45:11.192940+00:00,1902600012084,5.7,Bueno,6.33,Bueno,interpolacion_delaunay,0,1461,49,516,49
2026-10-04T02:45:11.192940+00:00,1902600012188,4.27,Bueno,4.73,Bueno,interpolacion_delaunay,0,460,18,82,4
2026-10-04T02:45:11.192940+00:00,1902600012277,15.8,Aceptable,17.52,Bueno,interpolacion_delaunay,0,3597,281,616,228
2026-10-04T02:45:11.192940+00:00,190260001246A,17.54,Aceptable,19.28,Bueno,interpolacion_delaunay,0,4546,358,308,145
2026-10-04T02:45:11.192940+00:00,1902600012559,12.34,Bueno,13.7,Bueno,interpolacion_delaunay,0,4248,285,324,114
2026-10-04T02:45:11.192940+00:00,1902600012652,19.12,Aceptable,21.21,Bueno,interpolacion_delaunay,0,3158,323,113,122
2026-10-04T02:45:11.192940+00:00,1902600012671,18.89,Aceptable,20.89,Bueno,interpolacion_delaunay,0,1647,122,65,34
2026-10-04T02:45:11.192940+00:00,1902600012718,10.23,Bueno,11.28,Bueno,interpolacion_delaunay,0,2829,290,123,131
2026-10-04T02:45:11.192940+00:00,1902600012741,11.63,Bueno,13.17,Bueno,interpolacion_delaunay,0,1897,119,345,52
2026-10-04T02:45:11.192940+00:00,1902600012879,19.4,Aceptable,21.5,Bueno,promedio_sensores,1,2144,300,65,16
2026-10-04T02:45:11.192940+00:00,1902600010285,8.8,Bueno,10.17,Bueno,interpolacion_delaunay,0,2844,174,613,185
2026-10-04T02:45:11.192940+00:00,1902600012690,9.9,Bueno,11.05,Bueno,interpolacion_delaunay,0,79,0,3,0
2026-10-04T02:45:11.192940+00:00,1902600012099,10.5,Bueno,11.77,Bueno,interpolacion_delaunay,0,5241,599,554,189
2026-10-04T02:45:11.192940+00:00,1902600011936,18.73,Aceptable,20.68,Bueno,interpolacion_delaunay,0,2951,267,407,119
2026-10-04T02:45:11.192940+00:00,1902600012169,4.59,Bueno,5.15,Bueno,interpolacion_delaunay,0,1023,50,158,14
2026-10-04T02:45:11.192940+00:00,190260001118A,7.51,Bueno,8.51,Bueno,interpolacion_delaunay,0,3453,227,320,71
2026-10-04T02:45:11.192940+00:00,1902600012050,12.43,Bueno,13.79,Bueno,interpolacion_delaunay,0,4134,320,745,263
2026-10-04T02:45:11.192940+00:00,1902600012101,10.67,Bueno,11.9,Bueno,interpolacion_delaunay,0,3626,381,484,119
2026-10-04T02:45:11.192940+00:00,1902600012563,10.67,Bueno,11.88,Bueno,interpolacion_delaunay,0,2676,291,133,25
2026-10-04T02:45:11.192940+00:00,190260001278A,18.43,Aceptable,20.49,Bueno,interpolacion_delaunay,0,3558,402,98,36
2026-10-04T02:45:11.192940+00:00,1902600011921,18.54,Aceptable,20.47,Bueno,interpolacion_delaunay,0,2594,223,377,76
2026-10-04T02:45:11.192940+00:00,1902600010092,12.83,Bueno,14.25,Bueno,interpolacion_delaunay,0,4183,262,1039,106
2026-10-04T02:45:11.192940+00:00,1902600011300,15.14,Aceptable,16.73,Bueno,interpolacion_delaunay,0,2915,163,792,188
2026-10-04T02:45:11.192940+00:00,1902600010143,18.2,Aceptable,20.05,Bueno,interpolacion_delaunay,0,2245,273,113,55
2026-10-04T02:45:11.192940+00:00,1902600011870,13.51,Bueno,14.99,Bueno,interpolacion_delaunay,0,3271,173,768,82
2026-10-04T02:45:11.192940+00:00,1902600011315,13.38,Bueno,15.01,Bueno,interpolacion_delaunay,0,3497,230,464,42
2026-10-04T02:45:11.192940+00:00,1902600011014,17.9,Aceptable,19.69,Bueno,interpolacion_delaunay,0,2155,150,459,98
2026-10-04T02:45:11.192940+00:00,1902600011616,15.96,Aceptable,17.43,Bueno,interpolacion_delaunay,0,3883,311,769,201
2026-10-04T02:45:11.192940+00:00,1902600011620,16.04,Aceptable,17.56,Bueno,interpolacion_delaunay,0,4814,356,1024,301
2026-10-04T02:45:11.192940+00:00,1902600011480,16.91,Aceptable,18.57,Bueno,interpolacion_delaunay,0,4784,390,737,223
2026-10-04T02:45:11.192940+00:00,1902600010641,16.14,Aceptable,17.85,Bueno,interpolacion_delaunay,0,2917,240,627,202
2026-10-04T02:45:11.192940+00:00,1902600012633,16.2,Aceptable,17.61,Bueno,interpolacion_delaunay,0,2429,188,313,91
2026-10-04T02:45:11.192940+00:00,190260001164A,16.11,Aceptable,17.74,Bueno,interpolacion_delaunay,0,2101,168,367,57
2026-10-04T02:45:11.192940+00:00,1902600011635,15.76,Aceptable,17.29,Bueno,interpolacion_delaunay,0,4695,347,639,204
2026-10-04T02:45:11.192940+00:00,1902600010961,17.4,Aceptable,19.08,Bueno,interpolacion_delaunay,0,1353,81,150,34
2026-10-04T02:45:11.192940+00:00,1902600011226,11.2,Bueno,12.62,Bueno,interpolacion_delaunay,0,4831,444,615,226
2026-10-04T02:45:11.192940+00:00,1902600012807,10.98,Bueno,12.43,Bueno,interpolacion_delaunay,0,51,0,0,0
2026-10-04T02:45:11.192940+00:00,1902600012737,11.05,Bueno,12.51,Bueno,interpolacion_delaunay,0,153,17,4,4
2026-10-04T02:45:11.192940+00:00,1902600012046,12.0,Bueno,13.42,Bueno,interpolacion_delaunay,0,5116,376,649,199
2026-10-04T02:45:11.192940+00:00,1902600012756,11.3,Bueno,12.8,Bueno,promedio_sensores,1,2572,282,124,24
2026-10-04T02:45:11.192940+00:00,1902600010783,10.26,Bueno,11.63,Bueno,interpolacion_delaunay,0,1477,145,264,42
2026-10-04T02:45:11.192940+00:00,1902600011230,11.34,Bueno,12.75,Bueno,interpolacion_delaunay,0,3324,362,242,132
2026-10-04T02:45:11.192940+00:00,1902600011758,2.9,Bueno,3.2,Bueno,promedio_sensores,1,2105,92,408,43
2026-10-04T02:45:11.192940+00:00,1902600011141,14.9,Bueno,16.98,Bueno,interpolacion_delaunay,0,9036,1161,432,363
2026-10-04T02:45:11.192940+00:00,1902600011743,11.49,Bueno,12.71,Bueno,interpolacion_delaunay,0,7461,709,958,323
2026-10-04T02:45:11.192940+00:00,1902600012629,10.25,Bueno,11.32,Bueno,interpolacion_delaunay,0,1943,149,74,66
2026-10-04T02:45:11.192940+00:00,1902600011762,11.7,Bueno,13.24,Bueno,interpolacion_delaunay,0,2427,183,512,77
2026-10-04T02:45:11.192940+00:00,1902600011194,9.66,Bueno,10.95,Bueno,interpolacion_delaunay,0,4669,300,960,201
2026-10-04T02:45:11.192940+00:00,1902600011052,18.46,Aceptable,20.49,Bueno,interpolacion_delaunay,0,7318,799,917,451
2026-10-04T02:45:11.192940+00:00,1902600012722,18.13,Aceptable,20.24,Bueno,interpolacion_delaunay,0,1673,182,35,23
2026-10-04T02:45:11.192940+00:00,1902600010209,17.68,Aceptable,19.78,Bueno,interpolacion_delaunay,0,0,0,0,0
2026-10-04T02:45:11.192940+00:00,1902600012883,17.37,Aceptable,19.5,Bueno,interpolacion_delaunay,0,2693,391,65,39
2026-10-04T02:45:11.192940+00:00,1902600011512,11.48,Bueno,13.54,Bueno,interpolacion_delaunay,0,1411,83,448,118
2026-10-04T02:45:11.192940+00:00,1902600011527,11.71,Bueno,13.61,Bueno,interpolacion_delaunay,0,2114,99,718,127
2026-10-04T02:45:11.192940+00:00,1902600010853,11.51,Bueno,13.31,Bueno,interpolacion_delaunay,0,4562,382,755,151
2026-10-04T02:45:11.192940+00:00,1902600011160,11.8,Bueno,13.7,Bueno,promedio_sensores,1,3568,186,796,79
2026-10-04T02:45:11.192940+00:00,1902600011423,12.93,Bueno,14.69,Bueno,interpolacion_delaunay,0,2358,121,643,149
2026-10-04T02:45:11.192940+00:00,1902600011118,10.55,Bueno,12.07,Bueno,interpolacion_delaunay,0,0,0,0,0
2026-10-04T02:45:11.192940+00:00,1902600010552,11.23,Bueno,12.88,Bueno,interpolacion_delaunay,0,1358,197,299,91
2026-10-04T02:45:11.192940+00:00,1902600010567,12.02,Bueno,13.68,Bueno,interpolacion_delaunay,0,3469,239,807,212
2026-10-04T02:45:11.192940+00:00,1902600010478,13.79,Bueno,15.62,Bueno,interpolacion_delaunay,0,3451,258,686,179
2026-10-04T02:45:11.192940+00:00,1902600012493,13.13,Bueno,14.87,Bueno,interpolacion_delaunay,0,3047,231,451,139
2026-10-04T02:45:11.192940+00:00,1902600012506,12.77,Bueno,14.49,Bueno,interpolacion_delaunay,0,1875,122,448,96
2026-10-04T02:45:11.192940+00:00,1902600011387,15.44,Aceptable,17.35,Bueno,interpolacion_delaunay,0,4018,279,697,181
2026-10-04T02:45:11.192940+00:00,1902600010482,14.54,Bueno,16.4,Bueno,interpolacion_delaunay,0,4004,197,1191,226
2026-10-04T02:45:11.192940+00:00,1902600010586,13.58,Bueno,15.33,Bueno,interpolacion_delaunay,0,4983,369,1196,317
2026-10-04T02:45:11.192940+00:00,1902600010590,13.87,Bueno,15.63,Bueno,interpolacion_delaunay,0,3794,290,817,254
2026-10-04T02:45:11.192940+00:00,1902600011940,16.91,Aceptable,18.89,Bueno,interpolacion_delaunay,0,3450,256,773,184
2026-10-04T02:45:11.192940+00:00,1902600012224,15.09,Aceptable,16.95,Bueno,interpolacion_delaunay,0,1986,122,533,118
2026-10-04T02:45:11.192940+00:00,1902600012239,15.66,Aceptable,17.54,Bueno,interpolacion_delaunay,0,2664,206,487,219
2026-10-04T02:45:11.192940+00:00,1902600010548,5.82,Bueno,6.63,Bueno,interpolacion_delaunay,0,4149,203,1177,258
2026-10-04T02:45:11.192940+00:00,1902600012489,16.07,Aceptable,17.83,Bueno,interpolacion_delaunay,0,2798,203,290,77
2026-10-04T02:45:11.192940+00:00,1902600011353,15.2,Aceptable,17.14,Bueno,interpolacion_delaunay,0,1952,125,417,157
2026-10-04T02:45:11.192940+00:00,1902600012760,19.03,Aceptable,21.05,Bueno,interpolacion_delaunay,0,3619,397,120,87
2026-10-04T02:45:11.192940+00:00,1902600011264,18.54,Aceptable,20.54,Bueno,interpolacion_delaunay,0,1708,151,158,100
2026-10-04T02:45:11.192940+00:00,190260001285A,19.12,Aceptable,21.2,Bueno,interpolacion_delaunay,0,1850,298,50,26
2026-10-04T02:45:11.192940+00:00,1902600010270,16.98,Aceptable,19.22,Bueno,interpolacion_delaunay,0,0,0,0,0
2026-10-04T02:45:11.192940+00:00,1902600010406,17.01,Aceptable,18.98,Bueno,interpolacion_delaunay,0,2889,225,550,115
2026-10-04T02:45:11.192940+00:00,1902600011067,17.58,Aceptable,19.51,Bueno,interpolacion_delaunay,0,4252,360,451,270
2026-10-04T02:45:11.192940+00:00,1902600011086,17.32,Aceptable,19.55,Bueno,interpolacion_delaunay,0,3224,245,126,84
2026-10-04T02:45:11.192940+00:00,1902600012313,15.11,Aceptable,17.58,Bueno,interpolacion_delaunay,0,2567,202,407,174
2026-10-04T02:45:11.192940+00:00,1902600012309,15.83,Aceptable,18.19,Bueno,interpolacion_delaunay,0,2125,241,150,88
2026-10-04T02:45:11.192940+00:00,1902600011809,18.18,Aceptable,20.17,Bueno,interpolacion_delaunay,0,2127,251,117,120
2026-10-04T02:45:11.192940+00:00,1902600012864,18.33,Aceptable,20.35,Bueno,interpolacion_delaunay,0,1168,168,40,16
2026-10-04T02:45:11.192940+00:00,190260001125A,11.11,Bueno,11.38,Bueno,interpolacion_delaunay,0,541,13,170,22
2026-10-04T02:45:11.192940+00:00,1902600011071,16.18,Aceptable,18.53,Bueno,interpolacion_delaunay,0,3143,264,264,89
2026-10-04T02:45:11.192940+00:00,190260001196A,15.61,Aceptable,17.98,Bueno,interpolacion_delaunay,0,3349,324,262,100
2026-10-04T02:45:11.192940+00:00,1902600011955,17.81,Aceptable,19.83,Bueno,interpolacion_delaunay,0,3582,349,216,97
2026-10-04T02:45:11.192940+00:00,190260001050A,16.57,Aceptable,18.49,Bueno,interpolacion_delaunay,0,2022,217,309,73
2026-10-04T02:45:11.192940+00:00,1903900012400,12.3,Bueno,14.1,Bueno,promedio_sensores,1,4517,429,723,304
2026-10-04T02:45:11.192940+00:00,1903900014657,14.19,Bueno,15.15,Bueno,interpolacion_delaunay,0,2491,234,438,138
2026-10-04T02:45:11.192940+00:00,1903900013682,12.82,Bueno,13.99,Bueno,interpolacion_delaunay,0,4499,398,653,181
2026-10-04T02:45:11.192940+00:00,1903900010832,10.28,Bueno,12.0,Bueno,interpolacion_delaunay,0,543,31,158,26
2026-10-04T02:45:11.192940+00:00,1903900011120,11.25,Bueno,12.82,Bueno,interpolacion_delaunay,0,2607,94,831,149
2026-10-04T02:45:11.192940+00:00,1903900012129,28.74,Aceptable,35.9,Bueno,interpolacion_delaunay,0,4074,318,790,255
2026-10-04T02:45:11.192940+00:00,190390001363A,14.86,Bueno,15.98,Bueno,interpolacion_delaunay,0,3850,324,618,201
2026-10-04T02:45:11.192940+00:00,1903900014163,26.61,Aceptable,32.69,Bueno,interpolacion_delaunay,0,3563,376,476,178
2026-10-04T02:45:11.192940+00:00,1903900014642,13.52,Bueno,14.33,Bueno,interpolacion_delaunay,0,2137,227,313,125
2026-10-04T02:45:11.192940+00:00,1903900013589,23.13,Aceptable,27.06,Bueno,interpolacion_delaunay,0,1971,102,595,95
2026-10-04T02:45:11.192940+00:00,1903900011370,11.95,Bueno,13.72,Bueno,interpolacion_delaunay,0,1287,71,218,39
2026-10-04T02:45:11.192940+00:00,1903900012114,8.15,Bueno,9.4,Bueno,interpolacion_delaunay,0,2387,84,816,136
2026-10-04T02:45:11.192940+00:00,1903900012203,5.0,Bueno,5.4,Bueno,promedio_sensores,1,2974,126,1034,191
2026-10-04T02:45:11.192940+00:00,1903900013574,20.2,Aceptable,23.83,Bueno,interpolacion_delaunay,0,832,37,276,93
2026-10-04T02:45:11.192940+00:00,1903900012792,5.7,Bueno,7.17,Bueno,interpolacion_delaunay,0,1,0,0,0
2026-10-04T02:45:11.192940+00:00,190390001445A,11.1,Bueno,12.93,Bueno,interpolacion_delaunay,0,5563,304,1118,197
2026-10-04T02:45:11.192940+00:00,1903900014638,12.65,Bueno,13.29,Bueno,interpolacion_delaunay,0,3811,381,571,142
2026-10-04T02:45:11.192940+00:00,1903900012063,14.64,Bueno,15.98,Bueno,interpolacion_delaunay,0,2407,98,743,119
2026-10-04T02:45:11.192940+00:00,1903900011690,14.78,Bueno,15.61,Bueno,interpolacion_delaunay,0,228,12,56,11
2026-10-04T02:45:11.192940+00:00,1903900011760,10.25,Bueno,11.04,Bueno,interpolacion_delaunay,0,1986,129,443,117
2026-10-04T02:45:11.192940+00:00,1903900011934,9.7,Bueno,10.93,Bueno,promedio_sensores,3,2171,83,550,105
2026-10-04T02:45:11.192940+00:00,190390001192A,7.91,Bueno,8.76,Bueno,interpolacion_delaunay,0,2553,117,796,121
2026-10-04T02:45:11.192940+00:00,1903900012044,16.22,Aceptable,17.56,Bueno,interpolacion_delaunay,0,1920,122,427,109
2026-10-04T02:45:11.192940+00:00,1903900012078,15.91,Aceptable,17.31,Bueno,interpolacion_delaunay,0,2179,136,538,60
2026-10-04T02:45:11.192940+00:00,1903900011525,9.76,Bueno,11.23,Bueno,interpolacion_delaunay,0,590,39,143,33
2026-10-04T02:45:11.192940+00:00,1903900011991,16.5,Aceptable,17.9,Bueno,promedio_sensores,1,3236,192,703,201
2026-10-04T02:45:11.192940+00:00,1903900012006,8.54,Bueno,9.43,Bueno,interpolacion_delaunay,0,1972,70,504,136
2026-10-04T02:45:11.192940+00:00,1903900010673,20.73,Aceptable,24.1,Bueno,interpolacion_delaunay,0,2155,174,396,142
2026-10-04T02:45:11.192940+00:00,1903900010298,15.95,Aceptable,17.99,Bueno,interpolacion_delaunay,0,3499,233,739,152
2026-10-04T02:45:11.192940+00:00,1903900010404,17.0,Aceptable,19.19,Bueno,interpolacion_delaunay,0,2835,189,560,150
2026-10-04T02:45:11.192940+00:00,1903900011012,9.93,Bueno,11.85,Bueno,interpolacion_delaunay,0,1216,101,235,35
2026-10-04T02:45:11.192940+00:00,1903900011065,10.01,Bueno,11.71,Bueno,interpolacion_delaunay,0,1981,192,428,144
2026-10-04T02:45:11.192940+00:00,1903900010175,16.41,Aceptable,18.61,Bueno,interpolacion_delaunay,0,1294,70,318,45
2026-10-04T02:45:11.192940+00:00,190390001018A,15.24,Aceptable,17.26,Bueno,interpolacion_delaunay,0,3618,299,750,219
2026-10-04T02:45:11.192940+00:00,1903900010194,15.64,Aceptable,17.7,Bueno,interpolacion_delaunay,0,2850,223,604,173
2026-10-04T02:45:11.192940+00:00,1903900010226,14.58,Bueno,16.41,Bueno,interpolacion_delaunay,0,4934,461,799,274
2026-10-04T02:45:11.192940+00:00,1903900014229,7.77,Bueno,8.21,Bueno,interpolacion_delaunay,0,2852,249,505,184
2026-10-04T02:45:11.192940+00:00,1903900010353,10.4,Bueno,11.92,Bueno,interpolacion_delaunay,0,3313,167,981,325
2026-10-04T02:45:11.192940+00:00,1903900010936,25.73,Aceptable,30.06,Bueno,interpolacion_delaunay,0,2121,128,459,101
2026-10-04T02:45:11.192940+00:00,1903900011173,15.2,Aceptable,16.5,Bueno,promedio_sensores,1,2108,71,659,126
2026-10-04T02:45:11.192940+00:00,1903900011188,23.16,Aceptable,26.77,Bueno,interpolacion_delaunay,0,3322,231,794,185
2026-10-04T02:45:11.192940+00:00,1903900011224,19.83,Aceptable,23.46,Bueno,interpolacion_delaunay,0,3487,327,636,198
2026-10-04T02:45:11.192940+00:00,1903900011328,10.82,Bueno,13.25,Bueno,interpolacion_delaunay,0,1300,73,364,78
2026-10-04T02:45:11.192940+00:00,1903900011332,10.9,Bueno,12.88,Bueno,interpolacion_delaunay,0,2976,208,686,165
2026-10-04T02:45:11.192940+00:00,1903900011493,5.4,Bueno,6.2,Bueno,promedio_sensores,1,498,32,117,21
2026-10-04T02:45:11.192940+00:00,1903900011506,8.29,Bueno,9.73,Bueno,interpolacion_delaunay,0,218,10,60,5
2026-10-04T02:45:11.192940+00:00,1903900011510,7.47,Bueno,8.83,Bueno,interpolacion_delaunay,0,370,18,99,43
2026-10-04T02:45:11.192940+00:00,1903900011563,12.23,Bueno,13.92,Bueno,interpolacion_delaunay,0,1016,57,324,41
2026-10-04T02:45:11.192940+00:00,1903900011652,5.84,Bueno,6.93,Bueno,interpolacion_delaunay,0,1408,46,412,99
2026-10-04T02:45:11.192940+00:00,1903900011667,14.99,Bueno,16.65,Bueno,interpolacion_delaunay,0,811,38,222,38
2026-10-04T02:45:11.192940+00:00,1903900011671,14.72,Bueno,16.2,Bueno,interpolacion_delaunay,0,2135,120,546,122
2026-10-04T02:45:11.192940+00:00,1903900011775,8.89,Bueno,10.31,Bueno,interpolacion_delaunay,0,3247,195,753,173
2026-10-04T02:45:11.192940+00:00,190390001178A,10.61,Bueno,12.54,Bueno,interpolacion_delaunay,0,2085,91,638,124
2026-10-04T02:45:11.192940+00:00,1903900011811,11.16,Bueno,13.36,Bueno,interpolacion_delaunay,0,3726,195,960,140
2026-10-04T02:45:11.192940+00:00,190390001210A,10.1,Bueno,12.0,Bueno,promedio_sensores,1,2790,113,700,150
2026-10-04T02:45:11.192940+00:00,1903900012186,9.22,Bueno,10.16,Bueno,interpolacion_delaunay,0,4169,44,257,49
2026-10-04T02:45:11.192940+00:00,1903900011559,14.8,Bueno,15.6,Bueno,promedio_sensores,1,854,32,232,42
2026-10-04T02:45:11.192940+00:00,1903900013428,15.51,Aceptable,17.51,Bueno,interpolacion_delaunay,0,3351,320,515,172
2026-10-04T02:45:11.192940+00:00,1903900014214,8.55,Bueno,8.96,Bueno,interpolacion_delaunay,0,4120,374,689,171
2026-10-04T02:45:11.192940+00:00,1903900014712,10.7,Bueno,11.73,Bueno,interpolacion_delaunay,0,3085,299,499,125
2026-10-04T02:45:11.192940+00:00,1903900014727,9.55,Bueno,10.3,Bueno,interpolacion_delaunay,0,2574,237,418,75
2026-10-04T02:45:11.192940+00:00,1903900011544,10.83,Bueno,11.73,Bueno,interpolacion_delaunay,0,484,17,104,17
2026-10-04T02:45:11.192940+00:00,1903900011347,11.1,Bueno,12.9,Bueno,promedio_sensores,1,3767,228,949,230
2026-10-04T02:45:11.192940+00:00,1903900011101,10.42,Bueno,12.06,Bueno,interpolacion_delaunay,0,2340,171,499,101
2026-10-04T02:45:11.192940+00:00,1903900010692,21.95,Aceptable,25.5,Bueno,interpolacion_delaunay,0,1264,56,294,43
2026-10-04T02:45:11.192940+00:00,190390001071A,9.6,Bueno,11.0,Bueno,promedio_sensores,1,2092,89,717,121
2026-10-04T02:45:11.192940+00:00,190390001153A,8.13,Bueno,8.93,Bueno,interpolacion_delaunay,0,283,20,33,8
2026-10-04T02:45:11.192940+00:00,1903900012222,10.62,Bueno,11.33,Bueno,interpolacion_delaunay,0,2481,214,440,130
2026-10-04T02:45:11.192940+00:00,1903900010048,13.91,Bueno,15.84,Bueno,interpolacion_delaunay,0,2757,231,541,184
2026-10-04T02:45:11.192940+00:00,1903900010160,17.15,Aceptable,19.45,Bueno,interpolacion_delaunay,0,1233,55,334,97
2026-10-04T02:45:11.192940+00:00,1903900011915,11.6,Bueno,12.55,Bueno,interpolacion_delaunay,0,1171,52,296,69
2026-10-04T02:45:11.192940+00:00,1903900012824,0.92,Bueno,1.03,Bueno,interpolacion_delaunay,0,0,0,0,0
2026-10-04T02:45:11.192940+00:00,1903900010103,16.77,Aceptable,19.06,Bueno,interpolacion_delaunay,0,2537,115,733,107
2026-10-04T02:45:11.192940+00:00,1903900010122,14.75,Bueno,16.72,Bueno,interpolacion_delaunay,0,3875,316,762,228
2026-10-04T02:45:11.192940+00:00,1903900010207,14.36,Bueno,16.23,Bueno,interpolacion_delaunay,0,2935,264,476,100
2026-10-04T02:45:11.192940+00:00,190390001089A,25.51,Aceptable,30.12,Bueno,interpolacion_delaunay,0,2450,84,735,103
2026-10-04T02:45:11.192940+00:00,1903900010813,11.55,Bueno,13.48,Bueno,interpolacion_delaunay,0,1266,76,281,65
2026-10-04T02:45:11.192940+00:00,190390001096A,21.35,Aceptable,25.23,Bueno,interpolacion_delaunay,0,735,52,175,36
2026-10-04T02:45:11.192940+00:00,190390001107A,10.37,Bueno,12.19,Bueno,interpolacion_delaunay,0,2056,191,358,98
2026-10-04T02:45:11.192940+00:00,1903900011099,10.1,Bueno,11.64,Bueno,interpolacion_delaunay,0,1728,108,401,82
2026-10-04T02:45:11.192940+00:00,1903900011281,10.33,Bueno,12.28,Bueno,interpolacion_delaunay,0,162,9,42,10
2026-10-04T02:45:11.192940+00:00,190390001146A,15.45,Aceptable,17.02,Bueno,interpolacion_delaunay,0,1878,94,425,114
2026-10-04T02:45:11.192940+00:00,1903900011474,17.88,Aceptable,20.35,Bueno,interpolacion_delaunay,0,1482,65,348,91
2026-10-04T02:45:11.192940+00:00,1903900011648,9.11,Bueno,10.32,Bueno,interpolacion_delaunay,0,1275,46,383,92
2026-10-04T02:45:11.192940+00:00,1903900011953,14.26,Bueno,15.13,Bueno,interpolacion_delaunay,0,4331,383,782,275
2026-10-04T02:45:11.192940+00:00,1903900011968,15.0,Bueno,16.03,Bueno,interpolacion_delaunay,0,2452,198,521,139
2026-10-04T02:45:11.192940+00:00,1903900011972,15.65,Aceptable,16.81,Bueno,interpolacion_delaunay,0,2152,173,501,93
2026-10-04T02:45:11.192940+00:00,1903900011987,16.05,Aceptable,17.3,Bueno,interpolacion_delaunay,0,2330,153,564,186
2026-10-04T02:45:11.192940+00:00,1903900012010,8.37,Bueno,9.73,Bueno,promedio_sensores,3,377,6,32,6
2026-10-04T02:45:11.192940+00:00,1903900012025,9.79,Bueno,11.51,Bueno,interpolacion_delaunay,0,4868,169,1336,220
2026-10-04T02:45:11.192940+00:00,1903900012608,13.22,Bueno,15.12,Bueno,interpolacion_delaunay,0,3563,325,452,140
2026-10-04T02:45:11.192940+00:00,1903900012260,9.91,Bueno,10.33,Bueno,interpolacion_delaunay,0,2549,128,738,140
2026-10-04T02:45:11.192940+00:00,1903900012523,13.71,Bueno,15.65,Bueno,interpolacion_delaunay,0,5883,502,863,210
2026-10-04T02:45:11.192940+00:00,1903900012576,12.41,Bueno,14.26,Bueno,interpolacion_delaunay,0,3643,363,363,152
2026-10-04T02:45:11.192940+00:00,1903900012612,15.11,Aceptable,17.23,Bueno,interpolacion_delaunay,0,3707,369,423,217
2026-10-04T02:45:11.192940+00:00,1903900013339,12.91,Bueno,14.71,Bueno,interpolacion_delaunay,0,3291,330,562,149
2026-10-04T02:45:11.192940+00:00,1903900013432,14.44,Bueno,16.28,Bueno,interpolacion_delaunay,0,3283,331,497,186
2026-10-04T02:45:11.192940+00:00,1903900013381,15.0,Bueno,17.04,Bueno,interpolacion_delaunay,0,3469,305,681,259
2026-10-04T02:45:11.192940+00:00,1903900013324,12.89,Bueno,14.72,Bueno,interpolacion_delaunay,0,2714,268,458,83
2026-10-04T02:45:11.192940+00:00,1903900014587,12.05,Bueno,14.52,Bueno,interpolacion_delaunay,0,1315,68,368,60
2026-10-04T02:45:11.192940+00:00,1903900014604,4.88,Bueno,5.06,Bueno,interpolacion_delaunay,0,2075,111,610,109
2026-10-04T02:45:11.192940+00:00,1903900014661,11.3,Bueno,12.85,Bueno,interpolacion_delaunay,0,2902,69,608,127
2026-10-04T02:45:11.192940+00:00,1903900014680,25.3,Aceptable,29.17,Bueno,interpolacion_delaunay,0,2293,96,745,94
2026-10-04T02:45:11.192940+00:00,1903900011239,19.13,Aceptable,22.75,Bueno,interpolacion_delaunay,0,3332,293,662,233
2026-10-04T02:45:11.192940+00:00,1903900011489,17.1,Aceptable,19.1,Bueno,promedio_sensores,1,1608,86,419,74
2026-10-04T02:45:11.192940+00:00,1903900010279,17.16,Aceptable,19.44,Bueno,interpolacion_delaunay,0,2220,107,580,282
2026-10-04T02:45:11.192940+00:00,1903900010531,16.43,Aceptable,18.52,Bueno,interpolacion_delaunay,0,5417,419,1156,491
2026-10-04T02:45:11.192940+00:00,1903900010635,23.95,Aceptable,27.67,Bueno,interpolacion_delaunay,0,2264,78,723,158
2026-10-04T02:45:11.192940+00:00,1903900011686,13.75,Bueno,14.51,Bueno,interpolacion_delaunay,0,153,7,36,5
2026-10-04T02:45:11.192940+00:00,1903900011807,10.94,Bueno,13.13,Bueno,interpolacion_delaunay,0,2430,99,765,107
2026-10-04T02:45:11.192940+00:00,1903900011830,15.4,Aceptable,16.2,Bueno,promedio_sensores,1,898,35,265,16
2026-10-04T02:45:11.192940+00:00,1903900012097,12.8,Bueno,14.9,Bueno,promedio_sensores,1,4087,88,440,163
2026-10-04T02:45:11.192940+00:00,1903900012256,12.44,Bueno,13.18,Bueno,interpolacion_delaunay,0,4590,303,1006,320
2026-10-04T02:45:11.192940+00:00,1903900012307,10.5,Bueno,10.9,Bueno,promedio_sensores,3,2986,141,683,94
2026-10-04T02:45:11.192940+00:00,1903900012453,12.06,Bueno,12.93,Bueno,interpolacion_delaunay,0,2219,109,403,76
2026-10-04T02:45:11.192940+00:00,1903900012716,10.68,Bueno,13.11,Bueno,interpolacion_delaunay,0,78,3,14,8
2026-10-04T02:45:11.192940+00:00,1903900012735,10.87,Bueno,13.22,Bueno,interpolacion_delaunay,0,0,0,0,0
2026-10-04T02:45:11.192940+00:00,1903900012769,24.15,Aceptable,28.08,Bueno,interpolacion_delaunay,0,279,15,54,0
2026-10-04T02:45:11.192940+00:00,1903900012773,12.32,Bueno,13.05,Bueno,interpolacion_delaunay,0,0,0,0,0
2026-10-04T02:45:11.192940+00:00,1903900014040,12.8,Bueno,14.47,Bueno,interpolacion_delaunay,0,3042,337,450,116
2026-10-04T02:45:11.192940+00:00,1903900014178,19.01,Aceptable,21.66,Bueno,interpolacion_delaunay,0,4610,493,538,196
2026-10-04T02:45:11.192940+00:00,1903900010156,17.43,Aceptable,19.8,Bueno,interpolacion_delaunay,0,2930,146,830,151
2026-10-04T02:45:11.192940+00:00,1903900010264,19.66,Aceptable,22.31,Bueno,interpolacion_delaunay,0,4282,326,814,272
2026-10-04T02:45:11.192940+00:00,1903900010283,17.14,Aceptable,19.39,Bueno,interpolacion_delaunay,0,2911,218,619,83
2026-10-04T02:45:11.192940+00:00,1903900010315,13.53,Bueno,15.16,Bueno,interpolacion_delaunay,0,3515,316,654,216
2026-10-04T02:45:11.192940+00:00,190390001032A,12.2,Bueno,13.65,Bueno,interpolacion_delaunay,0,4173,426,573,279
2026-10-04T02:45:11.192940+00:00,1903900010349,11.79,Bueno,13.09,Bueno,interpolacion_delaunay,0,2637,166,677,132
2026-10-04T02:45:11.192940+00:00,1903900010391,17.84,Aceptable,20.16,Bueno,interpolacion_delaunay,0,3850,295,727,205
2026-10-04T02:45:11.192940+00:00,1903900010438,14.2,Bueno,15.89,Bueno,interpolacion_delaunay,0,3338,313,521,73
2026-10-04T02:45:11.192940+00:00,1903900010442,13.79,Bueno,15.52,Bueno,interpolacion_delaunay,0,2676,239,533,136
2026-10-04T02:45:11.192940+00:00,1903900010457,21.17,Aceptable,24.04,Bueno,interpolacion_delaunay,0,3408,175,1149,225
2026-10-04T02:45:11.192940+00:00,1903900010480,20.36,Aceptable,23.03,Bueno,interpolacion_delaunay,0,1388,64,440,114
2026-10-04T02:45:11.192940+00:00,1903900010512,20.17,Aceptable,22.97,Bueno,interpolacion_delaunay,0,2980,202,741,168
2026-10-04T02:45:11.192940+00:00,1903900010546,19.42,Aceptable,22.18,Bueno,interpolacion_delaunay,0,2660,141,683,117
2026-10-04T02:45:11.192940+00:00,1903900010550,17.77,Aceptable,20.24,Bueno,interpolacion_delaunay,0,2279,182,478,160
2026-10-04T02:45:11.192940+00:00,1903900010565,15.8,Aceptable,17.91,Bueno,interpolacion_delaunay,0,2608,254,432,94
2026-10-04T02:45:11.192940+00:00,190390001057A,18.16,Aceptable,20.86,Bueno,interpolacion_delaunay,0,1514,131,335,33
2026-10-04T02:45:11.192940+00:00,1903900010599,11.09,Bueno,12.78,Bueno,interpolacion_delaunay,0,2808,125,1047,137
2026-10-04T02:45:11.192940+00:00,1903900010601,23.04,Aceptable,26.41,Bueno,interpolacion_delaunay,0,5314,412,1126,426
2026-10-04T02:45:11.192940+00:00,1903900010620,25.74,Aceptable,29.8,Bueno,interpolacion_delaunay,0,2515,85,744,131
2026-10-04T02:45:11.192940+00:00,190390001064A,22.79,Aceptable,26.32,Bueno,interpolacion_delaunay,0,2719,125,702,154
2026-10-04T02:45:11.192940+00:00,1903900010654,20.27,Aceptable,23.34,Bueno,interpolacion_delaunay,0,2609,119,783,144
2026-10-04T02:45:11.192940+00:00,1903900010705,12.06,Bueno,13.47,Bueno,interpolacion_delaunay,0,1996,93,661,76
2026-10-04T02:45:11.192940+00:00,1903900010739,26.57,Aceptable,30.94,Bueno,interpolacion_delaunay,0,1701,60,561,127
2026-10-04T02:45:11.192940+00:00,1903900010743,25.6,Aceptable,29.83,Bueno,interpolacion_delaunay,0,1991,112,552,108
2026-10-04T02:45:11.192940+00:00,1903900010758,24.76,Aceptable,28.85,Bueno,interpolacion_delaunay,0,1207,67,324,54
2026-10-04T02:45:11.192940+00:00,1903900010796,14.05,Bueno,16.35,Bueno,interpolacion_delaunay,0,0,0,0,0
2026-10-04T02:45:11.192940+00:00,1903900010828,10.63,Bueno,12.37,Bueno,interpolacion_delaunay,0,1085,46,363,57
2026-10-04T02:45:11.192940+00:00,1903900010866,17.52,Aceptable,20.21,Bueno,interpolacion_delaunay,0,1678,49,570,85
2026-10-04T02:45:11.192940+00:00,1903900010870,22.53,Aceptable,26.71,Bueno,interpolacion_delaunay,0,3879,268,842,254
2026-10-04T02:45:11.192940+00:00,1903900010885,23.89,Aceptable,28.42,Bueno,interpolacion_delaunay,0,1668,63,493,70
2026-10-04T02:45:11.192940+00:00,1903900010940,24.74,Aceptable,29.22,Bueno,interpolacion_delaunay,0,3419,259,605,213
2026-10-04T02:45:11.192940+00:00,1903900011046,10.32,Bueno,12.33,Bueno,interpolacion_delaunay,0,1800,151,355,99
2026-10-04T02:45:11.192940+00:00,1903900011135,20.83,Aceptable,23.82,Bueno,interpolacion_delaunay,0,1752,62,519,67
2026-10-04T02:45:11.192940+00:00,190390001114A,20.8,Aceptable,25.0,Bueno,promedio_sensores,1,1380,53,428,34
2026-10-04T02:45:11.192940+00:00,1903900011154,20.83,Aceptable,23.91,Bueno,interpolacion_delaunay,0,1623,62,444,64
2026-10-04T02:45:11.192940+00:00,1903900011169,20.3,Aceptable,22.6,Bueno,promedio_sensores,2,2880,73,732,160
2026-10-04T02:45:11.192940+00:00,1903900011192,20.28,Aceptable,23.07,Bueno,interpolacion_delaunay,0,2657,175,674,141
2026-10-04T02:45:11.192940+00:00,1903900011205,20.15,Aceptable,22.95,Bueno,interpolacion_delaunay,0,122,13,22,0
2026-10-04T02:45:11.192940+00:00,1903900011243,13.94,Bueno,16.41,Bueno,interpolacion_delaunay,0,475,45,76,44
2026-10-04T02:45:11.192940+00:00,1903900011258,13.83,Bueno,16.38,Bueno,interpolacion_delaunay,0,1048,106,166,35
2026-10-04T02:45:11.192940+00:00,1903900011262,16.7,Aceptable,19.94,Bueno,interpolacion_delaunay,0,1756,114,447,140
2026-10-04T02:45:11.192940+00:00,1903900011277,13.15,Bueno,15.73,Bueno,interpolacion_delaunay,0,2024,136,529,164
2026-10-04T02:45:11.192940+00:00,1903900011309,11.1,Bueno,13.5,Bueno,promedio_sensores,1,1761,123,433,90
2026-10-04T02:45:11.192940+00:00,1903900011351,11.25,Bueno,13.01,Bueno,interpolacion_delaunay,0,2734,167,651,175
2026-10-04T02:45:11.192940+00:00,1903900011366,11.59,Bueno,13.36,Bueno,interpolacion_delaunay,0,0,0,0,0
2026-10-04T02:45:11.192940+00:00,1903900011421,22.3,Aceptable,24.7,Bueno,promedio_sensores,1,3327,204,738,54
2026-10-04T02:45:11.192940+00:00,1903900011436,21.25,Aceptable,24.17,Bueno,interpolacion_delaunay,0,1869,83,431,69
2026-10-04T02:45:11.192940+00:00,1903900011440,19.73,Aceptable,22.05,Bueno,interpolacion_delaunay,0,1644,76,453,82
2026-10-04T02:45:11.192940+00:00,1903900011455,20.14,Aceptable,23.04,Bueno,interpolacion_delaunay,0,1330,38,379,65
2026-10-04T02:45:11.192940+00:00,1903900011578,15.51,Aceptable,16.62,Bueno,interpolacion_delaunay,0,1668,78,469,55
2026-10-04T02:45:11.192940+00:00,1903900011582,16.3,Aceptable,17.6,Bueno,promedio_sensores,1,1943,98,485,98
2026-10-04T02:45:11.192940+00:00,190390001160A,10.95,Bueno,13.3,Bueno,interpolacion_delaunay,0,1878,106,479,110
2026-10-04T02:45:11.192940+00:00,1903900011614,11.08,Bueno,13.37,Bueno,interpolacion_delaunay,0,2516,127,727,95
2026-10-04T02:45:11.192940+00:00,1903900011633,19.87,Aceptable,23.38,Bueno,interpolacion_delaunay,0,810,34,225,59
2026-10-04T02:45:11.192940+00:00,1903900011703,13.24,Bueno,14.12,Bueno,interpolacion_delaunay,0,3184,63,372,52
2026-10-04T02:45:11.192940+00:00,1903900011722,13.37,Bueno,14.57,Bueno,interpolacion_delaunay,0,511,20,136,16
2026-10-04T02:45:11.192940+00:00,1903900011737,11.72,Bueno,12.46,Bueno,interpolacion_delaunay,0,377,25,76,21
2026-10-04T02:45:11.192940+00:00,1903900011741,14.91,Bueno,15.82,Bueno,interpolacion_delaunay,0,179,8,28,10
2026-10-04T02:45:11.192940+00:00,1903900011756,15.35,Aceptable,16.36,Bueno,interpolacion_delaunay,0,191,3,61,18
2026-10-04T02:45:11.192940+00:00,1903900011794,10.76,Bueno,12.93,Bueno,interpolacion_delaunay,0,2555,160,623,167
2026-10-04T02:45:11.192940+00:00,1903900011845,25.8,Aceptable,28.2,Bueno,promedio_sensores,1,2750,133,527,66
2026-10-04T02:45:11.192940+00:00,190390001185A,16.15,Aceptable,17.16,Bueno,interpolacion_delaunay,0,2718,189,497,75
2026-10-04T02:45:11.192940+00:00,1903900011879,14.29,Bueno,15.11,Bueno,interpolacion_delaunay,0,2302,190,467,160
2026-10-04T02:45:11.192940+00:00,1903900011883,14.8,Bueno,15.74,Bueno,interpolacion_delaunay,0,2653,217,567,162
2026-10-04T02:45:11.192940+00:00,1903900011898,15.32,Aceptable,16.4,Bueno,interpolacion_delaunay,0,2466,163,572,128
2026-10-04T02:45:11.192940+00:00,1903900011900,15.7,Aceptable,16.84,Bueno,interpolacion_delaunay,0,1274,99,333,108
2026-10-04T02:45:11.192940+00:00,1903900012167,11.67,Bueno,13.26,Bueno,interpolacion_delaunay,0,2883,124,813,123
2026-10-04T02:45:11.192940+00:00,1903900012190,8.13,Bueno,9.08,Bueno,interpolacion_delaunay,0,1182,41,455,89
2026-10-04T02:45:11.192940+00:00,1903900012218,6.15,Bueno,6.56,Bueno,interpolacion_delaunay,0,1788,87,512,71
2026-10-04T02:45:11.192940+00:00,1903900012241,7.85,Bueno,8.24,Bueno,interpolacion_delaunay,0,1136,46,404,79
2026-10-04T02:45:11.192940+00:00,1903900012275,8.63,Bueno,9.12,Bueno,interpolacion_delaunay,0,3740,200,896,144
2026-10-04T02:45:11.192940+00:00,1903900012472,14.7,Bueno,15.6,Bueno,promedio_sensores,1,4662,342,773,243
2026-10-04T02:45:11.192940+00:00,190390001267A,11.95,Bueno,13.8,Bueno,interpolacion_delaunay,0,3909,249,1025,191
2026-10-04T02:45:11.192940+00:00,1903900012684,12.95,Bueno,15.04,Bueno,interpolacion_delaunay,0,2186,73,687,43
2026-10-04T02:45:11.192940+00:00,1903900012720,10.0,Bueno,13.1,Bueno,promedio_sensores,1,970,52,170,37
2026-10-04T02:45:11.192940+00:00,190390001274A,9.32,Bueno,11.81,Bueno,interpolacion_delaunay,0,10,0,0,0
2026-10-04T02:45:11.192940+00:00,1903900012754,10.57,Bueno,13.09,Bueno,interpolacion_delaunay,0,3205,214,714,184
2026-10-04T02:45:11.192940+00:00,1903900012788,15.37,Aceptable,16.4,Bueno,interpolacion_delaunay,0,0,0,0,0
2026-10-04T02:45:11.192940+00:00,190390001281A,0.9,Bueno,1.0,Bueno,promedio_sensores,1,327,0,0,0
2026-10-04T02:45:11.192940+00:00,1903900012877,0.41,Bueno,0.45,Bueno,interpolacion_delaunay,0,0,0,0,0
2026-10-04T02:45:11.192940+00:00,1903900013451,14.05,Bueno,15.79,Bueno,interpolacion_delaunay,0,4308,421,672,304
2026-10-04T02:45:11.192940+00:00,1903900013555,12.61,Bueno,14.59,Bueno,interpolacion_delaunay,0,4663,290,902,166
2026-10-04T02:45:11.192940+00:00,1903900013593,22.36,Aceptable,26.32,Bueno,interpolacion_delaunay,0,2322,237,355,231
2026-10-04T02:45:11.192940+00:00,1903900013606,21.95,Aceptable,25.5,Bueno,interpolacion_delaunay,0,2907,266,482,206
2026-10-04T02:45:11.192940+00:00,1903900013610,16.96,Aceptable,19.93,Bueno,interpolacion_delaunay,0,2513,260,368,178
2026-10-04T02:45:11.192940+00:00,1903900013659,15.2,Aceptable,16.27,Bueno,interpolacion_delaunay,0,1885,176,371,95
2026-10-04T02:45:11.192940+00:00,190390001406A,12.79,Bueno,14.37,Bueno,interpolacion_delaunay,0,4196,447,516,257
2026-10-04T02:45:11.192940+00:00,1903900014093,18.69,Aceptable,21.18,Bueno,interpolacion_delaunay,0,3096,303,444,145
2026-10-04T02:45:11.192940+00:00,1903900014144,19.44,Aceptable,24.04,Bueno,interpolacion_delaunay,0,883,38,360,125
2026-10-04T02:45:11.192940+00:00,1903900014159,1.6,Bueno,2.3,Bueno,promedio_sensores,1,620,20,142,55
2026-10-04T02:45:11.192940+00:00,1903900014500,18.61,Aceptable,21.06,Bueno,interpolacion_delaunay,0,3056,353,283,111
2026-10-04T02:45:11.192940+00:00,1903900014515,19.75,Aceptable,22.34,Bueno,interpolacion_delaunay,0,3391,252,688,180
2026-10-04T02:45:11.192940+00:00,1903900014549,16.18,Aceptable,18.19,Bueno,interpolacion_delaunay,0,4319,365,785,218
2026-10-04T02:45:11.192940+00:00,1903900014553,15.0,Bueno,16.83,Bueno,interpolacion_delaunay,0,3885,315,748,307
2026-10-04T02:45:11.192940+00:00,1903900014619,0.25,Bueno,0.27,Bueno,interpolacion_delaunay,0,2679,137,355,34
2026-10-04T02:45:11.192940+00:00,1903900014623,13.7,Bueno,14.4,Bueno,promedio_sensores,1,1853,99,476,133
2026-10-04T02:45:11.192940+00:00,1903900014731,11.36,Bueno,13.48,Bueno,interpolacion_delaunay,0,2772,164,687,112
2026-10-04T02:45:11.192940+00:00,1903900014905,15.07,Aceptable,16.33,Bueno,interpolacion_delaunay,0,2280,182,284,44
2026-10-04T02:45:11.192940+00:00,190390001491A,12.62,Bueno,14.52,Bueno,interpolacion_delaunay,0,897,47,73,0
2026-10-04T02:45:11.192940+00:00,1903900014924,20.5,Aceptable,21.3,Bueno,promedio_sensores,1,2425,136,485,38
2026-10-04T02:45:11.192940+00:00,1903900014939,20.82,Aceptable,22.8,Bueno,interpolacion_delaunay,0,1974,92,485,50
2026-10-04T02:45:11.192940+00:00,1903900015142,17.56,Aceptable,19.53,Bueno,interpolacion_delaunay,0,2839,330,193,45
2026-10-04T02:45:11.192940+00:00,1903900011385,10.8,Bueno,12.98,Bueno,interpolacion_delaunay,0,1585,87,442,107
2026-10-04T02:45:11.192940+00:00,1903900012805,9.57,Bueno,10.07,Bueno,interpolacion_delaunay,0,3258,186,362,30
2026-10-04T02:45:11.192940+00:00,1903900011826,21.64,Aceptable,22.83,Bueno,interpolacion_delaunay,0,1966,181,300,39
2026-10-04T02:45:11.192940+00:00,1903900012468,21.23,Aceptable,26.98,Bueno,interpolacion_delaunay,0,3979,370,451,75
2026-10-04T02:45:11.192940+00:00,1903900012133,15.85,Aceptable,17.1,Bueno,interpolacion_delaunay,0,3643,409,514,130
2026-10-04T02:45:11.192940+00:00,1903900014182,14.74,Bueno,16.24,Bueno,interpolacion_delaunay,0,2164,180,491,80
2026-10-04T02:45:11.192940+00:00,1903900012152,13.09,Bueno,14.76,Bueno,interpolacion_delaunay,0,2360,140,519,93
2026-10-04T02:45:11.192940+00:00,1903900012082,13.98,Bueno,15.78,Bueno,interpolacion_delaunay,0,2402,95,700,143
2026-10-04T02:45:11.192940+00:00,1903900013663,12.93,Bueno,14.36,Bueno,interpolacion_delaunay,0,4832,422,675,278
2026-10-04T02:45:11.192940+00:00,1903900013714,9.66,Bueno,9.81,Bueno,interpolacion_delaunay,0,4743,468,751,239
2026-10-04T02:45:11.192940+00:00,1903900012858,7.46,Bueno,7.78,Bueno,interpolacion_delaunay,0,0,0,0,0
2026-10-04T02:45:11.192940+00:00,1903900012839,2.35,Bueno,2.47,Bueno,interpolacion_delaunay,0,426,30,39,0
2026-10-04T02:45:11.192940+00:00,1903900012843,12.5,Bueno,12.9,Bueno,promedio_sensores,1,3288,154,618,59
2026-10-04T02:45:11.192940+00:00,1903900012862,1.2,Bueno,1.27,Bueno,interpolacion_delaunay,0,0,0,0,0
2026-10-04T02:45:11.192940+00:00,1903900013733,7.18,Bueno,7.28,Bueno,interpolacion_delaunay,0,1895,90,465,59
2026-10-04T02:45:11.192940+00:00,1903900012294,9.82,Bueno,10.28,Bueno,interpolacion_delaunay,0,3104,120,1010,138
2026-10-04T02:45:11.192940+00:00,190390001228A,11.45,Bueno,11.9,Bueno,interpolacion_delaunay,0,2430,94,799,56
2026-10-04T02:45:11.192940+00:00,1903900010423,13.42,Bueno,15.0,Bueno,interpolacion_delaunay,0,3542,305,682,134
2026-10-04T02:45:11.192940+00:00,1903900010334,12.12,Bueno,13.51,Bueno,interpolacion_delaunay,0,878,76,200,70
2026-10-04T02:45:11.192940+00:00,1903900010071,17.36,Aceptable,19.76,Bueno,interpolacion_delaunay,0,2520,129,682,146
2026-10-04T02:45:11.192940+00:00,1903900014869,1.66,Bueno,1.87,Bueno,interpolacion_delaunay,0,4404,353,307,53
2026-10-04T02:45:11.192940+00:00,1903900013748,5.53,Bueno,5.73,Bueno,interpolacion_delaunay,0,3552,225,627,97
2026-10-04T02:45:11.192940+00:00,1903900011050,9.74,Bueno,11.38,Bueno,interpolacion_delaunay,0,1589,135,342,104
2026-10-04T02:45:11.192940+00:00,1903900011116,10.43,Bueno,11.92,Bueno,interpolacion_delaunay,0,0,0,0,0
2026-10-04T02:45:11.192940+00:00,1903900010809,11.54,Bueno,13.36,Bueno,interpolacion_delaunay,0,59,3,14,3
2026-10-04T02:45:11.192940+00:00,1903900010989,14.43,Bueno,17.09,Bueno,interpolacion_delaunay,0,6061,564,591,133
2026-10-04T02:45:11.192940+00:00,1903900010851,9.4,Bueno,10.91,Bueno,interpolacion_delaunay,0,1601,105,413,68
2026-10-04T02:45:11.192940+00:00,1903900013413,12.29,Bueno,14.16,Bueno,interpolacion_delaunay,0,7251,522,1316,316
2026-10-04T02:45:11.192940+00:00,1903900010033,12.88,Bueno,14.84,Bueno,interpolacion_delaunay,0,3321,285,588,124
2026-10-04T02:45:11.192940+00:00,1903900010137,13.1,Bueno,15.15,Bueno,interpolacion_delaunay,0,4478,279,1202,320
2026-10-04T02:45:11.192940+00:00,1903900010141,17.75,Aceptable,20.21,Bueno,interpolacion_delaunay,0,4273,225,965,185
2026-10-04T02:45:11.192940+00:00,1903900010762,21.32,Aceptable,24.96,Bueno,interpolacion_delaunay,0,1600,114,337,68
2026-10-04T02:45:11.192940+00:00,1903900014106,20.27,Aceptable,22.98,Bueno,interpolacion_delaunay,0,4189,248,1019,177
2026-10-04T02:45:11.192940+00:00,1903900014110,21.86,Aceptable,24.77,Bueno,interpolacion_delaunay,0,2699,161,643,225
2026-10-04T02:45:11.192940+00:00,1903900010921,24.95,Aceptable,29.35,Bueno,interpolacion_delaunay,0,2388,213,393,106
2026-10-04T02:45:11.192940+00:00,1903900010669,23.36,Aceptable,27.24,Bueno,interpolacion_delaunay,0,2152,159,463,119
2026-10-04T02:45:11.192940+00:00,1903900010067,17.01,Aceptable,19.38,Bueno,interpolacion_delaunay,0,2799,155,819,158
2026-10-04T02:45:11.192940+00:00,1903900010688,16.0,Aceptable,18.5,Bueno,interpolacion_delaunay,0,2838,195,394,149
2026-10-04T02:45:11.192940+00:00,1903900010584,15.19,Aceptable,17.31,Bueno,interpolacion_delaunay,0,3226,273,587,141
2026-10-04T02:45:11.192940+00:00,1903900011417,21.51,Aceptable,23.24,Bueno,interpolacion_delaunay,0,3077,152,970,79
2026-10-04T02:45:11.192940+00:00,1903900013837,21.19,Aceptable,22.77,Bueno,interpolacion_delaunay,0,3561,193,908,77
2026-10-04T02:45:11.192940+00:00,1903900013930,11.77,Bueno,13.28,Bueno,interpolacion_delaunay,0,1431,202,111,73
2026-10-04T02:45:11.192940+00:00,1903900014055,12.62,Bueno,14.21,Bueno,interpolacion_delaunay,0,4222,525,372,136
2026-10-04T02:45:11.192940+00:00,190390001420A,14.54,Bueno,15.86,Bueno,interpolacion_delaunay,0,3029,320,382,97
2026-10-04T02:45:11.192940+00:00,1903900014197,14.51,Bueno,15.95,Bueno,interpolacion_delaunay,0,2456,248,321,138
2026-10-04T02:45:11.192940+00:00,1903900010974,17.49,Aceptable,20.65,Bueno,interpolacion_delaunay,0,781,39,192,50
2026-10-04T02:45:11.192940+00:00,1903900011084,9.85,Bueno,11.31,Bueno,interpolacion_delaunay,0,1782,162,338,82
2026-10-04T02:45:11.192940+00:00,1903900010847,9.78,Bueno,11.51,Bueno,interpolacion_delaunay,0,1023,82,199,53
2026-10-04T02:45:11.192940+00:00,1903900010993,10.89,Bueno,12.95,Bueno,interpolacion_delaunay,0,1086,95,211,53
2026-10-04T02:45:11.192940+00:00,1903900010372,20.28,Aceptable,22.98,Bueno,interpolacion_delaunay,0,2524,139,785,102
2026-10-04T02:45:11.192940+00:00,1903900011031,9.8,Bueno,11.62,Bueno,interpolacion_delaunay,0,1190,84,257,58
2026-10-04T02:45:11.192940+00:00,1903900010902,26.42,Aceptable,31.13,Bueno,interpolacion_delaunay,0,3066,119,898,183
2026-10-04T02:45:11.192940+00:00,1903900010777,18.87,Aceptable,22.09,Bueno,interpolacion_delaunay,0,1329,106,264,76
2026-10-04T02:45:11.192940+00:00,1903900010781,17.07,Aceptable,19.98,Bueno,interpolacion_delaunay,0,242,8,54,15
2026-10-04T02:45:11.192940+00:00,1903900014572,12.58,Bueno,15.18,Bueno,interpolacion_delaunay,0,1442,81,389,93
2026-10-04T02:45:11.192940+00:00,1903900014676,23.49,Aceptable,26.9,Bueno,interpolacion_delaunay,0,2120,102,506,104
2026-10-04T02:45:11.192940+00:00,190390001025A,19.91,Aceptable,22.62,Bueno,interpolacion_delaunay,0,3942,258,986,278
2026-10-04T02:45:11.192940+00:00,1903900010495,21.18,Aceptable,24.1,Bueno,interpolacion_delaunay,0,1812,109,420,98
2026-10-04T02:45:11.192940+00:00,1903900010917,28.1,Aceptable,33.1,Bueno,promedio_sensores,1,2843,155,698,133
2026-10-04T02:45:11.192940+00:00,1903900010955,21.0,Aceptable,24.72,Bueno,interpolacion_delaunay,0,288,25,64,22
2026-10-04T02:45:11.192940+00:00,1903900013697,11.76,Bueno,11.96,Bueno,interpolacion_delaunay,0,1977,183,341,77
2026-10-04T02:45:11.192940+00:00,1903900013860,13.1,Bueno,14.78,Bueno,interpolacion_delaunay,0,3174,344,383,184
2026-10-04T02:45:11.192940+00:00,1903900015439,11.49,Bueno,13.02,Bueno,interpolacion_delaunay,0,627,97,12,5
2026-10-04T02:45:11.192940+00:00,1903900011027,10.57,Bueno,12.7,Bueno,interpolacion_delaunay,0,509,36,115,25
2026-10-04T02:45:11.192940+00:00,1903900013998,12.07,Bueno,13.79,Bueno,interpolacion_delaunay,0,5766,706,558,248
2026-10-04T02:45:11.192940+00:00,190390001477A,16.91,Aceptable,17.91,Bueno,interpolacion_delaunay,0,550,33,68,4
2026-10-04T02:45:11.192940+00:00,1903900014002,12.05,Bueno,13.72,Bueno,interpolacion_delaunay,0,5494,669,668,240
2026-10-04T02:45:11.192940+00:00,1903900014873,0.71,Bueno,0.78,Bueno,interpolacion_delaunay,0,2383,154,261,52
2026-10-04T02:45:11.192940+00:00,1903900011008,12.86,Bueno,15.41,Bueno,interpolacion_delaunay,0,1877,145,377,135
2026-10-04T02:45:11.192940+00:00,1903900011313,10.84,Bueno,13.06,Bueno,interpolacion_delaunay,0,5055,336,882,185
2026-10-04T02:45:11.192940+00:00,190390001139A,10.71,Bueno,12.41,Bueno,interpolacion_delaunay,0,1079,59,290,49
2026-10-04T02:45:11.192940+00:00,1903900011402,11.75,Bueno,13.54,Bueno,interpolacion_delaunay,0,681,31,196,23
2026-10-04T02:45:11.192940+00:00,1903900012519,12.08,Bueno,13.82,Bueno,interpolacion_delaunay,0,5642,661,498,241
2026-10-04T02:45:11.192940+00:00,1903900013822,20.41,Aceptable,21.44,Bueno,interpolacion_delaunay,0,6050,361,890,140
2026-10-04T02:45:11.192940+00:00,1903900013964,19.71,Aceptable,20.53,Bueno,interpolacion_delaunay,0,728,55,70,19
2026-10-04T02:45:11.192940+00:00,1903900014125,22.64,Aceptable,25.73,Bueno,interpolacion_delaunay,0,1881,174,361,63
2026-10-04T02:45:11.192940+00:00,190390001452A,11.2,Bueno,12.57,Bueno,interpolacion_delaunay,0,2471,240,363,186
2026-10-04T02:45:11.192940+00:00,190390001413A,23.71,Aceptable,27.05,Bueno,interpolacion_delaunay,0,2082,180,339,126
2026-10-04T02:45:11.192940+00:00,1903900010461,23.8,Aceptable,27.0,Bueno,promedio_sensores,1,3422,173,1112,139
2026-10-04T02:45:11.192940+00:00,1903900014534,11.21,Bueno,12.5,Bueno,interpolacion_delaunay,0,1267,111,229,29
2026-10-04T02:45:11.192940+00:00,1903900013767,4.0,Bueno,4.18,Bueno,interpolacion_delaunay,0,2308,117,605,127
2026-10-04T02:45:11.192940+00:00,1903900012345,4.19,Bueno,4.24,Bueno,interpolacion_delaunay,0,2632,98,737,80
2026-10-04T02:45:11.192940+00:00,1903900012364,0.0,Bueno,0.0,Bueno,promedio_sensores,1,2327,116,787,61
2026-10-04T02:45:11.192940+00:00,1903900011629,30.2,Aceptable,37.5,Bueno,promedio_sensores,1,2881,196,402,58
2026-10-04T02:45:11.192940+00:00,1903900013396,13.79,Bueno,15.64,Bueno,interpolacion_delaunay,0,4014,389,664,275
2026-10-04T02:45:11.192940+00:00,1903900010245,11.07,Bueno,12.72,Bueno,interpolacion_delaunay,0,2709,131,764,208
2026-10-04T02:45:11.192940+00:00,1903900015284,12.88,Bueno,14.58,Bueno,interpolacion_delaunay,0,513,29,60,13
2026-10-04T02:45:11.192940+00:00,1903900010118,14.57,Bueno,16.52,Bueno,interpolacion_delaunay,0,4580,383,955,302
2026-10-04T02:45:11.192940+00:00,1903900010052,13.87,Bueno,15.76,Bueno,interpolacion_delaunay,0,3869,304,717,323
2026-10-04T02:45:11.192940+00:00,1903900015123,12.17,Bueno,13.82,Bueno,interpolacion_delaunay,0,68,3,4,3
2026-10-04T02:45:11.192940+00:00,1903900014036,12.6,Bueno,14.28,Bueno,interpolacion_delaunay,0,4679,569,514,263
2026-10-04T02:45:11.192940+00:00,1903900010508,18.69,Aceptable,21.09,Bueno,interpolacion_delaunay,0,3451,202,579,150
2026-10-04T02:45:11.192940+00:00,1903900010527,18.16,Aceptable,20.52,Bueno,interpolacion_delaunay,0,1779,95,454,127
2026-10-04T02:45:11.192940+00:00,1903900013729,7.89,Bueno,8.2,Bueno,interpolacion_delaunay,0,3410,392,357,136
2026-10-04T02:45:11.192940+00:00,190390001370A,10.19,Bueno,10.5,Bueno,interpolacion_delaunay,0,4006,357,563,228
2026-10-04T02:45:11.192940+00:00,1904600010362,10.85,Bueno,12.19,Bueno,interpolacion_delaunay,0,5505,271,1291,301
2026-10-04T02:45:11.192940+00:00,1904600011483,6.03,Bueno,6.79,Bueno,interpolacion_delaunay,0,2026,111,597,94
2026-10-04T02:45:11.192940+00:00,1904600011638,12.36,Bueno,13.62,Bueno,interpolacion_delaunay,0,4053,248,498,114
2026-10-04T02:45:11.192940+00:00,1904600010998,9.56,Bueno,10.53,Bueno,interpolacion_delaunay,0,5855,449,1099,257
2026-10-04T02:45:11.192940+00:00,1904600011676,9.69,Bueno,11.21,Bueno,interpolacion_delaunay,0,362,30,69,27
2026-10-04T02:45:11.192940+00:00,1904600010216,11.2,Bueno,12.4,Bueno,promedio_sensores,1,2042,50,546,50
2026-10-04T02:45:11.192940+00:00,1904600010536,11.28,Bueno,12.5,Bueno,interpolacion_delaunay,0,4997,504,603,104
2026-10-04T02:45:11.192940+00:00,1904600011708,14.22,Bueno,15.74,Bueno,interpolacion_delaunay,0,1763,89,284,44
2026-10-04T02:45:11.192940+00:00,190460001070A,17.08,Aceptable,18.68,Bueno,interpolacion_delaunay,0,1273,69,137,48
2026-10-04T02:45:11.192940+00:00,1904600011375,13.11,Bueno,14.44,Bueno,interpolacion_delaunay,0,5964,475,946,326
2026-10-04T02:45:11.192940+00:00,1904600011286,11.44,Bueno,12.81,Bueno,interpolacion_delaunay,0,2603,117,839,196
2026-10-04T02:45:11.192940+00:00,1904600011623,12.23,Bueno,13.46,Bueno,interpolacion_delaunay,0,4225,248,423,136
2026-10-04T02:45:11.192940+00:00,1904600010786,13.13,Bueno,14.49,Bueno,interpolacion_delaunay,0,4690,309,1009,269
2026-10-04T02:45:11.192940+00:00,190460001024A,8.43,Bueno,9.48,Bueno,interpolacion_delaunay,0,2748,75,850,176
2026-10-04T02:45:11.192940+00:00,1904600010875,6.93,Bueno,7.61,Bueno,interpolacion_delaunay,0,3785,202,993,129
2026-10-04T02:45:11.192940+00:00,1904600010324,8.76,Bueno,9.92,Bueno,interpolacion_delaunay,0,2214,97,651,92
2026-10-04T02:45:11.192940+00:00,1904600011233,8.96,Bueno,9.96,Bueno,interpolacion_delaunay,0,3010,241,577,204
2026-10-04T02:45:11.192940+00:00,1904600010131,9.29,Bueno,10.27,Bueno,interpolacion_delaunay,0,4113,160,1393,177
2026-10-04T02:45:11.192940+00:00,1904600010184,9.47,Bueno,10.45,Bueno,interpolacion_delaunay,0,3438,93,1132,126
2026-10-04T02:45:11.192940+00:00,1904600010235,9.14,Bueno,10.17,Bueno,interpolacion_delaunay,0,2765,104,711,111
2026-10-04T02:45:11.192940+00:00,1904600010466,10.39,Bueno,11.57,Bueno,interpolacion_delaunay,0,2212,113,500,58
2026-10-04T02:45:11.192940+00:00,190460001049A,10.7,Bueno,11.88,Bueno,interpolacion_delaunay,0,2827,123,674,44
2026-10-04T02:45:11.192940+00:00,1904600011407,10.15,Bueno,11.29,Bueno,interpolacion_delaunay,0,3464,317,610,173
2026-10-04T02:45:11.192940+00:00,1904600011642,8.03,Bueno,8.77,Bueno,interpolacion_delaunay,0,2601,116,623,113
2026-10-04T02:45:11.192940+00:00,1904600011731,7.03,Bueno,7.77,Bueno,interpolacion_delaunay,0,3017,207,561,120
2026-10-04T02:45:11.192940+00:00,1904600010108,6.95,Bueno,7.58,Bueno,interpolacion_delaunay,0,2483,125,582,112
2026-10-04T02:45:11.192940+00:00,1904600010127,7.34,Bueno,8.03,Bueno,interpolacion_delaunay,0,4270,186,1281,297
2026-10-04T02:45:11.192940+00:00,1904600010292,9.91,Bueno,11.3,Bueno,interpolacion_delaunay,0,0,0,0,0
2026-10-04T02:45:11.192940+00:00,1904600010714,9.99,Bueno,11.0,Bueno,interpolacion_delaunay,0,3666,266,947,309
2026-10-04T02:45:11.192940+00:00,1904600010860,8.62,Bueno,9.57,Bueno,interpolacion_delaunay,0,3290,227,721,158
2026-10-04T02:45:11.192940+00:00,1904600011002,10.79,Bueno,11.94,Bueno,interpolacion_delaunay,0,3262,289,695,194
2026-10-04T02:45:11.192940+00:00,190460001120A,8.28,Bueno,9.18,Bueno,interpolacion_delaunay,0,3141,265,631,179
2026-10-04T02:45:11.192940+00:00,1904600011341,12.52,Bueno,13.88,Bueno,interpolacion_delaunay,0,3608,289,555,127
2026-10-04T02:45:11.192940+00:00,1904600011426,8.82,Bueno,9.69,Bueno,interpolacion_delaunay,0,3335,302,691,164
2026-10-04T02:45:11.192940+00:00,190460001177A,10.69,Bueno,11.95,Bueno,interpolacion_delaunay,0,2611,224,320,95
2026-10-04T02:45:11.192940+00:00,1904600010042,7.18,Bueno,7.96,Bueno,interpolacion_delaunay,0,1646,90,422,69
2026-10-04T02:45:11.192940+00:00,1904600010057,6.89,Bueno,7.59,Bueno,interpolacion_delaunay,0,1216,61,388,100
2026-10-04T02:45:11.192940+00:00,1904600010076,7.44,Bueno,8.17,Bueno,interpolacion_delaunay,0,3762,199,1053,215
2026-10-04T02:45:11.192940+00:00,1904600010095,6.92,Bueno,7.58,Bueno,interpolacion_delaunay,0,1199,53,337,85
2026-10-04T02:45:11.192940+00:00,1904600010146,7.44,Bueno,8.12,Bueno,interpolacion_delaunay,0,2987,160,749,104
2026-10-04T02:45:11.192940+00:00,190460001017A,7.13,Bueno,7.75,Bueno,interpolacion_delaunay,0,4101,180,1201,211
2026-10-04T02:45:11.192940+00:00,1904600010201,6.81,Bueno,7.37,Bueno,interpolacion_delaunay,0,3988,173,1242,253
2026-10-04T02:45:11.192940+00:00,1904600010220,10.71,Bueno,11.97,Bueno,interpolacion_delaunay,0,1869,61,495,59
2026-10-04T02:45:11.192940+00:00,190460001031A,8.85,Bueno,9.98,Bueno,interpolacion_delaunay,0,2149,134,353,62
2026-10-04T02:45:11.192940+00:00,1904600010343,10.19,Bueno,11.33,Bueno,interpolacion_delaunay,0,5532,394,1335,345
2026-10-04T02:45:11.192940+00:00,1904600010381,10.78,Bueno,12.19,Bueno,interpolacion_delaunay,0,3251,164,847,172
2026-10-04T02:45:11.192940+00:00,1904600010413,10.06,Bueno,11.24,Bueno,interpolacion_delaunay,0,4002,238,499,120
2026-10-04T02:45:11.192940+00:00,1904600010485,11.11,Bueno,12.36,Bueno,interpolacion_delaunay,0,3150,144,1004,109
2026-10-04T02:45:11.192940+00:00,1904600010540,7.88,Bueno,8.6,Bueno,interpolacion_delaunay,0,4952,283,1289,225
2026-10-04T02:45:11.192940+00:00,1904600010555,12.68,Bueno,14.01,Bueno,interpolacion_delaunay,0,0,0,0,0
2026-10-04T02:45:11.192940+00:00,1904600010593,8.78,Bueno,9.59,Bueno,interpolacion_delaunay,0,5785,417,488,81
2026-10-04T02:45:11.192940+00:00,1904600010610,16.4,Aceptable,17.81,Bueno,interpolacion_delaunay,0,4819,442,219,35
2026-10-04T02:45:11.192940+00:00,1904600010625,10.72,Bueno,11.83,Bueno,interpolacion_delaunay,0,684,56,110,22
2026-10-04T02:45:11.192940+00:00,1904600010659,9.19,Bueno,10.02,Bueno,interpolacion_delaunay,0,0,0,0,0
2026-10-04T02:45:11.192940+00:00,1904600010729,10.41,Bueno,11.44,Bueno,interpolacion_delaunay,0,0,0,0,0
2026-10-04T02:45:11.192940+00:00,1904600010752,11.21,Bueno,12.43,Bueno,interpolacion_delaunay,0,2043,121,429,51
2026-10-04T02:45:11.192940+00:00,1904600010790,13.89,Bueno,15.39,Bueno,interpolacion_delaunay,0,0,0,0,0
2026-10-04T02:45:11.192940+00:00,1904600010822,9.19,Bueno,10.22,Bueno,interpolacion_delaunay,0,1808,142,329,116
2026-10-04T02:45:11.192940+00:00,1904600010841,8.12,Bueno,9.0,Bueno,interpolacion_delaunay,0,2675,196,623,119
2026-10-04T02:45:11.192940+00:00,1904600010856,7.7,Bueno,8.51,Bueno,interpolacion_delaunay,0,5049,305,900,195
2026-10-04T02:45:11.192940+00:00,190460001088A,5.03,Bueno,5.63,Bueno,interpolacion_delaunay,0,4232,220,1219,162
2026-10-04T02:45:11.192940+00:00,1904600010894,5.35,Bueno,5.92,Bueno,interpolacion_delaunay,0,2806,182,550,130
2026-10-04T02:45:11.192940+00:00,1904600010907,8.34,Bueno,9.21,Bueno,interpolacion_delaunay,0,3550,247,722,168
2026-10-04T02:45:11.192940+00:00,1904600010930,8.86,Bueno,9.82,Bueno,interpolacion_delaunay,0,3021,143,721,82
2026-10-04T02:45:11.192940+00:00,1904600010945,8.48,Bueno,9.36,Bueno,interpolacion_delaunay,0,3597,162,944,129
2026-10-04T02:45:11.192940+00:00,190460001095A,9.24,Bueno,10.2,Bueno,interpolacion_delaunay,0,3265,234,654,254
2026-10-04T02:45:11.192940+00:00,1904600010979,6.58,Bueno,7.1,Bueno,interpolacion_delaunay,0,2747,114,869,151
2026-10-04T02:45:11.192940+00:00,1904600011017,10.01,Bueno,11.03,Bueno,interpolacion_delaunay,0,4599,402,752,199
2026-10-04T02:45:11.192940+00:00,1904600011021,7.01,Bueno,7.57,Bueno,interpolacion_delaunay,0,4072,223,1090,178
2026-10-04T02:45:11.192940+00:00,1904600011040,7.39,Bueno,8.04,Bueno,interpolacion_delaunay,0,3276,150,902,88
2026-10-04T02:45:11.192940+00:00,1904600011055,7.88,Bueno,8.56,Bueno,interpolacion_delaunay,0,7096,477,1425,285
2026-10-04T02:45:11.192940+00:00,190460001106A,7.49,Bueno,8.49,Bueno,interpolacion_delaunay,0,1152,61,261,64
2026-10-04T02:45:11.192940+00:00,1904600011074,7.41,Bueno,8.16,Bueno,interpolacion_delaunay,0,4901,241,744,96
2026-10-04T02:45:11.192940+00:00,1904600011089,8.23,Bueno,9.0,Bueno,interpolacion_delaunay,0,3306,318,659,199
2026-10-04T02:45:11.192940+00:00,1904600011093,11.65,Bueno,12.86,Bueno,interpolacion_delaunay,0,3302,217,861,180
2026-10-04T02:45:11.192940+00:00,1904600011106,13.44,Bueno,14.92,Bueno,interpolacion_delaunay,0,3881,243,712,89
2026-10-04T02:45:11.192940+00:00,1904600011110,16.92,Aceptable,18.46,Bueno,interpolacion_delaunay,0,3018,178,738,133
2026-10-04T02:45:11.192940+00:00,1904600011125,7.93,Bueno,8.75,Bueno,interpolacion_delaunay,0,3318,323,549,240
2026-10-04T02:45:11.192940+00:00,190460001113A,8.45,Bueno,9.32,Bueno,interpolacion_delaunay,0,3513,294,662,255
2026-10-04T02:45:11.192940+00:00,1904600011144,8.94,Bueno,9.86,Bueno,interpolacion_delaunay,0,3223,294,460,148
2026-10-04T02:45:11.192940+00:00,1904600011159,10.59,Bueno,11.6,Bueno,interpolacion_delaunay,0,4682,317,917,254
2026-10-04T02:45:11.192940+00:00,1904600011163,11.1,Bueno,12.18,Bueno,interpolacion_delaunay,0,4463,291,849,173
2026-10-04T02:45:11.192940+00:00,1904600011178,12.14,Bueno,13.39,Bueno,interpolacion_delaunay,0,2288,137,771,142
2026-10-04T02:45:11.192940+00:00,1904600011182,11.57,Bueno,12.74,Bueno,interpolacion_delaunay,0,2567,158,877,192
2026-10-04T02:45:11.192940+00:00,1904600011197,11.76,Bueno,12.92,Bueno,interpolacion_delaunay,0,2285,129,707,149
2026-10-04T02:45:11.192940+00:00,1904600011214,8.17,Bueno,9.12,Bueno,interpolacion_delaunay,0,2395,153,608,159
2026-10-04T02:45:11.192940+00:00,1904600011229,8.81,Bueno,9.85,Bueno,interpolacion_delaunay,0,3808,341,729,252
2026-10-04T02:45:11.192940+00:00,1904600011248,9.6,Bueno,10.62,Bueno,interpolacion_delaunay,0,3448,233,731,165
2026-10-04T02:45:11.192940+00:00,1904600011252,10.02,Bueno,11.23,Bueno,interpolacion_delaunay,0,3638,249,902,255
2026-10-04T02:45:11.192940+00:00,1904600011271,11.6,Bueno,12.95,Bueno,interpolacion_delaunay,0,3393,200,1049,183
2026-10-04T02:45:11.192940+00:00,1904600011290,8.09,Bueno,8.88,Bueno,interpolacion_delaunay,0,3613,204,959,164
2026-10-04T02:45:11.192940+00:00,1904600011303,8.74,Bueno,9.63,Bueno,interpolacion_delaunay,0,4255,296,730,120
2026-10-04T02:45:11.192940+00:00,1904600011318,5.8,Bueno,6.2,Bueno,promedio_sensores,1,2617,117,712,78
2026-10-04T02:45:11.192940+00:00,1904600011322,6.09,Bueno,6.54,Bueno,interpolacion_delaunay,0,3209,131,1071,177
2026-10-04T02:45:11.192940+00:00,1904600011356,10.78,Bueno,11.86,Bueno,interpolacion_delaunay,0,5344,302,754,186
2026-10-04T02:45:11.192940+00:00,190460001138A,6.39,Bueno,6.98,Bueno,interpolacion_delaunay,0,2330,116,772,143
2026-10-04T02:45:11.192940+00:00,1904600011394,5.6,Bueno,6.09,Bueno,interpolacion_delaunay,0,2495,152,536,127
2026-10-04T02:45:11.192940+00:00,1904600011430,8.37,Bueno,9.14,Bueno,interpolacion_delaunay,0,4835,297,977,195
2026-10-04T02:45:11.192940+00:00,1904600011445,11.77,Bueno,12.99,Bueno,interpolacion_delaunay,0,2396,140,277,35
2026-10-04T02:45:11.192940+00:00,190460001145A,11.7,Bueno,12.98,Bueno,interpolacion_delaunay,0,4010,242,623,75
2026-10-04T02:45:11.192940+00:00,1904600011464,8.59,Bueno,9.54,Bueno,interpolacion_delaunay,0,3269,192,527,50
2026-10-04T02:45:11.192940+00:00,1904600011479,7.5,Bueno,8.38,Bueno,interpolacion_delaunay,0,2267,102,540,81
2026-10-04T02:45:11.192940+00:00,1904600011500,9.08,Bueno,10.07,Bueno,interpolacion_delaunay,0,4575,375,784,254
2026-10-04T02:45:11.192940+00:00,1904600011515,9.07,Bueno,10.04,Bueno,interpolacion_delaunay,0,1791,111,314,102
2026-10-04T02:45:11.192940+00:00,190460001152A,9.74,Bueno,10.78,Bueno,interpolacion_delaunay,0,3396,254,719,167
2026-10-04T02:45:11.192940+00:00,1904600011534,10.27,Bueno,11.37,Bueno,interpolacion_delaunay,0,5740,487,560,132
2026-10-04T02:45:11.192940+00:00,1904600011549,6.36,Bueno,6.97,Bueno,interpolacion_delaunay,0,4515,263,831,205
2026-10-04T02:45:11.192940+00:00,1904600011568,11.43,Bueno,12.64,Bueno,interpolacion_delaunay,0,4996,283,463,138
2026-10-04T02:45:11.192940+00:00,1904600011572,11.94,Bueno,13.21,Bueno,interpolacion_delaunay,0,4541,345,482,121
2026-10-04T02:45:11.192940+00:00,1904600011587,16.54,Aceptable,18.01,Bueno,interpolacion_delaunay,0,2786,153,244,33
2026-10-04T02:45:11.192940+00:00,1904600011591,16.68,Aceptable,18.19,Bueno,interpolacion_delaunay,0,3387,245,335,48
2026-10-04T02:45:11.192940+00:00,1904600011604,10.49,Bueno,11.62,Bueno,interpolacion_delaunay,0,3298,256,771,245
2026-10-04T02:45:11.192940+00:00,1904600011619,10.91,Bueno,12.16,Bueno,interpolacion_delaunay,0,3765,260,958,269
2026-10-04T02:45:11.192940+00:00,1904600011657,7.75,Bueno,8.52,Bueno,interpolacion_delaunay,0,3567,176,481,50
2026-10-04T02:45:11.192940+00:00,1904600011661,8.32,Bueno,9.64,Bueno,interpolacion_delaunay,0,282,11,66,6
2026-10-04T02:45:11.192940+00:00,1904600011727,5.66,Bueno,6.34,Bueno,interpolacion_delaunay,0,3412,179,655,144
2026-10-04T02:45:11.192940+00:00,1904600011746,6.82,Bueno,7.4,Bueno,interpolacion_delaunay,0,3218,196,815,117
2026-10-04T02:45:11.192940+00:00,1904600011750,6.76,Bueno,7.41,Bueno,interpolacion_delaunay,0,4162,197,210,54
2026-10-04T02:45:11.192940+00:00,1904600011765,10.83,Bueno,12.17,Bueno,interpolacion_delaunay,0,3860,405,397,208
2026-10-04T02:45:11.192940+00:00,1904600010663,9.76,Bueno,10.68,Bueno,interpolacion_delaunay,0,198,8,27,0
2026-10-04T02:45:11.192940+00:00,1904600010926,9.68,Bueno,10.76,Bueno,interpolacion_delaunay,0,5007,437,867,291
2026-10-04T02:45:11.192940+00:00,1904600010339,9.26,Bueno,10.49,Bueno,interpolacion_delaunay,0,1314,68,335,78
2026-10-04T02:45:11.192940+00:00,1904600011267,10.0,Bueno,11.28,Bueno,interpolacion_delaunay,0,3908,248,1102,331
2026-10-04T02:45:11.192940+00:00,1904600011712,17.45,Aceptable,19.1,Bueno,interpolacion_delaunay,0,3272,182,300,58
2026-10-04T02:45:11.192940+00:00,1904600010447,7.04,Bueno,7.84,Bueno,interpolacion_delaunay,0,4132,230,437,113
2026-10-04T02:45:11.192940+00:00,1904600011498,4.92,Bueno,5.58,Bueno,interpolacion_delaunay,0,3212,141,667,65
2026-10-04T02:45:11.192940+00:00,1904600010682,12.71,Bueno,14.06,Bueno,interpolacion_delaunay,0,6498,485,714,113
2026-10-04T02:45:11.192940+00:00,1903100450393,11.37,Bueno,12.49,Bueno,interpolacion_delaunay,0,4470,331,183,115
2026-10-04T02:45:11.192940+00:00,1903100451090,13.2,Bueno,14.99,Bueno,interpolacion_delaunay,0,3117,391,133,67
2026-10-04T02:45:11.192940+00:00,1903100010340,14.87,Bueno,17.38,Bueno,interpolacion_delaunay,0,3444,349,252,192
2026-10-04T02:45:11.192940+00:00,1903100450641,12.48,Bueno,13.76,Bueno,interpolacion_delaunay,0,1572,92,57,77
2026-10-04T02:45:11.192940+00:00,1903100451086,13.12,Bueno,14.79,Bueno,interpolacion_delaunay,0,3582,470,173,24
2026-10-04T02:45:11.192940+00:00,190310311171A,13.27,Bueno,15.25,Bueno,interpolacion_delaunay,0,1226,184,39,41
2026-10-04T02:45:11.192940+00:00,1903100450088,11.31,Bueno,12.48,Bueno,interpolacion_delaunay,0,106,4,27,5
2026-10-04T02:45:11.192940+00:00,1903100450321,12.36,Bueno,13.6,Bueno,interpolacion_delaunay,0,781,65,43,66
2026-10-04T02:45:11.192940+00:00,1903100450656,10.72,Bueno,11.74,Bueno,interpolacion_delaunay,0,6656,512,216,203
2026-10-04T02:45:11.192940+00:00,1903100451461,9.65,Bueno,10.56,Bueno,interpolacion_delaunay,0,215,36,0,4
2026-10-04T02:45:11.192940+00:00,1903100451391,9.82,Bueno,10.74,Bueno,interpolacion_delaunay,0,400,41,11,20
2026-10-04T02:45:11.192940+00:00,190310001068A,14.0,Bueno,16.6,Bueno,promedio_sensores,1,5585,402,158,107
2026-10-04T02:45:11.192940+00:00,1903100010872,13.73,Bueno,16.06,Bueno,interpolacion_delaunay,0,2902,333,115,45
2026-10-04T02:45:11.192940+00:00,1903100450266,10.39,Bueno,11.41,Bueno,interpolacion_delaunay,0,3518,300,297,140
2026-10-04T02:45:11.192940+00:00,1903100451211,12.48,Bueno,13.72,Bueno,interpolacion_delaunay,0,318,31,15,12
2026-10-04T02:45:11.192940+00:00,1903100450105,10.48,Bueno,11.53,Bueno,interpolacion_delaunay,0,617,53,101,42
2026-10-04T02:45:11.192940+00:00,1903100450533,9.71,Bueno,10.65,Bueno,interpolacion_delaunay,0,112,19,4,0
2026-10-04T02:45:11.192940+00:00,1903100450834,10.11,Bueno,11.07,Bueno,interpolacion_delaunay,0,5335,620,158,133
2026-10-04T02:45:11.192940+00:00,1903100451122,10.61,Bueno,11.6,Bueno,interpolacion_delaunay,0,4196,367,129,124
2026-10-04T02:45:11.192940+00:00,1903100451118,9.76,Bueno,10.67,Bueno,interpolacion_delaunay,0,1143,149,65,58
2026-10-04T02:45:11.192940+00:00,1903100450092,11.54,Bueno,12.7,Bueno,interpolacion_delaunay,0,5801,601,614,240
2026-10-04T02:45:11.192940+00:00,190310001036A,14.69,Bueno,17.06,Bueno,interpolacion_delaunay,0,2196,166,139,77
2026-10-04T02:45:11.192940+00:00,1903100011264,13.71,Bueno,16.04,Bueno,interpolacion_delaunay,0,166,15,10,4
2026-10-04T02:45:11.192940+00:00,1903100011692,13.85,Bueno,15.86,Bueno,interpolacion_delaunay,0,1994,254,42,57
2026-10-04T02:45:11.192940+00:00,1903100450675,11.04,Bueno,12.11,Bueno,interpolacion_delaunay,0,2985,254,121,65
2026-10-04T02:45:11.192940+00:00,1903100450815,12.95,Bueno,14.42,Bueno,interpolacion_delaunay,0,5183,452,347,124
2026-10-04T02:45:11.192940+00:00,1903100450887,11.98,Bueno,13.17,Bueno,interpolacion_delaunay,0,626,73,50,23
2026-10-04T02:45:11.192940+00:00,1903100450891,12.25,Bueno,13.44,Bueno,interpolacion_delaunay,0,3371,329,210,148
2026-10-04T02:45:11.192940+00:00,1903100450904,12.01,Bueno,13.17,Bueno,interpolacion_delaunay,0,2284,216,156,77
2026-10-04T02:45:11.192940+00:00,1903100451438,12.8,Bueno,14.1,Bueno,promedio_sensores,1,489,62,15,5
2026-10-04T02:45:11.192940+00:00,1903100451442,12.02,Bueno,13.16,Bueno,interpolacion_delaunay,0,530,59,19,6
2026-10-04T02:45:11.192940+00:00,1903100451828,12.59,Bueno,13.88,Bueno,interpolacion_delaunay,0,1268,201,24,22
2026-10-04T02:45:11.192940+00:00,1903103131616,11.43,Bueno,12.47,Bueno,interpolacion_delaunay,0,3396,460,75,104
2026-10-04T02:45:11.192940+00:00,1903100451103,11.68,Bueno,12.79,Bueno,interpolacion_delaunay,0,1939,184,111,81
2026-10-04T02:45:11.192940+00:00,1903103131601,11.65,Bueno,12.73,Bueno,interpolacion_delaunay,0,3536,417,97,62
2026-10-04T02:45:11.192940+00:00,1903100451226,11.09,Bueno,12.14,Bueno,interpolacion_delaunay,0,2587,267,90,42
2026-10-04T02:45:11.192940+00:00,1903103111512,12.55,Bueno,13.88,Bueno,interpolacion_delaunay,0,2486,240,126,82
2026-10-04T02:45:11.192940+00:00,1903100451635,9.38,Bueno,10.25,Bueno,interpolacion_delaunay,0,3621,518,70,103
2026-10-04T02:45:11.192940+00:00,1903103131300,12.1,Bueno,13.2,Bueno,promedio_sensores,1,4074,495,120,80
2026-10-04T02:45:11.192940+00:00,1903103111508,13.11,Bueno,14.99,Bueno,interpolacion_delaunay,0,3724,412,113,64
2026-10-04T02:45:11.192940+00:00,1903100451387,10.02,Bueno,10.97,Bueno,interpolacion_delaunay,0,1540,218,34,55
2026-10-04T02:45:11.192940+00:00,1903100452101,8.88,Bueno,9.71,Bueno,interpolacion_delaunay,0,1249,214,20,18
2026-10-04T02:45:11.192940+00:00,1903100451283,9.74,Bueno,10.63,Bueno,interpolacion_delaunay,0,3230,373,88,78
2026-10-04T02:45:11.192940+00:00,1903103111527,12.8,Bueno,14.38,Bueno,interpolacion_delaunay,0,1682,145,143,89
2026-10-04T02:45:11.192940+00:00,1903100452402,9.19,Bueno,10.03,Bueno,interpolacion_delaunay,0,0,0,0,0
2026-10-04T08:49:00.820387+00:00,1900601740121,8.9,Bueno,9.3,Bueno,promedio_sensores,1,2694,310,73,36
2026-10-04T08:49:00.820387+00:00,1900601740155,9.66,Bueno,10.12,Bueno,interpolacion_delaunay,0,1820,285,54,16
2026-10-04T08:49:00.820387+00:00,1900600781948,10.77,Bueno,11.56,Bueno,interpolacion_delaunay,0,1170,93,69,32
2026-10-04T08:49:00.820387+00:00,1900600012236,10.67,Bueno,11.22,Bueno,interpolacion_delaunay,0,264,28,6,0
2026-10-04T08:49:00.820387+00:00,1900600010225,8.86,Bueno,9.36,Bueno,interpolacion_delaunay,0,1,0,0,0
2026-10-04T08:49:00.820387+00:00,1900600010206,9.46,Bueno,10.06,Bueno,interpolacion_delaunay,0,6646,747,526,177
2026-10-04T08:49:00.820387+00:00,1900600010210,8.86,Bueno,9.37,Bueno,interpolacion_delaunay,0,0,0,0,0
2026-10-04T08:49:00.820387+00:00,1900600010244,9.81,Bueno,10.38,Bueno,interpolacion_delaunay,0,90,3,14,3
2026-10-04T08:49:00.820387+00:00,1900600010259,9.9,Bueno,10.5,Bueno,interpolacion_delaunay,0,3329,268,159,53
2026-10-04T08:49:00.820387+00:00,1900600010278,9.84,Bueno,10.41,Bueno,interpolacion_delaunay,0,486,52,18,8
2026-10-04T08:49:00.820387+00:00,1900600010297,9.3,Bueno,9.79,Bueno,interpolacion_delaunay,0,5850,524,288,225
2026-10-04T08:49:00.820387+00:00,1900600010475,9.72,Bueno,10.26,Bueno,interpolacion_delaunay,0,4729,407,844,249
2026-10-04T08:49:00.820387+00:00,190060001030A,9.26,Bueno,9.73,Bueno,interpolacion_delaunay,0,4134,431,170,127
2026-10-04T08:49:00.820387+00:00,1900600010348,10.8,Bueno,11.39,Bueno,interpolacion_delaunay,0,7877,871,609,196
2026-10-04T08:49:00.820387+00:00,1900600010460,9.93,Bueno,10.49,Bueno,interpolacion_delaunay,0,4909,343,1088,217
2026-10-04T08:49:00.820387+00:00,1900600010352,10.8,Bueno,11.37,Bueno,interpolacion_delaunay,0,1017,63,153,80
2026-10-04T08:49:00.820387+00:00,1900600010367,11.04,Bueno,11.64,Bueno,interpolacion_delaunay,0,469,45,60,46
2026-10-04T08:49:00.820387+00:00,1900600010403,8.72,Bueno,9.32,Bueno,interpolacion_delaunay,0,4726,352,972,196
2026-10-04T08:49:00.820387+00:00,190060001055A,8.73,Bueno,9.31,Bueno,interpolacion_delaunay,0,4579,363,547,197
2026-10-04T08:49:00.820387+00:00,1900600010583,9.31,Bueno,9.84,Bueno,interpolacion_delaunay,0,4964,382,425,153
2026-10-04T08:49:00.820387+00:00,1900600010598,9.1,Bueno,9.6,Bueno,interpolacion_delaunay,0,5332,416,338,212
2026-10-04T08:49:00.820387+00:00,1900600010723,8.61,Bueno,9.12,Bueno,interpolacion_delaunay,0,5109,353,1039,281
2026-10-04T08:49:00.820387+00:00,1900600010780,9.85,Bueno,10.37,Bueno,interpolacion_delaunay,0,3755,348,382,222
2026-10-04T08:49:00.820387+00:00,1900600010795,10.15,Bueno,10.69,Bueno,interpolacion_delaunay,0,5270,506,424,204
2026-10-04T08:49:00.820387+00:00,1900600010808,10.46,Bueno,11.02,Bueno,interpolacion_delaunay,0,3443,304,372,102
2026-10-04T08:49:00.820387+00:00,1900600010920,8.6,Bueno,9.2,Bueno,promedio_sensores,1,5729,316,496,128
2026-10-04T08:49:00.820387+00:00,1900600011011,9.5,Bueno,10.08,Bueno,interpolacion_delaunay,0,0,0,0,0
2026-10-04T08:49:00.820387+00:00,1900600011026,9.48,Bueno,10.04,Bueno,interpolacion_delaunay,0,0,0,0,0
2026-10-04T08:49:00.820387+00:00,1900600011064,8.9,Bueno,9.5,Bueno,interpolacion_delaunay,0,4513,371,370,162
2026-10-04T08:49:00.820387+00:00,1900600011098,8.45,Bueno,8.95,Bueno,interpolacion_delaunay,0,5772,542,419,165
2026-10-04T08:49:00.820387+00:00,1900600011149,10.94,Bueno,11.52,Bueno,interpolacion_delaunay,0,1140,100,87,38
2026-10-04T08:49:00.820387+00:00,1900600011350,8.95,Bueno,9.54,Bueno,interpolacion_delaunay,0,3323,233,353,93
2026-10-04T08:49:00.820387+00:00,1900600011365,9.1,Bueno,9.7,Bueno,interpolacion_delaunay,0,3259,285,225,87
2026-10-04T08:49:00.820387+00:00,190060001137A,8.77,Bueno,9.31,Bueno,interpolacion_delaunay,0,2748,223,522,132
2026-10-04T08:49:00.820387+00:00,1900600011632,9.0,Bueno,9.44,Bueno,interpolacion_delaunay,0,5931,475,161,144
2026-10-04T08:49:00.820387+00:00,1900600011384,9.01,Bueno,9.57,Bueno,interpolacion_delaunay,0,3359,263,352,73
2026-10-04T08:49:00.820387+00:00,1900600011399,9.16,Bueno,9.76,Bueno,interpolacion_delaunay,0,2371,274,284,91
2026-10-04T08:49:00.820387+00:00,1900600011469,8.97,Bueno,9.42,Bueno,interpolacion_delaunay,0,1932,125,131,96
2026-10-04T08:49:00.820387+00:00,1900600011401,9.5,Bueno,10.11,Bueno,interpolacion_delaunay,0,3593,269,468,144
2026-10-04T08:49:00.820387+00:00,190060001144A,8.92,Bueno,9.39,Bueno,interpolacion_delaunay,0,6239,575,321,95
2026-10-04T08:49:00.820387+00:00,1900600011473,9.26,Bueno,9.78,Bueno,interpolacion_delaunay,0,2826,209,259,107
2026-10-04T08:49:00.820387+00:00,1900600011488,9.45,Bueno,9.98,Bueno,interpolacion_delaunay,0,2922,234,293,96
2026-10-04T08:49:00.820387+00:00,1900600011492,9.8,Bueno,10.33,Bueno,interpolacion_delaunay,0,1725,134,78,56
2026-10-04T08:49:00.820387+00:00,1900600011505,9.57,Bueno,10.09,Bueno,interpolacion_delaunay,0,2030,151,78,103
2026-10-04T08:49:00.820387+00:00,190060001151A,9.59,Bueno,10.1,Bueno,interpolacion_delaunay,0,4650,413,187,145
2026-10-04T08:49:00.820387+00:00,1900600011524,9.72,Bueno,10.23,Bueno,interpolacion_delaunay,0,3658,279,744,150
2026-10-04T08:49:00.820387+00:00,1900600011539,10.05,Bueno,10.58,Bueno,interpolacion_delaunay,0,3879,269,179,190
2026-10-04T08:49:00.820387+00:00,1900600011543,10.47,Bueno,11.02,Bueno,interpolacion_delaunay,0,3926,372,127,91
2026-10-04T08:49:00.820387+00:00,1900600011844,9.39,Bueno,9.85,Bueno,interpolacion_delaunay,0,1922,166,57,23
2026-10-04T08:49:00.820387+00:00,1900600011666,9.19,Bueno,9.64,Bueno,interpolacion_delaunay,0,2454,221,74,68
2026-10-04T08:49:00.820387+00:00,1900600011859,9.57,Bueno,10.05,Bueno,interpolacion_delaunay,0,1533,143,46,34
2026-10-04T08:49:00.820387+00:00,1900600011863,10.33,Bueno,10.87,Bueno,interpolacion_delaunay,0,1050,130,36,5
2026-10-04T08:49:00.820387+00:00,1900600011878,10.5,Bueno,11.04,Bueno,interpolacion_delaunay,0,5255,440,206,130
2026-10-04T08:49:00.820387+00:00,1900600011882,10.43,Bueno,10.95,Bueno,interpolacion_delaunay,0,5356,444,208,243
2026-10-04T08:49:00.820387+00:00,190060001190A,10.84,Bueno,11.4,Bueno,interpolacion_delaunay,0,3346,296,126,99
2026-10-04T08:49:00.820387+00:00,1900600011914,10.93,Bueno,11.56,Bueno,interpolacion_delaunay,0,5844,518,215,189
2026-10-04T08:49:00.820387+00:00,1900600011929,11.38,Bueno,12.25,Bueno,interpolacion_delaunay,0,5690,426,232,211
2026-10-04T08:49:00.820387+00:00,1900600012043,10.01,Bueno,10.51,Bueno,interpolacion_delaunay,0,3660,375,120,69
2026-10-04T08:49:00.820387+00:00,1900600012109,9.56,Bueno,10.04,Bueno,interpolacion_delaunay,0,1488,155,32,33
2026-10-04T08:49:00.820387+00:00,1900600012128,10.18,Bueno,10.71,Bueno,interpolacion_delaunay,0,1714,168,66,31
2026-10-04T08:49:00.820387+00:00,190060001226A,9.65,Bueno,10.18,Bueno,interpolacion_delaunay,0,4528,324,328,117
2026-10-04T08:49:00.820387+00:00,1900600012274,9.28,Bueno,9.78,Bueno,interpolacion_delaunay,0,5782,615,191,106
2026-10-04T08:49:00.820387+00:00,190060001233A,9.66,Bueno,10.13,Bueno,interpolacion_delaunay,0,2449,267,53,48
2026-10-04T08:49:00.820387+00:00,1900600012414,9.83,Bueno,10.33,Bueno,interpolacion_delaunay,0,2297,332,39,45
2026-10-04T08:49:00.820387+00:00,1900600012429,10.04,Bueno,10.55,Bueno,interpolacion_delaunay,0,3283,479,97,39
2026-10-04T08:49:00.820387+00:00,1900600012734,10.51,Bueno,11.06,Bueno,interpolacion_delaunay,0,961,146,24,13
2026-10-04T08:49:00.820387+00:00,1900600010992,9.14,Bueno,9.7,Bueno,interpolacion_delaunay,0,0,0,0,0
2026-10-04T08:49:00.820387+00:00,1900600012804,9.01,Bueno,9.57,Bueno,interpolacion_delaunay,0,705,129,13,7
2026-10-04T08:49:00.820387+00:00,1900600011897,11.2,Bueno,12.07,Bueno,interpolacion_delaunay,0,3063,294,202,149
2026-10-04T08:49:00.820387+00:00,1900600012202,10.33,Bueno,10.88,Bueno,interpolacion_delaunay,0,372,48,3,8
2026-10-04T08:49:00.820387+00:00,1900600012039,10.68,Bueno,11.32,Bueno,interpolacion_delaunay,0,2684,242,90,67
2026-10-04T08:49:00.820387+00:00,1900601740047,9.0,Bueno,9.43,Bueno,interpolacion_delaunay,0,1719,266,38,40
2026-10-04T08:49:00.820387+00:00,190190001005A,29.15,Aceptable,32.79,Bueno,interpolacion_delaunay,0,2404,108,693,69
2026-10-04T08:49:00.820387+00:00,1901900010064,31.98,Aceptable,35.85,Bueno,promedio_sensores,4,2721,181,677,58
2026-10-04T08:49:00.820387+00:00,1901900010079,36.0,Mala,44.1,Bueno,promedio_sensores,1,4464,212,1159,127
2026-10-04T08:49:00.820387+00:00,1901900010083,23.13,Aceptable,27.47,Bueno,promedio_sensores,3,1374,63,441,45
2026-10-04T08:49:00.820387+00:00,1901900010098,29.2,Aceptable,30.6,Bueno,promedio_sensores,1,1854,103,460,42
2026-10-04T08:49:00.820387+00:00,1901900010100,34.6,Mala,40.8,Bueno,promedio_sensores,1,1944,129,547,21
2026-10-04T08:49:00.820387+00:00,1901900010149,6.3,Bueno,6.6,Bueno,promedio_sensores,1,1163,75,215,15
2026-10-04T08:49:00.820387+00:00,1901900010153,9.3,Bueno,9.9,Bueno,promedio_sensores,1,1800,134,430,81
2026-10-04T08:49:00.820387+00:00,1901900010168,23.5,Aceptable,26.4,Bueno,promedio_sensores,1,1570,81,416,43
2026-10-04T08:49:00.820387+00:00,1901900010172,22.79,Aceptable,25.73,Bueno,interpolacion_delaunay,0,1335,59,357,29
2026-10-04T08:49:00.820387+00:00,1901900010187,6.46,Bueno,6.88,Bueno,interpolacion_delaunay,0,4463,306,999,93
2026-10-04T08:49:00.820387+00:00,1901900010191,3.1,Bueno,3.3,Bueno,promedio_sensores,1,2824,172,637,108
2026-10-04T08:49:00.820387+00:00,1901900010204,6.98,Bueno,7.56,Bueno,interpolacion_delaunay,0,3926,317,736,119
2026-10-04T08:49:00.820387+00:00,1901900010223,10.12,Bueno,10.99,Bueno,interpolacion_delaunay,0,2979,89,503,54
2026-10-04T08:49:00.820387+00:00,1901900010238,5.2,Bueno,5.4,Bueno,promedio_sensores,1,1904,73,302,23
2026-10-04T08:49:00.820387+00:00,1901900010242,5.97,Bueno,6.33,Bueno,promedio_sensores,3,2717,143,729,92
2026-10-04T08:49:00.820387+00:00,1901900010257,24.2,Aceptable,27.7,Bueno,promedio_sensores,1,1307,56,361,13
2026-10-04T08:49:00.820387+00:00,1901900010261,8.55,Bueno,9.35,Bueno,promedio_sensores,2,2240,113,567,42
2026-10-04T08:49:00.820387+00:00,1901900010280,11.58,Bueno,12.33,Bueno,interpolacion_delaunay,0,2690,79,360,43
2026-10-04T08:49:00.820387+00:00,1901900010350,33.72,Mala,39.76,Bueno,interpolacion_delaunay,0,2768,148,592,68
2026-10-04T08:49:00.820387+00:00,1901900010365,35.2,Mala,40.1,Bueno,promedio_sensores,1,3419,327,293,61
2026-10-04T08:49:00.820387+00:00,1901900010399,23.5,Aceptable,25.05,Bueno,promedio_sensores,2,1162,6,68,0
2026-10-04T08:49:00.820387+00:00,1901900010401,24.0,Aceptable,29.5,Bueno,promedio_sensores,1,2375,247,392,86
2026-10-04T08:49:00.820387+00:00,1901900010416,2.93,Bueno,3.18,Bueno,interpolacion_delaunay,0,700,19,105,4
2026-10-04T08:49:00.820387+00:00,1901900010420,8.5,Bueno,9.0,Bueno,promedio_sensores,1,1696,93,408,47
2026-10-04T08:49:00.820387+00:00,1901900010435,27.5,Aceptable,30.1,Bueno,promedio_sensores,1,4494,346,601,54
2026-10-04T08:49:00.820387+00:00,190190001044A,17.0,Aceptable,19.2,Bueno,promedio_sensores,3,4383,354,439,56
2026-10-04T08:49:00.820387+00:00,1901900010454,13.2,Bueno,13.8,Bueno,promedio_sensores,2,557,26,114,11
2026-10-04T08:49:00.820387+00:00,1901900010469,19.8,Aceptable,20.8,Bueno,promedio_sensores,1,3112,170,568,37
2026-10-04T08:49:00.820387+00:00,1901900010473,21.77,Aceptable,23.66,Bueno,interpolacion_delaunay,0,983,46,182,19
2026-10-04T08:49:00.820387+00:00,1901900010488,27.85,Aceptable,32.25,Bueno,promedio_sensores,2,2757,295,371,102
2026-10-04T08:49:00.820387+00:00,1901900010492,8.9,Bueno,10.15,Bueno,promedio_sensores,2,2848,173,697,71
2026-10-04T08:49:00.820387+00:00,1901900010505,8.12,Bueno,8.63,Bueno,interpolacion_delaunay,0,2494,111,512,19
2026-10-04T08:49:00.820387+00:00,190190001051A,5.2,Bueno,5.7,Bueno,promedio_sensores,1,1899,111,507,36
2026-10-04T08:49:00.820387+00:00,1901900010558,11.07,Bueno,12.13,Bueno,promedio_sensores,3,1349,87,230,21
2026-10-04T08:49:00.820387+00:00,1901900010613,6.2,Bueno,6.53,Bueno,interpolacion_delaunay,0,132,0,20,0
2026-10-04T08:49:00.820387+00:00,1901900010384,13.13,Bueno,14.45,Bueno,interpolacion_delaunay,0,1111,19,119,15
2026-10-04T08:49:00.820387+00:00,1901900010219,8.1,Bueno,8.76,Bueno,interpolacion_delaunay,0,1954,106,555,58
2026-10-04T08:49:00.820387+00:00,1902100011338,14.03,Bueno,15.94,Bueno,interpolacion_delaunay,0,2800,219,134,55
2026-10-04T08:49:00.820387+00:00,1902100011817,7.9,Bueno,8.3,Bueno,promedio_sensores,1,583,52,40,11
2026-10-04T08:49:00.820387+00:00,1902100010293,9.81,Bueno,10.64,Bueno,interpolacion_delaunay,0,2008,84,165,35
2026-10-04T08:49:00.820387+00:00,190210001033A,9.22,Bueno,9.9,Bueno,interpolacion_delaunay,0,4000,286,440,91
2026-10-04T08:49:00.820387+00:00,1902100011060,17.81,Aceptable,20.6,Bueno,interpolacion_delaunay,0,3355,278,195,95
2026-10-04T08:49:00.820387+00:00,1902100010289,10.57,Bueno,11.6,Bueno,interpolacion_delaunay,0,1352,78,109,44
2026-10-04T08:49:00.820387+00:00,1902100010325,11.61,Bueno,12.84,Bueno,interpolacion_delaunay,0,1,0,0,0
2026-10-04T08:49:00.820387+00:00,1902100011412,8.4,Bueno,8.9,Bueno,promedio_sensores,1,3239,228,156,27
2026-10-04T08:49:00.820387+00:00,1902100011427,8.26,Bueno,8.71,Bueno,interpolacion_delaunay,0,4126,302,227,21
2026-10-04T08:49:00.820387+00:00,1902100011408,8.16,Bueno,8.64,Bueno,interpolacion_delaunay,0,6781,377,571,69
2026-10-04T08:49:00.820387+00:00,1902100011342,15.36,Aceptable,17.59,Bueno,interpolacion_delaunay,0,4655,261,185,126
2026-10-04T08:49:00.820387+00:00,1902100010043,16.12,Aceptable,18.5,Bueno,interpolacion_delaunay,0,4208,322,819,334
2026-10-04T08:49:00.820387+00:00,1902100010255,17.22,Aceptable,19.89,Bueno,interpolacion_delaunay,0,6704,625,410,194
2026-10-04T08:49:00.820387+00:00,1902100010378,13.5,Bueno,15.2,Bueno,promedio_sensores,1,4134,262,294,72
2026-10-04T08:49:00.820387+00:00,1902100011075,20.08,Aceptable,23.49,Bueno,interpolacion_delaunay,0,8122,855,320,248
2026-10-04T08:49:00.820387+00:00,1902600011832,10.6,Bueno,11.19,Bueno,interpolacion_delaunay,0,3764,305,386,174
2026-10-04T08:49:00.820387+00:00,1902600010035,10.2,Bueno,10.75,Bueno,interpolacion_delaunay,0,1597,156,285,106
2026-10-04T08:49:00.820387+00:00,1902600012332,21.29,Aceptable,23.31,Bueno,interpolacion_delaunay,0,5634,507,898,399
2026-10-04T08:49:00.820387+00:00,1902600010020,10.24,Bueno,10.82,Bueno,interpolacion_delaunay,0,1825,174,355,160
2026-10-04T08:49:00.820387+00:00,1902600011279,10.08,Bueno,10.64,Bueno,interpolacion_delaunay,0,4324,384,731,269
2026-10-04T08:49:00.820387+00:00,1902600011283,10.04,Bueno,10.59,Bueno,interpolacion_delaunay,0,3719,341,754,207
2026-10-04T08:49:00.820387+00:00,1902600012440,10.58,Bueno,11.2,Bueno,interpolacion_delaunay,0,2604,133,153,35
2026-10-04T08:49:00.820387+00:00,1902600012667,12.91,Bueno,13.7,Bueno,interpolacion_delaunay,0,778,73,30,14
2026-10-04T08:49:00.820387+00:00,1902600012811,18.49,Aceptable,20.29,Bueno,interpolacion_delaunay,0,26,4,0,0
2026-10-04T08:49:00.820387+00:00,1902600010459,26.12,Aceptable,30.74,Bueno,interpolacion_delaunay,0,3039,123,850,229
2026-10-04T08:49:00.820387+00:00,1902600010317,25.43,Aceptable,30.15,Bueno,interpolacion_delaunay,0,4084,275,902,321
2026-10-04T08:49:00.820387+00:00,1902600010957,10.35,Bueno,10.92,Bueno,interpolacion_delaunay,0,5841,533,1121,336
2026-10-04T08:49:00.820387+00:00,1902600011103,15.06,Aceptable,16.68,Bueno,interpolacion_delaunay,0,950,69,80,47
2026-10-04T08:49:00.820387+00:00,1902600011457,18.61,Aceptable,20.59,Bueno,interpolacion_delaunay,0,2279,129,466,94
2026-10-04T08:49:00.820387+00:00,1902600011404,20.27,Aceptable,24.07,Bueno,interpolacion_delaunay,0,3115,227,702,219
2026-10-04T08:49:00.820387+00:00,1902600011508,14.72,Bueno,16.19,Bueno,interpolacion_delaunay,0,1978,175,250,90
2026-10-04T08:49:00.820387+00:00,1902600011828,10.3,Bueno,10.89,Bueno,interpolacion_delaunay,0,2175,178,266,60
2026-10-04T08:49:00.820387+00:00,1902600011847,10.81,Bueno,11.42,Bueno,interpolacion_delaunay,0,4488,374,407,157
2026-10-04T08:49:00.820387+00:00,1902600012402,15.34,Aceptable,16.42,Bueno,interpolacion_delaunay,0,2699,234,353,170
2026-10-04T08:49:00.820387+00:00,1902600012205,17.9,Aceptable,19.6,Bueno,interpolacion_delaunay,0,4435,432,502,204
2026-10-04T08:49:00.820387+00:00,1902600012258,13.57,Bueno,14.7,Bueno,interpolacion_delaunay,0,1006,77,102,40
2026-10-04T08:49:00.820387+00:00,1902600012296,11.45,Bueno,12.11,Bueno,interpolacion_delaunay,0,4398,237,919,190
2026-10-04T08:49:00.820387+00:00,1902600012455,10.7,Bueno,11.31,Bueno,interpolacion_delaunay,0,4962,328,296,118
2026-10-04T08:49:00.820387+00:00,1902600010302,26.31,Aceptable,31.3,Bueno,interpolacion_delaunay,0,2790,166,675,209
2026-10-04T08:49:00.820387+00:00,1902600010425,26.76,Aceptable,31.56,Bueno,interpolacion_delaunay,0,3687,235,843,230
2026-10-04T08:49:00.820387+00:00,1902600010533,26.79,Aceptable,31.09,Bueno,interpolacion_delaunay,0,1681,81,395,96
2026-10-04T08:49:00.820387+00:00,1902600011813,10.33,Bueno,10.92,Bueno,interpolacion_delaunay,0,5250,447,545,129
2026-10-04T08:49:00.820387+00:00,1902600011851,11.02,Bueno,11.64,Bueno,interpolacion_delaunay,0,4115,305,359,155
2026-10-04T08:49:00.820387+00:00,1902600012436,10.31,Bueno,10.91,Bueno,interpolacion_delaunay,0,3242,185,145,20
2026-10-04T08:49:00.820387+00:00,1902600012686,12.92,Bueno,13.87,Bueno,interpolacion_delaunay,0,40,3,7,5
2026-10-04T08:49:00.820387+00:00,1902600010124,11.63,Bueno,12.32,Bueno,interpolacion_delaunay,0,2665,140,749,113
2026-10-04T08:49:00.820387+00:00,1902600012417,11.35,Bueno,12.0,Bueno,interpolacion_delaunay,0,2073,147,228,128
2026-10-04T08:49:00.820387+00:00,1902600012347,22.66,Aceptable,24.57,Bueno,interpolacion_delaunay,0,4440,433,247,105
2026-10-04T08:49:00.820387+00:00,190260001239A,16.64,Aceptable,17.61,Bueno,interpolacion_delaunay,0,2697,236,207,88
2026-10-04T08:49:00.820387+00:00,190260001260A,13.07,Bueno,14.04,Bueno,interpolacion_delaunay,0,979,82,21,36
2026-10-04T08:49:00.820387+00:00,1902600011391,18.76,Aceptable,21.36,Bueno,interpolacion_delaunay,0,3747,280,1036,286
2026-10-04T08:49:00.820387+00:00,1902600010251,14.96,Bueno,16.57,Bueno,interpolacion_delaunay,0,6072,581,994,581
2026-10-04T08:49:00.820387+00:00,1902600010707,20.34,Aceptable,22.42,Bueno,interpolacion_delaunay,0,4261,296,986,365
2026-10-04T08:49:00.820387+00:00,190260001157A,20.04,Aceptable,21.81,Bueno,interpolacion_delaunay,0,2161,148,444,126
2026-10-04T08:49:00.820387+00:00,1902600011654,16.91,Aceptable,18.4,Bueno,interpolacion_delaunay,0,3737,309,535,205
2026-10-04T08:49:00.820387+00:00,1902600012385,18.38,Aceptable,20.16,Bueno,interpolacion_delaunay,0,108,11,8,5
2026-10-04T08:49:00.820387+00:00,1902600011495,14.73,Bueno,16.13,Bueno,interpolacion_delaunay,0,2675,203,421,91
2026-10-04T08:49:00.820387+00:00,1902600012525,21.76,Aceptable,23.52,Bueno,interpolacion_delaunay,0,6162,464,363,124
2026-10-04T08:49:00.820387+00:00,1902600010995,11.14,Bueno,11.76,Bueno,interpolacion_delaunay,0,1016,61,224,56
2026-10-04T08:49:00.820387+00:00,1902600011866,12.55,Bueno,13.58,Bueno,interpolacion_delaunay,0,3064,167,548,67
2026-10-04T08:49:00.820387+00:00,190260001207A,19.36,Aceptable,21.78,Bueno,interpolacion_delaunay,0,2199,99,452,47
2026-10-04T08:49:00.820387+00:00,1902600012120,13.54,Bueno,14.43,Bueno,interpolacion_delaunay,0,1092,33,384,28
2026-10-04T08:49:00.820387+00:00,1902600012135,13.16,Bueno,13.46,Bueno,interpolacion_delaunay,0,1356,47,414,29
2026-10-04T08:49:00.820387+00:00,1902600012544,20.02,Aceptable,21.9,Bueno,interpolacion_delaunay,0,2171,187,206,83
2026-10-04T08:49:00.820387+00:00,1902600010069,20.64,Aceptable,24.33,Bueno,interpolacion_delaunay,0,1920,94,579,107
2026-10-04T08:49:00.820387+00:00,1902600010073,19.59,Aceptable,22.93,Bueno,interpolacion_delaunay,0,3137,159,955,77
2026-10-04T08:49:00.820387+00:00,1902600010088,17.27,Aceptable,19.86,Bueno,interpolacion_delaunay,0,2870,157,722,160
2026-10-04T08:49:00.820387+00:00,1902600010158,26.45,Aceptable,31.96,Bueno,interpolacion_delaunay,0,1517,70,502,83
2026-10-04T08:49:00.820387+00:00,190260001029A,27.45,Aceptable,32.77,Bueno,interpolacion_delaunay,0,1809,94,461,133
2026-10-04T08:49:00.820387+00:00,1902600011885,21.39,Aceptable,25.34,Bueno,interpolacion_delaunay,0,1944,100,497,103
2026-10-04T08:49:00.820387+00:00,1902600012192,13.64,Bueno,14.81,Bueno,interpolacion_delaunay,0,2742,217,241,94
2026-10-04T08:49:00.820387+00:00,1902600012243,18.67,Aceptable,20.47,Bueno,interpolacion_delaunay,0,316,37,21,22
2026-10-04T08:49:00.820387+00:00,1902600012421,11.19,Bueno,11.83,Bueno,interpolacion_delaunay,0,2385,134,120,49
2026-10-04T08:49:00.820387+00:00,1902600012597,13.24,Bueno,14.16,Bueno,interpolacion_delaunay,0,3539,244,126,97
2026-10-04T08:49:00.820387+00:00,1902600011029,11.27,Bueno,11.91,Bueno,interpolacion_delaunay,0,1109,94,97,45
2026-10-04T08:49:00.820387+00:00,190260001189A,22.91,Aceptable,27.34,Bueno,interpolacion_delaunay,0,2117,131,543,112
2026-10-04T08:49:00.820387+00:00,1902600012703,19.21,Aceptable,21.07,Bueno,interpolacion_delaunay,0,632,49,33,14
2026-10-04T08:49:00.820387+00:00,1902600011372,20.15,Aceptable,23.44,Bueno,interpolacion_delaunay,0,2451,168,520,192
2026-10-04T08:49:00.820387+00:00,1902600012366,13.21,Bueno,14.25,Bueno,interpolacion_delaunay,0,350,28,12,6
2026-10-04T08:49:00.820387+00:00,1902600010321,24.34,Aceptable,28.94,Bueno,interpolacion_delaunay,0,5159,259,1483,335
2026-10-04T08:49:00.820387+00:00,1902600010336,23.44,Aceptable,27.73,Bueno,interpolacion_delaunay,0,3112,150,945,118
2026-10-04T08:49:00.820387+00:00,1902600010340,22.53,Aceptable,26.63,Bueno,interpolacion_delaunay,0,5009,289,1452,316
2026-10-04T08:49:00.820387+00:00,1902600010355,21.14,Aceptable,24.81,Bueno,interpolacion_delaunay,0,2172,143,527,123
2026-10-04T08:49:00.820387+00:00,1902600010389,19.21,Aceptable,22.19,Bueno,interpolacion_delaunay,0,3485,223,809,188
2026-10-04T08:49:00.820387+00:00,1902600010393,17.49,Aceptable,19.92,Bueno,interpolacion_delaunay,0,4293,274,932,186
2026-10-04T08:49:00.820387+00:00,1902600010618,19.95,Aceptable,22.32,Bueno,interpolacion_delaunay,0,3420,248,733,217
2026-10-04T08:49:00.820387+00:00,1902600010730,25.11,Aceptable,26.48,Bueno,interpolacion_delaunay,0,4610,359,992,364
2026-10-04T08:49:00.820387+00:00,1902600011033,11.96,Bueno,12.64,Bueno,interpolacion_delaunay,0,5199,444,572,162
2026-10-04T08:49:00.820387+00:00,1902600011122,17.91,Aceptable,19.37,Bueno,interpolacion_delaunay,0,6940,637,766,300
2026-10-04T08:49:00.820387+00:00,1902600011546,22.74,Aceptable,25.71,Bueno,interpolacion_delaunay,0,3715,209,870,202
2026-10-04T08:49:00.820387+00:00,1902600011461,17.59,Aceptable,19.2,Bueno,interpolacion_delaunay,0,3227,233,684,198
2026-10-04T08:49:00.820387+00:00,190260001132A,22.33,Aceptable,26.45,Bueno,interpolacion_delaunay,0,2713,152,488,78
2026-10-04T08:49:00.820387+00:00,1902600011334,12.39,Bueno,13.12,Bueno,interpolacion_delaunay,0,3525,289,683,240
2026-10-04T08:49:00.820387+00:00,1902600011349,12.25,Bueno,12.94,Bueno,interpolacion_delaunay,0,2716,239,484,222
2026-10-04T08:49:00.820387+00:00,1902600011368,20.32,Aceptable,23.7,Bueno,interpolacion_delaunay,0,3348,226,652,119
2026-10-04T08:49:00.820387+00:00,1902600011419,24.6,Aceptable,28.88,Bueno,interpolacion_delaunay,0,2833,144,728,158
2026-10-04T08:49:00.820387+00:00,1902600011442,19.16,Aceptable,21.18,Bueno,interpolacion_delaunay,0,3169,182,598,174
2026-10-04T08:49:00.820387+00:00,1902600011565,21.16,Aceptable,23.54,Bueno,interpolacion_delaunay,0,4076,290,816,263
2026-10-04T08:49:00.820387+00:00,1902600011584,21.84,Aceptable,23.46,Bueno,interpolacion_delaunay,0,4255,317,895,221
2026-10-04T08:49:00.820387+00:00,1902600011599,21.46,Aceptable,22.95,Bueno,interpolacion_delaunay,0,2923,228,572,152
2026-10-04T08:49:00.820387+00:00,1902600011601,26.5,Aceptable,27.9,Bueno,promedio_sensores,1,3474,261,775,299
2026-10-04T08:49:00.820387+00:00,1902600011688,23.96,Aceptable,25.41,Bueno,interpolacion_delaunay,0,3727,240,688,249
2026-10-04T08:49:00.820387+00:00,190260001171A,24.01,Aceptable,25.81,Bueno,interpolacion_delaunay,0,4383,321,770,213
2026-10-04T08:49:00.820387+00:00,1902600012008,18.1,Aceptable,20.28,Bueno,interpolacion_delaunay,0,1064,52,278,35
2026-10-04T08:49:00.820387+00:00,1902600011781,19.65,Aceptable,21.56,Bueno,interpolacion_delaunay,0,260,22,25,0
2026-10-04T08:49:00.820387+00:00,1902600011989,21.84,Aceptable,24.59,Bueno,interpolacion_delaunay,0,3336,217,653,151
2026-10-04T08:49:00.820387+00:00,1902600012027,23.45,Aceptable,24.98,Bueno,interpolacion_delaunay,0,5601,339,676,195
2026-10-04T08:49:00.820387+00:00,1902600012116,20.8,Aceptable,22.79,Bueno,interpolacion_delaunay,0,2265,174,319,64
2026-10-04T08:49:00.820387+00:00,1902600012328,13.35,Bueno,14.39,Bueno,interpolacion_delaunay,0,2737,200,173,54
2026-10-04T08:49:00.820387+00:00,1902600012510,20.17,Aceptable,21.77,Bueno,interpolacion_delaunay,0,3466,257,269,90
2026-10-04T08:49:00.820387+00:00,1902600012578,22.42,Aceptable,24.47,Bueno,interpolacion_delaunay,0,2465,185,298,196
2026-10-04T08:49:00.820387+00:00,1902600012582,22.27,Aceptable,24.34,Bueno,interpolacion_delaunay,0,2739,201,423,283
2026-10-04T08:49:00.820387+00:00,1902600012614,13.81,Bueno,14.94,Bueno,interpolacion_delaunay,0,3024,272,68,36
2026-10-04T08:49:00.820387+00:00,1902600010177,23.36,Aceptable,27.88,Bueno,interpolacion_delaunay,0,1769,60,559,90
2026-10-04T08:49:00.820387+00:00,1902600010444,22.63,Aceptable,26.72,Bueno,interpolacion_delaunay,0,2474,121,665,111
2026-10-04T08:49:00.820387+00:00,1902600011531,23.29,Aceptable,26.54,Bueno,interpolacion_delaunay,0,3594,235,816,160
2026-10-04T08:49:00.820387+00:00,1902600010232,15.61,Aceptable,17.49,Bueno,interpolacion_delaunay,0,2521,162,744,110
2026-10-04T08:49:00.820387+00:00,1902600010196,22.27,Aceptable,26.42,Bueno,interpolacion_delaunay,0,1557,66,485,73
2026-10-04T08:49:00.820387+00:00,1902600010213,16.64,Aceptable,18.9,Bueno,interpolacion_delaunay,0,2063,114,530,142
2026-10-04T08:49:00.820387+00:00,190260001011A,13.32,Bueno,14.55,Bueno,interpolacion_delaunay,0,3115,155,816,154
2026-10-04T08:49:00.820387+00:00,1902600010162,24.54,Aceptable,29.45,Bueno,interpolacion_delaunay,0,1624,64,473,65
2026-10-04T08:49:00.820387+00:00,1902600010181,26.04,Aceptable,31.34,Bueno,interpolacion_delaunay,0,1561,63,499,94
2026-10-04T08:49:00.820387+00:00,1902600010228,18.35,Aceptable,21.13,Bueno,interpolacion_delaunay,0,1619,140,316,120
2026-10-04T08:49:00.820387+00:00,1902600010603,20.44,Aceptable,22.99,Bueno,interpolacion_delaunay,0,1632,93,346,132
2026-10-04T08:49:00.820387+00:00,1902600010745,24.6,Aceptable,26.01,Bueno,interpolacion_delaunay,0,1565,113,330,126
2026-10-04T08:49:00.820387+00:00,1902600010798,21.0,Aceptable,22.92,Bueno,interpolacion_delaunay,0,3364,210,732,231
2026-10-04T08:49:00.820387+00:00,1902600010815,21.96,Aceptable,24.06,Bueno,interpolacion_delaunay,0,4739,363,1000,268
2026-10-04T08:49:00.820387+00:00,1902600011438,21.8,Aceptable,25.36,Bueno,interpolacion_delaunay,0,1771,89,459,85
2026-10-04T08:49:00.820387+00:00,1902600011476,18.75,Aceptable,20.21,Bueno,interpolacion_delaunay,0,3270,215,839,209
2026-10-04T08:49:00.820387+00:00,1902600011777,21.66,Aceptable,23.74,Bueno,interpolacion_delaunay,0,3599,312,366,80
2026-10-04T08:49:00.820387+00:00,1902600012031,22.55,Aceptable,24.15,Bueno,interpolacion_delaunay,0,4385,273,421,152
2026-10-04T08:49:00.820387+00:00,1902600012173,16.71,Aceptable,18.23,Bueno,interpolacion_delaunay,0,108,5,10,3
2026-10-04T08:49:00.820387+00:00,1902600012474,11.28,Bueno,11.93,Bueno,interpolacion_delaunay,0,3828,248,138,120
2026-10-04T08:49:00.820387+00:00,190260001253A,18.43,Aceptable,20.11,Bueno,interpolacion_delaunay,0,1418,134,74,37
2026-10-04T08:49:00.820387+00:00,1902600012648,21.52,Aceptable,22.77,Bueno,interpolacion_delaunay,0,1998,125,415,138
2026-10-04T08:49:00.820387+00:00,1902600012794,13.8,Bueno,14.8,Bueno,interpolacion_delaunay,0,776,83,32,8
2026-10-04T08:49:00.820387+00:00,1902600012775,13.65,Bueno,14.57,Bueno,interpolacion_delaunay,0,1381,194,42,36
2026-10-04T08:49:00.820387+00:00,1902600012898,12.21,Bueno,13.22,Bueno,interpolacion_delaunay,0,21,3,0,0
2026-10-04T08:49:00.820387+00:00,1902600010849,18.84,Aceptable,20.66,Bueno,interpolacion_delaunay,0,1926,132,278,87
2026-10-04T08:49:00.820387+00:00,1902600012262,12.15,Bueno,12.91,Bueno,interpolacion_delaunay,0,2668,227,217,83
2026-10-04T08:49:00.820387+00:00,1902600010266,12.07,Bueno,12.76,Bueno,interpolacion_delaunay,0,427,58,19,0
2026-10-04T08:49:00.820387+00:00,1902600010779,18.75,Aceptable,20.88,Bueno,interpolacion_delaunay,0,677,45,131,66
2026-10-04T08:49:00.820387+00:00,1902600010872,12.36,Bueno,13.13,Bueno,interpolacion_delaunay,0,3088,114,989,72
2026-10-04T08:49:00.820387+00:00,1902600011902,13.79,Bueno,15.1,Bueno,interpolacion_delaunay,0,2434,191,435,71
2026-10-04T08:49:00.820387+00:00,1902600011993,21.92,Aceptable,24.47,Bueno,interpolacion_delaunay,0,3528,203,521,147
2026-10-04T08:49:00.820387+00:00,1902600012012,18.56,Aceptable,20.72,Bueno,interpolacion_delaunay,0,2227,119,600,34
2026-10-04T08:49:00.820387+00:00,1902600012084,16.41,Aceptable,18.28,Bueno,interpolacion_delaunay,0,1461,49,516,49
2026-10-04T08:49:00.820387+00:00,1902600012188,13.09,Bueno,14.41,Bueno,interpolacion_delaunay,0,460,18,82,4
2026-10-04T08:49:00.820387+00:00,1902600012277,13.76,Bueno,15.02,Bueno,interpolacion_delaunay,0,3597,281,616,228
2026-10-04T08:49:00.820387+00:00,190260001246A,10.98,Bueno,11.61,Bueno,interpolacion_delaunay,0,4546,358,308,145
2026-10-04T08:49:00.820387+00:00,1902600012559,22.41,Aceptable,24.45,Bueno,interpolacion_delaunay,0,4248,285,324,114
2026-10-04T08:49:00.820387+00:00,1902600012652,13.07,Bueno,13.86,Bueno,interpolacion_delaunay,0,3158,323,113,122
2026-10-04T08:49:00.820387+00:00,1902600012671,14.09,Bueno,14.87,Bueno,interpolacion_delaunay,0,1647,122,65,34
2026-10-04T08:49:00.820387+00:00,1902600012718,17.84,Aceptable,19.57,Bueno,interpolacion_delaunay,0,2829,290,123,131
2026-10-04T08:49:00.820387+00:00,1902600012741,22.02,Aceptable,24.39,Bueno,interpolacion_delaunay,0,1897,119,345,52
2026-10-04T08:49:00.820387+00:00,1902600012879,12.7,Bueno,13.4,Bueno,promedio_sensores,1,2144,300,65,16
2026-10-04T08:49:00.820387+00:00,1902600010285,24.22,Aceptable,29.16,Bueno,interpolacion_delaunay,0,2844,174,613,185
2026-10-04T08:49:00.820387+00:00,1902600012690,18.07,Aceptable,19.83,Bueno,interpolacion_delaunay,0,79,0,3,0
2026-10-04T08:49:00.820387+00:00,1902600012099,19.49,Aceptable,21.38,Bueno,interpolacion_delaunay,0,5241,599,554,189
2026-10-04T08:49:00.820387+00:00,1902600011936,12.12,Bueno,12.8,Bueno,interpolacion_delaunay,0,2951,267,407,119
2026-10-04T08:49:00.820387+00:00,1902600012169,12.75,Bueno,14.02,Bueno,interpolacion_delaunay,0,1023,50,158,14
2026-10-04T08:49:00.820387+00:00,190260001118A,17.54,Aceptable,19.64,Bueno,interpolacion_delaunay,0,3453,227,320,71
2026-10-04T08:49:00.820387+00:00,1902600012050,22.71,Aceptable,24.69,Bueno,interpolacion_delaunay,0,4134,320,745,263
2026-10-04T08:49:00.820387+00:00,1902600012101,19.46,Aceptable,21.34,Bueno,interpolacion_delaunay,0,3626,381,484,119
2026-10-04T08:49:00.820387+00:00,1902600012563,19.28,Aceptable,21.14,Bueno,interpolacion_delaunay,0,2676,291,133,25
2026-10-04T08:49:00.820387+00:00,190260001278A,11.28,Bueno,11.87,Bueno,interpolacion_delaunay,0,3558,402,98,36
2026-10-04T08:49:00.820387+00:00,1902600011921,11.87,Bueno,12.53,Bueno,interpolacion_delaunay,0,2594,223,377,76
2026-10-04T08:49:00.820387+00:00,1902600010092,15.15,Aceptable,17.03,Bueno,interpolacion_delaunay,0,4183,262,1039,106
2026-10-04T08:49:00.820387+00:00,1902600011300,11.71,Bueno,12.39,Bueno,interpolacion_delaunay,0,2915,163,792,188
2026-10-04T08:49:00.820387+00:00,1902600010143,11.64,Bueno,12.3,Bueno,interpolacion_delaunay,0,2245,273,113,55
2026-10-04T08:49:00.820387+00:00,1902600011870,14.58,Bueno,16.24,Bueno,interpolacion_delaunay,0,3271,173,768,82
2026-10-04T08:49:00.820387+00:00,1902600011315,18.78,Aceptable,21.79,Bueno,interpolacion_delaunay,0,3497,230,464,42
2026-10-04T08:49:00.820387+00:00,1902600011014,11.35,Bueno,12.0,Bueno,interpolacion_delaunay,0,2155,150,459,98
2026-10-04T08:49:00.820387+00:00,1902600011616,21.15,Aceptable,22.44,Bueno,interpolacion_delaunay,0,3883,311,769,201
2026-10-04T08:49:00.820387+00:00,1902600011620,20.28,Aceptable,21.59,Bueno,interpolacion_delaunay,0,4814,356,1024,301
2026-10-04T08:49:00.820387+00:00,1902600011480,18.54,Aceptable,19.68,Bueno,interpolacion_delaunay,0,4784,390,737,223
2026-10-04T08:49:00.820387+00:00,1902600010641,18.27,Aceptable,19.51,Bueno,interpolacion_delaunay,0,2917,240,627,202
2026-10-04T08:49:00.820387+00:00,1902600012633,22.18,Aceptable,23.37,Bueno,interpolacion_delaunay,0,2429,188,313,91
2026-10-04T08:49:00.820387+00:00,190260001164A,18.7,Aceptable,20.05,Bueno,interpolacion_delaunay,0,2101,168,367,57
2026-10-04T08:49:00.820387+00:00,1902600011635,20.01,Aceptable,21.4,Bueno,interpolacion_delaunay,0,4695,347,639,204
2026-10-04T08:49:00.820387+00:00,1902600010961,10.92,Bueno,11.55,Bueno,interpolacion_delaunay,0,1353,81,150,34
2026-10-04T08:49:00.820387+00:00,1902600011226,21.16,Aceptable,23.19,Bueno,interpolacion_delaunay,0,4831,444,615,226
2026-10-04T08:49:00.820387+00:00,1902600012807,21.17,Aceptable,23.22,Bueno,interpolacion_delaunay,0,51,0,0,0
2026-10-04T08:49:00.820387+00:00,1902600012737,21.28,Aceptable,23.34,Bueno,interpolacion_delaunay,0,153,17,4,4
2026-10-04T08:49:00.820387+00:00,1902600012046,22.35,Aceptable,24.38,Bueno,interpolacion_delaunay,0,5116,376,649,199
2026-10-04T08:49:00.820387+00:00,1902600012756,21.8,Aceptable,23.9,Bueno,promedio_sensores,1,2572,282,124,24
2026-10-04T08:49:00.820387+00:00,1902600010783,20.76,Aceptable,22.93,Bueno,interpolacion_delaunay,0,1477,145,264,42
2026-10-04T08:49:00.820387+00:00,1902600011230,21.29,Aceptable,23.34,Bueno,interpolacion_delaunay,0,3324,362,242,132
2026-10-04T08:49:00.820387+00:00,1902600011758,10.0,Bueno,10.8,Bueno,promedio_sensores,1,2105,92,408,43
2026-10-04T08:49:00.820387+00:00,1902600011141,17.65,Aceptable,19.46,Bueno,interpolacion_delaunay,0,9036,1161,432,363
2026-10-04T08:49:00.820387+00:00,1902600011743,20.27,Aceptable,22.21,Bueno,interpolacion_delaunay,0,7461,709,958,323
2026-10-04T08:49:00.820387+00:00,1902600012629,18.0,Aceptable,19.74,Bueno,interpolacion_delaunay,0,1943,149,74,66
2026-10-04T08:49:00.820387+00:00,1902600011762,21.37,Aceptable,23.41,Bueno,interpolacion_delaunay,0,2427,183,512,77
2026-10-04T08:49:00.820387+00:00,1902600011194,20.21,Aceptable,22.45,Bueno,interpolacion_delaunay,0,4669,300,960,201
2026-10-04T08:49:00.820387+00:00,1902600011052,11.44,Bueno,12.05,Bueno,interpolacion_delaunay,0,7318,799,917,451
2026-10-04T08:49:00.820387+00:00,1902600012722,11.8,Bueno,12.52,Bueno,interpolacion_delaunay,0,1673,182,35,23
2026-10-04T08:49:00.820387+00:00,1902600010209,11.39,Bueno,12.1,Bueno,interpolacion_delaunay,0,0,0,0,0
2026-10-04T08:49:00.820387+00:00,1902600012883,11.7,Bueno,12.5,Bueno,interpolacion_delaunay,0,2693,391,65,39
2026-10-04T08:49:00.820387+00:00,1902600011512,25.18,Aceptable,28.62,Bueno,interpolacion_delaunay,0,1411,83,448,118
2026-10-04T08:49:00.820387+00:00,1902600011527,26.0,Aceptable,29.6,Bueno,interpolacion_delaunay,0,2114,99,718,127
2026-10-04T08:49:00.820387+00:00,1902600010853,22.99,Aceptable,25.94,Bueno,interpolacion_delaunay,0,4562,382,755,151
2026-10-04T08:49:00.820387+00:00,1902600011160,25.5,Aceptable,28.7,Bueno,promedio_sensores,1,3568,186,796,79
2026-10-04T08:49:00.820387+00:00,1902600011423,23.69,Aceptable,27.63,Bueno,interpolacion_delaunay,0,2358,121,643,149
2026-10-04T08:49:00.820387+00:00,1902600011118,23.85,Aceptable,27.52,Bueno,interpolacion_delaunay,0,0,0,0,0
2026-10-04T08:49:00.820387+00:00,1902600010552,25.82,Aceptable,30.18,Bueno,interpolacion_delaunay,0,1358,197,299,91
2026-10-04T08:49:00.820387+00:00,1902600010567,23.7,Aceptable,27.22,Bueno,interpolacion_delaunay,0,3469,239,807,212
2026-10-04T08:49:00.820387+00:00,1902600010478,22.77,Aceptable,26.59,Bueno,interpolacion_delaunay,0,3451,258,686,179
2026-10-04T08:49:00.820387+00:00,1902600012493,22.45,Aceptable,25.77,Bueno,interpolacion_delaunay,0,3047,231,451,139
2026-10-04T08:49:00.820387+00:00,1902600012506,23.08,Aceptable,26.59,Bueno,interpolacion_delaunay,0,1875,122,448,96
2026-10-04T08:49:00.820387+00:00,1902600011387,19.61,Aceptable,22.39,Bueno,interpolacion_delaunay,0,4018,279,697,181
2026-10-04T08:49:00.820387+00:00,1902600010482,21.38,Aceptable,24.76,Bueno,interpolacion_delaunay,0,4004,197,1191,226
2026-10-04T08:49:00.820387+00:00,1902600010586,21.5,Aceptable,24.5,Bueno,interpolacion_delaunay,0,4983,369,1196,317
2026-10-04T08:49:00.820387+00:00,1902600010590,20.92,Aceptable,23.73,Bueno,interpolacion_delaunay,0,3794,290,817,254
2026-10-04T08:49:00.820387+00:00,1902600011940,17.25,Aceptable,19.38,Bueno,interpolacion_delaunay,0,3450,256,773,184
2026-10-04T08:49:00.820387+00:00,1902600012224,19.6,Aceptable,22.22,Bueno,interpolacion_delaunay,0,1986,122,533,118
2026-10-04T08:49:00.820387+00:00,1902600012239,18.38,Aceptable,20.58,Bueno,interpolacion_delaunay,0,2664,206,487,219
2026-10-04T08:49:00.820387+00:00,1902600010548,16.63,Aceptable,19.26,Bueno,interpolacion_delaunay,0,4149,203,1177,258
2026-10-04T08:49:00.820387+00:00,1902600012489,11.49,Bueno,12.14,Bueno,interpolacion_delaunay,0,2798,203,290,77
2026-10-04T08:49:00.820387+00:00,1902600011353,21.21,Aceptable,24.89,Bueno,interpolacion_delaunay,0,1952,125,417,157
2026-10-04T08:49:00.820387+00:00,1902600012760,12.37,Bueno,13.06,Bueno,interpolacion_delaunay,0,3619,397,120,87
2026-10-04T08:49:00.820387+00:00,1902600011264,11.66,Bueno,12.29,Bueno,interpolacion_delaunay,0,1708,151,158,100
2026-10-04T08:49:00.820387+00:00,190260001285A,12.32,Bueno,13.0,Bueno,interpolacion_delaunay,0,1850,298,50,26
2026-10-04T08:49:00.820387+00:00,1902600010270,13.06,Bueno,14.16,Bueno,interpolacion_delaunay,0,0,0,0,0
2026-10-04T08:49:00.820387+00:00,1902600010406,16.58,Aceptable,18.66,Bueno,interpolacion_delaunay,0,2889,225,550,115
2026-10-04T08:49:00.820387+00:00,1902600011067,14.08,Bueno,15.33,Bueno,interpolacion_delaunay,0,4252,360,451,270
2026-10-04T08:49:00.820387+00:00,1902600011086,14.59,Bueno,15.84,Bueno,interpolacion_delaunay,0,3224,245,126,84
2026-10-04T08:49:00.820387+00:00,1902600012313,15.79,Aceptable,17.61,Bueno,interpolacion_delaunay,0,2567,202,407,174
2026-10-04T08:49:00.820387+00:00,1902600012309,15.82,Aceptable,17.48,Bueno,interpolacion_delaunay,0,2125,241,150,88
2026-10-04T08:49:00.820387+00:00,1902600011809,13.48,Bueno,14.5,Bueno,interpolacion_delaunay,0,2127,251,117,120
2026-10-04T08:49:00.820387+00:00,1902600012864,13.92,Bueno,14.82,Bueno,interpolacion_delaunay,0,1168,168,40,16
2026-10-04T08:49:00.820387+00:00,190260001125A,13.31,Bueno,13.72,Bueno,interpolacion_delaunay,0,541,13,170,22
2026-10-04T08:49:00.820387+00:00,1902600011071,14.37,Bueno,15.79,Bueno,interpolacion_delaunay,0,3143,264,264,89
2026-10-04T08:49:00.820387+00:00,190260001196A,14.25,Bueno,15.74,Bueno,interpolacion_delaunay,0,3349,324,262,100
2026-10-04T08:49:00.820387+00:00,1902600011955,15.65,Aceptable,17.29,Bueno,interpolacion_delaunay,0,3582,349,216,97
2026-10-04T08:49:00.820387+00:00,190260001050A,16.69,Aceptable,18.35,Bueno,interpolacion_delaunay,0,2022,217,309,73
2026-10-04T08:49:00.820387+00:00,1903900012400,27.4,Aceptable,32.6,Bueno,promedio_sensores,1,4517,429,723,304
2026-10-04T08:49:00.820387+00:00,1903900014657,25.62,Aceptable,28.27,Bueno,interpolacion_delaunay,0,2491,234,438,138
2026-10-04T08:49:00.820387+00:00,1903900013682,26.85,Aceptable,31.67,Bueno,interpolacion_delaunay,0,4499,398,653,181
2026-10-04T08:49:00.820387+00:00,1903900010832,20.68,Aceptable,24.52,Bueno,interpolacion_delaunay,0,543,31,158,26
2026-10-04T08:49:00.820387+00:00,1903900011120,23.9,Aceptable,28.67,Bueno,interpolacion_delaunay,0,2607,94,831,149
2026-10-04T08:49:00.820387+00:00,1903900012129,26.75,Aceptable,33.03,Bueno,interpolacion_delaunay,0,4074,318,790,255
2026-10-04T08:49:00.820387+00:00,190390001363A,24.75,Aceptable,27.19,Bueno,interpolacion_delaunay,0,3850,324,618,201
2026-10-04T08:49:00.820387+00:00,1903900014163,22.46,Aceptable,26.16,Bueno,interpolacion_delaunay,0,3563,376,476,178
2026-10-04T08:49:00.820387+00:00,1903900014642,26.63,Aceptable,29.53,Bueno,interpolacion_delaunay,0,2137,227,313,125
2026-10-04T08:49:00.820387+00:00,1903900013589,17.88,Aceptable,20.01,Bueno,interpolacion_delaunay,0,1971,102,595,95
2026-10-04T08:49:00.820387+00:00,1903900011370,26.75,Aceptable,32.39,Bueno,interpolacion_delaunay,0,1287,71,218,39
2026-10-04T08:49:00.820387+00:00,1903900012114,17.68,Aceptable,20.11,Bueno,interpolacion_delaunay,0,2387,84,816,136
2026-10-04T08:49:00.820387+00:00,1903900012203,16.2,Aceptable,18.1,Bueno,promedio_sensores,1,2974,126,1034,191
2026-10-04T08:49:00.820387+00:00,1903900013574,15.12,Aceptable,17.2,Bueno,interpolacion_delaunay,0,832,37,276,93
2026-10-04T08:49:00.820387+00:00,1903900012792,17.74,Aceptable,20.23,Bueno,interpolacion_delaunay,0,1,0,0,0
2026-10-04T08:49:00.820387+00:00,190390001445A,21.06,Aceptable,23.94,Bueno,interpolacion_delaunay,0,5563,304,1118,197
2026-10-04T08:49:00.820387+00:00,1903900014638,26.71,Aceptable,29.59,Bueno,interpolacion_delaunay,0,3811,381,571,142
2026-10-04T08:49:00.820387+00:00,1903900012063,18.17,Aceptable,19.35,Bueno,interpolacion_delaunay,0,2407,98,743,119
2026-10-04T08:49:00.820387+00:00,1903900011690,13.58,Bueno,14.6,Bueno,interpolacion_delaunay,0,228,12,56,11
2026-10-04T08:49:00.820387+00:00,1903900011760,13.74,Bueno,14.75,Bueno,interpolacion_delaunay,0,1986,129,443,117
2026-10-04T08:49:00.820387+00:00,1903900011934,14.87,Bueno,16.3,Bueno,promedio_sensores,3,2171,83,550,105
2026-10-04T08:49:00.820387+00:00,190390001192A,14.61,Bueno,15.68,Bueno,interpolacion_delaunay,0,2553,117,796,121
2026-10-04T08:49:00.820387+00:00,1903900012044,19.9,Aceptable,21.2,Bueno,interpolacion_delaunay,0,1920,122,427,109
2026-10-04T08:49:00.820387+00:00,1903900012078,21.19,Aceptable,23.59,Bueno,interpolacion_delaunay,0,2179,136,538,60
2026-10-04T08:49:00.820387+00:00,1903900011525,11.93,Bueno,13.75,Bueno,interpolacion_delaunay,0,590,39,143,33
2026-10-04T08:49:00.820387+00:00,1903900011991,19.5,Aceptable,20.7,Bueno,promedio_sensores,1,3236,192,703,201
2026-10-04T08:49:00.820387+00:00,1903900012006,15.75,Aceptable,16.87,Bueno,interpolacion_delaunay,0,1972,70,504,136
2026-10-04T08:49:00.820387+00:00,1903900010673,25.91,Aceptable,30.09,Bueno,interpolacion_delaunay,0,2155,174,396,142
2026-10-04T08:49:00.820387+00:00,1903900010298,26.2,Aceptable,30.78,Bueno,interpolacion_delaunay,0,3499,233,739,152
2026-10-04T08:49:00.820387+00:00,1903900010404,25.2,Aceptable,29.4,Bueno,interpolacion_delaunay,0,2835,189,560,150
2026-10-04T08:49:00.820387+00:00,1903900011012,16.47,Aceptable,19.23,Bueno,interpolacion_delaunay,0,1216,101,235,35
2026-10-04T08:49:00.820387+00:00,1903900011065,22.0,Aceptable,26.37,Bueno,interpolacion_delaunay,0,1981,192,428,144
2026-10-04T08:49:00.820387+00:00,1903900010175,25.01,Aceptable,29.18,Bueno,interpolacion_delaunay,0,1294,70,318,45
2026-10-04T08:49:00.820387+00:00,190390001018A,26.15,Aceptable,30.77,Bueno,interpolacion_delaunay,0,3618,299,750,219
2026-10-04T08:49:00.820387+00:00,1903900010194,25.95,Aceptable,30.47,Bueno,interpolacion_delaunay,0,2850,223,604,173
2026-10-04T08:49:00.820387+00:00,1903900010226,27.55,Aceptable,32.67,Bueno,interpolacion_delaunay,0,4934,461,799,274
2026-10-04T08:49:00.820387+00:00,1903900014229,22.91,Aceptable,26.3,Bueno,interpolacion_delaunay,0,2852,249,505,184
2026-10-04T08:49:00.820387+00:00,1903900010353,10.75,Bueno,12.82,Bueno,interpolacion_delaunay,0,3313,167,981,325
2026-10-04T08:49:00.820387+00:00,1903900010936,20.96,Aceptable,23.12,Bueno,interpolacion_delaunay,0,2121,128,459,101
2026-10-04T08:49:00.820387+00:00,1903900011173,14.4,Bueno,14.9,Bueno,promedio_sensores,1,2108,71,659,126
2026-10-04T08:49:00.820387+00:00,1903900011188,19.67,Aceptable,21.51,Bueno,interpolacion_delaunay,0,3322,231,794,185
2026-10-04T08:49:00.820387+00:00,1903900011224,18.44,Aceptable,20.87,Bueno,interpolacion_delaunay,0,3487,327,636,198
2026-10-04T08:49:00.820387+00:00,1903900011328,21.44,Aceptable,25.34,Bueno,interpolacion_delaunay,0,1300,73,364,78
2026-10-04T08:49:00.820387+00:00,1903900011332,24.76,Aceptable,29.98,Bueno,interpolacion_delaunay,0,2976,208,686,165
2026-10-04T08:49:00.820387+00:00,1903900011493,5.4,Bueno,6.2,Bueno,promedio_sensores,1,498,32,117,21
2026-10-04T08:49:00.820387+00:00,1903900011506,9.06,Bueno,10.44,Bueno,interpolacion_delaunay,0,218,10,60,5
2026-10-04T08:49:00.820387+00:00,1903900011510,9.59,Bueno,11.2,Bueno,interpolacion_delaunay,0,370,18,99,43
2026-10-04T08:49:00.820387+00:00,1903900011563,14.88,Bueno,17.06,Bueno,interpolacion_delaunay,0,1016,57,324,41
2026-10-04T08:49:00.820387+00:00,1903900011652,5.65,Bueno,6.56,Bueno,interpolacion_delaunay,0,1408,46,412,99
2026-10-04T08:49:00.820387+00:00,1903900011667,17.73,Aceptable,19.47,Bueno,interpolacion_delaunay,0,811,38,222,38
2026-10-04T08:49:00.820387+00:00,1903900011671,18.56,Aceptable,20.33,Bueno,interpolacion_delaunay,0,2135,120,546,122
2026-10-04T08:49:00.820387+00:00,1903900011775,15.95,Aceptable,17.34,Bueno,interpolacion_delaunay,0,3247,195,753,173
2026-10-04T08:49:00.820387+00:00,190390001178A,17.12,Aceptable,18.88,Bueno,interpolacion_delaunay,0,2085,91,638,124
2026-10-04T08:49:00.820387+00:00,1903900011811,22.63,Aceptable,25.44,Bueno,interpolacion_delaunay,0,3726,195,960,140
2026-10-04T08:49:00.820387+00:00,190390001210A,16.4,Aceptable,19.1,Bueno,promedio_sensores,1,2790,113,700,150
2026-10-04T08:49:00.820387+00:00,1903900012186,20.4,Aceptable,23.36,Bueno,interpolacion_delaunay,0,4169,44,257,49
2026-10-04T08:49:00.820387+00:00,1903900011559,12.1,Bueno,13.0,Bueno,promedio_sensores,1,854,32,232,42
2026-10-04T08:49:00.820387+00:00,1903900013428,26.3,Aceptable,30.95,Bueno,interpolacion_delaunay,0,3351,320,515,172
2026-10-04T08:49:00.820387+00:00,1903900014214,25.1,Aceptable,29.15,Bueno,interpolacion_delaunay,0,4120,374,689,171
2026-10-04T08:49:00.820387+00:00,1903900014712,23.06,Aceptable,26.67,Bueno,interpolacion_delaunay,0,3085,299,499,125
2026-10-04T08:49:00.820387+00:00,1903900014727,23.57,Aceptable,27.27,Bueno,interpolacion_delaunay,0,2574,237,418,75
2026-10-04T08:49:00.820387+00:00,1903900011544,9.79,Bueno,10.8,Bueno,interpolacion_delaunay,0,484,17,104,17
2026-10-04T08:49:00.820387+00:00,1903900011347,30.2,Aceptable,37.0,Bueno,promedio_sensores,1,3767,228,949,230
2026-10-04T08:49:00.820387+00:00,1903900011101,27.3,Aceptable,33.23,Bueno,interpolacion_delaunay,0,2340,171,499,101
2026-10-04T08:49:00.820387+00:00,1903900010692,16.81,Aceptable,18.76,Bueno,interpolacion_delaunay,0,1264,56,294,43
2026-10-04T08:49:00.820387+00:00,190390001071A,4.0,Bueno,4.8,Bueno,promedio_sensores,1,2092,89,717,121
2026-10-04T08:49:00.820387+00:00,190390001153A,7.49,Bueno,8.34,Bueno,interpolacion_delaunay,0,283,20,33,8
2026-10-04T08:49:00.820387+00:00,1903900012222,26.83,Aceptable,31.32,Bueno,interpolacion_delaunay,0,2481,214,440,130
2026-10-04T08:49:00.820387+00:00,1903900010048,26.69,Aceptable,31.57,Bueno,interpolacion_delaunay,0,2757,231,541,184
2026-10-04T08:49:00.820387+00:00,1903900010160,24.31,Aceptable,28.21,Bueno,interpolacion_delaunay,0,1233,55,334,97
2026-10-04T08:49:00.820387+00:00,1903900011915,15.4,Aceptable,16.48,Bueno,interpolacion_delaunay,0,1171,52,296,69
2026-10-04T08:49:00.820387+00:00,1903900012824,10.32,Bueno,11.63,Bueno,interpolacion_delaunay,0,0,0,0,0
2026-10-04T08:49:00.820387+00:00,1903900010103,24.34,Aceptable,28.27,Bueno,interpolacion_delaunay,0,2537,115,733,107
2026-10-04T08:49:00.820387+00:00,1903900010122,26.54,Aceptable,31.31,Bueno,interpolacion_delaunay,0,3875,316,762,228
2026-10-04T08:49:00.820387+00:00,1903900010207,27.2,Aceptable,32.2,Bueno,interpolacion_delaunay,0,2935,264,476,100
2026-10-04T08:49:00.820387+00:00,190390001089A,19.84,Aceptable,22.21,Bueno,interpolacion_delaunay,0,2450,84,735,103
2026-10-04T08:49:00.820387+00:00,1903900010813,24.14,Aceptable,28.9,Bueno,interpolacion_delaunay,0,1266,76,281,65
2026-10-04T08:49:00.820387+00:00,190390001096A,21.31,Aceptable,24.28,Bueno,interpolacion_delaunay,0,735,52,175,36
2026-10-04T08:49:00.820387+00:00,190390001107A,22.86,Aceptable,27.5,Bueno,interpolacion_delaunay,0,2056,191,358,98
2026-10-04T08:49:00.820387+00:00,1903900011099,26.4,Aceptable,32.05,Bueno,interpolacion_delaunay,0,1728,108,401,82
2026-10-04T08:49:00.820387+00:00,1903900011281,12.47,Bueno,14.47,Bueno,interpolacion_delaunay,0,162,9,42,10
2026-10-04T08:49:00.820387+00:00,190390001146A,15.99,Aceptable,17.08,Bueno,interpolacion_delaunay,0,1878,94,425,114
2026-10-04T08:49:00.820387+00:00,1903900011474,18.16,Aceptable,20.02,Bueno,interpolacion_delaunay,0,1482,65,348,91
2026-10-04T08:49:00.820387+00:00,1903900011648,8.72,Bueno,9.54,Bueno,interpolacion_delaunay,0,1275,46,383,92
2026-10-04T08:49:00.820387+00:00,1903900011953,22.36,Aceptable,24.28,Bueno,interpolacion_delaunay,0,4331,383,782,275
2026-10-04T08:49:00.820387+00:00,1903900011968,21.01,Aceptable,22.6,Bueno,interpolacion_delaunay,0,2452,198,521,139
2026-10-04T08:49:00.820387+00:00,1903900011972,19.14,Aceptable,20.46,Bueno,interpolacion_delaunay,0,2152,173,501,93
2026-10-04T08:49:00.820387+00:00,1903900011987,18.36,Aceptable,19.55,Bueno,interpolacion_delaunay,0,2330,153,564,186
2026-10-04T08:49:00.820387+00:00,1903900012010,16.47,Aceptable,17.83,Bueno,promedio_sensores,3,377,6,32,6
2026-10-04T08:49:00.820387+00:00,1903900012025,17.99,Aceptable,20.68,Bueno,interpolacion_delaunay,0,4868,169,1336,220
2026-10-04T08:49:00.820387+00:00,1903900012608,22.17,Aceptable,26.16,Bueno,interpolacion_delaunay,0,3563,325,452,140
2026-10-04T08:49:00.820387+00:00,1903900012260,28.51,Aceptable,33.31,Bueno,interpolacion_delaunay,0,2549,128,738,140
2026-10-04T08:49:00.820387+00:00,1903900012523,26.55,Aceptable,31.39,Bueno,interpolacion_delaunay,0,5883,502,863,210
2026-10-04T08:49:00.820387+00:00,1903900012576,26.04,Aceptable,31.01,Bueno,interpolacion_delaunay,0,3643,363,363,152
2026-10-04T08:49:00.820387+00:00,1903900012612,25.41,Aceptable,29.78,Bueno,interpolacion_delaunay,0,3707,369,423,217
2026-10-04T08:49:00.820387+00:00,1903900013339,27.47,Aceptable,32.65,Bueno,interpolacion_delaunay,0,3291,330,562,149
2026-10-04T08:49:00.820387+00:00,1903900013432,27.39,Aceptable,32.46,Bueno,interpolacion_delaunay,0,3283,331,497,186
2026-10-04T08:49:00.820387+00:00,1903900013381,25.96,Aceptable,30.53,Bueno,interpolacion_delaunay,0,3469,305,681,259
2026-10-04T08:49:00.820387+00:00,1903900013324,27.23,Aceptable,32.34,Bueno,interpolacion_delaunay,0,2714,268,458,83
2026-10-04T08:49:00.820387+00:00,1903900014587,16.87,Aceptable,19.76,Bueno,interpolacion_delaunay,0,1315,68,368,60
2026-10-04T08:49:00.820387+00:00,1903900014604,13.7,Bueno,16.26,Bueno,interpolacion_delaunay,0,2075,111,610,109
2026-10-04T08:49:00.820387+00:00,1903900014661,19.13,Aceptable,21.55,Bueno,interpolacion_delaunay,0,2902,69,608,127
2026-10-04T08:49:00.820387+00:00,1903900014680,19.72,Aceptable,21.63,Bueno,interpolacion_delaunay,0,2293,96,745,94
2026-10-04T08:49:00.820387+00:00,1903900011239,19.57,Aceptable,22.35,Bueno,interpolacion_delaunay,0,3332,293,662,233
2026-10-04T08:49:00.820387+00:00,1903900011489,19.4,Aceptable,21.3,Bueno,promedio_sensores,1,1608,86,419,74
2026-10-04T08:49:00.820387+00:00,1903900010279,24.48,Aceptable,28.43,Bueno,interpolacion_delaunay,0,2220,107,580,282
2026-10-04T08:49:00.820387+00:00,1903900010531,26.71,Aceptable,31.43,Bueno,interpolacion_delaunay,0,5417,419,1156,491
2026-10-04T08:49:00.820387+00:00,1903900010635,21.89,Aceptable,24.55,Bueno,interpolacion_delaunay,0,2264,78,723,158
2026-10-04T08:49:00.820387+00:00,1903900011686,15.45,Aceptable,16.72,Bueno,interpolacion_delaunay,0,153,7,36,5
2026-10-04T08:49:00.820387+00:00,1903900011807,20.84,Aceptable,23.42,Bueno,interpolacion_delaunay,0,2430,99,765,107
2026-10-04T08:49:00.820387+00:00,1903900011830,30.9,Aceptable,37.2,Bueno,promedio_sensores,1,898,35,265,16
2026-10-04T08:49:00.820387+00:00,1903900012097,15.6,Aceptable,17.5,Bueno,promedio_sensores,1,4087,88,440,163
2026-10-04T08:49:00.820387+00:00,1903900012256,31.06,Aceptable,36.57,Bueno,interpolacion_delaunay,0,4590,303,1006,320
2026-10-04T08:49:00.820387+00:00,1903900012307,21.0,Aceptable,23.23,Bueno,promedio_sensores,3,2986,141,683,94
2026-10-04T08:49:00.820387+00:00,1903900012453,13.43,Bueno,14.42,Bueno,interpolacion_delaunay,0,2219,109,403,76
2026-10-04T08:49:00.820387+00:00,1903900012716,24.7,Aceptable,28.9,Bueno,interpolacion_delaunay,0,78,3,14,8
2026-10-04T08:49:00.820387+00:00,1903900012735,24.73,Aceptable,28.7,Bueno,interpolacion_delaunay,0,0,0,0,0
2026-10-04T08:49:00.820387+00:00,1903900012769,30.99,Aceptable,37.64,Bueno,interpolacion_delaunay,0,279,15,54,0
2026-10-04T08:49:00.820387+00:00,1903900012773,18.59,Aceptable,20.23,Bueno,interpolacion_delaunay,0,0,0,0,0
2026-10-04T08:49:00.820387+00:00,1903900014040,28.45,Aceptable,33.96,Bueno,interpolacion_delaunay,0,3042,337,450,116
2026-10-04T08:49:00.820387+00:00,1903900014178,24.38,Aceptable,28.51,Bueno,interpolacion_delaunay,0,4610,493,538,196
2026-10-04T08:49:00.820387+00:00,1903900010156,23.9,Aceptable,27.65,Bueno,interpolacion_delaunay,0,2930,146,830,151
2026-10-04T08:49:00.820387+00:00,1903900010264,22.03,Aceptable,25.03,Bueno,interpolacion_delaunay,0,4282,326,814,272
2026-10-04T08:49:00.820387+00:00,1903900010283,24.69,Aceptable,28.72,Bueno,interpolacion_delaunay,0,2911,218,619,83
2026-10-04T08:49:00.820387+00:00,1903900010315,28.86,Aceptable,34.46,Bueno,interpolacion_delaunay,0,3515,316,654,216
2026-10-04T08:49:00.820387+00:00,190390001032A,30.1,Aceptable,36.19,Bueno,interpolacion_delaunay,0,4173,426,573,279
2026-10-04T08:49:00.820387+00:00,1903900010349,31.11,Aceptable,37.55,Bueno,interpolacion_delaunay,0,2637,166,677,132
2026-10-04T08:49:00.820387+00:00,1903900010391,24.31,Aceptable,28.17,Bueno,interpolacion_delaunay,0,3850,295,727,205
2026-10-04T08:49:00.820387+00:00,1903900010438,28.72,Aceptable,34.23,Bueno,interpolacion_delaunay,0,3338,313,521,73
2026-10-04T08:49:00.820387+00:00,1903900010442,29.87,Aceptable,35.77,Bueno,interpolacion_delaunay,0,2676,239,533,136
2026-10-04T08:49:00.820387+00:00,1903900010457,17.61,Aceptable,19.43,Bueno,interpolacion_delaunay,0,3408,175,1149,225
2026-10-04T08:49:00.820387+00:00,1903900010480,22.05,Aceptable,25.01,Bueno,interpolacion_delaunay,0,1388,64,440,114
2026-10-04T08:49:00.820387+00:00,1903900010512,23.63,Aceptable,27.12,Bueno,interpolacion_delaunay,0,2980,202,741,168
2026-10-04T08:49:00.820387+00:00,1903900010546,24.94,Aceptable,28.89,Bueno,interpolacion_delaunay,0,2660,141,683,117
2026-10-04T08:49:00.820387+00:00,1903900010550,26.52,Aceptable,31.09,Bueno,interpolacion_delaunay,0,2279,182,478,160
2026-10-04T08:49:00.820387+00:00,1903900010565,28.27,Aceptable,33.52,Bueno,interpolacion_delaunay,0,2608,254,432,94
2026-10-04T08:49:00.820387+00:00,190390001057A,27.34,Aceptable,32.14,Bueno,interpolacion_delaunay,0,1514,131,335,33
2026-10-04T08:49:00.820387+00:00,1903900010599,11.31,Bueno,13.55,Bueno,interpolacion_delaunay,0,2808,125,1047,137
2026-10-04T08:49:00.820387+00:00,1903900010601,17.81,Aceptable,19.58,Bueno,interpolacion_delaunay,0,5314,412,1126,426
2026-10-04T08:49:00.820387+00:00,1903900010620,20.4,Aceptable,22.46,Bueno,interpolacion_delaunay,0,2515,85,744,131
2026-10-04T08:49:00.820387+00:00,190390001064A,23.12,Aceptable,26.25,Bueno,interpolacion_delaunay,0,2719,125,702,154
2026-10-04T08:49:00.820387+00:00,1903900010654,25.25,Aceptable,29.24,Bueno,interpolacion_delaunay,0,2609,119,783,144
2026-10-04T08:49:00.820387+00:00,1903900010705,5.77,Bueno,6.52,Bueno,interpolacion_delaunay,0,1996,93,661,76
2026-10-04T08:49:00.820387+00:00,1903900010739,20.75,Aceptable,22.88,Bueno,interpolacion_delaunay,0,1701,60,561,127
2026-10-04T08:49:00.820387+00:00,1903900010743,21.94,Aceptable,24.5,Bueno,interpolacion_delaunay,0,1991,112,552,108
2026-10-04T08:49:00.820387+00:00,1903900010758,22.83,Aceptable,25.73,Bueno,interpolacion_delaunay,0,1207,67,324,54
2026-10-04T08:49:00.820387+00:00,1903900010796,24.79,Aceptable,29.43,Bueno,interpolacion_delaunay,0,0,0,0,0
2026-10-04T08:49:00.820387+00:00,1903900010828,22.37,Aceptable,26.67,Bueno,interpolacion_delaunay,0,1085,46,363,57
2026-10-04T08:49:00.820387+00:00,1903900010866,11.45,Bueno,12.96,Bueno,interpolacion_delaunay,0,1678,49,570,85
2026-10-04T08:49:00.820387+00:00,1903900010870,17.36,Aceptable,19.7,Bueno,interpolacion_delaunay,0,3879,268,842,254
2026-10-04T08:49:00.820387+00:00,1903900010885,18.48,Aceptable,20.93,Bueno,interpolacion_delaunay,0,1668,63,493,70
2026-10-04T08:49:00.820387+00:00,1903900010940,21.0,Aceptable,23.52,Bueno,interpolacion_delaunay,0,3419,259,605,213
2026-10-04T08:49:00.820387+00:00,1903900011046,18.42,Aceptable,21.78,Bueno,interpolacion_delaunay,0,1800,151,355,99
2026-10-04T08:49:00.820387+00:00,1903900011135,14.47,Bueno,16.14,Bueno,interpolacion_delaunay,0,1752,62,519,67
2026-10-04T08:49:00.820387+00:00,190390001114A,15.9,Aceptable,18.4,Bueno,promedio_sensores,1,1380,53,428,34
2026-10-04T08:49:00.820387+00:00,1903900011154,18.5,Aceptable,20.71,Bueno,interpolacion_delaunay,0,1623,62,444,64
2026-10-04T08:49:00.820387+00:00,1903900011169,19.5,Aceptable,21.6,Bueno,promedio_sensores,2,2880,73,732,160
2026-10-04T08:49:00.820387+00:00,1903900011192,18.34,Aceptable,19.86,Bueno,interpolacion_delaunay,0,2657,175,674,141
2026-10-04T08:49:00.820387+00:00,1903900011205,19.43,Aceptable,21.27,Bueno,interpolacion_delaunay,0,122,13,22,0
2026-10-04T08:49:00.820387+00:00,1903900011243,13.12,Bueno,14.88,Bueno,interpolacion_delaunay,0,475,45,76,44
2026-10-04T08:49:00.820387+00:00,1903900011258,14.53,Bueno,16.66,Bueno,interpolacion_delaunay,0,1048,106,166,35
2026-10-04T08:49:00.820387+00:00,1903900011262,18.95,Aceptable,21.84,Bueno,interpolacion_delaunay,0,1756,114,447,140
2026-10-04T08:49:00.820387+00:00,1903900011277,16.31,Aceptable,18.95,Bueno,interpolacion_delaunay,0,2024,136,529,164
2026-10-04T08:49:00.820387+00:00,1903900011309,17.7,Aceptable,20.9,Bueno,promedio_sensores,1,1761,123,433,90
2026-10-04T08:49:00.820387+00:00,1903900011351,28.78,Aceptable,35.12,Bueno,interpolacion_delaunay,0,2734,167,651,175
2026-10-04T08:49:00.820387+00:00,1903900011366,27.93,Aceptable,33.98,Bueno,interpolacion_delaunay,0,0,0,0,0
2026-10-04T08:49:00.820387+00:00,1903900011421,17.5,Aceptable,19.1,Bueno,promedio_sensores,1,3327,204,738,54
2026-10-04T08:49:00.820387+00:00,1903900011436,16.96,Aceptable,18.95,Bueno,interpolacion_delaunay,0,1869,83,431,69
2026-10-04T08:49:00.820387+00:00,1903900011440,17.23,Aceptable,19.36,Bueno,interpolacion_delaunay,0,1644,76,453,82
2026-10-04T08:49:00.820387+00:00,1903900011455,19.69,Aceptable,22.71,Bueno,interpolacion_delaunay,0,1330,38,379,65
2026-10-04T08:49:00.820387+00:00,1903900011578,13.8,Bueno,14.76,Bueno,interpolacion_delaunay,0,1668,78,469,55
2026-10-04T08:49:00.820387+00:00,1903900011582,14.8,Bueno,15.8,Bueno,promedio_sensores,1,1943,98,485,98
2026-10-04T08:49:00.820387+00:00,190390001160A,24.29,Aceptable,27.91,Bueno,interpolacion_delaunay,0,1878,106,479,110
2026-10-04T08:49:00.820387+00:00,1903900011614,24.38,Aceptable,27.87,Bueno,interpolacion_delaunay,0,2516,127,727,95
2026-10-04T08:49:00.820387+00:00,1903900011633,19.43,Aceptable,22.49,Bueno,interpolacion_delaunay,0,810,34,225,59
2026-10-04T08:49:00.820387+00:00,1903900011703,13.13,Bueno,14.08,Bueno,interpolacion_delaunay,0,3184,63,372,52
2026-10-04T08:49:00.820387+00:00,1903900011722,18.39,Aceptable,20.13,Bueno,interpolacion_delaunay,0,511,20,136,16
2026-10-04T08:49:00.820387+00:00,1903900011737,15.72,Aceptable,17.13,Bueno,interpolacion_delaunay,0,377,25,76,21
2026-10-04T08:49:00.820387+00:00,1903900011741,15.86,Aceptable,17.04,Bueno,interpolacion_delaunay,0,179,8,28,10
2026-10-04T08:49:00.820387+00:00,1903900011756,14.72,Bueno,15.72,Bueno,interpolacion_delaunay,0,191,3,61,18
2026-10-04T08:49:00.820387+00:00,1903900011794,19.32,Aceptable,21.71,Bueno,interpolacion_delaunay,0,2555,160,623,167
2026-10-04T08:49:00.820387+00:00,1903900011845,32.5,Aceptable,38.5,Bueno,promedio_sensores,1,2750,133,527,66
2026-10-04T08:49:00.820387+00:00,190390001185A,25.06,Aceptable,28.05,Bueno,interpolacion_delaunay,0,2718,189,497,75
2026-10-04T08:49:00.820387+00:00,1903900011879,20.31,Aceptable,21.95,Bueno,interpolacion_delaunay,0,2302,190,467,160
2026-10-04T08:49:00.820387+00:00,1903900011883,19.44,Aceptable,20.93,Bueno,interpolacion_delaunay,0,2653,217,567,162
2026-10-04T08:49:00.820387+00:00,1903900011898,19.71,Aceptable,21.13,Bueno,interpolacion_delaunay,0,2466,163,572,128
2026-10-04T08:49:00.820387+00:00,1903900011900,17.05,Aceptable,18.2,Bueno,interpolacion_delaunay,0,1274,99,333,108
2026-10-04T08:49:00.820387+00:00,1903900012167,18.79,Aceptable,21.41,Bueno,interpolacion_delaunay,0,2883,124,813,123
2026-10-04T08:49:00.820387+00:00,1903900012190,17.48,Aceptable,19.73,Bueno,interpolacion_delaunay,0,1182,41,455,89
2026-10-04T08:49:00.820387+00:00,1903900012218,18.96,Aceptable,21.47,Bueno,interpolacion_delaunay,0,1788,87,512,71
2026-10-04T08:49:00.820387+00:00,1903900012241,19.12,Aceptable,21.33,Bueno,interpolacion_delaunay,0,1136,46,404,79
2026-10-04T08:49:00.820387+00:00,1903900012275,24.31,Aceptable,27.76,Bueno,interpolacion_delaunay,0,3740,200,896,144
2026-10-04T08:49:00.820387+00:00,1903900012472,35.6,Mala,45.6,Aceptable,promedio_sensores,1,4662,342,773,243
2026-10-04T08:49:00.820387+00:00,190390001267A,16.22,Aceptable,19.42,Bueno,interpolacion_delaunay,0,3909,249,1025,191
2026-10-04T08:49:00.820387+00:00,1903900012684,19.44,Aceptable,23.31,Bueno,interpolacion_delaunay,0,2186,73,687,43
2026-10-04T08:49:00.820387+00:00,1903900012720,20.0,Aceptable,22.4,Bueno,promedio_sensores,1,970,52,170,37
2026-10-04T08:49:00.820387+00:00,190390001274A,18.49,Aceptable,20.52,Bueno,interpolacion_delaunay,0,10,0,0,0
2026-10-04T08:49:00.820387+00:00,1903900012754,20.34,Aceptable,22.83,Bueno,interpolacion_delaunay,0,3205,214,714,184
2026-10-04T08:49:00.820387+00:00,1903900012788,15.82,Aceptable,16.92,Bueno,interpolacion_delaunay,0,0,0,0,0
2026-10-04T08:49:00.820387+00:00,190390001281A,15.5,Aceptable,17.5,Bueno,promedio_sensores,1,327,0,0,0
2026-10-04T08:49:00.820387+00:00,1903900012877,4.94,Bueno,5.68,Bueno,interpolacion_delaunay,0,0,0,0,0
2026-10-04T08:49:00.820387+00:00,1903900013451,28.16,Aceptable,33.5,Bueno,interpolacion_delaunay,0,4308,421,672,304
2026-10-04T08:49:00.820387+00:00,1903900013555,20.32,Aceptable,24.3,Bueno,interpolacion_delaunay,0,4663,290,902,166
2026-10-04T08:49:00.820387+00:00,1903900013593,18.22,Aceptable,20.32,Bueno,interpolacion_delaunay,0,2322,237,355,231
2026-10-04T08:49:00.820387+00:00,1903900013606,19.23,Aceptable,21.29,Bueno,interpolacion_delaunay,0,2907,266,482,206
2026-10-04T08:49:00.820387+00:00,1903900013610,14.33,Bueno,16.06,Bueno,interpolacion_delaunay,0,2513,260,368,178
2026-10-04T08:49:00.820387+00:00,1903900013659,30.62,Aceptable,37.93,Bueno,interpolacion_delaunay,0,1885,176,371,95
2026-10-04T08:49:00.820387+00:00,190390001406A,29.16,Aceptable,34.9,Bueno,interpolacion_delaunay,0,4196,447,516,257
2026-10-04T08:49:00.820387+00:00,1903900014093,23.1,Aceptable,26.52,Bueno,interpolacion_delaunay,0,3096,303,444,145
2026-10-04T08:49:00.820387+00:00,1903900014144,19.37,Aceptable,23.9,Bueno,interpolacion_delaunay,0,883,38,360,125
2026-10-04T08:49:00.820387+00:00,1903900014159,1.6,Bueno,2.3,Bueno,promedio_sensores,1,620,20,142,55
2026-10-04T08:49:00.820387+00:00,1903900014500,23.38,Aceptable,26.89,Bueno,interpolacion_delaunay,0,3056,353,283,111
2026-10-04T08:49:00.820387+00:00,1903900014515,22.5,Aceptable,25.64,Bueno,interpolacion_delaunay,0,3391,252,688,180
2026-10-04T08:49:00.820387+00:00,1903900014549,26.37,Aceptable,31.0,Bueno,interpolacion_delaunay,0,4319,365,785,218
2026-10-04T08:49:00.820387+00:00,1903900014553,27.59,Aceptable,32.69,Bueno,interpolacion_delaunay,0,3885,315,748,307
2026-10-04T08:49:00.820387+00:00,1903900014619,3.61,Bueno,4.22,Bueno,interpolacion_delaunay,0,2679,137,355,34
2026-10-04T08:49:00.820387+00:00,1903900014623,22.2,Aceptable,24.1,Bueno,promedio_sensores,1,1853,99,476,133
2026-10-04T08:49:00.820387+00:00,1903900014731,23.62,Aceptable,26.57,Bueno,interpolacion_delaunay,0,2772,164,687,112
2026-10-04T08:49:00.820387+00:00,1903900014905,7.69,Bueno,8.25,Bueno,interpolacion_delaunay,0,2280,182,284,44
2026-10-04T08:49:00.820387+00:00,190390001491A,12.85,Bueno,15.34,Bueno,interpolacion_delaunay,0,897,47,73,0
2026-10-04T08:49:00.820387+00:00,1903900014924,10.9,Bueno,11.0,Bueno,promedio_sensores,1,2425,136,485,38
2026-10-04T08:49:00.820387+00:00,1903900014939,13.19,Bueno,14.17,Bueno,interpolacion_delaunay,0,1974,92,485,50
2026-10-04T08:49:00.820387+00:00,1903900015142,23.79,Aceptable,27.67,Bueno,interpolacion_delaunay,0,2839,330,193,45
2026-10-04T08:49:00.820387+00:00,1903900011385,27.2,Aceptable,32.67,Bueno,interpolacion_delaunay,0,1585,87,442,107
2026-10-04T08:49:00.820387+00:00,1903900012805,28.91,Aceptable,35.33,Bueno,interpolacion_delaunay,0,3258,186,362,30
2026-10-04T08:49:00.820387+00:00,1903900011826,26.82,Aceptable,29.95,Bueno,interpolacion_delaunay,0,1966,181,300,39
2026-10-04T08:49:00.820387+00:00,1903900012468,22.59,Aceptable,27.47,Bueno,interpolacion_delaunay,0,3979,370,451,75
2026-10-04T08:49:00.820387+00:00,1903900012133,26.66,Aceptable,31.79,Bueno,interpolacion_delaunay,0,3643,409,514,130
2026-10-04T08:49:00.820387+00:00,1903900014182,22.58,Aceptable,26.43,Bueno,interpolacion_delaunay,0,2164,180,491,80
2026-10-04T08:49:00.820387+00:00,1903900012152,21.71,Aceptable,25.64,Bueno,interpolacion_delaunay,0,2360,140,519,93
2026-10-04T08:49:00.820387+00:00,1903900012082,18.57,Aceptable,21.06,Bueno,interpolacion_delaunay,0,2402,95,700,143
2026-10-04T08:49:00.820387+00:00,1903900013663,24.19,Aceptable,28.51,Bueno,interpolacion_delaunay,0,4832,422,675,278
2026-10-04T08:49:00.820387+00:00,1903900013714,10.2,Bueno,10.43,Bueno,interpolacion_delaunay,0,4743,468,751,239
2026-10-04T08:49:00.820387+00:00,1903900012858,20.74,Aceptable,24.27,Bueno,interpolacion_delaunay,0,0,0,0,0
2026-10-04T08:49:00.820387+00:00,1903900012839,14.47,Bueno,16.67,Bueno,interpolacion_delaunay,0,426,30,39,0
2026-10-04T08:49:00.820387+00:00,1903900012843,35.3,Mala,41.8,Bueno,promedio_sensores,1,3288,154,618,59
2026-10-04T08:49:00.820387+00:00,1903900012862,9.86,Bueno,11.34,Bueno,interpolacion_delaunay,0,0,0,0,0
2026-10-04T08:49:00.820387+00:00,1903900013733,7.46,Bueno,7.65,Bueno,interpolacion_delaunay,0,1895,90,465,59
2026-10-04T08:49:00.820387+00:00,1903900012294,27.09,Aceptable,31.42,Bueno,interpolacion_delaunay,0,3104,120,1010,138
2026-10-04T08:49:00.820387+00:00,190390001228A,32.1,Aceptable,37.64,Bueno,interpolacion_delaunay,0,2430,94,799,56
2026-10-04T08:49:00.820387+00:00,1903900010423,29.24,Aceptable,34.97,Bueno,interpolacion_delaunay,0,3542,305,682,134
2026-10-04T08:49:00.820387+00:00,1903900010334,30.46,Aceptable,36.66,Bueno,interpolacion_delaunay,0,878,76,200,70
2026-10-04T08:49:00.820387+00:00,1903900010071,23.61,Aceptable,27.27,Bueno,interpolacion_delaunay,0,2520,129,682,146
2026-10-04T08:49:00.820387+00:00,1903900014869,3.14,Bueno,3.61,Bueno,interpolacion_delaunay,0,4404,353,307,53
2026-10-04T08:49:00.820387+00:00,1903900013748,6.72,Bueno,7.1,Bueno,interpolacion_delaunay,0,3552,225,627,97
2026-10-04T08:49:00.820387+00:00,1903900011050,20.87,Aceptable,24.91,Bueno,interpolacion_delaunay,0,1589,135,342,104
2026-10-04T08:49:00.820387+00:00,1903900011116,24.3,Aceptable,29.26,Bueno,interpolacion_delaunay,0,0,0,0,0
2026-10-04T08:49:00.820387+00:00,1903900010809,25.39,Aceptable,30.45,Bueno,interpolacion_delaunay,0,59,3,14,3
2026-10-04T08:49:00.820387+00:00,1903900010989,21.37,Aceptable,25.11,Bueno,interpolacion_delaunay,0,6061,564,591,133
2026-10-04T08:49:00.820387+00:00,1903900010851,20.49,Aceptable,24.39,Bueno,interpolacion_delaunay,0,1601,105,413,68
2026-10-04T08:49:00.820387+00:00,1903900013413,22.04,Aceptable,26.29,Bueno,interpolacion_delaunay,0,7251,522,1316,316
2026-10-04T08:49:00.820387+00:00,1903900010033,26.56,Aceptable,31.67,Bueno,interpolacion_delaunay,0,3321,285,588,124
2026-10-04T08:49:00.820387+00:00,1903900010137,24.53,Aceptable,29.31,Bueno,interpolacion_delaunay,0,4478,279,1202,320
2026-10-04T08:49:00.820387+00:00,1903900010141,20.38,Aceptable,23.29,Bueno,interpolacion_delaunay,0,4273,225,965,185
2026-10-04T08:49:00.820387+00:00,1903900010762,23.95,Aceptable,27.58,Bueno,interpolacion_delaunay,0,1600,114,337,68
2026-10-04T08:49:00.820387+00:00,1903900014106,21.65,Aceptable,24.49,Bueno,interpolacion_delaunay,0,4189,248,1019,177
2026-10-04T08:49:00.820387+00:00,1903900014110,20.38,Aceptable,22.71,Bueno,interpolacion_delaunay,0,2699,161,643,225
2026-10-04T08:49:00.820387+00:00,1903900010921,22.52,Aceptable,25.39,Bueno,interpolacion_delaunay,0,2388,213,393,106
2026-10-04T08:49:00.820387+00:00,1903900010669,24.36,Aceptable,27.84,Bueno,interpolacion_delaunay,0,2152,159,463,119
2026-10-04T08:49:00.820387+00:00,1903900010067,23.77,Aceptable,27.5,Bueno,interpolacion_delaunay,0,2799,155,819,158
2026-10-04T08:49:00.820387+00:00,1903900010688,26.5,Aceptable,31.35,Bueno,interpolacion_delaunay,0,2838,195,394,149
2026-10-04T08:49:00.820387+00:00,1903900010584,29.1,Aceptable,34.69,Bueno,interpolacion_delaunay,0,3226,273,587,141
2026-10-04T08:49:00.820387+00:00,1903900011417,15.07,Aceptable,16.1,Bueno,interpolacion_delaunay,0,3077,152,970,79
2026-10-04T08:49:00.820387+00:00,1903900013837,16.48,Aceptable,17.73,Bueno,interpolacion_delaunay,0,3561,193,908,77
2026-10-04T08:49:00.820387+00:00,1903900013930,29.47,Aceptable,35.38,Bueno,interpolacion_delaunay,0,1431,202,111,73
2026-10-04T08:49:00.820387+00:00,1903900014055,29.04,Aceptable,34.75,Bueno,interpolacion_delaunay,0,4222,525,372,136
2026-10-04T08:49:00.820387+00:00,190390001420A,27.13,Aceptable,33.26,Bueno,interpolacion_delaunay,0,3029,320,382,97
2026-10-04T08:49:00.820387+00:00,1903900014197,24.75,Aceptable,29.78,Bueno,interpolacion_delaunay,0,2456,248,321,138
2026-10-04T08:49:00.820387+00:00,1903900010974,21.83,Aceptable,25.35,Bueno,interpolacion_delaunay,0,781,39,192,50
2026-10-04T08:49:00.820387+00:00,1903900011084,25.34,Aceptable,30.67,Bueno,interpolacion_delaunay,0,1782,162,338,82
2026-10-04T08:49:00.820387+00:00,1903900010847,17.81,Aceptable,20.89,Bueno,interpolacion_delaunay,0,1023,82,199,53
2026-10-04T08:49:00.820387+00:00,1903900010993,20.35,Aceptable,24.18,Bueno,interpolacion_delaunay,0,1086,95,211,53
2026-10-04T08:49:00.820387+00:00,1903900010372,21.83,Aceptable,24.72,Bueno,interpolacion_delaunay,0,2524,139,785,102
2026-10-04T08:49:00.820387+00:00,1903900011031,17.77,Aceptable,20.91,Bueno,interpolacion_delaunay,0,1190,84,257,58
2026-10-04T08:49:00.820387+00:00,1903900010902,20.89,Aceptable,23.27,Bueno,interpolacion_delaunay,0,3066,119,898,183
2026-10-04T08:49:00.820387+00:00,1903900010777,23.97,Aceptable,27.87,Bueno,interpolacion_delaunay,0,1329,106,264,76
2026-10-04T08:49:00.820387+00:00,1903900010781,23.82,Aceptable,27.89,Bueno,interpolacion_delaunay,0,242,8,54,15
2026-10-04T08:49:00.820387+00:00,1903900014572,18.42,Aceptable,21.63,Bueno,interpolacion_delaunay,0,1442,81,389,93
2026-10-04T08:49:00.820387+00:00,1903900014676,20.65,Aceptable,22.96,Bueno,interpolacion_delaunay,0,2120,102,506,104
2026-10-04T08:49:00.820387+00:00,190390001025A,21.63,Aceptable,24.49,Bueno,interpolacion_delaunay,0,3942,258,986,278
2026-10-04T08:49:00.820387+00:00,1903900010495,22.21,Aceptable,25.17,Bueno,interpolacion_delaunay,0,1812,109,420,98
2026-10-04T08:49:00.820387+00:00,1903900010917,22.0,Aceptable,24.4,Bueno,promedio_sensores,1,2843,155,698,133
2026-10-04T08:49:00.820387+00:00,1903900010955,22.43,Aceptable,25.72,Bueno,interpolacion_delaunay,0,288,25,64,22
2026-10-04T08:49:00.820387+00:00,1903900013697,12.56,Bueno,12.82,Bueno,interpolacion_delaunay,0,1977,183,341,77
2026-10-04T08:49:00.820387+00:00,1903900013860,28.44,Aceptable,33.93,Bueno,interpolacion_delaunay,0,3174,344,383,184
2026-10-04T08:49:00.820387+00:00,1903900015439,7.72,Bueno,9.09,Bueno,interpolacion_delaunay,0,627,97,12,5
2026-10-04T08:49:00.820387+00:00,1903900011027,17.74,Aceptable,20.88,Bueno,interpolacion_delaunay,0,509,36,115,25
2026-10-04T08:49:00.820387+00:00,1903900013998,27.11,Aceptable,32.28,Bueno,interpolacion_delaunay,0,5766,706,558,248
2026-10-04T08:49:00.820387+00:00,190390001477A,8.68,Bueno,9.02,Bueno,interpolacion_delaunay,0,550,33,68,4
2026-10-04T08:49:00.820387+00:00,1903900014002,28.28,Aceptable,33.79,Bueno,interpolacion_delaunay,0,5494,669,668,240
2026-10-04T08:49:00.820387+00:00,1903900014873,1.26,Bueno,1.57,Bueno,interpolacion_delaunay,0,2383,154,261,52
2026-10-04T08:49:00.820387+00:00,1903900011008,19.53,Aceptable,23.0,Bueno,interpolacion_delaunay,0,1877,145,377,135
2026-10-04T08:49:00.820387+00:00,1903900011313,19.0,Aceptable,22.55,Bueno,interpolacion_delaunay,0,5055,336,882,185
2026-10-04T08:49:00.820387+00:00,190390001139A,28.4,Aceptable,34.46,Bueno,interpolacion_delaunay,0,1079,59,290,49
2026-10-04T08:49:00.820387+00:00,1903900011402,27.84,Aceptable,33.6,Bueno,interpolacion_delaunay,0,681,31,196,23
2026-10-04T08:49:00.820387+00:00,1903900012519,26.37,Aceptable,31.32,Bueno,interpolacion_delaunay,0,5642,661,498,241
2026-10-04T08:49:00.820387+00:00,1903900013822,16.22,Aceptable,17.32,Bueno,interpolacion_delaunay,0,6050,361,890,140
2026-10-04T08:49:00.820387+00:00,1903900013964,20.91,Aceptable,22.8,Bueno,interpolacion_delaunay,0,728,55,70,19
2026-10-04T08:49:00.820387+00:00,1903900014125,20.27,Aceptable,22.52,Bueno,interpolacion_delaunay,0,1881,174,361,63
2026-10-04T08:49:00.820387+00:00,190390001452A,26.72,Aceptable,31.95,Bueno,interpolacion_delaunay,0,2471,240,363,186
2026-10-04T08:49:00.820387+00:00,190390001413A,19.76,Aceptable,21.77,Bueno,interpolacion_delaunay,0,2082,180,339,126
2026-10-04T08:49:00.820387+00:00,1903900010461,18.5,Aceptable,20.1,Bueno,promedio_sensores,1,3422,173,1112,139
2026-10-04T08:49:00.820387+00:00,1903900014534,29.45,Aceptable,35.47,Bueno,interpolacion_delaunay,0,1267,111,229,29
2026-10-04T08:49:00.820387+00:00,1903900013767,11.04,Bueno,12.93,Bueno,interpolacion_delaunay,0,2308,117,605,127
2026-10-04T08:49:00.820387+00:00,1903900012345,4.31,Bueno,4.49,Bueno,interpolacion_delaunay,0,2632,98,737,80
2026-10-04T08:49:00.820387+00:00,1903900012364,0.0,Bueno,0.2,Bueno,promedio_sensores,1,2327,116,787,61
2026-10-04T08:49:00.820387+00:00,1903900011629,30.2,Aceptable,37.5,Bueno,promedio_sensores,1,2881,196,402,58
2026-10-04T08:49:00.820387+00:00,1903900013396,27.25,Aceptable,32.32,Bueno,interpolacion_delaunay,0,4014,389,664,275
2026-10-04T08:49:00.820387+00:00,1903900010245,14.33,Bueno,17.1,Bueno,interpolacion_delaunay,0,2709,131,764,208
2026-10-04T08:49:00.820387+00:00,1903900015284,11.1,Bueno,13.06,Bueno,interpolacion_delaunay,0,513,29,60,13
2026-10-04T08:49:00.820387+00:00,1903900010118,26.62,Aceptable,31.42,Bueno,interpolacion_delaunay,0,4580,383,955,302
2026-10-04T08:49:00.820387+00:00,1903900010052,26.93,Aceptable,31.88,Bueno,interpolacion_delaunay,0,3869,304,717,323
2026-10-04T08:49:00.820387+00:00,1903900015123,28.53,Aceptable,34.1,Bueno,interpolacion_delaunay,0,68,3,4,3
2026-10-04T08:49:00.820387+00:00,1903900014036,28.38,Aceptable,33.88,Bueno,interpolacion_delaunay,0,4679,569,514,263
2026-10-04T08:49:00.820387+00:00,1903900010508,23.87,Aceptable,27.53,Bueno,interpolacion_delaunay,0,3451,202,579,150
2026-10-04T08:49:00.820387+00:00,1903900010527,24.79,Aceptable,28.78,Bueno,interpolacion_delaunay,0,1779,95,454,127
2026-10-04T08:49:00.820387+00:00,1903900013729,9.73,Bueno,10.22,Bueno,interpolacion_delaunay,0,3410,392,357,136
2026-10-04T08:49:00.820387+00:00,190390001370A,11.88,Bueno,12.32,Bueno,interpolacion_delaunay,0,4006,357,563,228
2026-10-04T08:49:00.820387+00:00,1904600010362,18.97,Aceptable,22.2,Bueno,interpolacion_delaunay,0,5505,271,1291,301
2026-10-04T08:49:00.820387+00:00,1904600011483,10.05,Bueno,10.87,Bueno,interpolacion_delaunay,0,2026,111,597,94
2026-10-04T08:49:00.820387+00:00,1904600011638,12.39,Bueno,13.42,Bueno,interpolacion_delaunay,0,4053,248,498,114
2026-10-04T08:49:00.820387+00:00,1904600010998,9.99,Bueno,10.62,Bueno,interpolacion_delaunay,0,5855,449,1099,257
2026-10-04T08:49:00.820387+00:00,1904600011676,19.56,Aceptable,23.05,Bueno,interpolacion_delaunay,0,362,30,69,27
2026-10-04T08:49:00.820387+00:00,1904600010216,31.8,Aceptable,38.5,Bueno,promedio_sensores,1,2042,50,546,50
2026-10-04T08:49:00.820387+00:00,1904600010536,9.57,Bueno,10.13,Bueno,interpolacion_delaunay,0,4997,504,603,104
2026-10-04T08:49:00.820387+00:00,1904600011708,11.16,Bueno,11.8,Bueno,interpolacion_delaunay,0,1763,89,284,44
2026-10-04T08:49:00.820387+00:00,190460001070A,10.7,Bueno,11.33,Bueno,interpolacion_delaunay,0,1273,69,137,48
2026-10-04T08:49:00.820387+00:00,1904600011375,11.41,Bueno,12.1,Bueno,interpolacion_delaunay,0,5964,475,946,326
2026-10-04T08:49:00.820387+00:00,1904600011286,18.18,Aceptable,21.11,Bueno,interpolacion_delaunay,0,2603,117,839,196
2026-10-04T08:49:00.820387+00:00,1904600011623,11.18,Bueno,11.86,Bueno,interpolacion_delaunay,0,4225,248,423,136
2026-10-04T08:49:00.820387+00:00,1904600010786,11.1,Bueno,11.76,Bueno,interpolacion_delaunay,0,4690,309,1009,269
2026-10-04T08:49:00.820387+00:00,190460001024A,17.79,Aceptable,20.7,Bueno,interpolacion_delaunay,0,2748,75,850,176
2026-10-04T08:49:00.820387+00:00,1904600010875,9.15,Bueno,9.73,Bueno,interpolacion_delaunay,0,3785,202,993,129
2026-10-04T08:49:00.820387+00:00,1904600010324,20.84,Aceptable,24.8,Bueno,interpolacion_delaunay,0,2214,97,651,92
2026-10-04T08:49:00.820387+00:00,1904600011233,16.1,Aceptable,18.52,Bueno,interpolacion_delaunay,0,3010,241,577,204
2026-10-04T08:49:00.820387+00:00,1904600010131,20.33,Aceptable,23.88,Bueno,interpolacion_delaunay,0,4113,160,1393,177
2026-10-04T08:49:00.820387+00:00,1904600010184,22.87,Aceptable,27.12,Bueno,interpolacion_delaunay,0,3438,93,1132,126
2026-10-04T08:49:00.820387+00:00,1904600010235,22.03,Aceptable,26.07,Bueno,interpolacion_delaunay,0,2765,104,711,111
2026-10-04T08:49:00.820387+00:00,1904600010466,23.17,Aceptable,27.51,Bueno,interpolacion_delaunay,0,2212,113,500,58
2026-10-04T08:49:00.820387+00:00,190460001049A,26.97,Aceptable,32.34,Bueno,interpolacion_delaunay,0,2827,123,674,44
2026-10-04T08:49:00.820387+00:00,1904600011407,9.34,Bueno,9.88,Bueno,interpolacion_delaunay,0,3464,317,610,173
2026-10-04T08:49:00.820387+00:00,1904600011642,18.45,Aceptable,21.46,Bueno,interpolacion_delaunay,0,2601,116,623,113
2026-10-04T08:49:00.820387+00:00,1904600011731,8.93,Bueno,9.49,Bueno,interpolacion_delaunay,0,3017,207,561,120
2026-10-04T08:49:00.820387+00:00,1904600010108,11.5,Bueno,12.6,Bueno,interpolacion_delaunay,0,2483,125,582,112
2026-10-04T08:49:00.820387+00:00,1904600010127,9.64,Bueno,10.26,Bueno,interpolacion_delaunay,0,4270,186,1281,297
2026-10-04T08:49:00.820387+00:00,1904600010292,22.34,Aceptable,26.54,Bueno,interpolacion_delaunay,0,0,0,0,0
2026-10-04T08:49:00.820387+00:00,1904600010714,13.17,Bueno,14.6,Bueno,interpolacion_delaunay,0,3666,266,947,309
2026-10-04T08:49:00.820387+00:00,1904600010860,8.99,Bueno,9.54,Bueno,interpolacion_delaunay,0,3290,227,721,158
2026-10-04T08:49:00.820387+00:00,1904600011002,9.98,Bueno,10.58,Bueno,interpolacion_delaunay,0,3262,289,695,194
2026-10-04T08:49:00.820387+00:00,190460001120A,15.59,Aceptable,17.89,Bueno,interpolacion_delaunay,0,3141,265,631,179
2026-10-04T08:49:00.820387+00:00,1904600011341,10.32,Bueno,10.92,Bueno,interpolacion_delaunay,0,3608,289,555,127
2026-10-04T08:49:00.820387+00:00,1904600011426,9.94,Bueno,10.57,Bueno,interpolacion_delaunay,0,3335,302,691,164
2026-10-04T08:49:00.820387+00:00,190460001177A,23.83,Aceptable,28.32,Bueno,interpolacion_delaunay,0,2611,224,320,95
2026-10-04T08:49:00.820387+00:00,1904600010042,11.22,Bueno,12.3,Bueno,interpolacion_delaunay,0,1646,90,422,69
2026-10-04T08:49:00.820387+00:00,1904600010057,10.98,Bueno,11.98,Bueno,interpolacion_delaunay,0,1216,61,388,100
2026-10-04T08:49:00.820387+00:00,1904600010076,9.34,Bueno,9.94,Bueno,interpolacion_delaunay,0,3762,199,1053,215
2026-10-04T08:49:00.820387+00:00,1904600010095,11.05,Bueno,12.05,Bueno,interpolacion_delaunay,0,1199,53,337,85
2026-10-04T08:49:00.820387+00:00,1904600010146,14.37,Bueno,16.27,Bueno,interpolacion_delaunay,0,2987,160,749,104
2026-10-04T08:49:00.820387+00:00,190460001017A,9.83,Bueno,10.49,Bueno,interpolacion_delaunay,0,4101,180,1201,211
2026-10-04T08:49:00.820387+00:00,1904600010201,13.9,Bueno,15.65,Bueno,interpolacion_delaunay,0,3988,173,1242,253
2026-10-04T08:49:00.820387+00:00,1904600010220,28.33,Aceptable,34.12,Bueno,interpolacion_delaunay,0,1869,61,495,59
2026-10-04T08:49:00.820387+00:00,190460001031A,19.55,Aceptable,23.08,Bueno,interpolacion_delaunay,0,2149,134,353,62
2026-10-04T08:49:00.820387+00:00,1904600010343,15.9,Aceptable,18.19,Bueno,interpolacion_delaunay,0,5532,394,1335,345
2026-10-04T08:49:00.820387+00:00,1904600010381,21.24,Aceptable,25.2,Bueno,interpolacion_delaunay,0,3251,164,847,172
2026-10-04T08:49:00.820387+00:00,1904600010413,18.99,Aceptable,22.19,Bueno,interpolacion_delaunay,0,4002,238,499,120
2026-10-04T08:49:00.820387+00:00,1904600010485,29.29,Aceptable,35.29,Bueno,interpolacion_delaunay,0,3150,144,1004,109
2026-10-04T08:49:00.820387+00:00,1904600010540,10.04,Bueno,10.7,Bueno,interpolacion_delaunay,0,4952,283,1289,225
2026-10-04T08:49:00.820387+00:00,1904600010555,9.95,Bueno,10.53,Bueno,interpolacion_delaunay,0,0,0,0,0
2026-10-04T08:49:00.820387+00:00,1904600010593,10.39,Bueno,11.06,Bueno,interpolacion_delaunay,0,5785,417,488,81
2026-10-04T08:49:00.820387+00:00,1904600010610,10.24,Bueno,10.87,Bueno,interpolacion_delaunay,0,4819,442,219,35
2026-10-04T08:49:00.820387+00:00,1904600010625,10.26,Bueno,10.89,Bueno,interpolacion_delaunay,0,684,56,110,22
2026-10-04T08:49:00.820387+00:00,1904600010659,10.65,Bueno,11.34,Bueno,interpolacion_delaunay,0,0,0,0,0
2026-10-04T08:49:00.820387+00:00,1904600010729,12.21,Bueno,13.3,Bueno,interpolacion_delaunay,0,0,0,0,0
2026-10-04T08:49:00.820387+00:00,1904600010752,14.94,Bueno,16.86,Bueno,interpolacion_delaunay,0,2043,121,429,51
2026-10-04T08:49:00.820387+00:00,1904600010790,10.94,Bueno,11.57,Bueno,interpolacion_delaunay,0,0,0,0,0
2026-10-04T08:49:00.820387+00:00,1904600010822,9.0,Bueno,9.54,Bueno,interpolacion_delaunay,0,1808,142,329,116
2026-10-04T08:49:00.820387+00:00,1904600010841,8.91,Bueno,9.45,Bueno,interpolacion_delaunay,0,2675,196,623,119
2026-10-04T08:49:00.820387+00:00,1904600010856,9.02,Bueno,9.59,Bueno,interpolacion_delaunay,0,5049,305,900,195
2026-10-04T08:49:00.820387+00:00,190460001088A,9.14,Bueno,9.72,Bueno,interpolacion_delaunay,0,4232,220,1219,162
2026-10-04T08:49:00.820387+00:00,1904600010894,9.49,Bueno,10.13,Bueno,interpolacion_delaunay,0,2806,182,550,130
2026-10-04T08:49:00.820387+00:00,1904600010907,9.31,Bueno,9.88,Bueno,interpolacion_delaunay,0,3550,247,722,168
2026-10-04T08:49:00.820387+00:00,1904600010930,16.28,Aceptable,18.72,Bueno,interpolacion_delaunay,0,3021,143,721,82
2026-10-04T08:49:00.820387+00:00,1904600010945,16.24,Aceptable,18.66,Bueno,interpolacion_delaunay,0,3597,162,944,129
2026-10-04T08:49:00.820387+00:00,190460001095A,9.67,Bueno,10.26,Bueno,interpolacion_delaunay,0,3265,234,654,254
2026-10-04T08:49:00.820387+00:00,1904600010979,10.07,Bueno,10.76,Bueno,interpolacion_delaunay,0,2747,114,869,151
2026-10-04T08:49:00.820387+00:00,1904600011017,10.13,Bueno,10.75,Bueno,interpolacion_delaunay,0,4599,402,752,199
2026-10-04T08:49:00.820387+00:00,1904600011021,10.27,Bueno,10.96,Bueno,interpolacion_delaunay,0,4072,223,1090,178
2026-10-04T08:49:00.820387+00:00,1904600011040,11.71,Bueno,12.83,Bueno,interpolacion_delaunay,0,3276,150,902,88
2026-10-04T08:49:00.820387+00:00,1904600011055,11.21,Bueno,12.13,Bueno,interpolacion_delaunay,0,7096,477,1425,285
2026-10-04T08:49:00.820387+00:00,190460001106A,13.04,Bueno,14.67,Bueno,interpolacion_delaunay,0,1152,61,261,64
2026-10-04T08:49:00.820387+00:00,1904600011074,14.3,Bueno,16.25,Bueno,interpolacion_delaunay,0,4901,241,744,96
2026-10-04T08:49:00.820387+00:00,1904600011089,12.31,Bueno,13.57,Bueno,interpolacion_delaunay,0,3306,318,659,199
2026-10-04T08:49:00.820387+00:00,1904600011093,10.62,Bueno,11.27,Bueno,interpolacion_delaunay,0,3302,217,861,180
2026-10-04T08:49:00.820387+00:00,1904600011106,10.56,Bueno,11.16,Bueno,interpolacion_delaunay,0,3881,243,712,89
2026-10-04T08:49:00.820387+00:00,1904600011110,10.65,Bueno,11.29,Bueno,interpolacion_delaunay,0,3018,178,738,133
2026-10-04T08:49:00.820387+00:00,1904600011125,14.46,Bueno,16.43,Bueno,interpolacion_delaunay,0,3318,323,549,240
2026-10-04T08:49:00.820387+00:00,190460001113A,14.16,Bueno,15.99,Bueno,interpolacion_delaunay,0,3513,294,662,255
2026-10-04T08:49:00.820387+00:00,1904600011144,13.95,Bueno,15.69,Bueno,interpolacion_delaunay,0,3223,294,460,148
2026-10-04T08:49:00.820387+00:00,1904600011159,10.96,Bueno,11.65,Bueno,interpolacion_delaunay,0,4682,317,917,254
2026-10-04T08:49:00.820387+00:00,1904600011163,10.94,Bueno,11.63,Bueno,interpolacion_delaunay,0,4463,291,849,173
2026-10-04T08:49:00.820387+00:00,1904600011178,10.85,Bueno,11.51,Bueno,interpolacion_delaunay,0,2288,137,771,142
2026-10-04T08:49:00.820387+00:00,1904600011182,10.84,Bueno,11.5,Bueno,interpolacion_delaunay,0,2567,158,877,192
2026-10-04T08:49:00.820387+00:00,1904600011197,11.04,Bueno,11.72,Bueno,interpolacion_delaunay,0,2285,129,707,149
2026-10-04T08:49:00.820387+00:00,1904600011214,17.06,Aceptable,19.84,Bueno,interpolacion_delaunay,0,2395,153,608,159
2026-10-04T08:49:00.820387+00:00,1904600011229,17.61,Aceptable,20.52,Bueno,interpolacion_delaunay,0,3808,341,729,252
2026-10-04T08:49:00.820387+00:00,1904600011248,14.61,Bueno,16.52,Bueno,interpolacion_delaunay,0,3448,233,731,165
2026-10-04T08:49:00.820387+00:00,1904600011252,18.14,Aceptable,21.15,Bueno,interpolacion_delaunay,0,3638,249,902,255
2026-10-04T08:49:00.820387+00:00,1904600011271,16.93,Aceptable,19.45,Bueno,interpolacion_delaunay,0,3393,200,1049,183
2026-10-04T08:49:00.820387+00:00,1904600011290,9.67,Bueno,10.29,Bueno,interpolacion_delaunay,0,3613,204,959,164
2026-10-04T08:49:00.820387+00:00,1904600011303,9.63,Bueno,10.24,Bueno,interpolacion_delaunay,0,4255,296,730,120
2026-10-04T08:49:00.820387+00:00,1904600011318,10.1,Bueno,10.8,Bueno,promedio_sensores,1,2617,117,712,78
2026-10-04T08:49:00.820387+00:00,1904600011322,10.08,Bueno,10.77,Bueno,interpolacion_delaunay,0,3209,131,1071,177
2026-10-04T08:49:00.820387+00:00,1904600011356,10.58,Bueno,11.24,Bueno,interpolacion_delaunay,0,5344,302,754,186
2026-10-04T08:49:00.820387+00:00,190460001138A,9.37,Bueno,9.98,Bueno,interpolacion_delaunay,0,2330,116,772,143
2026-10-04T08:49:00.820387+00:00,1904600011394,9.67,Bueno,10.32,Bueno,interpolacion_delaunay,0,2495,152,536,127
2026-10-04T08:49:00.820387+00:00,1904600011430,10.17,Bueno,10.83,Bueno,interpolacion_delaunay,0,4835,297,977,195
2026-10-04T08:49:00.820387+00:00,1904600011445,13.14,Bueno,14.45,Bueno,interpolacion_delaunay,0,2396,140,277,35
2026-10-04T08:49:00.820387+00:00,190460001145A,14.74,Bueno,16.56,Bueno,interpolacion_delaunay,0,4010,242,623,75
2026-10-04T08:49:00.820387+00:00,1904600011464,13.34,Bueno,14.97,Bueno,interpolacion_delaunay,0,3269,192,527,50
2026-10-04T08:49:00.820387+00:00,1904600011479,11.48,Bueno,12.64,Bueno,interpolacion_delaunay,0,2267,102,540,81
2026-10-04T08:49:00.820387+00:00,1904600011500,9.24,Bueno,9.8,Bueno,interpolacion_delaunay,0,4575,375,784,254
2026-10-04T08:49:00.820387+00:00,1904600011515,9.42,Bueno,10.0,Bueno,interpolacion_delaunay,0,1791,111,314,102
2026-10-04T08:49:00.820387+00:00,190460001152A,9.61,Bueno,10.19,Bueno,interpolacion_delaunay,0,3396,254,719,167
2026-10-04T08:49:00.820387+00:00,1904600011534,9.7,Bueno,10.28,Bueno,interpolacion_delaunay,0,5740,487,560,132
2026-10-04T08:49:00.820387+00:00,1904600011549,10.93,Bueno,11.91,Bueno,interpolacion_delaunay,0,4515,263,831,205
2026-10-04T08:49:00.820387+00:00,1904600011568,10.28,Bueno,10.9,Bueno,interpolacion_delaunay,0,4996,283,463,138
2026-10-04T08:49:00.820387+00:00,1904600011572,10.37,Bueno,10.98,Bueno,interpolacion_delaunay,0,4541,345,482,121
2026-10-04T08:49:00.820387+00:00,1904600011587,10.25,Bueno,10.87,Bueno,interpolacion_delaunay,0,2786,153,244,33
2026-10-04T08:49:00.820387+00:00,1904600011591,10.33,Bueno,10.96,Bueno,interpolacion_delaunay,0,3387,245,335,48
2026-10-04T08:49:00.820387+00:00,1904600011604,14.63,Bueno,16.5,Bueno,interpolacion_delaunay,0,3298,256,771,245
2026-10-04T08:49:00.820387+00:00,1904600011619,16.63,Aceptable,19.1,Bueno,interpolacion_delaunay,0,3765,260,958,269
2026-10-04T08:49:00.820387+00:00,1904600011657,17.0,Aceptable,19.64,Bueno,interpolacion_delaunay,0,3567,176,481,50
2026-10-04T08:49:00.820387+00:00,1904600011661,14.43,Bueno,16.53,Bueno,interpolacion_delaunay,0,282,11,66,6
2026-10-04T08:49:00.820387+00:00,1904600011727,8.84,Bueno,9.38,Bueno,interpolacion_delaunay,0,3412,179,655,144
2026-10-04T08:49:00.820387+00:00,1904600011746,11.79,Bueno,12.97,Bueno,interpolacion_delaunay,0,3218,196,815,117
2026-10-04T08:49:00.820387+00:00,1904600011750,13.65,Bueno,15.42,Bueno,interpolacion_delaunay,0,4162,197,210,54
2026-10-04T08:49:00.820387+00:00,1904600011765,23.18,Aceptable,27.45,Bueno,interpolacion_delaunay,0,3860,405,397,208
2026-10-04T08:49:00.820387+00:00,1904600010663,10.73,Bueno,11.42,Bueno,interpolacion_delaunay,0,198,8,27,0
2026-10-04T08:49:00.820387+00:00,1904600010926,9.15,Bueno,9.69,Bueno,interpolacion_delaunay,0,5007,437,867,291
2026-10-04T08:49:00.820387+00:00,1904600010339,20.87,Aceptable,24.8,Bueno,interpolacion_delaunay,0,1314,68,335,78
2026-10-04T08:49:00.820387+00:00,1904600011267,20.1,Aceptable,23.74,Bueno,interpolacion_delaunay,0,3908,248,1102,331
2026-10-04T08:49:00.820387+00:00,1904600011712,11.16,Bueno,11.82,Bueno,interpolacion_delaunay,0,3272,182,300,58
2026-10-04T08:49:00.820387+00:00,1904600010447,8.64,Bueno,9.17,Bueno,interpolacion_delaunay,0,4132,230,437,113
2026-10-04T08:49:00.820387+00:00,1904600011498,8.96,Bueno,9.53,Bueno,interpolacion_delaunay,0,3212,141,667,65
2026-10-04T08:49:00.820387+00:00,1904600010682,10.68,Bueno,11.31,Bueno,interpolacion_delaunay,0,6498,485,714,113
2026-10-04T08:49:00.820387+00:00,1903100450393,19.1,Aceptable,20.8,Bueno,interpolacion_delaunay,0,4470,331,183,115
2026-10-04T08:49:00.820387+00:00,1903100451090,19.75,Aceptable,21.8,Bueno,interpolacion_delaunay,0,3117,391,133,67
2026-10-04T08:49:00.820387+00:00,1903100010340,16.31,Aceptable,18.25,Bueno,interpolacion_delaunay,0,3444,349,252,192
2026-10-04T08:49:00.820387+00:00,1903100450641,21.71,Aceptable,23.77,Bueno,interpolacion_delaunay,0,1572,92,57,77
2026-10-04T08:49:00.820387+00:00,1903100451086,20.54,Aceptable,22.63,Bueno,interpolacion_delaunay,0,3582,470,173,24
2026-10-04T08:49:00.820387+00:00,190310311171A,18.34,Aceptable,20.29,Bueno,interpolacion_delaunay,0,1226,184,39,41
2026-10-04T08:49:00.820387+00:00,1903100450088,19.74,Aceptable,21.63,Bueno,interpolacion_delaunay,0,106,4,27,5
2026-10-04T08:49:00.820387+00:00,1903100450321,21.26,Aceptable,23.24,Bueno,interpolacion_delaunay,0,781,65,43,66
2026-10-04T08:49:00.820387+00:00,1903100450656,17.56,Aceptable,19.04,Bueno,interpolacion_delaunay,0,6656,512,216,203
2026-10-04T08:49:00.820387+00:00,1903100451461,15.71,Aceptable,17.03,Bueno,interpolacion_delaunay,0,215,36,0,4
2026-10-04T08:49:00.820387+00:00,1903100451391,15.8,Aceptable,17.08,Bueno,interpolacion_delaunay,0,400,41,11,20
2026-10-04T08:49:00.820387+00:00,190310001068A,17.1,Aceptable,19.3,Bueno,promedio_sensores,1,5585,402,158,107
2026-10-04T08:49:00.820387+00:00,1903100010872,18.13,Aceptable,20.29,Bueno,interpolacion_delaunay,0,2902,333,115,45
2026-10-04T08:49:00.820387+00:00,1903100450266,17.46,Aceptable,19.03,Bueno,interpolacion_delaunay,0,3518,300,297,140
2026-10-04T08:49:00.820387+00:00,1903100451211,21.23,Aceptable,23.15,Bueno,interpolacion_delaunay,0,318,31,15,12
2026-10-04T08:49:00.820387+00:00,1903100450105,17.98,Aceptable,19.67,Bueno,interpolacion_delaunay,0,617,53,101,42
2026-10-04T08:49:00.820387+00:00,1903100450533,16.05,Aceptable,17.46,Bueno,interpolacion_delaunay,0,112,19,4,0
2026-10-04T08:49:00.820387+00:00,1903100450834,16.63,Aceptable,18.05,Bueno,interpolacion_delaunay,0,5335,620,158,133
2026-10-04T08:49:00.820387+00:00,1903100451122,17.06,Aceptable,18.44,Bueno,interpolacion_delaunay,0,4196,367,129,124
2026-10-04T08:49:00.820387+00:00,1903100451118,15.81,Aceptable,17.13,Bueno,interpolacion_delaunay,0,1143,149,65,58
2026-10-04T08:49:00.820387+00:00,1903100450092,19.84,Aceptable,21.7,Bueno,interpolacion_delaunay,0,5801,601,614,240
2026-10-04T08:49:00.820387+00:00,190310001036A,17.03,Aceptable,18.98,Bueno,interpolacion_delaunay,0,2196,166,139,77
2026-10-04T08:49:00.820387+00:00,1903100011264,17.85,Aceptable,19.97,Bueno,interpolacion_delaunay,0,166,15,10,4
2026-10-04T08:49:00.820387+00:00,1903100011692,19.0,Aceptable,21.06,Bueno,interpolacion_delaunay,0,1994,254,42,57
2026-10-04T08:49:00.820387+00:00,1903100450675,18.32,Aceptable,19.9,Bueno,interpolacion_delaunay,0,2985,254,121,65
2026-10-04T08:49:00.820387+00:00,1903100450815,21.43,Aceptable,23.53,Bueno,interpolacion_delaunay,0,5183,452,347,124
2026-10-04T08:49:00.820387+00:00,1903100450887,20.26,Aceptable,22.08,Bueno,interpolacion_delaunay,0,626,73,50,23
2026-10-04T08:49:00.820387+00:00,1903100450891,20.46,Aceptable,22.24,Bueno,interpolacion_delaunay,0,3371,329,210,148
2026-10-04T08:49:00.820387+00:00,1903100450904,19.88,Aceptable,21.57,Bueno,interpolacion_delaunay,0,2284,216,156,77
2026-10-04T08:49:00.820387+00:00,1903100451438,22.2,Aceptable,24.3,Bueno,promedio_sensores,1,489,62,15,5
2026-10-04T08:49:00.820387+00:00,1903100451442,19.68,Aceptable,21.32,Bueno,interpolacion_delaunay,0,530,59,19,6
2026-10-04T08:49:00.820387+00:00,1903100451828,20.7,Aceptable,22.54,Bueno,interpolacion_delaunay,0,1268,201,24,22
2026-10-04T08:49:00.820387+00:00,1903103131616,18.01,Aceptable,19.36,Bueno,interpolacion_delaunay,0,3396,460,75,104
2026-10-04T08:49:00.820387+00:00,1903100451103,19.12,Aceptable,20.71,Bueno,interpolacion_delaunay,0,1939,184,111,81
2026-10-04T08:49:00.820387+00:00,1903103131601,18.53,Aceptable,19.95,Bueno,interpolacion_delaunay,0,3536,417,97,62
2026-10-04T08:49:00.820387+00:00,1903100451226,17.96,Aceptable,19.43,Bueno,interpolacion_delaunay,0,2587,267,90,42
2026-10-04T08:49:00.820387+00:00,1903103111512,19.98,Aceptable,21.71,Bueno,interpolacion_delaunay,0,2486,240,126,82
2026-10-04T08:49:00.820387+00:00,1903100451635,15.03,Aceptable,16.25,Bueno,interpolacion_delaunay,0,3621,518,70,103
2026-10-04T08:49:00.820387+00:00,1903103131300,19.0,Aceptable,20.4,Bueno,promedio_sensores,1,4074,495,120,80
2026-10-04T08:49:00.820387+00:00,1903103111508,18.18,Aceptable,20.02,Bueno,interpolacion_delaunay,0,3724,412,113,64
2026-10-04T08:49:00.820387+00:00,1903100451387,16.3,Aceptable,17.67,Bueno,interpolacion_delaunay,0,1540,218,34,55
2026-10-04T08:49:00.820387+00:00,1903100452101,14.21,Bueno,15.37,Bueno,interpolacion_delaunay,0,1249,214,20,18
2026-10-04T08:49:00.820387+00:00,1903100451283,15.45,Aceptable,16.66,Bueno,interpolacion_delaunay,0,3230,373,88,78
2026-10-04T08:49:00.820387+00:00,1903103111527,19.16,Aceptable,20.94,Bueno,interpolacion_delaunay,0,1682,145,143,89
2026-10-04T08:49:00.820387+00:00,1903100452402,14.51,Bueno,15.65,Bueno,interpolacion_delaunay,0,0,0,0,0
2026-10-04T14:43:38.241135+00:00,1900601740121,5.9,Bueno,6.4,Bueno,promedio_sensores,1,2694,310,73,36
2026-10-04T14:43:38.241135+00:00,1900601740155,5.53,Bueno,6.01,Bueno,interpolacion_delaunay,0,1820,285,54,16
2026-10-04T14:43:38.241135+00:00,1900600781948,5.42,Bueno,5.87,Bueno,interpolacion_delaunay,0,1170,93,69,32
2026-10-04T14:43:38.241135+00:00,1900600012236,4.88,Bueno,5.32,Bueno,interpolacion_delaunay,0,264,28,6,0
2026-10-04T14:43:38.241135+00:00,1900600010225,4.51,Bueno,4.92,Bueno,interpolacion_delaunay,0,1,0,0,0
2026-10-04T14:43:38.241135+00:00,1900600010206,3.52,Bueno,3.86,Bueno,interpolacion_delaunay,0,6646,747,526,177
2026-10-04T14:43:38.241135+00:00,1900600010210,4.31,Bueno,4.7,Bueno,interpolacion_delaunay,0,0,0,0,0
2026-10-04T14:43:38.241135+00:00,1900600010244,4.08,Bueno,4.46,Bueno,interpolacion_delaunay,0,90,3,14,3
2026-10-04T14:43:38.241135+00:00,1900600010259,3.73,Bueno,4.09,Bueno,interpolacion_delaunay,0,3329,268,159,53
2026-10-04T14:43:38.241135+00:00,1900600010278,4.2,Bueno,4.59,Bueno,interpolacion_delaunay,0,486,52,18,8
2026-10-04T14:43:38.241135+00:00,1900600010297,5.01,Bueno,5.45,Bueno,interpolacion_delaunay,0,5850,524,288,225
2026-10-04T14:43:38.241135+00:00,1900600010475,4.42,Bueno,4.83,Bueno,interpolacion_delaunay,0,4729,407,844,249
2026-10-04T14:43:38.241135+00:00,190060001030A,5.13,Bueno,5.58,Bueno,interpolacion_delaunay,0,4134,431,170,127
2026-10-04T14:43:38.241135+00:00,1900600010348,4.44,Bueno,4.86,Bueno,interpolacion_delaunay,0,7877,871,609,196
2026-10-04T14:43:38.241135+00:00,1900600010460,4.26,Bueno,4.66,Bueno,interpolacion_delaunay,0,4909,343,1088,217
2026-10-04T14:43:38.241135+00:00,1900600010352,4.66,Bueno,5.08,Bueno,interpolacion_delaunay,0,1017,63,153,80
2026-10-04T14:43:38.241135+00:00,1900600010367,4.5,Bueno,4.92,Bueno,interpolacion_delaunay,0,469,45,60,46
2026-10-04T14:43:38.241135+00:00,1900600010403,3.07,Bueno,3.38,Bueno,interpolacion_delaunay,0,4726,352,972,196
2026-10-04T14:43:38.241135+00:00,190060001055A,3.29,Bueno,3.61,Bueno,interpolacion_delaunay,0,4579,363,547,197
2026-10-04T14:43:38.241135+00:00,1900600010583,4.34,Bueno,4.74,Bueno,interpolacion_delaunay,0,4964,382,425,153
2026-10-04T14:43:38.241135+00:00,1900600010598,4.64,Bueno,5.06,Bueno,interpolacion_delaunay,0,5332,416,338,212
2026-10-04T14:43:38.241135+00:00,1900600010723,2.75,Bueno,2.79,Bueno,interpolacion_delaunay,0,5109,353,1039,281
2026-10-04T14:43:38.241135+00:00,1900600010780,4.76,Bueno,5.19,Bueno,interpolacion_delaunay,0,3755,348,382,222
2026-10-04T14:43:38.241135+00:00,1900600010795,4.69,Bueno,5.11,Bueno,interpolacion_delaunay,0,5270,506,424,204
2026-10-04T14:43:38.241135+00:00,1900600010808,4.58,Bueno,5.01,Bueno,interpolacion_delaunay,0,3443,304,372,102
2026-10-04T14:43:38.241135+00:00,1900600010920,2.9,Bueno,3.2,Bueno,promedio_sensores,1,5729,316,496,128
2026-10-04T14:43:38.241135+00:00,1900600011011,3.83,Bueno,4.19,Bueno,interpolacion_delaunay,0,0,0,0,0
2026-10-04T14:43:38.241135+00:00,1900600011026,4.04,Bueno,4.42,Bueno,interpolacion_delaunay,0,0,0,0,0
2026-10-04T14:43:38.241135+00:00,1900600011064,3.08,Bueno,3.39,Bueno,interpolacion_delaunay,0,4513,371,370,162
2026-10-04T14:43:38.241135+00:00,1900600011098,3.41,Bueno,3.84,Bueno,interpolacion_delaunay,0,5772,542,419,165
2026-10-04T14:43:38.241135+00:00,1900600011149,4.72,Bueno,5.15,Bueno,interpolacion_delaunay,0,1140,100,87,38
2026-10-04T14:43:38.241135+00:00,1900600011350,3.16,Bueno,3.48,Bueno,interpolacion_delaunay,0,3323,233,353,93
2026-10-04T14:43:38.241135+00:00,1900600011365,3.23,Bueno,3.55,Bueno,interpolacion_delaunay,0,3259,285,225,87
2026-10-04T14:43:38.241135+00:00,190060001137A,2.85,Bueno,2.95,Bueno,interpolacion_delaunay,0,2748,223,522,132
2026-10-04T14:43:38.241135+00:00,1900600011632,5.36,Bueno,5.83,Bueno,interpolacion_delaunay,0,5931,475,161,144
2026-10-04T14:43:38.241135+00:00,1900600011384,2.95,Bueno,3.12,Bueno,interpolacion_delaunay,0,3359,263,352,73
2026-10-04T14:43:38.241135+00:00,1900600011399,3.37,Bueno,3.71,Bueno,interpolacion_delaunay,0,2371,274,284,91
2026-10-04T14:43:38.241135+00:00,1900600011469,5.28,Bueno,5.73,Bueno,interpolacion_delaunay,0,1932,125,131,96
2026-10-04T14:43:38.241135+00:00,1900600011401,3.31,Bueno,3.64,Bueno,interpolacion_delaunay,0,3593,269,468,144
2026-10-04T14:43:38.241135+00:00,190060001144A,5.02,Bueno,5.47,Bueno,interpolacion_delaunay,0,6239,575,321,95
2026-10-04T14:43:38.241135+00:00,1900600011473,4.49,Bueno,4.9,Bueno,interpolacion_delaunay,0,2826,209,259,107
2026-10-04T14:43:38.241135+00:00,1900600011488,4.42,Bueno,4.83,Bueno,interpolacion_delaunay,0,2922,234,293,96
2026-10-04T14:43:38.241135+00:00,1900600011492,4.58,Bueno,5.0,Bueno,interpolacion_delaunay,0,1725,134,78,56
2026-10-04T14:43:38.241135+00:00,1900600011505,4.73,Bueno,5.16,Bueno,interpolacion_delaunay,0,2030,151,78,103
2026-10-04T14:43:38.241135+00:00,190060001151A,4.82,Bueno,5.25,Bueno,interpolacion_delaunay,0,4650,413,187,145
2026-10-04T14:43:38.241135+00:00,1900600011524,4.96,Bueno,5.4,Bueno,interpolacion_delaunay,0,3658,279,744,150
2026-10-04T14:43:38.241135+00:00,1900600011539,4.87,Bueno,5.31,Bueno,interpolacion_delaunay,0,3879,269,179,190
2026-10-04T14:43:38.241135+00:00,1900600011543,4.72,Bueno,5.14,Bueno,interpolacion_delaunay,0,3926,372,127,91
2026-10-04T14:43:38.241135+00:00,1900600011844,5.32,Bueno,5.78,Bueno,interpolacion_delaunay,0,1922,166,57,23
2026-10-04T14:43:38.241135+00:00,1900600011666,5.36,Bueno,5.83,Bueno,interpolacion_delaunay,0,2454,221,74,68
2026-10-04T14:43:38.241135+00:00,1900600011859,5.28,Bueno,5.74,Bueno,interpolacion_delaunay,0,1533,143,46,34
2026-10-04T14:43:38.241135+00:00,1900600011863,4.87,Bueno,5.31,Bueno,interpolacion_delaunay,0,1050,130,36,5
2026-10-04T14:43:38.241135+00:00,1900600011878,5.02,Bueno,5.47,Bueno,interpolacion_delaunay,0,5255,440,206,130
2026-10-04T14:43:38.241135+00:00,1900600011882,5.13,Bueno,5.59,Bueno,interpolacion_delaunay,0,5356,444,208,243
2026-10-04T14:43:38.241135+00:00,190060001190A,4.84,Bueno,5.28,Bueno,interpolacion_delaunay,0,3346,296,126,99
2026-10-04T14:43:38.241135+00:00,1900600011914,5.05,Bueno,5.5,Bueno,interpolacion_delaunay,0,5844,518,215,189
2026-10-04T14:43:38.241135+00:00,1900600011929,5.17,Bueno,5.61,Bueno,interpolacion_delaunay,0,5690,426,232,211
2026-10-04T14:43:38.241135+00:00,1900600012043,5.27,Bueno,5.74,Bueno,interpolacion_delaunay,0,3660,375,120,69
2026-10-04T14:43:38.241135+00:00,1900600012109,5.21,Bueno,5.67,Bueno,interpolacion_delaunay,0,1488,155,32,33
2026-10-04T14:43:38.241135+00:00,1900600012128,4.93,Bueno,5.37,Bueno,interpolacion_delaunay,0,1714,168,66,31
2026-10-04T14:43:38.241135+00:00,190060001226A,4.52,Bueno,4.93,Bueno,interpolacion_delaunay,0,4528,324,328,117
2026-10-04T14:43:38.241135+00:00,1900600012274,4.78,Bueno,5.21,Bueno,interpolacion_delaunay,0,5782,615,191,106
2026-10-04T14:43:38.241135+00:00,190060001233A,5.33,Bueno,5.8,Bueno,interpolacion_delaunay,0,2449,267,53,48
2026-10-04T14:43:38.241135+00:00,1900600012414,5.1,Bueno,5.55,Bueno,interpolacion_delaunay,0,2297,332,39,45
2026-10-04T14:43:38.241135+00:00,1900600012429,5.13,Bueno,5.58,Bueno,interpolacion_delaunay,0,3283,479,97,39
2026-10-04T14:43:38.241135+00:00,1900600012734,4.9,Bueno,5.35,Bueno,interpolacion_delaunay,0,961,146,24,13
2026-10-04T14:43:38.241135+00:00,1900600010992,3.88,Bueno,4.25,Bueno,interpolacion_delaunay,0,0,0,0,0
2026-10-04T14:43:38.241135+00:00,1900600012804,3.7,Bueno,4.05,Bueno,interpolacion_delaunay,0,705,129,13,7
2026-10-04T14:43:38.241135+00:00,1900600011897,5.28,Bueno,5.72,Bueno,interpolacion_delaunay,0,3063,294,202,149
2026-10-04T14:43:38.241135+00:00,1900600012202,5.3,Bueno,5.76,Bueno,interpolacion_delaunay,0,372,48,3,8
2026-10-04T14:43:38.241135+00:00,1900600012039,5.21,Bueno,5.66,Bueno,interpolacion_delaunay,0,2684,242,90,67
2026-10-04T14:43:38.241135+00:00,1900601740047,5.64,Bueno,6.13,Bueno,interpolacion_delaunay,0,1719,266,38,40
2026-10-04T14:43:38.241135+00:00,190190001005A,4.02,Bueno,4.3,Bueno,interpolacion_delaunay,0,2404,108,693,69
2026-10-04T14:43:38.241135+00:00,1901900010064,10.77,Bueno,11.57,Bueno,promedio_sensores,4,2721,181,677,58
2026-10-04T14:43:38.241135+00:00,1901900010079,4.7,Bueno,5.1,Bueno,promedio_sensores,1,4464,212,1159,127
2026-10-04T14:43:38.241135+00:00,1901900010083,3.67,Bueno,3.9,Bueno,promedio_sensores,3,1374,63,441,45
2026-10-04T14:43:38.241135+00:00,1901900010098,3.5,Bueno,3.6,Bueno,promedio_sensores,1,1854,103,460,42
2026-10-04T14:43:38.241135+00:00,1901900010100,6.2,Bueno,6.6,Bueno,promedio_sensores,1,1944,129,547,21
2026-10-04T14:43:38.241135+00:00,1901900010149,6.9,Bueno,7.3,Bueno,promedio_sensores,1,1163,75,215,15
2026-10-04T14:43:38.241135+00:00,1901900010153,6.8,Bueno,7.4,Bueno,promedio_sensores,1,1800,134,430,81
2026-10-04T14:43:38.241135+00:00,1901900010168,4.7,Bueno,5.1,Bueno,promedio_sensores,1,1570,81,416,43
2026-10-04T14:43:38.241135+00:00,1901900010172,4.34,Bueno,4.58,Bueno,interpolacion_delaunay,0,1335,59,357,29
2026-10-04T14:43:38.241135+00:00,1901900010187,4.63,Bueno,5.05,Bueno,interpolacion_delaunay,0,4463,306,999,93
2026-10-04T14:43:38.241135+00:00,1901900010191,2.0,Bueno,2.2,Bueno,promedio_sensores,1,2824,172,637,108
2026-10-04T14:43:38.241135+00:00,1901900010204,3.37,Bueno,3.55,Bueno,interpolacion_delaunay,0,3926,317,736,119
2026-10-04T14:43:38.241135+00:00,1901900010223,4.22,Bueno,4.41,Bueno,interpolacion_delaunay,0,2979,89,503,54
2026-10-04T14:43:38.241135+00:00,1901900010238,4.1,Bueno,4.2,Bueno,promedio_sensores,1,1904,73,302,23
2026-10-04T14:43:38.241135+00:00,1901900010242,2.77,Bueno,3.03,Bueno,promedio_sensores,3,2717,143,729,92
2026-10-04T14:43:38.241135+00:00,1901900010257,4.3,Bueno,4.7,Bueno,promedio_sensores,1,1307,56,361,13
2026-10-04T14:43:38.241135+00:00,1901900010261,2.0,Bueno,2.1,Bueno,promedio_sensores,2,2240,113,567,42
2026-10-04T14:43:38.241135+00:00,1901900010280,2.93,Bueno,3.04,Bueno,interpolacion_delaunay,0,2690,79,360,43
2026-10-04T14:43:38.241135+00:00,1901900010350,5.18,Bueno,5.54,Bueno,interpolacion_delaunay,0,2768,148,592,68
2026-10-04T14:43:38.241135+00:00,1901900010365,11.2,Bueno,11.2,Bueno,promedio_sensores,1,3419,327,293,61
2026-10-04T14:43:38.241135+00:00,1901900010399,5.15,Bueno,5.4,Bueno,promedio_sensores,2,1162,6,68,0
2026-10-04T14:43:38.241135+00:00,1901900010401,3.7,Bueno,4.2,Bueno,promedio_sensores,1,2375,247,392,86
2026-10-04T14:43:38.241135+00:00,1901900010416,2.95,Bueno,3.2,Bueno,interpolacion_delaunay,0,700,19,105,4
2026-10-04T14:43:38.241135+00:00,1901900010420,3.5,Bueno,3.6,Bueno,promedio_sensores,1,1696,93,408,47
2026-10-04T14:43:38.241135+00:00,1901900010435,4.0,Bueno,4.1,Bueno,promedio_sensores,1,4494,346,601,54
2026-10-04T14:43:38.241135+00:00,190190001044A,4.93,Bueno,5.53,Bueno,promedio_sensores,3,4383,354,439,56
2026-10-04T14:43:38.241135+00:00,1901900010454,3.4,Bueno,3.6,Bueno,promedio_sensores,2,557,26,114,11
2026-10-04T14:43:38.241135+00:00,1901900010469,2.7,Bueno,3.0,Bueno,promedio_sensores,1,3112,170,568,37
2026-10-04T14:43:38.241135+00:00,1901900010473,2.94,Bueno,3.13,Bueno,interpolacion_delaunay,0,983,46,182,19
2026-10-04T14:43:38.241135+00:00,1901900010488,2.6,Bueno,2.75,Bueno,promedio_sensores,2,2757,295,371,102
2026-10-04T14:43:38.241135+00:00,1901900010492,1.85,Bueno,1.85,Bueno,promedio_sensores,2,2848,173,697,71
2026-10-04T14:43:38.241135+00:00,1901900010505,2.45,Bueno,2.59,Bueno,interpolacion_delaunay,0,2494,111,512,19
2026-10-04T14:43:38.241135+00:00,190190001051A,3.1,Bueno,3.3,Bueno,promedio_sensores,1,1899,111,507,36
2026-10-04T14:43:38.241135+00:00,1901900010558,3.37,Bueno,3.57,Bueno,promedio_sensores,3,1349,87,230,21
2026-10-04T14:43:38.241135+00:00,1901900010613,2.33,Bueno,2.47,Bueno,interpolacion_delaunay,0,132,0,20,0
2026-10-04T14:43:38.241135+00:00,1901900010384,3.98,Bueno,4.35,Bueno,interpolacion_delaunay,0,1111,19,119,15
2026-10-04T14:43:38.241135+00:00,1901900010219,3.96,Bueno,4.13,Bueno,interpolacion_delaunay,0,1954,106,555,58
2026-10-04T14:43:38.241135+00:00,1902100011338,2.87,Bueno,3.5,Bueno,interpolacion_delaunay,0,2800,219,134,55
2026-10-04T14:43:38.241135+00:00,1902100011817,2.6,Bueno,3.2,Bueno,promedio_sensores,1,583,52,40,11
2026-10-04T14:43:38.241135+00:00,1902100010293,3.15,Bueno,3.66,Bueno,interpolacion_delaunay,0,2008,84,165,35
2026-10-04T14:43:38.241135+00:00,190210001033A,2.91,Bueno,3.5,Bueno,interpolacion_delaunay,0,4000,286,440,91
2026-10-04T14:43:38.241135+00:00,1902100011060,3.91,Bueno,4.37,Bueno,interpolacion_delaunay,0,3355,278,195,95
2026-10-04T14:43:38.241135+00:00,1902100010289,3.27,Bueno,3.76,Bueno,interpolacion_delaunay,0,1352,78,109,44
2026-10-04T14:43:38.241135+00:00,1902100010325,3.64,Bueno,4.1,Bueno,interpolacion_delaunay,0,1,0,0,0
2026-10-04T14:43:38.241135+00:00,1902100011412,2.7,Bueno,2.7,Bueno,promedio_sensores,1,3239,228,156,27
2026-10-04T14:43:38.241135+00:00,1902100011427,2.61,Bueno,3.18,Bueno,interpolacion_delaunay,0,4126,302,227,21
2026-10-04T14:43:38.241135+00:00,1902100011408,2.76,Bueno,3.26,Bueno,interpolacion_delaunay,0,6781,377,571,69
2026-10-04T14:43:38.241135+00:00,1902100011342,2.97,Bueno,3.61,Bueno,interpolacion_delaunay,0,4655,261,185,126
2026-10-04T14:43:38.241135+00:00,1902100010043,4.14,Bueno,4.57,Bueno,interpolacion_delaunay,0,4208,322,819,334
2026-10-04T14:43:38.241135+00:00,1902100010255,3.36,Bueno,3.93,Bueno,interpolacion_delaunay,0,6704,625,410,194
2026-10-04T14:43:38.241135+00:00,1902100010378,4.3,Bueno,4.6,Bueno,promedio_sensores,1,4134,262,294,72
2026-10-04T14:43:38.241135+00:00,1902100011075,3.94,Bueno,4.57,Bueno,interpolacion_delaunay,0,8122,855,320,248
2026-10-04T14:43:38.241135+00:00,1902600011832,4.3,Bueno,4.7,Bueno,interpolacion_delaunay,0,3764,305,386,174
2026-10-04T14:43:38.241135+00:00,1902600010035,4.57,Bueno,4.98,Bueno,interpolacion_delaunay,0,1597,156,285,106
2026-10-04T14:43:38.241135+00:00,1902600012332,3.31,Bueno,3.9,Bueno,interpolacion_delaunay,0,5634,507,898,399
2026-10-04T14:43:38.241135+00:00,1902600010020,4.28,Bueno,4.68,Bueno,interpolacion_delaunay,0,1825,174,355,160
2026-10-04T14:43:38.241135+00:00,1902600011279,4.43,Bueno,4.84,Bueno,interpolacion_delaunay,0,4324,384,731,269
2026-10-04T14:43:38.241135+00:00,1902600011283,4.56,Bueno,4.97,Bueno,interpolacion_delaunay,0,3719,341,754,207
2026-10-04T14:43:38.241135+00:00,1902600012440,3.94,Bueno,4.32,Bueno,interpolacion_delaunay,0,2604,133,153,35
2026-10-04T14:43:38.241135+00:00,1902600012667,4.12,Bueno,4.51,Bueno,interpolacion_delaunay,0,778,73,30,14
2026-10-04T14:43:38.241135+00:00,1902600012811,3.7,Bueno,4.25,Bueno,interpolacion_delaunay,0,26,4,0,0
2026-10-04T14:43:38.241135+00:00,1902600010459,6.97,Bueno,7.77,Bueno,interpolacion_delaunay,0,3039,123,850,229
2026-10-04T14:43:38.241135+00:00,1902600010317,6.94,Bueno,7.71,Bueno,interpolacion_delaunay,0,4084,275,902,321
2026-10-04T14:43:38.241135+00:00,1902600010957,4.4,Bueno,4.81,Bueno,interpolacion_delaunay,0,5841,533,1121,336
2026-10-04T14:43:38.241135+00:00,1902600011103,4.18,Bueno,4.52,Bueno,interpolacion_delaunay,0,950,69,80,47
2026-10-04T14:43:38.241135+00:00,1902600011457,5.21,Bueno,5.79,Bueno,interpolacion_delaunay,0,2279,129,466,94
2026-10-04T14:43:38.241135+00:00,1902600011404,4.57,Bueno,5.23,Bueno,interpolacion_delaunay,0,3115,227,702,219
2026-10-04T14:43:38.241135+00:00,1902600011508,4.14,Bueno,4.49,Bueno,interpolacion_delaunay,0,1978,175,250,90
2026-10-04T14:43:38.241135+00:00,1902600011828,4.2,Bueno,4.6,Bueno,interpolacion_delaunay,0,2175,178,266,60
2026-10-04T14:43:38.241135+00:00,1902600011847,4.23,Bueno,4.62,Bueno,interpolacion_delaunay,0,4488,374,407,157
2026-10-04T14:43:38.241135+00:00,1902600012402,3.84,Bueno,4.29,Bueno,interpolacion_delaunay,0,2699,234,353,170
2026-10-04T14:43:38.241135+00:00,1902600012205,3.63,Bueno,4.08,Bueno,interpolacion_delaunay,0,4435,432,502,204
2026-10-04T14:43:38.241135+00:00,1902600012258,4.28,Bueno,4.66,Bueno,interpolacion_delaunay,0,1006,77,102,40
2026-10-04T14:43:38.241135+00:00,1902600012296,3.61,Bueno,3.99,Bueno,interpolacion_delaunay,0,4398,237,919,190
2026-10-04T14:43:38.241135+00:00,1902600012455,4.09,Bueno,4.48,Bueno,interpolacion_delaunay,0,4962,328,296,118
2026-10-04T14:43:38.241135+00:00,1902600010302,7.13,Bueno,7.93,Bueno,interpolacion_delaunay,0,2790,166,675,209
2026-10-04T14:43:38.241135+00:00,1902600010425,7.26,Bueno,7.99,Bueno,interpolacion_delaunay,0,3687,235,843,230
2026-10-04T14:43:38.241135+00:00,1902600010533,7.67,Bueno,8.43,Bueno,interpolacion_delaunay,0,1681,81,395,96
2026-10-04T14:43:38.241135+00:00,1902600011813,4.12,Bueno,4.51,Bueno,interpolacion_delaunay,0,5250,447,545,129
2026-10-04T14:43:38.241135+00:00,1902600011851,4.16,Bueno,4.56,Bueno,interpolacion_delaunay,0,4115,305,359,155
2026-10-04T14:43:38.241135+00:00,1902600012436,3.98,Bueno,4.36,Bueno,interpolacion_delaunay,0,3242,185,145,20
2026-10-04T14:43:38.241135+00:00,1902600012686,4.38,Bueno,4.78,Bueno,interpolacion_delaunay,0,40,3,7,5
2026-10-04T14:43:38.241135+00:00,1902600010124,3.54,Bueno,4.08,Bueno,interpolacion_delaunay,0,2665,140,749,113
2026-10-04T14:43:38.241135+00:00,1902600012417,3.57,Bueno,3.95,Bueno,interpolacion_delaunay,0,2073,147,228,128
2026-10-04T14:43:38.241135+00:00,1902600012347,3.55,Bueno,4.1,Bueno,interpolacion_delaunay,0,4440,433,247,105
2026-10-04T14:43:38.241135+00:00,190260001239A,4.47,Bueno,4.89,Bueno,interpolacion_delaunay,0,2697,236,207,88
2026-10-04T14:43:38.241135+00:00,190260001260A,4.32,Bueno,4.71,Bueno,interpolacion_delaunay,0,979,82,21,36
2026-10-04T14:43:38.241135+00:00,1902600011391,5.45,Bueno,6.02,Bueno,interpolacion_delaunay,0,3747,280,1036,286
2026-10-04T14:43:38.241135+00:00,1902600010251,4.51,Bueno,5.05,Bueno,interpolacion_delaunay,0,6072,581,994,581
2026-10-04T14:43:38.241135+00:00,1902600010707,5.43,Bueno,6.08,Bueno,interpolacion_delaunay,0,4261,296,986,365
2026-10-04T14:43:38.241135+00:00,190260001157A,5.26,Bueno,5.88,Bueno,interpolacion_delaunay,0,2161,148,444,126
2026-10-04T14:43:38.241135+00:00,1902600011654,3.71,Bueno,4.16,Bueno,interpolacion_delaunay,0,3737,309,535,205
2026-10-04T14:43:38.241135+00:00,1902600012385,3.64,Bueno,4.18,Bueno,interpolacion_delaunay,0,108,11,8,5
2026-10-04T14:43:38.241135+00:00,1902600011495,4.02,Bueno,4.38,Bueno,interpolacion_delaunay,0,2675,203,421,91
2026-10-04T14:43:38.241135+00:00,1902600012525,3.68,Bueno,4.21,Bueno,interpolacion_delaunay,0,6162,464,363,124
2026-10-04T14:43:38.241135+00:00,1902600010995,4.27,Bueno,4.68,Bueno,interpolacion_delaunay,0,1016,61,224,56
2026-10-04T14:43:38.241135+00:00,1902600011866,3.69,Bueno,4.33,Bueno,interpolacion_delaunay,0,3064,167,548,67
2026-10-04T14:43:38.241135+00:00,190260001207A,2.83,Bueno,3.29,Bueno,interpolacion_delaunay,0,2199,99,452,47
2026-10-04T14:43:38.241135+00:00,1902600012120,5.79,Bueno,6.06,Bueno,interpolacion_delaunay,0,1092,33,384,28
2026-10-04T14:43:38.241135+00:00,1902600012135,11.18,Bueno,11.35,Bueno,interpolacion_delaunay,0,1356,47,414,29
2026-10-04T14:43:38.241135+00:00,1902600012544,3.36,Bueno,3.89,Bueno,interpolacion_delaunay,0,2171,187,206,83
2026-10-04T14:43:38.241135+00:00,1902600010069,5.74,Bueno,6.51,Bueno,interpolacion_delaunay,0,1920,94,579,107
2026-10-04T14:43:38.241135+00:00,1902600010073,5.48,Bueno,6.23,Bueno,interpolacion_delaunay,0,3137,159,955,77
2026-10-04T14:43:38.241135+00:00,1902600010088,4.88,Bueno,5.6,Bueno,interpolacion_delaunay,0,2870,157,722,160
2026-10-04T14:43:38.241135+00:00,1902600010158,7.3,Bueno,8.11,Bueno,interpolacion_delaunay,0,1517,70,502,83
2026-10-04T14:43:38.241135+00:00,190260001029A,7.37,Bueno,8.2,Bueno,interpolacion_delaunay,0,1809,94,461,133
2026-10-04T14:43:38.241135+00:00,1902600011885,5.91,Bueno,6.71,Bueno,interpolacion_delaunay,0,1944,100,497,103
2026-10-04T14:43:38.241135+00:00,1902600012192,4.3,Bueno,4.68,Bueno,interpolacion_delaunay,0,2742,217,241,94
2026-10-04T14:43:38.241135+00:00,1902600012243,2.71,Bueno,3.22,Bueno,interpolacion_delaunay,0,316,37,21,22
2026-10-04T14:43:38.241135+00:00,1902600012421,3.61,Bueno,3.88,Bueno,interpolacion_delaunay,0,2385,134,120,49
2026-10-04T14:43:38.241135+00:00,1902600012597,4.15,Bueno,4.54,Bueno,interpolacion_delaunay,0,3539,244,126,97
2026-10-04T14:43:38.241135+00:00,1902600011029,4.08,Bueno,4.48,Bueno,interpolacion_delaunay,0,1109,94,97,45
2026-10-04T14:43:38.241135+00:00,190260001189A,6.33,Bueno,7.13,Bueno,interpolacion_delaunay,0,2117,131,543,112
2026-10-04T14:43:38.241135+00:00,1902600012703,3.87,Bueno,4.44,Bueno,interpolacion_delaunay,0,632,49,33,14
2026-10-04T14:43:38.241135+00:00,1902600011372,5.84,Bueno,6.46,Bueno,interpolacion_delaunay,0,2451,168,520,192
2026-10-04T14:43:38.241135+00:00,1902600012366,4.35,Bueno,4.74,Bueno,interpolacion_delaunay,0,350,28,12,6
2026-10-04T14:43:38.241135+00:00,1902600010321,6.77,Bueno,7.51,Bueno,interpolacion_delaunay,0,5159,259,1483,335
2026-10-04T14:43:38.241135+00:00,1902600010336,6.56,Bueno,7.27,Bueno,interpolacion_delaunay,0,3112,150,945,118
2026-10-04T14:43:38.241135+00:00,1902600010340,6.39,Bueno,7.07,Bueno,interpolacion_delaunay,0,5009,289,1452,316
2026-10-04T14:43:38.241135+00:00,1902600010355,6.05,Bueno,6.71,Bueno,interpolacion_delaunay,0,2172,143,527,123
2026-10-04T14:43:38.241135+00:00,1902600010389,5.62,Bueno,6.21,Bueno,interpolacion_delaunay,0,3485,223,809,188
2026-10-04T14:43:38.241135+00:00,1902600010393,5.17,Bueno,5.74,Bueno,interpolacion_delaunay,0,4293,274,932,186
2026-10-04T14:43:38.241135+00:00,1902600010618,5.49,Bueno,6.12,Bueno,interpolacion_delaunay,0,3420,248,733,217
2026-10-04T14:43:38.241135+00:00,1902600010730,5.01,Bueno,5.42,Bueno,interpolacion_delaunay,0,4610,359,992,364
2026-10-04T14:43:38.241135+00:00,1902600011033,3.91,Bueno,4.3,Bueno,interpolacion_delaunay,0,5199,444,572,162
2026-10-04T14:43:38.241135+00:00,1902600011122,3.56,Bueno,4.07,Bueno,interpolacion_delaunay,0,6940,637,766,300
2026-10-04T14:43:38.241135+00:00,1902600011546,6.01,Bueno,6.73,Bueno,interpolacion_delaunay,0,3715,209,870,202
2026-10-04T14:43:38.241135+00:00,1902600011461,4.96,Bueno,5.52,Bueno,interpolacion_delaunay,0,3227,233,684,198
2026-10-04T14:43:38.241135+00:00,190260001132A,6.3,Bueno,7.01,Bueno,interpolacion_delaunay,0,2713,152,488,78
2026-10-04T14:43:38.241135+00:00,1902600011334,3.89,Bueno,4.37,Bueno,interpolacion_delaunay,0,3525,289,683,240
2026-10-04T14:43:38.241135+00:00,1902600011349,3.91,Bueno,4.32,Bueno,interpolacion_delaunay,0,2716,239,484,222
2026-10-04T14:43:38.241135+00:00,1902600011368,5.86,Bueno,6.5,Bueno,interpolacion_delaunay,0,3348,226,652,119
2026-10-04T14:43:38.241135+00:00,1902600011419,6.69,Bueno,7.44,Bueno,interpolacion_delaunay,0,2833,144,728,158
2026-10-04T14:43:38.241135+00:00,1902600011442,5.28,Bueno,5.89,Bueno,interpolacion_delaunay,0,3169,182,598,174
2026-10-04T14:43:38.241135+00:00,1902600011565,5.63,Bueno,6.3,Bueno,interpolacion_delaunay,0,4076,290,816,263
2026-10-04T14:43:38.241135+00:00,1902600011584,5.2,Bueno,5.74,Bueno,interpolacion_delaunay,0,4255,317,895,221
2026-10-04T14:43:38.241135+00:00,1902600011599,5.08,Bueno,5.59,Bueno,interpolacion_delaunay,0,2923,228,572,152
2026-10-04T14:43:38.241135+00:00,1902600011601,5.2,Bueno,5.6,Bueno,promedio_sensores,1,3474,261,775,299
2026-10-04T14:43:38.241135+00:00,1902600011688,4.65,Bueno,5.09,Bueno,interpolacion_delaunay,0,3727,240,688,249
2026-10-04T14:43:38.241135+00:00,190260001171A,4.28,Bueno,4.8,Bueno,interpolacion_delaunay,0,4383,321,770,213
2026-10-04T14:43:38.241135+00:00,1902600012008,4.1,Bueno,4.62,Bueno,interpolacion_delaunay,0,1064,52,278,35
2026-10-04T14:43:38.241135+00:00,1902600011781,4.73,Bueno,5.35,Bueno,interpolacion_delaunay,0,260,22,25,0
2026-10-04T14:43:38.241135+00:00,1902600011989,5.84,Bueno,6.53,Bueno,interpolacion_delaunay,0,3336,217,653,151
2026-10-04T14:43:38.241135+00:00,1902600012027,4.4,Bueno,4.87,Bueno,interpolacion_delaunay,0,5601,339,676,195
2026-10-04T14:43:38.241135+00:00,1902600012116,3.77,Bueno,4.37,Bueno,interpolacion_delaunay,0,2265,174,319,64
2026-10-04T14:43:38.241135+00:00,1902600012328,4.27,Bueno,4.65,Bueno,interpolacion_delaunay,0,2737,200,173,54
2026-10-04T14:43:38.241135+00:00,1902600012510,3.68,Bueno,4.2,Bueno,interpolacion_delaunay,0,3466,257,269,90
2026-10-04T14:43:38.241135+00:00,1902600012578,3.82,Bueno,4.42,Bueno,interpolacion_delaunay,0,2465,185,298,196
2026-10-04T14:43:38.241135+00:00,1902600012582,3.92,Bueno,4.54,Bueno,interpolacion_delaunay,0,2739,201,423,283
2026-10-04T14:43:38.241135+00:00,1902600012614,4.13,Bueno,4.51,Bueno,interpolacion_delaunay,0,3024,272,68,36
2026-10-04T14:43:38.241135+00:00,1902600010177,6.5,Bueno,7.27,Bueno,interpolacion_delaunay,0,1769,60,559,90
2026-10-04T14:43:38.241135+00:00,1902600010444,5.53,Bueno,6.24,Bueno,interpolacion_delaunay,0,2474,121,665,111
2026-10-04T14:43:38.241135+00:00,1902600011531,6.17,Bueno,6.9,Bueno,interpolacion_delaunay,0,3594,235,816,160
2026-10-04T14:43:38.241135+00:00,1902600010232,4.62,Bueno,5.21,Bueno,interpolacion_delaunay,0,2521,162,744,110
2026-10-04T14:43:38.241135+00:00,1902600010196,6.23,Bueno,6.98,Bueno,interpolacion_delaunay,0,1557,66,485,73
2026-10-04T14:43:38.241135+00:00,1902600010213,4.84,Bueno,5.47,Bueno,interpolacion_delaunay,0,2063,114,530,142
2026-10-04T14:43:38.241135+00:00,190260001011A,3.94,Bueno,4.56,Bueno,interpolacion_delaunay,0,3115,155,816,154
2026-10-04T14:43:38.241135+00:00,1902600010162,6.8,Bueno,7.58,Bueno,interpolacion_delaunay,0,1624,64,473,65
2026-10-04T14:43:38.241135+00:00,1902600010181,7.21,Bueno,7.99,Bueno,interpolacion_delaunay,0,1561,63,499,94
2026-10-04T14:43:38.241135+00:00,1902600010228,5.32,Bueno,5.95,Bueno,interpolacion_delaunay,0,1619,140,316,120
2026-10-04T14:43:38.241135+00:00,1902600010603,5.61,Bueno,6.25,Bueno,interpolacion_delaunay,0,1632,93,346,132
2026-10-04T14:43:38.241135+00:00,1902600010745,4.84,Bueno,5.27,Bueno,interpolacion_delaunay,0,1565,113,330,126
2026-10-04T14:43:38.241135+00:00,1902600010798,5.42,Bueno,6.08,Bueno,interpolacion_delaunay,0,3364,210,732,231
2026-10-04T14:43:38.241135+00:00,1902600010815,4.69,Bueno,5.35,Bueno,interpolacion_delaunay,0,4739,363,1000,268
2026-10-04T14:43:38.241135+00:00,1902600011438,5.37,Bueno,6.0,Bueno,interpolacion_delaunay,0,1771,89,459,85
2026-10-04T14:43:38.241135+00:00,1902600011476,4.96,Bueno,5.5,Bueno,interpolacion_delaunay,0,3270,215,839,209
2026-10-04T14:43:38.241135+00:00,1902600011777,5.36,Bueno,6.05,Bueno,interpolacion_delaunay,0,3599,312,366,80
2026-10-04T14:43:38.241135+00:00,1902600012031,4.12,Bueno,4.61,Bueno,interpolacion_delaunay,0,4385,273,421,152
2026-10-04T14:43:38.241135+00:00,1902600012173,3.74,Bueno,4.3,Bueno,interpolacion_delaunay,0,108,5,10,3
2026-10-04T14:43:38.241135+00:00,1902600012474,3.81,Bueno,4.18,Bueno,interpolacion_delaunay,0,3828,248,138,120
2026-10-04T14:43:38.241135+00:00,190260001253A,3.54,Bueno,4.03,Bueno,interpolacion_delaunay,0,1418,134,74,37
2026-10-04T14:43:38.241135+00:00,1902600012648,4.61,Bueno,5.03,Bueno,interpolacion_delaunay,0,1998,125,415,138
2026-10-04T14:43:38.241135+00:00,1902600012794,4.33,Bueno,4.76,Bueno,interpolacion_delaunay,0,776,83,32,8
2026-10-04T14:43:38.241135+00:00,1902600012775,4.02,Bueno,4.43,Bueno,interpolacion_delaunay,0,1381,194,42,36
2026-10-04T14:43:38.241135+00:00,1902600012898,2.36,Bueno,2.71,Bueno,interpolacion_delaunay,0,21,3,0,0
2026-10-04T14:43:38.241135+00:00,1902600010849,3.19,Bueno,3.72,Bueno,interpolacion_delaunay,0,1926,132,278,87
2026-10-04T14:43:38.241135+00:00,1902600012262,3.73,Bueno,4.27,Bueno,interpolacion_delaunay,0,2668,227,217,83
2026-10-04T14:43:38.241135+00:00,1902600010266,3.79,Bueno,4.25,Bueno,interpolacion_delaunay,0,427,58,19,0
2026-10-04T14:43:38.241135+00:00,1902600010779,4.28,Bueno,4.9,Bueno,interpolacion_delaunay,0,677,45,131,66
2026-10-04T14:43:38.241135+00:00,1902600010872,5.11,Bueno,5.4,Bueno,interpolacion_delaunay,0,3088,114,989,72
2026-10-04T14:43:38.241135+00:00,1902600011902,4.14,Bueno,4.71,Bueno,interpolacion_delaunay,0,2434,191,435,71
2026-10-04T14:43:38.241135+00:00,1902600011993,5.77,Bueno,6.47,Bueno,interpolacion_delaunay,0,3528,203,521,147
2026-10-04T14:43:38.241135+00:00,1902600012012,3.67,Bueno,4.17,Bueno,interpolacion_delaunay,0,2227,119,600,34
2026-10-04T14:43:38.241135+00:00,1902600012084,1.42,Bueno,1.85,Bueno,interpolacion_delaunay,0,1461,49,516,49
2026-10-04T14:43:38.241135+00:00,1902600012188,1.14,Bueno,1.55,Bueno,interpolacion_delaunay,0,460,18,82,4
2026-10-04T14:43:38.241135+00:00,1902600012277,4.16,Bueno,4.71,Bueno,interpolacion_delaunay,0,3597,281,616,228
2026-10-04T14:43:38.241135+00:00,190260001246A,3.99,Bueno,4.37,Bueno,interpolacion_delaunay,0,4546,358,308,145
2026-10-04T14:43:38.241135+00:00,1902600012559,4.35,Bueno,4.98,Bueno,interpolacion_delaunay,0,4248,285,324,114
2026-10-04T14:43:38.241135+00:00,1902600012652,4.17,Bueno,4.58,Bueno,interpolacion_delaunay,0,3158,323,113,122
2026-10-04T14:43:38.241135+00:00,1902600012671,4.19,Bueno,4.59,Bueno,interpolacion_delaunay,0,1647,122,65,34
2026-10-04T14:43:38.241135+00:00,1902600012718,2.6,Bueno,3.09,Bueno,interpolacion_delaunay,0,2829,290,123,131
2026-10-04T14:43:38.241135+00:00,1902600012741,5.72,Bueno,6.42,Bueno,interpolacion_delaunay,0,1897,119,345,52
2026-10-04T14:43:38.241135+00:00,1902600012879,4.1,Bueno,4.5,Bueno,promedio_sensores,1,2144,300,65,16
2026-10-04T14:43:38.241135+00:00,1902600010285,6.02,Bueno,6.78,Bueno,interpolacion_delaunay,0,2844,174,613,185
2026-10-04T14:43:38.241135+00:00,1902600012690,3.57,Bueno,4.11,Bueno,interpolacion_delaunay,0,79,0,3,0
2026-10-04T14:43:38.241135+00:00,1902600012099,4.2,Bueno,4.79,Bueno,interpolacion_delaunay,0,5241,599,554,189
2026-10-04T14:43:38.241135+00:00,1902600011936,4.0,Bueno,4.39,Bueno,interpolacion_delaunay,0,2951,267,407,119
2026-10-04T14:43:38.241135+00:00,1902600012169,1.88,Bueno,2.35,Bueno,interpolacion_delaunay,0,1023,50,158,14
2026-10-04T14:43:38.241135+00:00,190260001118A,3.77,Bueno,4.36,Bueno,interpolacion_delaunay,0,3453,227,320,71
2026-10-04T14:43:38.241135+00:00,1902600012050,4.58,Bueno,5.19,Bueno,interpolacion_delaunay,0,4134,320,745,263
2026-10-04T14:43:38.241135+00:00,1902600012101,3.83,Bueno,4.41,Bueno,interpolacion_delaunay,0,3626,381,484,119
2026-10-04T14:43:38.241135+00:00,1902600012563,3.59,Bueno,4.15,Bueno,interpolacion_delaunay,0,2676,291,133,25
2026-10-04T14:43:38.241135+00:00,190260001278A,4.76,Bueno,5.2,Bueno,interpolacion_delaunay,0,3558,402,98,36
2026-10-04T14:43:38.241135+00:00,1902600011921,4.09,Bueno,4.48,Bueno,interpolacion_delaunay,0,2594,223,377,76
2026-10-04T14:43:38.241135+00:00,1902600010092,4.35,Bueno,5.03,Bueno,interpolacion_delaunay,0,4183,262,1039,106
2026-10-04T14:43:38.241135+00:00,1902600011300,3.62,Bueno,4.1,Bueno,interpolacion_delaunay,0,2915,163,792,188
2026-10-04T14:43:38.241135+00:00,1902600010143,3.95,Bueno,4.33,Bueno,interpolacion_delaunay,0,2245,273,113,55
2026-10-04T14:43:38.241135+00:00,1902600011870,4.24,Bueno,4.89,Bueno,interpolacion_delaunay,0,3271,173,768,82
2026-10-04T14:43:38.241135+00:00,1902600011315,5.34,Bueno,6.03,Bueno,interpolacion_delaunay,0,3497,230,464,42
2026-10-04T14:43:38.241135+00:00,1902600011014,3.95,Bueno,4.33,Bueno,interpolacion_delaunay,0,2155,150,459,98
2026-10-04T14:43:38.241135+00:00,1902600011616,4.46,Bueno,4.89,Bueno,interpolacion_delaunay,0,3883,311,769,201
2026-10-04T14:43:38.241135+00:00,1902600011620,4.28,Bueno,4.73,Bueno,interpolacion_delaunay,0,4814,356,1024,301
2026-10-04T14:43:38.241135+00:00,1902600011480,4.29,Bueno,4.72,Bueno,interpolacion_delaunay,0,4784,390,737,223
2026-10-04T14:43:38.241135+00:00,1902600010641,4.76,Bueno,5.24,Bueno,interpolacion_delaunay,0,2917,240,627,202
2026-10-04T14:43:38.241135+00:00,1902600012633,4.84,Bueno,5.24,Bueno,interpolacion_delaunay,0,2429,188,313,91
2026-10-04T14:43:38.241135+00:00,190260001164A,3.92,Bueno,4.39,Bueno,interpolacion_delaunay,0,2101,168,367,57
2026-10-04T14:43:38.241135+00:00,1902600011635,4.07,Bueno,4.54,Bueno,interpolacion_delaunay,0,4695,347,639,204
2026-10-04T14:43:38.241135+00:00,1902600010961,3.87,Bueno,4.25,Bueno,interpolacion_delaunay,0,1353,81,150,34
2026-10-04T14:43:38.241135+00:00,1902600011226,4.96,Bueno,5.62,Bueno,interpolacion_delaunay,0,4831,444,615,226
2026-10-04T14:43:38.241135+00:00,1902600012807,5.43,Bueno,6.11,Bueno,interpolacion_delaunay,0,51,0,0,0
2026-10-04T14:43:38.241135+00:00,1902600012737,5.44,Bueno,6.12,Bueno,interpolacion_delaunay,0,153,17,4,4
2026-10-04T14:43:38.241135+00:00,1902600012046,4.95,Bueno,5.6,Bueno,interpolacion_delaunay,0,5116,376,649,199
2026-10-04T14:43:38.241135+00:00,1902600012756,5.6,Bueno,6.3,Bueno,promedio_sensores,1,2572,282,124,24
2026-10-04T14:43:38.241135+00:00,1902600010783,5.14,Bueno,5.81,Bueno,interpolacion_delaunay,0,1477,145,264,42
2026-10-04T14:43:38.241135+00:00,1902600011230,4.87,Bueno,5.53,Bueno,interpolacion_delaunay,0,3324,362,242,132
2026-10-04T14:43:38.241135+00:00,1902600011758,0.8,Bueno,1.2,Bueno,promedio_sensores,1,2105,92,408,43
2026-10-04T14:43:38.241135+00:00,1902600011141,3.7,Bueno,4.11,Bueno,interpolacion_delaunay,0,9036,1161,432,363
2026-10-04T14:43:38.241135+00:00,1902600011743,3.23,Bueno,3.8,Bueno,interpolacion_delaunay,0,7461,709,958,323
2026-10-04T14:43:38.241135+00:00,1902600012629,2.78,Bueno,3.28,Bueno,interpolacion_delaunay,0,1943,149,74,66
2026-10-04T14:43:38.241135+00:00,1902600011762,5.53,Bueno,6.22,Bueno,interpolacion_delaunay,0,2427,183,512,77
2026-10-04T14:43:38.241135+00:00,1902600011194,4.89,Bueno,5.54,Bueno,interpolacion_delaunay,0,4669,300,960,201
2026-10-04T14:43:38.241135+00:00,1902600011052,4.6,Bueno,5.02,Bueno,interpolacion_delaunay,0,7318,799,917,451
2026-10-04T14:43:38.241135+00:00,1902600012722,4.67,Bueno,5.1,Bueno,interpolacion_delaunay,0,1673,182,35,23
2026-10-04T14:43:38.241135+00:00,1902600010209,4.91,Bueno,5.34,Bueno,interpolacion_delaunay,0,0,0,0,0
2026-10-04T14:43:38.241135+00:00,1902600012883,4.88,Bueno,5.31,Bueno,interpolacion_delaunay,0,2693,391,65,39
2026-10-04T14:43:38.241135+00:00,1902600011512,7.98,Bueno,8.89,Bueno,interpolacion_delaunay,0,1411,83,448,118
2026-10-04T14:43:38.241135+00:00,1902600011527,7.34,Bueno,7.99,Bueno,interpolacion_delaunay,0,2114,99,718,127
2026-10-04T14:43:38.241135+00:00,1902600010853,6.99,Bueno,7.72,Bueno,interpolacion_delaunay,0,4562,382,755,151
2026-10-04T14:43:38.241135+00:00,1902600011160,7.2,Bueno,7.8,Bueno,promedio_sensores,1,3568,186,796,79
2026-10-04T14:43:38.241135+00:00,1902600011423,6.46,Bueno,7.19,Bueno,interpolacion_delaunay,0,2358,121,643,149
2026-10-04T14:43:38.241135+00:00,1902600011118,6.14,Bueno,6.89,Bueno,interpolacion_delaunay,0,0,0,0,0
2026-10-04T14:43:38.241135+00:00,1902600010552,6.85,Bueno,7.65,Bueno,interpolacion_delaunay,0,1358,197,299,91
2026-10-04T14:43:38.241135+00:00,1902600010567,6.32,Bueno,7.05,Bueno,interpolacion_delaunay,0,3469,239,807,212
2026-10-04T14:43:38.241135+00:00,1902600010478,6.32,Bueno,7.02,Bueno,interpolacion_delaunay,0,3451,258,686,179
2026-10-04T14:43:38.241135+00:00,1902600012493,6.11,Bueno,6.8,Bueno,interpolacion_delaunay,0,3047,231,451,139
2026-10-04T14:43:38.241135+00:00,1902600012506,6.25,Bueno,6.96,Bueno,interpolacion_delaunay,0,1875,122,448,96
2026-10-04T14:43:38.241135+00:00,1902600011387,5.6,Bueno,6.21,Bueno,interpolacion_delaunay,0,4018,279,697,181
2026-10-04T14:43:38.241135+00:00,1902600010482,6.01,Bueno,6.67,Bueno,interpolacion_delaunay,0,4004,197,1191,226
2026-10-04T14:43:38.241135+00:00,1902600010586,5.89,Bueno,6.56,Bueno,interpolacion_delaunay,0,4983,369,1196,317
2026-10-04T14:43:38.241135+00:00,1902600010590,5.75,Bueno,6.41,Bueno,interpolacion_delaunay,0,3794,290,817,254
2026-10-04T14:43:38.241135+00:00,1902600011940,5.11,Bueno,5.64,Bueno,interpolacion_delaunay,0,3450,256,773,184
2026-10-04T14:43:38.241135+00:00,1902600012224,5.54,Bueno,6.15,Bueno,interpolacion_delaunay,0,1986,122,533,118
2026-10-04T14:43:38.241135+00:00,1902600012239,5.26,Bueno,5.83,Bueno,interpolacion_delaunay,0,2664,206,487,219
2026-10-04T14:43:38.241135+00:00,1902600010548,3.26,Bueno,3.82,Bueno,interpolacion_delaunay,0,4149,203,1177,258
2026-10-04T14:43:38.241135+00:00,1902600012489,3.7,Bueno,3.99,Bueno,interpolacion_delaunay,0,2798,203,290,77
2026-10-04T14:43:38.241135+00:00,1902600011353,6.08,Bueno,6.73,Bueno,interpolacion_delaunay,0,1952,125,417,157
2026-10-04T14:43:38.241135+00:00,1902600012760,4.05,Bueno,4.45,Bueno,interpolacion_delaunay,0,3619,397,120,87
2026-10-04T14:43:38.241135+00:00,1902600011264,4.39,Bueno,4.8,Bueno,interpolacion_delaunay,0,1708,151,158,100
2026-10-04T14:43:38.241135+00:00,190260001285A,4.24,Bueno,4.65,Bueno,interpolacion_delaunay,0,1850,298,50,26
2026-10-04T14:43:38.241135+00:00,1902600010270,4.52,Bueno,4.92,Bueno,interpolacion_delaunay,0,0,0,0,0
2026-10-04T14:43:38.241135+00:00,1902600010406,4.98,Bueno,5.51,Bueno,interpolacion_delaunay,0,2889,225,550,115
2026-10-04T14:43:38.241135+00:00,1902600011067,4.35,Bueno,4.84,Bueno,interpolacion_delaunay,0,4252,360,451,270
2026-10-04T14:43:38.241135+00:00,1902600011086,3.99,Bueno,4.36,Bueno,interpolacion_delaunay,0,3224,245,126,84
2026-10-04T14:43:38.241135+00:00,1902600012313,4.07,Bueno,4.4,Bueno,interpolacion_delaunay,0,2567,202,407,174
2026-10-04T14:43:38.241135+00:00,1902600012309,3.93,Bueno,4.28,Bueno,interpolacion_delaunay,0,2125,241,150,88
2026-10-04T14:43:38.241135+00:00,1902600011809,4.23,Bueno,4.69,Bueno,interpolacion_delaunay,0,2127,251,117,120
2026-10-04T14:43:38.241135+00:00,1902600012864,4.3,Bueno,4.74,Bueno,interpolacion_delaunay,0,1168,168,40,16
2026-10-04T14:43:38.241135+00:00,190260001125A,10.2,Bueno,10.41,Bueno,interpolacion_delaunay,0,541,13,170,22
2026-10-04T14:43:38.241135+00:00,1902600011071,4.29,Bueno,4.65,Bueno,interpolacion_delaunay,0,3143,264,264,89
2026-10-04T14:43:38.241135+00:00,190260001196A,4.45,Bueno,4.82,Bueno,interpolacion_delaunay,0,3349,324,262,100
2026-10-04T14:43:38.241135+00:00,1902600011955,4.76,Bueno,5.25,Bueno,interpolacion_delaunay,0,3582,349,216,97
2026-10-04T14:43:38.241135+00:00,190260001050A,4.88,Bueno,5.4,Bueno,interpolacion_delaunay,0,2022,217,309,73
2026-10-04T14:43:38.241135+00:00,1903900012400,3.1,Bueno,3.9,Bueno,promedio_sensores,1,4517,429,723,304
2026-10-04T14:43:38.241135+00:00,1903900014657,7.11,Bueno,7.43,Bueno,interpolacion_delaunay,0,2491,234,438,138
2026-10-04T14:43:38.241135+00:00,1903900013682,3.85,Bueno,4.21,Bueno,interpolacion_delaunay,0,4499,398,653,181
2026-10-04T14:43:38.241135+00:00,1903900010832,6.09,Bueno,7.88,Bueno,interpolacion_delaunay,0,543,31,158,26
2026-10-04T14:43:38.241135+00:00,1903900011120,6.55,Bueno,7.38,Bueno,interpolacion_delaunay,0,2607,94,831,149
2026-10-04T14:43:38.241135+00:00,1903900012129,3.98,Bueno,4.48,Bueno,interpolacion_delaunay,0,4074,318,790,255
2026-10-04T14:43:38.241135+00:00,190390001363A,7.11,Bueno,7.45,Bueno,interpolacion_delaunay,0,3850,324,618,201
2026-10-04T14:43:38.241135+00:00,1903900014163,4.38,Bueno,4.88,Bueno,interpolacion_delaunay,0,3563,376,476,178
2026-10-04T14:43:38.241135+00:00,1903900014642,7.2,Bueno,7.51,Bueno,interpolacion_delaunay,0,2137,227,313,125
2026-10-04T14:43:38.241135+00:00,1903900013589,8.99,Bueno,9.99,Bueno,interpolacion_delaunay,0,1971,102,595,95
2026-10-04T14:43:38.241135+00:00,1903900011370,7.34,Bueno,8.18,Bueno,interpolacion_delaunay,0,1287,71,218,39
2026-10-04T14:43:38.241135+00:00,1903900012114,2.71,Bueno,3.09,Bueno,interpolacion_delaunay,0,2387,84,816,136
2026-10-04T14:43:38.241135+00:00,1903900012203,0.0,Bueno,0.4,Bueno,promedio_sensores,1,2974,126,1034,191
2026-10-04T14:43:38.241135+00:00,1903900013574,8.21,Bueno,9.07,Bueno,interpolacion_delaunay,0,832,37,276,93
2026-10-04T14:43:38.241135+00:00,1903900012792,2.1,Bueno,2.32,Bueno,interpolacion_delaunay,0,1,0,0,0
2026-10-04T14:43:38.241135+00:00,190390001445A,6.1,Bueno,6.71,Bueno,interpolacion_delaunay,0,5563,304,1118,197
2026-10-04T14:43:38.241135+00:00,1903900014638,6.71,Bueno,7.04,Bueno,interpolacion_delaunay,0,3811,381,571,142
2026-10-04T14:43:38.241135+00:00,1903900012063,4.7,Bueno,5.13,Bueno,interpolacion_delaunay,0,2407,98,743,119
2026-10-04T14:43:38.241135+00:00,1903900011690,1.26,Bueno,1.85,Bueno,interpolacion_delaunay,0,228,12,56,11
2026-10-04T14:43:38.241135+00:00,1903900011760,1.83,Bueno,2.42,Bueno,interpolacion_delaunay,0,1986,129,443,117
2026-10-04T14:43:38.241135+00:00,1903900011934,4.9,Bueno,5.67,Bueno,promedio_sensores,3,2171,83,550,105
2026-10-04T14:43:38.241135+00:00,190390001192A,6.59,Bueno,7.29,Bueno,interpolacion_delaunay,0,2553,117,796,121
2026-10-04T14:43:38.241135+00:00,1903900012044,5.13,Bueno,5.62,Bueno,interpolacion_delaunay,0,1920,122,427,109
2026-10-04T14:43:38.241135+00:00,1903900012078,4.88,Bueno,5.37,Bueno,interpolacion_delaunay,0,2179,136,538,60
2026-10-04T14:43:38.241135+00:00,1903900011525,5.5,Bueno,6.8,Bueno,interpolacion_delaunay,0,590,39,143,33
2026-10-04T14:43:38.241135+00:00,1903900011991,5.1,Bueno,5.6,Bueno,promedio_sensores,1,3236,192,703,201
2026-10-04T14:43:38.241135+00:00,1903900012006,3.15,Bueno,3.73,Bueno,interpolacion_delaunay,0,1972,70,504,136
2026-10-04T14:43:38.241135+00:00,1903900010673,5.02,Bueno,6.22,Bueno,interpolacion_delaunay,0,2155,174,396,142
2026-10-04T14:43:38.241135+00:00,1903900010298,6.79,Bueno,8.19,Bueno,interpolacion_delaunay,0,3499,233,739,152
2026-10-04T14:43:38.241135+00:00,1903900010404,7.48,Bueno,8.87,Bueno,interpolacion_delaunay,0,2835,189,560,150
2026-10-04T14:43:38.241135+00:00,1903900011012,6.76,Bueno,8.58,Bueno,interpolacion_delaunay,0,1216,101,235,35
2026-10-04T14:43:38.241135+00:00,1903900011065,7.01,Bueno,8.3,Bueno,interpolacion_delaunay,0,1981,192,428,144
2026-10-04T14:43:38.241135+00:00,1903900010175,6.66,Bueno,7.86,Bueno,interpolacion_delaunay,0,1294,70,318,45
2026-10-04T14:43:38.241135+00:00,190390001018A,5.91,Bueno,7.12,Bueno,interpolacion_delaunay,0,3618,299,750,219
2026-10-04T14:43:38.241135+00:00,1903900010194,6.28,Bueno,7.53,Bueno,interpolacion_delaunay,0,2850,223,604,173
2026-10-04T14:43:38.241135+00:00,1903900010226,5.93,Bueno,7.34,Bueno,interpolacion_delaunay,0,4934,461,799,274
2026-10-04T14:43:38.241135+00:00,1903900014229,1.57,Bueno,1.91,Bueno,interpolacion_delaunay,0,2852,249,505,184
2026-10-04T14:43:38.241135+00:00,1903900010353,3.02,Bueno,3.46,Bueno,interpolacion_delaunay,0,3313,167,981,325
2026-10-04T14:43:38.241135+00:00,1903900010936,5.16,Bueno,5.87,Bueno,interpolacion_delaunay,0,2121,128,459,101
2026-10-04T14:43:38.241135+00:00,1903900011173,4.8,Bueno,5.0,Bueno,promedio_sensores,1,2108,71,659,126
2026-10-04T14:43:38.241135+00:00,1903900011188,4.96,Bueno,5.56,Bueno,interpolacion_delaunay,0,3322,231,794,185
2026-10-04T14:43:38.241135+00:00,1903900011224,6.23,Bueno,7.42,Bueno,interpolacion_delaunay,0,3487,327,636,198
2026-10-04T14:43:38.241135+00:00,1903900011328,9.13,Bueno,11.05,Bueno,interpolacion_delaunay,0,1300,73,364,78
2026-10-04T14:43:38.241135+00:00,1903900011332,7.96,Bueno,9.31,Bueno,interpolacion_delaunay,0,2976,208,686,165
2026-10-04T14:43:38.241135+00:00,1903900011493,5.4,Bueno,6.2,Bueno,promedio_sensores,1,498,32,117,21
2026-10-04T14:43:38.241135+00:00,1903900011506,5.91,Bueno,6.96,Bueno,interpolacion_delaunay,0,218,10,60,5
2026-10-04T14:43:38.241135+00:00,1903900011510,6.29,Bueno,7.52,Bueno,interpolacion_delaunay,0,370,18,99,43
2026-10-04T14:43:38.241135+00:00,1903900011563,5.05,Bueno,6.5,Bueno,interpolacion_delaunay,0,1016,57,324,41
2026-10-04T14:43:38.241135+00:00,1903900011652,3.44,Bueno,4.27,Bueno,interpolacion_delaunay,0,1408,46,412,99
2026-10-04T14:43:38.241135+00:00,1903900011667,3.9,Bueno,4.44,Bueno,interpolacion_delaunay,0,811,38,222,38
2026-10-04T14:43:38.241135+00:00,1903900011671,4.02,Bueno,4.55,Bueno,interpolacion_delaunay,0,2135,120,546,122
2026-10-04T14:43:38.241135+00:00,1903900011775,8.81,Bueno,9.99,Bueno,interpolacion_delaunay,0,3247,195,753,173
2026-10-04T14:43:38.241135+00:00,190390001178A,7.46,Bueno,8.88,Bueno,interpolacion_delaunay,0,2085,91,638,124
2026-10-04T14:43:38.241135+00:00,1903900011811,8.78,Bueno,10.13,Bueno,interpolacion_delaunay,0,3726,195,960,140
2026-10-04T14:43:38.241135+00:00,190390001210A,3.9,Bueno,4.2,Bueno,promedio_sensores,1,2790,113,700,150
2026-10-04T14:43:38.241135+00:00,1903900012186,2.15,Bueno,2.52,Bueno,interpolacion_delaunay,0,4169,44,257,49
2026-10-04T14:43:38.241135+00:00,1903900011559,0.6,Bueno,1.2,Bueno,promedio_sensores,1,854,32,232,42
2026-10-04T14:43:38.241135+00:00,1903900013428,6.32,Bueno,7.63,Bueno,interpolacion_delaunay,0,3351,320,515,172
2026-10-04T14:43:38.241135+00:00,1903900014214,1.66,Bueno,2.01,Bueno,interpolacion_delaunay,0,4120,374,689,171
2026-10-04T14:43:38.241135+00:00,1903900014712,2.87,Bueno,3.23,Bueno,interpolacion_delaunay,0,3085,299,499,125
2026-10-04T14:43:38.241135+00:00,1903900014727,2.24,Bueno,2.6,Bueno,interpolacion_delaunay,0,2574,237,418,75
2026-10-04T14:43:38.241135+00:00,1903900011544,2.98,Bueno,3.76,Bueno,interpolacion_delaunay,0,484,17,104,17
2026-10-04T14:43:38.241135+00:00,1903900011347,8.2,Bueno,9.1,Bueno,promedio_sensores,1,3767,228,949,230
2026-10-04T14:43:38.241135+00:00,1903900011101,7.48,Bueno,8.41,Bueno,interpolacion_delaunay,0,2340,171,499,101
2026-10-04T14:43:38.241135+00:00,1903900010692,9.74,Bueno,10.78,Bueno,interpolacion_delaunay,0,1264,56,294,43
2026-10-04T14:43:38.241135+00:00,190390001071A,3.0,Bueno,3.3,Bueno,promedio_sensores,1,2092,89,717,121
2026-10-04T14:43:38.241135+00:00,190390001153A,4.05,Bueno,4.79,Bueno,interpolacion_delaunay,0,283,20,33,8
2026-10-04T14:43:38.241135+00:00,1903900012222,2.73,Bueno,3.07,Bueno,interpolacion_delaunay,0,2481,214,440,130
2026-10-04T14:43:38.241135+00:00,1903900010048,4.63,Bueno,5.65,Bueno,interpolacion_delaunay,0,2757,231,541,184
2026-10-04T14:43:38.241135+00:00,1903900010160,7.15,Bueno,8.34,Bueno,interpolacion_delaunay,0,1233,55,334,97
2026-10-04T14:43:38.241135+00:00,1903900011915,2.79,Bueno,3.36,Bueno,interpolacion_delaunay,0,1171,52,296,69
2026-10-04T14:43:38.241135+00:00,1903900012824,1.27,Bueno,1.43,Bueno,interpolacion_delaunay,0,0,0,0,0
2026-10-04T14:43:38.241135+00:00,1903900010103,6.7,Bueno,7.8,Bueno,interpolacion_delaunay,0,2537,115,733,107
2026-10-04T14:43:38.241135+00:00,1903900010122,5.55,Bueno,6.73,Bueno,interpolacion_delaunay,0,3875,316,762,228
2026-10-04T14:43:38.241135+00:00,1903900010207,5.46,Bueno,6.72,Bueno,interpolacion_delaunay,0,2935,264,476,100
2026-10-04T14:43:38.241135+00:00,190390001089A,6.64,Bueno,7.48,Bueno,interpolacion_delaunay,0,2450,84,735,103
2026-10-04T14:43:38.241135+00:00,1903900010813,6.33,Bueno,8.22,Bueno,interpolacion_delaunay,0,1266,76,281,65
2026-10-04T14:43:38.241135+00:00,190390001096A,6.2,Bueno,7.49,Bueno,interpolacion_delaunay,0,735,52,175,36
2026-10-04T14:43:38.241135+00:00,190390001107A,7.39,Bueno,8.73,Bueno,interpolacion_delaunay,0,2056,191,358,98
2026-10-04T14:43:38.241135+00:00,1903900011099,7.14,Bueno,8.05,Bueno,interpolacion_delaunay,0,1728,108,401,82
2026-10-04T14:43:38.241135+00:00,1903900011281,6.55,Bueno,7.9,Bueno,interpolacion_delaunay,0,162,9,42,10
2026-10-04T14:43:38.241135+00:00,190390001146A,4.13,Bueno,4.47,Bueno,interpolacion_delaunay,0,1878,94,425,114
2026-10-04T14:43:38.241135+00:00,1903900011474,4.13,Bueno,4.73,Bueno,interpolacion_delaunay,0,1482,65,348,91
2026-10-04T14:43:38.241135+00:00,1903900011648,4.09,Bueno,4.77,Bueno,interpolacion_delaunay,0,1275,46,383,92
2026-10-04T14:43:38.241135+00:00,1903900011953,5.07,Bueno,5.54,Bueno,interpolacion_delaunay,0,4331,383,782,275
2026-10-04T14:43:38.241135+00:00,1903900011968,4.82,Bueno,5.32,Bueno,interpolacion_delaunay,0,2452,198,521,139
2026-10-04T14:43:38.241135+00:00,1903900011972,4.38,Bueno,4.89,Bueno,interpolacion_delaunay,0,2152,173,501,93
2026-10-04T14:43:38.241135+00:00,1903900011987,4.28,Bueno,4.8,Bueno,interpolacion_delaunay,0,2330,153,564,186
2026-10-04T14:43:38.241135+00:00,1903900012010,3.57,Bueno,4.03,Bueno,promedio_sensores,3,377,6,32,6
2026-10-04T14:43:38.241135+00:00,1903900012025,4.02,Bueno,4.38,Bueno,interpolacion_delaunay,0,4868,169,1336,220
2026-10-04T14:43:38.241135+00:00,1903900012608,4.14,Bueno,4.91,Bueno,interpolacion_delaunay,0,3563,325,452,140
2026-10-04T14:43:38.241135+00:00,1903900012260,2.44,Bueno,2.76,Bueno,interpolacion_delaunay,0,2549,128,738,140
2026-10-04T14:43:38.241135+00:00,1903900012523,4.31,Bueno,5.23,Bueno,interpolacion_delaunay,0,5883,502,863,210
2026-10-04T14:43:38.241135+00:00,1903900012576,2.97,Bueno,3.69,Bueno,interpolacion_delaunay,0,3643,363,363,152
2026-10-04T14:43:38.241135+00:00,1903900012612,5.33,Bueno,6.31,Bueno,interpolacion_delaunay,0,3707,369,423,217
2026-10-04T14:43:38.241135+00:00,1903900013339,3.87,Bueno,4.84,Bueno,interpolacion_delaunay,0,3291,330,562,149
2026-10-04T14:43:38.241135+00:00,1903900013432,5.66,Bueno,6.99,Bueno,interpolacion_delaunay,0,3283,331,497,186
2026-10-04T14:43:38.241135+00:00,1903900013381,5.51,Bueno,6.6,Bueno,interpolacion_delaunay,0,3469,305,681,259
2026-10-04T14:43:38.241135+00:00,1903900013324,3.71,Bueno,4.61,Bueno,interpolacion_delaunay,0,2714,268,458,83
2026-10-04T14:43:38.241135+00:00,1903900014587,7.59,Bueno,9.45,Bueno,interpolacion_delaunay,0,1315,68,368,60
2026-10-04T14:43:38.241135+00:00,1903900014604,1.44,Bueno,1.56,Bueno,interpolacion_delaunay,0,2075,111,610,109
2026-10-04T14:43:38.241135+00:00,1903900014661,7.84,Bueno,9.16,Bueno,interpolacion_delaunay,0,2902,69,608,127
2026-10-04T14:43:38.241135+00:00,1903900014680,9.41,Bueno,10.52,Bueno,interpolacion_delaunay,0,2293,96,745,94
2026-10-04T14:43:38.241135+00:00,1903900011239,6.77,Bueno,8.23,Bueno,interpolacion_delaunay,0,3332,293,662,233
2026-10-04T14:43:38.241135+00:00,1903900011489,3.5,Bueno,4.0,Bueno,promedio_sensores,1,1608,86,419,74
2026-10-04T14:43:38.241135+00:00,1903900010279,7.26,Bueno,8.49,Bueno,interpolacion_delaunay,0,2220,107,580,282
2026-10-04T14:43:38.241135+00:00,1903900010531,6.93,Bueno,8.44,Bueno,interpolacion_delaunay,0,5417,419,1156,491
2026-10-04T14:43:38.241135+00:00,1903900010635,7.93,Bueno,9.07,Bueno,interpolacion_delaunay,0,2264,78,723,158
2026-10-04T14:43:38.241135+00:00,1903900011686,2.39,Bueno,2.97,Bueno,interpolacion_delaunay,0,153,7,36,5
2026-10-04T14:43:38.241135+00:00,1903900011807,9.19,Bueno,10.82,Bueno,interpolacion_delaunay,0,2430,99,765,107
2026-10-04T14:43:38.241135+00:00,1903900011830,2.0,Bueno,2.4,Bueno,promedio_sensores,1,898,35,265,16
2026-10-04T14:43:38.241135+00:00,1903900012097,4.2,Bueno,4.6,Bueno,promedio_sensores,1,4087,88,440,163
2026-10-04T14:43:38.241135+00:00,1903900012256,3.58,Bueno,3.9,Bueno,interpolacion_delaunay,0,4590,303,1006,320
2026-10-04T14:43:38.241135+00:00,1903900012307,6.77,Bueno,6.93,Bueno,promedio_sensores,3,2986,141,683,94
2026-10-04T14:43:38.241135+00:00,1903900012453,5.08,Bueno,5.76,Bueno,interpolacion_delaunay,0,2219,109,403,76
2026-10-04T14:43:38.241135+00:00,1903900012716,9.85,Bueno,11.51,Bueno,interpolacion_delaunay,0,78,3,14,8
2026-10-04T14:43:38.241135+00:00,1903900012735,9.42,Bueno,10.91,Bueno,interpolacion_delaunay,0,0,0,0,0
2026-10-04T14:43:38.241135+00:00,1903900012769,14.31,Bueno,17.61,Bueno,interpolacion_delaunay,0,279,15,54,0
2026-10-04T14:43:38.241135+00:00,1903900012773,4.4,Bueno,4.96,Bueno,interpolacion_delaunay,0,0,0,0,0
2026-10-04T14:43:38.241135+00:00,1903900014040,4.3,Bueno,5.5,Bueno,interpolacion_delaunay,0,3042,337,450,116
2026-10-04T14:43:38.241135+00:00,1903900014178,4.64,Bueno,5.14,Bueno,interpolacion_delaunay,0,4610,493,538,196
2026-10-04T14:43:38.241135+00:00,1903900010156,7.26,Bueno,8.41,Bueno,interpolacion_delaunay,0,2930,146,830,151
2026-10-04T14:43:38.241135+00:00,1903900010264,8.85,Bueno,10.06,Bueno,interpolacion_delaunay,0,4282,326,814,272
2026-10-04T14:43:38.241135+00:00,1903900010283,7.35,Bueno,8.64,Bueno,interpolacion_delaunay,0,2911,218,619,83
2026-10-04T14:43:38.241135+00:00,1903900010315,5.41,Bueno,6.91,Bueno,interpolacion_delaunay,0,3515,316,654,216
2026-10-04T14:43:38.241135+00:00,190390001032A,4.53,Bueno,6.03,Bueno,interpolacion_delaunay,0,4173,426,573,279
2026-10-04T14:43:38.241135+00:00,1903900010349,4.61,Bueno,6.28,Bueno,interpolacion_delaunay,0,2637,166,677,132
2026-10-04T14:43:38.241135+00:00,1903900010391,7.98,Bueno,9.34,Bueno,interpolacion_delaunay,0,3850,295,727,205
2026-10-04T14:43:38.241135+00:00,1903900010438,5.99,Bueno,7.59,Bueno,interpolacion_delaunay,0,3338,313,521,73
2026-10-04T14:43:38.241135+00:00,1903900010442,4.95,Bueno,6.53,Bueno,interpolacion_delaunay,0,2676,239,533,136
2026-10-04T14:43:38.241135+00:00,1903900010457,10.03,Bueno,11.18,Bueno,interpolacion_delaunay,0,3408,175,1149,225
2026-10-04T14:43:38.241135+00:00,1903900010480,9.71,Bueno,11.09,Bueno,interpolacion_delaunay,0,1388,64,440,114
2026-10-04T14:43:38.241135+00:00,1903900010512,8.19,Bueno,9.54,Bueno,interpolacion_delaunay,0,2980,202,741,168
2026-10-04T14:43:38.241135+00:00,1903900010546,7.17,Bueno,8.52,Bueno,interpolacion_delaunay,0,2660,141,683,117
2026-10-04T14:43:38.241135+00:00,1903900010550,6.36,Bueno,7.78,Bueno,interpolacion_delaunay,0,2279,182,478,160
2026-10-04T14:43:38.241135+00:00,1903900010565,5.57,Bueno,7.06,Bueno,interpolacion_delaunay,0,2608,254,432,94
2026-10-04T14:43:38.241135+00:00,190390001057A,5.23,Bueno,6.58,Bueno,interpolacion_delaunay,0,1514,131,335,33
2026-10-04T14:43:38.241135+00:00,1903900010599,2.74,Bueno,3.07,Bueno,interpolacion_delaunay,0,2808,125,1047,137
2026-10-04T14:43:38.241135+00:00,1903900010601,10.91,Bueno,12.1,Bueno,interpolacion_delaunay,0,5314,412,1126,426
2026-10-04T14:43:38.241135+00:00,1903900010620,8.55,Bueno,9.61,Bueno,interpolacion_delaunay,0,2515,85,744,131
2026-10-04T14:43:38.241135+00:00,190390001064A,7.24,Bueno,8.41,Bueno,interpolacion_delaunay,0,2719,125,702,154
2026-10-04T14:43:38.241135+00:00,1903900010654,6.32,Bueno,7.6,Bueno,interpolacion_delaunay,0,2609,119,783,144
2026-10-04T14:43:38.241135+00:00,1903900010705,4.8,Bueno,5.11,Bueno,interpolacion_delaunay,0,1996,93,661,76
2026-10-04T14:43:38.241135+00:00,1903900010739,7.63,Bueno,8.6,Bueno,interpolacion_delaunay,0,1701,60,561,127
2026-10-04T14:43:38.241135+00:00,1903900010743,6.91,Bueno,7.91,Bueno,interpolacion_delaunay,0,1991,112,552,108
2026-10-04T14:43:38.241135+00:00,1903900010758,6.41,Bueno,7.44,Bueno,interpolacion_delaunay,0,1207,67,324,54
2026-10-04T14:43:38.241135+00:00,1903900010796,5.93,Bueno,7.62,Bueno,interpolacion_delaunay,0,0,0,0,0
2026-10-04T14:43:38.241135+00:00,1903900010828,6.11,Bueno,7.94,Bueno,interpolacion_delaunay,0,1085,46,363,57
2026-10-04T14:43:38.241135+00:00,1903900010866,7.25,Bueno,7.78,Bueno,interpolacion_delaunay,0,1678,49,570,85
2026-10-04T14:43:38.241135+00:00,1903900010870,8.02,Bueno,8.9,Bueno,interpolacion_delaunay,0,3879,268,842,254
2026-10-04T14:43:38.241135+00:00,1903900010885,6.81,Bueno,7.62,Bueno,interpolacion_delaunay,0,1668,63,493,70
2026-10-04T14:43:38.241135+00:00,1903900010940,5.88,Bueno,6.92,Bueno,interpolacion_delaunay,0,3419,259,605,213
2026-10-04T14:43:38.241135+00:00,1903900011046,7.3,Bueno,9.05,Bueno,interpolacion_delaunay,0,1800,151,355,99
2026-10-04T14:43:38.241135+00:00,1903900011135,8.96,Bueno,9.55,Bueno,interpolacion_delaunay,0,1752,62,519,67
2026-10-04T14:43:38.241135+00:00,190390001114A,7.8,Bueno,8.6,Bueno,promedio_sensores,1,1380,53,428,34
2026-10-04T14:43:38.241135+00:00,1903900011154,7.07,Bueno,7.76,Bueno,interpolacion_delaunay,0,1623,62,444,64
2026-10-04T14:43:38.241135+00:00,1903900011169,6.9,Bueno,7.55,Bueno,promedio_sensores,2,2880,73,732,160
2026-10-04T14:43:38.241135+00:00,1903900011192,4.7,Bueno,5.19,Bueno,interpolacion_delaunay,0,2657,175,674,141
2026-10-04T14:43:38.241135+00:00,1903900011205,4.27,Bueno,4.82,Bueno,interpolacion_delaunay,0,122,13,22,0
2026-10-04T14:43:38.241135+00:00,1903900011243,5.89,Bueno,6.92,Bueno,interpolacion_delaunay,0,475,45,76,44
2026-10-04T14:43:38.241135+00:00,1903900011258,6.39,Bueno,7.66,Bueno,interpolacion_delaunay,0,1048,106,166,35
2026-10-04T14:43:38.241135+00:00,1903900011262,7.16,Bueno,8.8,Bueno,interpolacion_delaunay,0,1756,114,447,140
2026-10-04T14:43:38.241135+00:00,1903900011277,7.14,Bueno,8.78,Bueno,interpolacion_delaunay,0,2024,136,529,164
2026-10-04T14:43:38.241135+00:00,1903900011309,8.1,Bueno,10.2,Bueno,promedio_sensores,1,1761,123,433,90
2026-10-04T14:43:38.241135+00:00,1903900011351,7.84,Bueno,8.72,Bueno,interpolacion_delaunay,0,2734,167,651,175
2026-10-04T14:43:38.241135+00:00,1903900011366,7.63,Bueno,8.49,Bueno,interpolacion_delaunay,0,0,0,0,0
2026-10-04T14:43:38.241135+00:00,1903900011421,6.7,Bueno,7.3,Bueno,promedio_sensores,1,3327,204,738,54
2026-10-04T14:43:38.241135+00:00,1903900011436,7.22,Bueno,7.91,Bueno,interpolacion_delaunay,0,1869,83,431,69
2026-10-04T14:43:38.241135+00:00,1903900011440,7.53,Bueno,8.27,Bueno,interpolacion_delaunay,0,1644,76,453,82
2026-10-04T14:43:38.241135+00:00,1903900011455,12.3,Bueno,14.46,Bueno,interpolacion_delaunay,0,1330,38,379,65
2026-10-04T14:43:38.241135+00:00,1903900011578,12.17,Bueno,13.01,Bueno,interpolacion_delaunay,0,1668,78,469,55
2026-10-04T14:43:38.241135+00:00,1903900011582,19.5,Aceptable,20.5,Bueno,promedio_sensores,1,1943,98,485,98
2026-10-04T14:43:38.241135+00:00,190390001160A,9.29,Bueno,10.73,Bueno,interpolacion_delaunay,0,1878,106,479,110
2026-10-04T14:43:38.241135+00:00,1903900011614,8.98,Bueno,10.31,Bueno,interpolacion_delaunay,0,2516,127,727,95
2026-10-04T14:43:38.241135+00:00,1903900011633,14.1,Bueno,16.99,Bueno,interpolacion_delaunay,0,810,34,225,59
2026-10-04T14:43:38.241135+00:00,1903900011703,4.81,Bueno,5.49,Bueno,interpolacion_delaunay,0,3184,63,372,52
2026-10-04T14:43:38.241135+00:00,1903900011722,3.73,Bueno,4.26,Bueno,interpolacion_delaunay,0,511,20,136,16
2026-10-04T14:43:38.241135+00:00,1903900011737,3.96,Bueno,4.56,Bueno,interpolacion_delaunay,0,377,25,76,21
2026-10-04T14:43:38.241135+00:00,1903900011741,2.39,Bueno,2.95,Bueno,interpolacion_delaunay,0,179,8,28,10
2026-10-04T14:43:38.241135+00:00,1903900011756,2.19,Bueno,2.76,Bueno,interpolacion_delaunay,0,191,3,61,18
2026-10-04T14:43:38.241135+00:00,1903900011794,9.56,Bueno,11.42,Bueno,interpolacion_delaunay,0,2555,160,623,167
2026-10-04T14:43:38.241135+00:00,1903900011845,3.6,Bueno,3.9,Bueno,promedio_sensores,1,2750,133,527,66
2026-10-04T14:43:38.241135+00:00,190390001185A,4.46,Bueno,4.91,Bueno,interpolacion_delaunay,0,2718,189,497,75
2026-10-04T14:43:38.241135+00:00,1903900011879,4.02,Bueno,4.54,Bueno,interpolacion_delaunay,0,2302,190,467,160
2026-10-04T14:43:38.241135+00:00,1903900011883,3.96,Bueno,4.48,Bueno,interpolacion_delaunay,0,2653,217,567,162
2026-10-04T14:43:38.241135+00:00,1903900011898,4.42,Bueno,4.93,Bueno,interpolacion_delaunay,0,2466,163,572,128
2026-10-04T14:43:38.241135+00:00,1903900011900,3.46,Bueno,3.99,Bueno,interpolacion_delaunay,0,1274,99,333,108
2026-10-04T14:43:38.241135+00:00,1903900012167,3.5,Bueno,3.89,Bueno,interpolacion_delaunay,0,2883,124,813,123
2026-10-04T14:43:38.241135+00:00,1903900012190,1.64,Bueno,2.03,Bueno,interpolacion_delaunay,0,1182,41,455,89
2026-10-04T14:43:38.241135+00:00,1903900012218,0.66,Bueno,1.03,Bueno,interpolacion_delaunay,0,1788,87,512,71
2026-10-04T14:43:38.241135+00:00,1903900012241,3.37,Bueno,3.65,Bueno,interpolacion_delaunay,0,1136,46,404,79
2026-10-04T14:43:38.241135+00:00,1903900012275,2.54,Bueno,2.83,Bueno,interpolacion_delaunay,0,3740,200,896,144
2026-10-04T14:43:38.241135+00:00,1903900012472,4.1,Bueno,4.6,Bueno,promedio_sensores,1,4662,342,773,243
2026-10-04T14:43:38.241135+00:00,190390001267A,2.64,Bueno,3.01,Bueno,interpolacion_delaunay,0,3909,249,1025,191
2026-10-04T14:43:38.241135+00:00,1903900012684,2.37,Bueno,2.68,Bueno,interpolacion_delaunay,0,2186,73,687,43
2026-10-04T14:43:38.241135+00:00,1903900012720,12.0,Bueno,14.6,Bueno,promedio_sensores,1,970,52,170,37
2026-10-04T14:43:38.241135+00:00,190390001274A,9.48,Bueno,11.49,Bueno,interpolacion_delaunay,0,10,0,0,0
2026-10-04T14:43:38.241135+00:00,1903900012754,10.27,Bueno,12.28,Bueno,interpolacion_delaunay,0,3205,214,714,184
2026-10-04T14:43:38.241135+00:00,1903900012788,2.68,Bueno,3.23,Bueno,interpolacion_delaunay,0,0,0,0,0
2026-10-04T14:43:38.241135+00:00,190390001281A,1.6,Bueno,1.8,Bueno,promedio_sensores,1,327,0,0,0
2026-10-04T14:43:38.241135+00:00,1903900012877,0.59,Bueno,0.66,Bueno,interpolacion_delaunay,0,0,0,0,0
2026-10-04T14:43:38.241135+00:00,1903900013451,5.64,Bueno,7.08,Bueno,interpolacion_delaunay,0,4308,421,672,304
2026-10-04T14:43:38.241135+00:00,1903900013555,2.57,Bueno,2.98,Bueno,interpolacion_delaunay,0,4663,290,902,166
2026-10-04T14:43:38.241135+00:00,1903900013593,5.54,Bueno,6.41,Bueno,interpolacion_delaunay,0,2322,237,355,231
2026-10-04T14:43:38.241135+00:00,1903900013606,4.8,Bueno,5.5,Bueno,interpolacion_delaunay,0,2907,266,482,206
2026-10-04T14:43:38.241135+00:00,1903900013610,5.56,Bueno,6.43,Bueno,interpolacion_delaunay,0,2513,260,368,178
2026-10-04T14:43:38.241135+00:00,1903900013659,4.4,Bueno,4.89,Bueno,interpolacion_delaunay,0,1885,176,371,95
2026-10-04T14:43:38.241135+00:00,190390001406A,4.7,Bueno,6.09,Bueno,interpolacion_delaunay,0,4196,447,516,257
2026-10-04T14:43:38.241135+00:00,1903900014093,8.31,Bueno,9.56,Bueno,interpolacion_delaunay,0,3096,303,444,145
2026-10-04T14:43:38.241135+00:00,1903900014144,18.52,Aceptable,23.02,Bueno,interpolacion_delaunay,0,883,38,360,125
2026-10-04T14:43:38.241135+00:00,1903900014159,1.6,Bueno,2.3,Bueno,promedio_sensores,1,620,20,142,55
2026-10-04T14:43:38.241135+00:00,1903900014500,8.37,Bueno,9.67,Bueno,interpolacion_delaunay,0,3056,353,283,111
2026-10-04T14:43:38.241135+00:00,1903900014515,9.23,Bueno,10.58,Bueno,interpolacion_delaunay,0,3391,252,688,180
2026-10-04T14:43:38.241135+00:00,1903900014549,7.16,Bueno,8.66,Bueno,interpolacion_delaunay,0,4319,365,785,218
2026-10-04T14:43:38.241135+00:00,1903900014553,6.45,Bueno,7.98,Bueno,interpolacion_delaunay,0,3885,315,748,307
2026-10-04T14:43:38.241135+00:00,1903900014619,0.39,Bueno,0.45,Bueno,interpolacion_delaunay,0,2679,137,355,34
2026-10-04T14:43:38.241135+00:00,1903900014623,4.5,Bueno,5.0,Bueno,promedio_sensores,1,1853,99,476,133
2026-10-04T14:43:38.241135+00:00,1903900014731,8.28,Bueno,9.39,Bueno,interpolacion_delaunay,0,2772,164,687,112
2026-10-04T14:43:38.241135+00:00,1903900014905,7.21,Bueno,7.49,Bueno,interpolacion_delaunay,0,2280,182,284,44
2026-10-04T14:43:38.241135+00:00,190390001491A,2.88,Bueno,3.06,Bueno,interpolacion_delaunay,0,897,47,73,0
2026-10-04T14:43:38.241135+00:00,1903900014924,11.8,Bueno,12.0,Bueno,promedio_sensores,1,2425,136,485,38
2026-10-04T14:43:38.241135+00:00,1903900014939,9.99,Bueno,10.42,Bueno,interpolacion_delaunay,0,1974,92,485,50
2026-10-04T14:43:38.241135+00:00,1903900015142,4.06,Bueno,4.16,Bueno,interpolacion_delaunay,0,2839,330,193,45
2026-10-04T14:43:38.241135+00:00,1903900011385,9.25,Bueno,10.63,Bueno,interpolacion_delaunay,0,1585,87,442,107
2026-10-04T14:43:38.241135+00:00,1903900012805,3.12,Bueno,3.46,Bueno,interpolacion_delaunay,0,3258,186,362,30
2026-10-04T14:43:38.241135+00:00,1903900011826,4.61,Bueno,4.97,Bueno,interpolacion_delaunay,0,1966,181,300,39
2026-10-04T14:43:38.241135+00:00,1903900012468,3.0,Bueno,3.4,Bueno,interpolacion_delaunay,0,3979,370,451,75
2026-10-04T14:43:38.241135+00:00,1903900012133,4.65,Bueno,5.15,Bueno,interpolacion_delaunay,0,3643,409,514,130
2026-10-04T14:43:38.241135+00:00,1903900014182,4.52,Bueno,4.98,Bueno,interpolacion_delaunay,0,2164,180,491,80
2026-10-04T14:43:38.241135+00:00,1903900012152,4.09,Bueno,4.49,Bueno,interpolacion_delaunay,0,2360,140,519,93
2026-10-04T14:43:38.241135+00:00,1903900012082,4.43,Bueno,4.87,Bueno,interpolacion_delaunay,0,2402,95,700,143
2026-10-04T14:43:38.241135+00:00,1903900013663,3.97,Bueno,4.35,Bueno,interpolacion_delaunay,0,4832,422,675,278
2026-10-04T14:43:38.241135+00:00,1903900013714,9.37,Bueno,9.48,Bueno,interpolacion_delaunay,0,4743,468,751,239
2026-10-04T14:43:38.241135+00:00,1903900012858,2.37,Bueno,2.54,Bueno,interpolacion_delaunay,0,0,0,0,0
2026-10-04T14:43:38.241135+00:00,1903900012839,1.47,Bueno,1.64,Bueno,interpolacion_delaunay,0,426,30,39,0
2026-10-04T14:43:38.241135+00:00,1903900012843,3.5,Bueno,3.8,Bueno,promedio_sensores,1,3288,154,618,59
2026-10-04T14:43:38.241135+00:00,1903900012862,1.01,Bueno,1.13,Bueno,interpolacion_delaunay,0,0,0,0,0
2026-10-04T14:43:38.241135+00:00,1903900013733,7.03,Bueno,7.11,Bueno,interpolacion_delaunay,0,1895,90,465,59
2026-10-04T14:43:38.241135+00:00,1903900012294,3.28,Bueno,3.51,Bueno,interpolacion_delaunay,0,3104,120,1010,138
2026-10-04T14:43:38.241135+00:00,190390001228A,3.41,Bueno,3.69,Bueno,interpolacion_delaunay,0,2430,94,799,56
2026-10-04T14:43:38.241135+00:00,1903900010423,5.5,Bueno,7.07,Bueno,interpolacion_delaunay,0,3542,305,682,134
2026-10-04T14:43:38.241135+00:00,1903900010334,4.63,Bueno,6.2,Bueno,interpolacion_delaunay,0,878,76,200,70
2026-10-04T14:43:38.241135+00:00,1903900010071,7.0,Bueno,8.06,Bueno,interpolacion_delaunay,0,2520,129,682,146
2026-10-04T14:43:38.241135+00:00,1903900014869,0.73,Bueno,0.83,Bueno,interpolacion_delaunay,0,4404,353,307,53
2026-10-04T14:43:38.241135+00:00,1903900013748,4.88,Bueno,5.0,Bueno,interpolacion_delaunay,0,3552,225,627,97
2026-10-04T14:43:38.241135+00:00,1903900011050,6.73,Bueno,8.03,Bueno,interpolacion_delaunay,0,1589,135,342,104
2026-10-04T14:43:38.241135+00:00,1903900011116,6.61,Bueno,7.48,Bueno,interpolacion_delaunay,0,0,0,0,0
2026-10-04T14:43:38.241135+00:00,1903900010809,5.99,Bueno,7.85,Bueno,interpolacion_delaunay,0,59,3,14,3
2026-10-04T14:43:38.241135+00:00,1903900010989,6.81,Bueno,8.58,Bueno,interpolacion_delaunay,0,6061,564,591,133
2026-10-04T14:43:38.241135+00:00,1903900010851,6.38,Bueno,7.59,Bueno,interpolacion_delaunay,0,1601,105,413,68
2026-10-04T14:43:38.241135+00:00,1903900013413,2.81,Bueno,3.37,Bueno,interpolacion_delaunay,0,7251,522,1316,316
2026-10-04T14:43:38.241135+00:00,1903900010033,2.8,Bueno,3.44,Bueno,interpolacion_delaunay,0,3321,285,588,124
2026-10-04T14:43:38.241135+00:00,1903900010137,2.58,Bueno,3.09,Bueno,interpolacion_delaunay,0,4478,279,1202,320
2026-10-04T14:43:38.241135+00:00,1903900010141,7.44,Bueno,8.43,Bueno,interpolacion_delaunay,0,4273,225,965,185
2026-10-04T14:43:38.241135+00:00,1903900010762,5.49,Bueno,6.71,Bueno,interpolacion_delaunay,0,1600,114,337,68
2026-10-04T14:43:38.241135+00:00,1903900014106,9.36,Bueno,10.62,Bueno,interpolacion_delaunay,0,4189,248,1019,177
2026-10-04T14:43:38.241135+00:00,1903900014110,10.55,Bueno,11.86,Bueno,interpolacion_delaunay,0,2699,161,643,225
2026-10-04T14:43:38.241135+00:00,1903900010921,5.55,Bueno,6.55,Bueno,interpolacion_delaunay,0,2388,213,393,106
2026-10-04T14:43:38.241135+00:00,1903900010669,5.53,Bueno,6.6,Bueno,interpolacion_delaunay,0,2152,159,463,119
2026-10-04T14:43:38.241135+00:00,1903900010067,6.67,Bueno,7.68,Bueno,interpolacion_delaunay,0,2799,155,819,158
2026-10-04T14:43:38.241135+00:00,1903900010688,5.29,Bueno,6.8,Bueno,interpolacion_delaunay,0,2838,195,394,149
2026-10-04T14:43:38.241135+00:00,1903900010584,4.66,Bueno,6.16,Bueno,interpolacion_delaunay,0,3226,273,587,141
2026-10-04T14:43:38.241135+00:00,1903900011417,8.7,Bueno,9.13,Bueno,interpolacion_delaunay,0,3077,152,970,79
2026-10-04T14:43:38.241135+00:00,1903900013837,8.28,Bueno,8.69,Bueno,interpolacion_delaunay,0,3561,193,908,77
2026-10-04T14:43:38.241135+00:00,1903900013930,3.68,Bueno,4.9,Bueno,interpolacion_delaunay,0,1431,202,111,73
2026-10-04T14:43:38.241135+00:00,1903900014055,4.42,Bueno,5.74,Bueno,interpolacion_delaunay,0,4222,525,372,136
2026-10-04T14:43:38.241135+00:00,190390001420A,4.32,Bueno,4.79,Bueno,interpolacion_delaunay,0,3029,320,382,97
2026-10-04T14:43:38.241135+00:00,1903900014197,4.39,Bueno,4.85,Bueno,interpolacion_delaunay,0,2456,248,321,138
2026-10-04T14:43:38.241135+00:00,1903900010974,6.41,Bueno,7.95,Bueno,interpolacion_delaunay,0,781,39,192,50
2026-10-04T14:43:38.241135+00:00,1903900011084,6.85,Bueno,7.75,Bueno,interpolacion_delaunay,0,1782,162,338,82
2026-10-04T14:43:38.241135+00:00,1903900010847,6.17,Bueno,7.91,Bueno,interpolacion_delaunay,0,1023,82,199,53
2026-10-04T14:43:38.241135+00:00,1903900010993,7.06,Bueno,9.02,Bueno,interpolacion_delaunay,0,1086,95,211,53
2026-10-04T14:43:38.241135+00:00,1903900010372,9.49,Bueno,10.8,Bueno,interpolacion_delaunay,0,2524,139,785,102
2026-10-04T14:43:38.241135+00:00,1903900011031,6.77,Bueno,8.39,Bueno,interpolacion_delaunay,0,1190,84,257,58
2026-10-04T14:43:38.241135+00:00,1903900010902,5.86,Bueno,6.64,Bueno,interpolacion_delaunay,0,3066,119,898,183
2026-10-04T14:43:38.241135+00:00,1903900010777,5.71,Bueno,7.09,Bueno,interpolacion_delaunay,0,1329,106,264,76
2026-10-04T14:43:38.241135+00:00,1903900010781,5.91,Bueno,7.43,Bueno,interpolacion_delaunay,0,242,8,54,15
2026-10-04T14:43:38.241135+00:00,1903900014572,7.77,Bueno,9.75,Bueno,interpolacion_delaunay,0,1442,81,389,93
2026-10-04T14:43:38.241135+00:00,1903900014676,9.58,Bueno,10.81,Bueno,interpolacion_delaunay,0,2120,102,506,104
2026-10-04T14:43:38.241135+00:00,190390001025A,8.92,Bueno,10.09,Bueno,interpolacion_delaunay,0,3942,258,986,278
2026-10-04T14:43:38.241135+00:00,1903900010495,9.19,Bueno,10.53,Bueno,interpolacion_delaunay,0,1812,109,420,98
2026-10-04T14:43:38.241135+00:00,1903900010917,5.4,Bueno,6.2,Bueno,promedio_sensores,1,2843,155,698,133
2026-10-04T14:43:38.241135+00:00,1903900010955,5.93,Bueno,7.21,Bueno,interpolacion_delaunay,0,288,25,64,22
2026-10-04T14:43:38.241135+00:00,1903900013697,11.32,Bueno,11.46,Bueno,interpolacion_delaunay,0,1977,183,341,77
2026-10-04T14:43:38.241135+00:00,1903900013860,4.66,Bueno,5.93,Bueno,interpolacion_delaunay,0,3174,344,383,184
2026-10-04T14:43:38.241135+00:00,1903900015439,3.59,Bueno,3.84,Bueno,interpolacion_delaunay,0,627,97,12,5
2026-10-04T14:43:38.241135+00:00,1903900011027,7.33,Bueno,9.29,Bueno,interpolacion_delaunay,0,509,36,115,25
2026-10-04T14:43:38.241135+00:00,1903900013998,3.27,Bueno,4.12,Bueno,interpolacion_delaunay,0,5766,706,558,248
2026-10-04T14:43:38.241135+00:00,190390001477A,8.88,Bueno,9.12,Bueno,interpolacion_delaunay,0,550,33,68,4
2026-10-04T14:43:38.241135+00:00,1903900014002,3.36,Bueno,4.35,Bueno,interpolacion_delaunay,0,5494,669,668,240
2026-10-04T14:43:38.241135+00:00,1903900014873,0.22,Bueno,0.25,Bueno,interpolacion_delaunay,0,2383,154,261,52
2026-10-04T14:43:38.241135+00:00,1903900011008,7.45,Bueno,9.37,Bueno,interpolacion_delaunay,0,1877,145,377,135
2026-10-04T14:43:38.241135+00:00,1903900011313,7.84,Bueno,9.72,Bueno,interpolacion_delaunay,0,5055,336,882,185
2026-10-04T14:43:38.241135+00:00,190390001139A,7.59,Bueno,8.44,Bueno,interpolacion_delaunay,0,1079,59,290,49
2026-10-04T14:43:38.241135+00:00,1903900011402,7.57,Bueno,8.41,Bueno,interpolacion_delaunay,0,681,31,196,23
2026-10-04T14:43:38.241135+00:00,1903900012519,3.21,Bueno,3.99,Bueno,interpolacion_delaunay,0,5642,661,498,241
2026-10-04T14:43:38.241135+00:00,1903900013822,9.16,Bueno,9.44,Bueno,interpolacion_delaunay,0,6050,361,890,140
2026-10-04T14:43:38.241135+00:00,1903900013964,7.42,Bueno,7.68,Bueno,interpolacion_delaunay,0,728,55,70,19
2026-10-04T14:43:38.241135+00:00,1903900014125,10.5,Bueno,11.81,Bueno,interpolacion_delaunay,0,1881,174,361,63
2026-10-04T14:43:38.241135+00:00,190390001452A,3.96,Bueno,5.11,Bueno,interpolacion_delaunay,0,2471,240,363,186
2026-10-04T14:43:38.241135+00:00,190390001413A,10.45,Bueno,11.7,Bueno,interpolacion_delaunay,0,2082,180,339,126
2026-10-04T14:43:38.241135+00:00,1903900010461,11.8,Bueno,13.1,Bueno,promedio_sensores,1,3422,173,1112,139
2026-10-04T14:43:38.241135+00:00,1903900014534,4.13,Bueno,5.57,Bueno,interpolacion_delaunay,0,1267,111,229,29
2026-10-04T14:43:38.241135+00:00,1903900013767,1.33,Bueno,1.42,Bueno,interpolacion_delaunay,0,2308,117,605,127
2026-10-04T14:43:38.241135+00:00,1903900012345,4.13,Bueno,4.17,Bueno,interpolacion_delaunay,0,2632,98,737,80
2026-10-04T14:43:38.241135+00:00,1903900012364,0.0,Bueno,0.0,Bueno,promedio_sensores,1,2327,116,787,61
2026-10-04T14:43:38.241135+00:00,1903900011629,30.2,Aceptable,37.5,Bueno,promedio_sensores,1,2881,196,402,58
2026-10-04T14:43:38.241135+00:00,1903900013396,4.81,Bueno,5.94,Bueno,interpolacion_delaunay,0,4014,389,664,275
2026-10-04T14:43:38.241135+00:00,1903900010245,2.92,Bueno,3.39,Bueno,interpolacion_delaunay,0,2709,131,764,208
2026-10-04T14:43:38.241135+00:00,1903900015284,3.8,Bueno,4.0,Bueno,interpolacion_delaunay,0,513,29,60,13
2026-10-04T14:43:38.241135+00:00,1903900010118,5.38,Bueno,6.54,Bueno,interpolacion_delaunay,0,4580,383,955,302
2026-10-04T14:43:38.241135+00:00,1903900010052,4.72,Bueno,5.78,Bueno,interpolacion_delaunay,0,3869,304,717,323
2026-10-04T14:43:38.241135+00:00,1903900015123,3.59,Bueno,4.66,Bueno,interpolacion_delaunay,0,68,3,4,3
2026-10-04T14:43:38.241135+00:00,1903900014036,4.02,Bueno,5.16,Bueno,interpolacion_delaunay,0,4679,569,514,263
2026-10-04T14:43:38.241135+00:00,1903900010508,8.75,Bueno,10.2,Bueno,interpolacion_delaunay,0,3451,202,579,150
2026-10-04T14:43:38.241135+00:00,1903900010527,8.06,Bueno,9.52,Bueno,interpolacion_delaunay,0,1779,95,454,127
2026-10-04T14:43:38.241135+00:00,1903900013729,6.89,Bueno,7.06,Bueno,interpolacion_delaunay,0,3410,392,357,136
2026-10-04T14:43:38.241135+00:00,190390001370A,9.27,Bueno,9.45,Bueno,interpolacion_delaunay,0,4006,357,563,228
2026-10-04T14:43:38.241135+00:00,1904600010362,5.23,Bueno,6.03,Bueno,interpolacion_delaunay,0,5505,271,1291,301
2026-10-04T14:43:38.241135+00:00,1904600011483,3.02,Bueno,3.65,Bueno,interpolacion_delaunay,0,2026,111,597,94
2026-10-04T14:43:38.241135+00:00,1904600011638,3.6,Bueno,4.26,Bueno,interpolacion_delaunay,0,4053,248,498,114
2026-10-04T14:43:38.241135+00:00,1904600010998,2.97,Bueno,3.4,Bueno,interpolacion_delaunay,0,5855,449,1099,257
2026-10-04T14:43:38.241135+00:00,1904600011676,5.55,Bueno,7.21,Bueno,interpolacion_delaunay,0,362,30,69,27
2026-10-04T14:43:38.241135+00:00,1904600010216,4.3,Bueno,6.0,Bueno,promedio_sensores,1,2042,50,546,50
2026-10-04T14:43:38.241135+00:00,1904600010536,3.09,Bueno,3.21,Bueno,interpolacion_delaunay,0,4997,504,603,104
2026-10-04T14:43:38.241135+00:00,1904600011708,3.5,Bueno,3.87,Bueno,interpolacion_delaunay,0,1763,89,284,44
2026-10-04T14:43:38.241135+00:00,190460001070A,3.75,Bueno,4.11,Bueno,interpolacion_delaunay,0,1273,69,137,48
2026-10-04T14:43:38.241135+00:00,1904600011375,3.4,Bueno,4.0,Bueno,interpolacion_delaunay,0,5964,475,946,326
2026-10-04T14:43:38.241135+00:00,1904600011286,5.06,Bueno,5.82,Bueno,interpolacion_delaunay,0,2603,117,839,196
2026-10-04T14:43:38.241135+00:00,1904600011623,3.3,Bueno,3.9,Bueno,interpolacion_delaunay,0,4225,248,423,136
2026-10-04T14:43:38.241135+00:00,1904600010786,3.38,Bueno,3.86,Bueno,interpolacion_delaunay,0,4690,309,1009,269
2026-10-04T14:43:38.241135+00:00,190460001024A,4.24,Bueno,5.62,Bueno,interpolacion_delaunay,0,2748,75,850,176
2026-10-04T14:43:38.241135+00:00,1904600010875,2.66,Bueno,3.05,Bueno,interpolacion_delaunay,0,3785,202,993,129
2026-10-04T14:43:38.241135+00:00,1904600010324,5.6,Bueno,6.5,Bueno,interpolacion_delaunay,0,2214,97,651,92
2026-10-04T14:43:38.241135+00:00,1904600011233,4.37,Bueno,5.21,Bueno,interpolacion_delaunay,0,3010,241,577,204
2026-10-04T14:43:38.241135+00:00,1904600010131,3.84,Bueno,4.9,Bueno,interpolacion_delaunay,0,4113,160,1393,177
2026-10-04T14:43:38.241135+00:00,1904600010184,3.83,Bueno,5.08,Bueno,interpolacion_delaunay,0,3438,93,1132,126
2026-10-04T14:43:38.241135+00:00,1904600010235,4.07,Bueno,5.51,Bueno,interpolacion_delaunay,0,2765,104,711,111
2026-10-04T14:43:38.241135+00:00,1904600010466,4.25,Bueno,5.32,Bueno,interpolacion_delaunay,0,2212,113,500,58
2026-10-04T14:43:38.241135+00:00,190460001049A,4.25,Bueno,5.61,Bueno,interpolacion_delaunay,0,2827,123,674,44
2026-10-04T14:43:38.241135+00:00,1904600011407,2.99,Bueno,3.09,Bueno,interpolacion_delaunay,0,3464,317,610,173
2026-10-04T14:43:38.241135+00:00,1904600011642,3.32,Bueno,4.5,Bueno,interpolacion_delaunay,0,2601,116,623,113
2026-10-04T14:43:38.241135+00:00,1904600011731,2.66,Bueno,2.97,Bueno,interpolacion_delaunay,0,3017,207,561,120
2026-10-04T14:43:38.241135+00:00,1904600010108,3.09,Bueno,3.85,Bueno,interpolacion_delaunay,0,2483,125,582,112
2026-10-04T14:43:38.241135+00:00,1904600010127,2.73,Bueno,3.27,Bueno,interpolacion_delaunay,0,4270,186,1281,297
2026-10-04T14:43:38.241135+00:00,1904600010292,5.09,Bueno,6.73,Bueno,interpolacion_delaunay,0,0,0,0,0
2026-10-04T14:43:38.241135+00:00,1904600010714,3.66,Bueno,4.43,Bueno,interpolacion_delaunay,0,3666,266,947,309
2026-10-04T14:43:38.241135+00:00,1904600010860,2.82,Bueno,2.96,Bueno,interpolacion_delaunay,0,3290,227,721,158
2026-10-04T14:43:38.241135+00:00,1904600011002,3.09,Bueno,3.38,Bueno,interpolacion_delaunay,0,3262,289,695,194
2026-10-04T14:43:38.241135+00:00,190460001120A,4.19,Bueno,5.05,Bueno,interpolacion_delaunay,0,3141,265,631,179
2026-10-04T14:43:38.241135+00:00,1904600011341,3.28,Bueno,3.51,Bueno,interpolacion_delaunay,0,3608,289,555,127
2026-10-04T14:43:38.241135+00:00,1904600011426,2.89,Bueno,3.39,Bueno,interpolacion_delaunay,0,3335,302,691,164
2026-10-04T14:43:38.241135+00:00,190460001177A,4.18,Bueno,5.22,Bueno,interpolacion_delaunay,0,2611,224,320,95
2026-10-04T14:43:38.241135+00:00,1904600010042,3.3,Bueno,3.91,Bueno,interpolacion_delaunay,0,1646,90,422,69
2026-10-04T14:43:38.241135+00:00,1904600010057,3.16,Bueno,3.83,Bueno,interpolacion_delaunay,0,1216,61,388,100
2026-10-04T14:43:38.241135+00:00,1904600010076,2.72,Bueno,3.13,Bueno,interpolacion_delaunay,0,3762,199,1053,215
2026-10-04T14:43:38.241135+00:00,1904600010095,3.12,Bueno,3.82,Bueno,interpolacion_delaunay,0,1199,53,337,85
2026-10-04T14:43:38.241135+00:00,1904600010146,3.21,Bueno,4.13,Bueno,interpolacion_delaunay,0,2987,160,749,104
2026-10-04T14:43:38.241135+00:00,190460001017A,2.72,Bueno,3.36,Bueno,interpolacion_delaunay,0,4101,180,1201,211
2026-10-04T14:43:38.241135+00:00,1904600010201,2.93,Bueno,3.95,Bueno,interpolacion_delaunay,0,3988,173,1242,253
2026-10-04T14:43:38.241135+00:00,1904600010220,4.56,Bueno,6.24,Bueno,interpolacion_delaunay,0,1869,61,495,59
2026-10-04T14:43:38.241135+00:00,190460001031A,5.27,Bueno,6.15,Bueno,interpolacion_delaunay,0,2149,134,353,62
2026-10-04T14:43:38.241135+00:00,1904600010343,4.39,Bueno,5.18,Bueno,interpolacion_delaunay,0,5532,394,1335,345
2026-10-04T14:43:38.241135+00:00,1904600010381,5.83,Bueno,6.65,Bueno,interpolacion_delaunay,0,3251,164,847,172
2026-10-04T14:43:38.241135+00:00,1904600010413,4.26,Bueno,5.0,Bueno,interpolacion_delaunay,0,4002,238,499,120
2026-10-04T14:43:38.241135+00:00,1904600010485,4.21,Bueno,5.67,Bueno,interpolacion_delaunay,0,3150,144,1004,109
2026-10-04T14:43:38.241135+00:00,1904600010540,2.8,Bueno,3.45,Bueno,interpolacion_delaunay,0,4952,283,1289,225
2026-10-04T14:43:38.241135+00:00,1904600010555,3.22,Bueno,3.4,Bueno,interpolacion_delaunay,0,0,0,0,0
2026-10-04T14:43:38.241135+00:00,1904600010593,2.91,Bueno,3.59,Bueno,interpolacion_delaunay,0,5785,417,488,81
2026-10-04T14:43:38.241135+00:00,1904600010610,3.47,Bueno,3.82,Bueno,interpolacion_delaunay,0,4819,442,219,35
2026-10-04T14:43:38.241135+00:00,1904600010625,3.1,Bueno,3.51,Bueno,interpolacion_delaunay,0,684,56,110,22
2026-10-04T14:43:38.241135+00:00,1904600010659,2.97,Bueno,3.71,Bueno,interpolacion_delaunay,0,0,0,0,0
2026-10-04T14:43:38.241135+00:00,1904600010729,3.43,Bueno,4.17,Bueno,interpolacion_delaunay,0,0,0,0,0
2026-10-04T14:43:38.241135+00:00,1904600010752,4.2,Bueno,4.94,Bueno,interpolacion_delaunay,0,2043,121,429,51
2026-10-04T14:43:38.241135+00:00,1904600010790,3.45,Bueno,3.77,Bueno,interpolacion_delaunay,0,0,0,0,0
2026-10-04T14:43:38.241135+00:00,1904600010822,2.87,Bueno,2.96,Bueno,interpolacion_delaunay,0,1808,142,329,116
2026-10-04T14:43:38.241135+00:00,1904600010841,2.76,Bueno,2.93,Bueno,interpolacion_delaunay,0,2675,196,623,119
2026-10-04T14:43:38.241135+00:00,1904600010856,2.73,Bueno,2.98,Bueno,interpolacion_delaunay,0,5049,305,900,195
2026-10-04T14:43:38.241135+00:00,190460001088A,2.63,Bueno,3.38,Bueno,interpolacion_delaunay,0,4232,220,1219,162
2026-10-04T14:43:38.241135+00:00,1904600010894,2.67,Bueno,3.44,Bueno,interpolacion_delaunay,0,2806,182,550,130
2026-10-04T14:43:38.241135+00:00,1904600010907,2.81,Bueno,3.1,Bueno,interpolacion_delaunay,0,3550,247,722,168
2026-10-04T14:43:38.241135+00:00,1904600010930,3.8,Bueno,4.56,Bueno,interpolacion_delaunay,0,3021,143,721,82
2026-10-04T14:43:38.241135+00:00,1904600010945,3.62,Bueno,4.47,Bueno,interpolacion_delaunay,0,3597,162,944,129
2026-10-04T14:43:38.241135+00:00,190460001095A,2.92,Bueno,3.26,Bueno,interpolacion_delaunay,0,3265,234,654,254
2026-10-04T14:43:38.241135+00:00,1904600010979,2.68,Bueno,3.48,Bueno,interpolacion_delaunay,0,2747,114,869,151
2026-10-04T14:43:38.241135+00:00,1904600011017,3.02,Bueno,3.46,Bueno,interpolacion_delaunay,0,4599,402,752,199
2026-10-04T14:43:38.241135+00:00,1904600011021,2.73,Bueno,3.56,Bueno,interpolacion_delaunay,0,4072,223,1090,178
2026-10-04T14:43:38.241135+00:00,1904600011040,3.12,Bueno,3.97,Bueno,interpolacion_delaunay,0,3276,150,902,88
2026-10-04T14:43:38.241135+00:00,1904600011055,3.02,Bueno,3.85,Bueno,interpolacion_delaunay,0,7096,477,1425,285
2026-10-04T14:43:38.241135+00:00,190460001106A,4.22,Bueno,5.48,Bueno,interpolacion_delaunay,0,1152,61,261,64
2026-10-04T14:43:38.241135+00:00,1904600011074,3.8,Bueno,4.68,Bueno,interpolacion_delaunay,0,4901,241,744,96
2026-10-04T14:43:38.241135+00:00,1904600011089,3.33,Bueno,4.16,Bueno,interpolacion_delaunay,0,3306,318,659,199
2026-10-04T14:43:38.241135+00:00,1904600011093,3.21,Bueno,3.66,Bueno,interpolacion_delaunay,0,3302,217,861,180
2026-10-04T14:43:38.241135+00:00,1904600011106,3.38,Bueno,3.61,Bueno,interpolacion_delaunay,0,3881,243,712,89
2026-10-04T14:43:38.241135+00:00,1904600011110,3.6,Bueno,3.96,Bueno,interpolacion_delaunay,0,3018,178,738,133
2026-10-04T14:43:38.241135+00:00,1904600011125,3.87,Bueno,4.74,Bueno,interpolacion_delaunay,0,3318,323,549,240
2026-10-04T14:43:38.241135+00:00,190460001113A,3.83,Bueno,4.66,Bueno,interpolacion_delaunay,0,3513,294,662,255
2026-10-04T14:43:38.241135+00:00,1904600011144,3.8,Bueno,4.62,Bueno,interpolacion_delaunay,0,3223,294,460,148
2026-10-04T14:43:38.241135+00:00,1904600011159,3.13,Bueno,3.82,Bueno,interpolacion_delaunay,0,4682,317,917,254
2026-10-04T14:43:38.241135+00:00,1904600011163,3.17,Bueno,3.81,Bueno,interpolacion_delaunay,0,4463,291,849,173
2026-10-04T14:43:38.241135+00:00,1904600011178,3.27,Bueno,3.76,Bueno,interpolacion_delaunay,0,2288,137,771,142
2026-10-04T14:43:38.241135+00:00,1904600011182,3.22,Bueno,3.76,Bueno,interpolacion_delaunay,0,2567,158,877,192
2026-10-04T14:43:38.241135+00:00,1904600011197,3.25,Bueno,3.85,Bueno,interpolacion_delaunay,0,2285,129,707,149
2026-10-04T14:43:38.241135+00:00,1904600011214,4.57,Bueno,5.45,Bueno,interpolacion_delaunay,0,2395,153,608,159
2026-10-04T14:43:38.241135+00:00,1904600011229,4.75,Bueno,5.61,Bueno,interpolacion_delaunay,0,3808,341,729,252
2026-10-04T14:43:38.241135+00:00,1904600011248,4.01,Bueno,4.81,Bueno,interpolacion_delaunay,0,3448,233,731,165
2026-10-04T14:43:38.241135+00:00,1904600011252,4.97,Bueno,5.79,Bueno,interpolacion_delaunay,0,3638,249,902,255
2026-10-04T14:43:38.241135+00:00,1904600011271,4.74,Bueno,5.49,Bueno,interpolacion_delaunay,0,3393,200,1049,183
2026-10-04T14:43:38.241135+00:00,1904600011290,2.8,Bueno,3.27,Bueno,interpolacion_delaunay,0,3613,204,959,164
2026-10-04T14:43:38.241135+00:00,1904600011303,2.87,Bueno,3.25,Bueno,interpolacion_delaunay,0,4255,296,730,120
2026-10-04T14:43:38.241135+00:00,1904600011318,2.6,Bueno,3.5,Bueno,promedio_sensores,1,2617,117,712,78
2026-10-04T14:43:38.241135+00:00,1904600011322,2.63,Bueno,3.49,Bueno,interpolacion_delaunay,0,3209,131,1071,177
2026-10-04T14:43:38.241135+00:00,1904600011356,3.12,Bueno,3.65,Bueno,interpolacion_delaunay,0,5344,302,754,186
2026-10-04T14:43:38.241135+00:00,190460001138A,2.63,Bueno,3.2,Bueno,interpolacion_delaunay,0,2330,116,772,143
2026-10-04T14:43:38.241135+00:00,1904600011394,2.6,Bueno,3.42,Bueno,interpolacion_delaunay,0,2495,152,536,127
2026-10-04T14:43:38.241135+00:00,1904600011430,2.86,Bueno,3.5,Bueno,interpolacion_delaunay,0,4835,297,977,195
2026-10-04T14:43:38.241135+00:00,1904600011445,3.76,Bueno,4.46,Bueno,interpolacion_delaunay,0,2396,140,277,35
2026-10-04T14:43:38.241135+00:00,190460001145A,4.17,Bueno,4.89,Bueno,interpolacion_delaunay,0,4010,242,623,75
2026-10-04T14:43:38.241135+00:00,1904600011464,3.78,Bueno,4.33,Bueno,interpolacion_delaunay,0,3269,192,527,50
2026-10-04T14:43:38.241135+00:00,1904600011479,3.47,Bueno,4.01,Bueno,interpolacion_delaunay,0,2267,102,540,81
2026-10-04T14:43:38.241135+00:00,1904600011500,2.88,Bueno,3.06,Bueno,interpolacion_delaunay,0,4575,375,784,254
2026-10-04T14:43:38.241135+00:00,1904600011515,2.89,Bueno,3.15,Bueno,interpolacion_delaunay,0,1791,111,314,102
2026-10-04T14:43:38.241135+00:00,190460001152A,2.96,Bueno,3.22,Bueno,interpolacion_delaunay,0,3396,254,719,167
2026-10-04T14:43:38.241135+00:00,1904600011534,3.02,Bueno,3.26,Bueno,interpolacion_delaunay,0,5740,487,560,132
2026-10-04T14:43:38.241135+00:00,1904600011549,3.17,Bueno,4.2,Bueno,interpolacion_delaunay,0,4515,263,831,205
2026-10-04T14:43:38.241135+00:00,1904600011568,3.17,Bueno,3.51,Bueno,interpolacion_delaunay,0,4996,283,463,138
2026-10-04T14:43:38.241135+00:00,1904600011572,3.22,Bueno,3.54,Bueno,interpolacion_delaunay,0,4541,345,482,121
2026-10-04T14:43:38.241135+00:00,1904600011587,3.64,Bueno,4.0,Bueno,interpolacion_delaunay,0,2786,153,244,33
2026-10-04T14:43:38.241135+00:00,1904600011591,3.71,Bueno,4.07,Bueno,interpolacion_delaunay,0,3387,245,335,48
2026-10-04T14:43:38.241135+00:00,1904600011604,4.07,Bueno,4.84,Bueno,interpolacion_delaunay,0,3298,256,771,245
2026-10-04T14:43:38.241135+00:00,1904600011619,4.62,Bueno,5.39,Bueno,interpolacion_delaunay,0,3765,260,958,269
2026-10-04T14:43:38.241135+00:00,1904600011657,3.48,Bueno,4.7,Bueno,interpolacion_delaunay,0,3567,176,481,50
2026-10-04T14:43:38.241135+00:00,1904600011661,5.22,Bueno,6.63,Bueno,interpolacion_delaunay,0,282,11,66,6
2026-10-04T14:43:38.241135+00:00,1904600011727,2.63,Bueno,3.18,Bueno,interpolacion_delaunay,0,3412,179,655,144
2026-10-04T14:43:38.241135+00:00,1904600011746,3.11,Bueno,3.98,Bueno,interpolacion_delaunay,0,3218,196,815,117
2026-10-04T14:43:38.241135+00:00,1904600011750,3.59,Bueno,4.49,Bueno,interpolacion_delaunay,0,4162,197,210,54
2026-10-04T14:43:38.241135+00:00,1904600011765,4.02,Bueno,4.93,Bueno,interpolacion_delaunay,0,3860,405,397,208
2026-10-04T14:43:38.241135+00:00,1904600010663,3.03,Bueno,3.73,Bueno,interpolacion_delaunay,0,198,8,27,0
2026-10-04T14:43:38.241135+00:00,1904600010926,2.93,Bueno,3.02,Bueno,interpolacion_delaunay,0,5007,437,867,291
2026-10-04T14:43:38.241135+00:00,1904600010339,5.64,Bueno,6.51,Bueno,interpolacion_delaunay,0,1314,68,335,78
2026-10-04T14:43:38.241135+00:00,1904600011267,5.48,Bueno,6.32,Bueno,interpolacion_delaunay,0,3908,248,1102,331
2026-10-04T14:43:38.241135+00:00,1904600011712,3.65,Bueno,4.01,Bueno,interpolacion_delaunay,0,3272,182,300,58
2026-10-04T14:43:38.241135+00:00,1904600010447,2.67,Bueno,2.89,Bueno,interpolacion_delaunay,0,4132,230,437,113
2026-10-04T14:43:38.241135+00:00,1904600011498,2.67,Bueno,3.37,Bueno,interpolacion_delaunay,0,3212,141,667,65
2026-10-04T14:43:38.241135+00:00,1904600010682,3.32,Bueno,3.67,Bueno,interpolacion_delaunay,0,6498,485,714,113
2026-10-04T14:43:38.241135+00:00,1903100450393,2.81,Bueno,3.16,Bueno,interpolacion_delaunay,0,4470,331,183,115
2026-10-04T14:43:38.241135+00:00,1903100451090,3.42,Bueno,3.83,Bueno,interpolacion_delaunay,0,3117,391,133,67
2026-10-04T14:43:38.241135+00:00,1903100010340,3.96,Bueno,4.28,Bueno,interpolacion_delaunay,0,3444,349,252,192
2026-10-04T14:43:38.241135+00:00,1903100450641,3.11,Bueno,3.7,Bueno,interpolacion_delaunay,0,1572,92,57,77
2026-10-04T14:43:38.241135+00:00,1903100451086,3.33,Bueno,3.82,Bueno,interpolacion_delaunay,0,3582,470,173,24
2026-10-04T14:43:38.241135+00:00,190310311171A,3.55,Bueno,3.8,Bueno,interpolacion_delaunay,0,1226,184,39,41
2026-10-04T14:43:38.241135+00:00,1903100450088,2.9,Bueno,3.43,Bueno,interpolacion_delaunay,0,106,4,27,5
2026-10-04T14:43:38.241135+00:00,1903100450321,3.01,Bueno,3.54,Bueno,interpolacion_delaunay,0,781,65,43,66
2026-10-04T14:43:38.241135+00:00,1903100450656,2.68,Bueno,2.89,Bueno,interpolacion_delaunay,0,6656,512,216,203
2026-10-04T14:43:38.241135+00:00,1903100451461,2.42,Bueno,2.58,Bueno,interpolacion_delaunay,0,215,36,0,4
2026-10-04T14:43:38.241135+00:00,1903100451391,2.48,Bueno,2.59,Bueno,interpolacion_delaunay,0,400,41,11,20
2026-10-04T14:43:38.241135+00:00,190310001068A,3.9,Bueno,4.2,Bueno,promedio_sensores,1,5585,402,158,107
2026-10-04T14:43:38.241135+00:00,1903100010872,3.73,Bueno,4.08,Bueno,interpolacion_delaunay,0,2902,333,115,45
2026-10-04T14:43:38.241135+00:00,1903100450266,2.57,Bueno,2.89,Bueno,interpolacion_delaunay,0,3518,300,297,140
2026-10-04T14:43:38.241135+00:00,1903100451211,3.06,Bueno,3.52,Bueno,interpolacion_delaunay,0,318,31,15,12
2026-10-04T14:43:38.241135+00:00,1903100450105,2.56,Bueno,2.99,Bueno,interpolacion_delaunay,0,617,53,101,42
2026-10-04T14:43:38.241135+00:00,1903100450533,2.42,Bueno,2.65,Bueno,interpolacion_delaunay,0,112,19,4,0
2026-10-04T14:43:38.241135+00:00,1903100450834,2.52,Bueno,2.74,Bueno,interpolacion_delaunay,0,5335,620,158,133
2026-10-04T14:43:38.241135+00:00,1903100451122,2.68,Bueno,2.8,Bueno,interpolacion_delaunay,0,4196,367,129,124
2026-10-04T14:43:38.241135+00:00,1903100451118,2.46,Bueno,2.6,Bueno,interpolacion_delaunay,0,1143,149,65,58
2026-10-04T14:43:38.241135+00:00,1903100450092,2.81,Bueno,3.3,Bueno,interpolacion_delaunay,0,5801,601,614,240
2026-10-04T14:43:38.241135+00:00,190310001036A,3.84,Bueno,4.19,Bueno,interpolacion_delaunay,0,2196,166,139,77
2026-10-04T14:43:38.241135+00:00,1903100011264,3.74,Bueno,4.06,Bueno,interpolacion_delaunay,0,166,15,10,4
2026-10-04T14:43:38.241135+00:00,1903100011692,3.57,Bueno,4.0,Bueno,interpolacion_delaunay,0,1994,254,42,57
2026-10-04T14:43:38.241135+00:00,1903100450675,2.75,Bueno,3.02,Bueno,interpolacion_delaunay,0,2985,254,121,65
2026-10-04T14:43:38.241135+00:00,1903100450815,3.21,Bueno,3.75,Bueno,interpolacion_delaunay,0,5183,452,347,124
2026-10-04T14:43:38.241135+00:00,1903100450887,2.95,Bueno,3.36,Bueno,interpolacion_delaunay,0,626,73,50,23
2026-10-04T14:43:38.241135+00:00,1903100450891,3.03,Bueno,3.38,Bueno,interpolacion_delaunay,0,3371,329,210,148
2026-10-04T14:43:38.241135+00:00,1903100450904,2.99,Bueno,3.28,Bueno,interpolacion_delaunay,0,2284,216,156,77
2026-10-04T14:43:38.241135+00:00,1903100451438,3.1,Bueno,3.7,Bueno,promedio_sensores,1,489,62,15,5
2026-10-04T14:43:38.241135+00:00,1903100451442,3.01,Bueno,3.24,Bueno,interpolacion_delaunay,0,530,59,19,6
2026-10-04T14:43:38.241135+00:00,1903100451828,3.14,Bueno,3.49,Bueno,interpolacion_delaunay,0,1268,201,24,22
2026-10-04T14:43:38.241135+00:00,1903103131616,2.92,Bueno,2.94,Bueno,interpolacion_delaunay,0,3396,460,75,104
2026-10-04T14:43:38.241135+00:00,1903100451103,2.93,Bueno,3.15,Bueno,interpolacion_delaunay,0,1939,184,111,81
2026-10-04T14:43:38.241135+00:00,1903103131601,2.97,Bueno,3.03,Bueno,interpolacion_delaunay,0,3536,417,97,62
2026-10-04T14:43:38.241135+00:00,1903100451226,2.8,Bueno,2.95,Bueno,interpolacion_delaunay,0,2587,267,90,42
2026-10-04T14:43:38.241135+00:00,1903103111512,3.18,Bueno,3.43,Bueno,interpolacion_delaunay,0,2486,240,126,82
2026-10-04T14:43:38.241135+00:00,1903100451635,2.38,Bueno,2.46,Bueno,interpolacion_delaunay,0,3621,518,70,103
2026-10-04T14:43:38.241135+00:00,1903103131300,3.1,Bueno,3.1,Bueno,promedio_sensores,1,4074,495,120,80
2026-10-04T14:43:38.241135+00:00,1903103111508,3.51,Bueno,3.69,Bueno,interpolacion_delaunay,0,3724,412,113,64
2026-10-04T14:43:38.241135+00:00,1903100451387,2.52,Bueno,2.68,Bueno,interpolacion_delaunay,0,1540,218,34,55
2026-10-04T14:43:38.241135+00:00,1903100452101,2.25,Bueno,2.33,Bueno,interpolacion_delaunay,0,1249,214,20,18
2026-10-04T14:43:38.241135+00:00,1903100451283,2.48,Bueno,2.53,Bueno,interpolacion_delaunay,0,3230,373,88,78
2026-10-04T14:43:38.241135+00:00,1903103111527,3.33,Bueno,3.55,Bueno,interpolacion_delaunay,0,1682,145,143,89
2026-10-04T14:43:38.241135+00:00,1903100452402,2.35,Bueno,2.37,Bueno,interpolacion_delaunay,0,0,0,0,0
2026-10-04T18:22:08.523876+00:00,1900601740121,6.8,Bueno,7.6,Bueno,promedio_sensores,1,2694,310,73,36
2026-10-04T18:22:08.523876+00:00,1900601740155,7.14,Bueno,7.99,Bueno,interpolacion_delaunay,0,1820,285,54,16
2026-10-04T18:22:08.523876+00:00,1900600781948,8.16,Bueno,8.92,Bueno,interpolacion_delaunay,0,1170,93,69,32
2026-10-04T18:22:08.523876+00:00,1900600012236,7.7,Bueno,8.61,Bueno,interpolacion_delaunay,0,264,28,6,0
2026-10-04T18:22:08.523876+00:00,1900600010225,7.6,Bueno,8.5,Bueno,interpolacion_delaunay,0,1,0,0,0
2026-10-04T18:22:08.523876+00:00,1900600010206,8.29,Bueno,9.26,Bueno,interpolacion_delaunay,0,6646,747,526,177
2026-10-04T18:22:08.523876+00:00,1900600010210,7.72,Bueno,8.63,Bueno,interpolacion_delaunay,0,0,0,0,0
2026-10-04T18:22:08.523876+00:00,1900600010244,8.02,Bueno,8.96,Bueno,interpolacion_delaunay,0,90,3,14,3
2026-10-04T18:22:08.523876+00:00,1900600010259,8.24,Bueno,9.21,Bueno,interpolacion_delaunay,0,3329,268,159,53
2026-10-04T18:22:08.523876+00:00,1900600010278,7.95,Bueno,8.89,Bueno,interpolacion_delaunay,0,486,52,18,8
2026-10-04T18:22:08.523876+00:00,1900600010297,7.39,Bueno,8.26,Bueno,interpolacion_delaunay,0,5850,524,288,225
2026-10-04T18:22:08.523876+00:00,1900600010475,7.8,Bueno,8.72,Bueno,interpolacion_delaunay,0,4729,407,844,249
2026-10-04T18:22:08.523876+00:00,190060001030A,7.31,Bueno,8.17,Bueno,interpolacion_delaunay,0,4134,431,170,127
2026-10-04T18:22:08.523876+00:00,1900600010348,7.98,Bueno,8.91,Bueno,interpolacion_delaunay,0,7877,871,609,196
2026-10-04T18:22:08.523876+00:00,1900600010460,7.93,Bueno,8.86,Bueno,interpolacion_delaunay,0,4909,343,1088,217
2026-10-04T18:22:08.523876+00:00,1900600010352,7.85,Bueno,8.77,Bueno,interpolacion_delaunay,0,1017,63,153,80
2026-10-04T18:22:08.523876+00:00,1900600010367,7.98,Bueno,8.92,Bueno,interpolacion_delaunay,0,469,45,60,46
2026-10-04T18:22:08.523876+00:00,1900600010403,8.42,Bueno,9.41,Bueno,interpolacion_delaunay,0,4726,352,972,196
2026-10-04T18:22:08.523876+00:00,190060001055A,8.3,Bueno,9.27,Bueno,interpolacion_delaunay,0,4579,363,547,197
2026-10-04T18:22:08.523876+00:00,1900600010583,7.78,Bueno,8.7,Bueno,interpolacion_delaunay,0,4964,382,425,153
2026-10-04T18:22:08.523876+00:00,1900600010598,7.57,Bueno,8.46,Bueno,interpolacion_delaunay,0,5332,416,338,212
2026-10-04T18:22:08.523876+00:00,1900600010723,8.46,Bueno,8.98,Bueno,interpolacion_delaunay,0,5109,353,1039,281
2026-10-04T18:22:08.523876+00:00,1900600010780,7.63,Bueno,8.52,Bueno,interpolacion_delaunay,0,3755,348,382,222
2026-10-04T18:22:08.523876+00:00,1900600010795,7.72,Bueno,8.63,Bueno,interpolacion_delaunay,0,5270,506,424,204
2026-10-04T18:22:08.523876+00:00,1900600010808,7.83,Bueno,8.76,Bueno,interpolacion_delaunay,0,3443,304,372,102
2026-10-04T18:22:08.523876+00:00,1900600010920,8.5,Bueno,9.5,Bueno,promedio_sensores,1,5729,316,496,128
2026-10-04T18:22:08.523876+00:00,1900600011011,8.11,Bueno,9.07,Bueno,interpolacion_delaunay,0,0,0,0,0
2026-10-04T18:22:08.523876+00:00,1900600011026,7.98,Bueno,8.92,Bueno,interpolacion_delaunay,0,0,0,0,0
2026-10-04T18:22:08.523876+00:00,1900600011064,8.45,Bueno,9.44,Bueno,interpolacion_delaunay,0,4513,371,370,162
2026-10-04T18:22:08.523876+00:00,1900600011098,7.22,Bueno,8.09,Bueno,interpolacion_delaunay,0,5772,542,419,165
2026-10-04T18:22:08.523876+00:00,1900600011149,7.84,Bueno,8.76,Bueno,interpolacion_delaunay,0,1140,100,87,38
2026-10-04T18:22:08.523876+00:00,1900600011350,8.41,Bueno,9.4,Bueno,interpolacion_delaunay,0,3323,233,353,93
2026-10-04T18:22:08.523876+00:00,1900600011365,8.39,Bueno,9.38,Bueno,interpolacion_delaunay,0,3259,285,225,87
2026-10-04T18:22:08.523876+00:00,190060001137A,8.5,Bueno,9.16,Bueno,interpolacion_delaunay,0,2748,223,522,132
2026-10-04T18:22:08.523876+00:00,1900600011632,7.13,Bueno,7.97,Bueno,interpolacion_delaunay,0,5931,475,161,144
2026-10-04T18:22:08.523876+00:00,1900600011384,8.5,Bueno,9.26,Bueno,interpolacion_delaunay,0,3359,263,352,73
2026-10-04T18:22:08.523876+00:00,1900600011399,8.32,Bueno,9.3,Bueno,interpolacion_delaunay,0,2371,274,284,91
2026-10-04T18:22:08.523876+00:00,1900600011469,7.18,Bueno,8.02,Bueno,interpolacion_delaunay,0,1932,125,131,96
2026-10-04T18:22:08.523876+00:00,1900600011401,8.41,Bueno,9.4,Bueno,interpolacion_delaunay,0,3593,269,468,144
2026-10-04T18:22:08.523876+00:00,190060001144A,7.31,Bueno,8.18,Bueno,interpolacion_delaunay,0,6239,575,321,95
2026-10-04T18:22:08.523876+00:00,1900600011473,7.69,Bueno,8.59,Bueno,interpolacion_delaunay,0,2826,209,259,107
2026-10-04T18:22:08.523876+00:00,1900600011488,7.76,Bueno,8.67,Bueno,interpolacion_delaunay,0,2922,234,293,96
2026-10-04T18:22:08.523876+00:00,1900600011492,7.72,Bueno,8.63,Bueno,interpolacion_delaunay,0,1725,134,78,56
2026-10-04T18:22:08.523876+00:00,1900600011505,7.6,Bueno,8.49,Bueno,interpolacion_delaunay,0,2030,151,78,103
2026-10-04T18:22:08.523876+00:00,190060001151A,7.55,Bueno,8.44,Bueno,interpolacion_delaunay,0,4650,413,187,145
2026-10-04T18:22:08.523876+00:00,1900600011524,7.49,Bueno,8.37,Bueno,interpolacion_delaunay,0,3658,279,744,150
2026-10-04T18:22:08.523876+00:00,1900600011539,7.6,Bueno,8.49,Bueno,interpolacion_delaunay,0,3879,269,179,190
2026-10-04T18:22:08.523876+00:00,1900600011543,7.76,Bueno,8.67,Bueno,interpolacion_delaunay,0,3926,372,127,91
2026-10-04T18:22:08.523876+00:00,1900600011844,7.22,Bueno,8.07,Bueno,interpolacion_delaunay,0,1922,166,57,23
2026-10-04T18:22:08.523876+00:00,1900600011666,7.16,Bueno,8.01,Bueno,interpolacion_delaunay,0,2454,221,74,68
2026-10-04T18:22:08.523876+00:00,1900600011859,7.28,Bueno,8.14,Bueno,interpolacion_delaunay,0,1533,143,46,34
2026-10-04T18:22:08.523876+00:00,1900600011863,7.64,Bueno,8.54,Bueno,interpolacion_delaunay,0,1050,130,36,5
2026-10-04T18:22:08.523876+00:00,1900600011878,7.59,Bueno,8.48,Bueno,interpolacion_delaunay,0,5255,440,206,130
2026-10-04T18:22:08.523876+00:00,1900600011882,7.51,Bueno,8.39,Bueno,interpolacion_delaunay,0,5356,444,208,243
2026-10-04T18:22:08.523876+00:00,190060001190A,7.75,Bueno,8.66,Bueno,interpolacion_delaunay,0,3346,296,126,99
2026-10-04T18:22:08.523876+00:00,1900600011914,7.85,Bueno,8.72,Bueno,interpolacion_delaunay,0,5844,518,215,189
2026-10-04T18:22:08.523876+00:00,1900600011929,8.48,Bueno,9.26,Bueno,interpolacion_delaunay,0,5690,426,232,211
2026-10-04T18:22:08.523876+00:00,1900600012043,7.36,Bueno,8.22,Bueno,interpolacion_delaunay,0,3660,375,120,69
2026-10-04T18:22:08.523876+00:00,1900600012109,7.32,Bueno,8.18,Bueno,interpolacion_delaunay,0,1488,155,32,33
2026-10-04T18:22:08.523876+00:00,1900600012128,7.59,Bueno,8.48,Bueno,interpolacion_delaunay,0,1714,168,66,31
2026-10-04T18:22:08.523876+00:00,190060001226A,7.73,Bueno,8.64,Bueno,interpolacion_delaunay,0,4528,324,328,117
2026-10-04T18:22:08.523876+00:00,1900600012274,7.52,Bueno,8.4,Bueno,interpolacion_delaunay,0,5782,615,191,106
2026-10-04T18:22:08.523876+00:00,190060001233A,7.26,Bueno,8.12,Bueno,interpolacion_delaunay,0,2449,267,53,48
2026-10-04T18:22:08.523876+00:00,1900600012414,7.43,Bueno,8.3,Bueno,interpolacion_delaunay,0,2297,332,39,45
2026-10-04T18:22:08.523876+00:00,1900600012429,7.45,Bueno,8.32,Bueno,interpolacion_delaunay,0,3283,479,97,39
2026-10-04T18:22:08.523876+00:00,1900600012734,7.66,Bueno,8.56,Bueno,interpolacion_delaunay,0,961,146,24,13
2026-10-04T18:22:08.523876+00:00,1900600010992,8.02,Bueno,8.96,Bueno,interpolacion_delaunay,0,0,0,0,0
2026-10-04T18:22:08.523876+00:00,1900600012804,8.1,Bueno,9.06,Bueno,interpolacion_delaunay,0,705,129,13,7
2026-10-04T18:22:08.523876+00:00,1900600011897,8.43,Bueno,9.2,Bueno,interpolacion_delaunay,0,3063,294,202,149
2026-10-04T18:22:08.523876+00:00,1900600012202,7.53,Bueno,8.38,Bueno,interpolacion_delaunay,0,372,48,3,8
2026-10-04T18:22:08.523876+00:00,1900600012039,7.8,Bueno,8.64,Bueno,interpolacion_delaunay,0,2684,242,90,67
2026-10-04T18:22:08.523876+00:00,1900601740047,6.97,Bueno,7.79,Bueno,interpolacion_delaunay,0,1719,266,38,40
2026-10-04T18:22:08.523876+00:00,190190001005A,18.94,Aceptable,20.34,Bueno,interpolacion_delaunay,0,2404,108,693,69
2026-10-04T18:22:08.523876+00:00,1901900010064,21.65,Aceptable,23.07,Bueno,promedio_sensores,4,2721,181,677,58
2026-10-04T18:22:08.523876+00:00,1901900010079,20.0,Aceptable,22.0,Bueno,promedio_sensores,1,4464,212,1159,127
2026-10-04T18:22:08.523876+00:00,1901900010083,12.47,Bueno,13.57,Bueno,promedio_sensores,3,1374,63,441,45
2026-10-04T18:22:08.523876+00:00,1901900010098,12.3,Bueno,12.9,Bueno,promedio_sensores,1,1854,103,460,42
2026-10-04T18:22:08.523876+00:00,1901900010100,12.5,Bueno,12.9,Bueno,promedio_sensores,1,1944,129,547,21
2026-10-04T18:22:08.523876+00:00,1901900010149,14.9,Bueno,17.0,Bueno,promedio_sensores,1,1163,75,215,15
2026-10-04T18:22:08.523876+00:00,1901900010153,35.4,Mala,40.9,Bueno,promedio_sensores,1,1800,134,430,81
2026-10-04T18:22:08.523876+00:00,1901900010168,20.4,Aceptable,22.2,Bueno,promedio_sensores,1,1570,81,416,43
2026-10-04T18:22:08.523876+00:00,1901900010172,15.2,Aceptable,16.17,Bueno,interpolacion_delaunay,0,1335,59,357,29
2026-10-04T18:22:08.523876+00:00,1901900010187,20.23,Aceptable,23.25,Bueno,interpolacion_delaunay,0,4463,306,999,93
2026-10-04T18:22:08.523876+00:00,1901900010191,1.9,Bueno,1.9,Bueno,promedio_sensores,1,2824,172,637,108
2026-10-04T18:22:08.523876+00:00,1901900010204,8.53,Bueno,9.16,Bueno,interpolacion_delaunay,0,3926,317,736,119
2026-10-04T18:22:08.523876+00:00,1901900010223,11.53,Bueno,12.25,Bueno,interpolacion_delaunay,0,2979,89,503,54
2026-10-04T18:22:08.523876+00:00,1901900010238,10.4,Bueno,11.2,Bueno,promedio_sensores,1,1904,73,302,23
2026-10-04T18:22:08.523876+00:00,1901900010242,7.5,Bueno,7.77,Bueno,promedio_sensores,3,2717,143,729,92
2026-10-04T18:22:08.523876+00:00,1901900010257,12.2,Bueno,13.1,Bueno,promedio_sensores,1,1307,56,361,13
2026-10-04T18:22:08.523876+00:00,1901900010261,2.9,Bueno,2.95,Bueno,promedio_sensores,2,2240,113,567,42
2026-10-04T18:22:08.523876+00:00,1901900010280,3.71,Bueno,4.12,Bueno,interpolacion_delaunay,0,2690,79,360,43
2026-10-04T18:22:08.523876+00:00,1901900010350,14.39,Bueno,15.09,Bueno,interpolacion_delaunay,0,2768,148,592,68
2026-10-04T18:22:08.523876+00:00,1901900010365,17.6,Aceptable,18.0,Bueno,promedio_sensores,1,3419,327,293,61
2026-10-04T18:22:08.523876+00:00,1901900010399,10.9,Bueno,11.35,Bueno,promedio_sensores,2,1162,6,68,0
2026-10-04T18:22:08.523876+00:00,1901900010401,8.6,Bueno,9.3,Bueno,promedio_sensores,1,2375,247,392,86
2026-10-04T18:22:08.523876+00:00,1901900010416,5.51,Bueno,6.17,Bueno,interpolacion_delaunay,0,700,19,105,4
2026-10-04T18:22:08.523876+00:00,1901900010420,6.2,Bueno,7.1,Bueno,promedio_sensores,1,1696,93,408,47
2026-10-04T18:22:08.523876+00:00,1901900010435,6.3,Bueno,6.8,Bueno,promedio_sensores,1,4494,346,601,54
2026-10-04T18:22:08.523876+00:00,190190001044A,6.77,Bueno,7.37,Bueno,promedio_sensores,3,4383,354,439,56
2026-10-04T18:22:08.523876+00:00,1901900010454,5.25,Bueno,5.35,Bueno,promedio_sensores,2,557,26,114,11
2026-10-04T18:22:08.523876+00:00,1901900010469,4.8,Bueno,5.1,Bueno,promedio_sensores,1,3112,170,568,37
2026-10-04T18:22:08.523876+00:00,1901900010473,4.78,Bueno,5.16,Bueno,interpolacion_delaunay,0,983,46,182,19
2026-10-04T18:22:08.523876+00:00,1901900010488,18.5,Aceptable,21.7,Bueno,promedio_sensores,2,2757,295,371,102
2026-10-04T18:22:08.523876+00:00,1901900010492,8.7,Bueno,9.85,Bueno,promedio_sensores,2,2848,173,697,71
2026-10-04T18:22:08.523876+00:00,1901900010505,2.66,Bueno,2.77,Bueno,interpolacion_delaunay,0,2494,111,512,19
2026-10-04T18:22:08.523876+00:00,190190001051A,7.2,Bueno,8.0,Bueno,promedio_sensores,1,1899,111,507,36
2026-10-04T18:22:08.523876+00:00,1901900010558,1.67,Bueno,1.77,Bueno,promedio_sensores,3,1349,87,230,21
2026-10-04T18:22:08.523876+00:00,1901900010613,1.85,Bueno,1.87,Bueno,interpolacion_delaunay,0,132,0,20,0
2026-10-04T18:22:08.523876+00:00,1901900010384,9.73,Bueno,10.11,Bueno,interpolacion_delaunay,0,1111,19,119,15
2026-10-04T18:22:08.523876+00:00,1901900010219,11.15,Bueno,12.03,Bueno,interpolacion_delaunay,0,1954,106,555,58
2026-10-04T18:22:08.523876+00:00,1902100011338,8.88,Bueno,9.96,Bueno,interpolacion_delaunay,0,2800,219,134,55
2026-10-04T18:22:08.523876+00:00,1902100011817,5.3,Bueno,6.0,Bueno,promedio_sensores,1,583,52,40,11
2026-10-04T18:22:08.523876+00:00,1902100010293,7.35,Bueno,8.13,Bueno,interpolacion_delaunay,0,2008,84,165,35
2026-10-04T18:22:08.523876+00:00,190210001033A,6.59,Bueno,7.3,Bueno,interpolacion_delaunay,0,4000,286,440,91
2026-10-04T18:22:08.523876+00:00,1902100011060,12.86,Bueno,14.14,Bueno,interpolacion_delaunay,0,3355,278,195,95
2026-10-04T18:22:08.523876+00:00,1902100010289,7.97,Bueno,8.82,Bueno,interpolacion_delaunay,0,1352,78,109,44
2026-10-04T18:22:08.523876+00:00,1902100010325,9.25,Bueno,10.1,Bueno,interpolacion_delaunay,0,1,0,0,0
2026-10-04T18:22:08.523876+00:00,1902100011412,8.5,Bueno,9.0,Bueno,promedio_sensores,1,3239,228,156,27
2026-10-04T18:22:08.523876+00:00,1902100011427,5.87,Bueno,6.5,Bueno,interpolacion_delaunay,0,4126,302,227,21
2026-10-04T18:22:08.523876+00:00,1902100011408,6.46,Bueno,7.27,Bueno,interpolacion_delaunay,0,6781,377,571,69
2026-10-04T18:22:08.523876+00:00,1902100011342,9.76,Bueno,10.91,Bueno,interpolacion_delaunay,0,4655,261,185,126
2026-10-04T18:22:08.523876+00:00,1902100010043,12.6,Bueno,13.8,Bueno,interpolacion_delaunay,0,4208,322,819,334
2026-10-04T18:22:08.523876+00:00,1902100010255,11.46,Bueno,12.72,Bueno,interpolacion_delaunay,0,6704,625,410,194
2026-10-04T18:22:08.523876+00:00,1902100010378,11.5,Bueno,12.5,Bueno,promedio_sensores,1,4134,262,294,72
2026-10-04T18:22:08.523876+00:00,1902100011075,14.37,Bueno,15.9,Bueno,interpolacion_delaunay,0,8122,855,320,248
2026-10-04T18:22:08.523876+00:00,1902600011832,8.02,Bueno,8.97,Bueno,interpolacion_delaunay,0,3764,305,386,174
2026-10-04T18:22:08.523876+00:00,1902600010035,7.8,Bueno,8.72,Bueno,interpolacion_delaunay,0,1597,156,285,106
2026-10-04T18:22:08.523876+00:00,1902600012332,16.21,Aceptable,18.89,Bueno,interpolacion_delaunay,0,5634,507,898,399
2026-10-04T18:22:08.523876+00:00,1902600010020,7.97,Bueno,8.91,Bueno,interpolacion_delaunay,0,1825,174,355,160
2026-10-04T18:22:08.523876+00:00,1902600011279,7.86,Bueno,8.79,Bueno,interpolacion_delaunay,0,4324,384,731,269
2026-10-04T18:22:08.523876+00:00,1902600011283,7.78,Bueno,8.69,Bueno,interpolacion_delaunay,0,3719,341,754,207
2026-10-04T18:22:08.523876+00:00,1902600012440,8.23,Bueno,9.2,Bueno,interpolacion_delaunay,0,2604,133,153,35
2026-10-04T18:22:08.523876+00:00,1902600012667,8.74,Bueno,9.72,Bueno,interpolacion_delaunay,0,778,73,30,14
2026-10-04T18:22:08.523876+00:00,1902600012811,8.65,Bueno,10.02,Bueno,interpolacion_delaunay,0,26,4,0,0
2026-10-04T18:22:08.523876+00:00,1902600010459,12.91,Bueno,13.95,Bueno,interpolacion_delaunay,0,3039,123,850,229
2026-10-04T18:22:08.523876+00:00,1902600010317,14.97,Bueno,16.21,Bueno,interpolacion_delaunay,0,4084,275,902,321
2026-10-04T18:22:08.523876+00:00,1902600010957,7.92,Bueno,8.85,Bueno,interpolacion_delaunay,0,5841,533,1121,336
2026-10-04T18:22:08.523876+00:00,1902600011103,11.1,Bueno,11.82,Bueno,interpolacion_delaunay,0,950,69,80,47
2026-10-04T18:22:08.523876+00:00,1902600011457,7.1,Bueno,7.83,Bueno,interpolacion_delaunay,0,2279,129,466,94
2026-10-04T18:22:08.523876+00:00,1902600011404,10.75,Bueno,11.6,Bueno,interpolacion_delaunay,0,3115,227,702,219
2026-10-04T18:22:08.523876+00:00,1902600011508,10.69,Bueno,11.46,Bueno,interpolacion_delaunay,0,1978,175,250,90
2026-10-04T18:22:08.523876+00:00,1902600011828,8.03,Bueno,8.98,Bueno,interpolacion_delaunay,0,2175,178,266,60
2026-10-04T18:22:08.523876+00:00,1902600011847,8.1,Bueno,9.06,Bueno,interpolacion_delaunay,0,4488,374,407,157
2026-10-04T18:22:08.523876+00:00,1902600012402,11.38,Bueno,12.97,Bueno,interpolacion_delaunay,0,2699,234,353,170
2026-10-04T18:22:08.523876+00:00,1902600012205,14.19,Bueno,16.0,Bueno,interpolacion_delaunay,0,4435,432,502,204
2026-10-04T18:22:08.523876+00:00,1902600012258,9.65,Bueno,10.5,Bueno,interpolacion_delaunay,0,1006,77,102,40
2026-10-04T18:22:08.523876+00:00,1902600012296,8.25,Bueno,9.07,Bueno,interpolacion_delaunay,0,4398,237,919,190
2026-10-04T18:22:08.523876+00:00,1902600012455,8.17,Bueno,9.13,Bueno,interpolacion_delaunay,0,4962,328,296,118
2026-10-04T18:22:08.523876+00:00,1902600010302,15.37,Aceptable,16.62,Bueno,interpolacion_delaunay,0,2790,166,675,209
2026-10-04T18:22:08.523876+00:00,1902600010425,14.25,Bueno,15.22,Bueno,interpolacion_delaunay,0,3687,235,843,230
2026-10-04T18:22:08.523876+00:00,1902600010533,12.53,Bueno,13.29,Bueno,interpolacion_delaunay,0,1681,81,395,96
2026-10-04T18:22:08.523876+00:00,1902600011813,8.08,Bueno,9.03,Bueno,interpolacion_delaunay,0,5250,447,545,129
2026-10-04T18:22:08.523876+00:00,1902600011851,8.18,Bueno,9.14,Bueno,interpolacion_delaunay,0,4115,305,359,155
2026-10-04T18:22:08.523876+00:00,1902600012436,8.16,Bueno,9.12,Bueno,interpolacion_delaunay,0,3242,185,145,20
2026-10-04T18:22:08.523876+00:00,1902600012686,9.1,Bueno,9.98,Bueno,interpolacion_delaunay,0,40,3,7,5
2026-10-04T18:22:08.523876+00:00,1902600010124,7.85,Bueno,8.63,Bueno,interpolacion_delaunay,0,2665,140,749,113
2026-10-04T18:22:08.523876+00:00,1902600012417,8.23,Bueno,9.03,Bueno,interpolacion_delaunay,0,2073,147,228,128
2026-10-04T18:22:08.523876+00:00,1902600012347,16.45,Aceptable,19.0,Bueno,interpolacion_delaunay,0,4440,433,247,105
2026-10-04T18:22:08.523876+00:00,190260001239A,7.78,Bueno,8.55,Bueno,interpolacion_delaunay,0,2697,236,207,88
2026-10-04T18:22:08.523876+00:00,190260001260A,9.18,Bueno,10.06,Bueno,interpolacion_delaunay,0,979,82,21,36
2026-10-04T18:22:08.523876+00:00,1902600011391,11.49,Bueno,12.6,Bueno,interpolacion_delaunay,0,3747,280,1036,286
2026-10-04T18:22:08.523876+00:00,1902600010251,10.19,Bueno,11.21,Bueno,interpolacion_delaunay,0,6072,581,994,581
2026-10-04T18:22:08.523876+00:00,1902600010707,4.7,Bueno,5.17,Bueno,interpolacion_delaunay,0,4261,296,986,365
2026-10-04T18:22:08.523876+00:00,190260001157A,3.74,Bueno,4.12,Bueno,interpolacion_delaunay,0,2161,148,444,126
2026-10-04T18:22:08.523876+00:00,1902600011654,13.14,Bueno,14.83,Bueno,interpolacion_delaunay,0,3737,309,535,205
2026-10-04T18:22:08.523876+00:00,1902600012385,8.88,Bueno,10.29,Bueno,interpolacion_delaunay,0,108,11,8,5
2026-10-04T18:22:08.523876+00:00,1902600011495,10.55,Bueno,11.36,Bueno,interpolacion_delaunay,0,2675,203,421,91
2026-10-04T18:22:08.523876+00:00,1902600012525,15.22,Aceptable,17.51,Bueno,interpolacion_delaunay,0,6162,464,363,124
2026-10-04T18:22:08.523876+00:00,1902600010995,8.13,Bueno,9.09,Bueno,interpolacion_delaunay,0,1016,61,224,56
2026-10-04T18:22:08.523876+00:00,1902600011866,8.37,Bueno,9.15,Bueno,interpolacion_delaunay,0,3064,167,548,67
2026-10-04T18:22:08.523876+00:00,190260001207A,4.23,Bueno,4.56,Bueno,interpolacion_delaunay,0,2199,99,452,47
2026-10-04T18:22:08.523876+00:00,1902600012120,5.89,Bueno,5.97,Bueno,interpolacion_delaunay,0,1092,33,384,28
2026-10-04T18:22:08.523876+00:00,1902600012135,10.88,Bueno,10.98,Bueno,interpolacion_delaunay,0,1356,47,414,29
2026-10-04T18:22:08.523876+00:00,1902600012544,16.67,Aceptable,19.19,Bueno,interpolacion_delaunay,0,2171,187,206,83
2026-10-04T18:22:08.523876+00:00,1902600010069,14.43,Bueno,15.62,Bueno,interpolacion_delaunay,0,1920,94,579,107
2026-10-04T18:22:08.523876+00:00,1902600010073,13.65,Bueno,14.79,Bueno,interpolacion_delaunay,0,3137,159,955,77
2026-10-04T18:22:08.523876+00:00,1902600010088,11.9,Bueno,12.92,Bueno,interpolacion_delaunay,0,2870,157,722,160
2026-10-04T18:22:08.523876+00:00,1902600010158,18.79,Aceptable,20.33,Bueno,interpolacion_delaunay,0,1517,70,502,83
2026-10-04T18:22:08.523876+00:00,190260001029A,15.62,Aceptable,16.87,Bueno,interpolacion_delaunay,0,1809,94,461,133
2026-10-04T18:22:08.523876+00:00,1902600011885,14.99,Bueno,16.21,Bueno,interpolacion_delaunay,0,1944,100,497,103
2026-10-04T18:22:08.523876+00:00,1902600012192,9.76,Bueno,10.59,Bueno,interpolacion_delaunay,0,2742,217,241,94
2026-10-04T18:22:08.523876+00:00,1902600012243,15.48,Aceptable,18.05,Bueno,interpolacion_delaunay,0,316,37,21,22
2026-10-04T18:22:08.523876+00:00,1902600012421,8.5,Bueno,9.33,Bueno,interpolacion_delaunay,0,2385,134,120,49
2026-10-04T18:22:08.523876+00:00,1902600012597,9.13,Bueno,10.06,Bueno,interpolacion_delaunay,0,3539,244,126,97
2026-10-04T18:22:08.523876+00:00,1902600011029,8.26,Bueno,9.24,Bueno,interpolacion_delaunay,0,1109,94,97,45
2026-10-04T18:22:08.523876+00:00,190260001189A,16.14,Aceptable,17.45,Bueno,interpolacion_delaunay,0,2117,131,543,112
2026-10-04T18:22:08.523876+00:00,1902600012703,8.83,Bueno,10.23,Bueno,interpolacion_delaunay,0,632,49,33,14
2026-10-04T18:22:08.523876+00:00,1902600011372,14.03,Bueno,15.33,Bueno,interpolacion_delaunay,0,2451,168,520,192
2026-10-04T18:22:08.523876+00:00,1902600012366,9.37,Bueno,10.23,Bueno,interpolacion_delaunay,0,350,28,12,6
2026-10-04T18:22:08.523876+00:00,1902600010321,15.97,Aceptable,17.33,Bueno,interpolacion_delaunay,0,5159,259,1483,335
2026-10-04T18:22:08.523876+00:00,1902600010336,15.43,Aceptable,16.76,Bueno,interpolacion_delaunay,0,3112,150,945,118
2026-10-04T18:22:08.523876+00:00,1902600010340,15.61,Aceptable,16.99,Bueno,interpolacion_delaunay,0,5009,289,1452,316
2026-10-04T18:22:08.523876+00:00,1902600010355,14.82,Bueno,16.14,Bueno,interpolacion_delaunay,0,2172,143,527,123
2026-10-04T18:22:08.523876+00:00,1902600010389,13.38,Bueno,14.63,Bueno,interpolacion_delaunay,0,3485,223,809,188
2026-10-04T18:22:08.523876+00:00,1902600010393,12.09,Bueno,13.25,Bueno,interpolacion_delaunay,0,4293,274,932,186
2026-10-04T18:22:08.523876+00:00,1902600010618,7.5,Bueno,8.22,Bueno,interpolacion_delaunay,0,3420,248,733,217
2026-10-04T18:22:08.523876+00:00,1902600010730,7.93,Bueno,8.42,Bueno,interpolacion_delaunay,0,4610,359,992,364
2026-10-04T18:22:08.523876+00:00,1902600011033,8.48,Bueno,9.48,Bueno,interpolacion_delaunay,0,5199,444,572,162
2026-10-04T18:22:08.523876+00:00,1902600011122,14.29,Bueno,16.48,Bueno,interpolacion_delaunay,0,6940,637,766,300
2026-10-04T18:22:08.523876+00:00,1902600011546,6.87,Bueno,7.47,Bueno,interpolacion_delaunay,0,3715,209,870,202
2026-10-04T18:22:08.523876+00:00,1902600011461,6.25,Bueno,6.92,Bueno,interpolacion_delaunay,0,3227,233,684,198
2026-10-04T18:22:08.523876+00:00,190260001132A,15.71,Aceptable,17.06,Bueno,interpolacion_delaunay,0,2713,152,488,78
2026-10-04T18:22:08.523876+00:00,1902600011334,8.26,Bueno,9.17,Bueno,interpolacion_delaunay,0,3525,289,683,240
2026-10-04T18:22:08.523876+00:00,1902600011349,8.36,Bueno,9.29,Bueno,interpolacion_delaunay,0,2716,239,484,222
2026-10-04T18:22:08.523876+00:00,1902600011368,14.21,Bueno,15.5,Bueno,interpolacion_delaunay,0,3348,226,652,119
2026-10-04T18:22:08.523876+00:00,1902600011419,13.19,Bueno,14.29,Bueno,interpolacion_delaunay,0,2833,144,728,158
2026-10-04T18:22:08.523876+00:00,1902600011442,6.42,Bueno,7.06,Bueno,interpolacion_delaunay,0,3169,182,598,174
2026-10-04T18:22:08.523876+00:00,1902600011565,5.32,Bueno,5.82,Bueno,interpolacion_delaunay,0,4076,290,816,263
2026-10-04T18:22:08.523876+00:00,1902600011584,5.01,Bueno,5.38,Bueno,interpolacion_delaunay,0,4255,317,895,221
2026-10-04T18:22:08.523876+00:00,1902600011599,5.7,Bueno,6.13,Bueno,interpolacion_delaunay,0,2923,228,572,152
2026-10-04T18:22:08.523876+00:00,1902600011601,7.3,Bueno,7.6,Bueno,promedio_sensores,1,3474,261,775,299
2026-10-04T18:22:08.523876+00:00,1902600011688,9.77,Bueno,10.73,Bueno,interpolacion_delaunay,0,3727,240,688,249
2026-10-04T18:22:08.523876+00:00,190260001171A,12.22,Bueno,13.84,Bueno,interpolacion_delaunay,0,4383,321,770,213
2026-10-04T18:22:08.523876+00:00,1902600012008,4.81,Bueno,5.02,Bueno,interpolacion_delaunay,0,1064,52,278,35
2026-10-04T18:22:08.523876+00:00,1902600011781,3.98,Bueno,4.53,Bueno,interpolacion_delaunay,0,260,22,25,0
2026-10-04T18:22:08.523876+00:00,1902600011989,6.94,Bueno,7.56,Bueno,interpolacion_delaunay,0,3336,217,653,151
2026-10-04T18:22:08.523876+00:00,1902600012027,11.19,Bueno,12.49,Bueno,interpolacion_delaunay,0,5601,339,676,195
2026-10-04T18:22:08.523876+00:00,1902600012116,12.35,Bueno,14.35,Bueno,interpolacion_delaunay,0,2265,174,319,64
2026-10-04T18:22:08.523876+00:00,1902600012328,9.4,Bueno,10.28,Bueno,interpolacion_delaunay,0,2737,200,173,54
2026-10-04T18:22:08.523876+00:00,1902600012510,14.48,Bueno,16.64,Bueno,interpolacion_delaunay,0,3466,257,269,90
2026-10-04T18:22:08.523876+00:00,1902600012578,14.48,Bueno,16.79,Bueno,interpolacion_delaunay,0,2465,185,298,196
2026-10-04T18:22:08.523876+00:00,1902600012582,13.7,Bueno,15.9,Bueno,interpolacion_delaunay,0,2739,201,423,283
2026-10-04T18:22:08.523876+00:00,1902600012614,9.72,Bueno,10.59,Bueno,interpolacion_delaunay,0,3024,272,68,36
2026-10-04T18:22:08.523876+00:00,1902600010177,16.47,Aceptable,17.85,Bueno,interpolacion_delaunay,0,1769,60,559,90
2026-10-04T18:22:08.523876+00:00,1902600010444,11.31,Bueno,12.2,Bueno,interpolacion_delaunay,0,2474,121,665,111
2026-10-04T18:22:08.523876+00:00,1902600011531,7.87,Bueno,8.54,Bueno,interpolacion_delaunay,0,3594,235,816,160
2026-10-04T18:22:08.523876+00:00,1902600010232,10.67,Bueno,11.69,Bueno,interpolacion_delaunay,0,2521,162,744,110
2026-10-04T18:22:08.523876+00:00,1902600010196,15.66,Aceptable,16.98,Bueno,interpolacion_delaunay,0,1557,66,485,73
2026-10-04T18:22:08.523876+00:00,1902600010213,11.44,Bueno,12.5,Bueno,interpolacion_delaunay,0,2063,114,530,142
2026-10-04T18:22:08.523876+00:00,190260001011A,8.95,Bueno,9.8,Bueno,interpolacion_delaunay,0,3115,155,816,154
2026-10-04T18:22:08.523876+00:00,1902600010162,17.36,Aceptable,18.79,Bueno,interpolacion_delaunay,0,1624,64,473,65
2026-10-04T18:22:08.523876+00:00,1902600010181,18.11,Aceptable,19.61,Bueno,interpolacion_delaunay,0,1561,63,499,94
2026-10-04T18:22:08.523876+00:00,1902600010228,12.72,Bueno,13.89,Bueno,interpolacion_delaunay,0,1619,140,316,120
2026-10-04T18:22:08.523876+00:00,1902600010603,7.96,Bueno,8.71,Bueno,interpolacion_delaunay,0,1632,93,346,132
2026-10-04T18:22:08.523876+00:00,1902600010745,8.81,Bueno,9.52,Bueno,interpolacion_delaunay,0,1565,113,330,126
2026-10-04T18:22:08.523876+00:00,1902600010798,2.99,Bueno,3.28,Bueno,interpolacion_delaunay,0,3364,210,732,231
2026-10-04T18:22:08.523876+00:00,1902600010815,8.32,Bueno,9.61,Bueno,interpolacion_delaunay,0,4739,363,1000,268
2026-10-04T18:22:08.523876+00:00,1902600011438,9.81,Bueno,10.47,Bueno,interpolacion_delaunay,0,1771,89,459,85
2026-10-04T18:22:08.523876+00:00,1902600011476,5.27,Bueno,5.8,Bueno,interpolacion_delaunay,0,3270,215,839,209
2026-10-04T18:22:08.523876+00:00,1902600011777,3.41,Bueno,3.85,Bueno,interpolacion_delaunay,0,3599,312,366,80
2026-10-04T18:22:08.523876+00:00,1902600012031,12.67,Bueno,14.34,Bueno,interpolacion_delaunay,0,4385,273,421,152
2026-10-04T18:22:08.523876+00:00,1902600012173,1.43,Bueno,1.54,Bueno,interpolacion_delaunay,0,108,5,10,3
2026-10-04T18:22:08.523876+00:00,1902600012474,8.43,Bueno,9.42,Bueno,interpolacion_delaunay,0,3828,248,138,120
2026-10-04T18:22:08.523876+00:00,190260001253A,14.86,Bueno,16.96,Bueno,interpolacion_delaunay,0,1418,134,74,37
2026-10-04T18:22:08.523876+00:00,1902600012648,9.0,Bueno,9.85,Bueno,interpolacion_delaunay,0,1998,125,415,138
2026-10-04T18:22:08.523876+00:00,1902600012794,8.71,Bueno,9.7,Bueno,interpolacion_delaunay,0,776,83,32,8
2026-10-04T18:22:08.523876+00:00,1902600012775,9.52,Bueno,10.62,Bueno,interpolacion_delaunay,0,1381,194,42,36
2026-10-04T18:22:08.523876+00:00,1902600012898,2.1,Bueno,2.15,Bueno,interpolacion_delaunay,0,21,3,0,0
2026-10-04T18:22:08.523876+00:00,1902600010849,12.65,Bueno,14.72,Bueno,interpolacion_delaunay,0,1926,132,278,87
2026-10-04T18:22:08.523876+00:00,1902600012262,8.08,Bueno,8.92,Bueno,interpolacion_delaunay,0,2668,227,217,83
2026-10-04T18:22:08.523876+00:00,1902600010266,8.17,Bueno,9.04,Bueno,interpolacion_delaunay,0,427,58,19,0
2026-10-04T18:22:08.523876+00:00,1902600010779,3.34,Bueno,3.62,Bueno,interpolacion_delaunay,0,677,45,131,66
2026-10-04T18:22:08.523876+00:00,1902600010872,4.92,Bueno,4.98,Bueno,interpolacion_delaunay,0,3088,114,989,72
2026-10-04T18:22:08.523876+00:00,1902600011902,9.3,Bueno,10.23,Bueno,interpolacion_delaunay,0,2434,191,435,71
2026-10-04T18:22:08.523876+00:00,1902600011993,5.2,Bueno,5.67,Bueno,interpolacion_delaunay,0,3528,203,521,147
2026-10-04T18:22:08.523876+00:00,1902600012012,4.07,Bueno,4.23,Bueno,interpolacion_delaunay,0,2227,119,600,34
2026-10-04T18:22:08.523876+00:00,1902600012084,1.85,Bueno,1.96,Bueno,interpolacion_delaunay,0,1461,49,516,49
2026-10-04T18:22:08.523876+00:00,1902600012188,0.92,Bueno,0.98,Bueno,interpolacion_delaunay,0,460,18,82,4
2026-10-04T18:22:08.523876+00:00,1902600012277,9.28,Bueno,10.22,Bueno,interpolacion_delaunay,0,3597,281,616,228
2026-10-04T18:22:08.523876+00:00,190260001246A,8.27,Bueno,9.25,Bueno,interpolacion_delaunay,0,4546,358,308,145
2026-10-04T18:22:08.523876+00:00,1902600012559,10.86,Bueno,12.53,Bueno,interpolacion_delaunay,0,4248,285,324,114
2026-10-04T18:22:08.523876+00:00,1902600012652,8.43,Bueno,9.42,Bueno,interpolacion_delaunay,0,3158,323,113,122
2026-10-04T18:22:08.523876+00:00,1902600012671,8.55,Bueno,9.51,Bueno,interpolacion_delaunay,0,1647,122,65,34
2026-10-04T18:22:08.523876+00:00,1902600012718,14.71,Bueno,17.16,Bueno,interpolacion_delaunay,0,2829,290,123,131
2026-10-04T18:22:08.523876+00:00,1902600012741,3.76,Bueno,4.1,Bueno,interpolacion_delaunay,0,1897,119,345,52
2026-10-04T18:22:08.523876+00:00,1902600012879,8.5,Bueno,9.5,Bueno,promedio_sensores,1,2144,300,65,16
2026-10-04T18:22:08.523876+00:00,1902600010285,14.82,Bueno,15.99,Bueno,interpolacion_delaunay,0,2844,174,613,185
2026-10-04T18:22:08.523876+00:00,1902600012690,8.76,Bueno,10.15,Bueno,interpolacion_delaunay,0,79,0,3,0
2026-10-04T18:22:08.523876+00:00,1902600012099,7.18,Bueno,8.29,Bueno,interpolacion_delaunay,0,5241,599,554,189
2026-10-04T18:22:08.523876+00:00,1902600011936,8.46,Bueno,9.46,Bueno,interpolacion_delaunay,0,2951,267,407,119
2026-10-04T18:22:08.523876+00:00,1902600012169,1.27,Bueno,1.38,Bueno,interpolacion_delaunay,0,1023,50,158,14
2026-10-04T18:22:08.523876+00:00,190260001118A,3.55,Bueno,3.84,Bueno,interpolacion_delaunay,0,3453,227,320,71
2026-10-04T18:22:08.523876+00:00,1902600012050,9.47,Bueno,10.83,Bueno,interpolacion_delaunay,0,4134,320,745,263
2026-10-04T18:22:08.523876+00:00,1902600012101,9.54,Bueno,11.06,Bueno,interpolacion_delaunay,0,3626,381,484,119
2026-10-04T18:22:08.523876+00:00,1902600012563,10.79,Bueno,12.53,Bueno,interpolacion_delaunay,0,2676,291,133,25
2026-10-04T18:22:08.523876+00:00,190260001278A,7.87,Bueno,8.8,Bueno,interpolacion_delaunay,0,3558,402,98,36
2026-10-04T18:22:08.523876+00:00,1902600011921,8.37,Bueno,9.35,Bueno,interpolacion_delaunay,0,2594,223,377,76
2026-10-04T18:22:08.523876+00:00,1902600010092,10.31,Bueno,11.23,Bueno,interpolacion_delaunay,0,4183,262,1039,106
2026-10-04T18:22:08.523876+00:00,1902600011300,8.02,Bueno,8.84,Bueno,interpolacion_delaunay,0,2915,163,792,188
2026-10-04T18:22:08.523876+00:00,1902600010143,8.41,Bueno,9.4,Bueno,interpolacion_delaunay,0,2245,273,113,55
2026-10-04T18:22:08.523876+00:00,1902600011870,9.89,Bueno,10.8,Bueno,interpolacion_delaunay,0,3271,173,768,82
2026-10-04T18:22:08.523876+00:00,1902600011315,13.04,Bueno,14.18,Bueno,interpolacion_delaunay,0,3497,230,464,42
2026-10-04T18:22:08.523876+00:00,1902600011014,8.36,Bueno,9.34,Bueno,interpolacion_delaunay,0,2155,150,459,98
2026-10-04T18:22:08.523876+00:00,1902600011616,9.84,Bueno,10.9,Bueno,interpolacion_delaunay,0,3883,311,769,201
2026-10-04T18:22:08.523876+00:00,1902600011620,10.63,Bueno,11.9,Bueno,interpolacion_delaunay,0,4814,356,1024,301
2026-10-04T18:22:08.523876+00:00,1902600011480,9.8,Bueno,10.93,Bueno,interpolacion_delaunay,0,4784,390,737,223
2026-10-04T18:22:08.523876+00:00,1902600010641,6.46,Bueno,7.08,Bueno,interpolacion_delaunay,0,2917,240,627,202
2026-10-04T18:22:08.523876+00:00,1902600012633,7.8,Bueno,8.34,Bueno,interpolacion_delaunay,0,2429,188,313,91
2026-10-04T18:22:08.523876+00:00,190260001164A,12.3,Bueno,14.01,Bueno,interpolacion_delaunay,0,2101,168,367,57
2026-10-04T18:22:08.523876+00:00,1902600011635,11.91,Bueno,13.48,Bueno,interpolacion_delaunay,0,4695,347,639,204
2026-10-04T18:22:08.523876+00:00,1902600010961,8.33,Bueno,9.31,Bueno,interpolacion_delaunay,0,1353,81,150,34
2026-10-04T18:22:08.523876+00:00,1902600011226,5.17,Bueno,5.92,Bueno,interpolacion_delaunay,0,4831,444,615,226
2026-10-04T18:22:08.523876+00:00,1902600012807,2.07,Bueno,2.27,Bueno,interpolacion_delaunay,0,51,0,0,0
2026-10-04T18:22:08.523876+00:00,1902600012737,2.24,Bueno,2.46,Bueno,interpolacion_delaunay,0,153,17,4,4
2026-10-04T18:22:08.523876+00:00,1902600012046,6.75,Bueno,7.69,Bueno,interpolacion_delaunay,0,5116,376,649,199
2026-10-04T18:22:08.523876+00:00,1902600012756,2.1,Bueno,2.3,Bueno,promedio_sensores,1,2572,282,124,24
2026-10-04T18:22:08.523876+00:00,1902600010783,2.79,Bueno,3.04,Bueno,interpolacion_delaunay,0,1477,145,264,42
2026-10-04T18:22:08.523876+00:00,1902600011230,5.98,Bueno,6.86,Bueno,interpolacion_delaunay,0,3324,362,242,132
2026-10-04T18:22:08.523876+00:00,1902600011758,0.0,Bueno,0.0,Bueno,promedio_sensores,1,2105,92,408,43
2026-10-04T18:22:08.523876+00:00,1902600011141,13.83,Bueno,15.33,Bueno,interpolacion_delaunay,0,9036,1161,432,363
2026-10-04T18:22:08.523876+00:00,1902600011743,14.91,Bueno,17.37,Bueno,interpolacion_delaunay,0,7461,709,958,323
2026-10-04T18:22:08.523876+00:00,1902600012629,13.84,Bueno,16.13,Bueno,interpolacion_delaunay,0,1943,149,74,66
2026-10-04T18:22:08.523876+00:00,1902600011762,2.47,Bueno,2.71,Bueno,interpolacion_delaunay,0,2427,183,512,77
2026-10-04T18:22:08.523876+00:00,1902600011194,3.32,Bueno,3.6,Bueno,interpolacion_delaunay,0,4669,300,960,201
2026-10-04T18:22:08.523876+00:00,1902600011052,8.0,Bueno,8.94,Bueno,interpolacion_delaunay,0,7318,799,917,451
2026-10-04T18:22:08.523876+00:00,1902600012722,8.29,Bueno,9.19,Bueno,interpolacion_delaunay,0,1673,182,35,23
2026-10-04T18:22:08.523876+00:00,1902600010209,8.15,Bueno,9.02,Bueno,interpolacion_delaunay,0,0,0,0,0
2026-10-04T18:22:08.523876+00:00,1902600012883,8.44,Bueno,9.29,Bueno,interpolacion_delaunay,0,2693,391,65,39
2026-10-04T18:22:08.523876+00:00,1902600011512,9.92,Bueno,10.46,Bueno,interpolacion_delaunay,0,1411,83,448,118
2026-10-04T18:22:08.523876+00:00,1902600011527,9.82,Bueno,10.29,Bueno,interpolacion_delaunay,0,2114,99,718,127
2026-10-04T18:22:08.523876+00:00,1902600010853,8.82,Bueno,9.34,Bueno,interpolacion_delaunay,0,4562,382,755,151
2026-10-04T18:22:08.523876+00:00,1902600011160,8.3,Bueno,8.6,Bueno,promedio_sensores,1,3568,186,796,79
2026-10-04T18:22:08.523876+00:00,1902600011423,12.33,Bueno,13.38,Bueno,interpolacion_delaunay,0,2358,121,643,149
2026-10-04T18:22:08.523876+00:00,1902600011118,8.89,Bueno,9.61,Bueno,interpolacion_delaunay,0,0,0,0,0
2026-10-04T18:22:08.523876+00:00,1902600010552,11.54,Bueno,12.47,Bueno,interpolacion_delaunay,0,1358,197,299,91
2026-10-04T18:22:08.523876+00:00,1902600010567,9.2,Bueno,9.98,Bueno,interpolacion_delaunay,0,3469,239,807,212
2026-10-04T18:22:08.523876+00:00,1902600010478,13.13,Bueno,14.28,Bueno,interpolacion_delaunay,0,3451,258,686,179
2026-10-04T18:22:08.523876+00:00,1902600012493,10.05,Bueno,10.94,Bueno,interpolacion_delaunay,0,3047,231,451,139
2026-10-04T18:22:08.523876+00:00,1902600012506,10.31,Bueno,11.2,Bueno,interpolacion_delaunay,0,1875,122,448,96
2026-10-04T18:22:08.523876+00:00,1902600011387,11.29,Bueno,12.36,Bueno,interpolacion_delaunay,0,4018,279,697,181
2026-10-04T18:22:08.523876+00:00,1902600010482,12.4,Bueno,13.52,Bueno,interpolacion_delaunay,0,4004,197,1191,226
2026-10-04T18:22:08.523876+00:00,1902600010586,9.33,Bueno,10.17,Bueno,interpolacion_delaunay,0,4983,369,1196,317
2026-10-04T18:22:08.523876+00:00,1902600010590,8.96,Bueno,9.78,Bueno,interpolacion_delaunay,0,3794,290,817,254
2026-10-04T18:22:08.523876+00:00,1902600011940,10.74,Bueno,11.82,Bueno,interpolacion_delaunay,0,3450,256,773,184
2026-10-04T18:22:08.523876+00:00,1902600012224,10.04,Bueno,11.0,Bueno,interpolacion_delaunay,0,1986,122,533,118
2026-10-04T18:22:08.523876+00:00,1902600012239,9.1,Bueno,10.01,Bueno,interpolacion_delaunay,0,2664,206,487,219
2026-10-04T18:22:08.523876+00:00,1902600010548,6.43,Bueno,6.94,Bueno,interpolacion_delaunay,0,4149,203,1177,258
2026-10-04T18:22:08.523876+00:00,1902600012489,8.48,Bueno,9.34,Bueno,interpolacion_delaunay,0,2798,203,290,77
2026-10-04T18:22:08.523876+00:00,1902600011353,14.87,Bueno,16.21,Bueno,interpolacion_delaunay,0,1952,125,417,157
2026-10-04T18:22:08.523876+00:00,1902600012760,8.47,Bueno,9.47,Bueno,interpolacion_delaunay,0,3619,397,120,87
2026-10-04T18:22:08.523876+00:00,1902600011264,8.16,Bueno,9.12,Bueno,interpolacion_delaunay,0,1708,151,158,100
2026-10-04T18:22:08.523876+00:00,190260001285A,8.35,Bueno,9.33,Bueno,interpolacion_delaunay,0,1850,298,50,26
2026-10-04T18:22:08.523876+00:00,1902600010270,9.43,Bueno,10.25,Bueno,interpolacion_delaunay,0,0,0,0,0
2026-10-04T18:22:08.523876+00:00,1902600010406,11.4,Bueno,12.54,Bueno,interpolacion_delaunay,0,2889,225,550,115
2026-10-04T18:22:08.523876+00:00,1902600011067,9.53,Bueno,10.55,Bueno,interpolacion_delaunay,0,4252,360,451,270
2026-10-04T18:22:08.523876+00:00,1902600011086,10.44,Bueno,11.42,Bueno,interpolacion_delaunay,0,3224,245,126,84
2026-10-04T18:22:08.523876+00:00,1902600012313,11.73,Bueno,12.41,Bueno,interpolacion_delaunay,0,2567,202,407,174
2026-10-04T18:22:08.523876+00:00,1902600012309,11.68,Bueno,12.55,Bueno,interpolacion_delaunay,0,2125,241,150,88
2026-10-04T18:22:08.523876+00:00,1902600011809,9.08,Bueno,10.08,Bueno,interpolacion_delaunay,0,2127,251,117,120
2026-10-04T18:22:08.523876+00:00,1902600012864,7.71,Bueno,8.61,Bueno,interpolacion_delaunay,0,1168,168,40,16
2026-10-04T18:22:08.523876+00:00,190260001125A,9.73,Bueno,9.82,Bueno,interpolacion_delaunay,0,541,13,170,22
2026-10-04T18:22:08.523876+00:00,1902600011071,10.5,Bueno,11.27,Bueno,interpolacion_delaunay,0,3143,264,264,89
2026-10-04T18:22:08.523876+00:00,190260001196A,10.6,Bueno,11.31,Bueno,interpolacion_delaunay,0,3349,324,262,100
2026-10-04T18:22:08.523876+00:00,1902600011955,10.03,Bueno,11.09,Bueno,interpolacion_delaunay,0,3582,349,216,97
2026-10-04T18:22:08.523876+00:00,190260001050A,8.22,Bueno,9.09,Bueno,interpolacion_delaunay,0,2022,217,309,73
2026-10-04T18:22:08.523876+00:00,1903900012400,16.0,Aceptable,17.9,Bueno,promedio_sensores,1,4517,429,723,304
2026-10-04T18:22:08.523876+00:00,1903900014657,14.5,Bueno,15.18,Bueno,interpolacion_delaunay,0,2491,234,438,138
2026-10-04T18:22:08.523876+00:00,1903900013682,10.18,Bueno,11.1,Bueno,interpolacion_delaunay,0,4499,398,653,181
2026-10-04T18:22:08.523876+00:00,1903900010832,14.07,Bueno,15.4,Bueno,interpolacion_delaunay,0,543,31,158,26
2026-10-04T18:22:08.523876+00:00,1903900011120,16.87,Aceptable,18.22,Bueno,interpolacion_delaunay,0,2607,94,831,149
2026-10-04T18:22:08.523876+00:00,1903900012129,9.66,Bueno,10.43,Bueno,interpolacion_delaunay,0,4074,318,790,255
2026-10-04T18:22:08.523876+00:00,190390001363A,14.58,Bueno,15.25,Bueno,interpolacion_delaunay,0,3850,324,618,201
2026-10-04T18:22:08.523876+00:00,1903900014163,10.81,Bueno,11.57,Bueno,interpolacion_delaunay,0,3563,376,476,178
2026-10-04T18:22:08.523876+00:00,1903900014642,14.5,Bueno,15.19,Bueno,interpolacion_delaunay,0,2137,227,313,125
2026-10-04T18:22:08.523876+00:00,1903900013589,18.1,Aceptable,21.67,Bueno,interpolacion_delaunay,0,1971,102,595,95
2026-10-04T18:22:08.523876+00:00,1903900011370,19.01,Aceptable,20.55,Bueno,interpolacion_delaunay,0,1287,71,218,39
2026-10-04T18:22:08.523876+00:00,1903900012114,5.72,Bueno,6.52,Bueno,interpolacion_delaunay,0,2387,84,816,136
2026-10-04T18:22:08.523876+00:00,1903900012203,0.7,Bueno,0.8,Bueno,promedio_sensores,1,2974,126,1034,191
2026-10-04T18:22:08.523876+00:00,1903900013574,13.82,Bueno,16.43,Bueno,interpolacion_delaunay,0,832,37,276,93
2026-10-04T18:22:08.523876+00:00,1903900012792,3.55,Bueno,3.92,Bueno,interpolacion_delaunay,0,1,0,0,0
2026-10-04T18:22:08.523876+00:00,190390001445A,9.17,Bueno,10.03,Bueno,interpolacion_delaunay,0,5563,304,1118,197
2026-10-04T18:22:08.523876+00:00,1903900014638,14.02,Bueno,14.74,Bueno,interpolacion_delaunay,0,3811,381,571,142
2026-10-04T18:22:08.523876+00:00,1903900012063,11.84,Bueno,12.59,Bueno,interpolacion_delaunay,0,2407,98,743,119
2026-10-04T18:22:08.523876+00:00,1903900011690,8.82,Bueno,9.63,Bueno,interpolacion_delaunay,0,228,12,56,11
2026-10-04T18:22:08.523876+00:00,1903900011760,6.14,Bueno,6.89,Bueno,interpolacion_delaunay,0,1986,129,443,117
2026-10-04T18:22:08.523876+00:00,1903900011934,8.5,Bueno,9.23,Bueno,promedio_sensores,3,2171,83,550,105
2026-10-04T18:22:08.523876+00:00,190390001192A,4.64,Bueno,5.29,Bueno,interpolacion_delaunay,0,2553,117,796,121
2026-10-04T18:22:08.523876+00:00,1903900012044,13.09,Bueno,13.89,Bueno,interpolacion_delaunay,0,1920,122,427,109
2026-10-04T18:22:08.523876+00:00,1903900012078,12.39,Bueno,13.25,Bueno,interpolacion_delaunay,0,2179,136,538,60
2026-10-04T18:22:08.523876+00:00,1903900011525,8.46,Bueno,9.22,Bueno,interpolacion_delaunay,0,590,39,143,33
2026-10-04T18:22:08.523876+00:00,1903900011991,13.1,Bueno,13.9,Bueno,promedio_sensores,1,3236,192,703,201
2026-10-04T18:22:08.523876+00:00,1903900012006,6.15,Bueno,6.88,Bueno,interpolacion_delaunay,0,1972,70,504,136
2026-10-04T18:22:08.523876+00:00,1903900010673,15.99,Aceptable,17.86,Bueno,interpolacion_delaunay,0,2155,174,396,142
2026-10-04T18:22:08.523876+00:00,1903900010298,25.17,Aceptable,29.56,Bueno,interpolacion_delaunay,0,3499,233,739,152
2026-10-04T18:22:08.523876+00:00,1903900010404,26.23,Aceptable,31.05,Bueno,interpolacion_delaunay,0,2835,189,560,150
2026-10-04T18:22:08.523876+00:00,1903900011012,10.69,Bueno,11.39,Bueno,interpolacion_delaunay,0,1216,101,235,35
2026-10-04T18:22:08.523876+00:00,1903900011065,15.18,Aceptable,16.28,Bueno,interpolacion_delaunay,0,1981,192,428,144
2026-10-04T18:22:08.523876+00:00,1903900010175,23.82,Aceptable,28.05,Bueno,interpolacion_delaunay,0,1294,70,318,45
2026-10-04T18:22:08.523876+00:00,190390001018A,22.7,Aceptable,26.48,Bueno,interpolacion_delaunay,0,3618,299,750,219
2026-10-04T18:22:08.523876+00:00,1903900010194,23.54,Aceptable,27.56,Bueno,interpolacion_delaunay,0,2850,223,604,173
2026-10-04T18:22:08.523876+00:00,1903900010226,23.91,Aceptable,27.78,Bueno,interpolacion_delaunay,0,4934,461,799,274
2026-10-04T18:22:08.523876+00:00,1903900014229,4.44,Bueno,4.68,Bueno,interpolacion_delaunay,0,2852,249,505,184
2026-10-04T18:22:08.523876+00:00,1903900010353,9.26,Bueno,10.46,Bueno,interpolacion_delaunay,0,3313,167,981,325
2026-10-04T18:22:08.523876+00:00,1903900010936,10.86,Bueno,11.85,Bueno,interpolacion_delaunay,0,2121,128,459,101
2026-10-04T18:22:08.523876+00:00,1903900011173,9.3,Bueno,9.6,Bueno,promedio_sensores,1,2108,71,659,126
2026-10-04T18:22:08.523876+00:00,1903900011188,10.57,Bueno,11.42,Bueno,interpolacion_delaunay,0,3322,231,794,185
2026-10-04T18:22:08.523876+00:00,1903900011224,10.42,Bueno,11.36,Bueno,interpolacion_delaunay,0,3487,327,636,198
2026-10-04T18:22:08.523876+00:00,1903900011328,13.74,Bueno,14.77,Bueno,interpolacion_delaunay,0,1300,73,364,78
2026-10-04T18:22:08.523876+00:00,1903900011332,17.21,Aceptable,18.48,Bueno,interpolacion_delaunay,0,2976,208,686,165
2026-10-04T18:22:08.523876+00:00,1903900011493,5.4,Bueno,6.2,Bueno,promedio_sensores,1,498,32,117,21
2026-10-04T18:22:08.523876+00:00,1903900011506,6.99,Bueno,7.8,Bueno,interpolacion_delaunay,0,218,10,60,5
2026-10-04T18:22:08.523876+00:00,1903900011510,7.43,Bueno,8.19,Bueno,interpolacion_delaunay,0,370,18,99,43
2026-10-04T18:22:08.523876+00:00,1903900011563,9.8,Bueno,10.55,Bueno,interpolacion_delaunay,0,1016,57,324,41
2026-10-04T18:22:08.523876+00:00,1903900011652,4.47,Bueno,5.34,Bueno,interpolacion_delaunay,0,1408,46,412,99
2026-10-04T18:22:08.523876+00:00,1903900011667,10.06,Bueno,10.88,Bueno,interpolacion_delaunay,0,811,38,222,38
2026-10-04T18:22:08.523876+00:00,1903900011671,10.48,Bueno,11.31,Bueno,interpolacion_delaunay,0,2135,120,546,122
2026-10-04T18:22:08.523876+00:00,1903900011775,6.26,Bueno,6.99,Bueno,interpolacion_delaunay,0,3247,195,753,173
2026-10-04T18:22:08.523876+00:00,190390001178A,9.14,Bueno,9.94,Bueno,interpolacion_delaunay,0,2085,91,638,124
2026-10-04T18:22:08.523876+00:00,1903900011811,9.24,Bueno,9.81,Bueno,interpolacion_delaunay,0,3726,195,960,140
2026-10-04T18:22:08.523876+00:00,190390001210A,10.0,Bueno,11.7,Bueno,promedio_sensores,1,2790,113,700,150
2026-10-04T18:22:08.523876+00:00,1903900012186,5.79,Bueno,6.39,Bueno,interpolacion_delaunay,0,4169,44,257,49
2026-10-04T18:22:08.523876+00:00,1903900011559,8.1,Bueno,8.9,Bueno,promedio_sensores,1,854,32,232,42
2026-10-04T18:22:08.523876+00:00,1903900013428,23.94,Aceptable,28.01,Bueno,interpolacion_delaunay,0,3351,320,515,172
2026-10-04T18:22:08.523876+00:00,1903900014214,5.52,Bueno,5.86,Bueno,interpolacion_delaunay,0,4120,374,689,171
2026-10-04T18:22:08.523876+00:00,1903900014712,7.7,Bueno,8.43,Bueno,interpolacion_delaunay,0,3085,299,499,125
2026-10-04T18:22:08.523876+00:00,1903900014727,6.48,Bueno,7.02,Bueno,interpolacion_delaunay,0,2574,237,418,75
2026-10-04T18:22:08.523876+00:00,1903900011544,7.24,Bueno,8.03,Bueno,interpolacion_delaunay,0,484,17,104,17
2026-10-04T18:22:08.523876+00:00,1903900011347,21.6,Aceptable,23.3,Bueno,promedio_sensores,1,3767,228,949,230
2026-10-04T18:22:08.523876+00:00,1903900011101,19.4,Aceptable,20.91,Bueno,interpolacion_delaunay,0,2340,171,499,101
2026-10-04T18:22:08.523876+00:00,1903900010692,20.99,Aceptable,25.44,Bueno,interpolacion_delaunay,0,1264,56,294,43
2026-10-04T18:22:08.523876+00:00,190390001071A,6.5,Bueno,7.4,Bueno,promedio_sensores,1,2092,89,717,121
2026-10-04T18:22:08.523876+00:00,190390001153A,6.25,Bueno,7.05,Bueno,interpolacion_delaunay,0,283,20,33,8
2026-10-04T18:22:08.523876+00:00,1903900012222,7.99,Bueno,8.59,Bueno,interpolacion_delaunay,0,2481,214,440,130
2026-10-04T18:22:08.523876+00:00,1903900010048,19.63,Aceptable,22.55,Bueno,interpolacion_delaunay,0,2757,231,541,184
2026-10-04T18:22:08.523876+00:00,1903900010160,24.56,Aceptable,29.08,Bueno,interpolacion_delaunay,0,1233,55,334,97
2026-10-04T18:22:08.523876+00:00,1903900011915,7.87,Bueno,8.63,Bueno,interpolacion_delaunay,0,1171,52,296,69
2026-10-04T18:22:08.523876+00:00,1903900012824,1.5,Bueno,1.69,Bueno,interpolacion_delaunay,0,0,0,0,0
2026-10-04T18:22:08.523876+00:00,1903900010103,23.36,Aceptable,27.58,Bueno,interpolacion_delaunay,0,2537,115,733,107
2026-10-04T18:22:08.523876+00:00,1903900010122,22.03,Aceptable,25.58,Bueno,interpolacion_delaunay,0,3875,316,762,228
2026-10-04T18:22:08.523876+00:00,1903900010207,22.32,Aceptable,25.84,Bueno,interpolacion_delaunay,0,2935,264,476,100
2026-10-04T18:22:08.523876+00:00,190390001089A,11.8,Bueno,13.39,Bueno,interpolacion_delaunay,0,2450,84,735,103
2026-10-04T18:22:08.523876+00:00,1903900010813,16.61,Aceptable,18.35,Bueno,interpolacion_delaunay,0,1266,76,281,65
2026-10-04T18:22:08.523876+00:00,190390001096A,12.06,Bueno,13.17,Bueno,interpolacion_delaunay,0,735,52,175,36
2026-10-04T18:22:08.523876+00:00,190390001107A,15.79,Aceptable,16.95,Bueno,interpolacion_delaunay,0,2056,191,358,98
2026-10-04T18:22:08.523876+00:00,1903900011099,18.75,Aceptable,20.2,Bueno,interpolacion_delaunay,0,1728,108,401,82
2026-10-04T18:22:08.523876+00:00,1903900011281,8.59,Bueno,9.38,Bueno,interpolacion_delaunay,0,162,9,42,10
2026-10-04T18:22:08.523876+00:00,190390001146A,9.54,Bueno,10.06,Bueno,interpolacion_delaunay,0,1878,94,425,114
2026-10-04T18:22:08.523876+00:00,1903900011474,10.04,Bueno,10.9,Bueno,interpolacion_delaunay,0,1482,65,348,91
2026-10-04T18:22:08.523876+00:00,1903900011648,6.26,Bueno,6.99,Bueno,interpolacion_delaunay,0,1275,46,383,92
2026-10-04T18:22:08.523876+00:00,1903900011953,12.83,Bueno,13.68,Bueno,interpolacion_delaunay,0,4331,383,782,275
2026-10-04T18:22:08.523876+00:00,1903900011968,12.71,Bueno,13.56,Bueno,interpolacion_delaunay,0,2452,198,521,139
2026-10-04T18:22:08.523876+00:00,1903900011972,12.27,Bueno,13.09,Bueno,interpolacion_delaunay,0,2152,173,501,93
2026-10-04T18:22:08.523876+00:00,1903900011987,12.19,Bueno,12.99,Bueno,interpolacion_delaunay,0,2330,153,564,186
2026-10-04T18:22:08.523876+00:00,1903900012010,7.8,Bueno,8.57,Bueno,promedio_sensores,3,377,6,32,6
2026-10-04T18:22:08.523876+00:00,1903900012025,8.58,Bueno,9.84,Bueno,interpolacion_delaunay,0,4868,169,1336,220
2026-10-04T18:22:08.523876+00:00,1903900012608,16.32,Aceptable,18.71,Bueno,interpolacion_delaunay,0,3563,325,452,140
2026-10-04T18:22:08.523876+00:00,1903900012260,7.36,Bueno,7.76,Bueno,interpolacion_delaunay,0,2549,128,738,140
2026-10-04T18:22:08.523876+00:00,1903900012523,18.61,Aceptable,21.3,Bueno,interpolacion_delaunay,0,5883,502,863,210
2026-10-04T18:22:08.523876+00:00,1903900012576,15.62,Aceptable,17.66,Bueno,interpolacion_delaunay,0,3643,363,363,152
2026-10-04T18:22:08.523876+00:00,1903900012612,20.48,Aceptable,23.81,Bueno,interpolacion_delaunay,0,3707,369,423,217
2026-10-04T18:22:08.523876+00:00,1903900013339,18.17,Aceptable,20.61,Bueno,interpolacion_delaunay,0,3291,330,562,149
2026-10-04T18:22:08.523876+00:00,1903900013432,23.04,Aceptable,26.71,Bueno,interpolacion_delaunay,0,3283,331,497,186
2026-10-04T18:22:08.523876+00:00,1903900013381,21.44,Aceptable,24.93,Bueno,interpolacion_delaunay,0,3469,305,681,259
2026-10-04T18:22:08.523876+00:00,1903900013324,17.53,Aceptable,19.84,Bueno,interpolacion_delaunay,0,2714,268,458,83
2026-10-04T18:22:08.523876+00:00,1903900014587,10.78,Bueno,11.53,Bueno,interpolacion_delaunay,0,1315,68,368,60
2026-10-04T18:22:08.523876+00:00,1903900014604,4.2,Bueno,4.41,Bueno,interpolacion_delaunay,0,2075,111,610,109
2026-10-04T18:22:08.523876+00:00,1903900014661,9.72,Bueno,10.34,Bueno,interpolacion_delaunay,0,2902,69,608,127
2026-10-04T18:22:08.523876+00:00,1903900014680,24.3,Aceptable,29.3,Bueno,interpolacion_delaunay,0,2293,96,745,94
2026-10-04T18:22:08.523876+00:00,1903900011239,11.17,Bueno,12.06,Bueno,interpolacion_delaunay,0,3332,293,662,233
2026-10-04T18:22:08.523876+00:00,1903900011489,10.6,Bueno,11.4,Bueno,promedio_sensores,1,1608,86,419,74
2026-10-04T18:22:08.523876+00:00,1903900010279,25.0,Aceptable,29.61,Bueno,interpolacion_delaunay,0,2220,107,580,282
2026-10-04T18:22:08.523876+00:00,1903900010531,25.61,Aceptable,30.02,Bueno,interpolacion_delaunay,0,5417,419,1156,491
2026-10-04T18:22:08.523876+00:00,1903900010635,21.74,Aceptable,25.74,Bueno,interpolacion_delaunay,0,2264,78,723,158
2026-10-04T18:22:08.523876+00:00,1903900011686,9.5,Bueno,10.34,Bueno,interpolacion_delaunay,0,153,7,36,5
2026-10-04T18:22:08.523876+00:00,1903900011807,9.69,Bueno,10.38,Bueno,interpolacion_delaunay,0,2430,99,765,107
2026-10-04T18:22:08.523876+00:00,1903900011830,14.6,Bueno,16.6,Bueno,promedio_sensores,1,898,35,265,16
2026-10-04T18:22:08.523876+00:00,1903900012097,9.3,Bueno,10.6,Bueno,promedio_sensores,1,4087,88,440,163
2026-10-04T18:22:08.523876+00:00,1903900012256,10.41,Bueno,11.15,Bueno,interpolacion_delaunay,0,4590,303,1006,320
2026-10-04T18:22:08.523876+00:00,1903900012307,8.33,Bueno,8.57,Bueno,promedio_sensores,3,2986,141,683,94
2026-10-04T18:22:08.523876+00:00,1903900012453,6.67,Bueno,7.37,Bueno,interpolacion_delaunay,0,2219,109,403,76
2026-10-04T18:22:08.523876+00:00,1903900012716,14.43,Bueno,15.59,Bueno,interpolacion_delaunay,0,78,3,14,8
2026-10-04T18:22:08.523876+00:00,1903900012735,13.2,Bueno,14.21,Bueno,interpolacion_delaunay,0,0,0,0,0
2026-10-04T18:22:08.523876+00:00,1903900012769,21.92,Aceptable,25.97,Bueno,interpolacion_delaunay,0,279,15,54,0
2026-10-04T18:22:08.523876+00:00,1903900012773,10.81,Bueno,11.69,Bueno,interpolacion_delaunay,0,0,0,0,0
2026-10-04T18:22:08.523876+00:00,1903900014040,20.18,Aceptable,22.97,Bueno,interpolacion_delaunay,0,3042,337,450,116
2026-10-04T18:22:08.523876+00:00,1903900014178,11.78,Bueno,12.59,Bueno,interpolacion_delaunay,0,4610,493,538,196
2026-10-04T18:22:08.523876+00:00,1903900010156,24.51,Aceptable,29.08,Bueno,interpolacion_delaunay,0,2930,146,830,151
2026-10-04T18:22:08.523876+00:00,1903900010264,27.34,Aceptable,32.9,Bueno,interpolacion_delaunay,0,4282,326,814,272
2026-10-04T18:22:08.523876+00:00,1903900010283,25.45,Aceptable,30.14,Bueno,interpolacion_delaunay,0,2911,218,619,83
2026-10-04T18:22:08.523876+00:00,1903900010315,23.59,Aceptable,27.19,Bueno,interpolacion_delaunay,0,3515,316,654,216
2026-10-04T18:22:08.523876+00:00,190390001032A,22.2,Aceptable,25.26,Bueno,interpolacion_delaunay,0,4173,426,573,279
2026-10-04T18:22:08.523876+00:00,1903900010349,23.29,Aceptable,26.46,Bueno,interpolacion_delaunay,0,2637,166,677,132
2026-10-04T18:22:08.523876+00:00,1903900010391,26.86,Aceptable,31.96,Bueno,interpolacion_delaunay,0,3850,295,727,205
2026-10-04T18:22:08.523876+00:00,1903900010438,25.01,Aceptable,28.97,Bueno,interpolacion_delaunay,0,3338,313,521,73
2026-10-04T18:22:08.523876+00:00,1903900010442,22.49,Aceptable,25.61,Bueno,interpolacion_delaunay,0,2676,239,533,136
2026-10-04T18:22:08.523876+00:00,1903900010457,28.08,Aceptable,34.26,Bueno,interpolacion_delaunay,0,3408,175,1149,225
2026-10-04T18:22:08.523876+00:00,1903900010480,29.71,Aceptable,35.87,Bueno,interpolacion_delaunay,0,1388,64,440,114
2026-10-04T18:22:08.523876+00:00,1903900010512,25.77,Aceptable,30.64,Bueno,interpolacion_delaunay,0,2980,202,741,168
2026-10-04T18:22:08.523876+00:00,1903900010546,23.63,Aceptable,27.73,Bueno,interpolacion_delaunay,0,2660,141,683,117
2026-10-04T18:22:08.523876+00:00,1903900010550,22.87,Aceptable,26.55,Bueno,interpolacion_delaunay,0,2279,182,478,160
2026-10-04T18:22:08.523876+00:00,1903900010565,22.43,Aceptable,25.75,Bueno,interpolacion_delaunay,0,2608,254,432,94
2026-10-04T18:22:08.523876+00:00,190390001057A,19.41,Aceptable,22.04,Bueno,interpolacion_delaunay,0,1514,131,335,33
2026-10-04T18:22:08.523876+00:00,1903900010599,9.87,Bueno,11.57,Bueno,interpolacion_delaunay,0,2808,125,1047,137
2026-10-04T18:22:08.523876+00:00,1903900010601,27.4,Aceptable,33.49,Bueno,interpolacion_delaunay,0,5314,412,1126,426
2026-10-04T18:22:08.523876+00:00,1903900010620,21.86,Aceptable,26.1,Bueno,interpolacion_delaunay,0,2515,85,744,131
2026-10-04T18:22:08.523876+00:00,190390001064A,20.86,Aceptable,24.46,Bueno,interpolacion_delaunay,0,2719,125,702,154
2026-10-04T18:22:08.523876+00:00,1903900010654,20.55,Aceptable,23.77,Bueno,interpolacion_delaunay,0,2609,119,783,144
2026-10-04T18:22:08.523876+00:00,1903900010705,7.04,Bueno,7.85,Bueno,interpolacion_delaunay,0,1996,93,661,76
2026-10-04T18:22:08.523876+00:00,1903900010739,18.48,Aceptable,21.76,Bueno,interpolacion_delaunay,0,1701,60,561,127
2026-10-04T18:22:08.523876+00:00,1903900010743,17.47,Aceptable,20.31,Bueno,interpolacion_delaunay,0,1991,112,552,108
2026-10-04T18:22:08.523876+00:00,1903900010758,16.84,Aceptable,19.39,Bueno,interpolacion_delaunay,0,1207,67,324,54
2026-10-04T18:22:08.523876+00:00,1903900010796,16.58,Aceptable,18.38,Bueno,interpolacion_delaunay,0,0,0,0,0
2026-10-04T18:22:08.523876+00:00,1903900010828,15.37,Aceptable,16.92,Bueno,interpolacion_delaunay,0,1085,46,363,57
2026-10-04T18:22:08.523876+00:00,1903900010866,7.8,Bueno,8.69,Bueno,interpolacion_delaunay,0,1678,49,570,85
2026-10-04T18:22:08.523876+00:00,1903900010870,12.4,Bueno,14.5,Bueno,interpolacion_delaunay,0,3879,268,842,254
2026-10-04T18:22:08.523876+00:00,1903900010885,9.44,Bueno,10.57,Bueno,interpolacion_delaunay,0,1668,63,493,70
2026-10-04T18:22:08.523876+00:00,1903900010940,11.08,Bueno,12.1,Bueno,interpolacion_delaunay,0,3419,259,605,213
2026-10-04T18:22:08.523876+00:00,1903900011046,12.18,Bueno,12.98,Bueno,interpolacion_delaunay,0,1800,151,355,99
2026-10-04T18:22:08.523876+00:00,1903900011135,8.7,Bueno,9.65,Bueno,interpolacion_delaunay,0,1752,62,519,67
2026-10-04T18:22:08.523876+00:00,190390001114A,8.0,Bueno,9.1,Bueno,promedio_sensores,1,1380,53,428,34
2026-10-04T18:22:08.523876+00:00,1903900011154,9.06,Bueno,10.24,Bueno,interpolacion_delaunay,0,1623,62,444,64
2026-10-04T18:22:08.523876+00:00,1903900011169,9.65,Bueno,10.95,Bueno,promedio_sensores,2,2880,73,732,160
2026-10-04T18:22:08.523876+00:00,1903900011192,10.26,Bueno,10.97,Bueno,interpolacion_delaunay,0,2657,175,674,141
2026-10-04T18:22:08.523876+00:00,1903900011205,10.56,Bueno,11.37,Bueno,interpolacion_delaunay,0,122,13,22,0
2026-10-04T18:22:08.523876+00:00,1903900011243,8.37,Bueno,9.25,Bueno,interpolacion_delaunay,0,475,45,76,44
2026-10-04T18:22:08.523876+00:00,1903900011258,9.18,Bueno,10.03,Bueno,interpolacion_delaunay,0,1048,106,166,35
2026-10-04T18:22:08.523876+00:00,1903900011262,11.21,Bueno,12.04,Bueno,interpolacion_delaunay,0,1756,114,447,140
2026-10-04T18:22:08.523876+00:00,1903900011277,10.29,Bueno,11.08,Bueno,interpolacion_delaunay,0,2024,136,529,164
2026-10-04T18:22:08.523876+00:00,1903900011309,11.4,Bueno,12.1,Bueno,promedio_sensores,1,1761,123,433,90
2026-10-04T18:22:08.523876+00:00,1903900011351,20.54,Aceptable,22.16,Bueno,interpolacion_delaunay,0,2734,167,651,175
2026-10-04T18:22:08.523876+00:00,1903900011366,19.9,Aceptable,21.49,Bueno,interpolacion_delaunay,0,0,0,0,0
2026-10-04T18:22:08.523876+00:00,1903900011421,12.2,Bueno,14.1,Bueno,promedio_sensores,1,3327,204,738,54
2026-10-04T18:22:08.523876+00:00,1903900011436,10.46,Bueno,12.06,Bueno,interpolacion_delaunay,0,1869,83,431,69
2026-10-04T18:22:08.523876+00:00,1903900011440,10.1,Bueno,11.7,Bueno,interpolacion_delaunay,0,1644,76,453,82
2026-10-04T18:22:08.523876+00:00,1903900011455,14.28,Bueno,16.88,Bueno,interpolacion_delaunay,0,1330,38,379,65
2026-10-04T18:22:08.523876+00:00,1903900011578,8.12,Bueno,8.74,Bueno,interpolacion_delaunay,0,1668,78,469,55
2026-10-04T18:22:08.523876+00:00,1903900011582,8.3,Bueno,8.8,Bueno,promedio_sensores,1,1943,98,485,98
2026-10-04T18:22:08.523876+00:00,190390001160A,11.86,Bueno,12.71,Bueno,interpolacion_delaunay,0,1878,106,479,110
2026-10-04T18:22:08.523876+00:00,1903900011614,11.14,Bueno,11.9,Bueno,interpolacion_delaunay,0,2516,127,727,95
2026-10-04T18:22:08.523876+00:00,1903900011633,16.59,Aceptable,19.55,Bueno,interpolacion_delaunay,0,810,34,225,59
2026-10-04T18:22:08.523876+00:00,1903900011703,7.24,Bueno,7.96,Bueno,interpolacion_delaunay,0,3184,63,372,52
2026-10-04T18:22:08.523876+00:00,1903900011722,10.23,Bueno,11.06,Bueno,interpolacion_delaunay,0,511,20,136,16
2026-10-04T18:22:08.523876+00:00,1903900011737,9.63,Bueno,10.48,Bueno,interpolacion_delaunay,0,377,25,76,21
2026-10-04T18:22:08.523876+00:00,1903900011741,10.06,Bueno,10.88,Bueno,interpolacion_delaunay,0,179,8,28,10
2026-10-04T18:22:08.523876+00:00,1903900011756,9.84,Bueno,10.64,Bueno,interpolacion_delaunay,0,191,3,61,18
2026-10-04T18:22:08.523876+00:00,1903900011794,10.08,Bueno,10.86,Bueno,interpolacion_delaunay,0,2555,160,623,167
2026-10-04T18:22:08.523876+00:00,1903900011845,17.6,Aceptable,18.8,Bueno,promedio_sensores,1,2750,133,527,66
2026-10-04T18:22:08.523876+00:00,190390001185A,13.31,Bueno,14.23,Bueno,interpolacion_delaunay,0,2718,189,497,75
2026-10-04T18:22:08.523876+00:00,1903900011879,11.81,Bueno,12.68,Bueno,interpolacion_delaunay,0,2302,190,467,160
2026-10-04T18:22:08.523876+00:00,1903900011883,11.77,Bueno,12.62,Bueno,interpolacion_delaunay,0,2653,217,567,162
2026-10-04T18:22:08.523876+00:00,1903900011898,12.3,Bueno,13.13,Bueno,interpolacion_delaunay,0,2466,163,572,128
2026-10-04T18:22:08.523876+00:00,1903900011900,11.27,Bueno,12.07,Bueno,interpolacion_delaunay,0,1274,99,333,108
2026-10-04T18:22:08.523876+00:00,1903900012167,8.35,Bueno,9.38,Bueno,interpolacion_delaunay,0,2883,124,813,123
2026-10-04T18:22:08.523876+00:00,1903900012190,4.29,Bueno,4.83,Bueno,interpolacion_delaunay,0,1182,41,455,89
2026-10-04T18:22:08.523876+00:00,1903900012218,2.25,Bueno,2.4,Bueno,interpolacion_delaunay,0,1788,87,512,71
2026-10-04T18:22:08.523876+00:00,1903900012241,4.52,Bueno,4.76,Bueno,interpolacion_delaunay,0,1136,46,404,79
2026-10-04T18:22:08.523876+00:00,1903900012275,5.53,Bueno,5.73,Bueno,interpolacion_delaunay,0,3740,200,896,144
2026-10-04T18:22:08.523876+00:00,1903900012472,10.5,Bueno,11.4,Bueno,promedio_sensores,1,4662,342,773,243
2026-10-04T18:22:08.523876+00:00,190390001267A,12.05,Bueno,14.17,Bueno,interpolacion_delaunay,0,3909,249,1025,191
2026-10-04T18:22:08.523876+00:00,1903900012684,13.76,Bueno,16.49,Bueno,interpolacion_delaunay,0,2186,73,687,43
2026-10-04T18:22:08.523876+00:00,1903900012720,10.5,Bueno,11.5,Bueno,promedio_sensores,1,970,52,170,37
2026-10-04T18:22:08.523876+00:00,190390001274A,9.02,Bueno,9.93,Bueno,interpolacion_delaunay,0,10,0,0,0
2026-10-04T18:22:08.523876+00:00,1903900012754,10.04,Bueno,10.85,Bueno,interpolacion_delaunay,0,3205,214,714,184
2026-10-04T18:22:08.523876+00:00,1903900012788,10.4,Bueno,11.21,Bueno,interpolacion_delaunay,0,0,0,0,0
2026-10-04T18:22:08.523876+00:00,190390001281A,2.4,Bueno,2.7,Bueno,promedio_sensores,1,327,0,0,0
2026-10-04T18:22:08.523876+00:00,1903900012877,0.79,Bueno,0.88,Bueno,interpolacion_delaunay,0,0,0,0,0
2026-10-04T18:22:08.523876+00:00,1903900013451,23.64,Aceptable,27.35,Bueno,interpolacion_delaunay,0,4308,421,672,304
2026-10-04T18:22:08.523876+00:00,1903900013555,13.84,Bueno,16.28,Bueno,interpolacion_delaunay,0,4663,290,902,166
2026-10-04T18:22:08.523876+00:00,1903900013593,9.9,Bueno,10.91,Bueno,interpolacion_delaunay,0,2322,237,355,231
2026-10-04T18:22:08.523876+00:00,1903900013606,10.28,Bueno,11.24,Bueno,interpolacion_delaunay,0,2907,266,482,206
2026-10-04T18:22:08.523876+00:00,1903900013610,8.57,Bueno,9.51,Bueno,interpolacion_delaunay,0,2513,260,368,178
2026-10-04T18:22:08.523876+00:00,1903900013659,11.25,Bueno,12.12,Bueno,interpolacion_delaunay,0,1885,176,371,95
2026-10-04T18:22:08.523876+00:00,190390001406A,21.88,Aceptable,25.0,Bueno,interpolacion_delaunay,0,4196,447,516,257
2026-10-04T18:22:08.523876+00:00,1903900014093,26.74,Aceptable,31.99,Bueno,interpolacion_delaunay,0,3096,303,444,145
2026-10-04T18:22:08.523876+00:00,1903900014144,18.92,Aceptable,23.43,Bueno,interpolacion_delaunay,0,883,38,360,125
2026-10-04T18:22:08.523876+00:00,1903900014159,1.6,Bueno,2.3,Bueno,promedio_sensores,1,620,20,142,55
2026-10-04T18:22:08.523876+00:00,1903900014500,27.14,Aceptable,32.45,Bueno,interpolacion_delaunay,0,3056,353,283,111
2026-10-04T18:22:08.523876+00:00,1903900014515,28.77,Aceptable,34.62,Bueno,interpolacion_delaunay,0,3391,252,688,180
2026-10-04T18:22:08.523876+00:00,1903900014549,26.33,Aceptable,30.99,Bueno,interpolacion_delaunay,0,4319,365,785,218
2026-10-04T18:22:08.523876+00:00,1903900014553,25.39,Aceptable,29.63,Bueno,interpolacion_delaunay,0,3885,315,748,307
2026-10-04T18:22:08.523876+00:00,1903900014619,0.62,Bueno,0.69,Bueno,interpolacion_delaunay,0,2679,137,355,34
2026-10-04T18:22:08.523876+00:00,1903900014623,12.3,Bueno,13.2,Bueno,promedio_sensores,1,1853,99,476,133
2026-10-04T18:22:08.523876+00:00,1903900014731,8.92,Bueno,9.41,Bueno,interpolacion_delaunay,0,2772,164,687,112
2026-10-04T18:22:08.523876+00:00,1903900014905,7.75,Bueno,8.43,Bueno,interpolacion_delaunay,0,2280,182,284,44
2026-10-04T18:22:08.523876+00:00,190390001491A,10.99,Bueno,13.3,Bueno,interpolacion_delaunay,0,897,47,73,0
2026-10-04T18:22:08.523876+00:00,1903900014924,9.1,Bueno,9.5,Bueno,promedio_sensores,1,2425,136,485,38
2026-10-04T18:22:08.523876+00:00,1903900014939,9.17,Bueno,9.97,Bueno,interpolacion_delaunay,0,1974,92,485,50
2026-10-04T18:22:08.523876+00:00,1903900015142,16.36,Aceptable,19.54,Bueno,interpolacion_delaunay,0,2839,330,193,45
2026-10-04T18:22:08.523876+00:00,1903900011385,18.15,Aceptable,19.62,Bueno,interpolacion_delaunay,0,1585,87,442,107
2026-10-04T18:22:08.523876+00:00,1903900012805,7.94,Bueno,8.56,Bueno,interpolacion_delaunay,0,3258,186,362,30
2026-10-04T18:22:08.523876+00:00,1903900011826,16.82,Aceptable,18.37,Bueno,interpolacion_delaunay,0,1966,181,300,39
2026-10-04T18:22:08.523876+00:00,1903900012468,6.64,Bueno,7.23,Bueno,interpolacion_delaunay,0,3979,370,451,75
2026-10-04T18:22:08.523876+00:00,1903900012133,11.92,Bueno,12.76,Bueno,interpolacion_delaunay,0,3643,409,514,130
2026-10-04T18:22:08.523876+00:00,1903900014182,11.09,Bueno,12.09,Bueno,interpolacion_delaunay,0,2164,180,491,80
2026-10-04T18:22:08.523876+00:00,1903900012152,9.72,Bueno,10.86,Bueno,interpolacion_delaunay,0,2360,140,519,93
2026-10-04T18:22:08.523876+00:00,1903900012082,10.44,Bueno,11.57,Bueno,interpolacion_delaunay,0,2402,95,700,143
2026-10-04T18:22:08.523876+00:00,1903900013663,9.95,Bueno,10.98,Bueno,interpolacion_delaunay,0,4832,422,675,278
2026-10-04T18:22:08.523876+00:00,1903900013714,9.22,Bueno,9.3,Bueno,interpolacion_delaunay,0,4743,468,751,239
2026-10-04T18:22:08.523876+00:00,1903900012858,6.09,Bueno,6.36,Bueno,interpolacion_delaunay,0,0,0,0,0
2026-10-04T18:22:08.523876+00:00,1903900012839,3.05,Bueno,3.32,Bueno,interpolacion_delaunay,0,426,30,39,0
2026-10-04T18:22:08.523876+00:00,1903900012843,10.9,Bueno,11.5,Bueno,promedio_sensores,1,3288,154,618,59
2026-10-04T18:22:08.523876+00:00,1903900012862,1.9,Bueno,2.08,Bueno,interpolacion_delaunay,0,0,0,0,0
2026-10-04T18:22:08.523876+00:00,1903900013733,6.99,Bueno,7.05,Bueno,interpolacion_delaunay,0,1895,90,465,59
2026-10-04T18:22:08.523876+00:00,1903900012294,7.72,Bueno,8.03,Bueno,interpolacion_delaunay,0,3104,120,1010,138
2026-10-04T18:22:08.523876+00:00,190390001228A,9.42,Bueno,9.89,Bueno,interpolacion_delaunay,0,2430,94,799,56
2026-10-04T18:22:08.523876+00:00,1903900010423,24.16,Aceptable,27.83,Bueno,interpolacion_delaunay,0,3542,305,682,134
2026-10-04T18:22:08.523876+00:00,1903900010334,22.79,Aceptable,25.94,Bueno,interpolacion_delaunay,0,878,76,200,70
2026-10-04T18:22:08.523876+00:00,1903900010071,23.58,Aceptable,27.96,Bueno,interpolacion_delaunay,0,2520,129,682,146
2026-10-04T18:22:08.523876+00:00,1903900014869,0.86,Bueno,0.98,Bueno,interpolacion_delaunay,0,4404,353,307,53
2026-10-04T18:22:08.523876+00:00,1903900013748,4.54,Bueno,4.6,Bueno,interpolacion_delaunay,0,3552,225,627,97
2026-10-04T18:22:08.523876+00:00,1903900011050,14.32,Bueno,15.35,Bueno,interpolacion_delaunay,0,1589,135,342,104
2026-10-04T18:22:08.523876+00:00,1903900011116,17.17,Aceptable,18.52,Bueno,interpolacion_delaunay,0,0,0,0,0
2026-10-04T18:22:08.523876+00:00,1903900010809,17.64,Aceptable,19.58,Bueno,interpolacion_delaunay,0,59,3,14,3
2026-10-04T18:22:08.523876+00:00,1903900010989,13.67,Bueno,14.91,Bueno,interpolacion_delaunay,0,6061,564,591,133
2026-10-04T18:22:08.523876+00:00,1903900010851,14.09,Bueno,15.12,Bueno,interpolacion_delaunay,0,1601,105,413,68
2026-10-04T18:22:08.523876+00:00,1903900013413,14.21,Bueno,16.33,Bueno,interpolacion_delaunay,0,7251,522,1316,316
2026-10-04T18:22:08.523876+00:00,1903900010033,16.08,Aceptable,18.45,Bueno,interpolacion_delaunay,0,3321,285,588,124
2026-10-04T18:22:08.523876+00:00,1903900010137,15.55,Aceptable,18.17,Bueno,interpolacion_delaunay,0,4478,279,1202,320
2026-10-04T18:22:08.523876+00:00,1903900010141,23.21,Aceptable,27.75,Bueno,interpolacion_delaunay,0,4273,225,965,185
2026-10-04T18:22:08.523876+00:00,1903900010762,14.24,Bueno,15.78,Bueno,interpolacion_delaunay,0,1600,114,337,68
2026-10-04T18:22:08.523876+00:00,1903900014106,28.43,Aceptable,34.33,Bueno,interpolacion_delaunay,0,4189,248,1019,177
2026-10-04T18:22:08.523876+00:00,1903900014110,30.62,Aceptable,37.27,Bueno,interpolacion_delaunay,0,2699,161,643,225
2026-10-04T18:22:08.523876+00:00,1903900010921,12.24,Bueno,13.48,Bueno,interpolacion_delaunay,0,2388,213,393,106
2026-10-04T18:22:08.523876+00:00,1903900010669,15.64,Aceptable,17.65,Bueno,interpolacion_delaunay,0,2152,159,463,119
2026-10-04T18:22:08.523876+00:00,1903900010067,22.79,Aceptable,26.95,Bueno,interpolacion_delaunay,0,2799,155,819,158
2026-10-04T18:22:08.523876+00:00,1903900010688,17.55,Aceptable,19.59,Bueno,interpolacion_delaunay,0,2838,195,394,149
2026-10-04T18:22:08.523876+00:00,1903900010584,19.88,Aceptable,22.37,Bueno,interpolacion_delaunay,0,3226,273,587,141
2026-10-04T18:22:08.523876+00:00,1903900011417,11.08,Bueno,12.37,Bueno,interpolacion_delaunay,0,3077,152,970,79
2026-10-04T18:22:08.523876+00:00,1903900013837,11.88,Bueno,13.18,Bueno,interpolacion_delaunay,0,3561,193,908,77
2026-10-04T18:22:08.523876+00:00,1903900013930,19.33,Aceptable,21.76,Bueno,interpolacion_delaunay,0,1431,202,111,73
2026-10-04T18:22:08.523876+00:00,1903900014055,21.02,Aceptable,23.94,Bueno,interpolacion_delaunay,0,4222,525,372,136
2026-10-04T18:22:08.523876+00:00,190390001420A,10.69,Bueno,11.67,Bueno,interpolacion_delaunay,0,3029,320,382,97
2026-10-04T18:22:08.523876+00:00,1903900014197,10.75,Bueno,11.76,Bueno,interpolacion_delaunay,0,2456,248,321,138
2026-10-04T18:22:08.523876+00:00,1903900010974,13.35,Bueno,14.61,Bueno,interpolacion_delaunay,0,781,39,192,50
2026-10-04T18:22:08.523876+00:00,1903900011084,17.95,Aceptable,19.34,Bueno,interpolacion_delaunay,0,1782,162,338,82
2026-10-04T18:22:08.523876+00:00,1903900010847,11.83,Bueno,12.79,Bueno,interpolacion_delaunay,0,1023,82,199,53
2026-10-04T18:22:08.523876+00:00,1903900010993,13.64,Bueno,14.81,Bueno,interpolacion_delaunay,0,1086,95,211,53
2026-10-04T18:22:08.523876+00:00,1903900010372,28.92,Aceptable,34.91,Bueno,interpolacion_delaunay,0,2524,139,785,102
2026-10-04T18:22:08.523876+00:00,1903900011031,11.77,Bueno,12.56,Bueno,interpolacion_delaunay,0,1190,84,257,58
2026-10-04T18:22:08.523876+00:00,1903900010902,10.45,Bueno,11.55,Bueno,interpolacion_delaunay,0,3066,119,898,183
2026-10-04T18:22:08.523876+00:00,1903900010777,14.81,Bueno,16.39,Bueno,interpolacion_delaunay,0,1329,106,264,76
2026-10-04T18:22:08.523876+00:00,1903900010781,15.1,Aceptable,16.69,Bueno,interpolacion_delaunay,0,242,8,54,15
2026-10-04T18:22:08.523876+00:00,1903900014572,11.66,Bueno,12.45,Bueno,interpolacion_delaunay,0,1442,81,389,93
2026-10-04T18:22:08.523876+00:00,1903900014676,26.67,Aceptable,32.19,Bueno,interpolacion_delaunay,0,2120,102,506,104
2026-10-04T18:22:08.523876+00:00,190390001025A,27.2,Aceptable,32.8,Bueno,interpolacion_delaunay,0,3942,258,986,278
2026-10-04T18:22:08.523876+00:00,1903900010495,27.63,Aceptable,33.2,Bueno,interpolacion_delaunay,0,1812,109,420,98
2026-10-04T18:22:08.523876+00:00,1903900010917,11.1,Bueno,12.2,Bueno,promedio_sensores,1,2843,155,698,133
2026-10-04T18:22:08.523876+00:00,1903900010955,13.06,Bueno,14.36,Bueno,interpolacion_delaunay,0,288,25,64,22
2026-10-04T18:22:08.523876+00:00,1903900013697,11.06,Bueno,11.16,Bueno,interpolacion_delaunay,0,1977,183,341,77
2026-10-04T18:22:08.523876+00:00,1903900013860,21.16,Aceptable,24.2,Bueno,interpolacion_delaunay,0,3174,344,383,184
2026-10-04T18:22:08.523876+00:00,1903900015439,8.32,Bueno,9.7,Bueno,interpolacion_delaunay,0,627,97,12,5
2026-10-04T18:22:08.523876+00:00,1903900011027,11.57,Bueno,12.37,Bueno,interpolacion_delaunay,0,509,36,115,25
2026-10-04T18:22:08.523876+00:00,1903900013998,16.41,Aceptable,18.37,Bueno,interpolacion_delaunay,0,5766,706,558,248
2026-10-04T18:22:08.523876+00:00,190390001477A,8.27,Bueno,8.85,Bueno,interpolacion_delaunay,0,550,33,68,4
2026-10-04T18:22:08.523876+00:00,1903900014002,17.48,Aceptable,19.62,Bueno,interpolacion_delaunay,0,5494,669,668,240
2026-10-04T18:22:08.523876+00:00,1903900014873,0.92,Bueno,1.06,Bueno,interpolacion_delaunay,0,2383,154,261,52
2026-10-04T18:22:08.523876+00:00,1903900011008,12.51,Bueno,13.48,Bueno,interpolacion_delaunay,0,1877,145,377,135
2026-10-04T18:22:08.523876+00:00,1903900011313,12.52,Bueno,13.34,Bueno,interpolacion_delaunay,0,5055,336,882,185
2026-10-04T18:22:08.523876+00:00,190390001139A,18.68,Aceptable,20.15,Bueno,interpolacion_delaunay,0,1079,59,290,49
2026-10-04T18:22:08.523876+00:00,1903900011402,18.21,Aceptable,19.67,Bueno,interpolacion_delaunay,0,681,31,196,23
2026-10-04T18:22:08.523876+00:00,1903900012519,15.75,Aceptable,17.6,Bueno,interpolacion_delaunay,0,5642,661,498,241
2026-10-04T18:22:08.523876+00:00,1903900013822,11.9,Bueno,12.82,Bueno,interpolacion_delaunay,0,6050,361,890,140
2026-10-04T18:22:08.523876+00:00,1903900013964,14.48,Bueno,15.6,Bueno,interpolacion_delaunay,0,728,55,70,19
2026-10-04T18:22:08.523876+00:00,1903900014125,29.95,Aceptable,36.41,Bueno,interpolacion_delaunay,0,1881,174,361,63
2026-10-04T18:22:08.523876+00:00,190390001452A,18.6,Aceptable,20.86,Bueno,interpolacion_delaunay,0,2471,240,363,186
2026-10-04T18:22:08.523876+00:00,190390001413A,28.87,Aceptable,35.11,Bueno,interpolacion_delaunay,0,2082,180,339,126
2026-10-04T18:22:08.523876+00:00,1903900010461,32.5,Aceptable,39.9,Bueno,promedio_sensores,1,3422,173,1112,139
2026-10-04T18:22:08.523876+00:00,1903900014534,20.93,Aceptable,23.58,Bueno,interpolacion_delaunay,0,1267,111,229,29
2026-10-04T18:22:08.523876+00:00,1903900013767,3.21,Bueno,3.34,Bueno,interpolacion_delaunay,0,2308,117,605,127
2026-10-04T18:22:08.523876+00:00,1903900012345,4.16,Bueno,4.19,Bueno,interpolacion_delaunay,0,2632,98,737,80
2026-10-04T18:22:08.523876+00:00,1903900012364,0.1,Bueno,0.1,Bueno,promedio_sensores,1,2327,116,787,61
2026-10-04T18:22:08.523876+00:00,1903900011629,30.2,Aceptable,37.5,Bueno,promedio_sensores,1,2881,196,402,58
2026-10-04T18:22:08.523876+00:00,1903900013396,20.59,Aceptable,23.67,Bueno,interpolacion_delaunay,0,4014,389,664,275
2026-10-04T18:22:08.523876+00:00,1903900010245,10.87,Bueno,12.41,Bueno,interpolacion_delaunay,0,2709,131,764,208
2026-10-04T18:22:08.523876+00:00,1903900015284,10.01,Bueno,11.88,Bueno,interpolacion_delaunay,0,513,29,60,13
2026-10-04T18:22:08.523876+00:00,1903900010118,21.62,Aceptable,25.05,Bueno,interpolacion_delaunay,0,4580,383,955,302
2026-10-04T18:22:08.523876+00:00,1903900010052,20.06,Aceptable,23.05,Bueno,interpolacion_delaunay,0,3869,304,717,323
2026-10-04T18:22:08.523876+00:00,1903900015123,18.29,Aceptable,20.6,Bueno,interpolacion_delaunay,0,68,3,4,3
2026-10-04T18:22:08.523876+00:00,1903900014036,19.36,Aceptable,21.96,Bueno,interpolacion_delaunay,0,4679,569,514,263
2026-10-04T18:22:08.523876+00:00,1903900010508,28.6,Aceptable,34.21,Bueno,interpolacion_delaunay,0,3451,202,579,150
2026-10-04T18:22:08.523876+00:00,1903900010527,27.2,Aceptable,32.29,Bueno,interpolacion_delaunay,0,1779,95,454,127
2026-10-04T18:22:08.523876+00:00,1903900013729,6.31,Bueno,6.39,Bueno,interpolacion_delaunay,0,3410,392,357,136
2026-10-04T18:22:08.523876+00:00,190390001370A,8.73,Bueno,8.82,Bueno,interpolacion_delaunay,0,4006,357,563,228
2026-10-04T18:22:08.523876+00:00,1904600010362,13.17,Bueno,14.24,Bueno,interpolacion_delaunay,0,5505,271,1291,301
2026-10-04T18:22:08.523876+00:00,1904600011483,7.25,Bueno,7.92,Bueno,interpolacion_delaunay,0,2026,111,597,94
2026-10-04T18:22:08.523876+00:00,1904600011638,8.24,Bueno,8.99,Bueno,interpolacion_delaunay,0,4053,248,498,114
2026-10-04T18:22:08.523876+00:00,1904600010998,7.73,Bueno,8.3,Bueno,interpolacion_delaunay,0,5855,449,1099,257
2026-10-04T18:22:08.523876+00:00,1904600011676,13.3,Bueno,14.55,Bueno,interpolacion_delaunay,0,362,30,69,27
2026-10-04T18:22:08.523876+00:00,1904600010216,23.0,Aceptable,26.0,Bueno,promedio_sensores,1,2042,50,546,50
2026-10-04T18:22:08.523876+00:00,1904600010536,8.5,Bueno,9.16,Bueno,interpolacion_delaunay,0,4997,504,603,104
2026-10-04T18:22:08.523876+00:00,1904600011708,8.19,Bueno,8.96,Bueno,interpolacion_delaunay,0,1763,89,284,44
2026-10-04T18:22:08.523876+00:00,190460001070A,8.37,Bueno,9.35,Bueno,interpolacion_delaunay,0,1273,69,137,48
2026-10-04T18:22:08.523876+00:00,1904600011375,7.65,Bueno,8.37,Bueno,interpolacion_delaunay,0,5964,475,946,326
2026-10-04T18:22:08.523876+00:00,1904600011286,12.58,Bueno,13.62,Bueno,interpolacion_delaunay,0,2603,117,839,196
2026-10-04T18:22:08.523876+00:00,1904600011623,7.57,Bueno,8.26,Bueno,interpolacion_delaunay,0,4225,248,423,136
2026-10-04T18:22:08.523876+00:00,1904600010786,7.9,Bueno,8.63,Bueno,interpolacion_delaunay,0,4690,309,1009,269
2026-10-04T18:22:08.523876+00:00,190460001024A,12.16,Bueno,13.35,Bueno,interpolacion_delaunay,0,2748,75,850,176
2026-10-04T18:22:08.523876+00:00,1904600010875,7.63,Bueno,8.08,Bueno,interpolacion_delaunay,0,3785,202,993,129
2026-10-04T18:22:08.523876+00:00,1904600010324,14.57,Bueno,15.67,Bueno,interpolacion_delaunay,0,2214,97,651,92
2026-10-04T18:22:08.523876+00:00,1904600011233,11.01,Bueno,11.85,Bueno,interpolacion_delaunay,0,3010,241,577,204
2026-10-04T18:22:08.523876+00:00,1904600010131,15.02,Aceptable,16.71,Bueno,interpolacion_delaunay,0,4113,160,1393,177
2026-10-04T18:22:08.523876+00:00,1904600010184,16.6,Aceptable,18.56,Bueno,interpolacion_delaunay,0,3438,93,1132,126
2026-10-04T18:22:08.523876+00:00,1904600010235,15.47,Aceptable,17.23,Bueno,interpolacion_delaunay,0,2765,104,711,111
2026-10-04T18:22:08.523876+00:00,1904600010466,17.5,Aceptable,19.55,Bueno,interpolacion_delaunay,0,2212,113,500,58
2026-10-04T18:22:08.523876+00:00,190460001049A,19.88,Aceptable,22.35,Bueno,interpolacion_delaunay,0,2827,123,674,44
2026-10-04T18:22:08.523876+00:00,1904600011407,8.45,Bueno,9.05,Bueno,interpolacion_delaunay,0,3464,317,610,173
2026-10-04T18:22:08.523876+00:00,1904600011642,12.97,Bueno,14.38,Bueno,interpolacion_delaunay,0,2601,116,623,113
2026-10-04T18:22:08.523876+00:00,1904600011731,7.75,Bueno,8.23,Bueno,interpolacion_delaunay,0,3017,207,561,120
2026-10-04T18:22:08.523876+00:00,1904600010108,8.2,Bueno,8.82,Bueno,interpolacion_delaunay,0,2483,125,582,112
2026-10-04T18:22:08.523876+00:00,1904600010127,7.35,Bueno,7.82,Bueno,interpolacion_delaunay,0,4270,186,1281,297
2026-10-04T18:22:08.523876+00:00,1904600010292,15.53,Aceptable,17.2,Bueno,interpolacion_delaunay,0,0,0,0,0
2026-10-04T18:22:08.523876+00:00,1904600010714,8.82,Bueno,9.53,Bueno,interpolacion_delaunay,0,3666,266,947,309
2026-10-04T18:22:08.523876+00:00,1904600010860,8.26,Bueno,8.8,Bueno,interpolacion_delaunay,0,3290,227,721,158
2026-10-04T18:22:08.523876+00:00,1904600011002,8.11,Bueno,8.74,Bueno,interpolacion_delaunay,0,3262,289,695,194
2026-10-04T18:22:08.523876+00:00,190460001120A,10.63,Bueno,11.42,Bueno,interpolacion_delaunay,0,3141,265,631,179
2026-10-04T18:22:08.523876+00:00,1904600011341,8.36,Bueno,9.06,Bueno,interpolacion_delaunay,0,3608,289,555,127
2026-10-04T18:22:08.523876+00:00,1904600011426,7.55,Bueno,8.08,Bueno,interpolacion_delaunay,0,3335,302,691,164
2026-10-04T18:22:08.523876+00:00,190460001177A,17.57,Aceptable,19.64,Bueno,interpolacion_delaunay,0,2611,224,320,95
2026-10-04T18:22:08.523876+00:00,1904600010042,8.4,Bueno,9.09,Bueno,interpolacion_delaunay,0,1646,90,422,69
2026-10-04T18:22:08.523876+00:00,1904600010057,8.01,Bueno,8.64,Bueno,interpolacion_delaunay,0,1216,61,388,100
2026-10-04T18:22:08.523876+00:00,1904600010076,7.62,Bueno,8.1,Bueno,interpolacion_delaunay,0,3762,199,1053,215
2026-10-04T18:22:08.523876+00:00,1904600010095,7.98,Bueno,8.58,Bueno,interpolacion_delaunay,0,1199,53,337,85
2026-10-04T18:22:08.523876+00:00,1904600010146,10.2,Bueno,11.15,Bueno,interpolacion_delaunay,0,2987,160,749,104
2026-10-04T18:22:08.523876+00:00,190460001017A,7.12,Bueno,7.58,Bueno,interpolacion_delaunay,0,4101,180,1201,211
2026-10-04T18:22:08.523876+00:00,1904600010201,9.44,Bueno,10.3,Bueno,interpolacion_delaunay,0,3988,173,1242,253
2026-10-04T18:22:08.523876+00:00,1904600010220,20.27,Aceptable,22.78,Bueno,interpolacion_delaunay,0,1869,61,495,59
2026-10-04T18:22:08.523876+00:00,190460001031A,13.6,Bueno,14.63,Bueno,interpolacion_delaunay,0,2149,134,353,62
2026-10-04T18:22:08.523876+00:00,1904600010343,10.87,Bueno,11.74,Bueno,interpolacion_delaunay,0,5532,394,1335,345
2026-10-04T18:22:08.523876+00:00,1904600010381,14.88,Bueno,16.07,Bueno,interpolacion_delaunay,0,3251,164,847,172
2026-10-04T18:22:08.523876+00:00,1904600010413,14.88,Bueno,16.48,Bueno,interpolacion_delaunay,0,4002,238,499,120
2026-10-04T18:22:08.523876+00:00,1904600010485,21.1,Aceptable,23.77,Bueno,interpolacion_delaunay,0,3150,144,1004,109
2026-10-04T18:22:08.523876+00:00,1904600010540,7.18,Bueno,7.67,Bueno,interpolacion_delaunay,0,4952,283,1289,225
2026-10-04T18:22:08.523876+00:00,1904600010555,8.5,Bueno,9.24,Bueno,interpolacion_delaunay,0,0,0,0,0
2026-10-04T18:22:08.523876+00:00,1904600010593,7.17,Bueno,7.7,Bueno,interpolacion_delaunay,0,5785,417,488,81
2026-10-04T18:22:08.523876+00:00,1904600010610,8.45,Bueno,9.44,Bueno,interpolacion_delaunay,0,4819,442,219,35
2026-10-04T18:22:08.523876+00:00,1904600010625,7.86,Bueno,8.48,Bueno,interpolacion_delaunay,0,684,56,110,22
2026-10-04T18:22:08.523876+00:00,1904600010659,7.08,Bueno,7.63,Bueno,interpolacion_delaunay,0,0,0,0,0
2026-10-04T18:22:08.523876+00:00,1904600010729,8.1,Bueno,8.77,Bueno,interpolacion_delaunay,0,0,0,0,0
2026-10-04T18:22:08.523876+00:00,1904600010752,10.15,Bueno,11.0,Bueno,interpolacion_delaunay,0,2043,121,429,51
2026-10-04T18:22:08.523876+00:00,1904600010790,8.27,Bueno,9.03,Bueno,interpolacion_delaunay,0,0,0,0,0
2026-10-04T18:22:08.523876+00:00,1904600010822,8.43,Bueno,8.99,Bueno,interpolacion_delaunay,0,1808,142,329,116
2026-10-04T18:22:08.523876+00:00,1904600010841,8.18,Bueno,8.69,Bueno,interpolacion_delaunay,0,2675,196,623,119
2026-10-04T18:22:08.523876+00:00,1904600010856,7.96,Bueno,8.45,Bueno,interpolacion_delaunay,0,5049,305,900,195
2026-10-04T18:22:08.523876+00:00,190460001088A,6.02,Bueno,6.57,Bueno,interpolacion_delaunay,0,4232,220,1219,162
2026-10-04T18:22:08.523876+00:00,1904600010894,6.3,Bueno,6.82,Bueno,interpolacion_delaunay,0,2806,182,550,130
2026-10-04T18:22:08.523876+00:00,1904600010907,7.92,Bueno,8.44,Bueno,interpolacion_delaunay,0,3550,247,722,168
2026-10-04T18:22:08.523876+00:00,1904600010930,12.4,Bueno,13.64,Bueno,interpolacion_delaunay,0,3021,143,721,82
2026-10-04T18:22:08.523876+00:00,1904600010945,12.08,Bueno,13.29,Bueno,interpolacion_delaunay,0,3597,162,944,129
2026-10-04T18:22:08.523876+00:00,190460001095A,7.9,Bueno,8.46,Bueno,interpolacion_delaunay,0,3265,234,654,254
2026-10-04T18:22:08.523876+00:00,1904600010979,6.76,Bueno,7.19,Bueno,interpolacion_delaunay,0,2747,114,869,151
2026-10-04T18:22:08.523876+00:00,1904600011017,7.76,Bueno,8.35,Bueno,interpolacion_delaunay,0,4599,402,752,199
2026-10-04T18:22:08.523876+00:00,1904600011021,6.73,Bueno,7.18,Bueno,interpolacion_delaunay,0,4072,223,1090,178
2026-10-04T18:22:08.523876+00:00,1904600011040,7.72,Bueno,8.26,Bueno,interpolacion_delaunay,0,3276,150,902,88
2026-10-04T18:22:08.523876+00:00,1904600011055,7.34,Bueno,7.87,Bueno,interpolacion_delaunay,0,7096,477,1425,285
2026-10-04T18:22:08.523876+00:00,190460001106A,8.49,Bueno,9.07,Bueno,interpolacion_delaunay,0,1152,61,261,64
2026-10-04T18:22:08.523876+00:00,1904600011074,9.66,Bueno,10.35,Bueno,interpolacion_delaunay,0,4901,241,744,96
2026-10-04T18:22:08.523876+00:00,1904600011089,8.17,Bueno,8.77,Bueno,interpolacion_delaunay,0,3306,318,659,199
2026-10-04T18:22:08.523876+00:00,1904600011093,7.85,Bueno,8.51,Bueno,interpolacion_delaunay,0,3302,217,861,180
2026-10-04T18:22:08.523876+00:00,1904600011106,8.45,Bueno,9.19,Bueno,interpolacion_delaunay,0,3881,243,712,89
2026-10-04T18:22:08.523876+00:00,1904600011110,8.44,Bueno,9.43,Bueno,interpolacion_delaunay,0,3018,178,738,133
2026-10-04T18:22:08.523876+00:00,1904600011125,9.78,Bueno,10.5,Bueno,interpolacion_delaunay,0,3318,323,549,240
2026-10-04T18:22:08.523876+00:00,190460001113A,9.55,Bueno,10.27,Bueno,interpolacion_delaunay,0,3513,294,662,255
2026-10-04T18:22:08.523876+00:00,1904600011144,9.4,Bueno,10.12,Bueno,interpolacion_delaunay,0,3223,294,460,148
2026-10-04T18:22:08.523876+00:00,1904600011159,7.25,Bueno,7.87,Bueno,interpolacion_delaunay,0,4682,317,917,254
2026-10-04T18:22:08.523876+00:00,1904600011163,7.42,Bueno,8.05,Bueno,interpolacion_delaunay,0,4463,291,849,173
2026-10-04T18:22:08.523876+00:00,1904600011178,7.81,Bueno,8.49,Bueno,interpolacion_delaunay,0,2288,137,771,142
2026-10-04T18:22:08.523876+00:00,1904600011182,7.65,Bueno,8.31,Bueno,interpolacion_delaunay,0,2567,158,877,192
2026-10-04T18:22:08.523876+00:00,1904600011197,7.54,Bueno,8.2,Bueno,interpolacion_delaunay,0,2285,129,707,149
2026-10-04T18:22:08.523876+00:00,1904600011214,11.73,Bueno,12.6,Bueno,interpolacion_delaunay,0,2395,153,608,159
2026-10-04T18:22:08.523876+00:00,1904600011229,12.14,Bueno,13.06,Bueno,interpolacion_delaunay,0,3808,341,729,252
2026-10-04T18:22:08.523876+00:00,1904600011248,9.9,Bueno,10.68,Bueno,interpolacion_delaunay,0,3448,233,731,165
2026-10-04T18:22:08.523876+00:00,1904600011252,12.55,Bueno,13.54,Bueno,interpolacion_delaunay,0,3638,249,902,255
2026-10-04T18:22:08.523876+00:00,1904600011271,11.64,Bueno,12.62,Bueno,interpolacion_delaunay,0,3393,200,1049,183
2026-10-04T18:22:08.523876+00:00,1904600011290,7.55,Bueno,8.05,Bueno,interpolacion_delaunay,0,3613,204,959,164
2026-10-04T18:22:08.523876+00:00,1904600011303,7.77,Bueno,8.31,Bueno,interpolacion_delaunay,0,4255,296,730,120
2026-10-04T18:22:08.523876+00:00,1904600011318,6.5,Bueno,6.9,Bueno,promedio_sensores,1,2617,117,712,78
2026-10-04T18:22:08.523876+00:00,1904600011322,6.6,Bueno,7.02,Bueno,interpolacion_delaunay,0,3209,131,1071,177
2026-10-04T18:22:08.523876+00:00,1904600011356,7.62,Bueno,8.24,Bueno,interpolacion_delaunay,0,5344,302,754,186
2026-10-04T18:22:08.523876+00:00,190460001138A,7.12,Bueno,7.58,Bueno,interpolacion_delaunay,0,2330,116,772,143
2026-10-04T18:22:08.523876+00:00,1904600011394,6.4,Bueno,6.85,Bueno,interpolacion_delaunay,0,2495,152,536,127
2026-10-04T18:22:08.523876+00:00,1904600011430,7.22,Bueno,7.74,Bueno,interpolacion_delaunay,0,4835,297,977,195
2026-10-04T18:22:08.523876+00:00,1904600011445,8.8,Bueno,9.57,Bueno,interpolacion_delaunay,0,2396,140,277,35
2026-10-04T18:22:08.523876+00:00,190460001145A,10.0,Bueno,10.86,Bueno,interpolacion_delaunay,0,4010,242,623,75
2026-10-04T18:22:08.523876+00:00,1904600011464,10.53,Bueno,11.44,Bueno,interpolacion_delaunay,0,3269,192,527,50
2026-10-04T18:22:08.523876+00:00,1904600011479,8.87,Bueno,9.63,Bueno,interpolacion_delaunay,0,2267,102,540,81
2026-10-04T18:22:08.523876+00:00,1904600011500,8.2,Bueno,8.76,Bueno,interpolacion_delaunay,0,4575,375,784,254
2026-10-04T18:22:08.523876+00:00,1904600011515,8.05,Bueno,8.6,Bueno,interpolacion_delaunay,0,1791,111,314,102
2026-10-04T18:22:08.523876+00:00,190460001152A,8.1,Bueno,8.68,Bueno,interpolacion_delaunay,0,3396,254,719,167
2026-10-04T18:22:08.523876+00:00,1904600011534,8.18,Bueno,8.79,Bueno,interpolacion_delaunay,0,5740,487,560,132
2026-10-04T18:22:08.523876+00:00,1904600011549,7.04,Bueno,7.48,Bueno,interpolacion_delaunay,0,4515,263,831,205
2026-10-04T18:22:08.523876+00:00,1904600011568,8.06,Bueno,8.71,Bueno,interpolacion_delaunay,0,4996,283,463,138
2026-10-04T18:22:08.523876+00:00,1904600011572,8.14,Bueno,8.82,Bueno,interpolacion_delaunay,0,4541,345,482,121
2026-10-04T18:22:08.523876+00:00,1904600011587,8.35,Bueno,9.33,Bueno,interpolacion_delaunay,0,2786,153,244,33
2026-10-04T18:22:08.523876+00:00,1904600011591,8.33,Bueno,9.31,Bueno,interpolacion_delaunay,0,3387,245,335,48
2026-10-04T18:22:08.523876+00:00,1904600011604,9.92,Bueno,10.73,Bueno,interpolacion_delaunay,0,3298,256,771,245
2026-10-04T18:22:08.523876+00:00,1904600011619,11.42,Bueno,12.35,Bueno,interpolacion_delaunay,0,3765,260,958,269
2026-10-04T18:22:08.523876+00:00,1904600011657,11.69,Bueno,12.87,Bueno,interpolacion_delaunay,0,3567,176,481,50
2026-10-04T18:22:08.523876+00:00,1904600011661,9.42,Bueno,10.02,Bueno,interpolacion_delaunay,0,282,11,66,6
2026-10-04T18:22:08.523876+00:00,1904600011727,6.58,Bueno,7.12,Bueno,interpolacion_delaunay,0,3412,179,655,144
2026-10-04T18:22:08.523876+00:00,1904600011746,7.77,Bueno,8.3,Bueno,interpolacion_delaunay,0,3218,196,815,117
2026-10-04T18:22:08.523876+00:00,1904600011750,9.16,Bueno,9.8,Bueno,interpolacion_delaunay,0,4162,197,210,54
2026-10-04T18:22:08.523876+00:00,1904600011765,16.6,Aceptable,18.51,Bueno,interpolacion_delaunay,0,3860,405,397,208
2026-10-04T18:22:08.523876+00:00,1904600010663,7.19,Bueno,7.76,Bueno,interpolacion_delaunay,0,198,8,27,0
2026-10-04T18:22:08.523876+00:00,1904600010926,8.45,Bueno,9.03,Bueno,interpolacion_delaunay,0,5007,437,867,291
2026-10-04T18:22:08.523876+00:00,1904600010339,14.59,Bueno,15.71,Bueno,interpolacion_delaunay,0,1314,68,335,78
2026-10-04T18:22:08.523876+00:00,1904600011267,14.02,Bueno,15.12,Bueno,interpolacion_delaunay,0,3908,248,1102,331
2026-10-04T18:22:08.523876+00:00,1904600011712,8.5,Bueno,9.5,Bueno,interpolacion_delaunay,0,3272,182,300,58
2026-10-04T18:22:08.523876+00:00,1904600010447,7.8,Bueno,8.31,Bueno,interpolacion_delaunay,0,4132,230,437,113
2026-10-04T18:22:08.523876+00:00,1904600011498,6.01,Bueno,6.61,Bueno,interpolacion_delaunay,0,3212,141,667,65
2026-10-04T18:22:08.523876+00:00,1904600010682,8.12,Bueno,8.83,Bueno,interpolacion_delaunay,0,6498,485,714,113
2026-10-04T18:22:08.523876+00:00,1903100450393,17.31,Aceptable,19.95,Bueno,interpolacion_delaunay,0,4470,331,183,115
2026-10-04T18:22:08.523876+00:00,1903100451090,16.63,Aceptable,18.68,Bueno,interpolacion_delaunay,0,3117,391,133,67
2026-10-04T18:22:08.523876+00:00,1903100010340,12.14,Bueno,12.8,Bueno,interpolacion_delaunay,0,3444,349,252,192
2026-10-04T18:22:08.523876+00:00,1903100450641,18.26,Aceptable,21.3,Bueno,interpolacion_delaunay,0,1572,92,57,77
2026-10-04T18:22:08.523876+00:00,1903100451086,17.34,Aceptable,19.73,Bueno,interpolacion_delaunay,0,3582,470,173,24
2026-10-04T18:22:08.523876+00:00,190310311171A,15.53,Aceptable,17.01,Bueno,interpolacion_delaunay,0,1226,184,39,41
2026-10-04T18:22:08.523876+00:00,1903100450088,16.18,Aceptable,18.86,Bueno,interpolacion_delaunay,0,106,4,27,5
2026-10-04T18:22:08.523876+00:00,1903100450321,18.61,Aceptable,21.64,Bueno,interpolacion_delaunay,0,781,65,43,66
2026-10-04T18:22:08.523876+00:00,1903100450656,16.48,Aceptable,18.84,Bueno,interpolacion_delaunay,0,6656,512,216,203
2026-10-04T18:22:08.523876+00:00,1903100451461,14.88,Bueno,16.97,Bueno,interpolacion_delaunay,0,215,36,0,4
2026-10-04T18:22:08.523876+00:00,1903100451391,15.22,Aceptable,17.28,Bueno,interpolacion_delaunay,0,400,41,11,20
2026-10-04T18:22:08.523876+00:00,190310001068A,12.9,Bueno,13.5,Bueno,promedio_sensores,1,5585,402,158,107
2026-10-04T18:22:08.523876+00:00,1903100010872,14.23,Bueno,15.37,Bueno,interpolacion_delaunay,0,2902,333,115,45
2026-10-04T18:22:08.523876+00:00,1903100450266,15.82,Aceptable,18.24,Bueno,interpolacion_delaunay,0,3518,300,297,140
2026-10-04T18:22:08.523876+00:00,1903100451211,18.89,Aceptable,21.87,Bueno,interpolacion_delaunay,0,318,31,15,12
2026-10-04T18:22:08.523876+00:00,1903100450105,15.82,Aceptable,18.38,Bueno,interpolacion_delaunay,0,617,53,101,42
2026-10-04T18:22:08.523876+00:00,1903100450533,14.89,Bueno,17.07,Bueno,interpolacion_delaunay,0,112,19,4,0
2026-10-04T18:22:08.523876+00:00,1903100450834,15.52,Aceptable,17.76,Bueno,interpolacion_delaunay,0,5335,620,158,133
2026-10-04T18:22:08.523876+00:00,1903100451122,16.43,Aceptable,18.66,Bueno,interpolacion_delaunay,0,4196,367,129,124
2026-10-04T18:22:08.523876+00:00,1903100451118,15.07,Aceptable,17.16,Bueno,interpolacion_delaunay,0,1143,149,65,58
2026-10-04T18:22:08.523876+00:00,1903100450092,17.38,Aceptable,20.21,Bueno,interpolacion_delaunay,0,5801,601,614,240
2026-10-04T18:22:08.523876+00:00,190310001036A,12.97,Bueno,13.94,Bueno,interpolacion_delaunay,0,2196,166,139,77
2026-10-04T18:22:08.523876+00:00,1903100011264,14.11,Bueno,15.15,Bueno,interpolacion_delaunay,0,166,15,10,4
2026-10-04T18:22:08.523876+00:00,1903100011692,15.32,Aceptable,17.07,Bueno,interpolacion_delaunay,0,1994,254,42,57
2026-10-04T18:22:08.523876+00:00,1903100450675,16.89,Aceptable,19.39,Bueno,interpolacion_delaunay,0,2985,254,121,65
2026-10-04T18:22:08.523876+00:00,1903100450815,18.34,Aceptable,21.17,Bueno,interpolacion_delaunay,0,5183,452,347,124
2026-10-04T18:22:08.523876+00:00,1903100450887,18.18,Aceptable,21.01,Bueno,interpolacion_delaunay,0,626,73,50,23
2026-10-04T18:22:08.523876+00:00,1903100450891,18.67,Aceptable,21.49,Bueno,interpolacion_delaunay,0,3371,329,210,148
2026-10-04T18:22:08.523876+00:00,1903100450904,18.37,Aceptable,21.08,Bueno,interpolacion_delaunay,0,2284,216,156,77
2026-10-04T18:22:08.523876+00:00,1903100451438,19.2,Aceptable,22.4,Bueno,promedio_sensores,1,489,62,15,5
2026-10-04T18:22:08.523876+00:00,1903100451442,18.47,Aceptable,21.11,Bueno,interpolacion_delaunay,0,530,59,19,6
2026-10-04T18:22:08.523876+00:00,1903100451828,18.76,Aceptable,21.52,Bueno,interpolacion_delaunay,0,1268,201,24,22
2026-10-04T18:22:08.523876+00:00,1903103131616,17.83,Aceptable,20.12,Bueno,interpolacion_delaunay,0,3396,460,75,104
2026-10-04T18:22:08.523876+00:00,1903100451103,17.95,Aceptable,20.51,Bueno,interpolacion_delaunay,0,1939,184,111,81
2026-10-04T18:22:08.523876+00:00,1903103131601,18.12,Aceptable,20.5,Bueno,interpolacion_delaunay,0,3536,417,97,62
2026-10-04T18:22:08.523876+00:00,1903100451226,17.13,Aceptable,19.5,Bueno,interpolacion_delaunay,0,2587,267,90,42
2026-10-04T18:22:08.523876+00:00,1903103111512,18.4,Aceptable,20.91,Bueno,interpolacion_delaunay,0,2486,240,126,82
2026-10-04T18:22:08.523876+00:00,1903100451635,14.56,Bueno,16.52,Bueno,interpolacion_delaunay,0,3621,518,70,103
2026-10-04T18:22:08.523876+00:00,1903103131300,18.9,Aceptable,21.3,Bueno,promedio_sensores,1,4074,495,120,80
2026-10-04T18:22:08.523876+00:00,1903103111508,15.84,Aceptable,17.35,Bueno,interpolacion_delaunay,0,3724,412,113,64
2026-10-04T18:22:08.523876+00:00,1903100451387,15.46,Aceptable,17.63,Bueno,interpolacion_delaunay,0,1540,218,34,55
2026-10-04T18:22:08.523876+00:00,1903100452101,13.81,Bueno,15.65,Bueno,interpolacion_delaunay,0,1249,214,20,18
2026-10-04T18:22:08.523876+00:00,1903100451283,15.17,Aceptable,17.15,Bueno,interpolacion_delaunay,0,3230,373,88,78
2026-10-04T18:22:08.523876+00:00,1903103111527,17.24,Aceptable,19.3,Bueno,interpolacion_delaunay,0,1682,145,143,89
2026-10-04T18:22:08.523876+00:00,1903100452402,14.35,Bueno,16.2,Bueno,interpolacion_delaunay,0,0,0,0,0
2026-10-04T21:39:45.057929+00:00,1900601740121,1.6,Bueno,1.8,Bueno,promedio_sensores,1,2694,310,73,36
2026-10-04T21:39:45.057929+00:00,1900601740155,3.08,Bueno,3.44,Bueno,interpolacion_delaunay,0,1820,285,54,16
2026-10-04T21:39:45.057929+00:00,1900600781948,3.83,Bueno,4.48,Bueno,interpolacion_delaunay,0,1170,93,69,32
2026-10-04T21:39:45.057929+00:00,1900600012236,5.11,Bueno,5.69,Bueno,interpolacion_delaunay,0,264,28,6,0
2026-10-04T21:39:45.057929+00:00,1900600010225,2.02,Bueno,2.24,Bueno,interpolacion_delaunay,0,1,0,0,0
2026-10-04T21:39:45.057929+00:00,1900600010206,3.43,Bueno,3.79,Bueno,interpolacion_delaunay,0,6646,747,526,177
2026-10-04T21:39:45.057929+00:00,1900600010210,2.08,Bueno,2.31,Bueno,interpolacion_delaunay,0,0,0,0,0
2026-10-04T21:39:45.057929+00:00,1900600010244,3.86,Bueno,4.28,Bueno,interpolacion_delaunay,0,90,3,14,3
2026-10-04T21:39:45.057929+00:00,1900600010259,4.14,Bueno,4.58,Bueno,interpolacion_delaunay,0,3329,268,159,53
2026-10-04T21:39:45.057929+00:00,1900600010278,3.87,Bueno,4.29,Bueno,interpolacion_delaunay,0,486,52,18,8
2026-10-04T21:39:45.057929+00:00,1900600010297,2.63,Bueno,2.93,Bueno,interpolacion_delaunay,0,5850,524,288,225
2026-10-04T21:39:45.057929+00:00,1900600010475,3.57,Bueno,3.96,Bueno,interpolacion_delaunay,0,4729,407,844,249
2026-10-04T21:39:45.057929+00:00,190060001030A,2.51,Bueno,2.8,Bueno,interpolacion_delaunay,0,4134,431,170,127
2026-10-04T21:39:45.057929+00:00,1900600010348,5.49,Bueno,6.1,Bueno,interpolacion_delaunay,0,7877,871,609,196
2026-10-04T21:39:45.057929+00:00,1900600010460,4.0,Bueno,4.44,Bueno,interpolacion_delaunay,0,4909,343,1088,217
2026-10-04T21:39:45.057929+00:00,1900600010352,5.42,Bueno,6.02,Bueno,interpolacion_delaunay,0,1017,63,153,80
2026-10-04T21:39:45.057929+00:00,1900600010367,5.9,Bueno,6.56,Bueno,interpolacion_delaunay,0,469,45,60,46
2026-10-04T21:39:45.057929+00:00,1900600010403,2.26,Bueno,2.48,Bueno,interpolacion_delaunay,0,4726,352,972,196
2026-10-04T21:39:45.057929+00:00,190060001055A,2.21,Bueno,2.42,Bueno,interpolacion_delaunay,0,4579,363,547,197
2026-10-04T21:39:45.057929+00:00,1900600010583,2.87,Bueno,3.19,Bueno,interpolacion_delaunay,0,4964,382,425,153
2026-10-04T21:39:45.057929+00:00,1900600010598,2.39,Bueno,2.65,Bueno,interpolacion_delaunay,0,5332,416,338,212
2026-10-04T21:39:45.057929+00:00,1900600010723,3.05,Bueno,3.57,Bueno,interpolacion_delaunay,0,5109,353,1039,281
2026-10-04T21:39:45.057929+00:00,1900600010780,3.69,Bueno,4.1,Bueno,interpolacion_delaunay,0,3755,348,382,222
2026-10-04T21:39:45.057929+00:00,1900600010795,4.25,Bueno,4.72,Bueno,interpolacion_delaunay,0,5270,506,424,204
2026-10-04T21:39:45.057929+00:00,1900600010808,4.83,Bueno,5.37,Bueno,interpolacion_delaunay,0,3443,304,372,102
2026-10-04T21:39:45.057929+00:00,1900600010920,2.1,Bueno,2.3,Bueno,promedio_sensores,1,5729,316,496,128
2026-10-04T21:39:45.057929+00:00,1900600011011,3.39,Bueno,3.75,Bueno,interpolacion_delaunay,0,0,0,0,0
2026-10-04T21:39:45.057929+00:00,1900600011026,3.28,Bueno,3.63,Bueno,interpolacion_delaunay,0,0,0,0,0
2026-10-04T21:39:45.057929+00:00,1900600011064,2.57,Bueno,2.83,Bueno,interpolacion_delaunay,0,4513,371,370,162
2026-10-04T21:39:45.057929+00:00,1900600011098,1.91,Bueno,2.2,Bueno,interpolacion_delaunay,0,5772,542,419,165
2026-10-04T21:39:45.057929+00:00,1900600011149,5.65,Bueno,6.29,Bueno,interpolacion_delaunay,0,1140,100,87,38
2026-10-04T21:39:45.057929+00:00,1900600011350,2.63,Bueno,2.89,Bueno,interpolacion_delaunay,0,3323,233,353,93
2026-10-04T21:39:45.057929+00:00,1900600011365,2.88,Bueno,3.17,Bueno,interpolacion_delaunay,0,3259,285,225,87
2026-10-04T21:39:45.057929+00:00,190060001137A,3.02,Bueno,3.49,Bueno,interpolacion_delaunay,0,2748,223,522,132
2026-10-04T21:39:45.057929+00:00,1900600011632,1.96,Bueno,2.19,Bueno,interpolacion_delaunay,0,5931,475,161,144
2026-10-04T21:39:45.057929+00:00,1900600011384,3.24,Bueno,3.68,Bueno,interpolacion_delaunay,0,3359,263,352,73
2026-10-04T21:39:45.057929+00:00,1900600011399,2.94,Bueno,3.25,Bueno,interpolacion_delaunay,0,2371,274,284,91
2026-10-04T21:39:45.057929+00:00,1900600011469,1.94,Bueno,2.17,Bueno,interpolacion_delaunay,0,1932,125,131,96
2026-10-04T21:39:45.057929+00:00,1900600011401,3.56,Bueno,3.93,Bueno,interpolacion_delaunay,0,3593,269,468,144
2026-10-04T21:39:45.057929+00:00,190060001144A,1.94,Bueno,2.16,Bueno,interpolacion_delaunay,0,6239,575,321,95
2026-10-04T21:39:45.057929+00:00,1900600011473,2.74,Bueno,3.04,Bueno,interpolacion_delaunay,0,2826,209,259,107
2026-10-04T21:39:45.057929+00:00,1900600011488,3.1,Bueno,3.44,Bueno,interpolacion_delaunay,0,2922,234,293,96
2026-10-04T21:39:45.057929+00:00,1900600011492,3.66,Bueno,4.06,Bueno,interpolacion_delaunay,0,1725,134,78,56
2026-10-04T21:39:45.057929+00:00,1900600011505,3.2,Bueno,3.56,Bueno,interpolacion_delaunay,0,2030,151,78,103
2026-10-04T21:39:45.057929+00:00,190060001151A,3.21,Bueno,3.57,Bueno,interpolacion_delaunay,0,4650,413,187,145
2026-10-04T21:39:45.057929+00:00,1900600011524,3.39,Bueno,3.77,Bueno,interpolacion_delaunay,0,3658,279,744,150
2026-10-04T21:39:45.057929+00:00,1900600011539,4.01,Bueno,4.46,Bueno,interpolacion_delaunay,0,3879,269,179,190
2026-10-04T21:39:45.057929+00:00,1900600011543,4.81,Bueno,5.34,Bueno,interpolacion_delaunay,0,3926,372,127,91
2026-10-04T21:39:45.057929+00:00,1900600011844,2.67,Bueno,2.98,Bueno,interpolacion_delaunay,0,1922,166,57,23
2026-10-04T21:39:45.057929+00:00,1900600011666,2.31,Bueno,2.58,Bueno,interpolacion_delaunay,0,2454,221,74,68
2026-10-04T21:39:45.057929+00:00,1900600011859,3.02,Bueno,3.37,Bueno,interpolacion_delaunay,0,1533,143,46,34
2026-10-04T21:39:45.057929+00:00,1900600011863,4.51,Bueno,5.01,Bueno,interpolacion_delaunay,0,1050,130,36,5
2026-10-04T21:39:45.057929+00:00,1900600011878,4.76,Bueno,5.3,Bueno,interpolacion_delaunay,0,5255,440,206,130
2026-10-04T21:39:45.057929+00:00,1900600011882,4.59,Bueno,5.11,Bueno,interpolacion_delaunay,0,5356,444,208,243
2026-10-04T21:39:45.057929+00:00,190060001190A,5.42,Bueno,6.03,Bueno,interpolacion_delaunay,0,3346,296,126,99
2026-10-04T21:39:45.057929+00:00,1900600011914,5.15,Bueno,5.79,Bueno,interpolacion_delaunay,0,5844,518,215,189
2026-10-04T21:39:45.057929+00:00,1900600011929,4.88,Bueno,5.67,Bueno,interpolacion_delaunay,0,5690,426,232,211
2026-10-04T21:39:45.057929+00:00,1900600012043,3.8,Bueno,4.24,Bueno,interpolacion_delaunay,0,3660,375,120,69
2026-10-04T21:39:45.057929+00:00,1900600012109,3.02,Bueno,3.37,Bueno,interpolacion_delaunay,0,1488,155,32,33
2026-10-04T21:39:45.057929+00:00,1900600012128,4.22,Bueno,4.69,Bueno,interpolacion_delaunay,0,1714,168,66,31
2026-10-04T21:39:45.057929+00:00,190060001226A,3.41,Bueno,3.79,Bueno,interpolacion_delaunay,0,4528,324,328,117
2026-10-04T21:39:45.057929+00:00,1900600012274,2.67,Bueno,2.96,Bueno,interpolacion_delaunay,0,5782,615,191,106
2026-10-04T21:39:45.057929+00:00,190060001233A,3.14,Bueno,3.51,Bueno,interpolacion_delaunay,0,2449,267,53,48
2026-10-04T21:39:45.057929+00:00,1900600012414,3.53,Bueno,3.94,Bueno,interpolacion_delaunay,0,2297,332,39,45
2026-10-04T21:39:45.057929+00:00,1900600012429,3.9,Bueno,4.34,Bueno,interpolacion_delaunay,0,3283,479,97,39
2026-10-04T21:39:45.057929+00:00,1900600012734,4.82,Bueno,5.37,Bueno,interpolacion_delaunay,0,961,146,24,13
2026-10-04T21:39:45.057929+00:00,1900600010992,2.73,Bueno,3.02,Bueno,interpolacion_delaunay,0,0,0,0,0
2026-10-04T21:39:45.057929+00:00,1900600012804,2.55,Bueno,2.81,Bueno,interpolacion_delaunay,0,705,129,13,7
2026-10-04T21:39:45.057929+00:00,1900600011897,4.45,Bueno,5.2,Bueno,interpolacion_delaunay,0,3063,294,202,149
2026-10-04T21:39:45.057929+00:00,1900600012202,4.13,Bueno,4.64,Bueno,interpolacion_delaunay,0,372,48,3,8
2026-10-04T21:39:45.057929+00:00,1900600012039,4.53,Bueno,5.13,Bueno,interpolacion_delaunay,0,2684,242,90,67
2026-10-04T21:39:45.057929+00:00,1900601740047,1.87,Bueno,2.1,Bueno,interpolacion_delaunay,0,1719,266,38,40
2026-10-04T21:39:45.057929+00:00,190190001005A,10.61,Bueno,10.98,Bueno,interpolacion_delaunay,0,2404,108,693,69
2026-10-04T21:39:45.057929+00:00,1901900010064,13.12,Bueno,14.05,Bueno,promedio_sensores,4,2721,181,677,58
2026-10-04T21:39:45.057929+00:00,1901900010079,8.2,Bueno,8.5,Bueno,promedio_sensores,1,4464,212,1159,127
2026-10-04T21:39:45.057929+00:00,1901900010083,7.1,Bueno,7.7,Bueno,promedio_sensores,3,1374,63,441,45
2026-10-04T21:39:45.057929+00:00,1901900010098,7.7,Bueno,7.9,Bueno,promedio_sensores,1,1854,103,460,42
2026-10-04T21:39:45.057929+00:00,1901900010100,11.1,Bueno,11.4,Bueno,promedio_sensores,1,1944,129,547,21
2026-10-04T21:39:45.057929+00:00,1901900010149,5.7,Bueno,6.4,Bueno,promedio_sensores,1,1163,75,215,15
2026-10-04T21:39:45.057929+00:00,1901900010153,6.5,Bueno,6.8,Bueno,promedio_sensores,1,1800,134,430,81
2026-10-04T21:39:45.057929+00:00,1901900010168,15.4,Aceptable,16.0,Bueno,promedio_sensores,1,1570,81,416,43
2026-10-04T21:39:45.057929+00:00,1901900010172,4.41,Bueno,4.72,Bueno,interpolacion_delaunay,0,1335,59,357,29
2026-10-04T21:39:45.057929+00:00,1901900010187,3.66,Bueno,3.82,Bueno,interpolacion_delaunay,0,4463,306,999,93
2026-10-04T21:39:45.057929+00:00,1901900010191,0.2,Bueno,0.2,Bueno,promedio_sensores,1,2824,172,637,108
2026-10-04T21:39:45.057929+00:00,1901900010204,4.24,Bueno,4.37,Bueno,interpolacion_delaunay,0,3926,317,736,119
2026-10-04T21:39:45.057929+00:00,1901900010223,3.9,Bueno,4.06,Bueno,interpolacion_delaunay,0,2979,89,503,54
2026-10-04T21:39:45.057929+00:00,1901900010238,4.2,Bueno,4.3,Bueno,promedio_sensores,1,1904,73,302,23
2026-10-04T21:39:45.057929+00:00,1901900010242,1.9,Bueno,2.13,Bueno,promedio_sensores,3,2717,143,729,92
2026-10-04T21:39:45.057929+00:00,1901900010257,9.7,Bueno,10.4,Bueno,promedio_sensores,1,1307,56,361,13
2026-10-04T21:39:45.057929+00:00,1901900010261,1.0,Bueno,1.05,Bueno,promedio_sensores,2,2240,113,567,42
2026-10-04T21:39:45.057929+00:00,1901900010280,7.88,Bueno,8.35,Bueno,interpolacion_delaunay,0,2690,79,360,43
2026-10-04T21:39:45.057929+00:00,1901900010350,9.11,Bueno,9.51,Bueno,interpolacion_delaunay,0,2768,148,592,68
2026-10-04T21:39:45.057929+00:00,1901900010365,12.6,Bueno,12.9,Bueno,promedio_sensores,1,3419,327,293,61
2026-10-04T21:39:45.057929+00:00,1901900010399,4.3,Bueno,4.55,Bueno,promedio_sensores,2,1162,6,68,0
2026-10-04T21:39:45.057929+00:00,1901900010401,2.9,Bueno,3.2,Bueno,promedio_sensores,1,2375,247,392,86
2026-10-04T21:39:45.057929+00:00,1901900010416,1.49,Bueno,1.58,Bueno,interpolacion_delaunay,0,700,19,105,4
2026-10-04T21:39:45.057929+00:00,1901900010420,2.0,Bueno,2.1,Bueno,promedio_sensores,1,1696,93,408,47
2026-10-04T21:39:45.057929+00:00,1901900010435,1.2,Bueno,1.5,Bueno,promedio_sensores,1,4494,346,601,54
2026-10-04T21:39:45.057929+00:00,190190001044A,3.23,Bueno,3.77,Bueno,promedio_sensores,3,4383,354,439,56
2026-10-04T21:39:45.057929+00:00,1901900010454,5.65,Bueno,6.1,Bueno,promedio_sensores,2,557,26,114,11
2026-10-04T21:39:45.057929+00:00,1901900010469,1.0,Bueno,1.2,Bueno,promedio_sensores,1,3112,170,568,37
2026-10-04T21:39:45.057929+00:00,1901900010473,1.1,Bueno,1.45,Bueno,interpolacion_delaunay,0,983,46,182,19
2026-10-04T21:39:45.057929+00:00,1901900010488,8.25,Bueno,8.7,Bueno,promedio_sensores,2,2757,295,371,102
2026-10-04T21:39:45.057929+00:00,1901900010492,3.0,Bueno,3.3,Bueno,promedio_sensores,2,2848,173,697,71
2026-10-04T21:39:45.057929+00:00,1901900010505,5.74,Bueno,6.06,Bueno,interpolacion_delaunay,0,2494,111,512,19
2026-10-04T21:39:45.057929+00:00,190190001051A,1.0,Bueno,1.3,Bueno,promedio_sensores,1,1899,111,507,36
2026-10-04T21:39:45.057929+00:00,1901900010558,6.43,Bueno,6.67,Bueno,promedio_sensores,3,1349,87,230,21
2026-10-04T21:39:45.057929+00:00,1901900010613,3.06,Bueno,3.22,Bueno,interpolacion_delaunay,0,132,0,20,0
2026-10-04T21:39:45.057929+00:00,1901900010384,4.43,Bueno,4.83,Bueno,interpolacion_delaunay,0,1111,19,119,15
2026-10-04T21:39:45.057929+00:00,1901900010219,5.66,Bueno,5.84,Bueno,interpolacion_delaunay,0,1954,106,555,58
2026-10-04T21:39:45.057929+00:00,1902100011338,3.89,Bueno,4.47,Bueno,interpolacion_delaunay,0,2800,219,134,55
2026-10-04T21:39:45.057929+00:00,1902100011817,1.8,Bueno,2.3,Bueno,promedio_sensores,1,583,52,40,11
2026-10-04T21:39:45.057929+00:00,1902100010293,4.35,Bueno,5.26,Bueno,interpolacion_delaunay,0,2008,84,165,35
2026-10-04T21:39:45.057929+00:00,190210001033A,3.86,Bueno,4.63,Bueno,interpolacion_delaunay,0,4000,286,440,91
2026-10-04T21:39:45.057929+00:00,1902100011060,8.31,Bueno,9.62,Bueno,interpolacion_delaunay,0,3355,278,195,95
2026-10-04T21:39:45.057929+00:00,1902100010289,4.69,Bueno,5.65,Bueno,interpolacion_delaunay,0,1352,78,109,44
2026-10-04T21:39:45.057929+00:00,1902100010325,6.84,Bueno,8.13,Bueno,interpolacion_delaunay,0,1,0,0,0
2026-10-04T21:39:45.057929+00:00,1902100011412,2.7,Bueno,3.2,Bueno,promedio_sensores,1,3239,228,156,27
2026-10-04T21:39:45.057929+00:00,1902100011427,2.65,Bueno,3.2,Bueno,interpolacion_delaunay,0,4126,302,227,21
2026-10-04T21:39:45.057929+00:00,1902100011408,1.9,Bueno,2.29,Bueno,interpolacion_delaunay,0,6781,377,571,69
2026-10-04T21:39:45.057929+00:00,1902100011342,4.51,Bueno,5.14,Bueno,interpolacion_delaunay,0,4655,261,185,126
2026-10-04T21:39:45.057929+00:00,1902100010043,8.64,Bueno,10.15,Bueno,interpolacion_delaunay,0,4208,322,819,334
2026-10-04T21:39:45.057929+00:00,1902100010255,6.23,Bueno,7.13,Bueno,interpolacion_delaunay,0,6704,625,410,194
2026-10-04T21:39:45.057929+00:00,1902100010378,8.9,Bueno,10.6,Bueno,promedio_sensores,1,4134,262,294,72
2026-10-04T21:39:45.057929+00:00,1902100011075,8.27,Bueno,9.51,Bueno,interpolacion_delaunay,0,8122,855,320,248
2026-10-04T21:39:45.057929+00:00,1902600011832,5.19,Bueno,5.76,Bueno,interpolacion_delaunay,0,3764,305,386,174
2026-10-04T21:39:45.057929+00:00,1902600010035,4.38,Bueno,4.86,Bueno,interpolacion_delaunay,0,1597,156,285,106
2026-10-04T21:39:45.057929+00:00,1902600012332,11.42,Bueno,12.62,Bueno,interpolacion_delaunay,0,5634,507,898,399
2026-10-04T21:39:45.057929+00:00,1902600010020,4.55,Bueno,5.05,Bueno,interpolacion_delaunay,0,1825,174,355,160
2026-10-04T21:39:45.057929+00:00,1902600011279,4.22,Bueno,4.69,Bueno,interpolacion_delaunay,0,4324,384,731,269
2026-10-04T21:39:45.057929+00:00,1902600011283,4.1,Bueno,4.55,Bueno,interpolacion_delaunay,0,3719,341,754,207
2026-10-04T21:39:45.057929+00:00,1902600012440,5.28,Bueno,5.85,Bueno,interpolacion_delaunay,0,2604,133,153,35
2026-10-04T21:39:45.057929+00:00,1902600012667,9.0,Bueno,10.06,Bueno,interpolacion_delaunay,0,778,73,30,14
2026-10-04T21:39:45.057929+00:00,1902600012811,6.17,Bueno,6.86,Bueno,interpolacion_delaunay,0,26,4,0,0
2026-10-04T21:39:45.057929+00:00,1902600010459,10.57,Bueno,11.55,Bueno,interpolacion_delaunay,0,3039,123,850,229
2026-10-04T21:39:45.057929+00:00,1902600010317,12.53,Bueno,13.67,Bueno,interpolacion_delaunay,0,4084,275,902,321
2026-10-04T21:39:45.057929+00:00,1902600010957,4.7,Bueno,5.22,Bueno,interpolacion_delaunay,0,5841,533,1121,336
2026-10-04T21:39:45.057929+00:00,1902600011103,9.44,Bueno,11.11,Bueno,interpolacion_delaunay,0,950,69,80,47
2026-10-04T21:39:45.057929+00:00,1902600011457,6.72,Bueno,7.46,Bueno,interpolacion_delaunay,0,2279,129,466,94
2026-10-04T21:39:45.057929+00:00,1902600011404,8.76,Bueno,9.51,Bueno,interpolacion_delaunay,0,3115,227,702,219
2026-10-04T21:39:45.057929+00:00,1902600011508,9.47,Bueno,11.04,Bueno,interpolacion_delaunay,0,1978,175,250,90
2026-10-04T21:39:45.057929+00:00,1902600011828,4.69,Bueno,5.21,Bueno,interpolacion_delaunay,0,2175,178,266,60
2026-10-04T21:39:45.057929+00:00,1902600011847,5.59,Bueno,6.21,Bueno,interpolacion_delaunay,0,4488,374,407,157
2026-10-04T21:39:45.057929+00:00,1902600012402,10.19,Bueno,11.29,Bueno,interpolacion_delaunay,0,2699,234,353,170
2026-10-04T21:39:45.057929+00:00,1902600012205,11.44,Bueno,12.94,Bueno,interpolacion_delaunay,0,4435,432,502,204
2026-10-04T21:39:45.057929+00:00,1902600012258,8.65,Bueno,9.92,Bueno,interpolacion_delaunay,0,1006,77,102,40
2026-10-04T21:39:45.057929+00:00,1902600012296,7.43,Bueno,8.31,Bueno,interpolacion_delaunay,0,4398,237,919,190
2026-10-04T21:39:45.057929+00:00,1902600012455,5.44,Bueno,6.04,Bueno,interpolacion_delaunay,0,4962,328,296,118
2026-10-04T21:39:45.057929+00:00,1902600010302,12.73,Bueno,13.88,Bueno,interpolacion_delaunay,0,2790,166,675,209
2026-10-04T21:39:45.057929+00:00,1902600010425,13.14,Bueno,14.32,Bueno,interpolacion_delaunay,0,3687,235,843,230
2026-10-04T21:39:45.057929+00:00,1902600010533,12.38,Bueno,13.53,Bueno,interpolacion_delaunay,0,1681,81,395,96
2026-10-04T21:39:45.057929+00:00,1902600011813,4.76,Bueno,5.28,Bueno,interpolacion_delaunay,0,5250,447,545,129
2026-10-04T21:39:45.057929+00:00,1902600011851,5.99,Bueno,6.65,Bueno,interpolacion_delaunay,0,4115,305,359,155
2026-10-04T21:39:45.057929+00:00,1902600012436,4.78,Bueno,5.3,Bueno,interpolacion_delaunay,0,3242,185,145,20
2026-10-04T21:39:45.057929+00:00,1902600012686,8.08,Bueno,9.18,Bueno,interpolacion_delaunay,0,40,3,7,5
2026-10-04T21:39:45.057929+00:00,1902600010124,8.11,Bueno,9.05,Bueno,interpolacion_delaunay,0,2665,140,749,113
2026-10-04T21:39:45.057929+00:00,1902600012417,7.31,Bueno,8.18,Bueno,interpolacion_delaunay,0,2073,147,228,128
2026-10-04T21:39:45.057929+00:00,1902600012347,11.49,Bueno,12.65,Bueno,interpolacion_delaunay,0,4440,433,247,105
2026-10-04T21:39:45.057929+00:00,190260001239A,7.32,Bueno,8.11,Bueno,interpolacion_delaunay,0,2697,236,207,88
2026-10-04T21:39:45.057929+00:00,190260001260A,8.34,Bueno,9.47,Bueno,interpolacion_delaunay,0,979,82,21,36
2026-10-04T21:39:45.057929+00:00,1902600011391,10.6,Bueno,11.66,Bueno,interpolacion_delaunay,0,3747,280,1036,286
2026-10-04T21:39:45.057929+00:00,1902600010251,10.05,Bueno,11.11,Bueno,interpolacion_delaunay,0,6072,581,994,581
2026-10-04T21:39:45.057929+00:00,1902600010707,4.28,Bueno,4.8,Bueno,interpolacion_delaunay,0,4261,296,986,365
2026-10-04T21:39:45.057929+00:00,190260001157A,3.4,Bueno,3.85,Bueno,interpolacion_delaunay,0,2161,148,444,126
2026-10-04T21:39:45.057929+00:00,1902600011654,10.98,Bueno,12.35,Bueno,interpolacion_delaunay,0,3737,309,535,205
2026-10-04T21:39:45.057929+00:00,1902600012385,6.33,Bueno,7.03,Bueno,interpolacion_delaunay,0,108,11,8,5
2026-10-04T21:39:45.057929+00:00,1902600011495,9.87,Bueno,11.42,Bueno,interpolacion_delaunay,0,2675,203,421,91
2026-10-04T21:39:45.057929+00:00,1902600012525,10.91,Bueno,12.03,Bueno,interpolacion_delaunay,0,6162,464,363,124
2026-10-04T21:39:45.057929+00:00,1902600010995,6.16,Bueno,6.84,Bueno,interpolacion_delaunay,0,1016,61,224,56
2026-10-04T21:39:45.057929+00:00,1902600011866,8.75,Bueno,9.74,Bueno,interpolacion_delaunay,0,3064,167,548,67
2026-10-04T21:39:45.057929+00:00,190260001207A,6.11,Bueno,7.0,Bueno,interpolacion_delaunay,0,2199,99,452,47
2026-10-04T21:39:45.057929+00:00,1902600012120,6.37,Bueno,6.52,Bueno,interpolacion_delaunay,0,1092,33,384,28
2026-10-04T21:39:45.057929+00:00,1902600012135,10.85,Bueno,10.96,Bueno,interpolacion_delaunay,0,1356,47,414,29
2026-10-04T21:39:45.057929+00:00,1902600012544,12.46,Bueno,13.89,Bueno,interpolacion_delaunay,0,2171,187,206,83
2026-10-04T21:39:45.057929+00:00,1902600010069,12.8,Bueno,14.02,Bueno,interpolacion_delaunay,0,1920,94,579,107
2026-10-04T21:39:45.057929+00:00,1902600010073,12.28,Bueno,13.47,Bueno,interpolacion_delaunay,0,3137,159,955,77
2026-10-04T21:39:45.057929+00:00,1902600010088,11.11,Bueno,12.23,Bueno,interpolacion_delaunay,0,2870,157,722,160
2026-10-04T21:39:45.057929+00:00,1902600010158,15.75,Aceptable,17.14,Bueno,interpolacion_delaunay,0,1517,70,502,83
2026-10-04T21:39:45.057929+00:00,190260001029A,12.76,Bueno,13.89,Bueno,interpolacion_delaunay,0,1809,94,461,133
2026-10-04T21:39:45.057929+00:00,1902600011885,13.16,Bueno,14.41,Bueno,interpolacion_delaunay,0,1944,100,497,103
2026-10-04T21:39:45.057929+00:00,1902600012192,8.57,Bueno,9.86,Bueno,interpolacion_delaunay,0,2742,217,241,94
2026-10-04T21:39:45.057929+00:00,1902600012243,10.88,Bueno,12.01,Bueno,interpolacion_delaunay,0,316,37,21,22
2026-10-04T21:39:45.057929+00:00,1902600012421,6.78,Bueno,7.59,Bueno,interpolacion_delaunay,0,2385,134,120,49
2026-10-04T21:39:45.057929+00:00,1902600012597,8.99,Bueno,10.15,Bueno,interpolacion_delaunay,0,3539,244,126,97
2026-10-04T21:39:45.057929+00:00,1902600011029,6.46,Bueno,7.17,Bueno,interpolacion_delaunay,0,1109,94,97,45
2026-10-04T21:39:45.057929+00:00,190260001189A,13.94,Bueno,15.23,Bueno,interpolacion_delaunay,0,2117,131,543,112
2026-10-04T21:39:45.057929+00:00,1902600012703,6.3,Bueno,7.01,Bueno,interpolacion_delaunay,0,632,49,33,14
2026-10-04T21:39:45.057929+00:00,1902600011372,12.62,Bueno,13.83,Bueno,interpolacion_delaunay,0,2451,168,520,192
2026-10-04T21:39:45.057929+00:00,1902600012366,8.27,Bueno,9.45,Bueno,interpolacion_delaunay,0,350,28,12,6
2026-10-04T21:39:45.057929+00:00,1902600010321,13.61,Bueno,14.86,Bueno,interpolacion_delaunay,0,5159,259,1483,335
2026-10-04T21:39:45.057929+00:00,1902600010336,13.29,Bueno,14.52,Bueno,interpolacion_delaunay,0,3112,150,945,118
2026-10-04T21:39:45.057929+00:00,1902600010340,13.61,Bueno,14.88,Bueno,interpolacion_delaunay,0,5009,289,1452,316
2026-10-04T21:39:45.057929+00:00,1902600010355,13.13,Bueno,14.37,Bueno,interpolacion_delaunay,0,2172,143,527,123
2026-10-04T21:39:45.057929+00:00,1902600010389,12.2,Bueno,13.39,Bueno,interpolacion_delaunay,0,3485,223,809,188
2026-10-04T21:39:45.057929+00:00,1902600010393,11.33,Bueno,12.47,Bueno,interpolacion_delaunay,0,4293,274,932,186
2026-10-04T21:39:45.057929+00:00,1902600010618,6.84,Bueno,7.58,Bueno,interpolacion_delaunay,0,3420,248,733,217
2026-10-04T21:39:45.057929+00:00,1902600010730,4.94,Bueno,5.35,Bueno,interpolacion_delaunay,0,4610,359,992,364
2026-10-04T21:39:45.057929+00:00,1902600011033,7.75,Bueno,8.6,Bueno,interpolacion_delaunay,0,5199,444,572,162
2026-10-04T21:39:45.057929+00:00,1902600011122,11.42,Bueno,12.63,Bueno,interpolacion_delaunay,0,6940,637,766,300
2026-10-04T21:39:45.057929+00:00,1902600011546,5.79,Bueno,6.41,Bueno,interpolacion_delaunay,0,3715,209,870,202
2026-10-04T21:39:45.057929+00:00,1902600011461,6.14,Bueno,6.85,Bueno,interpolacion_delaunay,0,3227,233,684,198
2026-10-04T21:39:45.057929+00:00,190260001132A,13.71,Bueno,14.98,Bueno,interpolacion_delaunay,0,2713,152,488,78
2026-10-04T21:39:45.057929+00:00,1902600011334,8.78,Bueno,9.77,Bueno,interpolacion_delaunay,0,3525,289,683,240
2026-10-04T21:39:45.057929+00:00,1902600011349,8.49,Bueno,9.46,Bueno,interpolacion_delaunay,0,2716,239,484,222
2026-10-04T21:39:45.057929+00:00,1902600011368,12.74,Bueno,13.95,Bueno,interpolacion_delaunay,0,3348,226,652,119
2026-10-04T21:39:45.057929+00:00,1902600011419,11.09,Bueno,12.12,Bueno,interpolacion_delaunay,0,2833,144,728,158
2026-10-04T21:39:45.057929+00:00,1902600011442,6.01,Bueno,6.69,Bueno,interpolacion_delaunay,0,3169,182,598,174
2026-10-04T21:39:45.057929+00:00,1902600011565,4.68,Bueno,5.23,Bueno,interpolacion_delaunay,0,4076,290,816,263
2026-10-04T21:39:45.057929+00:00,1902600011584,3.8,Bueno,4.22,Bueno,interpolacion_delaunay,0,4255,317,895,221
2026-10-04T21:39:45.057929+00:00,1902600011599,4.41,Bueno,4.88,Bueno,interpolacion_delaunay,0,2923,228,572,152
2026-10-04T21:39:45.057929+00:00,1902600011601,4.1,Bueno,4.4,Bueno,promedio_sensores,1,3474,261,775,299
2026-10-04T21:39:45.057929+00:00,1902600011688,6.54,Bueno,7.14,Bueno,interpolacion_delaunay,0,3727,240,688,249
2026-10-04T21:39:45.057929+00:00,190260001171A,8.17,Bueno,8.98,Bueno,interpolacion_delaunay,0,4383,321,770,213
2026-10-04T21:39:45.057929+00:00,1902600012008,5.52,Bueno,6.05,Bueno,interpolacion_delaunay,0,1064,52,278,35
2026-10-04T21:39:45.057929+00:00,1902600011781,2.97,Bueno,3.37,Bueno,interpolacion_delaunay,0,260,22,25,0
2026-10-04T21:39:45.057929+00:00,1902600011989,6.0,Bueno,6.65,Bueno,interpolacion_delaunay,0,3336,217,653,151
2026-10-04T21:39:45.057929+00:00,1902600012027,7.66,Bueno,8.4,Bueno,interpolacion_delaunay,0,5601,339,676,195
2026-10-04T21:39:45.057929+00:00,1902600012116,8.75,Bueno,9.7,Bueno,interpolacion_delaunay,0,2265,174,319,64
2026-10-04T21:39:45.057929+00:00,1902600012328,8.61,Bueno,9.81,Bueno,interpolacion_delaunay,0,2737,200,173,54
2026-10-04T21:39:45.057929+00:00,1902600012510,10.88,Bueno,12.0,Bueno,interpolacion_delaunay,0,3466,257,269,90
2026-10-04T21:39:45.057929+00:00,1902600012578,10.16,Bueno,11.23,Bueno,interpolacion_delaunay,0,2465,185,298,196
2026-10-04T21:39:45.057929+00:00,1902600012582,9.66,Bueno,10.69,Bueno,interpolacion_delaunay,0,2739,201,423,283
2026-10-04T21:39:45.057929+00:00,1902600012614,9.21,Bueno,10.53,Bueno,interpolacion_delaunay,0,3024,272,68,36
2026-10-04T21:39:45.057929+00:00,1902600010177,14.19,Bueno,15.49,Bueno,interpolacion_delaunay,0,1769,60,559,90
2026-10-04T21:39:45.057929+00:00,1902600010444,9.21,Bueno,10.03,Bueno,interpolacion_delaunay,0,2474,121,665,111
2026-10-04T21:39:45.057929+00:00,1902600011531,6.58,Bueno,7.26,Bueno,interpolacion_delaunay,0,3594,235,816,160
2026-10-04T21:39:45.057929+00:00,1902600010232,10.35,Bueno,11.43,Bueno,interpolacion_delaunay,0,2521,162,744,110
2026-10-04T21:39:45.057929+00:00,1902600010196,13.65,Bueno,14.92,Bueno,interpolacion_delaunay,0,1557,66,485,73
2026-10-04T21:39:45.057929+00:00,1902600010213,10.85,Bueno,11.96,Bueno,interpolacion_delaunay,0,2063,114,530,142
2026-10-04T21:39:45.057929+00:00,190260001011A,9.16,Bueno,10.17,Bueno,interpolacion_delaunay,0,3115,155,816,154
2026-10-04T21:39:45.057929+00:00,1902600010162,14.78,Bueno,16.12,Bueno,interpolacion_delaunay,0,1624,64,473,65
2026-10-04T21:39:45.057929+00:00,1902600010181,15.22,Aceptable,16.58,Bueno,interpolacion_delaunay,0,1561,63,499,94
2026-10-04T21:39:45.057929+00:00,1902600010228,11.73,Bueno,12.89,Bueno,interpolacion_delaunay,0,1619,140,316,120
2026-10-04T21:39:45.057929+00:00,1902600010603,7.16,Bueno,7.92,Bueno,interpolacion_delaunay,0,1632,93,346,132
2026-10-04T21:39:45.057929+00:00,1902600010745,5.7,Bueno,6.19,Bueno,interpolacion_delaunay,0,1565,113,330,126
2026-10-04T21:39:45.057929+00:00,1902600010798,2.58,Bueno,2.95,Bueno,interpolacion_delaunay,0,3364,210,732,231
2026-10-04T21:39:45.057929+00:00,1902600010815,5.99,Bueno,6.69,Bueno,interpolacion_delaunay,0,4739,363,1000,268
2026-10-04T21:39:45.057929+00:00,1902600011438,9.16,Bueno,9.99,Bueno,interpolacion_delaunay,0,1771,89,459,85
2026-10-04T21:39:45.057929+00:00,1902600011476,4.89,Bueno,5.47,Bueno,interpolacion_delaunay,0,3270,215,839,209
2026-10-04T21:39:45.057929+00:00,1902600011777,2.6,Bueno,2.99,Bueno,interpolacion_delaunay,0,3599,312,366,80
2026-10-04T21:39:45.057929+00:00,1902600012031,8.94,Bueno,9.82,Bueno,interpolacion_delaunay,0,4385,273,421,152
2026-10-04T21:39:45.057929+00:00,1902600012173,1.2,Bueno,1.37,Bueno,interpolacion_delaunay,0,108,5,10,3
2026-10-04T21:39:45.057929+00:00,1902600012474,6.56,Bueno,7.28,Bueno,interpolacion_delaunay,0,3828,248,138,120
2026-10-04T21:39:45.057929+00:00,190260001253A,11.7,Bueno,13.11,Bueno,interpolacion_delaunay,0,1418,134,74,37
2026-10-04T21:39:45.057929+00:00,1902600012648,6.73,Bueno,7.38,Bueno,interpolacion_delaunay,0,1998,125,415,138
2026-10-04T21:39:45.057929+00:00,1902600012794,9.0,Bueno,9.98,Bueno,interpolacion_delaunay,0,776,83,32,8
2026-10-04T21:39:45.057929+00:00,1902600012775,9.44,Bueno,10.57,Bueno,interpolacion_delaunay,0,1381,194,42,36
2026-10-04T21:39:45.057929+00:00,1902600012898,2.48,Bueno,2.58,Bueno,interpolacion_delaunay,0,21,3,0,0
2026-10-04T21:39:45.057929+00:00,1902600010849,8.93,Bueno,9.88,Bueno,interpolacion_delaunay,0,1926,132,278,87
2026-10-04T21:39:45.057929+00:00,1902600012262,8.62,Bueno,9.59,Bueno,interpolacion_delaunay,0,2668,227,217,83
2026-10-04T21:39:45.057929+00:00,1902600010266,8.43,Bueno,9.39,Bueno,interpolacion_delaunay,0,427,58,19,0
2026-10-04T21:39:45.057929+00:00,1902600010779,2.71,Bueno,3.03,Bueno,interpolacion_delaunay,0,677,45,131,66
2026-10-04T21:39:45.057929+00:00,1902600010872,5.19,Bueno,5.29,Bueno,interpolacion_delaunay,0,3088,114,989,72
2026-10-04T21:39:45.057929+00:00,1902600011902,9.43,Bueno,10.46,Bueno,interpolacion_delaunay,0,2434,191,435,71
2026-10-04T21:39:45.057929+00:00,1902600011993,4.44,Bueno,4.96,Bueno,interpolacion_delaunay,0,3528,203,521,147
2026-10-04T21:39:45.057929+00:00,1902600012012,5.22,Bueno,5.76,Bueno,interpolacion_delaunay,0,2227,119,600,34
2026-10-04T21:39:45.057929+00:00,1902600012084,2.96,Bueno,3.31,Bueno,interpolacion_delaunay,0,1461,49,516,49
2026-10-04T21:39:45.057929+00:00,1902600012188,1.45,Bueno,1.62,Bueno,interpolacion_delaunay,0,460,18,82,4
2026-10-04T21:39:45.057929+00:00,1902600012277,9.43,Bueno,10.46,Bueno,interpolacion_delaunay,0,3597,281,616,228
2026-10-04T21:39:45.057929+00:00,190260001246A,5.97,Bueno,6.63,Bueno,interpolacion_delaunay,0,4546,358,308,145
2026-10-04T21:39:45.057929+00:00,1902600012559,7.64,Bueno,8.48,Bueno,interpolacion_delaunay,0,4248,285,324,114
2026-10-04T21:39:45.057929+00:00,1902600012652,8.88,Bueno,9.86,Bueno,interpolacion_delaunay,0,3158,323,113,122
2026-10-04T21:39:45.057929+00:00,1902600012671,8.62,Bueno,9.56,Bueno,interpolacion_delaunay,0,1647,122,65,34
2026-10-04T21:39:45.057929+00:00,1902600012718,10.34,Bueno,11.42,Bueno,interpolacion_delaunay,0,2829,290,123,131
2026-10-04T21:39:45.057929+00:00,1902600012741,3.14,Bueno,3.56,Bueno,interpolacion_delaunay,0,1897,119,345,52
2026-10-04T21:39:45.057929+00:00,1902600012879,9.0,Bueno,10.0,Bueno,promedio_sensores,1,2144,300,65,16
2026-10-04T21:39:45.057929+00:00,1902600010285,12.08,Bueno,13.11,Bueno,interpolacion_delaunay,0,2844,174,613,185
2026-10-04T21:39:45.057929+00:00,1902600012690,6.24,Bueno,6.93,Bueno,interpolacion_delaunay,0,79,0,3,0
2026-10-04T21:39:45.057929+00:00,1902600012099,5.17,Bueno,5.78,Bueno,interpolacion_delaunay,0,5241,599,554,189
2026-10-04T21:39:45.057929+00:00,1902600011936,8.0,Bueno,8.89,Bueno,interpolacion_delaunay,0,2951,267,407,119
2026-10-04T21:39:45.057929+00:00,1902600012169,1.04,Bueno,1.15,Bueno,interpolacion_delaunay,0,1023,50,158,14
2026-10-04T21:39:45.057929+00:00,190260001118A,2.89,Bueno,3.2,Bueno,interpolacion_delaunay,0,3453,227,320,71
2026-10-04T21:39:45.057929+00:00,1902600012050,6.6,Bueno,7.32,Bueno,interpolacion_delaunay,0,4134,320,745,263
2026-10-04T21:39:45.057929+00:00,1902600012101,6.8,Bueno,7.55,Bueno,interpolacion_delaunay,0,3626,381,484,119
2026-10-04T21:39:45.057929+00:00,1902600012563,7.66,Bueno,8.49,Bueno,interpolacion_delaunay,0,2676,291,133,25
2026-10-04T21:39:45.057929+00:00,190260001278A,6.25,Bueno,6.95,Bueno,interpolacion_delaunay,0,3558,402,98,36
2026-10-04T21:39:45.057929+00:00,1902600011921,7.52,Bueno,8.36,Bueno,interpolacion_delaunay,0,2594,223,377,76
2026-10-04T21:39:45.057929+00:00,1902600010092,10.05,Bueno,11.11,Bueno,interpolacion_delaunay,0,4183,262,1039,106
2026-10-04T21:39:45.057929+00:00,1902600011300,8.05,Bueno,8.98,Bueno,interpolacion_delaunay,0,2915,163,792,188
2026-10-04T21:39:45.057929+00:00,1902600010143,7.16,Bueno,7.95,Bueno,interpolacion_delaunay,0,2245,273,113,55
2026-10-04T21:39:45.057929+00:00,1902600011870,9.78,Bueno,10.83,Bueno,interpolacion_delaunay,0,3271,173,768,82
2026-10-04T21:39:45.057929+00:00,1902600011315,11.9,Bueno,13.07,Bueno,interpolacion_delaunay,0,3497,230,464,42
2026-10-04T21:39:45.057929+00:00,1902600011014,6.65,Bueno,7.38,Bueno,interpolacion_delaunay,0,2155,150,459,98
2026-10-04T21:39:45.057929+00:00,1902600011616,7.42,Bueno,8.15,Bueno,interpolacion_delaunay,0,3883,311,769,201
2026-10-04T21:39:45.057929+00:00,1902600011620,8.22,Bueno,9.05,Bueno,interpolacion_delaunay,0,4814,356,1024,301
2026-10-04T21:39:45.057929+00:00,1902600011480,8.16,Bueno,9.0,Bueno,interpolacion_delaunay,0,4784,390,737,223
2026-10-04T21:39:45.057929+00:00,1902600010641,5.89,Bueno,6.54,Bueno,interpolacion_delaunay,0,2917,240,627,202
2026-10-04T21:39:45.057929+00:00,1902600012633,5.72,Bueno,6.24,Bueno,interpolacion_delaunay,0,2429,188,313,91
2026-10-04T21:39:45.057929+00:00,190260001164A,9.82,Bueno,10.85,Bueno,interpolacion_delaunay,0,2101,168,367,57
2026-10-04T21:39:45.057929+00:00,1902600011635,9.17,Bueno,10.11,Bueno,interpolacion_delaunay,0,4695,347,639,204
2026-10-04T21:39:45.057929+00:00,1902600010961,5.9,Bueno,6.55,Bueno,interpolacion_delaunay,0,1353,81,150,34
2026-10-04T21:39:45.057929+00:00,1902600011226,3.81,Bueno,4.3,Bueno,interpolacion_delaunay,0,4831,444,615,226
2026-10-04T21:39:45.057929+00:00,1902600012807,1.67,Bueno,1.97,Bueno,interpolacion_delaunay,0,51,0,0,0
2026-10-04T21:39:45.057929+00:00,1902600012737,1.79,Bueno,2.09,Bueno,interpolacion_delaunay,0,153,17,4,4
2026-10-04T21:39:45.057929+00:00,1902600012046,4.8,Bueno,5.36,Bueno,interpolacion_delaunay,0,5116,376,649,199
2026-10-04T21:39:45.057929+00:00,1902600012756,1.7,Bueno,2.0,Bueno,promedio_sensores,1,2572,282,124,24
2026-10-04T21:39:45.057929+00:00,1902600010783,2.26,Bueno,2.59,Bueno,interpolacion_delaunay,0,1477,145,264,42
2026-10-04T21:39:45.057929+00:00,1902600011230,4.37,Bueno,4.91,Bueno,interpolacion_delaunay,0,3324,362,242,132
2026-10-04T21:39:45.057929+00:00,1902600011758,0.0,Bueno,0.0,Bueno,promedio_sensores,1,2105,92,408,43
2026-10-04T21:39:45.057929+00:00,1902600011141,11.31,Bueno,12.97,Bueno,interpolacion_delaunay,0,9036,1161,432,363
2026-10-04T21:39:45.057929+00:00,1902600011743,10.51,Bueno,11.62,Bueno,interpolacion_delaunay,0,7461,709,958,323
2026-10-04T21:39:45.057929+00:00,1902600012629,9.74,Bueno,10.76,Bueno,interpolacion_delaunay,0,1943,149,74,66
2026-10-04T21:39:45.057929+00:00,1902600011762,2.1,Bueno,2.44,Bueno,interpolacion_delaunay,0,2427,183,512,77
2026-10-04T21:39:45.057929+00:00,1902600011194,2.7,Bueno,3.04,Bueno,interpolacion_delaunay,0,4669,300,960,201
2026-10-04T21:39:45.057929+00:00,1902600011052,6.58,Bueno,7.32,Bueno,interpolacion_delaunay,0,7318,799,917,451
2026-10-04T21:39:45.057929+00:00,1902600012722,6.74,Bueno,7.57,Bueno,interpolacion_delaunay,0,1673,182,35,23
2026-10-04T21:39:45.057929+00:00,1902600010209,5.81,Bueno,6.56,Bueno,interpolacion_delaunay,0,0,0,0,0
2026-10-04T21:39:45.057929+00:00,1902600012883,5.99,Bueno,6.83,Bueno,interpolacion_delaunay,0,2693,391,65,39
2026-10-04T21:39:45.057929+00:00,1902600011512,10.35,Bueno,11.37,Bueno,interpolacion_delaunay,0,1411,83,448,118
2026-10-04T21:39:45.057929+00:00,1902600011527,11.01,Bueno,12.07,Bueno,interpolacion_delaunay,0,2114,99,718,127
2026-10-04T21:39:45.057929+00:00,1902600010853,10.48,Bueno,11.76,Bueno,interpolacion_delaunay,0,4562,382,755,151
2026-10-04T21:39:45.057929+00:00,1902600011160,10.2,Bueno,11.2,Bueno,promedio_sensores,1,3568,186,796,79
2026-10-04T21:39:45.057929+00:00,1902600011423,10.48,Bueno,11.47,Bueno,interpolacion_delaunay,0,2358,121,643,149
2026-10-04T21:39:45.057929+00:00,1902600011118,7.24,Bueno,7.94,Bueno,interpolacion_delaunay,0,0,0,0,0
2026-10-04T21:39:45.057929+00:00,1902600010552,9.41,Bueno,10.29,Bueno,interpolacion_delaunay,0,1358,197,299,91
2026-10-04T21:39:45.057929+00:00,1902600010567,7.69,Bueno,8.46,Bueno,interpolacion_delaunay,0,3469,239,807,212
2026-10-04T21:39:45.057929+00:00,1902600010478,11.36,Bueno,12.44,Bueno,interpolacion_delaunay,0,3451,258,686,179
2026-10-04T21:39:45.057929+00:00,1902600012493,8.67,Bueno,9.53,Bueno,interpolacion_delaunay,0,3047,231,451,139
2026-10-04T21:39:45.057929+00:00,1902600012506,8.79,Bueno,9.65,Bueno,interpolacion_delaunay,0,1875,122,448,96
2026-10-04T21:39:45.057929+00:00,1902600011387,10.27,Bueno,11.3,Bueno,interpolacion_delaunay,0,4018,279,697,181
2026-10-04T21:39:45.057929+00:00,1902600010482,10.95,Bueno,12.01,Bueno,interpolacion_delaunay,0,4004,197,1191,226
2026-10-04T21:39:45.057929+00:00,1902600010586,8.19,Bueno,9.02,Bueno,interpolacion_delaunay,0,4983,369,1196,317
2026-10-04T21:39:45.057929+00:00,1902600010590,7.96,Bueno,8.78,Bueno,interpolacion_delaunay,0,3794,290,817,254
2026-10-04T21:39:45.057929+00:00,1902600011940,10.2,Bueno,11.24,Bueno,interpolacion_delaunay,0,3450,256,773,184
2026-10-04T21:39:45.057929+00:00,1902600012224,9.16,Bueno,10.1,Bueno,interpolacion_delaunay,0,1986,122,533,118
2026-10-04T21:39:45.057929+00:00,1902600012239,8.54,Bueno,9.43,Bueno,interpolacion_delaunay,0,2664,206,487,219
2026-10-04T21:39:45.057929+00:00,1902600010548,5.24,Bueno,5.69,Bueno,interpolacion_delaunay,0,4149,203,1177,258
2026-10-04T21:39:45.057929+00:00,1902600012489,7.25,Bueno,8.11,Bueno,interpolacion_delaunay,0,2798,203,290,77
2026-10-04T21:39:45.057929+00:00,1902600011353,13.18,Bueno,14.42,Bueno,interpolacion_delaunay,0,1952,125,417,157
2026-10-04T21:39:45.057929+00:00,1902600012760,8.44,Bueno,9.37,Bueno,interpolacion_delaunay,0,3619,397,120,87
2026-10-04T21:39:45.057929+00:00,1902600011264,7.05,Bueno,7.83,Bueno,interpolacion_delaunay,0,1708,151,158,100
2026-10-04T21:39:45.057929+00:00,190260001285A,8.28,Bueno,9.2,Bueno,interpolacion_delaunay,0,1850,298,50,26
2026-10-04T21:39:45.057929+00:00,1902600010270,7.63,Bueno,8.79,Bueno,interpolacion_delaunay,0,0,0,0,0
2026-10-04T21:39:45.057929+00:00,1902600010406,10.89,Bueno,12.0,Bueno,interpolacion_delaunay,0,2889,225,550,115
2026-10-04T21:39:45.057929+00:00,1902600011067,9.65,Bueno,10.68,Bueno,interpolacion_delaunay,0,4252,360,451,270
2026-10-04T21:39:45.057929+00:00,1902600011086,9.87,Bueno,11.28,Bueno,interpolacion_delaunay,0,3224,245,126,84
2026-10-04T21:39:45.057929+00:00,1902600012313,10.01,Bueno,11.87,Bueno,interpolacion_delaunay,0,2567,202,407,174
2026-10-04T21:39:45.057929+00:00,1902600012309,10.43,Bueno,12.16,Bueno,interpolacion_delaunay,0,2125,241,150,88
2026-10-04T21:39:45.057929+00:00,1902600011809,9.36,Bueno,10.38,Bueno,interpolacion_delaunay,0,2127,251,117,120
2026-10-04T21:39:45.057929+00:00,1902600012864,8.08,Bueno,8.99,Bueno,interpolacion_delaunay,0,1168,168,40,16
2026-10-04T21:39:45.057929+00:00,190260001125A,9.69,Bueno,9.79,Bueno,interpolacion_delaunay,0,541,13,170,22
2026-10-04T21:39:45.057929+00:00,1902600011071,8.84,Bueno,10.33,Bueno,interpolacion_delaunay,0,3143,264,264,89
2026-10-04T21:39:45.057929+00:00,190260001196A,8.24,Bueno,9.72,Bueno,interpolacion_delaunay,0,3349,324,262,100
2026-10-04T21:39:45.057929+00:00,1902600011955,9.85,Bueno,10.88,Bueno,interpolacion_delaunay,0,3582,349,216,97
2026-10-04T21:39:45.057929+00:00,190260001050A,8.05,Bueno,8.92,Bueno,interpolacion_delaunay,0,2022,217,309,73
2026-10-04T21:39:45.057929+00:00,1903900012400,7.2,Bueno,7.7,Bueno,promedio_sensores,1,4517,429,723,304
2026-10-04T21:39:45.057929+00:00,1903900014657,9.16,Bueno,9.76,Bueno,interpolacion_delaunay,0,2491,234,438,138
2026-10-04T21:39:45.057929+00:00,1903900013682,5.85,Bueno,6.46,Bueno,interpolacion_delaunay,0,4499,398,653,181
2026-10-04T21:39:45.057929+00:00,1903900010832,11.74,Bueno,13.56,Bueno,interpolacion_delaunay,0,543,31,158,26
2026-10-04T21:39:45.057929+00:00,1903900011120,14.42,Bueno,15.74,Bueno,interpolacion_delaunay,0,2607,94,831,149
2026-10-04T21:39:45.057929+00:00,1903900012129,2.69,Bueno,3.01,Bueno,interpolacion_delaunay,0,4074,318,790,255
2026-10-04T21:39:45.057929+00:00,190390001363A,9.12,Bueno,9.69,Bueno,interpolacion_delaunay,0,3850,324,618,201
2026-10-04T21:39:45.057929+00:00,1903900014163,4.89,Bueno,5.37,Bueno,interpolacion_delaunay,0,3563,376,476,178
2026-10-04T21:39:45.057929+00:00,1903900014642,9.28,Bueno,9.9,Bueno,interpolacion_delaunay,0,2137,227,313,125
2026-10-04T21:39:45.057929+00:00,1903900013589,21.09,Aceptable,23.68,Bueno,interpolacion_delaunay,0,1971,102,595,95
2026-10-04T21:39:45.057929+00:00,1903900011370,15.88,Aceptable,17.28,Bueno,interpolacion_delaunay,0,1287,71,218,39
2026-10-04T21:39:45.057929+00:00,1903900012114,8.65,Bueno,10.47,Bueno,interpolacion_delaunay,0,2387,84,816,136
2026-10-04T21:39:45.057929+00:00,1903900012203,2.0,Bueno,2.3,Bueno,promedio_sensores,1,2974,126,1034,191
2026-10-04T21:39:45.057929+00:00,1903900013574,18.6,Aceptable,21.0,Bueno,interpolacion_delaunay,0,832,37,276,93
2026-10-04T21:39:45.057929+00:00,1903900012792,1.33,Bueno,1.86,Bueno,interpolacion_delaunay,0,1,0,0,0
2026-10-04T21:39:45.057929+00:00,190390001445A,11.78,Bueno,13.76,Bueno,interpolacion_delaunay,0,5563,304,1118,197
2026-10-04T21:39:45.057929+00:00,1903900014638,8.79,Bueno,9.46,Bueno,interpolacion_delaunay,0,3811,381,571,142
2026-10-04T21:39:45.057929+00:00,1903900012063,7.36,Bueno,8.02,Bueno,interpolacion_delaunay,0,2407,98,743,119
2026-10-04T21:39:45.057929+00:00,1903900011690,6.95,Bueno,7.92,Bueno,interpolacion_delaunay,0,228,12,56,11
2026-10-04T21:39:45.057929+00:00,1903900011760,7.41,Bueno,8.2,Bueno,interpolacion_delaunay,0,1986,129,443,117
2026-10-04T21:39:45.057929+00:00,1903900011934,9.2,Bueno,10.33,Bueno,promedio_sensores,3,2171,83,550,105
2026-10-04T21:39:45.057929+00:00,190390001192A,8.36,Bueno,8.92,Bueno,interpolacion_delaunay,0,2553,117,796,121
2026-10-04T21:39:45.057929+00:00,1903900012044,7.44,Bueno,8.15,Bueno,interpolacion_delaunay,0,1920,122,427,109
2026-10-04T21:39:45.057929+00:00,1903900012078,6.43,Bueno,7.06,Bueno,interpolacion_delaunay,0,2179,136,538,60
2026-10-04T21:39:45.057929+00:00,1903900011525,9.74,Bueno,11.33,Bueno,interpolacion_delaunay,0,590,39,143,33
2026-10-04T21:39:45.057929+00:00,1903900011991,7.4,Bueno,8.1,Bueno,promedio_sensores,1,3236,192,703,201
2026-10-04T21:39:45.057929+00:00,1903900012006,7.72,Bueno,8.37,Bueno,interpolacion_delaunay,0,1972,70,504,136
2026-10-04T21:39:45.057929+00:00,1903900010673,13.26,Bueno,14.43,Bueno,interpolacion_delaunay,0,2155,174,396,142
2026-10-04T21:39:45.057929+00:00,1903900010298,14.8,Bueno,16.71,Bueno,interpolacion_delaunay,0,3499,233,739,152
2026-10-04T21:39:45.057929+00:00,1903900010404,16.48,Aceptable,18.67,Bueno,interpolacion_delaunay,0,2835,189,560,150
2026-10-04T21:39:45.057929+00:00,1903900011012,13.15,Bueno,15.32,Bueno,interpolacion_delaunay,0,1216,101,235,35
2026-10-04T21:39:45.057929+00:00,1903900011065,14.66,Bueno,16.4,Bueno,interpolacion_delaunay,0,1981,192,428,144
2026-10-04T21:39:45.057929+00:00,1903900010175,14.96,Bueno,16.84,Bueno,interpolacion_delaunay,0,1294,70,318,45
2026-10-04T21:39:45.057929+00:00,190390001018A,13.1,Bueno,14.68,Bueno,interpolacion_delaunay,0,3618,299,750,219
2026-10-04T21:39:45.057929+00:00,1903900010194,13.88,Bueno,15.6,Bueno,interpolacion_delaunay,0,2850,223,604,173
2026-10-04T21:39:45.057929+00:00,1903900010226,12.63,Bueno,14.2,Bueno,interpolacion_delaunay,0,4934,461,799,274
2026-10-04T21:39:45.057929+00:00,1903900014229,3.3,Bueno,3.73,Bueno,interpolacion_delaunay,0,2852,249,505,184
2026-10-04T21:39:45.057929+00:00,1903900010353,8.05,Bueno,9.61,Bueno,interpolacion_delaunay,0,3313,167,981,325
2026-10-04T21:39:45.057929+00:00,1903900010936,15.21,Aceptable,16.37,Bueno,interpolacion_delaunay,0,2121,128,459,101
2026-10-04T21:39:45.057929+00:00,1903900011173,9.9,Bueno,10.1,Bueno,promedio_sensores,1,2108,71,659,126
2026-10-04T21:39:45.057929+00:00,1903900011188,13.49,Bueno,14.47,Bueno,interpolacion_delaunay,0,3322,231,794,185
2026-10-04T21:39:45.057929+00:00,1903900011224,14.85,Bueno,16.48,Bueno,interpolacion_delaunay,0,3487,327,636,198
2026-10-04T21:39:45.057929+00:00,1903900011328,13.42,Bueno,15.28,Bueno,interpolacion_delaunay,0,1300,73,364,78
2026-10-04T21:39:45.057929+00:00,1903900011332,16.28,Aceptable,18.17,Bueno,interpolacion_delaunay,0,2976,208,686,165
2026-10-04T21:39:45.057929+00:00,1903900011493,5.4,Bueno,6.2,Bueno,promedio_sensores,1,498,32,117,21
2026-10-04T21:39:45.057929+00:00,1903900011506,8.16,Bueno,9.35,Bueno,interpolacion_delaunay,0,218,10,60,5
2026-10-04T21:39:45.057929+00:00,1903900011510,8.69,Bueno,10.09,Bueno,interpolacion_delaunay,0,370,18,99,43
2026-10-04T21:39:45.057929+00:00,1903900011563,11.41,Bueno,13.3,Bueno,interpolacion_delaunay,0,1016,57,324,41
2026-10-04T21:39:45.057929+00:00,1903900011652,4.61,Bueno,5.45,Bueno,interpolacion_delaunay,0,1408,46,412,99
2026-10-04T21:39:45.057929+00:00,1903900011667,5.83,Bueno,6.79,Bueno,interpolacion_delaunay,0,811,38,222,38
2026-10-04T21:39:45.057929+00:00,1903900011671,6.07,Bueno,7.02,Bueno,interpolacion_delaunay,0,2135,120,546,122
2026-10-04T21:39:45.057929+00:00,1903900011775,7.93,Bueno,8.53,Bueno,interpolacion_delaunay,0,3247,195,753,173
2026-10-04T21:39:45.057929+00:00,190390001178A,8.93,Bueno,10.05,Bueno,interpolacion_delaunay,0,2085,91,638,124
2026-10-04T21:39:45.057929+00:00,1903900011811,8.76,Bueno,9.7,Bueno,interpolacion_delaunay,0,3726,195,960,140
2026-10-04T21:39:45.057929+00:00,190390001210A,15.0,Bueno,18.7,Bueno,promedio_sensores,1,2790,113,700,150
2026-10-04T21:39:45.057929+00:00,1903900012186,4.45,Bueno,4.95,Bueno,interpolacion_delaunay,0,4169,44,257,49
2026-10-04T21:39:45.057929+00:00,1903900011559,6.9,Bueno,7.9,Bueno,promedio_sensores,1,854,32,232,42
2026-10-04T21:39:45.057929+00:00,1903900013428,13.83,Bueno,15.56,Bueno,interpolacion_delaunay,0,3351,320,515,172
2026-10-04T21:39:45.057929+00:00,1903900014214,3.9,Bueno,4.34,Bueno,interpolacion_delaunay,0,4120,374,689,171
2026-10-04T21:39:45.057929+00:00,1903900014712,5.28,Bueno,5.84,Bueno,interpolacion_delaunay,0,3085,299,499,125
2026-10-04T21:39:45.057929+00:00,1903900014727,4.56,Bueno,5.06,Bueno,interpolacion_delaunay,0,2574,237,418,75
2026-10-04T21:39:45.057929+00:00,1903900011544,6.82,Bueno,7.85,Bueno,interpolacion_delaunay,0,484,17,104,17
2026-10-04T21:39:45.057929+00:00,1903900011347,17.6,Aceptable,19.1,Bueno,promedio_sensores,1,3767,228,949,230
2026-10-04T21:39:45.057929+00:00,1903900011101,16.21,Aceptable,17.67,Bueno,interpolacion_delaunay,0,2340,171,499,101
2026-10-04T21:39:45.057929+00:00,1903900010692,22.17,Aceptable,25.14,Bueno,interpolacion_delaunay,0,1264,56,294,43
2026-10-04T21:39:45.057929+00:00,190390001071A,8.4,Bueno,10.4,Bueno,promedio_sensores,1,2092,89,717,121
2026-10-04T21:39:45.057929+00:00,190390001153A,5.84,Bueno,6.7,Bueno,interpolacion_delaunay,0,283,20,33,8
2026-10-04T21:39:45.057929+00:00,1903900012222,5.12,Bueno,5.66,Bueno,interpolacion_delaunay,0,2481,214,440,130
2026-10-04T21:39:45.057929+00:00,1903900010048,10.42,Bueno,11.51,Bueno,interpolacion_delaunay,0,2757,231,541,184
2026-10-04T21:39:45.057929+00:00,1903900010160,16.14,Aceptable,18.21,Bueno,interpolacion_delaunay,0,1233,55,334,97
2026-10-04T21:39:45.057929+00:00,1903900011915,7.44,Bueno,8.19,Bueno,interpolacion_delaunay,0,1171,52,296,69
2026-10-04T21:39:45.057929+00:00,1903900012824,2.15,Bueno,4.48,Bueno,interpolacion_delaunay,0,0,0,0,0
2026-10-04T21:39:45.057929+00:00,1903900010103,15.27,Aceptable,17.17,Bueno,interpolacion_delaunay,0,2537,115,733,107
2026-10-04T21:39:45.057929+00:00,1903900010122,12.26,Bueno,13.7,Bueno,interpolacion_delaunay,0,3875,316,762,228
2026-10-04T21:39:45.057929+00:00,1903900010207,11.85,Bueno,13.24,Bueno,interpolacion_delaunay,0,2935,264,476,100
2026-10-04T21:39:45.057929+00:00,190390001089A,17.85,Aceptable,19.54,Bueno,interpolacion_delaunay,0,2450,84,735,103
2026-10-04T21:39:45.057929+00:00,1903900010813,11.95,Bueno,13.76,Bueno,interpolacion_delaunay,0,1266,76,281,65
2026-10-04T21:39:45.057929+00:00,190390001096A,15.73,Aceptable,17.42,Bueno,interpolacion_delaunay,0,735,52,175,36
2026-10-04T21:39:45.057929+00:00,190390001107A,15.26,Aceptable,17.08,Bueno,interpolacion_delaunay,0,2056,191,358,98
2026-10-04T21:39:45.057929+00:00,1903900011099,15.66,Aceptable,17.04,Bueno,interpolacion_delaunay,0,1728,108,401,82
2026-10-04T21:39:45.057929+00:00,1903900011281,10.81,Bueno,12.44,Bueno,interpolacion_delaunay,0,162,9,42,10
2026-10-04T21:39:45.057929+00:00,190390001146A,7.8,Bueno,8.36,Bueno,interpolacion_delaunay,0,1878,94,425,114
2026-10-04T21:39:45.057929+00:00,1903900011474,7.99,Bueno,9.03,Bueno,interpolacion_delaunay,0,1482,65,348,91
2026-10-04T21:39:45.057929+00:00,1903900011648,6.55,Bueno,7.23,Bueno,interpolacion_delaunay,0,1275,46,383,92
2026-10-04T21:39:45.057929+00:00,1903900011953,7.52,Bueno,8.34,Bueno,interpolacion_delaunay,0,4331,383,782,275
2026-10-04T21:39:45.057929+00:00,1903900011968,7.27,Bueno,8.08,Bueno,interpolacion_delaunay,0,2452,198,521,139
2026-10-04T21:39:45.057929+00:00,1903900011972,7.27,Bueno,8.05,Bueno,interpolacion_delaunay,0,2152,173,501,93
2026-10-04T21:39:45.057929+00:00,1903900011987,7.3,Bueno,8.06,Bueno,interpolacion_delaunay,0,2330,153,564,186
2026-10-04T21:39:45.057929+00:00,1903900012010,8.27,Bueno,9.07,Bueno,promedio_sensores,3,377,6,32,6
2026-10-04T21:39:45.057929+00:00,1903900012025,12.58,Bueno,15.39,Bueno,interpolacion_delaunay,0,4868,169,1336,220
2026-10-04T21:39:45.057929+00:00,1903900012608,9.84,Bueno,11.02,Bueno,interpolacion_delaunay,0,3563,325,452,140
2026-10-04T21:39:45.057929+00:00,1903900012260,4.52,Bueno,5.03,Bueno,interpolacion_delaunay,0,2549,128,738,140
2026-10-04T21:39:45.057929+00:00,1903900012523,9.84,Bueno,10.81,Bueno,interpolacion_delaunay,0,5883,502,863,210
2026-10-04T21:39:45.057929+00:00,1903900012576,7.2,Bueno,7.79,Bueno,interpolacion_delaunay,0,3643,363,363,152
2026-10-04T21:39:45.057929+00:00,1903900012612,12.24,Bueno,13.61,Bueno,interpolacion_delaunay,0,3707,369,423,217
2026-10-04T21:39:45.057929+00:00,1903900013339,8.67,Bueno,9.46,Bueno,interpolacion_delaunay,0,3291,330,562,149
2026-10-04T21:39:45.057929+00:00,1903900013432,12.17,Bueno,13.64,Bueno,interpolacion_delaunay,0,3283,331,497,186
2026-10-04T21:39:45.057929+00:00,1903900013381,12.38,Bueno,13.81,Bueno,interpolacion_delaunay,0,3469,305,681,259
2026-10-04T21:39:45.057929+00:00,1903900013324,8.44,Bueno,9.17,Bueno,interpolacion_delaunay,0,2714,268,458,83
2026-10-04T21:39:45.057929+00:00,1903900014587,14.31,Bueno,16.62,Bueno,interpolacion_delaunay,0,1315,68,368,60
2026-10-04T21:39:45.057929+00:00,1903900014604,2.26,Bueno,2.5,Bueno,interpolacion_delaunay,0,2075,111,610,109
2026-10-04T21:39:45.057929+00:00,1903900014661,9.2,Bueno,10.19,Bueno,interpolacion_delaunay,0,2902,69,608,127
2026-10-04T21:39:45.057929+00:00,1903900014680,23.32,Aceptable,26.24,Bueno,interpolacion_delaunay,0,2293,96,745,94
2026-10-04T21:39:45.057929+00:00,1903900011239,15.86,Aceptable,17.81,Bueno,interpolacion_delaunay,0,3332,293,662,233
2026-10-04T21:39:45.057929+00:00,1903900011489,5.7,Bueno,6.7,Bueno,promedio_sensores,1,1608,86,419,74
2026-10-04T21:39:45.057929+00:00,1903900010279,16.29,Aceptable,18.4,Bueno,interpolacion_delaunay,0,2220,107,580,282
2026-10-04T21:39:45.057929+00:00,1903900010531,15.07,Aceptable,17.02,Bueno,interpolacion_delaunay,0,5417,419,1156,491
2026-10-04T21:39:45.057929+00:00,1903900010635,20.04,Aceptable,22.37,Bueno,interpolacion_delaunay,0,2264,78,723,158
2026-10-04T21:39:45.057929+00:00,1903900011686,6.87,Bueno,7.82,Bueno,interpolacion_delaunay,0,153,7,36,5
2026-10-04T21:39:45.057929+00:00,1903900011807,8.3,Bueno,9.23,Bueno,interpolacion_delaunay,0,2430,99,765,107
2026-10-04T21:39:45.057929+00:00,1903900011830,5.2,Bueno,5.4,Bueno,promedio_sensores,1,898,35,265,16
2026-10-04T21:39:45.057929+00:00,1903900012097,6.8,Bueno,7.5,Bueno,promedio_sensores,1,4087,88,440,163
2026-10-04T21:39:45.057929+00:00,1903900012256,6.09,Bueno,6.71,Bueno,interpolacion_delaunay,0,4590,303,1006,320
2026-10-04T21:39:45.057929+00:00,1903900012307,6.63,Bueno,7.07,Bueno,promedio_sensores,3,2986,141,683,94
2026-10-04T21:39:45.057929+00:00,1903900012453,7.83,Bueno,8.58,Bueno,interpolacion_delaunay,0,2219,109,403,76
2026-10-04T21:39:45.057929+00:00,1903900012716,11.09,Bueno,12.19,Bueno,interpolacion_delaunay,0,78,3,14,8
2026-10-04T21:39:45.057929+00:00,1903900012735,10.8,Bueno,11.87,Bueno,interpolacion_delaunay,0,0,0,0,0
2026-10-04T21:39:45.057929+00:00,1903900012769,15.94,Aceptable,19.24,Bueno,interpolacion_delaunay,0,279,15,54,0
2026-10-04T21:39:45.057929+00:00,1903900012773,6.79,Bueno,7.68,Bueno,interpolacion_delaunay,0,0,0,0,0
2026-10-04T21:39:45.057929+00:00,1903900014040,9.16,Bueno,10.1,Bueno,interpolacion_delaunay,0,3042,337,450,116
2026-10-04T21:39:45.057929+00:00,1903900014178,4.89,Bueno,5.4,Bueno,interpolacion_delaunay,0,4610,493,538,196
2026-10-04T21:39:45.057929+00:00,1903900010156,16.49,Aceptable,18.61,Bueno,interpolacion_delaunay,0,2930,146,830,151
2026-10-04T21:39:45.057929+00:00,1903900010264,20.24,Aceptable,22.98,Bueno,interpolacion_delaunay,0,4282,326,814,272
2026-10-04T21:39:45.057929+00:00,1903900010283,16.41,Aceptable,18.55,Bueno,interpolacion_delaunay,0,2911,218,619,83
2026-10-04T21:39:45.057929+00:00,1903900010315,11.18,Bueno,12.54,Bueno,interpolacion_delaunay,0,3515,316,654,216
2026-10-04T21:39:45.057929+00:00,190390001032A,9.04,Bueno,10.04,Bueno,interpolacion_delaunay,0,4173,426,573,279
2026-10-04T21:39:45.057929+00:00,1903900010349,8.85,Bueno,9.88,Bueno,interpolacion_delaunay,0,2637,166,677,132
2026-10-04T21:39:45.057929+00:00,1903900010391,17.76,Aceptable,20.14,Bueno,interpolacion_delaunay,0,3850,295,727,205
2026-10-04T21:39:45.057929+00:00,1903900010438,12.4,Bueno,13.97,Bueno,interpolacion_delaunay,0,3338,313,521,73
2026-10-04T21:39:45.057929+00:00,1903900010442,10.27,Bueno,11.43,Bueno,interpolacion_delaunay,0,2676,239,533,136
2026-10-04T21:39:45.057929+00:00,1903900010457,23.3,Aceptable,26.69,Bueno,interpolacion_delaunay,0,3408,175,1149,225
2026-10-04T21:39:45.057929+00:00,1903900010480,21.9,Aceptable,24.96,Bueno,interpolacion_delaunay,0,1388,64,440,114
2026-10-04T21:39:45.057929+00:00,1903900010512,18.95,Aceptable,21.4,Bueno,interpolacion_delaunay,0,2980,202,741,168
2026-10-04T21:39:45.057929+00:00,1903900010546,16.74,Aceptable,18.78,Bueno,interpolacion_delaunay,0,2660,141,683,117
2026-10-04T21:39:45.057929+00:00,1903900010550,14.55,Bueno,16.27,Bueno,interpolacion_delaunay,0,2279,182,478,160
2026-10-04T21:39:45.057929+00:00,1903900010565,12.26,Bueno,13.66,Bueno,interpolacion_delaunay,0,2608,254,432,94
2026-10-04T21:39:45.057929+00:00,190390001057A,12.59,Bueno,13.85,Bueno,interpolacion_delaunay,0,1514,131,335,33
2026-10-04T21:39:45.057929+00:00,1903900010599,7.86,Bueno,9.39,Bueno,interpolacion_delaunay,0,2808,125,1047,137
2026-10-04T21:39:45.057929+00:00,1903900010601,25.01,Aceptable,28.5,Bueno,interpolacion_delaunay,0,5314,412,1126,426
2026-10-04T21:39:45.057929+00:00,1903900010620,21.93,Aceptable,24.51,Bueno,interpolacion_delaunay,0,2515,85,744,131
2026-10-04T21:39:45.057929+00:00,190390001064A,18.26,Aceptable,20.32,Bueno,interpolacion_delaunay,0,2719,125,702,154
2026-10-04T21:39:45.057929+00:00,1903900010654,15.51,Aceptable,17.2,Bueno,interpolacion_delaunay,0,2609,119,783,144
2026-10-04T21:39:45.057929+00:00,1903900010705,10.34,Bueno,12.08,Bueno,interpolacion_delaunay,0,1996,93,661,76
2026-10-04T21:39:45.057929+00:00,1903900010739,20.53,Aceptable,22.73,Bueno,interpolacion_delaunay,0,1701,60,561,127
2026-10-04T21:39:45.057929+00:00,1903900010743,18.8,Aceptable,20.72,Bueno,interpolacion_delaunay,0,1991,112,552,108
2026-10-04T21:39:45.057929+00:00,1903900010758,17.52,Aceptable,19.24,Bueno,interpolacion_delaunay,0,1207,67,324,54
2026-10-04T21:39:45.057929+00:00,1903900010796,12.23,Bueno,13.84,Bueno,interpolacion_delaunay,0,0,0,0,0
2026-10-04T21:39:45.057929+00:00,1903900010828,11.63,Bueno,13.41,Bueno,interpolacion_delaunay,0,1085,46,363,57
2026-10-04T21:39:45.057929+00:00,1903900010866,14.63,Bueno,16.29,Bueno,interpolacion_delaunay,0,1678,49,570,85
2026-10-04T21:39:45.057929+00:00,1903900010870,18.75,Aceptable,20.86,Bueno,interpolacion_delaunay,0,3879,268,842,254
2026-10-04T21:39:45.057929+00:00,1903900010885,17.17,Aceptable,18.83,Bueno,interpolacion_delaunay,0,1668,63,493,70
2026-10-04T21:39:45.057929+00:00,1903900010940,16.5,Aceptable,18.03,Bueno,interpolacion_delaunay,0,3419,259,605,213
2026-10-04T21:39:45.057929+00:00,1903900011046,14.32,Bueno,16.5,Bueno,interpolacion_delaunay,0,1800,151,355,99
2026-10-04T21:39:45.057929+00:00,1903900011135,16.77,Aceptable,18.25,Bueno,interpolacion_delaunay,0,1752,62,519,67
2026-10-04T21:39:45.057929+00:00,190390001114A,17.2,Aceptable,19.1,Bueno,promedio_sensores,1,1380,53,428,34
2026-10-04T21:39:45.057929+00:00,1903900011154,27.32,Aceptable,33.23,Bueno,interpolacion_delaunay,0,1623,62,444,64
2026-10-04T21:39:45.057929+00:00,1903900011169,29.2,Aceptable,36.1,Bueno,promedio_sensores,2,2880,73,732,160
2026-10-04T21:39:45.057929+00:00,1903900011192,11.41,Bueno,12.2,Bueno,interpolacion_delaunay,0,2657,175,674,141
2026-10-04T21:39:45.057929+00:00,1903900011205,9.76,Bueno,10.73,Bueno,interpolacion_delaunay,0,122,13,22,0
2026-10-04T21:39:45.057929+00:00,1903900011243,10.99,Bueno,12.28,Bueno,interpolacion_delaunay,0,475,45,76,44
2026-10-04T21:39:45.057929+00:00,1903900011258,12.19,Bueno,13.78,Bueno,interpolacion_delaunay,0,1048,106,166,35
2026-10-04T21:39:45.057929+00:00,1903900011262,15.58,Aceptable,17.72,Bueno,interpolacion_delaunay,0,1756,114,447,140
2026-10-04T21:39:45.057929+00:00,1903900011277,13.74,Bueno,15.79,Bueno,interpolacion_delaunay,0,2024,136,529,164
2026-10-04T21:39:45.057929+00:00,1903900011309,15.1,Aceptable,17.7,Bueno,promedio_sensores,1,1761,123,433,90
2026-10-04T21:39:45.057929+00:00,1903900011351,16.89,Aceptable,18.35,Bueno,interpolacion_delaunay,0,2734,167,651,175
2026-10-04T21:39:45.057929+00:00,1903900011366,16.47,Aceptable,17.9,Bueno,interpolacion_delaunay,0,0,0,0,0
2026-10-04T21:39:45.057929+00:00,1903900011421,12.9,Bueno,14.6,Bueno,promedio_sensores,1,3327,204,738,54
2026-10-04T21:39:45.057929+00:00,1903900011436,14.34,Bueno,16.08,Bueno,interpolacion_delaunay,0,1869,83,431,69
2026-10-04T21:39:45.057929+00:00,1903900011440,13.62,Bueno,15.24,Bueno,interpolacion_delaunay,0,1644,76,453,82
2026-10-04T21:39:45.057929+00:00,1903900011455,16.17,Aceptable,18.7,Bueno,interpolacion_delaunay,0,1330,38,379,65
2026-10-04T21:39:45.057929+00:00,1903900011578,8.75,Bueno,9.38,Bueno,interpolacion_delaunay,0,1668,78,469,55
2026-10-04T21:39:45.057929+00:00,1903900011582,9.9,Bueno,10.3,Bueno,promedio_sensores,1,1943,98,485,98
2026-10-04T21:39:45.057929+00:00,190390001160A,10.09,Bueno,11.11,Bueno,interpolacion_delaunay,0,1878,106,479,110
2026-10-04T21:39:45.057929+00:00,1903900011614,9.98,Bueno,10.99,Bueno,interpolacion_delaunay,0,2516,127,727,95
2026-10-04T21:39:45.057929+00:00,1903900011633,16.93,Aceptable,19.82,Bueno,interpolacion_delaunay,0,810,34,225,59
2026-10-04T21:39:45.057929+00:00,1903900011703,7.7,Bueno,8.5,Bueno,interpolacion_delaunay,0,3184,63,372,52
2026-10-04T21:39:45.057929+00:00,1903900011722,5.84,Bueno,6.75,Bueno,interpolacion_delaunay,0,511,20,136,16
2026-10-04T21:39:45.057929+00:00,1903900011737,6.61,Bueno,7.5,Bueno,interpolacion_delaunay,0,377,25,76,21
2026-10-04T21:39:45.057929+00:00,1903900011741,7.05,Bueno,7.96,Bueno,interpolacion_delaunay,0,179,8,28,10
2026-10-04T21:39:45.057929+00:00,1903900011756,7.08,Bueno,7.97,Bueno,interpolacion_delaunay,0,191,3,61,18
2026-10-04T21:39:45.057929+00:00,1903900011794,7.9,Bueno,8.82,Bueno,interpolacion_delaunay,0,2555,160,623,167
2026-10-04T21:39:45.057929+00:00,1903900011845,5.9,Bueno,6.5,Bueno,promedio_sensores,1,2750,133,527,66
2026-10-04T21:39:45.057929+00:00,190390001185A,7.17,Bueno,7.97,Bueno,interpolacion_delaunay,0,2718,189,497,75
2026-10-04T21:39:45.057929+00:00,1903900011879,7.12,Bueno,8.0,Bueno,interpolacion_delaunay,0,2302,190,467,160
2026-10-04T21:39:45.057929+00:00,1903900011883,7.16,Bueno,8.01,Bueno,interpolacion_delaunay,0,2653,217,567,162
2026-10-04T21:39:45.057929+00:00,1903900011898,7.24,Bueno,8.04,Bueno,interpolacion_delaunay,0,2466,163,572,128
2026-10-04T21:39:45.057929+00:00,1903900011900,7.2,Bueno,8.02,Bueno,interpolacion_delaunay,0,1274,99,333,108
2026-10-04T21:39:45.057929+00:00,1903900012167,6.01,Bueno,6.63,Bueno,interpolacion_delaunay,0,2883,124,813,123
2026-10-04T21:39:45.057929+00:00,1903900012190,3.88,Bueno,4.33,Bueno,interpolacion_delaunay,0,1182,41,455,89
2026-10-04T21:39:45.057929+00:00,1903900012218,2.53,Bueno,2.89,Bueno,interpolacion_delaunay,0,1788,87,512,71
2026-10-04T21:39:45.057929+00:00,1903900012241,4.4,Bueno,4.77,Bueno,interpolacion_delaunay,0,1136,46,404,79
2026-10-04T21:39:45.057929+00:00,1903900012275,3.38,Bueno,3.88,Bueno,interpolacion_delaunay,0,3740,200,896,144
2026-10-04T21:39:45.057929+00:00,1903900012472,0.3,Bueno,0.5,Bueno,promedio_sensores,1,4662,342,773,243
2026-10-04T21:39:45.057929+00:00,190390001267A,7.54,Bueno,8.74,Bueno,interpolacion_delaunay,0,3909,249,1025,191
2026-10-04T21:39:45.057929+00:00,1903900012684,7.22,Bueno,8.2,Bueno,interpolacion_delaunay,0,2186,73,687,43
2026-10-04T21:39:45.057929+00:00,1903900012720,6.1,Bueno,6.9,Bueno,promedio_sensores,1,970,52,170,37
2026-10-04T21:39:45.057929+00:00,190390001274A,7.01,Bueno,7.85,Bueno,interpolacion_delaunay,0,10,0,0,0
2026-10-04T21:39:45.057929+00:00,1903900012754,7.45,Bueno,8.32,Bueno,interpolacion_delaunay,0,3205,214,714,184
2026-10-04T21:39:45.057929+00:00,1903900012788,7.11,Bueno,7.99,Bueno,interpolacion_delaunay,0,0,0,0,0
2026-10-04T21:39:45.057929+00:00,190390001281A,1.1,Bueno,1.7,Bueno,promedio_sensores,1,327,0,0,0
2026-10-04T21:39:45.057929+00:00,1903900012877,0.88,Bueno,1.79,Bueno,interpolacion_delaunay,0,0,0,0,0
2026-10-04T21:39:45.057929+00:00,1903900013451,11.87,Bueno,13.32,Bueno,interpolacion_delaunay,0,4308,421,672,304
2026-10-04T21:39:45.057929+00:00,1903900013555,7.28,Bueno,8.22,Bueno,interpolacion_delaunay,0,4663,290,902,166
2026-10-04T21:39:45.057929+00:00,1903900013593,14.42,Bueno,15.68,Bueno,interpolacion_delaunay,0,2322,237,355,231
2026-10-04T21:39:45.057929+00:00,1903900013606,12.05,Bueno,13.2,Bueno,interpolacion_delaunay,0,2907,266,482,206
2026-10-04T21:39:45.057929+00:00,1903900013610,11.7,Bueno,12.86,Bueno,interpolacion_delaunay,0,2513,260,368,178
2026-10-04T21:39:45.057929+00:00,1903900013659,2.47,Bueno,2.82,Bueno,interpolacion_delaunay,0,1885,176,371,95
2026-10-04T21:39:45.057929+00:00,190390001406A,9.7,Bueno,10.78,Bueno,interpolacion_delaunay,0,4196,447,516,257
2026-10-04T21:39:45.057929+00:00,1903900014093,18.81,Aceptable,21.33,Bueno,interpolacion_delaunay,0,3096,303,444,145
2026-10-04T21:39:45.057929+00:00,1903900014144,18.98,Aceptable,23.47,Bueno,interpolacion_delaunay,0,883,38,360,125
2026-10-04T21:39:45.057929+00:00,1903900014159,1.6,Bueno,2.3,Bueno,promedio_sensores,1,620,20,142,55
2026-10-04T21:39:45.057929+00:00,1903900014500,18.83,Aceptable,21.37,Bueno,interpolacion_delaunay,0,3056,353,283,111
2026-10-04T21:39:45.057929+00:00,1903900014515,20.81,Aceptable,23.69,Bueno,interpolacion_delaunay,0,3391,252,688,180
2026-10-04T21:39:45.057929+00:00,1903900014549,15.45,Aceptable,17.5,Bueno,interpolacion_delaunay,0,4319,365,785,218
2026-10-04T21:39:45.057929+00:00,1903900014553,13.64,Bueno,15.41,Bueno,interpolacion_delaunay,0,3885,315,748,307
2026-10-04T21:39:45.057929+00:00,1903900014619,0.41,Bueno,0.76,Bueno,interpolacion_delaunay,0,2679,137,355,34
2026-10-04T21:39:45.057929+00:00,1903900014623,7.1,Bueno,8.0,Bueno,promedio_sensores,1,1853,99,476,133
2026-10-04T21:39:45.057929+00:00,1903900014731,9.22,Bueno,10.18,Bueno,interpolacion_delaunay,0,2772,164,687,112
2026-10-04T21:39:45.057929+00:00,1903900014905,12.71,Bueno,14.07,Bueno,interpolacion_delaunay,0,2280,182,284,44
2026-10-04T21:39:45.057929+00:00,190390001491A,8.08,Bueno,9.44,Bueno,interpolacion_delaunay,0,897,47,73,0
2026-10-04T21:39:45.057929+00:00,1903900014924,17.0,Aceptable,17.6,Bueno,promedio_sensores,1,2425,136,485,38
2026-10-04T21:39:45.057929+00:00,1903900014939,16.54,Aceptable,17.65,Bueno,interpolacion_delaunay,0,1974,92,485,50
2026-10-04T21:39:45.057929+00:00,1903900015142,9.33,Bueno,9.83,Bueno,interpolacion_delaunay,0,2839,330,193,45
2026-10-04T21:39:45.057929+00:00,1903900011385,14.17,Bueno,15.46,Bueno,interpolacion_delaunay,0,1585,87,442,107
2026-10-04T21:39:45.057929+00:00,1903900012805,2.09,Bueno,2.53,Bueno,interpolacion_delaunay,0,3258,186,362,30
2026-10-04T21:39:45.057929+00:00,1903900011826,10.4,Bueno,11.11,Bueno,interpolacion_delaunay,0,1966,181,300,39
2026-10-04T21:39:45.057929+00:00,1903900012468,1.89,Bueno,2.28,Bueno,interpolacion_delaunay,0,3979,370,451,75
2026-10-04T21:39:45.057929+00:00,1903900012133,4.22,Bueno,4.7,Bueno,interpolacion_delaunay,0,3643,409,514,130
2026-10-04T21:39:45.057929+00:00,1903900014182,5.25,Bueno,5.81,Bueno,interpolacion_delaunay,0,2164,180,491,80
2026-10-04T21:39:45.057929+00:00,1903900012152,5.56,Bueno,6.16,Bueno,interpolacion_delaunay,0,2360,140,519,93
2026-10-04T21:39:45.057929+00:00,1903900012082,6.34,Bueno,6.99,Bueno,interpolacion_delaunay,0,2402,95,700,143
2026-10-04T21:39:45.057929+00:00,1903900013663,5.77,Bueno,6.38,Bueno,interpolacion_delaunay,0,4832,422,675,278
2026-10-04T21:39:45.057929+00:00,1903900013714,9.17,Bueno,9.26,Bueno,interpolacion_delaunay,0,4743,468,751,239
2026-10-04T21:39:45.057929+00:00,1903900012858,3.26,Bueno,3.65,Bueno,interpolacion_delaunay,0,0,0,0,0
2026-10-04T21:39:45.057929+00:00,1903900012839,1.53,Bueno,1.98,Bueno,interpolacion_delaunay,0,426,30,39,0
2026-10-04T21:39:45.057929+00:00,1903900012843,6.0,Bueno,6.6,Bueno,promedio_sensores,1,3288,154,618,59
2026-10-04T21:39:45.057929+00:00,1903900012862,0.91,Bueno,1.24,Bueno,interpolacion_delaunay,0,0,0,0,0
2026-10-04T21:39:45.057929+00:00,1903900013733,6.93,Bueno,6.99,Bueno,interpolacion_delaunay,0,1895,90,465,59
2026-10-04T21:39:45.057929+00:00,1903900012294,4.09,Bueno,4.64,Bueno,interpolacion_delaunay,0,3104,120,1010,138
2026-10-04T21:39:45.057929+00:00,190390001228A,5.18,Bueno,5.77,Bueno,interpolacion_delaunay,0,2430,94,799,56
2026-10-04T21:39:45.057929+00:00,1903900010423,11.22,Bueno,12.6,Bueno,interpolacion_delaunay,0,3542,305,682,134
2026-10-04T21:39:45.057929+00:00,1903900010334,9.11,Bueno,10.16,Bueno,interpolacion_delaunay,0,878,76,200,70
2026-10-04T21:39:45.057929+00:00,1903900010071,16.1,Aceptable,18.12,Bueno,interpolacion_delaunay,0,2520,129,682,146
2026-10-04T21:39:45.057929+00:00,1903900014869,0.57,Bueno,0.65,Bueno,interpolacion_delaunay,0,4404,353,307,53
2026-10-04T21:39:45.057929+00:00,1903900013748,4.44,Bueno,4.51,Bueno,interpolacion_delaunay,0,3552,225,627,97
2026-10-04T21:39:45.057929+00:00,1903900011050,14.12,Bueno,15.84,Bueno,interpolacion_delaunay,0,1589,135,342,104
2026-10-04T21:39:45.057929+00:00,1903900011116,14.6,Bueno,15.93,Bueno,interpolacion_delaunay,0,0,0,0,0
2026-10-04T21:39:45.057929+00:00,1903900010809,11.32,Bueno,12.98,Bueno,interpolacion_delaunay,0,59,3,14,3
2026-10-04T21:39:45.057929+00:00,1903900010989,14.04,Bueno,16.05,Bueno,interpolacion_delaunay,0,6061,564,591,133
2026-10-04T21:39:45.057929+00:00,1903900010851,13.64,Bueno,15.24,Bueno,interpolacion_delaunay,0,1601,105,413,68
2026-10-04T21:39:45.057929+00:00,1903900013413,7.32,Bueno,8.16,Bueno,interpolacion_delaunay,0,7251,522,1316,316
2026-10-04T21:39:45.057929+00:00,1903900010033,7.07,Bueno,7.62,Bueno,interpolacion_delaunay,0,3321,285,588,124
2026-10-04T21:39:45.057929+00:00,1903900010137,7.06,Bueno,7.73,Bueno,interpolacion_delaunay,0,4478,279,1202,320
2026-10-04T21:39:45.057929+00:00,1903900010141,17.33,Aceptable,19.7,Bueno,interpolacion_delaunay,0,4273,225,965,185
2026-10-04T21:39:45.057929+00:00,1903900010762,14.39,Bueno,15.77,Bueno,interpolacion_delaunay,0,1600,114,337,68
2026-10-04T21:39:45.057929+00:00,1903900014106,21.37,Aceptable,24.31,Bueno,interpolacion_delaunay,0,4189,248,1019,177
2026-10-04T21:39:45.057929+00:00,1903900014110,24.11,Aceptable,27.51,Bueno,interpolacion_delaunay,0,2699,161,643,225
2026-10-04T21:39:45.057929+00:00,1903900010921,15.98,Aceptable,17.37,Bueno,interpolacion_delaunay,0,2388,213,393,106
2026-10-04T21:39:45.057929+00:00,1903900010669,15.29,Aceptable,16.65,Bueno,interpolacion_delaunay,0,2152,159,463,119
2026-10-04T21:39:45.057929+00:00,1903900010067,15.4,Aceptable,17.3,Bueno,interpolacion_delaunay,0,2799,155,819,158
2026-10-04T21:39:45.057929+00:00,1903900010688,11.83,Bueno,13.14,Bueno,interpolacion_delaunay,0,2838,195,394,149
2026-10-04T21:39:45.057929+00:00,1903900010584,10.32,Bueno,11.36,Bueno,interpolacion_delaunay,0,3226,273,587,141
2026-10-04T21:39:45.057929+00:00,1903900011417,14.5,Bueno,15.73,Bueno,interpolacion_delaunay,0,3077,152,970,79
2026-10-04T21:39:45.057929+00:00,1903900013837,14.12,Bueno,15.24,Bueno,interpolacion_delaunay,0,3561,193,908,77
2026-10-04T21:39:45.057929+00:00,1903900013930,7.59,Bueno,8.28,Bueno,interpolacion_delaunay,0,1431,202,111,73
2026-10-04T21:39:45.057929+00:00,1903900014055,9.2,Bueno,10.18,Bueno,interpolacion_delaunay,0,4222,525,372,136
2026-10-04T21:39:45.057929+00:00,190390001420A,3.42,Bueno,3.85,Bueno,interpolacion_delaunay,0,3029,320,382,97
2026-10-04T21:39:45.057929+00:00,1903900014197,4.3,Bueno,4.79,Bueno,interpolacion_delaunay,0,2456,248,321,138
2026-10-04T21:39:45.057929+00:00,1903900010974,14.55,Bueno,16.36,Bueno,interpolacion_delaunay,0,781,39,192,50
2026-10-04T21:39:45.057929+00:00,1903900011084,15.11,Aceptable,16.47,Bueno,interpolacion_delaunay,0,1782,162,338,82
2026-10-04T21:39:45.057929+00:00,1903900010847,12.12,Bueno,14.05,Bueno,interpolacion_delaunay,0,1023,82,199,53
2026-10-04T21:39:45.057929+00:00,1903900010993,13.26,Bueno,15.43,Bueno,interpolacion_delaunay,0,1086,95,211,53
2026-10-04T21:39:45.057929+00:00,1903900010372,21.55,Aceptable,24.53,Bueno,interpolacion_delaunay,0,2524,139,785,102
2026-10-04T21:39:45.057929+00:00,1903900011031,13.58,Bueno,15.59,Bueno,interpolacion_delaunay,0,1190,84,257,58
2026-10-04T21:39:45.057929+00:00,1903900010902,19.09,Aceptable,21.29,Bueno,interpolacion_delaunay,0,3066,119,898,183
2026-10-04T21:39:45.057929+00:00,1903900010777,13.8,Bueno,15.28,Bueno,interpolacion_delaunay,0,1329,106,264,76
2026-10-04T21:39:45.057929+00:00,1903900010781,13.43,Bueno,15.02,Bueno,interpolacion_delaunay,0,242,8,54,15
2026-10-04T21:39:45.057929+00:00,1903900014572,15.09,Aceptable,17.54,Bueno,interpolacion_delaunay,0,1442,81,389,93
2026-10-04T21:39:45.057929+00:00,1903900014676,22.92,Aceptable,25.93,Bueno,interpolacion_delaunay,0,2120,102,506,104
2026-10-04T21:39:45.057929+00:00,190390001025A,20.52,Aceptable,23.3,Bueno,interpolacion_delaunay,0,3942,258,986,278
2026-10-04T21:39:45.057929+00:00,1903900010495,21.24,Aceptable,24.09,Bueno,interpolacion_delaunay,0,1812,109,420,98
2026-10-04T21:39:45.057929+00:00,1903900010917,17.0,Aceptable,18.3,Bueno,promedio_sensores,1,2843,155,698,133
2026-10-04T21:39:45.057929+00:00,1903900010955,15.08,Aceptable,16.66,Bueno,interpolacion_delaunay,0,288,25,64,22
2026-10-04T21:39:45.057929+00:00,1903900013697,11.02,Bueno,11.13,Bueno,interpolacion_delaunay,0,1977,183,341,77
2026-10-04T21:39:45.057929+00:00,1903900013860,9.86,Bueno,10.94,Bueno,interpolacion_delaunay,0,3174,344,383,184
2026-10-04T21:39:45.057929+00:00,1903900015439,8.9,Bueno,10.57,Bueno,interpolacion_delaunay,0,627,97,12,5
2026-10-04T21:39:45.057929+00:00,1903900011027,13.91,Bueno,16.24,Bueno,interpolacion_delaunay,0,509,36,115,25
2026-10-04T21:39:45.057929+00:00,1903900013998,7.36,Bueno,7.95,Bueno,interpolacion_delaunay,0,5766,706,558,248
2026-10-04T21:39:45.057929+00:00,190390001477A,14.15,Bueno,15.21,Bueno,interpolacion_delaunay,0,550,33,68,4
2026-10-04T21:39:45.057929+00:00,1903900014002,7.38,Bueno,7.97,Bueno,interpolacion_delaunay,0,5494,669,668,240
2026-10-04T21:39:45.057929+00:00,1903900014873,0.58,Bueno,0.65,Bueno,interpolacion_delaunay,0,2383,154,261,52
2026-10-04T21:39:45.057929+00:00,1903900011008,14.6,Bueno,16.89,Bueno,interpolacion_delaunay,0,1877,145,377,135
2026-10-04T21:39:45.057929+00:00,1903900011313,15.05,Aceptable,17.42,Bueno,interpolacion_delaunay,0,5055,336,882,185
2026-10-04T21:39:45.057929+00:00,190390001139A,15.22,Aceptable,16.53,Bueno,interpolacion_delaunay,0,1079,59,290,49
2026-10-04T21:39:45.057929+00:00,1903900011402,14.99,Bueno,16.3,Bueno,interpolacion_delaunay,0,681,31,196,23
2026-10-04T21:39:45.057929+00:00,1903900012519,7.35,Bueno,7.95,Bueno,interpolacion_delaunay,0,5642,661,498,241
2026-10-04T21:39:45.057929+00:00,1903900013822,14.79,Bueno,15.5,Bueno,interpolacion_delaunay,0,6050,361,890,140
2026-10-04T21:39:45.057929+00:00,1903900013964,13.28,Bueno,13.79,Bueno,interpolacion_delaunay,0,728,55,70,19
2026-10-04T21:39:45.057929+00:00,1903900014125,24.29,Aceptable,27.67,Bueno,interpolacion_delaunay,0,1881,174,361,63
2026-10-04T21:39:45.057929+00:00,190390001452A,7.96,Bueno,8.91,Bueno,interpolacion_delaunay,0,2471,240,363,186
2026-10-04T21:39:45.057929+00:00,190390001413A,24.64,Aceptable,27.99,Bueno,interpolacion_delaunay,0,2082,180,339,126
2026-10-04T21:39:45.057929+00:00,1903900010461,27.2,Aceptable,31.1,Bueno,promedio_sensores,1,3422,173,1112,139
2026-10-04T21:39:45.057929+00:00,1903900014534,7.97,Bueno,8.89,Bueno,interpolacion_delaunay,0,1267,111,229,29
2026-10-04T21:39:45.057929+00:00,1903900013767,1.68,Bueno,1.9,Bueno,interpolacion_delaunay,0,2308,117,605,127
2026-10-04T21:39:45.057929+00:00,1903900012345,4.08,Bueno,4.12,Bueno,interpolacion_delaunay,0,2632,98,737,80
2026-10-04T21:39:45.057929+00:00,1903900012364,0.0,Bueno,0.0,Bueno,promedio_sensores,1,2327,116,787,61
2026-10-04T21:39:45.057929+00:00,1903900011629,30.2,Aceptable,37.5,Bueno,promedio_sensores,1,2881,196,402,58
2026-10-04T21:39:45.057929+00:00,1903900013396,10.57,Bueno,11.72,Bueno,interpolacion_delaunay,0,4014,389,664,275
2026-10-04T21:39:45.057929+00:00,1903900010245,7.8,Bueno,9.13,Bueno,interpolacion_delaunay,0,2709,131,764,208
2026-10-04T21:39:45.057929+00:00,1903900015284,9.03,Bueno,10.42,Bueno,interpolacion_delaunay,0,513,29,60,13
2026-10-04T21:39:45.057929+00:00,1903900010118,11.89,Bueno,13.27,Bueno,interpolacion_delaunay,0,4580,383,955,302
2026-10-04T21:39:45.057929+00:00,1903900010052,10.5,Bueno,11.62,Bueno,interpolacion_delaunay,0,3869,304,717,323
2026-10-04T21:39:45.057929+00:00,1903900015123,7.76,Bueno,8.43,Bueno,interpolacion_delaunay,0,68,3,4,3
2026-10-04T21:39:45.057929+00:00,1903900014036,8.65,Bueno,9.49,Bueno,interpolacion_delaunay,0,4679,569,514,263
2026-10-04T21:39:45.057929+00:00,1903900010508,19.4,Aceptable,22.08,Bueno,interpolacion_delaunay,0,3451,202,579,150
2026-10-04T21:39:45.057929+00:00,1903900010527,17.89,Aceptable,20.3,Bueno,interpolacion_delaunay,0,1779,95,454,127
2026-10-04T21:39:45.057929+00:00,1903900013729,6.2,Bueno,6.3,Bueno,interpolacion_delaunay,0,3410,392,357,136
2026-10-04T21:39:45.057929+00:00,190390001370A,8.64,Bueno,8.76,Bueno,interpolacion_delaunay,0,4006,357,563,228
2026-10-04T21:39:45.057929+00:00,1904600010362,11.92,Bueno,13.09,Bueno,interpolacion_delaunay,0,5505,271,1291,301
2026-10-04T21:39:45.057929+00:00,1904600011483,5.47,Bueno,6.4,Bueno,interpolacion_delaunay,0,2026,111,597,94
2026-10-04T21:39:45.057929+00:00,1904600011638,8.64,Bueno,9.62,Bueno,interpolacion_delaunay,0,4053,248,498,114
2026-10-04T21:39:45.057929+00:00,1904600010998,5.85,Bueno,6.61,Bueno,interpolacion_delaunay,0,5855,449,1099,257
2026-10-04T21:39:45.057929+00:00,1904600011676,11.0,Bueno,12.67,Bueno,interpolacion_delaunay,0,362,30,69,27
2026-10-04T21:39:45.057929+00:00,1904600010216,8.0,Bueno,8.9,Bueno,promedio_sensores,1,2042,50,546,50
2026-10-04T21:39:45.057929+00:00,1904600010536,4.37,Bueno,4.99,Bueno,interpolacion_delaunay,0,4997,504,603,104
2026-10-04T21:39:45.057929+00:00,1904600011708,7.07,Bueno,7.92,Bueno,interpolacion_delaunay,0,1763,89,284,44
2026-10-04T21:39:45.057929+00:00,190460001070A,5.55,Bueno,6.16,Bueno,interpolacion_delaunay,0,1273,69,137,48
2026-10-04T21:39:45.057929+00:00,1904600011375,8.0,Bueno,8.93,Bueno,interpolacion_delaunay,0,5964,475,946,326
2026-10-04T21:39:45.057929+00:00,1904600011286,11.54,Bueno,12.69,Bueno,interpolacion_delaunay,0,2603,117,839,196
2026-10-04T21:39:45.057929+00:00,1904600011623,7.75,Bueno,8.67,Bueno,interpolacion_delaunay,0,4225,248,423,136
2026-10-04T21:39:45.057929+00:00,1904600010786,7.28,Bueno,8.16,Bueno,interpolacion_delaunay,0,4690,309,1009,269
2026-10-04T21:39:45.057929+00:00,190460001024A,9.14,Bueno,10.4,Bueno,interpolacion_delaunay,0,2748,75,850,176
2026-10-04T21:39:45.057929+00:00,1904600010875,4.72,Bueno,5.39,Bueno,interpolacion_delaunay,0,3785,202,993,129
2026-10-04T21:39:45.057929+00:00,1904600010324,12.81,Bueno,14.03,Bueno,interpolacion_delaunay,0,2214,97,651,92
2026-10-04T21:39:45.057929+00:00,1904600011233,10.42,Bueno,11.5,Bueno,interpolacion_delaunay,0,3010,241,577,204
2026-10-04T21:39:45.057929+00:00,1904600010131,8.09,Bueno,9.24,Bueno,interpolacion_delaunay,0,4113,160,1393,177
2026-10-04T21:39:45.057929+00:00,1904600010184,7.95,Bueno,8.98,Bueno,interpolacion_delaunay,0,3438,93,1132,126
2026-10-04T21:39:45.057929+00:00,1904600010235,8.51,Bueno,9.6,Bueno,interpolacion_delaunay,0,2765,104,711,111
2026-10-04T21:39:45.057929+00:00,1904600010466,8.37,Bueno,9.63,Bueno,interpolacion_delaunay,0,2212,113,500,58
2026-10-04T21:39:45.057929+00:00,190460001049A,8.19,Bueno,9.27,Bueno,interpolacion_delaunay,0,2827,123,674,44
2026-10-04T21:39:45.057929+00:00,1904600011407,4.13,Bueno,4.74,Bueno,interpolacion_delaunay,0,3464,317,610,173
2026-10-04T21:39:45.057929+00:00,1904600011642,7.64,Bueno,8.58,Bueno,interpolacion_delaunay,0,2601,116,623,113
2026-10-04T21:39:45.057929+00:00,1904600011731,4.14,Bueno,4.77,Bueno,interpolacion_delaunay,0,3017,207,561,120
2026-10-04T21:39:45.057929+00:00,1904600010108,7.74,Bueno,8.85,Bueno,interpolacion_delaunay,0,2483,125,582,112
2026-10-04T21:39:45.057929+00:00,1904600010127,5.72,Bueno,6.48,Bueno,interpolacion_delaunay,0,4270,186,1281,297
2026-10-04T21:39:45.057929+00:00,1904600010292,10.06,Bueno,11.49,Bueno,interpolacion_delaunay,0,0,0,0,0
2026-10-04T21:39:45.057929+00:00,1904600010714,8.97,Bueno,9.97,Bueno,interpolacion_delaunay,0,3666,266,947,309
2026-10-04T21:39:45.057929+00:00,1904600010860,3.82,Bueno,4.41,Bueno,interpolacion_delaunay,0,3290,227,721,158
2026-10-04T21:39:45.057929+00:00,1904600011002,5.43,Bueno,6.15,Bueno,interpolacion_delaunay,0,3262,289,695,194
2026-10-04T21:39:45.057929+00:00,190460001120A,10.14,Bueno,11.21,Bueno,interpolacion_delaunay,0,3141,265,631,179
2026-10-04T21:39:45.057929+00:00,1904600011341,5.67,Bueno,6.41,Bueno,interpolacion_delaunay,0,3608,289,555,127
2026-10-04T21:39:45.057929+00:00,1904600011426,5.96,Bueno,6.74,Bueno,interpolacion_delaunay,0,3335,302,691,164
2026-10-04T21:39:45.057929+00:00,190460001177A,8.29,Bueno,9.48,Bueno,interpolacion_delaunay,0,2611,224,320,95
2026-10-04T21:39:45.057929+00:00,1904600010042,7.28,Bueno,8.46,Bueno,interpolacion_delaunay,0,1646,90,422,69
2026-10-04T21:39:45.057929+00:00,1904600010057,7.24,Bueno,8.36,Bueno,interpolacion_delaunay,0,1216,61,388,100
2026-10-04T21:39:45.057929+00:00,1904600010076,5.0,Bueno,5.7,Bueno,interpolacion_delaunay,0,3762,199,1053,215
2026-10-04T21:39:45.057929+00:00,1904600010095,7.57,Bueno,8.7,Bueno,interpolacion_delaunay,0,1199,53,337,85
2026-10-04T21:39:45.057929+00:00,1904600010146,7.72,Bueno,8.77,Bueno,interpolacion_delaunay,0,2987,160,749,104
2026-10-04T21:39:45.057929+00:00,190460001017A,6.26,Bueno,7.06,Bueno,interpolacion_delaunay,0,4101,180,1201,211
2026-10-04T21:39:45.057929+00:00,1904600010201,7.46,Bueno,8.37,Bueno,interpolacion_delaunay,0,3988,173,1242,253
2026-10-04T21:39:45.057929+00:00,1904600010220,8.71,Bueno,9.8,Bueno,interpolacion_delaunay,0,1869,61,495,59
2026-10-04T21:39:45.057929+00:00,190460001031A,12.16,Bueno,13.34,Bueno,interpolacion_delaunay,0,2149,134,353,62
2026-10-04T21:39:45.057929+00:00,1904600010343,10.36,Bueno,11.43,Bueno,interpolacion_delaunay,0,5532,394,1335,345
2026-10-04T21:39:45.057929+00:00,1904600010381,13.07,Bueno,14.3,Bueno,interpolacion_delaunay,0,3251,164,847,172
2026-10-04T21:39:45.057929+00:00,1904600010413,8.59,Bueno,10.02,Bueno,interpolacion_delaunay,0,4002,238,499,120
2026-10-04T21:39:45.057929+00:00,1904600010485,8.04,Bueno,9.01,Bueno,interpolacion_delaunay,0,3150,144,1004,109
2026-10-04T21:39:45.057929+00:00,1904600010540,6.5,Bueno,7.32,Bueno,interpolacion_delaunay,0,4952,283,1289,225
2026-10-04T21:39:45.057929+00:00,1904600010555,4.86,Bueno,5.5,Bueno,interpolacion_delaunay,0,0,0,0,0
2026-10-04T21:39:45.057929+00:00,1904600010593,7.02,Bueno,7.88,Bueno,interpolacion_delaunay,0,5785,417,488,81
2026-10-04T21:39:45.057929+00:00,1904600010610,4.82,Bueno,5.34,Bueno,interpolacion_delaunay,0,4819,442,219,35
2026-10-04T21:39:45.057929+00:00,1904600010625,6.1,Bueno,6.88,Bueno,interpolacion_delaunay,0,684,56,110,22
2026-10-04T21:39:45.057929+00:00,1904600010659,7.5,Bueno,8.41,Bueno,interpolacion_delaunay,0,0,0,0,0
2026-10-04T21:39:45.057929+00:00,1904600010729,8.5,Bueno,9.47,Bueno,interpolacion_delaunay,0,0,0,0,0
2026-10-04T21:39:45.057929+00:00,1904600010752,9.9,Bueno,10.95,Bueno,interpolacion_delaunay,0,2043,121,429,51
2026-10-04T21:39:45.057929+00:00,1904600010790,6.66,Bueno,7.47,Bueno,interpolacion_delaunay,0,0,0,0,0
2026-10-04T21:39:45.057929+00:00,1904600010822,3.66,Bueno,4.24,Bueno,interpolacion_delaunay,0,1808,142,329,116
2026-10-04T21:39:45.057929+00:00,1904600010841,3.78,Bueno,4.37,Bueno,interpolacion_delaunay,0,2675,196,623,119
2026-10-04T21:39:45.057929+00:00,1904600010856,4.18,Bueno,4.81,Bueno,interpolacion_delaunay,0,5049,305,900,195
2026-10-04T21:39:45.057929+00:00,190460001088A,4.8,Bueno,5.53,Bueno,interpolacion_delaunay,0,4232,220,1219,162
2026-10-04T21:39:45.057929+00:00,1904600010894,5.49,Bueno,6.29,Bueno,interpolacion_delaunay,0,2806,182,550,130
2026-10-04T21:39:45.057929+00:00,1904600010907,4.64,Bueno,5.3,Bueno,interpolacion_delaunay,0,3550,247,722,168
2026-10-04T21:39:45.057929+00:00,1904600010930,8.24,Bueno,9.54,Bueno,interpolacion_delaunay,0,3021,143,721,82
2026-10-04T21:39:45.057929+00:00,1904600010945,8.06,Bueno,9.26,Bueno,interpolacion_delaunay,0,3597,162,944,129
2026-10-04T21:39:45.057929+00:00,190460001095A,5.19,Bueno,5.9,Bueno,interpolacion_delaunay,0,3265,234,654,254
2026-10-04T21:39:45.057929+00:00,1904600010979,6.99,Bueno,7.86,Bueno,interpolacion_delaunay,0,2747,114,869,151
2026-10-04T21:39:45.057929+00:00,1904600011017,6.01,Bueno,6.79,Bueno,interpolacion_delaunay,0,4599,402,752,199
2026-10-04T21:39:45.057929+00:00,1904600011021,7.31,Bueno,8.2,Bueno,interpolacion_delaunay,0,4072,223,1090,178
2026-10-04T21:39:45.057929+00:00,1904600011040,8.16,Bueno,9.11,Bueno,interpolacion_delaunay,0,3276,150,902,88
2026-10-04T21:39:45.057929+00:00,1904600011055,7.92,Bueno,8.85,Bueno,interpolacion_delaunay,0,7096,477,1425,285
2026-10-04T21:39:45.057929+00:00,190460001106A,9.53,Bueno,10.91,Bueno,interpolacion_delaunay,0,1152,61,261,64
2026-10-04T21:39:45.057929+00:00,1904600011074,9.47,Bueno,10.49,Bueno,interpolacion_delaunay,0,4901,241,744,96
2026-10-04T21:39:45.057929+00:00,1904600011089,8.49,Bueno,9.45,Bueno,interpolacion_delaunay,0,3306,318,659,199
2026-10-04T21:39:45.057929+00:00,1904600011093,6.65,Bueno,7.47,Bueno,interpolacion_delaunay,0,3302,217,861,180
2026-10-04T21:39:45.057929+00:00,1904600011106,5.92,Bueno,6.67,Bueno,interpolacion_delaunay,0,3881,243,712,89
2026-10-04T21:39:45.057929+00:00,1904600011110,5.51,Bueno,6.11,Bueno,interpolacion_delaunay,0,3018,178,738,133
2026-10-04T21:39:45.057929+00:00,1904600011125,9.56,Bueno,10.59,Bueno,interpolacion_delaunay,0,3318,323,549,240
2026-10-04T21:39:45.057929+00:00,190460001113A,9.42,Bueno,10.45,Bueno,interpolacion_delaunay,0,3513,294,662,255
2026-10-04T21:39:45.057929+00:00,1904600011144,9.33,Bueno,10.35,Bueno,interpolacion_delaunay,0,3223,294,460,148
2026-10-04T21:39:45.057929+00:00,1904600011159,7.76,Bueno,8.68,Bueno,interpolacion_delaunay,0,4682,317,917,254
2026-10-04T21:39:45.057929+00:00,1904600011163,7.57,Bueno,8.47,Bueno,interpolacion_delaunay,0,4463,291,849,173
2026-10-04T21:39:45.057929+00:00,1904600011178,7.02,Bueno,7.87,Bueno,interpolacion_delaunay,0,2288,137,771,142
2026-10-04T21:39:45.057929+00:00,1904600011182,7.17,Bueno,8.04,Bueno,interpolacion_delaunay,0,2567,158,877,192
2026-10-04T21:39:45.057929+00:00,1904600011197,7.58,Bueno,8.48,Bueno,interpolacion_delaunay,0,2285,129,707,149
2026-10-04T21:39:45.057929+00:00,1904600011214,10.88,Bueno,11.99,Bueno,interpolacion_delaunay,0,2395,153,608,159
2026-10-04T21:39:45.057929+00:00,1904600011229,11.18,Bueno,12.3,Bueno,interpolacion_delaunay,0,3808,341,729,252
2026-10-04T21:39:45.057929+00:00,1904600011248,9.69,Bueno,10.73,Bueno,interpolacion_delaunay,0,3448,233,731,165
2026-10-04T21:39:45.057929+00:00,1904600011252,11.48,Bueno,12.62,Bueno,interpolacion_delaunay,0,3638,249,902,255
2026-10-04T21:39:45.057929+00:00,1904600011271,10.91,Bueno,12.02,Bueno,interpolacion_delaunay,0,3393,200,1049,183
2026-10-04T21:39:45.057929+00:00,1904600011290,5.57,Bueno,6.31,Bueno,interpolacion_delaunay,0,3613,204,959,164
2026-10-04T21:39:45.057929+00:00,1904600011303,5.27,Bueno,5.99,Bueno,interpolacion_delaunay,0,4255,296,730,120
2026-10-04T21:39:45.057929+00:00,1904600011318,7.3,Bueno,8.2,Bueno,promedio_sensores,1,2617,117,712,78
2026-10-04T21:39:45.057929+00:00,1904600011322,7.16,Bueno,8.05,Bueno,interpolacion_delaunay,0,3209,131,1071,177
2026-10-04T21:39:45.057929+00:00,1904600011356,6.83,Bueno,7.68,Bueno,interpolacion_delaunay,0,5344,302,754,186
2026-10-04T21:39:45.057929+00:00,190460001138A,5.36,Bueno,6.1,Bueno,interpolacion_delaunay,0,2330,116,772,143
2026-10-04T21:39:45.057929+00:00,1904600011394,6.22,Bueno,7.04,Bueno,interpolacion_delaunay,0,2495,152,536,127
2026-10-04T21:39:45.057929+00:00,1904600011430,6.65,Bueno,7.49,Bueno,interpolacion_delaunay,0,4835,297,977,195
2026-10-04T21:39:45.057929+00:00,1904600011445,9.01,Bueno,10.01,Bueno,interpolacion_delaunay,0,2396,140,277,35
2026-10-04T21:39:45.057929+00:00,190460001145A,9.81,Bueno,10.86,Bueno,interpolacion_delaunay,0,4010,242,623,75
2026-10-04T21:39:45.057929+00:00,1904600011464,8.37,Bueno,9.79,Bueno,interpolacion_delaunay,0,3269,192,527,50
2026-10-04T21:39:45.057929+00:00,1904600011479,7.2,Bueno,8.45,Bueno,interpolacion_delaunay,0,2267,102,540,81
2026-10-04T21:39:45.057929+00:00,1904600011500,4.24,Bueno,4.87,Bueno,interpolacion_delaunay,0,4575,375,784,254
2026-10-04T21:39:45.057929+00:00,1904600011515,4.67,Bueno,5.34,Bueno,interpolacion_delaunay,0,1791,111,314,102
2026-10-04T21:39:45.057929+00:00,190460001152A,4.89,Bueno,5.57,Bueno,interpolacion_delaunay,0,3396,254,719,167
2026-10-04T21:39:45.057929+00:00,1904600011534,4.94,Bueno,5.63,Bueno,interpolacion_delaunay,0,5740,487,560,132
2026-10-04T21:39:45.057929+00:00,1904600011549,8.11,Bueno,9.18,Bueno,interpolacion_delaunay,0,4515,263,831,205
2026-10-04T21:39:45.057929+00:00,1904600011568,5.92,Bueno,6.69,Bueno,interpolacion_delaunay,0,4996,283,463,138
2026-10-04T21:39:45.057929+00:00,1904600011572,5.96,Bueno,6.72,Bueno,interpolacion_delaunay,0,4541,345,482,121
2026-10-04T21:39:45.057929+00:00,1904600011587,4.78,Bueno,5.3,Bueno,interpolacion_delaunay,0,2786,153,244,33
2026-10-04T21:39:45.057929+00:00,1904600011591,4.92,Bueno,5.45,Bueno,interpolacion_delaunay,0,3387,245,335,48
2026-10-04T21:39:45.057929+00:00,1904600011604,9.72,Bueno,10.76,Bueno,interpolacion_delaunay,0,3298,256,771,245
2026-10-04T21:39:45.057929+00:00,1904600011619,10.74,Bueno,11.84,Bueno,interpolacion_delaunay,0,3765,260,958,269
2026-10-04T21:39:45.057929+00:00,1904600011657,8.04,Bueno,9.06,Bueno,interpolacion_delaunay,0,3567,176,481,50
2026-10-04T21:39:45.057929+00:00,1904600011661,11.16,Bueno,12.8,Bueno,interpolacion_delaunay,0,282,11,66,6
2026-10-04T21:39:45.057929+00:00,1904600011727,4.07,Bueno,4.71,Bueno,interpolacion_delaunay,0,3412,179,655,144
2026-10-04T21:39:45.057929+00:00,1904600011746,8.18,Bueno,9.13,Bueno,interpolacion_delaunay,0,3218,196,815,117
2026-10-04T21:39:45.057929+00:00,1904600011750,9.12,Bueno,10.12,Bueno,interpolacion_delaunay,0,4162,197,210,54
2026-10-04T21:39:45.057929+00:00,1904600011765,8.19,Bueno,9.33,Bueno,interpolacion_delaunay,0,3860,405,397,208
2026-10-04T21:39:45.057929+00:00,1904600010663,7.5,Bueno,8.4,Bueno,interpolacion_delaunay,0,198,8,27,0
2026-10-04T21:39:45.057929+00:00,1904600010926,3.86,Bueno,4.45,Bueno,interpolacion_delaunay,0,5007,437,867,291
2026-10-04T21:39:45.057929+00:00,1904600010339,12.84,Bueno,14.06,Bueno,interpolacion_delaunay,0,1314,68,335,78
2026-10-04T21:39:45.057929+00:00,1904600011267,12.47,Bueno,13.67,Bueno,interpolacion_delaunay,0,3908,248,1102,331
2026-10-04T21:39:45.057929+00:00,1904600011712,6.42,Bueno,7.12,Bueno,interpolacion_delaunay,0,3272,182,300,58
2026-10-04T21:39:45.057929+00:00,1904600010447,3.4,Bueno,3.97,Bueno,interpolacion_delaunay,0,4132,230,437,113
2026-10-04T21:39:45.057929+00:00,1904600011498,4.17,Bueno,4.87,Bueno,interpolacion_delaunay,0,3212,141,667,65
2026-10-04T21:39:45.057929+00:00,1904600010682,6.44,Bueno,7.24,Bueno,interpolacion_delaunay,0,6498,485,714,113
2026-10-04T21:39:45.057929+00:00,1903100450393,12.86,Bueno,14.8,Bueno,interpolacion_delaunay,0,4470,331,183,115
2026-10-04T21:39:45.057929+00:00,1903100451090,12.74,Bueno,14.73,Bueno,interpolacion_delaunay,0,3117,391,133,67
2026-10-04T21:39:45.057929+00:00,1903100010340,10.56,Bueno,12.55,Bueno,interpolacion_delaunay,0,3444,349,252,192
2026-10-04T21:39:45.057929+00:00,1903100450641,12.85,Bueno,14.18,Bueno,interpolacion_delaunay,0,1572,92,57,77
2026-10-04T21:39:45.057929+00:00,1903100451086,12.87,Bueno,14.61,Bueno,interpolacion_delaunay,0,3582,470,173,24
2026-10-04T21:39:45.057929+00:00,190310311171A,12.68,Bueno,15.17,Bueno,interpolacion_delaunay,0,1226,184,39,41
2026-10-04T21:39:45.057929+00:00,1903100450088,11.38,Bueno,12.57,Bueno,interpolacion_delaunay,0,106,4,27,5
2026-10-04T21:39:45.057929+00:00,1903100450321,13.28,Bueno,14.83,Bueno,interpolacion_delaunay,0,781,65,43,66
2026-10-04T21:39:45.057929+00:00,1903100450656,12.73,Bueno,15.03,Bueno,interpolacion_delaunay,0,6656,512,216,203
2026-10-04T21:39:45.057929+00:00,1903100451461,11.59,Bueno,13.77,Bueno,interpolacion_delaunay,0,215,36,0,4
2026-10-04T21:39:45.057929+00:00,1903100451391,12.06,Bueno,14.49,Bueno,interpolacion_delaunay,0,400,41,11,20
2026-10-04T21:39:45.057929+00:00,190310001068A,11.0,Bueno,13.2,Bueno,promedio_sensores,1,5585,402,158,107
2026-10-04T21:39:45.057929+00:00,1903100010872,11.56,Bueno,13.63,Bueno,interpolacion_delaunay,0,2902,333,115,45
2026-10-04T21:39:45.057929+00:00,1903100450266,11.75,Bueno,13.51,Bueno,interpolacion_delaunay,0,3518,300,297,140
2026-10-04T21:39:45.057929+00:00,1903100451211,13.75,Bueno,15.58,Bueno,interpolacion_delaunay,0,318,31,15,12
2026-10-04T21:39:45.057929+00:00,1903100450105,11.34,Bueno,12.71,Bueno,interpolacion_delaunay,0,617,53,101,42
2026-10-04T21:39:45.057929+00:00,1903100450533,11.34,Bueno,13.27,Bueno,interpolacion_delaunay,0,112,19,4,0
2026-10-04T21:39:45.057929+00:00,1903100450834,11.9,Bueno,14.0,Bueno,interpolacion_delaunay,0,5335,620,158,133
2026-10-04T21:39:45.057929+00:00,1903100451122,13.03,Bueno,15.65,Bueno,interpolacion_delaunay,0,4196,367,129,124
2026-10-04T21:39:45.057929+00:00,1903100451118,11.82,Bueno,14.1,Bueno,interpolacion_delaunay,0,1143,149,65,58
2026-10-04T21:39:45.057929+00:00,1903100450092,12.4,Bueno,13.85,Bueno,interpolacion_delaunay,0,5801,601,614,240
2026-10-04T21:39:45.057929+00:00,190310001036A,10.99,Bueno,12.91,Bueno,interpolacion_delaunay,0,2196,166,139,77
2026-10-04T21:39:45.057929+00:00,1903100011264,11.65,Bueno,13.85,Bueno,interpolacion_delaunay,0,166,15,10,4
2026-10-04T21:39:45.057929+00:00,1903100011692,11.94,Bueno,13.71,Bueno,interpolacion_delaunay,0,1994,254,42,57
2026-10-04T21:39:45.057929+00:00,1903100450675,12.8,Bueno,14.92,Bueno,interpolacion_delaunay,0,2985,254,121,65
2026-10-04T21:39:45.057929+00:00,1903100450815,13.21,Bueno,14.77,Bueno,interpolacion_delaunay,0,5183,452,347,124
2026-10-04T21:39:45.057929+00:00,1903100450887,13.36,Bueno,15.25,Bueno,interpolacion_delaunay,0,626,73,50,23
2026-10-04T21:39:45.057929+00:00,1903100450891,14.0,Bueno,16.21,Bueno,interpolacion_delaunay,0,3371,329,210,148
2026-10-04T21:39:45.057929+00:00,1903100450904,13.98,Bueno,16.33,Bueno,interpolacion_delaunay,0,2284,216,156,77
2026-10-04T21:39:45.057929+00:00,1903100451438,13.5,Bueno,14.9,Bueno,promedio_sensores,1,489,62,15,5
2026-10-04T21:39:45.057929+00:00,1903100451442,14.28,Bueno,16.86,Bueno,interpolacion_delaunay,0,530,59,19,6
2026-10-04T21:39:45.057929+00:00,1903100451828,14.14,Bueno,16.39,Bueno,interpolacion_delaunay,0,1268,201,24,22
2026-10-04T21:39:45.057929+00:00,1903103131616,14.55,Bueno,17.79,Bueno,interpolacion_delaunay,0,3396,460,75,104
2026-10-04T21:39:45.057929+00:00,1903100451103,13.88,Bueno,16.4,Bueno,interpolacion_delaunay,0,1939,184,111,81
2026-10-04T21:39:45.057929+00:00,1903103131601,14.62,Bueno,17.74,Bueno,interpolacion_delaunay,0,3536,417,97,62
2026-10-04T21:39:45.057929+00:00,1903100451226,13.46,Bueno,16.07,Bueno,interpolacion_delaunay,0,2587,267,90,42
2026-10-04T21:39:45.057929+00:00,1903103111512,14.31,Bueno,16.91,Bueno,interpolacion_delaunay,0,2486,240,126,82
2026-10-04T21:39:45.057929+00:00,1903100451635,11.6,Bueno,13.98,Bueno,interpolacion_delaunay,0,3621,518,70,103
2026-10-04T21:39:45.057929+00:00,1903103131300,15.5,Aceptable,19.0,Bueno,promedio_sensores,1,4074,495,120,80
2026-10-04T21:39:45.057929+00:00,1903103111508,13.1,Bueno,15.83,Bueno,interpolacion_delaunay,0,3724,412,113,64
2026-10-04T21:39:45.057929+00:00,1903100451387,12.06,Bueno,14.34,Bueno,interpolacion_delaunay,0,1540,218,34,55
2026-10-04T21:39:45.057929+00:00,1903100452101,11.02,Bueno,13.31,Bueno,interpolacion_delaunay,0,1249,214,20,18
2026-10-04T21:39:45.057929+00:00,1903100451283,12.25,Bueno,14.89,Bueno,interpolacion_delaunay,0,3230,373,88,78
2026-10-04T21:39:45.057929+00:00,1903103111527,13.77,Bueno,16.43,Bueno,interpolacion_delaunay,0,1682,145,143,89
2026-10-04T21:39:45.057929+00:00,1903100452402,11.66,Bueno,14.23,Bueno,interpolacion_delaunay,0,0,0,0,0
