timestamp,cvegeo,pm25_interpolado,calidad_pm25,pm10_interpolado,calidad_pm10,metodo,n_sensores,poblacion_total,ninos_0a5,adultos_mayores,personas_discapacidad
2026-09-29T00:42:52.930244+00:00,1900601740121,2.7,Bueno,3.5,Bueno,promedio_sensores,1,2694,310,73,36
2026-09-29T00:42:52.930244+00:00,1900601740155,3.3,Bueno,4.15,Bueno,interpolacion_delaunay,0,1820,285,54,16
2026-09-29T00:42:52.930244+00:00,1900600781948,3.13,Bueno,4.0,Bueno,interpolacion_delaunay,0,1170,93,69,32
2026-09-29T00:42:52.930244+00:00,1900600012236,4.2,Bueno,5.12,Bueno,interpolacion_delaunay,0,264,28,6,0
2026-09-29T00:42:52.930244+00:00,1900600010225,3.45,Bueno,4.43,Bueno,interpolacion_delaunay,0,1,0,0,0
2026-09-29T00:42:52.930244+00:00,1900600010206,4.31,Bueno,5.42,Bueno,interpolacion_delaunay,0,6646,747,526,177
2026-09-29T00:42:52.930244+00:00,1900600010210,3.56,Bueno,4.57,Bueno,interpolacion_delaunay,0,0,0,0,0
2026-09-29T00:42:52.930244+00:00,1900600010244,4.19,Bueno,5.22,Bueno,interpolacion_delaunay,0,90,3,14,3
2026-09-29T00:42:52.930244+00:00,1900600010259,4.43,Bueno,5.51,Bueno,interpolacion_delaunay,0,3329,268,159,53
2026-09-29T00:42:52.930244+00:00,1900600010278,4.14,Bueno,5.15,Bueno,interpolacion_delaunay,0,486,52,18,8
2026-09-29T00:42:52.930244+00:00,1900600010297,3.41,Bueno,4.32,Bueno,interpolacion_delaunay,0,5850,524,288,225
2026-09-29T00:42:52.930244+00:00,1900600010475,3.95,Bueno,4.93,Bueno,interpolacion_delaunay,0,4729,407,844,249
2026-09-29T00:42:52.930244+00:00,190060001030A,3.32,Bueno,4.22,Bueno,interpolacion_delaunay,0,4134,431,170,127
2026-09-29T00:42:52.930244+00:00,1900600010348,4.51,Bueno,5.48,Bueno,interpolacion_delaunay,0,7877,871,609,196
2026-09-29T00:42:52.930244+00:00,1900600010460,4.15,Bueno,5.15,Bueno,interpolacion_delaunay,0,4909,343,1088,217
2026-09-29T00:42:52.930244+00:00,1900600010352,4.39,Bueno,5.33,Bueno,interpolacion_delaunay,0,1017,63,153,80
2026-09-29T00:42:52.930244+00:00,1900600010367,4.61,Bueno,5.57,Bueno,interpolacion_delaunay,0,469,45,60,46
2026-09-29T00:42:52.930244+00:00,1900600010403,4.17,Bueno,5.35,Bueno,interpolacion_delaunay,0,4726,352,972,196
2026-09-29T00:42:52.930244+00:00,190060001055A,4.06,Bueno,5.21,Bueno,interpolacion_delaunay,0,4579,363,547,197
2026-09-29T00:42:52.930244+00:00,1900600010583,3.78,Bueno,4.78,Bueno,interpolacion_delaunay,0,4964,382,425,153
2026-09-29T00:42:52.930244+00:00,1900600010598,3.5,Bueno,4.46,Bueno,interpolacion_delaunay,0,5332,416,338,212
2026-09-29T00:42:52.930244+00:00,1900600010723,3.4,Bueno,4.01,Bueno,interpolacion_delaunay,0,5109,353,1039,281
2026-09-29T00:42:52.930244+00:00,1900600010780,3.83,Bueno,4.77,Bueno,interpolacion_delaunay,0,3755,348,382,222
2026-09-29T00:42:52.930244+00:00,1900600010795,4.03,Bueno,4.98,Bueno,interpolacion_delaunay,0,5270,506,424,204
2026-09-29T00:42:52.930244+00:00,1900600010808,4.25,Bueno,5.21,Bueno,interpolacion_delaunay,0,3443,304,372,102
2026-09-29T00:42:52.930244+00:00,1900600010920,4.2,Bueno,5.4,Bueno,promedio_sensores,1,5729,316,496,128
2026-09-29T00:42:52.930244+00:00,1900600011011,4.16,Bueno,5.23,Bueno,interpolacion_delaunay,0,0,0,0,0
2026-09-29T00:42:52.930244+00:00,1900600011026,4.03,Bueno,5.07,Bueno,interpolacion_delaunay,0,0,0,0,0
2026-09-29T00:42:52.930244+00:00,1900600011064,4.26,Bueno,5.43,Bueno,interpolacion_delaunay,0,4513,371,370,162
2026-09-29T00:42:52.930244+00:00,1900600011098,3.28,Bueno,4.2,Bueno,interpolacion_delaunay,0,5772,542,419,165
2026-09-29T00:42:52.930244+00:00,1900600011149,4.43,Bueno,5.36,Bueno,interpolacion_delaunay,0,1140,100,87,38
2026-09-29T00:42:52.930244+00:00,1900600011350,4.24,Bueno,5.4,Bueno,interpolacion_delaunay,0,3323,233,353,93
2026-09-29T00:42:52.930244+00:00,1900600011365,4.28,Bueno,5.43,Bueno,interpolacion_delaunay,0,3259,285,225,87
2026-09-29T00:42:52.930244+00:00,190060001137A,3.7,Bueno,4.47,Bueno,interpolacion_delaunay,0,2748,223,522,132
2026-09-29T00:42:52.930244+00:00,1900600011632,3.05,Bueno,3.92,Bueno,interpolacion_delaunay,0,5931,475,161,144
2026-09-29T00:42:52.930244+00:00,1900600011384,3.95,Bueno,4.84,Bueno,interpolacion_delaunay,0,3359,263,352,73
2026-09-29T00:42:52.930244+00:00,1900600011399,4.24,Bueno,5.37,Bueno,interpolacion_delaunay,0,2371,274,284,91
2026-09-29T00:42:52.930244+00:00,1900600011469,3.08,Bueno,3.96,Bueno,interpolacion_delaunay,0,1932,125,131,96
2026-09-29T00:42:52.930244+00:00,1900600011401,4.45,Bueno,5.58,Bueno,interpolacion_delaunay,0,3593,269,468,144
2026-09-29T00:42:52.930244+00:00,190060001144A,3.2,Bueno,4.11,Bueno,interpolacion_delaunay,0,6239,575,321,95
2026-09-29T00:42:52.930244+00:00,1900600011473,3.67,Bueno,4.66,Bueno,interpolacion_delaunay,0,2826,209,259,107
2026-09-29T00:42:52.930244+00:00,1900600011488,3.81,Bueno,4.8,Bueno,interpolacion_delaunay,0,2922,234,293,96
2026-09-29T00:42:52.930244+00:00,1900600011492,3.9,Bueno,4.87,Bueno,interpolacion_delaunay,0,1725,134,78,56
2026-09-29T00:42:52.930244+00:00,1900600011505,3.7,Bueno,4.65,Bueno,interpolacion_delaunay,0,2030,151,78,103
2026-09-29T00:42:52.930244+00:00,190060001151A,3.67,Bueno,4.6,Bueno,interpolacion_delaunay,0,4650,413,187,145
2026-09-29T00:42:52.930244+00:00,1900600011524,3.65,Bueno,4.57,Bueno,interpolacion_delaunay,0,3658,279,744,150
2026-09-29T00:42:52.930244+00:00,1900600011539,3.88,Bueno,4.8,Bueno,interpolacion_delaunay,0,3879,269,179,190
2026-09-29T00:42:52.930244+00:00,1900600011543,4.18,Bueno,5.12,Bueno,interpolacion_delaunay,0,3926,372,127,91
2026-09-29T00:42:52.930244+00:00,1900600011844,3.28,Bueno,4.15,Bueno,interpolacion_delaunay,0,1922,166,57,23
2026-09-29T00:42:52.930244+00:00,1900600011666,3.15,Bueno,4.02,Bueno,interpolacion_delaunay,0,2454,221,74,68
2026-09-29T00:42:52.930244+00:00,1900600011859,3.4,Bueno,4.28,Bueno,interpolacion_delaunay,0,1533,143,46,34
2026-09-29T00:42:52.930244+00:00,1900600011863,4.02,Bueno,4.94,Bueno,interpolacion_delaunay,0,1050,130,36,5
2026-09-29T00:42:52.930244+00:00,1900600011878,4.03,Bueno,4.93,Bueno,interpolacion_delaunay,0,5255,440,206,130
2026-09-29T00:42:52.930244+00:00,1900600011882,3.93,Bueno,4.82,Bueno,interpolacion_delaunay,0,5356,444,208,243
2026-09-29T00:42:52.930244+00:00,190060001190A,4.3,Bueno,5.23,Bueno,interpolacion_delaunay,0,3346,296,126,99
2026-09-29T00:42:52.930244+00:00,1900600011914,4.0,Bueno,4.9,Bueno,interpolacion_delaunay,0,5844,518,215,189
2026-09-29T00:42:52.930244+00:00,1900600011929,3.51,Bueno,4.41,Bueno,interpolacion_delaunay,0,5690,426,232,211
2026-09-29T00:42:52.930244+00:00,1900600012043,3.63,Bueno,4.51,Bueno,interpolacion_delaunay,0,3660,375,120,69
2026-09-29T00:42:52.930244+00:00,1900600012109,3.43,Bueno,4.32,Bueno,interpolacion_delaunay,0,1488,155,32,33
2026-09-29T00:42:52.930244+00:00,1900600012128,3.91,Bueno,4.83,Bueno,interpolacion_delaunay,0,1714,168,66,31
2026-09-29T00:42:52.930244+00:00,190060001226A,3.86,Bueno,4.83,Bueno,interpolacion_delaunay,0,4528,324,328,117
2026-09-29T00:42:52.930244+00:00,1900600012274,3.52,Bueno,4.47,Bueno,interpolacion_delaunay,0,5782,615,191,106
2026-09-29T00:42:52.930244+00:00,190060001233A,3.41,Bueno,4.28,Bueno,interpolacion_delaunay,0,2449,267,53,48
2026-09-29T00:42:52.930244+00:00,1900600012414,3.63,Bueno,4.53,Bueno,interpolacion_delaunay,0,2297,332,39,45
2026-09-29T00:42:52.930244+00:00,1900600012429,3.73,Bueno,4.62,Bueno,interpolacion_delaunay,0,3283,479,97,39
2026-09-29T00:42:52.930244+00:00,1900600012734,4.1,Bueno,5.02,Bueno,interpolacion_delaunay,0,961,146,24,13
2026-09-29T00:42:52.930244+00:00,1900600010992,3.94,Bueno,5.01,Bueno,interpolacion_delaunay,0,0,0,0,0
2026-09-29T00:42:52.930244+00:00,1900600012804,3.97,Bueno,5.06,Bueno,interpolacion_delaunay,0,705,129,13,7
2026-09-29T00:42:52.930244+00:00,1900600011897,3.31,Bueno,4.19,Bueno,interpolacion_delaunay,0,3063,294,202,149
2026-09-29T00:42:52.930244+00:00,1900600012202,3.64,Bueno,4.51,Bueno,interpolacion_delaunay,0,372,48,3,8
2026-09-29T00:42:52.930244+00:00,1900600012039,3.71,Bueno,4.59,Bueno,interpolacion_delaunay,0,2684,242,90,67
2026-09-29T00:42:52.930244+00:00,1900601740047,2.9,Bueno,3.73,Bueno,interpolacion_delaunay,0,1719,266,38,40
2026-09-29T00:42:52.930244+00:00,190190001005A,3.18,Bueno,3.66,Bueno,interpolacion_delaunay,0,2404,108,693,69
2026-09-29T00:42:52.930244+00:00,1901900010064,4.2,Bueno,4.75,Bueno,promedio_sensores,4,2721,181,677,58
2026-09-29T00:42:52.930244+00:00,1901900010079,4.9,Bueno,5.3,Bueno,promedio_sensores,1,4464,212,1159,127
2026-09-29T00:42:52.930244+00:00,1901900010083,2.77,Bueno,2.87,Bueno,promedio_sensores,3,1374,63,441,45
2026-09-29T00:42:52.930244+00:00,1901900010098,2.4,Bueno,2.4,Bueno,promedio_sensores,1,1854,103,460,42
2026-09-29T00:42:52.930244+00:00,1901900010100,3.6,Bueno,4.0,Bueno,promedio_sensores,1,1944,129,547,21
2026-09-29T00:42:52.930244+00:00,1901900010149,3.9,Bueno,4.4,Bueno,promedio_sensores,1,1163,75,215,15
2026-09-29T00:42:52.930244+00:00,1901900010153,4.4,Bueno,4.8,Bueno,promedio_sensores,1,1800,134,430,81
2026-09-29T00:42:52.930244+00:00,1901900010168,4.3,Bueno,5.0,Bueno,promedio_sensores,1,1570,81,416,43
2026-09-29T00:42:52.930244+00:00,1901900010172,3.44,Bueno,3.97,Bueno,interpolacion_delaunay,0,1335,59,357,29
2026-09-29T00:42:52.930244+00:00,1901900010187,3.94,Bueno,4.33,Bueno,interpolacion_delaunay,0,4463,306,999,93
2026-09-29T00:42:52.930244+00:00,1901900010191,3.5,Bueno,3.9,Bueno,promedio_sensores,1,2824,172,637,108
2026-09-29T00:42:52.930244+00:00,1901900010204,3.75,Bueno,4.1,Bueno,interpolacion_delaunay,0,3926,317,736,119
2026-09-29T00:42:52.930244+00:00,1901900010223,3.43,Bueno,3.7,Bueno,interpolacion_delaunay,0,2979,89,503,54
2026-09-29T00:42:52.930244+00:00,1901900010238,3.8,Bueno,4.0,Bueno,promedio_sensores,1,1904,73,302,23
2026-09-29T00:42:52.930244+00:00,1901900010242,1.67,Bueno,1.8,Bueno,promedio_sensores,3,2717,143,729,92
2026-09-29T00:42:52.930244+00:00,1901900010257,2.2,Bueno,2.4,Bueno,promedio_sensores,1,1307,56,361,13
2026-09-29T00:42:52.930244+00:00,1901900010261,1.55,Bueno,1.9,Bueno,promedio_sensores,2,2240,113,567,42
2026-09-29T00:42:52.930244+00:00,1901900010280,3.36,Bueno,3.58,Bueno,interpolacion_delaunay,0,2690,79,360,43
2026-09-29T00:42:52.930244+00:00,1901900010350,3.47,Bueno,3.93,Bueno,interpolacion_delaunay,0,2768,148,592,68
2026-09-29T00:42:52.930244+00:00,1901900010365,10.6,Bueno,10.6,Bueno,promedio_sensores,1,3419,327,293,61
2026-09-29T00:42:52.930244+00:00,1901900010399,3.05,Bueno,3.2,Bueno,promedio_sensores,2,1162,6,68,0
2026-09-29T00:42:52.930244+00:00,1901900010401,1.9,Bueno,2.4,Bueno,promedio_sensores,1,2375,247,392,86
2026-09-29T00:42:52.930244+00:00,1901900010416,2.3,Bueno,2.54,Bueno,interpolacion_delaunay,0,700,19,105,4
2026-09-29T00:42:52.930244+00:00,1901900010420,3.2,Bueno,3.4,Bueno,promedio_sensores,1,1696,93,408,47
2026-09-29T00:42:52.930244+00:00,1901900010435,3.1,Bueno,3.4,Bueno,promedio_sensores,1,4494,346,601,54
2026-09-29T00:42:52.930244+00:00,190190001044A,2.9,Bueno,3.63,Bueno,promedio_sensores,3,4383,354,439,56
2026-09-29T00:42:52.930244+00:00,1901900010454,3.0,Bueno,3.1,Bueno,promedio_sensores,2,557,26,114,11
2026-09-29T00:42:52.930244+00:00,1901900010469,2.5,Bueno,3.1,Bueno,promedio_sensores,1,3112,170,568,37
2026-09-29T00:42:52.930244+00:00,1901900010473,2.46,Bueno,2.96,Bueno,interpolacion_delaunay,0,983,46,182,19
2026-09-29T00:42:52.930244+00:00,1901900010488,2.65,Bueno,3.3,Bueno,promedio_sensores,2,2757,295,371,102
2026-09-29T00:42:52.930244+00:00,1901900010492,1.9,Bueno,2.25,Bueno,promedio_sensores,2,2848,173,697,71
2026-09-29T00:42:52.930244+00:00,1901900010505,3.53,Bueno,3.82,Bueno,interpolacion_delaunay,0,2494,111,512,19
2026-09-29T00:42:52.930244+00:00,190190001051A,2.9,Bueno,3.3,Bueno,promedio_sensores,1,1899,111,507,36
2026-09-29T00:42:52.930244+00:00,1901900010558,3.6,Bueno,3.83,Bueno,promedio_sensores,3,1349,87,230,21
2026-09-29T00:42:52.930244+00:00,1901900010613,3.56,Bueno,3.87,Bueno,interpolacion_delaunay,0,132,0,20,0
2026-09-29T00:42:52.930244+00:00,1901900010384,2.54,Bueno,2.74,Bueno,interpolacion_delaunay,0,1111,19,119,15
2026-09-29T00:42:52.930244+00:00,1901900010219,3.85,Bueno,4.16,Bueno,interpolacion_delaunay,0,1954,106,555,58
2026-09-29T00:42:52.930244+00:00,1902100011338,2.98,Bueno,3.51,Bueno,interpolacion_delaunay,0,2800,219,134,55
2026-09-29T00:42:52.930244+00:00,1902100011817,2.1,Bueno,2.6,Bueno,promedio_sensores,1,583,52,40,11
2026-09-29T00:42:52.930244+00:00,1902100010293,2.68,Bueno,3.33,Bueno,interpolacion_delaunay,0,2008,84,165,35
2026-09-29T00:42:52.930244+00:00,190210001033A,2.57,Bueno,3.13,Bueno,interpolacion_delaunay,0,4000,286,440,91
2026-09-29T00:42:52.930244+00:00,1902100011060,4.0,Bueno,4.84,Bueno,interpolacion_delaunay,0,3355,278,195,95
2026-09-29T00:42:52.930244+00:00,1902100010289,2.79,Bueno,3.48,Bueno,interpolacion_delaunay,0,1352,78,109,44
2026-09-29T00:42:52.930244+00:00,1902100010325,3.24,Bueno,4.02,Bueno,interpolacion_delaunay,0,1,0,0,0
2026-09-29T00:42:52.930244+00:00,1902100011412,3.3,Bueno,3.9,Bueno,promedio_sensores,1,3239,228,156,27
2026-09-29T00:42:52.930244+00:00,1902100011427,2.43,Bueno,2.91,Bueno,interpolacion_delaunay,0,4126,302,227,21
2026-09-29T00:42:52.930244+00:00,1902100011408,2.85,Bueno,3.61,Bueno,interpolacion_delaunay,0,6781,377,571,69
2026-09-29T00:42:52.930244+00:00,1902100011342,3.19,Bueno,3.75,Bueno,interpolacion_delaunay,0,4655,261,185,126
2026-09-29T00:42:52.930244+00:00,1902100010043,3.89,Bueno,4.83,Bueno,interpolacion_delaunay,0,4208,322,819,334
2026-09-29T00:42:52.930244+00:00,1902100010255,3.63,Bueno,4.29,Bueno,interpolacion_delaunay,0,6704,625,410,194
2026-09-29T00:42:52.930244+00:00,1902100010378,3.7,Bueno,4.7,Bueno,promedio_sensores,1,4134,262,294,72
2026-09-29T00:42:52.930244+00:00,1902100011075,4.18,Bueno,5.05,Bueno,interpolacion_delaunay,0,8122,855,320,248
2026-09-29T00:42:52.930244+00:00,1902600011832,4.48,Bueno,5.48,Bueno,interpolacion_delaunay,0,3764,305,386,174
2026-09-29T00:42:52.930244+00:00,1902600010035,4.12,Bueno,5.09,Bueno,interpolacion_delaunay,0,1597,156,285,106
2026-09-29T00:42:52.930244+00:00,1902600012332,5.39,Bueno,6.93,Bueno,interpolacion_delaunay,0,5634,507,898,399
2026-09-29T00:42:52.930244+00:00,1902600010020,4.3,Bueno,5.3,Bueno,interpolacion_delaunay,0,1825,174,355,160
2026-09-29T00:42:52.930244+00:00,1902600011279,4.14,Bueno,5.12,Bueno,interpolacion_delaunay,0,4324,384,731,269
2026-09-29T00:42:52.930244+00:00,1902600011283,4.04,Bueno,5.01,Bueno,interpolacion_delaunay,0,3719,341,754,207
2026-09-29T00:42:52.930244+00:00,1902600012440,4.67,Bueno,5.71,Bueno,interpolacion_delaunay,0,2604,133,153,35
2026-09-29T00:42:52.930244+00:00,1902600012667,5.56,Bueno,6.57,Bueno,interpolacion_delaunay,0,778,73,30,14
2026-09-29T00:42:52.930244+00:00,1902600012811,4.78,Bueno,5.89,Bueno,interpolacion_delaunay,0,26,4,0,0
2026-09-29T00:42:52.930244+00:00,1902600010459,4.98,Bueno,5.89,Bueno,interpolacion_delaunay,0,3039,123,850,229
2026-09-29T00:42:52.930244+00:00,1902600010317,5.0,Bueno,5.92,Bueno,interpolacion_delaunay,0,4084,275,902,321
2026-09-29T00:42:52.930244+00:00,1902600010957,4.29,Bueno,5.28,Bueno,interpolacion_delaunay,0,5841,533,1121,336
2026-09-29T00:42:52.930244+00:00,1902600011103,4.48,Bueno,5.52,Bueno,interpolacion_delaunay,0,950,69,80,47
2026-09-29T00:42:52.930244+00:00,1902600011457,5.42,Bueno,6.36,Bueno,interpolacion_delaunay,0,2279,129,466,94
2026-09-29T00:42:52.930244+00:00,1902600011404,2.44,Bueno,2.91,Bueno,interpolacion_delaunay,0,3115,227,702,219
2026-09-29T00:42:52.930244+00:00,1902600011508,4.72,Bueno,5.76,Bueno,interpolacion_delaunay,0,1978,175,250,90
2026-09-29T00:42:52.930244+00:00,1902600011828,4.38,Bueno,5.39,Bueno,interpolacion_delaunay,0,2175,178,266,60
2026-09-29T00:42:52.930244+00:00,1902600011847,4.63,Bueno,5.64,Bueno,interpolacion_delaunay,0,4488,374,407,157
2026-09-29T00:42:52.930244+00:00,1902600012402,5.67,Bueno,6.86,Bueno,interpolacion_delaunay,0,2699,234,353,170
2026-09-29T00:42:52.930244+00:00,1902600012205,5.26,Bueno,6.58,Bueno,interpolacion_delaunay,0,4435,432,502,204
2026-09-29T00:42:52.930244+00:00,1902600012258,4.87,Bueno,5.87,Bueno,interpolacion_delaunay,0,1006,77,102,40
2026-09-29T00:42:52.930244+00:00,1902600012296,4.9,Bueno,5.72,Bueno,interpolacion_delaunay,0,4398,237,919,190
2026-09-29T00:42:52.930244+00:00,1902600012455,4.65,Bueno,5.67,Bueno,interpolacion_delaunay,0,4962,328,296,118
2026-09-29T00:42:52.930244+00:00,1902600010302,4.95,Bueno,5.86,Bueno,interpolacion_delaunay,0,2790,166,675,209
2026-09-29T00:42:52.930244+00:00,1902600010425,3.81,Bueno,4.65,Bueno,interpolacion_delaunay,0,3687,235,843,230
2026-09-29T00:42:52.930244+00:00,1902600010533,3.83,Bueno,4.74,Bueno,interpolacion_delaunay,0,1681,81,395,96
2026-09-29T00:42:52.930244+00:00,1902600011813,4.44,Bueno,5.46,Bueno,interpolacion_delaunay,0,5250,447,545,129
2026-09-29T00:42:52.930244+00:00,1902600011851,4.78,Bueno,5.79,Bueno,interpolacion_delaunay,0,4115,305,359,155
2026-09-29T00:42:52.930244+00:00,1902600012436,4.51,Bueno,5.54,Bueno,interpolacion_delaunay,0,3242,185,145,20
2026-09-29T00:42:52.930244+00:00,1902600012686,4.87,Bueno,5.86,Bueno,interpolacion_delaunay,0,40,3,7,5
2026-09-29T00:42:52.930244+00:00,1902600010124,4.83,Bueno,5.58,Bueno,interpolacion_delaunay,0,2665,140,749,113
2026-09-29T00:42:52.930244+00:00,1902600012417,4.83,Bueno,5.64,Bueno,interpolacion_delaunay,0,2073,147,228,128
2026-09-29T00:42:52.930244+00:00,1902600012347,5.55,Bueno,7.08,Bueno,interpolacion_delaunay,0,4440,433,247,105
2026-09-29T00:42:52.930244+00:00,190260001239A,5.58,Bueno,6.57,Bueno,interpolacion_delaunay,0,2697,236,207,88
2026-09-29T00:42:52.930244+00:00,190260001260A,4.97,Bueno,5.96,Bueno,interpolacion_delaunay,0,979,82,21,36
2026-09-29T00:42:52.930244+00:00,1902600011391,5.37,Bueno,6.33,Bueno,interpolacion_delaunay,0,3747,280,1036,286
2026-09-29T00:42:52.930244+00:00,1902600010251,5.24,Bueno,6.12,Bueno,interpolacion_delaunay,0,6072,581,994,581
2026-09-29T00:42:52.930244+00:00,1902600010707,5.35,Bueno,6.27,Bueno,interpolacion_delaunay,0,4261,296,986,365
2026-09-29T00:42:52.930244+00:00,190260001157A,5.39,Bueno,6.31,Bueno,interpolacion_delaunay,0,2161,148,444,126
2026-09-29T00:42:52.930244+00:00,1902600011654,5.39,Bueno,6.66,Bueno,interpolacion_delaunay,0,3737,309,535,205
2026-09-29T00:42:52.930244+00:00,1902600012385,4.77,Bueno,5.88,Bueno,interpolacion_delaunay,0,108,11,8,5
2026-09-29T00:42:52.930244+00:00,1902600011495,5.02,Bueno,6.06,Bueno,interpolacion_delaunay,0,2675,203,421,91
2026-09-29T00:42:52.930244+00:00,1902600012525,5.55,Bueno,7.01,Bueno,interpolacion_delaunay,0,6162,464,363,124
2026-09-29T00:42:52.930244+00:00,1902600010995,4.78,Bueno,5.77,Bueno,interpolacion_delaunay,0,1016,61,224,56
2026-09-29T00:42:52.930244+00:00,1902600011866,4.68,Bueno,5.38,Bueno,interpolacion_delaunay,0,3064,167,548,67
2026-09-29T00:42:52.930244+00:00,190260001207A,1.49,Bueno,1.87,Bueno,interpolacion_delaunay,0,2199,99,452,47
2026-09-29T00:42:52.930244+00:00,1902600012120,0.87,Bueno,0.92,Bueno,interpolacion_delaunay,0,1092,33,384,28
2026-09-29T00:42:52.930244+00:00,1902600012135,2.0,Bueno,2.14,Bueno,interpolacion_delaunay,0,1356,47,414,29
2026-09-29T00:42:52.930244+00:00,1902600012544,5.45,Bueno,6.97,Bueno,interpolacion_delaunay,0,2171,187,206,83
2026-09-29T00:42:52.930244+00:00,1902600010069,4.64,Bueno,5.42,Bueno,interpolacion_delaunay,0,1920,94,579,107
2026-09-29T00:42:52.930244+00:00,1902600010073,4.67,Bueno,5.45,Bueno,interpolacion_delaunay,0,3137,159,955,77
2026-09-29T00:42:52.930244+00:00,1902600010088,4.64,Bueno,5.38,Bueno,interpolacion_delaunay,0,2870,157,722,160
2026-09-29T00:42:52.930244+00:00,1902600010158,4.85,Bueno,5.75,Bueno,interpolacion_delaunay,0,1517,70,502,83
2026-09-29T00:42:52.930244+00:00,190260001029A,4.89,Bueno,5.79,Bueno,interpolacion_delaunay,0,1809,94,461,133
2026-09-29T00:42:52.930244+00:00,1902600011885,4.59,Bueno,5.37,Bueno,interpolacion_delaunay,0,1944,100,497,103
2026-09-29T00:42:52.930244+00:00,1902600012192,4.76,Bueno,5.77,Bueno,interpolacion_delaunay,0,2742,217,241,94
2026-09-29T00:42:52.930244+00:00,1902600012243,4.91,Bueno,6.34,Bueno,interpolacion_delaunay,0,316,37,21,22
2026-09-29T00:42:52.930244+00:00,1902600012421,4.87,Bueno,5.75,Bueno,interpolacion_delaunay,0,2385,134,120,49
2026-09-29T00:42:52.930244+00:00,1902600012597,5.34,Bueno,6.35,Bueno,interpolacion_delaunay,0,3539,244,126,97
2026-09-29T00:42:52.930244+00:00,1902600011029,4.95,Bueno,5.97,Bueno,interpolacion_delaunay,0,1109,94,97,45
2026-09-29T00:42:52.930244+00:00,190260001189A,4.67,Bueno,5.48,Bueno,interpolacion_delaunay,0,2117,131,543,112
2026-09-29T00:42:52.930244+00:00,1902600012703,4.92,Bueno,6.05,Bueno,interpolacion_delaunay,0,632,49,33,14
2026-09-29T00:42:52.930244+00:00,1902600011372,5.27,Bueno,6.23,Bueno,interpolacion_delaunay,0,2451,168,520,192
2026-09-29T00:42:52.930244+00:00,1902600012366,4.83,Bueno,5.82,Bueno,interpolacion_delaunay,0,350,28,12,6
2026-09-29T00:42:52.930244+00:00,1902600010321,5.05,Bueno,5.97,Bueno,interpolacion_delaunay,0,5159,259,1483,335
2026-09-29T00:42:52.930244+00:00,1902600010336,5.1,Bueno,6.03,Bueno,interpolacion_delaunay,0,3112,150,945,118
2026-09-29T00:42:52.930244+00:00,1902600010340,5.14,Bueno,6.08,Bueno,interpolacion_delaunay,0,5009,289,1452,316
2026-09-29T00:42:52.930244+00:00,1902600010355,5.13,Bueno,6.06,Bueno,interpolacion_delaunay,0,2172,143,527,123
2026-09-29T00:42:52.930244+00:00,1902600010389,5.32,Bueno,6.28,Bueno,interpolacion_delaunay,0,3485,223,809,188
2026-09-29T00:42:52.930244+00:00,1902600010393,5.28,Bueno,6.21,Bueno,interpolacion_delaunay,0,4293,274,932,186
2026-09-29T00:42:52.930244+00:00,1902600010618,5.34,Bueno,6.28,Bueno,interpolacion_delaunay,0,3420,248,733,217
2026-09-29T00:42:52.930244+00:00,1902600010730,5.35,Bueno,6.38,Bueno,interpolacion_delaunay,0,4610,359,992,364
2026-09-29T00:42:52.930244+00:00,1902600011033,5.41,Bueno,6.45,Bueno,interpolacion_delaunay,0,5199,444,572,162
2026-09-29T00:42:52.930244+00:00,1902600011122,5.64,Bueno,7.02,Bueno,interpolacion_delaunay,0,6940,637,766,300
2026-09-29T00:42:52.930244+00:00,1902600011546,5.21,Bueno,6.12,Bueno,interpolacion_delaunay,0,3715,209,870,202
2026-09-29T00:42:52.930244+00:00,1902600011461,5.47,Bueno,6.42,Bueno,interpolacion_delaunay,0,3227,233,684,198
2026-09-29T00:42:52.930244+00:00,190260001132A,4.99,Bueno,5.89,Bueno,interpolacion_delaunay,0,2713,152,488,78
2026-09-29T00:42:52.930244+00:00,1902600011334,5.33,Bueno,6.22,Bueno,interpolacion_delaunay,0,3525,289,683,240
2026-09-29T00:42:52.930244+00:00,1902600011349,5.39,Bueno,6.32,Bueno,interpolacion_delaunay,0,2716,239,484,222
2026-09-29T00:42:52.930244+00:00,1902600011368,5.2,Bueno,6.14,Bueno,interpolacion_delaunay,0,3348,226,652,119
2026-09-29T00:42:52.930244+00:00,1902600011419,5.06,Bueno,5.98,Bueno,interpolacion_delaunay,0,2833,144,728,158
2026-09-29T00:42:52.930244+00:00,1902600011442,5.39,Bueno,6.33,Bueno,interpolacion_delaunay,0,3169,182,598,174
2026-09-29T00:42:52.930244+00:00,1902600011565,5.3,Bueno,6.22,Bueno,interpolacion_delaunay,0,4076,290,816,263
2026-09-29T00:42:52.930244+00:00,1902600011584,5.37,Bueno,6.32,Bueno,interpolacion_delaunay,0,4255,317,895,221
2026-09-29T00:42:52.930244+00:00,1902600011599,5.4,Bueno,6.36,Bueno,interpolacion_delaunay,0,2923,228,572,152
2026-09-29T00:42:52.930244+00:00,1902600011601,5.3,Bueno,6.3,Bueno,promedio_sensores,1,3474,261,775,299
2026-09-29T00:42:52.930244+00:00,1902600011688,5.41,Bueno,6.54,Bueno,interpolacion_delaunay,0,3727,240,688,249
2026-09-29T00:42:52.930244+00:00,190260001171A,5.44,Bueno,6.75,Bueno,interpolacion_delaunay,0,4383,321,770,213
2026-09-29T00:42:52.930244+00:00,1902600012008,1.79,Bueno,2.25,Bueno,interpolacion_delaunay,0,1064,52,278,35
2026-09-29T00:42:52.930244+00:00,1902600011781,4.93,Bueno,5.86,Bueno,interpolacion_delaunay,0,260,22,25,0
2026-09-29T00:42:52.930244+00:00,1902600011989,5.25,Bueno,6.17,Bueno,interpolacion_delaunay,0,3336,217,653,151
2026-09-29T00:42:52.930244+00:00,1902600012027,5.44,Bueno,6.66,Bueno,interpolacion_delaunay,0,5601,339,676,195
2026-09-29T00:42:52.930244+00:00,1902600012116,5.25,Bueno,6.6,Bueno,interpolacion_delaunay,0,2265,174,319,64
2026-09-29T00:42:52.930244+00:00,1902600012328,4.99,Bueno,5.99,Bueno,interpolacion_delaunay,0,2737,200,173,54
2026-09-29T00:42:52.930244+00:00,1902600012510,5.58,Bueno,6.99,Bueno,interpolacion_delaunay,0,3466,257,269,90
2026-09-29T00:42:52.930244+00:00,1902600012578,5.51,Bueno,6.98,Bueno,interpolacion_delaunay,0,2465,185,298,196
2026-09-29T00:42:52.930244+00:00,1902600012582,5.5,Bueno,6.94,Bueno,interpolacion_delaunay,0,2739,201,423,283
2026-09-29T00:42:52.930244+00:00,1902600012614,5.13,Bueno,6.15,Bueno,interpolacion_delaunay,0,3024,272,68,36
2026-09-29T00:42:52.930244+00:00,1902600010177,4.82,Bueno,5.68,Bueno,interpolacion_delaunay,0,1769,60,559,90
2026-09-29T00:42:52.930244+00:00,1902600010444,3.47,Bueno,4.12,Bueno,interpolacion_delaunay,0,2474,121,665,111
2026-09-29T00:42:52.930244+00:00,1902600011531,5.17,Bueno,6.08,Bueno,interpolacion_delaunay,0,3594,235,816,160
2026-09-29T00:42:52.930244+00:00,1902600010232,5.09,Bueno,5.95,Bueno,interpolacion_delaunay,0,2521,162,744,110
2026-09-29T00:42:52.930244+00:00,1902600010196,4.85,Bueno,5.7,Bueno,interpolacion_delaunay,0,1557,66,485,73
2026-09-29T00:42:52.930244+00:00,1902600010213,4.98,Bueno,5.81,Bueno,interpolacion_delaunay,0,2063,114,530,142
2026-09-29T00:42:52.930244+00:00,190260001011A,4.83,Bueno,5.59,Bueno,interpolacion_delaunay,0,3115,155,816,154
2026-09-29T00:42:52.930244+00:00,1902600010162,4.81,Bueno,5.68,Bueno,interpolacion_delaunay,0,1624,64,473,65
2026-09-29T00:42:52.930244+00:00,1902600010181,4.94,Bueno,5.86,Bueno,interpolacion_delaunay,0,1561,63,499,94
2026-09-29T00:42:52.930244+00:00,1902600010228,5.09,Bueno,5.98,Bueno,interpolacion_delaunay,0,1619,140,316,120
2026-09-29T00:42:52.930244+00:00,1902600010603,5.32,Bueno,6.25,Bueno,interpolacion_delaunay,0,1632,93,346,132
2026-09-29T00:42:52.930244+00:00,1902600010745,5.38,Bueno,6.46,Bueno,interpolacion_delaunay,0,1565,113,330,126
2026-09-29T00:42:52.930244+00:00,1902600010798,5.34,Bueno,6.26,Bueno,interpolacion_delaunay,0,3364,210,732,231
2026-09-29T00:42:52.930244+00:00,1902600010815,5.41,Bueno,6.6,Bueno,interpolacion_delaunay,0,4739,363,1000,268
2026-09-29T00:42:52.930244+00:00,1902600011438,2.68,Bueno,3.27,Bueno,interpolacion_delaunay,0,1771,89,459,85
2026-09-29T00:42:52.930244+00:00,1902600011476,5.46,Bueno,6.41,Bueno,interpolacion_delaunay,0,3270,215,839,209
2026-09-29T00:42:52.930244+00:00,1902600011777,5.29,Bueno,6.25,Bueno,interpolacion_delaunay,0,3599,312,366,80
2026-09-29T00:42:52.930244+00:00,1902600012031,5.49,Bueno,6.8,Bueno,interpolacion_delaunay,0,4385,273,421,152
2026-09-29T00:42:52.930244+00:00,1902600012173,3.03,Bueno,3.54,Bueno,interpolacion_delaunay,0,108,5,10,3
2026-09-29T00:42:52.930244+00:00,1902600012474,5.11,Bueno,6.16,Bueno,interpolacion_delaunay,0,3828,248,138,120
2026-09-29T00:42:52.930244+00:00,190260001253A,5.42,Bueno,6.81,Bueno,interpolacion_delaunay,0,1418,134,74,37
2026-09-29T00:42:52.930244+00:00,1902600012648,5.46,Bueno,6.54,Bueno,interpolacion_delaunay,0,1998,125,415,138
2026-09-29T00:42:52.930244+00:00,1902600012794,5.64,Bueno,6.63,Bueno,interpolacion_delaunay,0,776,83,32,8
2026-09-29T00:42:52.930244+00:00,1902600012775,5.57,Bueno,6.62,Bueno,interpolacion_delaunay,0,1381,194,42,36
2026-09-29T00:42:52.930244+00:00,1902600012898,0.3,Bueno,0.31,Bueno,interpolacion_delaunay,0,21,3,0,0
2026-09-29T00:42:52.930244+00:00,1902600010849,4.9,Bueno,6.2,Bueno,interpolacion_delaunay,0,1926,132,278,87
2026-09-29T00:42:52.930244+00:00,1902600012262,5.07,Bueno,5.88,Bueno,interpolacion_delaunay,0,2668,227,217,83
2026-09-29T00:42:52.930244+00:00,1902600010266,5.21,Bueno,6.07,Bueno,interpolacion_delaunay,0,427,58,19,0
2026-09-29T00:42:52.930244+00:00,1902600010779,3.5,Bueno,4.1,Bueno,interpolacion_delaunay,0,677,45,131,66
2026-09-29T00:42:52.930244+00:00,1902600010872,0.74,Bueno,0.78,Bueno,interpolacion_delaunay,0,3088,114,989,72
2026-09-29T00:42:52.930244+00:00,1902600011902,5.03,Bueno,5.85,Bueno,interpolacion_delaunay,0,2434,191,435,71
2026-09-29T00:42:52.930244+00:00,1902600011993,5.27,Bueno,6.18,Bueno,interpolacion_delaunay,0,3528,203,521,147
2026-09-29T00:42:52.930244+00:00,1902600012012,1.61,Bueno,2.04,Bueno,interpolacion_delaunay,0,2227,119,600,34
2026-09-29T00:42:52.930244+00:00,1902600012084,0.58,Bueno,0.74,Bueno,interpolacion_delaunay,0,1461,49,516,49
2026-09-29T00:42:52.930244+00:00,1902600012188,0.3,Bueno,0.38,Bueno,interpolacion_delaunay,0,460,18,82,4
2026-09-29T00:42:52.930244+00:00,1902600012277,5.13,Bueno,5.97,Bueno,interpolacion_delaunay,0,3597,281,616,228
2026-09-29T00:42:52.930244+00:00,190260001246A,4.86,Bueno,5.89,Bueno,interpolacion_delaunay,0,4546,358,308,145
2026-09-29T00:42:52.930244+00:00,1902600012559,5.45,Bueno,6.74,Bueno,interpolacion_delaunay,0,4248,285,324,114
2026-09-29T00:42:52.930244+00:00,1902600012652,5.68,Bueno,6.68,Bueno,interpolacion_delaunay,0,3158,323,113,122
2026-09-29T00:42:52.930244+00:00,1902600012671,5.66,Bueno,6.67,Bueno,interpolacion_delaunay,0,1647,122,65,34
2026-09-29T00:42:52.930244+00:00,1902600012718,4.75,Bueno,6.12,Bueno,interpolacion_delaunay,0,2829,290,123,131
2026-09-29T00:42:52.930244+00:00,1902600012741,5.27,Bueno,6.18,Bueno,interpolacion_delaunay,0,1897,119,345,52
2026-09-29T00:42:52.930244+00:00,1902600012879,5.7,Bueno,6.7,Bueno,promedio_sensores,1,2144,300,65,16
2026-09-29T00:42:52.930244+00:00,1902600010285,3.4,Bueno,4.05,Bueno,interpolacion_delaunay,0,2844,174,613,185
2026-09-29T00:42:52.930244+00:00,1902600012690,4.71,Bueno,5.81,Bueno,interpolacion_delaunay,0,79,0,3,0
2026-09-29T00:42:52.930244+00:00,1902600012099,4.95,Bueno,6.02,Bueno,interpolacion_delaunay,0,5241,599,554,189
2026-09-29T00:42:52.930244+00:00,1902600011936,5.45,Bueno,6.47,Bueno,interpolacion_delaunay,0,2951,267,407,119
2026-09-29T00:42:52.930244+00:00,1902600012169,1.05,Bueno,1.23,Bueno,interpolacion_delaunay,0,1023,50,158,14
2026-09-29T00:42:52.930244+00:00,190260001118A,2.85,Bueno,3.35,Bueno,interpolacion_delaunay,0,3453,227,320,71
2026-09-29T00:42:52.930244+00:00,1902600012050,5.41,Bueno,6.64,Bueno,interpolacion_delaunay,0,4134,320,745,263
2026-09-29T00:42:52.930244+00:00,1902600012101,4.97,Bueno,6.15,Bueno,interpolacion_delaunay,0,3626,381,484,119
2026-09-29T00:42:52.930244+00:00,1902600012563,4.96,Bueno,6.19,Bueno,interpolacion_delaunay,0,2676,291,133,25
2026-09-29T00:42:52.930244+00:00,190260001278A,4.59,Bueno,5.51,Bueno,interpolacion_delaunay,0,3558,402,98,36
2026-09-29T00:42:52.930244+00:00,1902600011921,5.27,Bueno,6.28,Bueno,interpolacion_delaunay,0,2594,223,377,76
2026-09-29T00:42:52.930244+00:00,1902600010092,4.67,Bueno,5.39,Bueno,interpolacion_delaunay,0,4183,262,1039,106
2026-09-29T00:42:52.930244+00:00,1902600011300,4.94,Bueno,5.74,Bueno,interpolacion_delaunay,0,2915,163,792,188
2026-09-29T00:42:52.930244+00:00,1902600010143,5.22,Bueno,6.26,Bueno,interpolacion_delaunay,0,2245,273,113,55
2026-09-29T00:42:52.930244+00:00,1902600011870,4.77,Bueno,5.52,Bueno,interpolacion_delaunay,0,3271,173,768,82
2026-09-29T00:42:52.930244+00:00,1902600011315,4.84,Bueno,5.65,Bueno,interpolacion_delaunay,0,3497,230,464,42
2026-09-29T00:42:52.930244+00:00,1902600011014,5.07,Bueno,6.11,Bueno,interpolacion_delaunay,0,2155,150,459,98
2026-09-29T00:42:52.930244+00:00,1902600011616,5.49,Bueno,6.61,Bueno,interpolacion_delaunay,0,3883,311,769,201
2026-09-29T00:42:52.930244+00:00,1902600011620,5.52,Bueno,6.69,Bueno,interpolacion_delaunay,0,4814,356,1024,301
2026-09-29T00:42:52.930244+00:00,1902600011480,5.56,Bueno,6.67,Bueno,interpolacion_delaunay,0,4784,390,737,223
2026-09-29T00:42:52.930244+00:00,1902600010641,5.5,Bueno,6.47,Bueno,interpolacion_delaunay,0,2917,240,627,202
2026-09-29T00:42:52.930244+00:00,1902600012633,5.43,Bueno,6.43,Bueno,interpolacion_delaunay,0,2429,188,313,91
2026-09-29T00:42:52.930244+00:00,190260001164A,5.59,Bueno,6.85,Bueno,interpolacion_delaunay,0,2101,168,367,57
2026-09-29T00:42:52.930244+00:00,1902600011635,5.55,Bueno,6.8,Bueno,interpolacion_delaunay,0,4695,347,639,204
2026-09-29T00:42:52.930244+00:00,1902600010961,4.89,Bueno,5.94,Bueno,interpolacion_delaunay,0,1353,81,150,34
2026-09-29T00:42:52.930244+00:00,1902600011226,5.22,Bueno,6.25,Bueno,interpolacion_delaunay,0,4831,444,615,226
2026-09-29T00:42:52.930244+00:00,1902600012807,5.19,Bueno,6.07,Bueno,interpolacion_delaunay,0,51,0,0,0
2026-09-29T00:42:52.930244+00:00,1902600012737,5.21,Bueno,6.1,Bueno,interpolacion_delaunay,0,153,17,4,4
2026-09-29T00:42:52.930244+00:00,1902600012046,5.37,Bueno,6.48,Bueno,interpolacion_delaunay,0,5116,376,649,199
2026-09-29T00:42:52.930244+00:00,1902600012756,5.3,Bueno,6.2,Bueno,promedio_sensores,1,2572,282,124,24
2026-09-29T00:42:52.930244+00:00,1902600010783,4.62,Bueno,5.41,Bueno,interpolacion_delaunay,0,1477,145,264,42
2026-09-29T00:42:52.930244+00:00,1902600011230,5.26,Bueno,6.32,Bueno,interpolacion_delaunay,0,3324,362,242,132
2026-09-29T00:42:52.930244+00:00,1902600011758,0.0,Bueno,0.0,Bueno,promedio_sensores,1,2105,92,408,43
2026-09-29T00:42:52.930244+00:00,1902600011141,5.04,Bueno,6.3,Bueno,interpolacion_delaunay,0,9036,1161,432,363
2026-09-29T00:42:52.930244+00:00,1902600011743,5.19,Bueno,6.64,Bueno,interpolacion_delaunay,0,7461,709,958,323
2026-09-29T00:42:52.930244+00:00,1902600012629,4.76,Bueno,6.1,Bueno,interpolacion_delaunay,0,1943,149,74,66
2026-09-29T00:42:52.930244+00:00,1902600011762,5.32,Bueno,6.22,Bueno,interpolacion_delaunay,0,2427,183,512,77
2026-09-29T00:42:52.930244+00:00,1902600011194,4.22,Bueno,4.95,Bueno,interpolacion_delaunay,0,4669,300,960,201
2026-09-29T00:42:52.930244+00:00,1902600011052,4.76,Bueno,5.71,Bueno,interpolacion_delaunay,0,7318,799,917,451
2026-09-29T00:42:52.930244+00:00,1902600012722,4.61,Bueno,5.55,Bueno,interpolacion_delaunay,0,1673,182,35,23
2026-09-29T00:42:52.930244+00:00,1902600010209,4.19,Bueno,5.11,Bueno,interpolacion_delaunay,0,0,0,0,0
2026-09-29T00:42:52.930244+00:00,1902600012883,4.13,Bueno,5.05,Bueno,interpolacion_delaunay,0,2693,391,65,39
2026-09-29T00:42:52.930244+00:00,1902600011512,3.61,Bueno,4.58,Bueno,interpolacion_delaunay,0,1411,83,448,118
2026-09-29T00:42:52.930244+00:00,1902600011527,3.55,Bueno,4.45,Bueno,interpolacion_delaunay,0,2114,99,718,127
2026-09-29T00:42:52.930244+00:00,1902600010853,3.33,Bueno,4.14,Bueno,interpolacion_delaunay,0,4562,382,755,151
2026-09-29T00:42:52.930244+00:00,1902600011160,3.4,Bueno,4.3,Bueno,promedio_sensores,1,3568,186,796,79
2026-09-29T00:42:52.930244+00:00,1902600011423,5.11,Bueno,6.03,Bueno,interpolacion_delaunay,0,2358,121,643,149
2026-09-29T00:42:52.930244+00:00,1902600011118,4.66,Bueno,5.49,Bueno,interpolacion_delaunay,0,0,0,0,0
2026-09-29T00:42:52.930244+00:00,1902600010552,5.01,Bueno,5.91,Bueno,interpolacion_delaunay,0,1358,197,299,91
2026-09-29T00:42:52.930244+00:00,1902600010567,5.14,Bueno,6.05,Bueno,interpolacion_delaunay,0,3469,239,807,212
2026-09-29T00:42:52.930244+00:00,1902600010478,5.15,Bueno,6.08,Bueno,interpolacion_delaunay,0,3451,258,686,179
2026-09-29T00:42:52.930244+00:00,1902600012493,5.2,Bueno,6.12,Bueno,interpolacion_delaunay,0,3047,231,451,139
2026-09-29T00:42:52.930244+00:00,1902600012506,5.16,Bueno,6.08,Bueno,interpolacion_delaunay,0,1875,122,448,96
2026-09-29T00:42:52.930244+00:00,1902600011387,5.33,Bueno,6.28,Bueno,interpolacion_delaunay,0,4018,279,697,181
2026-09-29T00:42:52.930244+00:00,1902600010482,5.23,Bueno,6.17,Bueno,interpolacion_delaunay,0,4004,197,1191,226
2026-09-29T00:42:52.930244+00:00,1902600010586,5.25,Bueno,6.18,Bueno,interpolacion_delaunay,0,4983,369,1196,317
2026-09-29T00:42:52.930244+00:00,1902600010590,5.28,Bueno,6.21,Bueno,interpolacion_delaunay,0,3794,290,817,254
2026-09-29T00:42:52.930244+00:00,1902600011940,5.45,Bueno,6.42,Bueno,interpolacion_delaunay,0,3450,256,773,184
2026-09-29T00:42:52.930244+00:00,1902600012224,5.34,Bueno,6.29,Bueno,interpolacion_delaunay,0,1986,122,533,118
2026-09-29T00:42:52.930244+00:00,1902600012239,5.41,Bueno,6.36,Bueno,interpolacion_delaunay,0,2664,206,487,219
2026-09-29T00:42:52.930244+00:00,1902600010548,1.7,Bueno,2.02,Bueno,interpolacion_delaunay,0,4149,203,1177,258
2026-09-29T00:42:52.930244+00:00,1902600012489,5.02,Bueno,5.9,Bueno,interpolacion_delaunay,0,2798,203,290,77
2026-09-29T00:42:52.930244+00:00,1902600011353,5.19,Bueno,6.13,Bueno,interpolacion_delaunay,0,1952,125,417,157
2026-09-29T00:42:52.930244+00:00,1902600012760,5.56,Bueno,6.56,Bueno,interpolacion_delaunay,0,3619,397,120,87
2026-09-29T00:42:52.930244+00:00,1902600011264,4.99,Bueno,5.97,Bueno,interpolacion_delaunay,0,1708,151,158,100
2026-09-29T00:42:52.930244+00:00,190260001285A,5.42,Bueno,6.41,Bueno,interpolacion_delaunay,0,1850,298,50,26
2026-09-29T00:42:52.930244+00:00,1902600010270,4.44,Bueno,5.42,Bueno,interpolacion_delaunay,0,0,0,0,0
2026-09-29T00:42:52.930244+00:00,1902600010406,5.39,Bueno,6.34,Bueno,interpolacion_delaunay,0,2889,225,550,115
2026-09-29T00:42:52.930244+00:00,1902600011067,5.43,Bueno,6.36,Bueno,interpolacion_delaunay,0,4252,360,451,270
2026-09-29T00:42:52.930244+00:00,1902600011086,5.24,Bueno,6.3,Bueno,interpolacion_delaunay,0,3224,245,126,84
2026-09-29T00:42:52.930244+00:00,1902600012313,4.43,Bueno,5.49,Bueno,interpolacion_delaunay,0,2567,202,407,174
2026-09-29T00:42:52.930244+00:00,1902600012309,4.86,Bueno,5.95,Bueno,interpolacion_delaunay,0,2125,241,150,88
2026-09-29T00:42:52.930244+00:00,1902600011809,5.52,Bueno,6.47,Bueno,interpolacion_delaunay,0,2127,251,117,120
2026-09-29T00:42:52.930244+00:00,1902600012864,5.65,Bueno,6.63,Bueno,interpolacion_delaunay,0,1168,168,40,16
2026-09-29T00:42:52.930244+00:00,190260001125A,2.0,Bueno,2.16,Bueno,interpolacion_delaunay,0,541,13,170,22
2026-09-29T00:42:52.930244+00:00,1902600011071,4.49,Bueno,5.51,Bueno,interpolacion_delaunay,0,3143,264,264,89
2026-09-29T00:42:52.930244+00:00,190260001196A,4.12,Bueno,5.12,Bueno,interpolacion_delaunay,0,3349,324,262,100
2026-09-29T00:42:52.930244+00:00,1902600011955,5.54,Bueno,6.52,Bueno,interpolacion_delaunay,0,3582,349,216,97
2026-09-29T00:42:52.930244+00:00,190260001050A,5.5,Bueno,6.47,Bueno,interpolacion_delaunay,0,2022,217,309,73
2026-09-29T00:42:52.930244+00:00,1903900012400,4.7,Bueno,5.2,Bueno,promedio_sensores,1,4517,429,723,304
2026-09-29T00:42:52.930244+00:00,1903900014657,5.95,Bueno,6.49,Bueno,interpolacion_delaunay,0,2491,234,438,138
2026-09-29T00:42:52.930244+00:00,1903900013682,2.3,Bueno,2.88,Bueno,interpolacion_delaunay,0,4499,398,653,181
2026-09-29T00:42:52.930244+00:00,1903900010832,4.88,Bueno,6.02,Bueno,interpolacion_delaunay,0,543,31,158,26
2026-09-29T00:42:52.930244+00:00,1903900011120,4.59,Bueno,5.39,Bueno,interpolacion_delaunay,0,2607,94,831,149
2026-09-29T00:42:52.930244+00:00,1903900012129,2.22,Bueno,2.72,Bueno,interpolacion_delaunay,0,4074,318,790,255
2026-09-29T00:42:52.930244+00:00,190390001363A,5.79,Bueno,6.33,Bueno,interpolacion_delaunay,0,3850,324,618,201
2026-09-29T00:42:52.930244+00:00,1903900014163,2.63,Bueno,3.27,Bueno,interpolacion_delaunay,0,3563,376,476,178
2026-09-29T00:42:52.930244+00:00,1903900014642,6.21,Bueno,6.74,Bueno,interpolacion_delaunay,0,2137,227,313,125
2026-09-29T00:42:52.930244+00:00,1903900013589,5.03,Bueno,6.38,Bueno,interpolacion_delaunay,0,1971,102,595,95
2026-09-29T00:42:52.930244+00:00,1903900011370,4.77,Bueno,5.65,Bueno,interpolacion_delaunay,0,1287,71,218,39
2026-09-29T00:42:52.930244+00:00,1903900012114,1.89,Bueno,2.31,Bueno,interpolacion_delaunay,0,2387,84,816,136
2026-09-29T00:42:52.930244+00:00,1903900012203,0.0,Bueno,0.0,Bueno,promedio_sensores,1,2974,126,1034,191
2026-09-29T00:42:52.930244+00:00,1903900013574,4.44,Bueno,5.62,Bueno,interpolacion_delaunay,0,832,37,276,93
2026-09-29T00:42:52.930244+00:00,1903900012792,1.63,Bueno,2.27,Bueno,interpolacion_delaunay,0,1,0,0,0
2026-09-29T00:42:52.930244+00:00,190390001445A,3.32,Bueno,4.09,Bueno,interpolacion_delaunay,0,5563,304,1118,197
2026-09-29T00:42:52.930244+00:00,1903900014638,5.83,Bueno,6.4,Bueno,interpolacion_delaunay,0,3811,381,571,142
2026-09-29T00:42:52.930244+00:00,1903900012063,3.02,Bueno,3.77,Bueno,interpolacion_delaunay,0,2407,98,743,119
2026-09-29T00:42:52.930244+00:00,1903900011690,0.9,Bueno,1.29,Bueno,interpolacion_delaunay,0,228,12,56,11
2026-09-29T00:42:52.930244+00:00,1903900011760,1.25,Bueno,1.58,Bueno,interpolacion_delaunay,0,1986,129,443,117
2026-09-29T00:42:52.930244+00:00,1903900011934,1.93,Bueno,2.33,Bueno,promedio_sensores,3,2171,83,550,105
2026-09-29T00:42:52.930244+00:00,190390001192A,2.11,Bueno,2.34,Bueno,interpolacion_delaunay,0,2553,117,796,121
2026-09-29T00:42:52.930244+00:00,1903900012044,3.49,Bueno,4.29,Bueno,interpolacion_delaunay,0,1920,122,427,109
2026-09-29T00:42:52.930244+00:00,1903900012078,3.17,Bueno,3.91,Bueno,interpolacion_delaunay,0,2179,136,538,60
2026-09-29T00:42:52.930244+00:00,1903900011525,4.25,Bueno,5.2,Bueno,interpolacion_delaunay,0,590,39,143,33
2026-09-29T00:42:52.930244+00:00,1903900011991,3.4,Bueno,4.2,Bueno,promedio_sensores,1,3236,192,703,201
2026-09-29T00:42:52.930244+00:00,1903900012006,2.15,Bueno,2.58,Bueno,interpolacion_delaunay,0,1972,70,504,136
2026-09-29T00:42:52.930244+00:00,1903900010673,5.38,Bueno,7.06,Bueno,interpolacion_delaunay,0,2155,174,396,142
2026-09-29T00:42:52.930244+00:00,1903900010298,4.85,Bueno,5.8,Bueno,interpolacion_delaunay,0,3499,233,739,152
2026-09-29T00:42:52.930244+00:00,1903900010404,4.82,Bueno,5.79,Bueno,interpolacion_delaunay,0,2835,189,560,150
2026-09-29T00:42:52.930244+00:00,1903900011012,4.8,Bueno,5.95,Bueno,interpolacion_delaunay,0,1216,101,235,35
2026-09-29T00:42:52.930244+00:00,1903900011065,4.59,Bueno,5.53,Bueno,interpolacion_delaunay,0,1981,192,428,144
2026-09-29T00:42:52.930244+00:00,1903900010175,4.75,Bueno,5.57,Bueno,interpolacion_delaunay,0,1294,70,318,45
2026-09-29T00:42:52.930244+00:00,190390001018A,4.79,Bueno,5.6,Bueno,interpolacion_delaunay,0,3618,299,750,219
2026-09-29T00:42:52.930244+00:00,1903900010194,4.8,Bueno,5.65,Bueno,interpolacion_delaunay,0,2850,223,604,173
2026-09-29T00:42:52.930244+00:00,1903900010226,4.89,Bueno,5.84,Bueno,interpolacion_delaunay,0,4934,461,799,274
2026-09-29T00:42:52.930244+00:00,1903900014229,0.9,Bueno,1.09,Bueno,interpolacion_delaunay,0,2852,249,505,184
2026-09-29T00:42:52.930244+00:00,1903900010353,1.35,Bueno,1.78,Bueno,interpolacion_delaunay,0,3313,167,981,325
2026-09-29T00:42:52.930244+00:00,1903900010936,5.29,Bueno,7.09,Bueno,interpolacion_delaunay,0,2121,128,459,101
2026-09-29T00:42:52.930244+00:00,1903900011173,3.8,Bueno,4.4,Bueno,promedio_sensores,1,2108,71,659,126
2026-09-29T00:42:52.930244+00:00,1903900011188,4.95,Bueno,6.44,Bueno,interpolacion_delaunay,0,3322,231,794,185
2026-09-29T00:42:52.930244+00:00,1903900011224,5.45,Bueno,7.16,Bueno,interpolacion_delaunay,0,3487,327,636,198
2026-09-29T00:42:52.930244+00:00,1903900011328,4.77,Bueno,6.04,Bueno,interpolacion_delaunay,0,1300,73,364,78
2026-09-29T00:42:52.930244+00:00,1903900011332,4.84,Bueno,5.91,Bueno,interpolacion_delaunay,0,2976,208,686,165
2026-09-29T00:42:52.930244+00:00,1903900011493,5.4,Bueno,6.2,Bueno,promedio_sensores,1,498,32,117,21
2026-09-29T00:42:52.930244+00:00,1903900011506,5.38,Bueno,6.4,Bueno,interpolacion_delaunay,0,218,10,60,5
2026-09-29T00:42:52.930244+00:00,1903900011510,5.34,Bueno,6.34,Bueno,interpolacion_delaunay,0,370,18,99,43
2026-09-29T00:42:52.930244+00:00,1903900011563,3.35,Bueno,4.3,Bueno,interpolacion_delaunay,0,1016,57,324,41
2026-09-29T00:42:52.930244+00:00,1903900011652,2.25,Bueno,2.91,Bueno,interpolacion_delaunay,0,1408,46,412,99
2026-09-29T00:42:52.930244+00:00,1903900011667,4.36,Bueno,5.02,Bueno,interpolacion_delaunay,0,811,38,222,38
2026-09-29T00:42:52.930244+00:00,1903900011671,4.2,Bueno,4.91,Bueno,interpolacion_delaunay,0,2135,120,546,122
2026-09-29T00:42:52.930244+00:00,1903900011775,2.66,Bueno,3.15,Bueno,interpolacion_delaunay,0,3247,195,753,173
2026-09-29T00:42:52.930244+00:00,190390001178A,2.86,Bueno,3.52,Bueno,interpolacion_delaunay,0,2085,91,638,124
2026-09-29T00:42:52.930244+00:00,1903900011811,3.54,Bueno,4.54,Bueno,interpolacion_delaunay,0,3726,195,960,140
2026-09-29T00:42:52.930244+00:00,190390001210A,3.3,Bueno,4.0,Bueno,promedio_sensores,1,2790,113,700,150
2026-09-29T00:42:52.930244+00:00,1903900012186,1.27,Bueno,1.61,Bueno,interpolacion_delaunay,0,4169,44,257,49
2026-09-29T00:42:52.930244+00:00,1903900011559,0.4,Bueno,0.7,Bueno,promedio_sensores,1,854,32,232,42
2026-09-29T00:42:52.930244+00:00,1903900013428,4.82,Bueno,5.72,Bueno,interpolacion_delaunay,0,3351,320,515,172
2026-09-29T00:42:52.930244+00:00,1903900014214,1.04,Bueno,1.28,Bueno,interpolacion_delaunay,0,4120,374,689,171
2026-09-29T00:42:52.930244+00:00,1903900014712,1.71,Bueno,2.16,Bueno,interpolacion_delaunay,0,3085,299,499,125
2026-09-29T00:42:52.930244+00:00,1903900014727,1.36,Bueno,1.7,Bueno,interpolacion_delaunay,0,2574,237,418,75
2026-09-29T00:42:52.930244+00:00,1903900011544,2.69,Bueno,3.26,Bueno,interpolacion_delaunay,0,484,17,104,17
2026-09-29T00:42:52.930244+00:00,1903900011347,4.7,Bueno,5.6,Bueno,promedio_sensores,1,3767,228,949,230
2026-09-29T00:42:52.930244+00:00,1903900011101,4.55,Bueno,5.38,Bueno,interpolacion_delaunay,0,2340,171,499,101
2026-09-29T00:42:52.930244+00:00,1903900010692,4.67,Bueno,5.82,Bueno,interpolacion_delaunay,0,1264,56,294,43
2026-09-29T00:42:52.930244+00:00,190390001071A,0.0,Bueno,0.4,Bueno,promedio_sensores,1,2092,89,717,121
2026-09-29T00:42:52.930244+00:00,190390001153A,3.98,Bueno,4.64,Bueno,interpolacion_delaunay,0,283,20,33,8
2026-09-29T00:42:52.930244+00:00,1903900012222,1.67,Bueno,2.08,Bueno,interpolacion_delaunay,0,2481,214,440,130
2026-09-29T00:42:52.930244+00:00,1903900010048,4.75,Bueno,5.42,Bueno,interpolacion_delaunay,0,2757,231,541,184
2026-09-29T00:42:52.930244+00:00,1903900010160,4.73,Bueno,5.56,Bueno,interpolacion_delaunay,0,1233,55,334,97
2026-09-29T00:42:52.930244+00:00,1903900011915,1.89,Bueno,2.35,Bueno,interpolacion_delaunay,0,1171,52,296,69
2026-09-29T00:42:52.930244+00:00,1903900012824,1.76,Bueno,2.25,Bueno,interpolacion_delaunay,0,0,0,0,0
2026-09-29T00:42:52.930244+00:00,1903900010103,4.7,Bueno,5.47,Bueno,interpolacion_delaunay,0,2537,115,733,107
2026-09-29T00:42:52.930244+00:00,1903900010122,4.79,Bueno,5.59,Bueno,interpolacion_delaunay,0,3875,316,762,228
2026-09-29T00:42:52.930244+00:00,1903900010207,4.84,Bueno,5.68,Bueno,interpolacion_delaunay,0,2935,264,476,100
2026-09-29T00:42:52.930244+00:00,190390001089A,5.4,Bueno,7.2,Bueno,interpolacion_delaunay,0,2450,84,735,103
2026-09-29T00:42:52.930244+00:00,1903900010813,5.16,Bueno,6.45,Bueno,interpolacion_delaunay,0,1266,76,281,65
2026-09-29T00:42:52.930244+00:00,190390001096A,5.43,Bueno,7.23,Bueno,interpolacion_delaunay,0,735,52,175,36
2026-09-29T00:42:52.930244+00:00,190390001107A,4.7,Bueno,5.7,Bueno,interpolacion_delaunay,0,2056,191,358,98
2026-09-29T00:42:52.930244+00:00,1903900011099,4.46,Bueno,5.24,Bueno,interpolacion_delaunay,0,1728,108,401,82
2026-09-29T00:42:52.930244+00:00,1903900011281,5.34,Bueno,6.54,Bueno,interpolacion_delaunay,0,162,9,42,10
2026-09-29T00:42:52.930244+00:00,190390001146A,3.92,Bueno,4.53,Bueno,interpolacion_delaunay,0,1878,94,425,114
2026-09-29T00:42:52.930244+00:00,1903900011474,4.71,Bueno,5.64,Bueno,interpolacion_delaunay,0,1482,65,348,91
2026-09-29T00:42:52.930244+00:00,1903900011648,2.78,Bueno,3.42,Bueno,interpolacion_delaunay,0,1275,46,383,92
2026-09-29T00:42:52.930244+00:00,1903900011953,3.93,Bueno,4.74,Bueno,interpolacion_delaunay,0,4331,383,782,275
2026-09-29T00:42:52.930244+00:00,1903900011968,3.5,Bueno,4.34,Bueno,interpolacion_delaunay,0,2452,198,521,139
2026-09-29T00:42:52.930244+00:00,1903900011972,3.03,Bueno,3.79,Bueno,interpolacion_delaunay,0,2152,173,501,93
2026-09-29T00:42:52.930244+00:00,1903900011987,2.88,Bueno,3.6,Bueno,interpolacion_delaunay,0,2330,153,564,186
2026-09-29T00:42:52.930244+00:00,1903900012010,2.3,Bueno,3.0,Bueno,promedio_sensores,3,377,6,32,6
2026-09-29T00:42:52.930244+00:00,1903900012025,2.92,Bueno,3.57,Bueno,interpolacion_delaunay,0,4868,169,1336,220
2026-09-29T00:42:52.930244+00:00,1903900012608,3.86,Bueno,4.4,Bueno,interpolacion_delaunay,0,3563,325,452,140
2026-09-29T00:42:52.930244+00:00,1903900012260,1.49,Bueno,1.82,Bueno,interpolacion_delaunay,0,2549,128,738,140
2026-09-29T00:42:52.930244+00:00,1903900012523,4.71,Bueno,5.32,Bueno,interpolacion_delaunay,0,5883,502,863,210
2026-09-29T00:42:52.930244+00:00,1903900012576,4.31,Bueno,4.84,Bueno,interpolacion_delaunay,0,3643,363,363,152
2026-09-29T00:42:52.930244+00:00,1903900012612,4.7,Bueno,5.35,Bueno,interpolacion_delaunay,0,3707,369,423,217
2026-09-29T00:42:52.930244+00:00,1903900013339,4.75,Bueno,5.38,Bueno,interpolacion_delaunay,0,3291,330,562,149
2026-09-29T00:42:52.930244+00:00,1903900013432,4.86,Bueno,5.75,Bueno,interpolacion_delaunay,0,3283,331,497,186
2026-09-29T00:42:52.930244+00:00,1903900013381,4.75,Bueno,5.48,Bueno,interpolacion_delaunay,0,3469,305,681,259
2026-09-29T00:42:52.930244+00:00,1903900013324,4.73,Bueno,5.3,Bueno,interpolacion_delaunay,0,2714,268,458,83
2026-09-29T00:42:52.930244+00:00,1903900014587,5.26,Bueno,6.66,Bueno,interpolacion_delaunay,0,1315,68,368,60
2026-09-29T00:42:52.930244+00:00,1903900014604,1.64,Bueno,1.95,Bueno,interpolacion_delaunay,0,2075,111,610,109
2026-09-29T00:42:52.930244+00:00,1903900014661,3.18,Bueno,3.79,Bueno,interpolacion_delaunay,0,2902,69,608,127
2026-09-29T00:42:52.930244+00:00,1903900014680,4.97,Bueno,6.38,Bueno,interpolacion_delaunay,0,2293,96,745,94
2026-09-29T00:42:52.930244+00:00,1903900011239,5.39,Bueno,7.12,Bueno,interpolacion_delaunay,0,3332,293,662,233
2026-09-29T00:42:52.930244+00:00,1903900011489,4.3,Bueno,4.9,Bueno,promedio_sensores,1,1608,86,419,74
2026-09-29T00:42:52.930244+00:00,1903900010279,4.75,Bueno,5.61,Bueno,interpolacion_delaunay,0,2220,107,580,282
2026-09-29T00:42:52.930244+00:00,1903900010531,4.96,Bueno,6.08,Bueno,interpolacion_delaunay,0,5417,419,1156,491
2026-09-29T00:42:52.930244+00:00,1903900010635,5.11,Bueno,6.61,Bueno,interpolacion_delaunay,0,2264,78,723,158
2026-09-29T00:42:52.930244+00:00,1903900011686,1.9,Bueno,2.46,Bueno,interpolacion_delaunay,0,153,7,36,5
2026-09-29T00:42:52.930244+00:00,1903900011807,3.52,Bueno,4.48,Bueno,interpolacion_delaunay,0,2430,99,765,107
2026-09-29T00:42:52.930244+00:00,1903900011830,2.4,Bueno,2.8,Bueno,promedio_sensores,1,898,35,265,16
2026-09-29T00:42:52.930244+00:00,1903900012097,2.4,Bueno,3.1,Bueno,promedio_sensores,1,4087,88,440,163
2026-09-29T00:42:52.930244+00:00,1903900012256,2.2,Bueno,2.74,Bueno,interpolacion_delaunay,0,4590,303,1006,320
2026-09-29T00:42:52.930244+00:00,1903900012307,1.77,Bueno,2.07,Bueno,promedio_sensores,3,2986,141,683,94
2026-09-29T00:42:52.930244+00:00,1903900012453,1.41,Bueno,1.65,Bueno,interpolacion_delaunay,0,2219,109,403,76
2026-09-29T00:42:52.930244+00:00,1903900012716,4.18,Bueno,5.32,Bueno,interpolacion_delaunay,0,78,3,14,8
2026-09-29T00:42:52.930244+00:00,1903900012735,4.03,Bueno,5.13,Bueno,interpolacion_delaunay,0,0,0,0,0
2026-09-29T00:42:52.930244+00:00,1903900012769,3.84,Bueno,4.21,Bueno,interpolacion_delaunay,0,279,15,54,0
2026-09-29T00:42:52.930244+00:00,1903900012773,3.62,Bueno,4.47,Bueno,interpolacion_delaunay,0,0,0,0,0
2026-09-29T00:42:52.930244+00:00,1903900014040,4.85,Bueno,5.64,Bueno,interpolacion_delaunay,0,3042,337,450,116
2026-09-29T00:42:52.930244+00:00,1903900014178,2.92,Bueno,3.58,Bueno,interpolacion_delaunay,0,4610,493,538,196
2026-09-29T00:42:52.930244+00:00,1903900010156,4.71,Bueno,5.52,Bueno,interpolacion_delaunay,0,2930,146,830,151
2026-09-29T00:42:52.930244+00:00,1903900010264,4.67,Bueno,5.55,Bueno,interpolacion_delaunay,0,4282,326,814,272
2026-09-29T00:42:52.930244+00:00,1903900010283,4.77,Bueno,5.67,Bueno,interpolacion_delaunay,0,2911,218,619,83
2026-09-29T00:42:52.930244+00:00,1903900010315,4.95,Bueno,5.95,Bueno,interpolacion_delaunay,0,3515,316,654,216
2026-09-29T00:42:52.930244+00:00,190390001032A,4.99,Bueno,5.96,Bueno,interpolacion_delaunay,0,4173,426,573,279
2026-09-29T00:42:52.930244+00:00,1903900010349,5.07,Bueno,6.15,Bueno,interpolacion_delaunay,0,2637,166,677,132
2026-09-29T00:42:52.930244+00:00,1903900010391,4.78,Bueno,5.74,Bueno,interpolacion_delaunay,0,3850,295,727,205
2026-09-29T00:42:52.930244+00:00,1903900010438,4.99,Bueno,6.08,Bueno,interpolacion_delaunay,0,3338,313,521,73
2026-09-29T00:42:52.930244+00:00,1903900010442,5.11,Bueno,6.31,Bueno,interpolacion_delaunay,0,2676,239,533,136
2026-09-29T00:42:52.930244+00:00,1903900010457,4.08,Bueno,4.97,Bueno,interpolacion_delaunay,0,3408,175,1149,225
2026-09-29T00:42:52.930244+00:00,1903900010480,4.73,Bueno,5.74,Bueno,interpolacion_delaunay,0,1388,64,440,114
2026-09-29T00:42:52.930244+00:00,1903900010512,4.93,Bueno,6.15,Bueno,interpolacion_delaunay,0,2980,202,741,168
2026-09-29T00:42:52.930244+00:00,1903900010546,5.04,Bueno,6.33,Bueno,interpolacion_delaunay,0,2660,141,683,117
2026-09-29T00:42:52.930244+00:00,1903900010550,5.08,Bueno,6.36,Bueno,interpolacion_delaunay,0,2279,182,478,160
2026-09-29T00:42:52.930244+00:00,1903900010565,5.11,Bueno,6.36,Bueno,interpolacion_delaunay,0,2608,254,432,94
2026-09-29T00:42:52.930244+00:00,190390001057A,5.24,Bueno,6.7,Bueno,interpolacion_delaunay,0,1514,131,335,33
2026-09-29T00:42:52.930244+00:00,1903900010599,1.2,Bueno,1.71,Bueno,interpolacion_delaunay,0,2808,125,1047,137
2026-09-29T00:42:52.930244+00:00,1903900010601,4.66,Bueno,5.73,Bueno,interpolacion_delaunay,0,5314,412,1126,426
2026-09-29T00:42:52.930244+00:00,1903900010620,5.1,Bueno,6.64,Bueno,interpolacion_delaunay,0,2515,85,744,131
2026-09-29T00:42:52.930244+00:00,190390001064A,5.16,Bueno,6.67,Bueno,interpolacion_delaunay,0,2719,125,702,154
2026-09-29T00:42:52.930244+00:00,1903900010654,5.18,Bueno,6.64,Bueno,interpolacion_delaunay,0,2609,119,783,144
2026-09-29T00:42:52.930244+00:00,1903900010705,1.01,Bueno,1.39,Bueno,interpolacion_delaunay,0,1996,93,661,76
2026-09-29T00:42:52.930244+00:00,1903900010739,5.25,Bueno,6.97,Bueno,interpolacion_delaunay,0,1701,60,561,127
2026-09-29T00:42:52.930244+00:00,1903900010743,5.31,Bueno,7.05,Bueno,interpolacion_delaunay,0,1991,112,552,108
2026-09-29T00:42:52.930244+00:00,1903900010758,5.34,Bueno,7.09,Bueno,interpolacion_delaunay,0,1207,67,324,54
2026-09-29T00:42:52.930244+00:00,1903900010796,5.22,Bueno,6.61,Bueno,interpolacion_delaunay,0,0,0,0,0
2026-09-29T00:42:52.930244+00:00,1903900010828,4.99,Bueno,6.17,Bueno,interpolacion_delaunay,0,1085,46,363,57
2026-09-29T00:42:52.930244+00:00,1903900010866,3.52,Bueno,4.36,Bueno,interpolacion_delaunay,0,1678,49,570,85
2026-09-29T00:42:52.930244+00:00,1903900010870,5.17,Bueno,6.63,Bueno,interpolacion_delaunay,0,3879,268,842,254
2026-09-29T00:42:52.930244+00:00,1903900010885,5.36,Bueno,7.06,Bueno,interpolacion_delaunay,0,1668,63,493,70
2026-09-29T00:42:52.930244+00:00,1903900010940,5.53,Bueno,7.48,Bueno,interpolacion_delaunay,0,3419,259,605,213
2026-09-29T00:42:52.930244+00:00,1903900011046,4.86,Bueno,6.03,Bueno,interpolacion_delaunay,0,1800,151,355,99
2026-09-29T00:42:52.930244+00:00,1903900011135,4.85,Bueno,5.85,Bueno,interpolacion_delaunay,0,1752,62,519,67
2026-09-29T00:42:52.930244+00:00,190390001114A,5.2,Bueno,6.6,Bueno,promedio_sensores,1,1380,53,428,34
2026-09-29T00:42:52.930244+00:00,1903900011154,4.88,Bueno,6.0,Bueno,interpolacion_delaunay,0,1623,62,444,64
2026-09-29T00:42:52.930244+00:00,1903900011169,4.6,Bueno,5.55,Bueno,promedio_sensores,2,2880,73,732,160
2026-09-29T00:42:52.930244+00:00,1903900011192,4.57,Bueno,5.7,Bueno,interpolacion_delaunay,0,2657,175,674,141
2026-09-29T00:42:52.930244+00:00,1903900011205,4.62,Bueno,5.67,Bueno,interpolacion_delaunay,0,122,13,22,0
2026-09-29T00:42:52.930244+00:00,1903900011243,5.43,Bueno,6.77,Bueno,interpolacion_delaunay,0,475,45,76,44
2026-09-29T00:42:52.930244+00:00,1903900011258,5.38,Bueno,6.77,Bueno,interpolacion_delaunay,0,1048,106,166,35
2026-09-29T00:42:52.930244+00:00,1903900011262,5.34,Bueno,6.96,Bueno,interpolacion_delaunay,0,1756,114,447,140
2026-09-29T00:42:52.930244+00:00,1903900011277,5.31,Bueno,6.73,Bueno,interpolacion_delaunay,0,2024,136,529,164
2026-09-29T00:42:52.930244+00:00,1903900011309,5.2,Bueno,6.6,Bueno,promedio_sensores,1,1761,123,433,90
2026-09-29T00:42:52.930244+00:00,1903900011351,4.69,Bueno,5.58,Bueno,interpolacion_delaunay,0,2734,167,651,175
2026-09-29T00:42:52.930244+00:00,1903900011366,4.73,Bueno,5.62,Bueno,interpolacion_delaunay,0,0,0,0,0
2026-09-29T00:42:52.930244+00:00,1903900011421,4.4,Bueno,5.9,Bueno,promedio_sensores,1,3327,204,738,54
2026-09-29T00:42:52.930244+00:00,1903900011436,4.64,Bueno,6.03,Bueno,interpolacion_delaunay,0,1869,83,431,69
2026-09-29T00:42:52.930244+00:00,1903900011440,4.43,Bueno,5.59,Bueno,interpolacion_delaunay,0,1644,76,453,82
2026-09-29T00:42:52.930244+00:00,1903900011455,4.36,Bueno,5.02,Bueno,interpolacion_delaunay,0,1330,38,379,65
2026-09-29T00:42:52.930244+00:00,1903900011578,2.14,Bueno,2.25,Bueno,interpolacion_delaunay,0,1668,78,469,55
2026-09-29T00:42:52.930244+00:00,1903900011582,3.2,Bueno,3.2,Bueno,promedio_sensores,1,1943,98,485,98
2026-09-29T00:42:52.930244+00:00,190390001160A,3.9,Bueno,4.99,Bueno,interpolacion_delaunay,0,1878,106,479,110
2026-09-29T00:42:52.930244+00:00,1903900011614,3.81,Bueno,4.88,Bueno,interpolacion_delaunay,0,2516,127,727,95
2026-09-29T00:42:52.930244+00:00,1903900011633,4.21,Bueno,4.67,Bueno,interpolacion_delaunay,0,810,34,225,59
2026-09-29T00:42:52.930244+00:00,1903900011703,1.24,Bueno,1.47,Bueno,interpolacion_delaunay,0,3184,63,372,52
2026-09-29T00:42:52.930244+00:00,1903900011722,3.55,Bueno,4.31,Bueno,interpolacion_delaunay,0,511,20,136,16
2026-09-29T00:42:52.930244+00:00,1903900011737,3.38,Bueno,4.14,Bueno,interpolacion_delaunay,0,377,25,76,21
2026-09-29T00:42:52.930244+00:00,1903900011741,1.7,Bueno,2.24,Bueno,interpolacion_delaunay,0,179,8,28,10
2026-09-29T00:42:52.930244+00:00,1903900011756,1.46,Bueno,1.94,Bueno,interpolacion_delaunay,0,191,3,61,18
2026-09-29T00:42:52.930244+00:00,1903900011794,3.51,Bueno,4.44,Bueno,interpolacion_delaunay,0,2555,160,623,167
2026-09-29T00:42:52.930244+00:00,1903900011845,3.3,Bueno,3.9,Bueno,promedio_sensores,1,2750,133,527,66
2026-09-29T00:42:52.930244+00:00,190390001185A,3.47,Bueno,4.28,Bueno,interpolacion_delaunay,0,2718,189,497,75
2026-09-29T00:42:52.930244+00:00,1903900011879,3.03,Bueno,3.83,Bueno,interpolacion_delaunay,0,2302,190,467,160
2026-09-29T00:42:52.930244+00:00,1903900011883,2.89,Bueno,3.64,Bueno,interpolacion_delaunay,0,2653,217,567,162
2026-09-29T00:42:52.930244+00:00,1903900011898,3.13,Bueno,3.91,Bueno,interpolacion_delaunay,0,2466,163,572,128
2026-09-29T00:42:52.930244+00:00,1903900011900,2.34,Bueno,2.97,Bueno,interpolacion_delaunay,0,1274,99,333,108
2026-09-29T00:42:52.930244+00:00,1903900012167,2.03,Bueno,2.61,Bueno,interpolacion_delaunay,0,2883,124,813,123
2026-09-29T00:42:52.930244+00:00,1903900012190,0.95,Bueno,1.22,Bueno,interpolacion_delaunay,0,1182,41,455,89
2026-09-29T00:42:52.930244+00:00,1903900012218,0.38,Bueno,0.45,Bueno,interpolacion_delaunay,0,1788,87,512,71
2026-09-29T00:42:52.930244+00:00,1903900012241,0.86,Bueno,1.06,Bueno,interpolacion_delaunay,0,1136,46,404,79
2026-09-29T00:42:52.930244+00:00,1903900012275,1.34,Bueno,1.59,Bueno,interpolacion_delaunay,0,3740,200,896,144
2026-09-29T00:42:52.930244+00:00,1903900012472,2.4,Bueno,2.8,Bueno,promedio_sensores,1,4662,342,773,243
2026-09-29T00:42:52.930244+00:00,190390001267A,2.06,Bueno,2.64,Bueno,interpolacion_delaunay,0,3909,249,1025,191
2026-09-29T00:42:52.930244+00:00,1903900012684,2.44,Bueno,3.12,Bueno,interpolacion_delaunay,0,2186,73,687,43
2026-09-29T00:42:52.930244+00:00,1903900012720,4.0,Bueno,5.4,Bueno,promedio_sensores,1,970,52,170,37
2026-09-29T00:42:52.930244+00:00,190390001274A,3.38,Bueno,4.46,Bueno,interpolacion_delaunay,0,10,0,0,0
2026-09-29T00:42:52.930244+00:00,1903900012754,3.7,Bueno,4.81,Bueno,interpolacion_delaunay,0,3205,214,714,184
2026-09-29T00:42:52.930244+00:00,1903900012788,1.83,Bueno,2.37,Bueno,interpolacion_delaunay,0,0,0,0,0
2026-09-29T00:42:52.930244+00:00,190390001281A,1.4,Bueno,2.1,Bueno,promedio_sensores,1,327,0,0,0
2026-09-29T00:42:52.930244+00:00,1903900012877,1.48,Bueno,1.82,Bueno,interpolacion_delaunay,0,0,0,0,0
2026-09-29T00:42:52.930244+00:00,1903900013451,4.92,Bueno,5.88,Bueno,interpolacion_delaunay,0,4308,421,672,304
2026-09-29T00:42:52.930244+00:00,1903900013555,2.8,Bueno,3.42,Bueno,interpolacion_delaunay,0,4663,290,902,166
2026-09-29T00:42:52.930244+00:00,1903900013593,5.54,Bueno,7.32,Bueno,interpolacion_delaunay,0,2322,237,355,231
2026-09-29T00:42:52.930244+00:00,1903900013606,5.16,Bueno,6.63,Bueno,interpolacion_delaunay,0,2907,266,482,206
2026-09-29T00:42:52.930244+00:00,1903900013610,5.49,Bueno,6.97,Bueno,interpolacion_delaunay,0,2513,260,368,178
2026-09-29T00:42:52.930244+00:00,1903900013659,2.69,Bueno,3.22,Bueno,interpolacion_delaunay,0,1885,176,371,95
2026-09-29T00:42:52.930244+00:00,190390001406A,4.93,Bueno,5.84,Bueno,interpolacion_delaunay,0,4196,447,516,257
2026-09-29T00:42:52.930244+00:00,1903900014093,4.72,Bueno,5.61,Bueno,interpolacion_delaunay,0,3096,303,444,145
2026-09-29T00:42:52.930244+00:00,1903900014144,3.95,Bueno,4.35,Bueno,interpolacion_delaunay,0,883,38,360,125
2026-09-29T00:42:52.930244+00:00,1903900014159,1.6,Bueno,2.3,Bueno,promedio_sensores,1,620,20,142,55
2026-09-29T00:42:52.930244+00:00,1903900014500,4.74,Bueno,5.67,Bueno,interpolacion_delaunay,0,3056,353,283,111
2026-09-29T00:42:52.930244+00:00,1903900014515,4.73,Bueno,5.71,Bueno,interpolacion_delaunay,0,3391,252,688,180
2026-09-29T00:42:52.930244+00:00,1903900014549,4.88,Bueno,5.91,Bueno,interpolacion_delaunay,0,4319,365,785,218
2026-09-29T00:42:52.930244+00:00,1903900014553,4.93,Bueno,5.96,Bueno,interpolacion_delaunay,0,3885,315,748,307
2026-09-29T00:42:52.930244+00:00,1903900014619,1.37,Bueno,1.68,Bueno,interpolacion_delaunay,0,2679,137,355,34
2026-09-29T00:42:52.930244+00:00,1903900014623,3.5,Bueno,4.4,Bueno,promedio_sensores,1,1853,99,476,133
2026-09-29T00:42:52.930244+00:00,1903900014731,3.5,Bueno,4.47,Bueno,interpolacion_delaunay,0,2772,164,687,112
2026-09-29T00:42:52.930244+00:00,1903900014905,2.19,Bueno,2.51,Bueno,interpolacion_delaunay,0,2280,182,284,44
2026-09-29T00:42:52.930244+00:00,190390001491A,1.33,Bueno,1.94,Bueno,interpolacion_delaunay,0,897,47,73,0
2026-09-29T00:42:52.930244+00:00,1903900014924,4.3,Bueno,4.4,Bueno,promedio_sensores,1,2425,136,485,38
2026-09-29T00:42:52.930244+00:00,1903900014939,4.57,Bueno,5.23,Bueno,interpolacion_delaunay,0,1974,92,485,50
2026-09-29T00:42:52.930244+00:00,1903900015142,3.09,Bueno,3.75,Bueno,interpolacion_delaunay,0,2839,330,193,45
2026-09-29T00:42:52.930244+00:00,1903900011385,4.47,Bueno,5.51,Bueno,interpolacion_delaunay,0,1585,87,442,107
2026-09-29T00:42:52.930244+00:00,1903900012805,2.02,Bueno,2.54,Bueno,interpolacion_delaunay,0,3258,186,362,30
2026-09-29T00:42:52.930244+00:00,1903900011826,3.18,Bueno,3.87,Bueno,interpolacion_delaunay,0,1966,181,300,39
2026-09-29T00:42:52.930244+00:00,1903900012468,1.79,Bueno,2.35,Bueno,interpolacion_delaunay,0,3979,370,451,75
2026-09-29T00:42:52.930244+00:00,1903900012133,2.95,Bueno,3.57,Bueno,interpolacion_delaunay,0,3643,409,514,130
2026-09-29T00:42:52.930244+00:00,1903900014182,2.78,Bueno,3.44,Bueno,interpolacion_delaunay,0,2164,180,491,80
2026-09-29T00:42:52.930244+00:00,1903900012152,2.37,Bueno,2.99,Bueno,interpolacion_delaunay,0,2360,140,519,93
2026-09-29T00:42:52.930244+00:00,1903900012082,2.67,Bueno,3.37,Bueno,interpolacion_delaunay,0,2402,95,700,143
2026-09-29T00:42:52.930244+00:00,1903900013663,2.34,Bueno,2.94,Bueno,interpolacion_delaunay,0,4832,422,675,278
2026-09-29T00:42:52.930244+00:00,1903900013714,2.0,Bueno,2.16,Bueno,interpolacion_delaunay,0,4743,468,751,239
2026-09-29T00:42:52.930244+00:00,1903900012858,1.8,Bueno,2.15,Bueno,interpolacion_delaunay,0,0,0,0,0
2026-09-29T00:42:52.930244+00:00,1903900012839,1.49,Bueno,2.04,Bueno,interpolacion_delaunay,0,426,30,39,0
2026-09-29T00:42:52.930244+00:00,1903900012843,2.2,Bueno,2.7,Bueno,promedio_sensores,1,3288,154,618,59
2026-09-29T00:42:52.930244+00:00,1903900012862,1.4,Bueno,1.87,Bueno,interpolacion_delaunay,0,0,0,0,0
2026-09-29T00:42:52.930244+00:00,1903900013733,1.78,Bueno,1.94,Bueno,interpolacion_delaunay,0,1895,90,465,59
2026-09-29T00:42:52.930244+00:00,1903900012294,1.93,Bueno,2.31,Bueno,interpolacion_delaunay,0,3104,120,1010,138
2026-09-29T00:42:52.930244+00:00,190390001228A,2.02,Bueno,2.46,Bueno,interpolacion_delaunay,0,2430,94,799,56
2026-09-29T00:42:52.930244+00:00,1903900010423,4.99,Bueno,6.03,Bueno,interpolacion_delaunay,0,3542,305,682,134
2026-09-29T00:42:52.930244+00:00,1903900010334,5.02,Bueno,6.05,Bueno,interpolacion_delaunay,0,878,76,200,70
2026-09-29T00:42:52.930244+00:00,1903900010071,4.67,Bueno,5.41,Bueno,interpolacion_delaunay,0,2520,129,682,146
2026-09-29T00:42:52.930244+00:00,1903900014869,1.88,Bueno,2.21,Bueno,interpolacion_delaunay,0,4404,353,307,53
2026-09-29T00:42:52.930244+00:00,1903900013748,1.98,Bueno,2.23,Bueno,interpolacion_delaunay,0,3552,225,627,97
2026-09-29T00:42:52.930244+00:00,1903900011050,4.53,Bueno,5.45,Bueno,interpolacion_delaunay,0,1589,135,342,104
2026-09-29T00:42:52.930244+00:00,1903900011116,4.46,Bueno,5.23,Bueno,interpolacion_delaunay,0,0,0,0,0
2026-09-29T00:42:52.930244+00:00,1903900010809,5.16,Bueno,6.41,Bueno,interpolacion_delaunay,0,59,3,14,3
2026-09-29T00:42:52.930244+00:00,1903900010989,5.26,Bueno,6.73,Bueno,interpolacion_delaunay,0,6061,564,591,133
2026-09-29T00:42:52.930244+00:00,1903900010851,4.41,Bueno,5.25,Bueno,interpolacion_delaunay,0,1601,105,413,68
2026-09-29T00:42:52.930244+00:00,1903900013413,3.37,Bueno,3.93,Bueno,interpolacion_delaunay,0,7251,522,1316,316
2026-09-29T00:42:52.930244+00:00,1903900010033,4.25,Bueno,4.83,Bueno,interpolacion_delaunay,0,3321,285,588,124
2026-09-29T00:42:52.930244+00:00,1903900010137,3.65,Bueno,4.29,Bueno,interpolacion_delaunay,0,4478,279,1202,320
2026-09-29T00:42:52.930244+00:00,1903900010141,4.13,Bueno,4.87,Bueno,interpolacion_delaunay,0,4273,225,965,185
2026-09-29T00:42:52.930244+00:00,1903900010762,5.41,Bueno,7.16,Bueno,interpolacion_delaunay,0,1600,114,337,68
2026-09-29T00:42:52.930244+00:00,1903900014106,4.68,Bueno,5.6,Bueno,interpolacion_delaunay,0,4189,248,1019,177
2026-09-29T00:42:52.930244+00:00,1903900014110,4.66,Bueno,5.64,Bueno,interpolacion_delaunay,0,2699,161,643,225
2026-09-29T00:42:52.930244+00:00,1903900010921,5.52,Bueno,7.46,Bueno,interpolacion_delaunay,0,2388,213,393,106
2026-09-29T00:42:52.930244+00:00,1903900010669,5.4,Bueno,7.17,Bueno,interpolacion_delaunay,0,2152,159,463,119
2026-09-29T00:42:52.930244+00:00,1903900010067,4.66,Bueno,5.37,Bueno,interpolacion_delaunay,0,2799,155,819,158
2026-09-29T00:42:52.930244+00:00,1903900010688,5.26,Bueno,6.7,Bueno,interpolacion_delaunay,0,2838,195,394,149
2026-09-29T00:42:52.930244+00:00,1903900010584,5.22,Bueno,6.56,Bueno,interpolacion_delaunay,0,3226,273,587,141
2026-09-29T00:42:52.930244+00:00,1903900011417,4.32,Bueno,5.23,Bueno,interpolacion_delaunay,0,3077,152,970,79
2026-09-29T00:42:52.930244+00:00,1903900013837,4.11,Bueno,4.92,Bueno,interpolacion_delaunay,0,3561,193,908,77
2026-09-29T00:42:52.930244+00:00,1903900013930,4.89,Bueno,5.68,Bueno,interpolacion_delaunay,0,1431,202,111,73
2026-09-29T00:42:52.930244+00:00,1903900014055,4.9,Bueno,5.76,Bueno,interpolacion_delaunay,0,4222,525,372,136
2026-09-29T00:42:52.930244+00:00,190390001420A,2.59,Bueno,3.15,Bueno,interpolacion_delaunay,0,3029,320,382,97
2026-09-29T00:42:52.930244+00:00,1903900014197,2.65,Bueno,3.26,Bueno,interpolacion_delaunay,0,2456,248,321,138
2026-09-29T00:42:52.930244+00:00,1903900010974,5.33,Bueno,6.94,Bueno,interpolacion_delaunay,0,781,39,192,50
2026-09-29T00:42:52.930244+00:00,1903900011084,4.39,Bueno,5.15,Bueno,interpolacion_delaunay,0,1782,162,338,82
2026-09-29T00:42:52.930244+00:00,1903900010847,4.73,Bueno,5.81,Bueno,interpolacion_delaunay,0,1023,82,199,53
2026-09-29T00:42:52.930244+00:00,1903900010993,5.1,Bueno,6.39,Bueno,interpolacion_delaunay,0,1086,95,211,53
2026-09-29T00:42:52.930244+00:00,1903900010372,4.7,Bueno,5.65,Bueno,interpolacion_delaunay,0,2524,139,785,102
2026-09-29T00:42:52.930244+00:00,1903900011031,4.68,Bueno,5.74,Bueno,interpolacion_delaunay,0,1190,84,257,58
2026-09-29T00:42:52.930244+00:00,1903900010902,5.49,Bueno,7.38,Bueno,interpolacion_delaunay,0,3066,119,898,183
2026-09-29T00:42:52.930244+00:00,1903900010777,5.35,Bueno,6.98,Bueno,interpolacion_delaunay,0,1329,106,264,76
2026-09-29T00:42:52.930244+00:00,1903900010781,5.31,Bueno,6.85,Bueno,interpolacion_delaunay,0,242,8,54,15
2026-09-29T00:42:52.930244+00:00,1903900014572,5.23,Bueno,6.69,Bueno,interpolacion_delaunay,0,1442,81,389,93
2026-09-29T00:42:52.930244+00:00,1903900014676,4.88,Bueno,6.14,Bueno,interpolacion_delaunay,0,2120,102,506,104
2026-09-29T00:42:52.930244+00:00,190390001025A,4.65,Bueno,5.5,Bueno,interpolacion_delaunay,0,3942,258,986,278
2026-09-29T00:42:52.930244+00:00,1903900010495,4.84,Bueno,6.0,Bueno,interpolacion_delaunay,0,1812,109,420,98
2026-09-29T00:42:52.930244+00:00,1903900010917,5.6,Bueno,7.7,Bueno,promedio_sensores,1,2843,155,698,133
2026-09-29T00:42:52.930244+00:00,1903900010955,5.42,Bueno,7.18,Bueno,interpolacion_delaunay,0,288,25,64,22
2026-09-29T00:42:52.930244+00:00,1903900013697,2.2,Bueno,2.37,Bueno,interpolacion_delaunay,0,1977,183,341,77
2026-09-29T00:42:52.930244+00:00,1903900013860,4.88,Bueno,5.71,Bueno,interpolacion_delaunay,0,3174,344,383,184
2026-09-29T00:42:52.930244+00:00,1903900015439,0.8,Bueno,1.25,Bueno,interpolacion_delaunay,0,627,97,12,5
2026-09-29T00:42:52.930244+00:00,1903900011027,5.01,Bueno,6.28,Bueno,interpolacion_delaunay,0,509,36,115,25
2026-09-29T00:42:52.930244+00:00,1903900013998,4.69,Bueno,5.27,Bueno,interpolacion_delaunay,0,5766,706,558,248
2026-09-29T00:42:52.930244+00:00,190390001477A,2.89,Bueno,3.09,Bueno,interpolacion_delaunay,0,550,33,68,4
2026-09-29T00:42:52.930244+00:00,1903900014002,4.78,Bueno,5.41,Bueno,interpolacion_delaunay,0,5494,669,668,240
2026-09-29T00:42:52.930244+00:00,1903900014873,1.54,Bueno,1.81,Bueno,interpolacion_delaunay,0,2383,154,261,52
2026-09-29T00:42:52.930244+00:00,1903900011008,5.23,Bueno,6.67,Bueno,interpolacion_delaunay,0,1877,145,377,135
2026-09-29T00:42:52.930244+00:00,1903900011313,5.04,Bueno,6.32,Bueno,interpolacion_delaunay,0,5055,336,882,185
2026-09-29T00:42:52.930244+00:00,190390001139A,4.52,Bueno,5.38,Bueno,interpolacion_delaunay,0,1079,59,290,49
2026-09-29T00:42:52.930244+00:00,1903900011402,4.85,Bueno,5.76,Bueno,interpolacion_delaunay,0,681,31,196,23
2026-09-29T00:42:52.930244+00:00,1903900012519,4.63,Bueno,5.18,Bueno,interpolacion_delaunay,0,5642,661,498,241
2026-09-29T00:42:52.930244+00:00,1903900013822,3.86,Bueno,4.21,Bueno,interpolacion_delaunay,0,6050,361,890,140
2026-09-29T00:42:52.930244+00:00,1903900013964,3.28,Bueno,3.5,Bueno,interpolacion_delaunay,0,728,55,70,19
2026-09-29T00:42:52.930244+00:00,1903900014125,4.73,Bueno,5.81,Bueno,interpolacion_delaunay,0,1881,174,361,63
2026-09-29T00:42:52.930244+00:00,190390001452A,4.69,Bueno,5.6,Bueno,interpolacion_delaunay,0,2471,240,363,186
2026-09-29T00:42:52.930244+00:00,190390001413A,4.77,Bueno,5.94,Bueno,interpolacion_delaunay,0,2082,180,339,126
2026-09-29T00:42:52.930244+00:00,1903900010461,4.6,Bueno,5.6,Bueno,promedio_sensores,1,3422,173,1112,139
2026-09-29T00:42:52.930244+00:00,1903900014534,4.91,Bueno,5.92,Bueno,interpolacion_delaunay,0,1267,111,229,29
2026-09-29T00:42:52.930244+00:00,1903900013767,1.56,Bueno,1.83,Bueno,interpolacion_delaunay,0,2308,117,605,127
2026-09-29T00:42:52.930244+00:00,1903900012345,1.56,Bueno,1.74,Bueno,interpolacion_delaunay,0,2632,98,737,80
2026-09-29T00:42:52.930244+00:00,1903900012364,1.3,Bueno,1.5,Bueno,promedio_sensores,1,2327,116,787,61
2026-09-29T00:42:52.930244+00:00,1903900011629,5.3,Bueno,5.5,Bueno,promedio_sensores,1,2881,196,402,58
2026-09-29T00:42:52.930244+00:00,1903900013396,4.8,Bueno,5.55,Bueno,interpolacion_delaunay,0,4014,389,664,275
2026-09-29T00:42:52.930244+00:00,1903900010245,1.96,Bueno,2.44,Bueno,interpolacion_delaunay,0,2709,131,764,208
2026-09-29T00:42:52.930244+00:00,1903900015284,1.4,Bueno,1.92,Bueno,interpolacion_delaunay,0,513,29,60,13
2026-09-29T00:42:52.930244+00:00,1903900010118,4.79,Bueno,5.56,Bueno,interpolacion_delaunay,0,4580,383,955,302
2026-09-29T00:42:52.930244+00:00,1903900010052,4.77,Bueno,5.47,Bueno,interpolacion_delaunay,0,3869,304,717,323
2026-09-29T00:42:52.930244+00:00,1903900015123,4.81,Bueno,5.5,Bueno,interpolacion_delaunay,0,68,3,4,3
2026-09-29T00:42:52.930244+00:00,1903900014036,4.83,Bueno,5.56,Bueno,interpolacion_delaunay,0,4679,569,514,263
2026-09-29T00:42:52.930244+00:00,1903900010508,4.8,Bueno,5.84,Bueno,interpolacion_delaunay,0,3451,202,579,150
2026-09-29T00:42:52.930244+00:00,1903900010527,4.87,Bueno,5.97,Bueno,interpolacion_delaunay,0,1779,95,454,127
2026-09-29T00:42:52.930244+00:00,1903900013729,2.32,Bueno,2.6,Bueno,interpolacion_delaunay,0,3410,392,357,136
2026-09-29T00:42:52.930244+00:00,190390001370A,2.4,Bueno,2.65,Bueno,interpolacion_delaunay,0,4006,357,563,228
2026-09-29T00:42:52.930244+00:00,1904600010362,4.42,Bueno,5.12,Bueno,interpolacion_delaunay,0,5505,271,1291,301
2026-09-29T00:42:52.930244+00:00,1904600011483,2.95,Bueno,3.5,Bueno,interpolacion_delaunay,0,2026,111,597,94
2026-09-29T00:42:52.930244+00:00,1904600011638,4.53,Bueno,5.19,Bueno,interpolacion_delaunay,0,4053,248,498,114
2026-09-29T00:42:52.930244+00:00,1904600010998,3.86,Bueno,4.43,Bueno,interpolacion_delaunay,0,5855,449,1099,257
2026-09-29T00:42:52.930244+00:00,1904600011676,4.68,Bueno,5.7,Bueno,interpolacion_delaunay,0,362,30,69,27
2026-09-29T00:42:52.930244+00:00,1904600010216,5.1,Bueno,6.2,Bueno,promedio_sensores,1,2042,50,546,50
2026-09-29T00:42:52.930244+00:00,1904600010536,4.0,Bueno,4.74,Bueno,interpolacion_delaunay,0,4997,504,603,104
2026-09-29T00:42:52.930244+00:00,1904600011708,4.71,Bueno,5.49,Bueno,interpolacion_delaunay,0,1763,89,284,44
2026-09-29T00:42:52.930244+00:00,190460001070A,4.84,Bueno,5.91,Bueno,interpolacion_delaunay,0,1273,69,137,48
2026-09-29T00:42:52.930244+00:00,1904600011375,4.62,Bueno,5.3,Bueno,interpolacion_delaunay,0,5964,475,946,326
2026-09-29T00:42:52.930244+00:00,1904600011286,4.5,Bueno,5.21,Bueno,interpolacion_delaunay,0,2603,117,839,196
2026-09-29T00:42:52.930244+00:00,1904600011623,4.46,Bueno,5.1,Bueno,interpolacion_delaunay,0,4225,248,423,136
2026-09-29T00:42:52.930244+00:00,1904600010786,4.55,Bueno,5.27,Bueno,interpolacion_delaunay,0,4690,309,1009,269
2026-09-29T00:42:52.930244+00:00,190460001024A,4.26,Bueno,5.01,Bueno,interpolacion_delaunay,0,2748,75,850,176
2026-09-29T00:42:52.930244+00:00,1904600010875,3.35,Bueno,3.81,Bueno,interpolacion_delaunay,0,3785,202,993,129
2026-09-29T00:42:52.930244+00:00,1904600010324,4.12,Bueno,4.74,Bueno,interpolacion_delaunay,0,2214,97,651,92
2026-09-29T00:42:52.930244+00:00,1904600011233,4.05,Bueno,4.6,Bueno,interpolacion_delaunay,0,3010,241,577,204
2026-09-29T00:42:52.930244+00:00,1904600010131,4.21,Bueno,5.07,Bueno,interpolacion_delaunay,0,4113,160,1393,177
2026-09-29T00:42:52.930244+00:00,1904600010184,4.41,Bueno,5.27,Bueno,interpolacion_delaunay,0,3438,93,1132,126
2026-09-29T00:42:52.930244+00:00,1904600010235,4.47,Bueno,5.3,Bueno,interpolacion_delaunay,0,2765,104,711,111
2026-09-29T00:42:52.930244+00:00,1904600010466,4.44,Bueno,5.47,Bueno,interpolacion_delaunay,0,2212,113,500,58
2026-09-29T00:42:52.930244+00:00,190460001049A,4.73,Bueno,5.78,Bueno,interpolacion_delaunay,0,2827,123,674,44
2026-09-29T00:42:52.930244+00:00,1904600011407,3.8,Bueno,4.48,Bueno,interpolacion_delaunay,0,3464,317,610,173
2026-09-29T00:42:52.930244+00:00,1904600011642,4.06,Bueno,4.69,Bueno,interpolacion_delaunay,0,2601,116,623,113
2026-09-29T00:42:52.930244+00:00,1904600011731,3.29,Bueno,3.79,Bueno,interpolacion_delaunay,0,3017,207,561,120
2026-09-29T00:42:52.930244+00:00,1904600010108,3.52,Bueno,4.02,Bueno,interpolacion_delaunay,0,2483,125,582,112
2026-09-29T00:42:52.930244+00:00,1904600010127,3.5,Bueno,3.95,Bueno,interpolacion_delaunay,0,4270,186,1281,297
2026-09-29T00:42:52.930244+00:00,1904600010292,4.74,Bueno,5.74,Bueno,interpolacion_delaunay,0,0,0,0,0
2026-09-29T00:42:52.930244+00:00,1904600010714,4.16,Bueno,4.71,Bueno,interpolacion_delaunay,0,3666,266,947,309
2026-09-29T00:42:52.930244+00:00,1904600010860,3.53,Bueno,4.13,Bueno,interpolacion_delaunay,0,3290,227,721,158
2026-09-29T00:42:52.930244+00:00,1904600011002,4.02,Bueno,4.68,Bueno,interpolacion_delaunay,0,3262,289,695,194
2026-09-29T00:42:52.930244+00:00,190460001120A,3.93,Bueno,4.44,Bueno,interpolacion_delaunay,0,3141,265,631,179
2026-09-29T00:42:52.930244+00:00,1904600011341,4.31,Bueno,5.06,Bueno,interpolacion_delaunay,0,3608,289,555,127
2026-09-29T00:42:52.930244+00:00,1904600011426,3.76,Bueno,4.28,Bueno,interpolacion_delaunay,0,3335,302,691,164
2026-09-29T00:42:52.930244+00:00,190460001177A,4.48,Bueno,5.48,Bueno,interpolacion_delaunay,0,2611,224,320,95
2026-09-29T00:42:52.930244+00:00,1904600010042,3.36,Bueno,3.98,Bueno,interpolacion_delaunay,0,1646,90,422,69
2026-09-29T00:42:52.930244+00:00,1904600010057,3.36,Bueno,3.91,Bueno,interpolacion_delaunay,0,1216,61,388,100
2026-09-29T00:42:52.930244+00:00,1904600010076,3.45,Bueno,3.94,Bueno,interpolacion_delaunay,0,3762,199,1053,215
2026-09-29T00:42:52.930244+00:00,1904600010095,3.44,Bueno,3.96,Bueno,interpolacion_delaunay,0,1199,53,337,85
2026-09-29T00:42:52.930244+00:00,1904600010146,3.74,Bueno,4.31,Bueno,interpolacion_delaunay,0,2987,160,749,104
2026-09-29T00:42:52.930244+00:00,190460001017A,3.52,Bueno,3.93,Bueno,interpolacion_delaunay,0,4101,180,1201,211
2026-09-29T00:42:52.930244+00:00,1904600010201,3.7,Bueno,4.15,Bueno,interpolacion_delaunay,0,3988,173,1242,253
2026-09-29T00:42:52.930244+00:00,1904600010220,4.96,Bueno,6.02,Bueno,interpolacion_delaunay,0,1869,61,495,59
2026-09-29T00:42:52.930244+00:00,190460001031A,4.1,Bueno,4.71,Bueno,interpolacion_delaunay,0,2149,134,353,62
2026-09-29T00:42:52.930244+00:00,1904600010343,4.25,Bueno,4.86,Bueno,interpolacion_delaunay,0,5532,394,1335,345
2026-09-29T00:42:52.930244+00:00,1904600010381,4.46,Bueno,5.19,Bueno,interpolacion_delaunay,0,3251,164,847,172
2026-09-29T00:42:52.930244+00:00,1904600010413,4.12,Bueno,5.13,Bueno,interpolacion_delaunay,0,4002,238,499,120
2026-09-29T00:42:52.930244+00:00,1904600010485,4.9,Bueno,5.94,Bueno,interpolacion_delaunay,0,3150,144,1004,109
2026-09-29T00:42:52.930244+00:00,1904600010540,3.66,Bueno,4.11,Bueno,interpolacion_delaunay,0,4952,283,1289,225
2026-09-29T00:42:52.930244+00:00,1904600010555,4.26,Bueno,5.07,Bueno,interpolacion_delaunay,0,0,0,0,0
2026-09-29T00:42:52.930244+00:00,1904600010593,3.85,Bueno,4.33,Bueno,interpolacion_delaunay,0,5785,417,488,81
2026-09-29T00:42:52.930244+00:00,1904600010610,4.75,Bueno,5.86,Bueno,interpolacion_delaunay,0,4819,442,219,35
2026-09-29T00:42:52.930244+00:00,1904600010625,4.07,Bueno,4.7,Bueno,interpolacion_delaunay,0,684,56,110,22
2026-09-29T00:42:52.930244+00:00,1904600010659,3.95,Bueno,4.44,Bueno,interpolacion_delaunay,0,0,0,0,0
2026-09-29T00:42:52.930244+00:00,1904600010729,4.21,Bueno,4.76,Bueno,interpolacion_delaunay,0,0,0,0,0
2026-09-29T00:42:52.930244+00:00,1904600010752,4.4,Bueno,5.04,Bueno,interpolacion_delaunay,0,2043,121,429,51
2026-09-29T00:42:52.930244+00:00,1904600010790,4.62,Bueno,5.4,Bueno,interpolacion_delaunay,0,0,0,0,0
2026-09-29T00:42:52.930244+00:00,1904600010822,3.61,Bueno,4.25,Bueno,interpolacion_delaunay,0,1808,142,329,116
2026-09-29T00:42:52.930244+00:00,1904600010841,3.45,Bueno,4.02,Bueno,interpolacion_delaunay,0,2675,196,623,119
2026-09-29T00:42:52.930244+00:00,1904600010856,3.42,Bueno,3.95,Bueno,interpolacion_delaunay,0,5049,305,900,195
2026-09-29T00:42:52.930244+00:00,190460001088A,2.81,Bueno,3.21,Bueno,interpolacion_delaunay,0,4232,220,1219,162
2026-09-29T00:42:52.930244+00:00,1904600010894,2.97,Bueno,3.37,Bueno,interpolacion_delaunay,0,2806,182,550,130
2026-09-29T00:42:52.930244+00:00,1904600010907,3.56,Bueno,4.11,Bueno,interpolacion_delaunay,0,3550,247,722,168
2026-09-29T00:42:52.930244+00:00,1904600010930,3.9,Bueno,4.71,Bueno,interpolacion_delaunay,0,3021,143,721,82
2026-09-29T00:42:52.930244+00:00,1904600010945,3.89,Bueno,4.64,Bueno,interpolacion_delaunay,0,3597,162,944,129
2026-09-29T00:42:52.930244+00:00,190460001095A,3.75,Bueno,4.33,Bueno,interpolacion_delaunay,0,3265,234,654,254
2026-09-29T00:42:52.930244+00:00,1904600010979,3.49,Bueno,3.85,Bueno,interpolacion_delaunay,0,2747,114,869,151
2026-09-29T00:42:52.930244+00:00,1904600011017,3.95,Bueno,4.54,Bueno,interpolacion_delaunay,0,4599,402,752,199
2026-09-29T00:42:52.930244+00:00,1904600011021,3.59,Bueno,3.96,Bueno,interpolacion_delaunay,0,4072,223,1090,178
2026-09-29T00:42:52.930244+00:00,1904600011040,3.7,Bueno,4.1,Bueno,interpolacion_delaunay,0,3276,150,902,88
2026-09-29T00:42:52.930244+00:00,1904600011055,3.77,Bueno,4.19,Bueno,interpolacion_delaunay,0,7096,477,1425,285
2026-09-29T00:42:52.930244+00:00,190460001106A,3.97,Bueno,4.61,Bueno,interpolacion_delaunay,0,1152,61,261,64
2026-09-29T00:42:52.930244+00:00,1904600011074,3.75,Bueno,4.2,Bueno,interpolacion_delaunay,0,4901,241,744,96
2026-09-29T00:42:52.930244+00:00,1904600011089,3.85,Bueno,4.3,Bueno,interpolacion_delaunay,0,3306,318,659,199
2026-09-29T00:42:52.930244+00:00,1904600011093,4.26,Bueno,4.92,Bueno,interpolacion_delaunay,0,3302,217,861,180
2026-09-29T00:42:52.930244+00:00,1904600011106,4.48,Bueno,5.27,Bueno,interpolacion_delaunay,0,3881,243,712,89
2026-09-29T00:42:52.930244+00:00,1904600011110,4.89,Bueno,5.98,Bueno,interpolacion_delaunay,0,3018,178,738,133
2026-09-29T00:42:52.930244+00:00,1904600011125,3.84,Bueno,4.32,Bueno,interpolacion_delaunay,0,3318,323,549,240
2026-09-29T00:42:52.930244+00:00,190460001113A,3.92,Bueno,4.42,Bueno,interpolacion_delaunay,0,3513,294,662,255
2026-09-29T00:42:52.930244+00:00,1904600011144,4.0,Bueno,4.52,Bueno,interpolacion_delaunay,0,3223,294,460,148
2026-09-29T00:42:52.930244+00:00,1904600011159,4.2,Bueno,4.75,Bueno,interpolacion_delaunay,0,4682,317,917,254
2026-09-29T00:42:52.930244+00:00,1904600011163,4.26,Bueno,4.85,Bueno,interpolacion_delaunay,0,4463,291,849,173
2026-09-29T00:42:52.930244+00:00,1904600011178,4.37,Bueno,5.04,Bueno,interpolacion_delaunay,0,2288,137,771,142
2026-09-29T00:42:52.930244+00:00,1904600011182,4.3,Bueno,4.93,Bueno,interpolacion_delaunay,0,2567,158,877,192
2026-09-29T00:42:52.930244+00:00,1904600011197,4.36,Bueno,4.99,Bueno,interpolacion_delaunay,0,2285,129,707,149
2026-09-29T00:42:52.930244+00:00,1904600011214,3.94,Bueno,4.47,Bueno,interpolacion_delaunay,0,2395,153,608,159
2026-09-29T00:42:52.930244+00:00,1904600011229,4.06,Bueno,4.63,Bueno,interpolacion_delaunay,0,3808,341,729,252
2026-09-29T00:42:52.930244+00:00,1904600011248,4.12,Bueno,4.68,Bueno,interpolacion_delaunay,0,3448,233,731,165
2026-09-29T00:42:52.930244+00:00,1904600011252,4.27,Bueno,4.91,Bueno,interpolacion_delaunay,0,3638,249,902,255
2026-09-29T00:42:52.930244+00:00,1904600011271,4.5,Bueno,5.2,Bueno,interpolacion_delaunay,0,3393,200,1049,183
2026-09-29T00:42:52.930244+00:00,1904600011290,3.61,Bueno,4.1,Bueno,interpolacion_delaunay,0,3613,204,959,164
2026-09-29T00:42:52.930244+00:00,1904600011303,3.68,Bueno,4.23,Bueno,interpolacion_delaunay,0,4255,296,730,120
2026-09-29T00:42:52.930244+00:00,1904600011318,3.4,Bueno,3.7,Bueno,promedio_sensores,1,2617,117,712,78
2026-09-29T00:42:52.930244+00:00,1904600011322,3.43,Bueno,3.76,Bueno,interpolacion_delaunay,0,3209,131,1071,177
2026-09-29T00:42:52.930244+00:00,1904600011356,4.14,Bueno,4.74,Bueno,interpolacion_delaunay,0,5344,302,754,186
2026-09-29T00:42:52.930244+00:00,190460001138A,3.29,Bueno,3.7,Bueno,interpolacion_delaunay,0,2330,116,772,143
2026-09-29T00:42:52.930244+00:00,1904600011394,3.19,Bueno,3.53,Bueno,interpolacion_delaunay,0,2495,152,536,127
2026-09-29T00:42:52.930244+00:00,1904600011430,3.75,Bueno,4.22,Bueno,interpolacion_delaunay,0,4835,297,977,195
2026-09-29T00:42:52.930244+00:00,1904600011445,4.45,Bueno,5.09,Bueno,interpolacion_delaunay,0,2396,140,277,35
2026-09-29T00:42:52.930244+00:00,190460001145A,4.47,Bueno,5.14,Bueno,interpolacion_delaunay,0,4010,242,623,75
2026-09-29T00:42:52.930244+00:00,1904600011464,3.68,Bueno,4.47,Bueno,interpolacion_delaunay,0,3269,192,527,50
2026-09-29T00:42:52.930244+00:00,1904600011479,3.34,Bueno,4.03,Bueno,interpolacion_delaunay,0,2267,102,540,81
2026-09-29T00:42:52.930244+00:00,1904600011500,3.64,Bueno,4.25,Bueno,interpolacion_delaunay,0,4575,375,784,254
2026-09-29T00:42:52.930244+00:00,1904600011515,3.68,Bueno,4.27,Bueno,interpolacion_delaunay,0,1791,111,314,102
2026-09-29T00:42:52.930244+00:00,190460001152A,3.8,Bueno,4.42,Bueno,interpolacion_delaunay,0,3396,254,719,167
2026-09-29T00:42:52.930244+00:00,1904600011534,3.89,Bueno,4.54,Bueno,interpolacion_delaunay,0,5740,487,560,132
2026-09-29T00:42:52.930244+00:00,1904600011549,3.59,Bueno,4.01,Bueno,interpolacion_delaunay,0,4515,263,831,205
2026-09-29T00:42:52.930244+00:00,1904600011568,4.16,Bueno,4.84,Bueno,interpolacion_delaunay,0,4996,283,463,138
2026-09-29T00:42:52.930244+00:00,1904600011572,4.25,Bueno,4.95,Bueno,interpolacion_delaunay,0,4541,345,482,121
2026-09-29T00:42:52.930244+00:00,1904600011587,4.66,Bueno,5.75,Bueno,interpolacion_delaunay,0,2786,153,244,33
2026-09-29T00:42:52.930244+00:00,1904600011591,4.67,Bueno,5.75,Bueno,interpolacion_delaunay,0,3387,245,335,48
2026-09-29T00:42:52.930244+00:00,1904600011604,4.27,Bueno,4.87,Bueno,interpolacion_delaunay,0,3298,256,771,245
2026-09-29T00:42:52.930244+00:00,1904600011619,4.38,Bueno,5.04,Bueno,interpolacion_delaunay,0,3765,260,958,269
2026-09-29T00:42:52.930244+00:00,1904600011657,4.02,Bueno,4.63,Bueno,interpolacion_delaunay,0,3567,176,481,50
2026-09-29T00:42:52.930244+00:00,1904600011661,4.23,Bueno,5.02,Bueno,interpolacion_delaunay,0,282,11,66,6
2026-09-29T00:42:52.930244+00:00,1904600011727,2.89,Bueno,3.35,Bueno,interpolacion_delaunay,0,3412,179,655,144
2026-09-29T00:42:52.930244+00:00,1904600011746,3.6,Bueno,3.98,Bueno,interpolacion_delaunay,0,3218,196,815,117
2026-09-29T00:42:52.930244+00:00,1904600011750,3.63,Bueno,4.04,Bueno,interpolacion_delaunay,0,4162,197,210,54
2026-09-29T00:42:52.930244+00:00,1904600011765,4.43,Bueno,5.34,Bueno,interpolacion_delaunay,0,3860,405,397,208
2026-09-29T00:42:52.930244+00:00,1904600010663,4.04,Bueno,4.56,Bueno,interpolacion_delaunay,0,198,8,27,0
2026-09-29T00:42:52.930244+00:00,1904600010926,3.7,Bueno,4.36,Bueno,interpolacion_delaunay,0,5007,437,867,291
2026-09-29T00:42:52.930244+00:00,1904600010339,4.2,Bueno,4.85,Bueno,interpolacion_delaunay,0,1314,68,335,78
2026-09-29T00:42:52.930244+00:00,1904600011267,4.3,Bueno,4.98,Bueno,interpolacion_delaunay,0,3908,248,1102,331
2026-09-29T00:42:52.930244+00:00,1904600011712,5.13,Bueno,6.2,Bueno,interpolacion_delaunay,0,3272,182,300,58
2026-09-29T00:42:52.930244+00:00,1904600010447,3.19,Bueno,3.72,Bueno,interpolacion_delaunay,0,4132,230,437,113
2026-09-29T00:42:52.930244+00:00,1904600011498,2.66,Bueno,3.1,Bueno,interpolacion_delaunay,0,3212,141,667,65
2026-09-29T00:42:52.930244+00:00,1904600010682,4.41,Bueno,5.14,Bueno,interpolacion_delaunay,0,6498,485,714,113
2026-09-29T00:42:52.930244+00:00,1903100450393,4.34,Bueno,5.46,Bueno,interpolacion_delaunay,0,4470,331,183,115
2026-09-29T00:42:52.930244+00:00,1903100451090,4.74,Bueno,6.03,Bueno,interpolacion_delaunay,0,3117,391,133,67
2026-09-29T00:42:52.930244+00:00,1903100010340,4.49,Bueno,5.57,Bueno,interpolacion_delaunay,0,3444,349,252,192
2026-09-29T00:42:52.930244+00:00,1903100450641,5.5,Bueno,7.14,Bueno,interpolacion_delaunay,0,1572,92,57,77
2026-09-29T00:42:52.930244+00:00,1903100451086,5.08,Bueno,6.53,Bueno,interpolacion_delaunay,0,3582,470,173,24
2026-09-29T00:42:52.930244+00:00,190310311171A,4.05,Bueno,4.99,Bueno,interpolacion_delaunay,0,1226,184,39,41
2026-09-29T00:42:52.930244+00:00,1903100450088,5.11,Bueno,6.6,Bueno,interpolacion_delaunay,0,106,4,27,5
2026-09-29T00:42:52.930244+00:00,1903100450321,5.23,Bueno,6.76,Bueno,interpolacion_delaunay,0,781,65,43,66
2026-09-29T00:42:52.930244+00:00,1903100450656,3.62,Bueno,4.39,Bueno,interpolacion_delaunay,0,6656,512,216,203
2026-09-29T00:42:52.930244+00:00,1903100451461,3.27,Bueno,3.92,Bueno,interpolacion_delaunay,0,215,36,0,4
2026-09-29T00:42:52.930244+00:00,1903100451391,3.07,Bueno,3.6,Bueno,interpolacion_delaunay,0,400,41,11,20
2026-09-29T00:42:52.930244+00:00,190310001068A,4.3,Bueno,5.4,Bueno,promedio_sensores,1,5585,402,158,107
2026-09-29T00:42:52.930244+00:00,1903100010872,4.53,Bueno,5.73,Bueno,interpolacion_delaunay,0,2902,333,115,45
2026-09-29T00:42:52.930244+00:00,1903100450266,4.08,Bueno,5.12,Bueno,interpolacion_delaunay,0,3518,300,297,140
2026-09-29T00:42:52.930244+00:00,1903100451211,4.97,Bueno,6.35,Bueno,interpolacion_delaunay,0,318,31,15,12
2026-09-29T00:42:52.930244+00:00,1903100450105,4.57,Bueno,5.86,Bueno,interpolacion_delaunay,0,617,53,101,42
2026-09-29T00:42:52.930244+00:00,1903100450533,3.58,Bueno,4.39,Bueno,interpolacion_delaunay,0,112,19,4,0
2026-09-29T00:42:52.930244+00:00,1903100450834,3.58,Bueno,4.36,Bueno,interpolacion_delaunay,0,5335,620,158,133
2026-09-29T00:42:52.930244+00:00,1903100451122,3.21,Bueno,3.77,Bueno,interpolacion_delaunay,0,4196,367,129,124
2026-09-29T00:42:52.930244+00:00,1903100451118,3.2,Bueno,3.81,Bueno,interpolacion_delaunay,0,1143,149,65,58
2026-09-29T00:42:52.930244+00:00,1903100450092,4.97,Bueno,6.41,Bueno,interpolacion_delaunay,0,5801,601,614,240
2026-09-29T00:42:52.930244+00:00,190310001036A,4.67,Bueno,5.83,Bueno,interpolacion_delaunay,0,2196,166,139,77
2026-09-29T00:42:52.930244+00:00,1903100011264,4.34,Bueno,5.45,Bueno,interpolacion_delaunay,0,166,15,10,4
2026-09-29T00:42:52.930244+00:00,1903100011692,4.96,Bueno,6.31,Bueno,interpolacion_delaunay,0,1994,254,42,57
2026-09-29T00:42:52.930244+00:00,1903100450675,3.97,Bueno,4.91,Bueno,interpolacion_delaunay,0,2985,254,121,65
2026-09-29T00:42:52.930244+00:00,1903100450815,5.36,Bueno,6.95,Bueno,interpolacion_delaunay,0,5183,452,347,124
2026-09-29T00:42:52.930244+00:00,1903100450887,4.67,Bueno,5.93,Bueno,interpolacion_delaunay,0,626,73,50,23
2026-09-29T00:42:52.930244+00:00,1903100450891,4.44,Bueno,5.55,Bueno,interpolacion_delaunay,0,3371,329,210,148
2026-09-29T00:42:52.930244+00:00,1903100450904,4.15,Bueno,5.13,Bueno,interpolacion_delaunay,0,2284,216,156,77
2026-09-29T00:42:52.930244+00:00,1903100451438,5.6,Bueno,7.3,Bueno,promedio_sensores,1,489,62,15,5
2026-09-29T00:42:52.930244+00:00,1903100451442,3.9,Bueno,4.73,Bueno,interpolacion_delaunay,0,530,59,19,6
2026-09-29T00:42:52.930244+00:00,1903100451828,4.49,Bueno,5.62,Bueno,interpolacion_delaunay,0,1268,201,24,22
2026-09-29T00:42:52.930244+00:00,1903103131616,2.89,Bueno,3.23,Bueno,interpolacion_delaunay,0,3396,460,75,104
2026-09-29T00:42:52.930244+00:00,1903100451103,3.81,Bueno,4.63,Bueno,interpolacion_delaunay,0,1939,184,111,81
2026-09-29T00:42:52.930244+00:00,1903103131601,3.12,Bueno,3.57,Bueno,interpolacion_delaunay,0,3536,417,97,62
2026-09-29T00:42:52.930244+00:00,1903100451226,3.44,Bueno,4.1,Bueno,interpolacion_delaunay,0,2587,267,90,42
2026-09-29T00:42:52.930244+00:00,1903103111512,4.03,Bueno,4.92,Bueno,interpolacion_delaunay,0,2486,240,126,82
2026-09-29T00:42:52.930244+00:00,1903100451635,2.92,Bueno,3.4,Bueno,interpolacion_delaunay,0,3621,518,70,103
2026-09-29T00:42:52.930244+00:00,1903103131300,2.9,Bueno,3.2,Bueno,promedio_sensores,1,4074,495,120,80
2026-09-29T00:42:52.930244+00:00,1903103111508,3.75,Bueno,4.53,Bueno,interpolacion_delaunay,0,3724,412,113,64
2026-09-29T00:42:52.930244+00:00,1903100451387,3.33,Bueno,3.99,Bueno,interpolacion_delaunay,0,1540,218,34,55
2026-09-29T00:42:52.930244+00:00,1903100452101,2.8,Bueno,3.24,Bueno,interpolacion_delaunay,0,1249,214,20,18
2026-09-29T00:42:52.930244+00:00,1903100451283,2.79,Bueno,3.17,Bueno,interpolacion_delaunay,0,3230,373,88,78
2026-09-29T00:42:52.930244+00:00,1903103111527,3.9,Bueno,4.73,Bueno,interpolacion_delaunay,0,1682,145,143,89
2026-09-29T00:42:52.930244+00:00,1903100452402,2.62,Bueno,2.95,Bueno,interpolacion_delaunay,0,0,0,0,0
2026-09-29T02:51:00.661018+00:00,1900601740121,8.7,Bueno,10.1,Bueno,promedio_sensores,1,2694,310,73,36
2026-09-29T02:51:00.661018+00:00,1900601740155,8.88,Bueno,10.37,Bueno,interpolacion_delaunay,0,1820,285,54,16
2026-09-29T02:51:00.661018+00:00,1900600781948,8.38,Bueno,9.71,Bueno,interpolacion_delaunay,0,1170,93,69,32
2026-09-29T02:51:00.661018+00:00,1900600012236,9.18,Bueno,11.0,Bueno,interpolacion_delaunay,0,264,28,6,0
2026-09-29T02:51:00.661018+00:00,1900600010225,9.13,Bueno,12.33,Bueno,interpolacion_delaunay,0,1,0,0,0
2026-09-29T02:51:00.661018+00:00,1900600010206,9.49,Bueno,13.66,Bueno,interpolacion_delaunay,0,6646,747,526,177
2026-09-29T02:51:00.661018+00:00,1900600010210,9.19,Bueno,12.65,Bueno,interpolacion_delaunay,0,0,0,0,0
2026-09-29T02:51:00.661018+00:00,1900600010244,9.35,Bueno,12.62,Bueno,interpolacion_delaunay,0,90,3,14,3
2026-09-29T02:51:00.661018+00:00,1900600010259,9.46,Bueno,13.15,Bueno,interpolacion_delaunay,0,3329,268,159,53
2026-09-29T02:51:00.661018+00:00,1900600010278,9.31,Bueno,12.42,Bueno,interpolacion_delaunay,0,486,52,18,8
2026-09-29T02:51:00.661018+00:00,1900600010297,9.01,Bueno,11.36,Bueno,interpolacion_delaunay,0,5850,524,288,225
2026-09-29T02:51:00.661018+00:00,1900600010475,9.23,Bueno,12.12,Bueno,interpolacion_delaunay,0,4729,407,844,249
2026-09-29T02:51:00.661018+00:00,190060001030A,8.97,Bueno,11.18,Bueno,interpolacion_delaunay,0,4134,431,170,127
2026-09-29T02:51:00.661018+00:00,1900600010348,9.32,Bueno,11.64,Bueno,interpolacion_delaunay,0,7877,871,609,196
2026-09-29T02:51:00.661018+00:00,1900600010460,9.3,Bueno,12.28,Bueno,interpolacion_delaunay,0,4909,343,1088,217
2026-09-29T02:51:00.661018+00:00,1900600010352,9.26,Bueno,11.3,Bueno,interpolacion_delaunay,0,1017,63,153,80
2026-09-29T02:51:00.661018+00:00,1900600010367,9.33,Bueno,11.45,Bueno,interpolacion_delaunay,0,469,45,60,46
2026-09-29T02:51:00.661018+00:00,1900600010403,9.56,Bueno,14.68,Bueno,interpolacion_delaunay,0,4726,352,972,196
2026-09-29T02:51:00.661018+00:00,190060001055A,9.49,Bueno,14.33,Bueno,interpolacion_delaunay,0,4579,363,547,197
2026-09-29T02:51:00.661018+00:00,1900600010583,9.22,Bueno,12.42,Bueno,interpolacion_delaunay,0,4964,382,425,153
2026-09-29T02:51:00.661018+00:00,1900600010598,9.11,Bueno,12.02,Bueno,interpolacion_delaunay,0,5332,416,338,212
2026-09-29T02:51:00.661018+00:00,1900600010723,8.12,Bueno,11.03,Bueno,interpolacion_delaunay,0,5109,353,1039,281
2026-09-29T02:51:00.661018+00:00,1900600010780,9.14,Bueno,11.52,Bueno,interpolacion_delaunay,0,3755,348,382,222
2026-09-29T02:51:00.661018+00:00,1900600010795,9.19,Bueno,11.52,Bueno,interpolacion_delaunay,0,5270,506,424,204
2026-09-29T02:51:00.661018+00:00,1900600010808,9.25,Bueno,11.55,Bueno,interpolacion_delaunay,0,3443,304,372,102
2026-09-29T02:51:00.661018+00:00,1900600010920,9.6,Bueno,15.0,Bueno,promedio_sensores,1,5729,316,496,128
2026-09-29T02:51:00.661018+00:00,1900600011011,9.4,Bueno,13.15,Bueno,interpolacion_delaunay,0,0,0,0,0
2026-09-29T02:51:00.661018+00:00,1900600011026,9.33,Bueno,12.82,Bueno,interpolacion_delaunay,0,0,0,0,0
2026-09-29T02:51:00.661018+00:00,1900600011064,9.57,Bueno,14.59,Bueno,interpolacion_delaunay,0,4513,371,370,162
2026-09-29T02:51:00.661018+00:00,1900600011098,26.06,Aceptable,30.96,Bueno,interpolacion_delaunay,0,5772,542,419,165
2026-09-29T02:51:00.661018+00:00,1900600011149,9.25,Bueno,11.13,Bueno,interpolacion_delaunay,0,1140,100,87,38
2026-09-29T02:51:00.661018+00:00,1900600011350,9.55,Bueno,14.45,Bueno,interpolacion_delaunay,0,3323,233,353,93
2026-09-29T02:51:00.661018+00:00,1900600011365,9.54,Bueno,14.27,Bueno,interpolacion_delaunay,0,3259,285,225,87
2026-09-29T02:51:00.661018+00:00,190060001137A,8.57,Bueno,12.06,Bueno,interpolacion_delaunay,0,2748,223,522,132
2026-09-29T02:51:00.661018+00:00,1900600011632,8.87,Bueno,10.91,Bueno,interpolacion_delaunay,0,5931,475,161,144
2026-09-29T02:51:00.661018+00:00,1900600011384,8.88,Bueno,12.69,Bueno,interpolacion_delaunay,0,3359,263,352,73
2026-09-29T02:51:00.661018+00:00,1900600011399,9.51,Bueno,14.02,Bueno,interpolacion_delaunay,0,2371,274,284,91
2026-09-29T02:51:00.661018+00:00,1900600011469,8.9,Bueno,11.06,Bueno,interpolacion_delaunay,0,1932,125,131,96
2026-09-29T02:51:00.661018+00:00,1900600011401,9.55,Bueno,13.98,Bueno,interpolacion_delaunay,0,3593,269,468,144
2026-09-29T02:51:00.661018+00:00,190060001144A,8.97,Bueno,11.49,Bueno,interpolacion_delaunay,0,6239,575,321,95
2026-09-29T02:51:00.661018+00:00,1900600011473,9.17,Bueno,12.2,Bueno,interpolacion_delaunay,0,2826,209,259,107
2026-09-29T02:51:00.661018+00:00,1900600011488,9.21,Bueno,12.22,Bueno,interpolacion_delaunay,0,2922,234,293,96
2026-09-29T02:51:00.661018+00:00,1900600011492,9.19,Bueno,11.82,Bueno,interpolacion_delaunay,0,1725,134,78,56
2026-09-29T02:51:00.661018+00:00,1900600011505,9.12,Bueno,11.68,Bueno,interpolacion_delaunay,0,2030,151,78,103
2026-09-29T02:51:00.661018+00:00,190060001151A,9.1,Bueno,11.54,Bueno,interpolacion_delaunay,0,4650,413,187,145
2026-09-29T02:51:00.661018+00:00,1900600011524,9.06,Bueno,11.26,Bueno,interpolacion_delaunay,0,3658,279,744,150
2026-09-29T02:51:00.661018+00:00,1900600011539,9.12,Bueno,11.26,Bueno,interpolacion_delaunay,0,3879,269,179,190
2026-09-29T02:51:00.661018+00:00,1900600011543,9.21,Bueno,11.34,Bueno,interpolacion_delaunay,0,3926,372,127,91
2026-09-29T02:51:00.661018+00:00,1900600011844,8.92,Bueno,10.83,Bueno,interpolacion_delaunay,0,1922,166,57,23
2026-09-29T02:51:00.661018+00:00,1900600011666,8.89,Bueno,10.83,Bueno,interpolacion_delaunay,0,2454,221,74,68
2026-09-29T02:51:00.661018+00:00,1900600011859,8.95,Bueno,10.82,Bueno,interpolacion_delaunay,0,1533,143,46,34
2026-09-29T02:51:00.661018+00:00,1900600011863,9.15,Bueno,11.14,Bueno,interpolacion_delaunay,0,1050,130,36,5
2026-09-29T02:51:00.661018+00:00,1900600011878,9.12,Bueno,10.84,Bueno,interpolacion_delaunay,0,5255,440,206,130
2026-09-29T02:51:00.661018+00:00,1900600011882,9.07,Bueno,10.69,Bueno,interpolacion_delaunay,0,5356,444,208,243
2026-09-29T02:51:00.661018+00:00,190060001190A,9.2,Bueno,10.98,Bueno,interpolacion_delaunay,0,3346,296,126,99
2026-09-29T02:51:00.661018+00:00,1900600011914,8.97,Bueno,10.5,Bueno,interpolacion_delaunay,0,5844,518,215,189
2026-09-29T02:51:00.661018+00:00,1900600011929,8.45,Bueno,9.82,Bueno,interpolacion_delaunay,0,5690,426,232,211
2026-09-29T02:51:00.661018+00:00,1900600012043,8.99,Bueno,10.64,Bueno,interpolacion_delaunay,0,3660,375,120,69
2026-09-29T02:51:00.661018+00:00,1900600012109,8.97,Bueno,10.92,Bueno,interpolacion_delaunay,0,1488,155,32,33
2026-09-29T02:51:00.661018+00:00,1900600012128,9.12,Bueno,11.12,Bueno,interpolacion_delaunay,0,1714,168,66,31
2026-09-29T02:51:00.661018+00:00,190060001226A,9.19,Bueno,11.99,Bueno,interpolacion_delaunay,0,4528,324,328,117
2026-09-29T02:51:00.661018+00:00,1900600012274,9.08,Bueno,11.73,Bueno,interpolacion_delaunay,0,5782,615,191,106
2026-09-29T02:51:00.661018+00:00,190060001233A,8.94,Bueno,10.7,Bueno,interpolacion_delaunay,0,2449,267,53,48
2026-09-29T02:51:00.661018+00:00,1900600012414,9.03,Bueno,11.0,Bueno,interpolacion_delaunay,0,2297,332,39,45
2026-09-29T02:51:00.661018+00:00,1900600012429,9.04,Bueno,10.86,Bueno,interpolacion_delaunay,0,3283,479,97,39
2026-09-29T02:51:00.661018+00:00,1900600012734,9.15,Bueno,11.02,Bueno,interpolacion_delaunay,0,961,146,24,13
2026-09-29T02:51:00.661018+00:00,1900600010992,9.35,Bueno,13.22,Bueno,interpolacion_delaunay,0,0,0,0,0
2026-09-29T02:51:00.661018+00:00,1900600012804,9.39,Bueno,13.56,Bueno,interpolacion_delaunay,0,705,129,13,7
2026-09-29T02:51:00.661018+00:00,1900600011897,8.36,Bueno,9.69,Bueno,interpolacion_delaunay,0,3063,294,202,149
2026-09-29T02:51:00.661018+00:00,1900600012202,8.9,Bueno,10.4,Bueno,interpolacion_delaunay,0,372,48,3,8
2026-09-29T02:51:00.661018+00:00,1900600012039,8.83,Bueno,10.31,Bueno,interpolacion_delaunay,0,2684,242,90,67
2026-09-29T02:51:00.661018+00:00,1900601740047,8.79,Bueno,10.46,Bueno,interpolacion_delaunay,0,1719,266,38,40
2026-09-29T02:51:00.661018+00:00,190190001005A,6.25,Bueno,6.79,Bueno,interpolacion_delaunay,0,2404,108,693,69
2026-09-29T02:51:00.661018+00:00,1901900010064,6.6,Bueno,7.25,Bueno,promedio_sensores,4,2721,181,677,58
2026-09-29T02:51:00.661018+00:00,1901900010079,7.3,Bueno,8.0,Bueno,promedio_sensores,1,4464,212,1159,127
2026-09-29T02:51:00.661018+00:00,1901900010083,4.37,Bueno,4.77,Bueno,promedio_sensores,3,1374,63,441,45
2026-09-29T02:51:00.661018+00:00,1901900010098,5.0,Bueno,5.2,Bueno,promedio_sensores,1,1854,103,460,42
2026-09-29T02:51:00.661018+00:00,1901900010100,11.4,Bueno,13.1,Bueno,promedio_sensores,1,1944,129,547,21
2026-09-29T02:51:00.661018+00:00,1901900010149,4.6,Bueno,5.2,Bueno,promedio_sensores,1,1163,75,215,15
2026-09-29T02:51:00.661018+00:00,1901900010153,6.3,Bueno,6.8,Bueno,promedio_sensores,1,1800,134,430,81
2026-09-29T02:51:00.661018+00:00,1901900010168,6.7,Bueno,7.5,Bueno,promedio_sensores,1,1570,81,416,43
2026-09-29T02:51:00.661018+00:00,1901900010172,5.91,Bueno,6.48,Bueno,interpolacion_delaunay,0,1335,59,357,29
2026-09-29T02:51:00.661018+00:00,1901900010187,5.34,Bueno,5.92,Bueno,interpolacion_delaunay,0,4463,306,999,93
2026-09-29T02:51:00.661018+00:00,1901900010191,3.8,Bueno,4.4,Bueno,promedio_sensores,1,2824,172,637,108
2026-09-29T02:51:00.661018+00:00,1901900010204,4.87,Bueno,5.36,Bueno,interpolacion_delaunay,0,3926,317,736,119
2026-09-29T02:51:00.661018+00:00,1901900010223,5.34,Bueno,5.72,Bueno,interpolacion_delaunay,0,2979,89,503,54
2026-09-29T02:51:00.661018+00:00,1901900010238,5.2,Bueno,5.5,Bueno,promedio_sensores,1,1904,73,302,23
2026-09-29T02:51:00.661018+00:00,1901900010242,3.33,Bueno,3.57,Bueno,promedio_sensores,3,2717,143,729,92
2026-09-29T02:51:00.661018+00:00,1901900010257,5.0,Bueno,5.3,Bueno,promedio_sensores,1,1307,56,361,13
2026-09-29T02:51:00.661018+00:00,1901900010261,2.65,Bueno,2.9,Bueno,promedio_sensores,2,2240,113,567,42
2026-09-29T02:51:00.661018+00:00,1901900010280,4.3,Bueno,4.54,Bueno,interpolacion_delaunay,0,2690,79,360,43
2026-09-29T02:51:00.661018+00:00,1901900010350,9.13,Bueno,10.24,Bueno,interpolacion_delaunay,0,2768,148,592,68
2026-09-29T02:51:00.661018+00:00,1901900010365,12.5,Bueno,12.8,Bueno,promedio_sensores,1,3419,327,293,61
2026-09-29T02:51:00.661018+00:00,1901900010399,6.2,Bueno,6.65,Bueno,promedio_sensores,2,1162,6,68,0
2026-09-29T02:51:00.661018+00:00,1901900010401,5.4,Bueno,5.8,Bueno,promedio_sensores,1,2375,247,392,86
2026-09-29T02:51:00.661018+00:00,1901900010416,8.28,Bueno,9.85,Bueno,interpolacion_delaunay,0,700,19,105,4
2026-09-29T02:51:00.661018+00:00,1901900010420,4.4,Bueno,4.9,Bueno,promedio_sensores,1,1696,93,408,47
2026-09-29T02:51:00.661018+00:00,1901900010435,6.4,Bueno,6.7,Bueno,promedio_sensores,1,4494,346,601,54
2026-09-29T02:51:00.661018+00:00,190190001044A,5.1,Bueno,5.9,Bueno,promedio_sensores,3,4383,354,439,56
2026-09-29T02:51:00.661018+00:00,1901900010454,4.95,Bueno,5.35,Bueno,promedio_sensores,2,557,26,114,11
2026-09-29T02:51:00.661018+00:00,1901900010469,3.9,Bueno,4.2,Bueno,promedio_sensores,1,3112,170,568,37
2026-09-29T02:51:00.661018+00:00,1901900010473,4.56,Bueno,4.99,Bueno,interpolacion_delaunay,0,983,46,182,19
2026-09-29T02:51:00.661018+00:00,1901900010488,5.2,Bueno,6.0,Bueno,promedio_sensores,2,2757,295,371,102
2026-09-29T02:51:00.661018+00:00,1901900010492,2.6,Bueno,2.75,Bueno,promedio_sensores,2,2848,173,697,71
2026-09-29T02:51:00.661018+00:00,1901900010505,4.1,Bueno,4.45,Bueno,interpolacion_delaunay,0,2494,111,512,19
2026-09-29T02:51:00.661018+00:00,190190001051A,4.7,Bueno,5.0,Bueno,promedio_sensores,1,1899,111,507,36
2026-09-29T02:51:00.661018+00:00,1901900010558,4.53,Bueno,4.63,Bueno,promedio_sensores,3,1349,87,230,21
2026-09-29T02:51:00.661018+00:00,1901900010613,4.01,Bueno,4.42,Bueno,interpolacion_delaunay,0,132,0,20,0
2026-09-29T02:51:00.661018+00:00,1901900010384,5.29,Bueno,5.67,Bueno,interpolacion_delaunay,0,1111,19,119,15
2026-09-29T02:51:00.661018+00:00,1901900010219,5.3,Bueno,5.72,Bueno,interpolacion_delaunay,0,1954,106,555,58
2026-09-29T02:51:00.661018+00:00,1902100011338,44.38,Mala,48.99,Aceptable,interpolacion_delaunay,0,2800,219,134,55
2026-09-29T02:51:00.661018+00:00,1902100011817,65.9,Mala,72.3,Mala,promedio_sensores,1,583,52,40,11
2026-09-29T02:51:00.661018+00:00,1902100010293,44.17,Mala,49.14,Aceptable,interpolacion_delaunay,0,2008,84,165,35
2026-09-29T02:51:00.661018+00:00,190210001033A,46.96,Mala,51.92,Aceptable,interpolacion_delaunay,0,4000,286,440,91
2026-09-29T02:51:00.661018+00:00,1902100011060,7.72,Bueno,10.05,Bueno,interpolacion_delaunay,0,3355,278,195,95
2026-09-29T02:51:00.661018+00:00,1902100010289,41.78,Mala,46.66,Aceptable,interpolacion_delaunay,0,1352,78,109,44
2026-09-29T02:51:00.661018+00:00,1902100010325,22.64,Aceptable,26.14,Bueno,interpolacion_delaunay,0,1,0,0,0
2026-09-29T02:51:00.661018+00:00,1902100011412,8.1,Bueno,11.1,Bueno,promedio_sensores,1,3239,228,156,27
2026-09-29T02:51:00.661018+00:00,1902100011427,50.54,Mala,55.76,Aceptable,interpolacion_delaunay,0,4126,302,227,21
2026-09-29T02:51:00.661018+00:00,1902100011408,45.0,Mala,50.96,Aceptable,interpolacion_delaunay,0,6781,377,571,69
2026-09-29T02:51:00.661018+00:00,1902100011342,38.48,Mala,42.64,Bueno,interpolacion_delaunay,0,4655,261,185,126
2026-09-29T02:51:00.661018+00:00,1902100010043,7.4,Bueno,9.94,Bueno,interpolacion_delaunay,0,4208,322,819,334
2026-09-29T02:51:00.661018+00:00,1902100010255,23.81,Aceptable,27.02,Bueno,interpolacion_delaunay,0,6704,625,410,194
2026-09-29T02:51:00.661018+00:00,1902100010378,7.5,Bueno,10.3,Bueno,promedio_sensores,1,4134,262,294,72
2026-09-29T02:51:00.661018+00:00,1902100011075,7.27,Bueno,9.45,Bueno,interpolacion_delaunay,0,8122,855,320,248
2026-09-29T02:51:00.661018+00:00,1902600011832,9.35,Bueno,11.94,Bueno,interpolacion_delaunay,0,3764,305,386,174
2026-09-29T02:51:00.661018+00:00,1902600010035,9.23,Bueno,11.69,Bueno,interpolacion_delaunay,0,1597,156,285,106
2026-09-29T02:51:00.661018+00:00,1902600012332,5.79,Bueno,7.08,Bueno,interpolacion_delaunay,0,5634,507,898,399
2026-09-29T02:51:00.661018+00:00,1902600010020,9.32,Bueno,12.12,Bueno,interpolacion_delaunay,0,1825,174,355,160
2026-09-29T02:51:00.661018+00:00,1902600011279,9.26,Bueno,11.96,Bueno,interpolacion_delaunay,0,4324,384,731,269
2026-09-29T02:51:00.661018+00:00,1902600011283,9.22,Bueno,11.77,Bueno,interpolacion_delaunay,0,3719,341,754,207
2026-09-29T02:51:00.661018+00:00,1902600012440,9.46,Bueno,12.52,Bueno,interpolacion_delaunay,0,2604,133,153,35
2026-09-29T02:51:00.661018+00:00,1902600012667,9.43,Bueno,11.17,Bueno,interpolacion_delaunay,0,778,73,30,14
2026-09-29T02:51:00.661018+00:00,1902600012811,5.36,Bueno,6.36,Bueno,interpolacion_delaunay,0,26,4,0,0
2026-09-29T02:51:00.661018+00:00,1902600010459,7.21,Bueno,8.18,Bueno,interpolacion_delaunay,0,3039,123,850,229
2026-09-29T02:51:00.661018+00:00,1902600010317,7.62,Bueno,8.69,Bueno,interpolacion_delaunay,0,4084,275,902,321
2026-09-29T02:51:00.661018+00:00,1902600010957,9.29,Bueno,11.89,Bueno,interpolacion_delaunay,0,5841,533,1121,336
2026-09-29T02:51:00.661018+00:00,1902600011103,7.92,Bueno,9.16,Bueno,interpolacion_delaunay,0,950,69,80,47
2026-09-29T02:51:00.661018+00:00,1902600011457,8.13,Bueno,9.48,Bueno,interpolacion_delaunay,0,2279,129,466,94
2026-09-29T02:51:00.661018+00:00,1902600011404,4.3,Bueno,5.1,Bueno,interpolacion_delaunay,0,3115,227,702,219
2026-09-29T02:51:00.661018+00:00,1902600011508,8.21,Bueno,9.55,Bueno,interpolacion_delaunay,0,1978,175,250,90
2026-09-29T02:51:00.661018+00:00,1902600011828,9.35,Bueno,12.22,Bueno,interpolacion_delaunay,0,2175,178,266,60
2026-09-29T02:51:00.661018+00:00,1902600011847,9.39,Bueno,11.98,Bueno,interpolacion_delaunay,0,4488,374,407,157
2026-09-29T02:51:00.661018+00:00,1902600012402,8.61,Bueno,10.29,Bueno,interpolacion_delaunay,0,2699,234,353,170
2026-09-29T02:51:00.661018+00:00,1902600012205,7.35,Bueno,8.76,Bueno,interpolacion_delaunay,0,4435,432,502,204
2026-09-29T02:51:00.661018+00:00,1902600012258,8.7,Bueno,10.2,Bueno,interpolacion_delaunay,0,1006,77,102,40
2026-09-29T02:51:00.661018+00:00,1902600012296,8.86,Bueno,10.79,Bueno,interpolacion_delaunay,0,4398,237,919,190
2026-09-29T02:51:00.661018+00:00,1902600012455,9.42,Bueno,12.24,Bueno,interpolacion_delaunay,0,4962,328,296,118
2026-09-29T02:51:00.661018+00:00,1902600010302,7.47,Bueno,8.49,Bueno,interpolacion_delaunay,0,2790,166,675,209
2026-09-29T02:51:00.661018+00:00,1902600010425,6.39,Bueno,7.41,Bueno,interpolacion_delaunay,0,3687,235,843,230
2026-09-29T02:51:00.661018+00:00,1902600010533,6.53,Bueno,7.6,Bueno,interpolacion_delaunay,0,1681,81,395,96
2026-09-29T02:51:00.661018+00:00,1902600011813,9.38,Bueno,12.35,Bueno,interpolacion_delaunay,0,5250,447,545,129
2026-09-29T02:51:00.661018+00:00,1902600011851,9.43,Bueno,11.99,Bueno,interpolacion_delaunay,0,4115,305,359,155
2026-09-29T02:51:00.661018+00:00,1902600012436,9.42,Bueno,12.57,Bueno,interpolacion_delaunay,0,3242,185,145,20
2026-09-29T02:51:00.661018+00:00,1902600012686,8.93,Bueno,10.49,Bueno,interpolacion_delaunay,0,40,3,7,5
2026-09-29T02:51:00.661018+00:00,1902600010124,8.41,Bueno,9.95,Bueno,interpolacion_delaunay,0,2665,140,749,113
2026-09-29T02:51:00.661018+00:00,1902600012417,8.79,Bueno,10.73,Bueno,interpolacion_delaunay,0,2073,147,228,128
2026-09-29T02:51:00.661018+00:00,1902600012347,6.96,Bueno,8.22,Bueno,interpolacion_delaunay,0,4440,433,247,105
2026-09-29T02:51:00.661018+00:00,190260001239A,9.65,Bueno,11.11,Bueno,interpolacion_delaunay,0,2697,236,207,88
2026-09-29T02:51:00.661018+00:00,190260001260A,8.94,Bueno,10.52,Bueno,interpolacion_delaunay,0,979,82,21,36
2026-09-29T02:51:00.661018+00:00,1902600011391,8.64,Bueno,10.09,Bueno,interpolacion_delaunay,0,3747,280,1036,286
2026-09-29T02:51:00.661018+00:00,1902600010251,8.81,Bueno,10.33,Bueno,interpolacion_delaunay,0,6072,581,994,581
2026-09-29T02:51:00.661018+00:00,1902600010707,7.45,Bueno,8.62,Bueno,interpolacion_delaunay,0,4261,296,986,365
2026-09-29T02:51:00.661018+00:00,190260001157A,7.59,Bueno,8.74,Bueno,interpolacion_delaunay,0,2161,148,444,126
2026-09-29T02:51:00.661018+00:00,1902600011654,7.81,Bueno,9.31,Bueno,interpolacion_delaunay,0,3737,309,535,205
2026-09-29T02:51:00.661018+00:00,1902600012385,5.31,Bueno,6.31,Bueno,interpolacion_delaunay,0,108,11,8,5
2026-09-29T02:51:00.661018+00:00,1902600011495,8.42,Bueno,9.84,Bueno,interpolacion_delaunay,0,2675,203,421,91
2026-09-29T02:51:00.661018+00:00,1902600012525,7.4,Bueno,8.69,Bueno,interpolacion_delaunay,0,6162,464,363,124
2026-09-29T02:51:00.661018+00:00,1902600010995,9.41,Bueno,11.77,Bueno,interpolacion_delaunay,0,1016,61,224,56
2026-09-29T02:51:00.661018+00:00,1902600011866,8.05,Bueno,9.39,Bueno,interpolacion_delaunay,0,3064,167,548,67
2026-09-29T02:51:00.661018+00:00,190260001207A,3.09,Bueno,3.85,Bueno,interpolacion_delaunay,0,2199,99,452,47
2026-09-29T02:51:00.661018+00:00,1902600012120,3.37,Bueno,4.17,Bueno,interpolacion_delaunay,0,1092,33,384,28
2026-09-29T02:51:00.661018+00:00,1902600012135,5.95,Bueno,7.0,Bueno,interpolacion_delaunay,0,1356,47,414,29
2026-09-29T02:51:00.661018+00:00,1902600012544,6.65,Bueno,8.07,Bueno,interpolacion_delaunay,0,2171,187,206,83
2026-09-29T02:51:00.661018+00:00,1902600010069,7.68,Bueno,8.8,Bueno,interpolacion_delaunay,0,1920,94,579,107
2026-09-29T02:51:00.661018+00:00,1902600010073,7.77,Bueno,8.92,Bueno,interpolacion_delaunay,0,3137,159,955,77
2026-09-29T02:51:00.661018+00:00,1902600010088,7.81,Bueno,9.0,Bueno,interpolacion_delaunay,0,2870,157,722,160
2026-09-29T02:51:00.661018+00:00,1902600010158,7.78,Bueno,8.84,Bueno,interpolacion_delaunay,0,1517,70,502,83
2026-09-29T02:51:00.661018+00:00,190260001029A,7.25,Bueno,8.2,Bueno,interpolacion_delaunay,0,1809,94,461,133
2026-09-29T02:51:00.661018+00:00,1902600011885,7.58,Bueno,8.65,Bueno,interpolacion_delaunay,0,1944,100,497,103
2026-09-29T02:51:00.661018+00:00,1902600012192,8.6,Bueno,10.07,Bueno,interpolacion_delaunay,0,2742,217,241,94
2026-09-29T02:51:00.661018+00:00,1902600012243,5.0,Bueno,6.17,Bueno,interpolacion_delaunay,0,316,37,21,22
2026-09-29T02:51:00.661018+00:00,1902600012421,9.1,Bueno,11.37,Bueno,interpolacion_delaunay,0,2385,134,120,49
2026-09-29T02:51:00.661018+00:00,1902600012597,9.16,Bueno,10.81,Bueno,interpolacion_delaunay,0,3539,244,126,97
2026-09-29T02:51:00.661018+00:00,1902600011029,9.48,Bueno,12.01,Bueno,interpolacion_delaunay,0,1109,94,97,45
2026-09-29T02:51:00.661018+00:00,190260001189A,7.63,Bueno,8.7,Bueno,interpolacion_delaunay,0,2117,131,543,112
2026-09-29T02:51:00.661018+00:00,1902600012703,5.57,Bueno,6.61,Bueno,interpolacion_delaunay,0,632,49,33,14
2026-09-29T02:51:00.661018+00:00,1902600011372,8.66,Bueno,10.07,Bueno,interpolacion_delaunay,0,2451,168,520,192
2026-09-29T02:51:00.661018+00:00,1902600012366,8.79,Bueno,10.31,Bueno,interpolacion_delaunay,0,350,28,12,6
2026-09-29T02:51:00.661018+00:00,1902600010321,7.98,Bueno,9.15,Bueno,interpolacion_delaunay,0,5159,259,1483,335
2026-09-29T02:51:00.661018+00:00,1902600010336,8.11,Bueno,9.33,Bueno,interpolacion_delaunay,0,3112,150,945,118
2026-09-29T02:51:00.661018+00:00,1902600010340,8.33,Bueno,9.62,Bueno,interpolacion_delaunay,0,5009,289,1452,316
2026-09-29T02:51:00.661018+00:00,1902600010355,8.41,Bueno,9.73,Bueno,interpolacion_delaunay,0,2172,143,527,123
2026-09-29T02:51:00.661018+00:00,1902600010389,8.77,Bueno,10.23,Bueno,interpolacion_delaunay,0,3485,223,809,188
2026-09-29T02:51:00.661018+00:00,1902600010393,8.77,Bueno,10.26,Bueno,interpolacion_delaunay,0,4293,274,932,186
2026-09-29T02:51:00.661018+00:00,1902600010618,7.88,Bueno,9.15,Bueno,interpolacion_delaunay,0,3420,248,733,217
2026-09-29T02:51:00.661018+00:00,1902600010730,10.31,Bueno,11.05,Bueno,interpolacion_delaunay,0,4610,359,992,364
2026-09-29T02:51:00.661018+00:00,1902600011033,9.59,Bueno,12.0,Bueno,interpolacion_delaunay,0,5199,444,572,162
2026-09-29T02:51:00.661018+00:00,1902600011122,7.6,Bueno,9.18,Bueno,interpolacion_delaunay,0,6940,637,766,300
2026-09-29T02:51:00.661018+00:00,1902600011546,7.19,Bueno,8.25,Bueno,interpolacion_delaunay,0,3715,209,870,202
2026-09-29T02:51:00.661018+00:00,1902600011461,8.24,Bueno,9.64,Bueno,interpolacion_delaunay,0,3227,233,684,198
2026-09-29T02:51:00.661018+00:00,190260001132A,8.14,Bueno,9.37,Bueno,interpolacion_delaunay,0,2713,152,488,78
2026-09-29T02:51:00.661018+00:00,1902600011334,9.05,Bueno,10.68,Bueno,interpolacion_delaunay,0,3525,289,683,240
2026-09-29T02:51:00.661018+00:00,1902600011349,9.27,Bueno,11.07,Bueno,interpolacion_delaunay,0,2716,239,484,222
2026-09-29T02:51:00.661018+00:00,1902600011368,8.55,Bueno,9.92,Bueno,interpolacion_delaunay,0,3348,226,652,119
2026-09-29T02:51:00.661018+00:00,1902600011419,7.58,Bueno,8.66,Bueno,interpolacion_delaunay,0,2833,144,728,158
2026-09-29T02:51:00.661018+00:00,1902600011442,7.92,Bueno,9.22,Bueno,interpolacion_delaunay,0,3169,182,598,174
2026-09-29T02:51:00.661018+00:00,1902600011565,7.34,Bueno,8.47,Bueno,interpolacion_delaunay,0,4076,290,816,263
2026-09-29T02:51:00.661018+00:00,1902600011584,8.6,Bueno,9.6,Bueno,interpolacion_delaunay,0,4255,317,895,221
2026-09-29T02:51:00.661018+00:00,1902600011599,8.97,Bueno,10.01,Bueno,interpolacion_delaunay,0,2923,228,572,152
2026-09-29T02:51:00.661018+00:00,1902600011601,10.6,Bueno,11.2,Bueno,promedio_sensores,1,3474,261,775,299
2026-09-29T02:51:00.661018+00:00,1902600011688,9.56,Bueno,10.46,Bueno,interpolacion_delaunay,0,3727,240,688,249
2026-09-29T02:51:00.661018+00:00,190260001171A,8.02,Bueno,9.03,Bueno,interpolacion_delaunay,0,4383,321,770,213
2026-09-29T02:51:00.661018+00:00,1902600012008,3.65,Bueno,4.59,Bueno,interpolacion_delaunay,0,1064,52,278,35
2026-09-29T02:51:00.661018+00:00,1902600011781,6.0,Bueno,6.95,Bueno,interpolacion_delaunay,0,260,22,25,0
2026-09-29T02:51:00.661018+00:00,1902600011989,7.4,Bueno,8.52,Bueno,interpolacion_delaunay,0,3336,217,653,151
2026-09-29T02:51:00.661018+00:00,1902600012027,9.0,Bueno,10.0,Bueno,interpolacion_delaunay,0,5601,339,676,195
2026-09-29T02:51:00.661018+00:00,1902600012116,5.87,Bueno,7.05,Bueno,interpolacion_delaunay,0,2265,174,319,64
2026-09-29T02:51:00.661018+00:00,1902600012328,8.86,Bueno,10.41,Bueno,interpolacion_delaunay,0,2737,200,173,54
2026-09-29T02:51:00.661018+00:00,1902600012510,7.62,Bueno,9.01,Bueno,interpolacion_delaunay,0,3466,257,269,90
2026-09-29T02:51:00.661018+00:00,1902600012578,6.44,Bueno,7.69,Bueno,interpolacion_delaunay,0,2465,185,298,196
2026-09-29T02:51:00.661018+00:00,1902600012582,6.36,Bueno,7.61,Bueno,interpolacion_delaunay,0,2739,201,423,283
2026-09-29T02:51:00.661018+00:00,1902600012614,8.81,Bueno,10.35,Bueno,interpolacion_delaunay,0,3024,272,68,36
2026-09-29T02:51:00.661018+00:00,1902600010177,7.85,Bueno,8.97,Bueno,interpolacion_delaunay,0,1769,60,559,90
2026-09-29T02:51:00.661018+00:00,1902600010444,5.43,Bueno,6.3,Bueno,interpolacion_delaunay,0,2474,121,665,111
2026-09-29T02:51:00.661018+00:00,1902600011531,7.2,Bueno,8.24,Bueno,interpolacion_delaunay,0,3594,235,816,160
2026-09-29T02:51:00.661018+00:00,1902600010232,8.56,Bueno,10.01,Bueno,interpolacion_delaunay,0,2521,162,744,110
2026-09-29T02:51:00.661018+00:00,1902600010196,7.93,Bueno,9.1,Bueno,interpolacion_delaunay,0,1557,66,485,73
2026-09-29T02:51:00.661018+00:00,1902600010213,8.35,Bueno,9.72,Bueno,interpolacion_delaunay,0,2063,114,530,142
2026-09-29T02:51:00.661018+00:00,190260001011A,8.26,Bueno,9.64,Bueno,interpolacion_delaunay,0,3115,155,816,154
2026-09-29T02:51:00.661018+00:00,1902600010162,7.79,Bueno,8.88,Bueno,interpolacion_delaunay,0,1624,64,473,65
2026-09-29T02:51:00.661018+00:00,1902600010181,7.88,Bueno,8.98,Bueno,interpolacion_delaunay,0,1561,63,499,94
2026-09-29T02:51:00.661018+00:00,1902600010228,8.46,Bueno,9.83,Bueno,interpolacion_delaunay,0,1619,140,316,120
2026-09-29T02:51:00.661018+00:00,1902600010603,7.83,Bueno,9.08,Bueno,interpolacion_delaunay,0,1632,93,346,132
2026-09-29T02:51:00.661018+00:00,1902600010745,9.95,Bueno,10.77,Bueno,interpolacion_delaunay,0,1565,113,330,126
2026-09-29T02:51:00.661018+00:00,1902600010798,7.25,Bueno,8.32,Bueno,interpolacion_delaunay,0,3364,210,732,231
2026-09-29T02:51:00.661018+00:00,1902600010815,6.48,Bueno,7.63,Bueno,interpolacion_delaunay,0,4739,363,1000,268
2026-09-29T02:51:00.661018+00:00,1902600011438,4.8,Bueno,5.74,Bueno,interpolacion_delaunay,0,1771,89,459,85
2026-09-29T02:51:00.661018+00:00,1902600011476,8.37,Bueno,9.64,Bueno,interpolacion_delaunay,0,3270,215,839,209
2026-09-29T02:51:00.661018+00:00,1902600011777,6.68,Bueno,7.7,Bueno,interpolacion_delaunay,0,3599,312,366,80
2026-09-29T02:51:00.661018+00:00,1902600012031,8.4,Bueno,9.53,Bueno,interpolacion_delaunay,0,4385,273,421,152
2026-09-29T02:51:00.661018+00:00,1902600012173,4.38,Bueno,5.25,Bueno,interpolacion_delaunay,0,108,5,10,3
2026-09-29T02:51:00.661018+00:00,1902600012474,9.56,Bueno,12.45,Bueno,interpolacion_delaunay,0,3828,248,138,120
2026-09-29T02:51:00.661018+00:00,190260001253A,7.24,Bueno,8.7,Bueno,interpolacion_delaunay,0,1418,134,74,37
2026-09-29T02:51:00.661018+00:00,1902600012648,9.76,Bueno,10.84,Bueno,interpolacion_delaunay,0,1998,125,415,138
2026-09-29T02:51:00.661018+00:00,1902600012794,9.39,Bueno,11.11,Bueno,interpolacion_delaunay,0,776,83,32,8
2026-09-29T02:51:00.661018+00:00,1902600012775,9.16,Bueno,10.86,Bueno,interpolacion_delaunay,0,1381,194,42,36
2026-09-29T02:51:00.661018+00:00,1902600012898,1.78,Bueno,2.48,Bueno,interpolacion_delaunay,0,21,3,0,0
2026-09-29T02:51:00.661018+00:00,1902600010849,5.23,Bueno,6.33,Bueno,interpolacion_delaunay,0,1926,132,278,87
2026-09-29T02:51:00.661018+00:00,1902600012262,8.66,Bueno,10.18,Bueno,interpolacion_delaunay,0,2668,227,217,83
2026-09-29T02:51:00.661018+00:00,1902600010266,8.96,Bueno,10.65,Bueno,interpolacion_delaunay,0,427,58,19,0
2026-09-29T02:51:00.661018+00:00,1902600010779,4.95,Bueno,5.84,Bueno,interpolacion_delaunay,0,677,45,131,66
2026-09-29T02:51:00.661018+00:00,1902600010872,3.01,Bueno,3.82,Bueno,interpolacion_delaunay,0,3088,114,989,72
2026-09-29T02:51:00.661018+00:00,1902600011902,8.54,Bueno,10.01,Bueno,interpolacion_delaunay,0,2434,191,435,71
2026-09-29T02:51:00.661018+00:00,1902600011993,7.16,Bueno,8.23,Bueno,interpolacion_delaunay,0,3528,203,521,147
2026-09-29T02:51:00.661018+00:00,1902600012012,3.39,Bueno,4.29,Bueno,interpolacion_delaunay,0,2227,119,600,34
2026-09-29T02:51:00.661018+00:00,1902600012084,1.82,Bueno,2.48,Bueno,interpolacion_delaunay,0,1461,49,516,49
2026-09-29T02:51:00.661018+00:00,1902600012188,1.42,Bueno,2.11,Bueno,interpolacion_delaunay,0,460,18,82,4
2026-09-29T02:51:00.661018+00:00,1902600012277,8.69,Bueno,10.2,Bueno,interpolacion_delaunay,0,3597,281,616,228
2026-09-29T02:51:00.661018+00:00,190260001246A,9.48,Bueno,12.29,Bueno,interpolacion_delaunay,0,4546,358,308,145
2026-09-29T02:51:00.661018+00:00,1902600012559,6.7,Bueno,7.86,Bueno,interpolacion_delaunay,0,4248,285,324,114
2026-09-29T02:51:00.661018+00:00,1902600012652,9.51,Bueno,11.28,Bueno,interpolacion_delaunay,0,3158,323,113,122
2026-09-29T02:51:00.661018+00:00,1902600012671,9.64,Bueno,11.32,Bueno,interpolacion_delaunay,0,1647,122,65,34
2026-09-29T02:51:00.661018+00:00,1902600012718,4.78,Bueno,5.89,Bueno,interpolacion_delaunay,0,2829,290,123,131
2026-09-29T02:51:00.661018+00:00,1902600012741,6.96,Bueno,7.99,Bueno,interpolacion_delaunay,0,1897,119,345,52
2026-09-29T02:51:00.661018+00:00,1902600012879,9.6,Bueno,11.4,Bueno,promedio_sensores,1,2144,300,65,16
2026-09-29T02:51:00.661018+00:00,1902600010285,5.58,Bueno,6.43,Bueno,interpolacion_delaunay,0,2844,174,613,185
2026-09-29T02:51:00.661018+00:00,1902600012690,5.22,Bueno,6.2,Bueno,interpolacion_delaunay,0,79,0,3,0
2026-09-29T02:51:00.661018+00:00,1902600012099,5.76,Bueno,6.77,Bueno,interpolacion_delaunay,0,5241,599,554,189
2026-09-29T02:51:00.661018+00:00,1902600011936,9.58,Bueno,11.8,Bueno,interpolacion_delaunay,0,2951,267,407,119
2026-09-29T02:51:00.661018+00:00,1902600012169,2.2,Bueno,2.96,Bueno,interpolacion_delaunay,0,1023,50,158,14
2026-09-29T02:51:00.661018+00:00,190260001118A,4.27,Bueno,5.13,Bueno,interpolacion_delaunay,0,3453,227,320,71
2026-09-29T02:51:00.661018+00:00,1902600012050,7.06,Bueno,8.15,Bueno,interpolacion_delaunay,0,4134,320,745,263
2026-09-29T02:51:00.661018+00:00,1902600012101,5.61,Bueno,6.67,Bueno,interpolacion_delaunay,0,3626,381,484,119
2026-09-29T02:51:00.661018+00:00,1902600012563,5.48,Bueno,6.56,Bueno,interpolacion_delaunay,0,2676,291,133,25
2026-09-29T02:51:00.661018+00:00,190260001278A,9.27,Bueno,10.93,Bueno,interpolacion_delaunay,0,3558,402,98,36
2026-09-29T02:51:00.661018+00:00,1902600011921,9.53,Bueno,11.76,Bueno,interpolacion_delaunay,0,2594,223,377,76
2026-09-29T02:51:00.661018+00:00,1902600010092,7.93,Bueno,9.19,Bueno,interpolacion_delaunay,0,4183,262,1039,106
2026-09-29T02:51:00.661018+00:00,1902600011300,8.66,Bueno,10.32,Bueno,interpolacion_delaunay,0,2915,163,792,188
2026-09-29T02:51:00.661018+00:00,1902600010143,9.55,Bueno,12.08,Bueno,interpolacion_delaunay,0,2245,273,113,55
2026-09-29T02:51:00.661018+00:00,1902600011870,8.11,Bueno,9.43,Bueno,interpolacion_delaunay,0,3271,173,768,82
2026-09-29T02:51:00.661018+00:00,1902600011315,8.05,Bueno,9.3,Bueno,interpolacion_delaunay,0,3497,230,464,42
2026-09-29T02:51:00.661018+00:00,1902600011014,9.53,Bueno,12.2,Bueno,interpolacion_delaunay,0,2155,150,459,98
2026-09-29T02:51:00.661018+00:00,1902600011616,9.42,Bueno,10.56,Bueno,interpolacion_delaunay,0,3883,311,769,201
2026-09-29T02:51:00.661018+00:00,1902600011620,9.09,Bueno,10.33,Bueno,interpolacion_delaunay,0,4814,356,1024,301
2026-09-29T02:51:00.661018+00:00,1902600011480,9.33,Bueno,10.69,Bueno,interpolacion_delaunay,0,4784,390,737,223
2026-09-29T02:51:00.661018+00:00,1902600010641,9.04,Bueno,10.36,Bueno,interpolacion_delaunay,0,2917,240,627,202
2026-09-29T02:51:00.661018+00:00,1902600012633,10.24,Bueno,11.22,Bueno,interpolacion_delaunay,0,2429,188,313,91
2026-09-29T02:51:00.661018+00:00,190260001164A,8.39,Bueno,9.83,Bueno,interpolacion_delaunay,0,2101,168,367,57
2026-09-29T02:51:00.661018+00:00,1902600011635,8.59,Bueno,9.9,Bueno,interpolacion_delaunay,0,4695,347,639,204
2026-09-29T02:51:00.661018+00:00,1902600010961,9.51,Bueno,12.5,Bueno,interpolacion_delaunay,0,1353,81,150,34
2026-09-29T02:51:00.661018+00:00,1902600011226,6.41,Bueno,7.45,Bueno,interpolacion_delaunay,0,4831,444,615,226
2026-09-29T02:51:00.661018+00:00,1902600012807,6.6,Bueno,7.57,Bueno,interpolacion_delaunay,0,51,0,0,0
2026-09-29T02:51:00.661018+00:00,1902600012737,6.63,Bueno,7.61,Bueno,interpolacion_delaunay,0,153,17,4,4
2026-09-29T02:51:00.661018+00:00,1902600012046,6.95,Bueno,8.01,Bueno,interpolacion_delaunay,0,5116,376,649,199
2026-09-29T02:51:00.661018+00:00,1902600012756,6.8,Bueno,7.8,Bueno,promedio_sensores,1,2572,282,124,24
2026-09-29T02:51:00.661018+00:00,1902600010783,6.12,Bueno,7.08,Bueno,interpolacion_delaunay,0,1477,145,264,42
2026-09-29T02:51:00.661018+00:00,1902600011230,6.41,Bueno,7.47,Bueno,interpolacion_delaunay,0,3324,362,242,132
2026-09-29T02:51:00.661018+00:00,1902600011758,1.0,Bueno,1.7,Bueno,promedio_sensores,1,2105,92,408,43
2026-09-29T02:51:00.661018+00:00,1902600011141,7.32,Bueno,8.63,Bueno,interpolacion_delaunay,0,9036,1161,432,363
2026-09-29T02:51:00.661018+00:00,1902600011743,5.55,Bueno,6.77,Bueno,interpolacion_delaunay,0,7461,709,958,323
2026-09-29T02:51:00.661018+00:00,1902600012629,4.89,Bueno,5.99,Bueno,interpolacion_delaunay,0,1943,149,74,66
2026-09-29T02:51:00.661018+00:00,1902600011762,6.94,Bueno,7.98,Bueno,interpolacion_delaunay,0,2427,183,512,77
2026-09-29T02:51:00.661018+00:00,1902600011194,5.73,Bueno,6.66,Bueno,interpolacion_delaunay,0,4669,300,960,201
2026-09-29T02:51:00.661018+00:00,1902600011052,9.33,Bueno,11.13,Bueno,interpolacion_delaunay,0,7318,799,917,451
2026-09-29T02:51:00.661018+00:00,1902600012722,9.11,Bueno,10.72,Bueno,interpolacion_delaunay,0,1673,182,35,23
2026-09-29T02:51:00.661018+00:00,1902600010209,8.94,Bueno,10.48,Bueno,interpolacion_delaunay,0,0,0,0,0
2026-09-29T02:51:00.661018+00:00,1902600012883,8.79,Bueno,10.29,Bueno,interpolacion_delaunay,0,2693,391,65,39
2026-09-29T02:51:00.661018+00:00,1902600011512,6.31,Bueno,7.36,Bueno,interpolacion_delaunay,0,1411,83,448,118
2026-09-29T02:51:00.661018+00:00,1902600011527,6.25,Bueno,7.41,Bueno,interpolacion_delaunay,0,2114,99,718,127
2026-09-29T02:51:00.661018+00:00,1902600010853,5.92,Bueno,6.88,Bueno,interpolacion_delaunay,0,4562,382,755,151
2026-09-29T02:51:00.661018+00:00,1902600011160,6.1,Bueno,7.3,Bueno,promedio_sensores,1,3568,186,796,79
2026-09-29T02:51:00.661018+00:00,1902600011423,7.67,Bueno,8.79,Bueno,interpolacion_delaunay,0,2358,121,643,149
2026-09-29T02:51:00.661018+00:00,1902600011118,6.55,Bueno,7.49,Bueno,interpolacion_delaunay,0,0,0,0,0
2026-09-29T02:51:00.661018+00:00,1902600010552,7.1,Bueno,8.06,Bueno,interpolacion_delaunay,0,1358,197,299,91
2026-09-29T02:51:00.661018+00:00,1902600010567,7.27,Bueno,8.32,Bueno,interpolacion_delaunay,0,3469,239,807,212
2026-09-29T02:51:00.661018+00:00,1902600010478,7.97,Bueno,9.18,Bueno,interpolacion_delaunay,0,3451,258,686,179
2026-09-29T02:51:00.661018+00:00,1902600012493,7.66,Bueno,8.81,Bueno,interpolacion_delaunay,0,3047,231,451,139
2026-09-29T02:51:00.661018+00:00,1902600012506,7.55,Bueno,8.67,Bueno,interpolacion_delaunay,0,1875,122,448,96
2026-09-29T02:51:00.661018+00:00,1902600011387,8.43,Bueno,9.82,Bueno,interpolacion_delaunay,0,4018,279,697,181
2026-09-29T02:51:00.661018+00:00,1902600010482,8.18,Bueno,9.47,Bueno,interpolacion_delaunay,0,4004,197,1191,226
2026-09-29T02:51:00.661018+00:00,1902600010586,7.77,Bueno,8.97,Bueno,interpolacion_delaunay,0,4983,369,1196,317
2026-09-29T02:51:00.661018+00:00,1902600010590,7.85,Bueno,9.09,Bueno,interpolacion_delaunay,0,3794,290,817,254
2026-09-29T02:51:00.661018+00:00,1902600011940,8.88,Bueno,10.42,Bueno,interpolacion_delaunay,0,3450,256,773,184
2026-09-29T02:51:00.661018+00:00,1902600012224,8.28,Bueno,9.63,Bueno,interpolacion_delaunay,0,1986,122,533,118
2026-09-29T02:51:00.661018+00:00,1902600012239,8.43,Bueno,9.84,Bueno,interpolacion_delaunay,0,2664,206,487,219
2026-09-29T02:51:00.661018+00:00,1902600010548,3.23,Bueno,4.01,Bueno,interpolacion_delaunay,0,4149,203,1177,258
2026-09-29T02:51:00.661018+00:00,1902600012489,9.15,Bueno,11.27,Bueno,interpolacion_delaunay,0,2798,203,290,77
2026-09-29T02:51:00.661018+00:00,1902600011353,8.49,Bueno,9.84,Bueno,interpolacion_delaunay,0,1952,125,417,157
2026-09-29T02:51:00.661018+00:00,1902600012760,9.59,Bueno,11.61,Bueno,interpolacion_delaunay,0,3619,397,120,87
2026-09-29T02:51:00.661018+00:00,1902600011264,9.42,Bueno,11.37,Bueno,interpolacion_delaunay,0,1708,151,158,100
2026-09-29T02:51:00.661018+00:00,190260001285A,9.52,Bueno,11.32,Bueno,interpolacion_delaunay,0,1850,298,50,26
2026-09-29T02:51:00.661018+00:00,1902600010270,8.56,Bueno,10.0,Bueno,interpolacion_delaunay,0,0,0,0,0
2026-09-29T02:51:00.661018+00:00,1902600010406,8.97,Bueno,10.53,Bueno,interpolacion_delaunay,0,2889,225,550,115
2026-09-29T02:51:00.661018+00:00,1902600011067,9.13,Bueno,10.77,Bueno,interpolacion_delaunay,0,4252,360,451,270
2026-09-29T02:51:00.661018+00:00,1902600011086,8.61,Bueno,10.13,Bueno,interpolacion_delaunay,0,3224,245,126,84
2026-09-29T02:51:00.661018+00:00,1902600012313,7.63,Bueno,8.8,Bueno,interpolacion_delaunay,0,2567,202,407,174
2026-09-29T02:51:00.661018+00:00,1902600012309,7.92,Bueno,9.22,Bueno,interpolacion_delaunay,0,2125,241,150,88
2026-09-29T02:51:00.661018+00:00,1902600011809,9.29,Bueno,10.98,Bueno,interpolacion_delaunay,0,2127,251,117,120
2026-09-29T02:51:00.661018+00:00,1902600012864,9.23,Bueno,10.93,Bueno,interpolacion_delaunay,0,1168,168,40,16
2026-09-29T02:51:00.661018+00:00,190260001125A,5.63,Bueno,6.66,Bueno,interpolacion_delaunay,0,541,13,170,22
2026-09-29T02:51:00.661018+00:00,1902600011071,8.16,Bueno,9.48,Bueno,interpolacion_delaunay,0,3143,264,264,89
2026-09-29T02:51:00.661018+00:00,190260001196A,7.93,Bueno,9.16,Bueno,interpolacion_delaunay,0,3349,324,262,100
2026-09-29T02:51:00.661018+00:00,1902600011955,9.14,Bueno,10.78,Bueno,interpolacion_delaunay,0,3582,349,216,97
2026-09-29T02:51:00.661018+00:00,190260001050A,8.69,Bueno,10.2,Bueno,interpolacion_delaunay,0,2022,217,309,73
2026-09-29T02:51:00.661018+00:00,1903900012400,6.7,Bueno,7.9,Bueno,promedio_sensores,1,4517,429,723,304
2026-09-29T02:51:00.661018+00:00,1903900014657,9.04,Bueno,10.04,Bueno,interpolacion_delaunay,0,2491,234,438,138
2026-09-29T02:51:00.661018+00:00,1903900013682,5.9,Bueno,6.51,Bueno,interpolacion_delaunay,0,4499,398,653,181
2026-09-29T02:51:00.661018+00:00,1903900010832,8.3,Bueno,10.56,Bueno,interpolacion_delaunay,0,543,31,158,26
2026-09-29T02:51:00.661018+00:00,1903900011120,7.48,Bueno,8.48,Bueno,interpolacion_delaunay,0,2607,94,831,149
2026-09-29T02:51:00.661018+00:00,1903900012129,5.92,Bueno,6.57,Bueno,interpolacion_delaunay,0,4074,318,790,255
2026-09-29T02:51:00.661018+00:00,190390001363A,8.83,Bueno,9.8,Bueno,interpolacion_delaunay,0,3850,324,618,201
2026-09-29T02:51:00.661018+00:00,1903900014163,6.21,Bueno,7.06,Bueno,interpolacion_delaunay,0,3563,376,476,178
2026-09-29T02:51:00.661018+00:00,1903900014642,9.32,Bueno,10.31,Bueno,interpolacion_delaunay,0,2137,227,313,125
2026-09-29T02:51:00.661018+00:00,1903900013589,6.95,Bueno,8.19,Bueno,interpolacion_delaunay,0,1971,102,595,95
2026-09-29T02:51:00.661018+00:00,1903900011370,7.64,Bueno,8.65,Bueno,interpolacion_delaunay,0,1287,71,218,39
2026-09-29T02:51:00.661018+00:00,1903900012114,3.43,Bueno,4.12,Bueno,interpolacion_delaunay,0,2387,84,816,136
2026-09-29T02:51:00.661018+00:00,1903900012203,0.9,Bueno,1.4,Bueno,promedio_sensores,1,2974,126,1034,191
2026-09-29T02:51:00.661018+00:00,1903900013574,6.17,Bueno,7.33,Bueno,interpolacion_delaunay,0,832,37,276,93
2026-09-29T02:51:00.661018+00:00,1903900012792,3.32,Bueno,4.02,Bueno,interpolacion_delaunay,0,1,0,0,0
2026-09-29T02:51:00.661018+00:00,190390001445A,5.68,Bueno,6.56,Bueno,interpolacion_delaunay,0,5563,304,1118,197
2026-09-29T02:51:00.661018+00:00,1903900014638,9.12,Bueno,10.18,Bueno,interpolacion_delaunay,0,3811,381,571,142
2026-09-29T02:51:00.661018+00:00,1903900012063,6.48,Bueno,7.52,Bueno,interpolacion_delaunay,0,2407,98,743,119
2026-09-29T02:51:00.661018+00:00,1903900011690,2.52,Bueno,2.84,Bueno,interpolacion_delaunay,0,228,12,56,11
2026-09-29T02:51:00.661018+00:00,1903900011760,2.02,Bueno,2.29,Bueno,interpolacion_delaunay,0,1986,129,443,117
2026-09-29T02:51:00.661018+00:00,1903900011934,5.07,Bueno,5.67,Bueno,promedio_sensores,3,2171,83,550,105
2026-09-29T02:51:00.661018+00:00,190390001192A,2.84,Bueno,3.09,Bueno,interpolacion_delaunay,0,2553,117,796,121
2026-09-29T02:51:00.661018+00:00,1903900012044,7.1,Bueno,8.41,Bueno,interpolacion_delaunay,0,1920,122,427,109
2026-09-29T02:51:00.661018+00:00,1903900012078,6.86,Bueno,8.07,Bueno,interpolacion_delaunay,0,2179,136,538,60
2026-09-29T02:51:00.661018+00:00,1903900011525,6.21,Bueno,7.77,Bueno,interpolacion_delaunay,0,590,39,143,33
2026-09-29T02:51:00.661018+00:00,1903900011991,7.0,Bueno,8.3,Bueno,promedio_sensores,1,3236,192,703,201
2026-09-29T02:51:00.661018+00:00,1903900012006,3.14,Bueno,3.69,Bueno,interpolacion_delaunay,0,1972,70,504,136
2026-09-29T02:51:00.661018+00:00,1903900010673,7.81,Bueno,9.1,Bueno,interpolacion_delaunay,0,2155,174,396,142
2026-09-29T02:51:00.661018+00:00,1903900010298,7.0,Bueno,8.47,Bueno,interpolacion_delaunay,0,3499,233,739,152
2026-09-29T02:51:00.661018+00:00,1903900010404,6.93,Bueno,8.38,Bueno,interpolacion_delaunay,0,2835,189,560,150
2026-09-29T02:51:00.661018+00:00,1903900011012,8.56,Bueno,11.03,Bueno,interpolacion_delaunay,0,1216,101,235,35
2026-09-29T02:51:00.661018+00:00,1903900011065,7.77,Bueno,9.33,Bueno,interpolacion_delaunay,0,1981,192,428,144
2026-09-29T02:51:00.661018+00:00,1903900010175,6.79,Bueno,8.14,Bueno,interpolacion_delaunay,0,1294,70,318,45
2026-09-29T02:51:00.661018+00:00,190390001018A,6.88,Bueno,8.25,Bueno,interpolacion_delaunay,0,3618,299,750,219
2026-09-29T02:51:00.661018+00:00,1903900010194,6.89,Bueno,8.28,Bueno,interpolacion_delaunay,0,2850,223,604,173
2026-09-29T02:51:00.661018+00:00,1903900010226,7.11,Bueno,8.61,Bueno,interpolacion_delaunay,0,4934,461,799,274
2026-09-29T02:51:00.661018+00:00,1903900014229,2.84,Bueno,3.23,Bueno,interpolacion_delaunay,0,2852,249,505,184
2026-09-29T02:51:00.661018+00:00,1903900010353,2.42,Bueno,2.84,Bueno,interpolacion_delaunay,0,3313,167,981,325
2026-09-29T02:51:00.661018+00:00,1903900010936,7.53,Bueno,8.36,Bueno,interpolacion_delaunay,0,2121,128,459,101
2026-09-29T02:51:00.661018+00:00,1903900011173,4.8,Bueno,5.2,Bueno,promedio_sensores,1,2108,71,659,126
2026-09-29T02:51:00.661018+00:00,1903900011188,7.04,Bueno,7.78,Bueno,interpolacion_delaunay,0,3322,231,794,185
2026-09-29T02:51:00.661018+00:00,1903900011224,7.99,Bueno,9.52,Bueno,interpolacion_delaunay,0,3487,327,636,198
2026-09-29T02:51:00.661018+00:00,1903900011328,8.15,Bueno,9.93,Bueno,interpolacion_delaunay,0,1300,73,364,78
2026-09-29T02:51:00.661018+00:00,1903900011332,8.07,Bueno,9.76,Bueno,interpolacion_delaunay,0,2976,208,686,165
2026-09-29T02:51:00.661018+00:00,1903900011493,5.4,Bueno,6.2,Bueno,promedio_sensores,1,498,32,117,21
2026-09-29T02:51:00.661018+00:00,1903900011506,6.34,Bueno,7.57,Bueno,interpolacion_delaunay,0,218,10,60,5
2026-09-29T02:51:00.661018+00:00,1903900011510,6.71,Bueno,8.23,Bueno,interpolacion_delaunay,0,370,18,99,43
2026-09-29T02:51:00.661018+00:00,1903900011563,6.11,Bueno,7.87,Bueno,interpolacion_delaunay,0,1016,57,324,41
2026-09-29T02:51:00.661018+00:00,1903900011652,2.5,Bueno,3.23,Bueno,interpolacion_delaunay,0,1408,46,412,99
2026-09-29T02:51:00.661018+00:00,1903900011667,7.12,Bueno,7.94,Bueno,interpolacion_delaunay,0,811,38,222,38
2026-09-29T02:51:00.661018+00:00,1903900011671,7.19,Bueno,8.14,Bueno,interpolacion_delaunay,0,2135,120,546,122
2026-09-29T02:51:00.661018+00:00,1903900011775,4.01,Bueno,4.26,Bueno,interpolacion_delaunay,0,3247,195,753,173
2026-09-29T02:51:00.661018+00:00,190390001178A,6.4,Bueno,7.05,Bueno,interpolacion_delaunay,0,2085,91,638,124
2026-09-29T02:51:00.661018+00:00,1903900011811,6.23,Bueno,7.01,Bueno,interpolacion_delaunay,0,3726,195,960,140
2026-09-29T02:51:00.661018+00:00,190390001210A,5.1,Bueno,5.8,Bueno,promedio_sensores,1,2790,113,700,150
2026-09-29T02:51:00.661018+00:00,1903900012186,3.64,Bueno,4.22,Bueno,interpolacion_delaunay,0,4169,44,257,49
2026-09-29T02:51:00.661018+00:00,1903900011559,1.6,Bueno,1.7,Bueno,promedio_sensores,1,854,32,232,42
2026-09-29T02:51:00.661018+00:00,1903900013428,6.96,Bueno,8.38,Bueno,interpolacion_delaunay,0,3351,320,515,172
2026-09-29T02:51:00.661018+00:00,1903900014214,3.13,Bueno,3.54,Bueno,interpolacion_delaunay,0,4120,374,689,171
2026-09-29T02:51:00.661018+00:00,1903900014712,4.59,Bueno,5.16,Bueno,interpolacion_delaunay,0,3085,299,499,125
2026-09-29T02:51:00.661018+00:00,1903900014727,3.82,Bueno,4.32,Bueno,interpolacion_delaunay,0,2574,237,418,75
2026-09-29T02:51:00.661018+00:00,1903900011544,3.6,Bueno,4.16,Bueno,interpolacion_delaunay,0,484,17,104,17
2026-09-29T02:51:00.661018+00:00,1903900011347,7.4,Bueno,8.3,Bueno,promedio_sensores,1,3767,228,949,230
2026-09-29T02:51:00.661018+00:00,1903900011101,7.29,Bueno,8.23,Bueno,interpolacion_delaunay,0,2340,171,499,101
2026-09-29T02:51:00.661018+00:00,1903900010692,6.47,Bueno,7.72,Bueno,interpolacion_delaunay,0,1264,56,294,43
2026-09-29T02:51:00.661018+00:00,190390001071A,0.7,Bueno,0.8,Bueno,promedio_sensores,1,2092,89,717,121
2026-09-29T02:51:00.661018+00:00,190390001153A,4.37,Bueno,4.98,Bueno,interpolacion_delaunay,0,283,20,33,8
2026-09-29T02:51:00.661018+00:00,1903900012222,4.48,Bueno,4.94,Bueno,interpolacion_delaunay,0,2481,214,440,130
2026-09-29T02:51:00.661018+00:00,1903900010048,6.79,Bueno,8.08,Bueno,interpolacion_delaunay,0,2757,231,541,184
2026-09-29T02:51:00.661018+00:00,1903900010160,6.74,Bueno,8.07,Bueno,interpolacion_delaunay,0,1233,55,334,97
2026-09-29T02:51:00.661018+00:00,1903900011915,3.39,Bueno,3.94,Bueno,interpolacion_delaunay,0,1171,52,296,69
2026-09-29T02:51:00.661018+00:00,1903900012824,2.38,Bueno,2.91,Bueno,interpolacion_delaunay,0,0,0,0,0
2026-09-29T02:51:00.661018+00:00,1903900010103,6.68,Bueno,7.98,Bueno,interpolacion_delaunay,0,2537,115,733,107
2026-09-29T02:51:00.661018+00:00,1903900010122,6.89,Bueno,8.26,Bueno,interpolacion_delaunay,0,3875,316,762,228
2026-09-29T02:51:00.661018+00:00,1903900010207,6.99,Bueno,8.41,Bueno,interpolacion_delaunay,0,2935,264,476,100
2026-09-29T02:51:00.661018+00:00,190390001089A,7.54,Bueno,8.59,Bueno,interpolacion_delaunay,0,2450,84,735,103
2026-09-29T02:51:00.661018+00:00,1903900010813,8.5,Bueno,10.87,Bueno,interpolacion_delaunay,0,1266,76,281,65
2026-09-29T02:51:00.661018+00:00,190390001096A,8.33,Bueno,9.97,Bueno,interpolacion_delaunay,0,735,52,175,36
2026-09-29T02:51:00.661018+00:00,190390001107A,7.93,Bueno,9.58,Bueno,interpolacion_delaunay,0,2056,191,358,98
2026-09-29T02:51:00.661018+00:00,1903900011099,7.17,Bueno,8.06,Bueno,interpolacion_delaunay,0,1728,108,401,82
2026-09-29T02:51:00.661018+00:00,1903900011281,7.34,Bueno,9.09,Bueno,interpolacion_delaunay,0,162,9,42,10
2026-09-29T02:51:00.661018+00:00,190390001146A,5.76,Bueno,6.3,Bueno,interpolacion_delaunay,0,1878,94,425,114
2026-09-29T02:51:00.661018+00:00,1903900011474,7.25,Bueno,8.0,Bueno,interpolacion_delaunay,0,1482,65,348,91
2026-09-29T02:51:00.661018+00:00,1903900011648,3.28,Bueno,3.92,Bueno,interpolacion_delaunay,0,1275,46,383,92
2026-09-29T02:51:00.661018+00:00,1903900011953,7.69,Bueno,9.07,Bueno,interpolacion_delaunay,0,4331,383,782,275
2026-09-29T02:51:00.661018+00:00,1903900011968,7.3,Bueno,8.69,Bueno,interpolacion_delaunay,0,2452,198,521,139
2026-09-29T02:51:00.661018+00:00,1903900011972,6.41,Bueno,7.59,Bueno,interpolacion_delaunay,0,2152,173,501,93
2026-09-29T02:51:00.661018+00:00,1903900011987,6.09,Bueno,7.19,Bueno,interpolacion_delaunay,0,2330,153,564,186
2026-09-29T02:51:00.661018+00:00,1903900012010,4.27,Bueno,4.67,Bueno,promedio_sensores,3,377,6,32,6
2026-09-29T02:51:00.661018+00:00,1903900012025,4.77,Bueno,5.54,Bueno,interpolacion_delaunay,0,4868,169,1336,220
2026-09-29T02:51:00.661018+00:00,1903900012608,5.6,Bueno,6.62,Bueno,interpolacion_delaunay,0,3563,325,452,140
2026-09-29T02:51:00.661018+00:00,1903900012260,4.08,Bueno,4.44,Bueno,interpolacion_delaunay,0,2549,128,738,140
2026-09-29T02:51:00.661018+00:00,1903900012523,6.72,Bueno,7.97,Bueno,interpolacion_delaunay,0,5883,502,863,210
2026-09-29T02:51:00.661018+00:00,1903900012576,6.21,Bueno,7.35,Bueno,interpolacion_delaunay,0,3643,363,363,152
2026-09-29T02:51:00.661018+00:00,1903900012612,6.67,Bueno,7.92,Bueno,interpolacion_delaunay,0,3707,369,423,217
2026-09-29T02:51:00.661018+00:00,1903900013339,6.82,Bueno,8.1,Bueno,interpolacion_delaunay,0,3291,330,562,149
2026-09-29T02:51:00.661018+00:00,1903900013432,7.05,Bueno,8.5,Bueno,interpolacion_delaunay,0,3283,331,497,186
2026-09-29T02:51:00.661018+00:00,1903900013381,6.79,Bueno,8.11,Bueno,interpolacion_delaunay,0,3469,305,681,259
2026-09-29T02:51:00.661018+00:00,1903900013324,6.75,Bueno,8.0,Bueno,interpolacion_delaunay,0,2714,268,458,83
2026-09-29T02:51:00.661018+00:00,1903900014587,8.79,Bueno,11.39,Bueno,interpolacion_delaunay,0,1315,68,368,60
2026-09-29T02:51:00.661018+00:00,1903900014604,2.23,Bueno,2.35,Bueno,interpolacion_delaunay,0,2075,111,610,109
2026-09-29T02:51:00.661018+00:00,1903900014661,5.81,Bueno,6.23,Bueno,interpolacion_delaunay,0,2902,69,608,127
2026-09-29T02:51:00.661018+00:00,1903900014680,6.96,Bueno,8.11,Bueno,interpolacion_delaunay,0,2293,96,745,94
2026-09-29T02:51:00.661018+00:00,1903900011239,8.57,Bueno,10.54,Bueno,interpolacion_delaunay,0,3332,293,662,233
2026-09-29T02:51:00.661018+00:00,1903900011489,7.4,Bueno,8.1,Bueno,promedio_sensores,1,1608,86,419,74
2026-09-29T02:51:00.661018+00:00,1903900010279,6.78,Bueno,8.14,Bueno,interpolacion_delaunay,0,2220,107,580,282
2026-09-29T02:51:00.661018+00:00,1903900010531,7.2,Bueno,8.72,Bueno,interpolacion_delaunay,0,5417,419,1156,491
2026-09-29T02:51:00.661018+00:00,1903900010635,7.23,Bueno,8.41,Bueno,interpolacion_delaunay,0,2264,78,723,158
2026-09-29T02:51:00.661018+00:00,1903900011686,4.08,Bueno,4.75,Bueno,interpolacion_delaunay,0,153,7,36,5
2026-09-29T02:51:00.661018+00:00,1903900011807,6.19,Bueno,6.74,Bueno,interpolacion_delaunay,0,2430,99,765,107
2026-09-29T02:51:00.661018+00:00,1903900011830,5.3,Bueno,6.1,Bueno,promedio_sensores,1,898,35,265,16
2026-09-29T02:51:00.661018+00:00,1903900012097,6.1,Bueno,7.0,Bueno,promedio_sensores,1,4087,88,440,163
2026-09-29T02:51:00.661018+00:00,1903900012256,5.62,Bueno,6.05,Bueno,interpolacion_delaunay,0,4590,303,1006,320
2026-09-29T02:51:00.661018+00:00,1903900012307,5.4,Bueno,6.03,Bueno,promedio_sensores,3,2986,141,683,94
2026-09-29T02:51:00.661018+00:00,1903900012453,2.6,Bueno,2.76,Bueno,interpolacion_delaunay,0,2219,109,403,76
2026-09-29T02:51:00.661018+00:00,1903900012716,6.88,Bueno,7.54,Bueno,interpolacion_delaunay,0,78,3,14,8
2026-09-29T02:51:00.661018+00:00,1903900012735,6.73,Bueno,7.48,Bueno,interpolacion_delaunay,0,0,0,0,0
2026-09-29T02:51:00.661018+00:00,1903900012769,5.58,Bueno,7.25,Bueno,interpolacion_delaunay,0,279,15,54,0
2026-09-29T02:51:00.661018+00:00,1903900012773,6.74,Bueno,8.02,Bueno,interpolacion_delaunay,0,0,0,0,0
2026-09-29T02:51:00.661018+00:00,1903900014040,7.04,Bueno,8.45,Bueno,interpolacion_delaunay,0,3042,337,450,116
2026-09-29T02:51:00.661018+00:00,1903900014178,6.67,Bueno,7.74,Bueno,interpolacion_delaunay,0,4610,493,538,196
2026-09-29T02:51:00.661018+00:00,1903900010156,6.68,Bueno,8.0,Bueno,interpolacion_delaunay,0,2930,146,830,151
2026-09-29T02:51:00.661018+00:00,1903900010264,6.59,Bueno,7.9,Bueno,interpolacion_delaunay,0,4282,326,814,272
2026-09-29T02:51:00.661018+00:00,1903900010283,6.83,Bueno,8.22,Bueno,interpolacion_delaunay,0,2911,218,619,83
2026-09-29T02:51:00.661018+00:00,1903900010315,7.26,Bueno,8.82,Bueno,interpolacion_delaunay,0,3515,316,654,216
2026-09-29T02:51:00.661018+00:00,190390001032A,7.35,Bueno,8.92,Bueno,interpolacion_delaunay,0,4173,426,573,279
2026-09-29T02:51:00.661018+00:00,1903900010349,7.53,Bueno,9.2,Bueno,interpolacion_delaunay,0,2637,166,677,132
2026-09-29T02:51:00.661018+00:00,1903900010391,6.85,Bueno,8.27,Bueno,interpolacion_delaunay,0,3850,295,727,205
2026-09-29T02:51:00.661018+00:00,1903900010438,7.33,Bueno,8.94,Bueno,interpolacion_delaunay,0,3338,313,521,73
2026-09-29T02:51:00.661018+00:00,1903900010442,7.54,Bueno,9.14,Bueno,interpolacion_delaunay,0,2676,239,533,136
2026-09-29T02:51:00.661018+00:00,1903900010457,5.77,Bueno,6.93,Bueno,interpolacion_delaunay,0,3408,175,1149,225
2026-09-29T02:51:00.661018+00:00,1903900010480,6.71,Bueno,8.1,Bueno,interpolacion_delaunay,0,1388,64,440,114
2026-09-29T02:51:00.661018+00:00,1903900010512,7.06,Bueno,8.43,Bueno,interpolacion_delaunay,0,2980,202,741,168
2026-09-29T02:51:00.661018+00:00,1903900010546,7.25,Bueno,8.63,Bueno,interpolacion_delaunay,0,2660,141,683,117
2026-09-29T02:51:00.661018+00:00,1903900010550,7.37,Bueno,8.81,Bueno,interpolacion_delaunay,0,2279,182,478,160
2026-09-29T02:51:00.661018+00:00,1903900010565,7.48,Bueno,8.99,Bueno,interpolacion_delaunay,0,2608,254,432,94
2026-09-29T02:51:00.661018+00:00,190390001057A,7.62,Bueno,9.01,Bueno,interpolacion_delaunay,0,1514,131,335,33
2026-09-29T02:51:00.661018+00:00,1903900010599,2.25,Bueno,2.7,Bueno,interpolacion_delaunay,0,2808,125,1047,137
2026-09-29T02:51:00.661018+00:00,1903900010601,6.46,Bueno,7.75,Bueno,interpolacion_delaunay,0,5314,412,1126,426
2026-09-29T02:51:00.661018+00:00,1903900010620,7.15,Bueno,8.26,Bueno,interpolacion_delaunay,0,2515,85,744,131
2026-09-29T02:51:00.661018+00:00,190390001064A,7.34,Bueno,8.56,Bueno,interpolacion_delaunay,0,2719,125,702,154
2026-09-29T02:51:00.661018+00:00,1903900010654,7.46,Bueno,8.77,Bueno,interpolacion_delaunay,0,2609,119,783,144
2026-09-29T02:51:00.661018+00:00,1903900010705,1.9,Bueno,2.07,Bueno,interpolacion_delaunay,0,1996,93,661,76
2026-09-29T02:51:00.661018+00:00,1903900010739,7.38,Bueno,8.42,Bueno,interpolacion_delaunay,0,1701,60,561,127
2026-09-29T02:51:00.661018+00:00,1903900010743,7.5,Bueno,8.57,Bueno,interpolacion_delaunay,0,1991,112,552,108
2026-09-29T02:51:00.661018+00:00,1903900010758,7.58,Bueno,8.67,Bueno,interpolacion_delaunay,0,1207,67,324,54
2026-09-29T02:51:00.661018+00:00,1903900010796,8.29,Bueno,10.35,Bueno,interpolacion_delaunay,0,0,0,0,0
2026-09-29T02:51:00.661018+00:00,1903900010828,8.35,Bueno,10.64,Bueno,interpolacion_delaunay,0,1085,46,363,57
2026-09-29T02:51:00.661018+00:00,1903900010866,4.99,Bueno,5.72,Bueno,interpolacion_delaunay,0,1678,49,570,85
2026-09-29T02:51:00.661018+00:00,1903900010870,7.13,Bueno,8.36,Bueno,interpolacion_delaunay,0,3879,268,842,254
2026-09-29T02:51:00.661018+00:00,1903900010885,7.43,Bueno,8.56,Bueno,interpolacion_delaunay,0,1668,63,493,70
2026-09-29T02:51:00.661018+00:00,1903900010940,8.12,Bueno,9.39,Bueno,interpolacion_delaunay,0,3419,259,605,213
2026-09-29T02:51:00.661018+00:00,1903900011046,8.56,Bueno,10.93,Bueno,interpolacion_delaunay,0,1800,151,355,99
2026-09-29T02:51:00.661018+00:00,1903900011135,6.68,Bueno,7.58,Bueno,interpolacion_delaunay,0,1752,62,519,67
2026-09-29T02:51:00.661018+00:00,190390001114A,7.1,Bueno,8.4,Bueno,promedio_sensores,1,1380,53,428,34
2026-09-29T02:51:00.661018+00:00,1903900011154,7.13,Bueno,8.13,Bueno,interpolacion_delaunay,0,1623,62,444,64
2026-09-29T02:51:00.661018+00:00,1903900011169,7.2,Bueno,8.0,Bueno,promedio_sensores,2,2880,73,732,160
2026-09-29T02:51:00.661018+00:00,1903900011192,6.54,Bueno,7.2,Bueno,interpolacion_delaunay,0,2657,175,674,141
2026-09-29T02:51:00.661018+00:00,1903900011205,7.16,Bueno,7.87,Bueno,interpolacion_delaunay,0,122,13,22,0
2026-09-29T02:51:00.661018+00:00,1903900011243,6.93,Bueno,8.16,Bueno,interpolacion_delaunay,0,475,45,76,44
2026-09-29T02:51:00.661018+00:00,1903900011258,7.52,Bueno,9.16,Bueno,interpolacion_delaunay,0,1048,106,166,35
2026-09-29T02:51:00.661018+00:00,1903900011262,8.77,Bueno,11.03,Bueno,interpolacion_delaunay,0,1756,114,447,140
2026-09-29T02:51:00.661018+00:00,1903900011277,8.36,Bueno,10.6,Bueno,interpolacion_delaunay,0,2024,136,529,164
2026-09-29T02:51:00.661018+00:00,1903900011309,9.3,Bueno,12.3,Bueno,promedio_sensores,1,1761,123,433,90
2026-09-29T02:51:00.661018+00:00,1903900011351,7.45,Bueno,8.38,Bueno,interpolacion_delaunay,0,2734,167,651,175
2026-09-29T02:51:00.661018+00:00,1903900011366,7.54,Bueno,8.51,Bueno,interpolacion_delaunay,0,0,0,0,0
2026-09-29T02:51:00.661018+00:00,1903900011421,6.9,Bueno,7.6,Bueno,promedio_sensores,1,3327,204,738,54
2026-09-29T02:51:00.661018+00:00,1903900011436,7.03,Bueno,7.93,Bueno,interpolacion_delaunay,0,1869,83,431,69
2026-09-29T02:51:00.661018+00:00,1903900011440,7.2,Bueno,8.0,Bueno,interpolacion_delaunay,0,1644,76,453,82
2026-09-29T02:51:00.661018+00:00,1903900011455,6.41,Bueno,7.61,Bueno,interpolacion_delaunay,0,1330,38,379,65
2026-09-29T02:51:00.661018+00:00,1903900011578,4.41,Bueno,4.51,Bueno,interpolacion_delaunay,0,1668,78,469,55
2026-09-29T02:51:00.661018+00:00,1903900011582,6.2,Bueno,6.3,Bueno,promedio_sensores,1,1943,98,485,98
2026-09-29T02:51:00.661018+00:00,190390001160A,6.6,Bueno,7.38,Bueno,interpolacion_delaunay,0,1878,106,479,110
2026-09-29T02:51:00.661018+00:00,1903900011614,6.51,Bueno,7.36,Bueno,interpolacion_delaunay,0,2516,127,727,95
2026-09-29T02:51:00.661018+00:00,1903900011633,4.95,Bueno,6.42,Bueno,interpolacion_delaunay,0,810,34,225,59
2026-09-29T02:51:00.661018+00:00,1903900011703,2.57,Bueno,2.71,Bueno,interpolacion_delaunay,0,3184,63,372,52
2026-09-29T02:51:00.661018+00:00,1903900011722,6.68,Bueno,7.77,Bueno,interpolacion_delaunay,0,511,20,136,16
2026-09-29T02:51:00.661018+00:00,1903900011737,5.76,Bueno,6.8,Bueno,interpolacion_delaunay,0,377,25,76,21
2026-09-29T02:51:00.661018+00:00,1903900011741,4.02,Bueno,4.67,Bueno,interpolacion_delaunay,0,179,8,28,10
2026-09-29T02:51:00.661018+00:00,1903900011756,3.5,Bueno,4.02,Bueno,interpolacion_delaunay,0,191,3,61,18
2026-09-29T02:51:00.661018+00:00,1903900011794,6.17,Bueno,6.52,Bueno,interpolacion_delaunay,0,2555,160,623,167
2026-09-29T02:51:00.661018+00:00,1903900011845,5.6,Bueno,5.8,Bueno,promedio_sensores,1,2750,133,527,66
2026-09-29T02:51:00.661018+00:00,190390001185A,7.43,Bueno,8.7,Bueno,interpolacion_delaunay,0,2718,189,497,75
2026-09-29T02:51:00.661018+00:00,1903900011879,6.56,Bueno,7.82,Bueno,interpolacion_delaunay,0,2302,190,467,160
2026-09-29T02:51:00.661018+00:00,1903900011883,6.23,Bueno,7.41,Bueno,interpolacion_delaunay,0,2653,217,567,162
2026-09-29T02:51:00.661018+00:00,1903900011898,6.62,Bueno,7.87,Bueno,interpolacion_delaunay,0,2466,163,572,128
2026-09-29T02:51:00.661018+00:00,1903900011900,5.11,Bueno,6.0,Bueno,interpolacion_delaunay,0,1274,99,333,108
2026-09-29T02:51:00.661018+00:00,1903900012167,5.3,Bueno,6.05,Bueno,interpolacion_delaunay,0,2883,124,813,123
2026-09-29T02:51:00.661018+00:00,1903900012190,2.96,Bueno,3.58,Bueno,interpolacion_delaunay,0,1182,41,455,89
2026-09-29T02:51:00.661018+00:00,1903900012218,1.71,Bueno,2.16,Bueno,interpolacion_delaunay,0,1788,87,512,71
2026-09-29T02:51:00.661018+00:00,1903900012241,3.25,Bueno,3.88,Bueno,interpolacion_delaunay,0,1136,46,404,79
2026-09-29T02:51:00.661018+00:00,1903900012275,3.79,Bueno,4.1,Bueno,interpolacion_delaunay,0,3740,200,896,144
2026-09-29T02:51:00.661018+00:00,1903900012472,6.6,Bueno,7.5,Bueno,promedio_sensores,1,4662,342,773,243
2026-09-29T02:51:00.661018+00:00,190390001267A,3.36,Bueno,4.04,Bueno,interpolacion_delaunay,0,3909,249,1025,191
2026-09-29T02:51:00.661018+00:00,1903900012684,3.86,Bueno,4.7,Bueno,interpolacion_delaunay,0,2186,73,687,43
2026-09-29T02:51:00.661018+00:00,1903900012720,6.7,Bueno,7.0,Bueno,promedio_sensores,1,970,52,170,37
2026-09-29T02:51:00.661018+00:00,190390001274A,5.9,Bueno,6.3,Bueno,interpolacion_delaunay,0,10,0,0,0
2026-09-29T02:51:00.661018+00:00,1903900012754,6.37,Bueno,6.81,Bueno,interpolacion_delaunay,0,3205,214,714,184
2026-09-29T02:51:00.661018+00:00,1903900012788,4.2,Bueno,4.88,Bueno,interpolacion_delaunay,0,0,0,0,0
2026-09-29T02:51:00.661018+00:00,190390001281A,2.6,Bueno,3.4,Bueno,promedio_sensores,1,327,0,0,0
2026-09-29T02:51:00.661018+00:00,1903900012877,1.07,Bueno,1.33,Bueno,interpolacion_delaunay,0,0,0,0,0
2026-09-29T02:51:00.661018+00:00,1903900013451,7.17,Bueno,8.69,Bueno,interpolacion_delaunay,0,4308,421,672,304
2026-09-29T02:51:00.661018+00:00,1903900013555,4.31,Bueno,5.19,Bueno,interpolacion_delaunay,0,4663,290,902,166
2026-09-29T02:51:00.661018+00:00,1903900013593,7.44,Bueno,8.43,Bueno,interpolacion_delaunay,0,2322,237,355,231
2026-09-29T02:51:00.661018+00:00,1903900013606,7.45,Bueno,8.27,Bueno,interpolacion_delaunay,0,2907,266,482,206
2026-09-29T02:51:00.661018+00:00,1903900013610,6.86,Bueno,7.84,Bueno,interpolacion_delaunay,0,2513,260,368,178
2026-09-29T02:51:00.661018+00:00,1903900013659,6.71,Bueno,7.73,Bueno,interpolacion_delaunay,0,1885,176,371,95
2026-09-29T02:51:00.661018+00:00,190390001406A,7.21,Bueno,8.72,Bueno,interpolacion_delaunay,0,4196,447,516,257
2026-09-29T02:51:00.661018+00:00,1903900014093,6.69,Bueno,8.04,Bueno,interpolacion_delaunay,0,3096,303,444,145
2026-09-29T02:51:00.661018+00:00,1903900014144,4.33,Bueno,6.46,Bueno,interpolacion_delaunay,0,883,38,360,125
2026-09-29T02:51:00.661018+00:00,1903900014159,1.6,Bueno,2.3,Bueno,promedio_sensores,1,620,20,142,55
2026-09-29T02:51:00.661018+00:00,1903900014500,6.75,Bueno,8.13,Bueno,interpolacion_delaunay,0,3056,353,283,111
2026-09-29T02:51:00.661018+00:00,1903900014515,6.72,Bueno,8.11,Bueno,interpolacion_delaunay,0,3391,252,688,180
2026-09-29T02:51:00.661018+00:00,1903900014549,7.08,Bueno,8.6,Bueno,interpolacion_delaunay,0,4319,365,785,218
2026-09-29T02:51:00.661018+00:00,1903900014553,7.19,Bueno,8.74,Bueno,interpolacion_delaunay,0,3885,315,748,307
2026-09-29T02:51:00.661018+00:00,1903900014619,0.68,Bueno,0.86,Bueno,interpolacion_delaunay,0,2679,137,355,34
2026-09-29T02:51:00.661018+00:00,1903900014623,7.5,Bueno,9.0,Bueno,promedio_sensores,1,1853,99,476,133
2026-09-29T02:51:00.661018+00:00,1903900014731,6.19,Bueno,7.12,Bueno,interpolacion_delaunay,0,2772,164,687,112
2026-09-29T02:51:00.661018+00:00,1903900014905,3.31,Bueno,3.52,Bueno,interpolacion_delaunay,0,2280,182,284,44
2026-09-29T02:51:00.661018+00:00,190390001491A,2.42,Bueno,2.94,Bueno,interpolacion_delaunay,0,897,47,73,0
2026-09-29T02:51:00.661018+00:00,1903900014924,5.8,Bueno,6.0,Bueno,promedio_sensores,1,2425,136,485,38
2026-09-29T02:51:00.661018+00:00,1903900014939,6.32,Bueno,6.9,Bueno,interpolacion_delaunay,0,1974,92,485,50
2026-09-29T02:51:00.661018+00:00,1903900015142,5.06,Bueno,5.89,Bueno,interpolacion_delaunay,0,2839,330,193,45
2026-09-29T02:51:00.661018+00:00,1903900011385,7.17,Bueno,7.91,Bueno,interpolacion_delaunay,0,1585,87,442,107
2026-09-29T02:51:00.661018+00:00,1903900012805,5.02,Bueno,5.72,Bueno,interpolacion_delaunay,0,3258,186,362,30
2026-09-29T02:51:00.661018+00:00,1903900011826,6.29,Bueno,6.8,Bueno,interpolacion_delaunay,0,1966,181,300,39
2026-09-29T02:51:00.661018+00:00,1903900012468,4.56,Bueno,5.18,Bueno,interpolacion_delaunay,0,3979,370,451,75
2026-09-29T02:51:00.661018+00:00,1903900012133,6.81,Bueno,7.93,Bueno,interpolacion_delaunay,0,3643,409,514,130
2026-09-29T02:51:00.661018+00:00,1903900014182,6.58,Bueno,7.64,Bueno,interpolacion_delaunay,0,2164,180,491,80
2026-09-29T02:51:00.661018+00:00,1903900012152,6.12,Bueno,6.94,Bueno,interpolacion_delaunay,0,2360,140,519,93
2026-09-29T02:51:00.661018+00:00,1903900012082,6.39,Bueno,7.4,Bueno,interpolacion_delaunay,0,2402,95,700,143
2026-09-29T02:51:00.661018+00:00,1903900013663,6.0,Bueno,6.71,Bueno,interpolacion_delaunay,0,4832,422,675,278
2026-09-29T02:51:00.661018+00:00,1903900013714,4.93,Bueno,5.75,Bueno,interpolacion_delaunay,0,4743,468,751,239
2026-09-29T02:51:00.661018+00:00,1903900012858,3.51,Bueno,3.69,Bueno,interpolacion_delaunay,0,0,0,0,0
2026-09-29T02:51:00.661018+00:00,1903900012839,2.38,Bueno,2.91,Bueno,interpolacion_delaunay,0,426,30,39,0
2026-09-29T02:51:00.661018+00:00,1903900012843,5.6,Bueno,5.9,Bueno,promedio_sensores,1,3288,154,618,59
2026-09-29T02:51:00.661018+00:00,1903900012862,1.64,Bueno,2.05,Bueno,interpolacion_delaunay,0,0,0,0,0
2026-09-29T02:51:00.661018+00:00,1903900013733,3.65,Bueno,4.26,Bueno,interpolacion_delaunay,0,1895,90,465,59
2026-09-29T02:51:00.661018+00:00,1903900012294,4.72,Bueno,4.95,Bueno,interpolacion_delaunay,0,3104,120,1010,138
2026-09-29T02:51:00.661018+00:00,190390001228A,5.23,Bueno,5.52,Bueno,interpolacion_delaunay,0,2430,94,799,56
2026-09-29T02:51:00.661018+00:00,1903900010423,7.34,Bueno,8.93,Bueno,interpolacion_delaunay,0,3542,305,682,134
2026-09-29T02:51:00.661018+00:00,1903900010334,7.42,Bueno,9.04,Bueno,interpolacion_delaunay,0,878,76,200,70
2026-09-29T02:51:00.661018+00:00,1903900010071,6.6,Bueno,7.86,Bueno,interpolacion_delaunay,0,2520,129,682,146
2026-09-29T02:51:00.661018+00:00,1903900014869,0.95,Bueno,1.11,Bueno,interpolacion_delaunay,0,4404,353,307,53
2026-09-29T02:51:00.661018+00:00,1903900013748,2.91,Bueno,3.39,Bueno,interpolacion_delaunay,0,3552,225,627,97
2026-09-29T02:51:00.661018+00:00,1903900011050,7.73,Bueno,9.3,Bueno,interpolacion_delaunay,0,1589,135,342,104
2026-09-29T02:51:00.661018+00:00,1903900011116,7.27,Bueno,8.21,Bueno,interpolacion_delaunay,0,0,0,0,0
2026-09-29T02:51:00.661018+00:00,1903900010809,8.35,Bueno,10.61,Bueno,interpolacion_delaunay,0,59,3,14,3
2026-09-29T02:51:00.661018+00:00,1903900010989,8.69,Bueno,11.02,Bueno,interpolacion_delaunay,0,6061,564,591,133
2026-09-29T02:51:00.661018+00:00,1903900010851,7.51,Bueno,8.93,Bueno,interpolacion_delaunay,0,1601,105,413,68
2026-09-29T02:51:00.661018+00:00,1903900013413,5.02,Bueno,5.97,Bueno,interpolacion_delaunay,0,7251,522,1316,316
2026-09-29T02:51:00.661018+00:00,1903900010033,6.14,Bueno,7.31,Bueno,interpolacion_delaunay,0,3321,285,588,124
2026-09-29T02:51:00.661018+00:00,1903900010137,5.39,Bueno,6.47,Bueno,interpolacion_delaunay,0,4478,279,1202,320
2026-09-29T02:51:00.661018+00:00,1903900010141,5.89,Bueno,7.02,Bueno,interpolacion_delaunay,0,4273,225,965,185
2026-09-29T02:51:00.661018+00:00,1903900010762,8.02,Bueno,9.42,Bueno,interpolacion_delaunay,0,1600,114,337,68
2026-09-29T02:51:00.661018+00:00,1903900014106,6.59,Bueno,7.92,Bueno,interpolacion_delaunay,0,4189,248,1019,177
2026-09-29T02:51:00.661018+00:00,1903900014110,6.54,Bueno,7.88,Bueno,interpolacion_delaunay,0,2699,161,643,225
2026-09-29T02:51:00.661018+00:00,1903900010921,8.0,Bueno,9.17,Bueno,interpolacion_delaunay,0,2388,213,393,106
2026-09-29T02:51:00.661018+00:00,1903900010669,7.72,Bueno,8.86,Bueno,interpolacion_delaunay,0,2152,159,463,119
2026-09-29T02:51:00.661018+00:00,1903900010067,6.58,Bueno,7.82,Bueno,interpolacion_delaunay,0,2799,155,819,158
2026-09-29T02:51:00.661018+00:00,1903900010688,7.99,Bueno,9.69,Bueno,interpolacion_delaunay,0,2838,195,394,149
2026-09-29T02:51:00.661018+00:00,1903900010584,7.72,Bueno,9.26,Bueno,interpolacion_delaunay,0,3226,273,587,141
2026-09-29T02:51:00.661018+00:00,1903900011417,6.44,Bueno,6.93,Bueno,interpolacion_delaunay,0,3077,152,970,79
2026-09-29T02:51:00.661018+00:00,1903900013837,6.35,Bueno,6.82,Bueno,interpolacion_delaunay,0,3561,193,908,77
2026-09-29T02:51:00.661018+00:00,1903900013930,7.13,Bueno,8.57,Bueno,interpolacion_delaunay,0,1431,202,111,73
2026-09-29T02:51:00.661018+00:00,1903900014055,7.15,Bueno,8.63,Bueno,interpolacion_delaunay,0,4222,525,372,136
2026-09-29T02:51:00.661018+00:00,190390001420A,6.54,Bueno,7.52,Bueno,interpolacion_delaunay,0,3029,320,382,97
2026-09-29T02:51:00.661018+00:00,1903900014197,6.53,Bueno,7.53,Bueno,interpolacion_delaunay,0,2456,248,321,138
2026-09-29T02:51:00.661018+00:00,1903900010974,8.47,Bueno,10.45,Bueno,interpolacion_delaunay,0,781,39,192,50
2026-09-29T02:51:00.661018+00:00,1903900011084,7.12,Bueno,7.99,Bueno,interpolacion_delaunay,0,1782,162,338,82
2026-09-29T02:51:00.661018+00:00,1903900010847,8.28,Bueno,10.54,Bueno,interpolacion_delaunay,0,1023,82,199,53
2026-09-29T02:51:00.661018+00:00,1903900010993,8.81,Bueno,11.43,Bueno,interpolacion_delaunay,0,1086,95,211,53
2026-09-29T02:51:00.661018+00:00,1903900010372,6.64,Bueno,8.0,Bueno,interpolacion_delaunay,0,2524,139,785,102
2026-09-29T02:51:00.661018+00:00,1903900011031,8.25,Bueno,10.39,Bueno,interpolacion_delaunay,0,1190,84,257,58
2026-09-29T02:51:00.661018+00:00,1903900010902,7.69,Bueno,8.66,Bueno,interpolacion_delaunay,0,3066,119,898,183
2026-09-29T02:51:00.661018+00:00,1903900010777,8.14,Bueno,9.79,Bueno,interpolacion_delaunay,0,1329,106,264,76
2026-09-29T02:51:00.661018+00:00,1903900010781,8.25,Bueno,10.09,Bueno,interpolacion_delaunay,0,242,8,54,15
2026-09-29T02:51:00.661018+00:00,1903900014572,9.14,Bueno,11.92,Bueno,interpolacion_delaunay,0,1442,81,389,93
2026-09-29T02:51:00.661018+00:00,1903900014676,6.86,Bueno,8.11,Bueno,interpolacion_delaunay,0,2120,102,506,104
2026-09-29T02:51:00.661018+00:00,190390001025A,6.53,Bueno,7.81,Bueno,interpolacion_delaunay,0,3942,258,986,278
2026-09-29T02:51:00.661018+00:00,1903900010495,6.87,Bueno,8.23,Bueno,interpolacion_delaunay,0,1812,109,420,98
2026-09-29T02:51:00.661018+00:00,1903900010917,7.9,Bueno,8.8,Bueno,promedio_sensores,1,2843,155,698,133
2026-09-29T02:51:00.661018+00:00,1903900010955,8.22,Bueno,9.79,Bueno,interpolacion_delaunay,0,288,25,64,22
2026-09-29T02:51:00.661018+00:00,1903900013697,6.01,Bueno,7.01,Bueno,interpolacion_delaunay,0,1977,183,341,77
2026-09-29T02:51:00.661018+00:00,1903900013860,7.09,Bueno,8.53,Bueno,interpolacion_delaunay,0,3174,344,383,184
2026-09-29T02:51:00.661018+00:00,1903900015439,1.69,Bueno,1.95,Bueno,interpolacion_delaunay,0,627,97,12,5
2026-09-29T02:51:00.661018+00:00,1903900011027,8.89,Bueno,11.6,Bueno,interpolacion_delaunay,0,509,36,115,25
2026-09-29T02:51:00.661018+00:00,1903900013998,6.82,Bueno,8.14,Bueno,interpolacion_delaunay,0,5766,706,558,248
2026-09-29T02:51:00.661018+00:00,190390001477A,4.12,Bueno,4.29,Bueno,interpolacion_delaunay,0,550,33,68,4
2026-09-29T02:51:00.661018+00:00,1903900014002,6.9,Bueno,8.21,Bueno,interpolacion_delaunay,0,5494,669,668,240
2026-09-29T02:51:00.661018+00:00,1903900014873,0.35,Bueno,0.42,Bueno,interpolacion_delaunay,0,2383,154,261,52
2026-09-29T02:51:00.661018+00:00,1903900011008,8.99,Bueno,11.64,Bueno,interpolacion_delaunay,0,1877,145,377,135
2026-09-29T02:51:00.661018+00:00,1903900011313,8.89,Bueno,11.5,Bueno,interpolacion_delaunay,0,5055,336,882,185
2026-09-29T02:51:00.661018+00:00,190390001139A,7.02,Bueno,7.92,Bueno,interpolacion_delaunay,0,1079,59,290,49
2026-09-29T02:51:00.661018+00:00,1903900011402,7.49,Bueno,8.47,Bueno,interpolacion_delaunay,0,681,31,196,23
2026-09-29T02:51:00.661018+00:00,1903900012519,6.78,Bueno,8.11,Bueno,interpolacion_delaunay,0,5642,661,498,241
2026-09-29T02:51:00.661018+00:00,1903900013822,5.98,Bueno,6.3,Bueno,interpolacion_delaunay,0,6050,361,890,140
2026-09-29T02:51:00.661018+00:00,1903900013964,5.87,Bueno,6.18,Bueno,interpolacion_delaunay,0,728,55,70,19
2026-09-29T02:51:00.661018+00:00,1903900014125,6.64,Bueno,7.96,Bueno,interpolacion_delaunay,0,1881,174,361,63
2026-09-29T02:51:00.661018+00:00,190390001452A,7.32,Bueno,9.11,Bueno,interpolacion_delaunay,0,2471,240,363,186
2026-09-29T02:51:00.661018+00:00,190390001413A,6.68,Bueno,7.95,Bueno,interpolacion_delaunay,0,2082,180,339,126
2026-09-29T02:51:00.661018+00:00,1903900010461,6.4,Bueno,7.7,Bueno,promedio_sensores,1,3422,173,1112,139
2026-09-29T02:51:00.661018+00:00,1903900014534,7.46,Bueno,9.2,Bueno,interpolacion_delaunay,0,1267,111,229,29
2026-09-29T02:51:00.661018+00:00,1903900013767,1.92,Bueno,2.01,Bueno,interpolacion_delaunay,0,2308,117,605,127
2026-09-29T02:51:00.661018+00:00,1903900012345,2.12,Bueno,2.48,Bueno,interpolacion_delaunay,0,2632,98,737,80
2026-09-29T02:51:00.661018+00:00,1903900012364,0.0,Bueno,0.0,Bueno,promedio_sensores,1,2327,116,787,61
2026-09-29T02:51:00.661018+00:00,1903900011629,5.8,Bueno,9.0,Bueno,promedio_sensores,1,2881,196,402,58
2026-09-29T02:51:00.661018+00:00,1903900013396,6.91,Bueno,8.27,Bueno,interpolacion_delaunay,0,4014,389,664,275
2026-09-29T02:51:00.661018+00:00,1903900010245,3.21,Bueno,3.8,Bueno,interpolacion_delaunay,0,2709,131,764,208
2026-09-29T02:51:00.661018+00:00,1903900015284,2.46,Bueno,2.87,Bueno,interpolacion_delaunay,0,513,29,60,13
2026-09-29T02:51:00.661018+00:00,1903900010118,6.88,Bueno,8.24,Bueno,interpolacion_delaunay,0,4580,383,955,302
2026-09-29T02:51:00.661018+00:00,1903900010052,6.84,Bueno,8.16,Bueno,interpolacion_delaunay,0,3869,304,717,323
2026-09-29T02:51:00.661018+00:00,1903900015123,6.96,Bueno,8.3,Bueno,interpolacion_delaunay,0,68,3,4,3
2026-09-29T02:51:00.661018+00:00,1903900014036,6.99,Bueno,8.37,Bueno,interpolacion_delaunay,0,4679,569,514,263
2026-09-29T02:51:00.661018+00:00,1903900010508,6.88,Bueno,8.34,Bueno,interpolacion_delaunay,0,3451,202,579,150
2026-09-29T02:51:00.661018+00:00,1903900010527,7.02,Bueno,8.49,Bueno,interpolacion_delaunay,0,1779,95,454,127
2026-09-29T02:51:00.661018+00:00,1903900013729,4.17,Bueno,4.85,Bueno,interpolacion_delaunay,0,3410,392,357,136
2026-09-29T02:51:00.661018+00:00,190390001370A,5.31,Bueno,6.19,Bueno,interpolacion_delaunay,0,4006,357,563,228
2026-09-29T02:51:00.661018+00:00,1904600010362,7.41,Bueno,8.46,Bueno,interpolacion_delaunay,0,5505,271,1291,301
2026-09-29T02:51:00.661018+00:00,1904600011483,30.67,Aceptable,34.23,Bueno,interpolacion_delaunay,0,2026,111,597,94
2026-09-29T02:51:00.661018+00:00,1904600011638,7.83,Bueno,9.1,Bueno,interpolacion_delaunay,0,4053,248,498,114
2026-09-29T02:51:00.661018+00:00,1904600010998,7.7,Bueno,9.59,Bueno,interpolacion_delaunay,0,5855,449,1099,257
2026-09-29T02:51:00.661018+00:00,1904600011676,7.98,Bueno,10.02,Bueno,interpolacion_delaunay,0,362,30,69,27
2026-09-29T02:51:00.661018+00:00,1904600010216,7.6,Bueno,9.3,Bueno,promedio_sensores,1,2042,50,546,50
2026-09-29T02:51:00.661018+00:00,1904600010536,8.59,Bueno,11.39,Bueno,interpolacion_delaunay,0,4997,504,603,104
2026-09-29T02:51:00.661018+00:00,1904600011708,8.68,Bueno,10.64,Bueno,interpolacion_delaunay,0,1763,89,284,44
2026-09-29T02:51:00.661018+00:00,190460001070A,9.53,Bueno,12.79,Bueno,interpolacion_delaunay,0,1273,69,137,48
2026-09-29T02:51:00.661018+00:00,1904600011375,8.09,Bueno,9.52,Bueno,interpolacion_delaunay,0,5964,475,946,326
2026-09-29T02:51:00.661018+00:00,1904600011286,7.56,Bueno,8.67,Bueno,interpolacion_delaunay,0,2603,117,839,196
2026-09-29T02:51:00.661018+00:00,1904600011623,7.91,Bueno,9.33,Bueno,interpolacion_delaunay,0,4225,248,423,136
2026-09-29T02:51:00.661018+00:00,1904600010786,8.3,Bueno,10.03,Bueno,interpolacion_delaunay,0,4690,309,1009,269
2026-09-29T02:51:00.661018+00:00,190460001024A,7.25,Bueno,8.76,Bueno,interpolacion_delaunay,0,2748,75,850,176
2026-09-29T02:51:00.661018+00:00,1904600010875,7.27,Bueno,9.31,Bueno,interpolacion_delaunay,0,3785,202,993,129
2026-09-29T02:51:00.661018+00:00,1904600010324,6.87,Bueno,7.74,Bueno,interpolacion_delaunay,0,2214,97,651,92
2026-09-29T02:51:00.661018+00:00,1904600011233,6.95,Bueno,7.9,Bueno,interpolacion_delaunay,0,3010,241,577,204
2026-09-29T02:51:00.661018+00:00,1904600010131,7.19,Bueno,8.99,Bueno,interpolacion_delaunay,0,4113,160,1393,177
2026-09-29T02:51:00.661018+00:00,1904600010184,7.2,Bueno,8.82,Bueno,interpolacion_delaunay,0,3438,93,1132,126
2026-09-29T02:51:00.661018+00:00,1904600010235,7.25,Bueno,8.75,Bueno,interpolacion_delaunay,0,2765,104,711,111
2026-09-29T02:51:00.661018+00:00,1904600010466,7.52,Bueno,9.67,Bueno,interpolacion_delaunay,0,2212,113,500,58
2026-09-29T02:51:00.661018+00:00,190460001049A,7.54,Bueno,9.47,Bueno,interpolacion_delaunay,0,2827,123,674,44
2026-09-29T02:51:00.661018+00:00,1904600011407,8.36,Bueno,11.06,Bueno,interpolacion_delaunay,0,3464,317,610,173
2026-09-29T02:51:00.661018+00:00,1904600011642,6.79,Bueno,8.03,Bueno,interpolacion_delaunay,0,2601,116,623,113
2026-09-29T02:51:00.661018+00:00,1904600011731,9.44,Bueno,11.86,Bueno,interpolacion_delaunay,0,3017,207,561,120
2026-09-29T02:51:00.661018+00:00,1904600010108,6.58,Bueno,7.92,Bueno,interpolacion_delaunay,0,2483,125,582,112
2026-09-29T02:51:00.661018+00:00,1904600010127,7.1,Bueno,8.76,Bueno,interpolacion_delaunay,0,4270,186,1281,297
2026-09-29T02:51:00.661018+00:00,1904600010292,7.81,Bueno,9.7,Bueno,interpolacion_delaunay,0,0,0,0,0
2026-09-29T02:51:00.661018+00:00,1904600010714,7.23,Bueno,8.31,Bueno,interpolacion_delaunay,0,3666,266,947,309
2026-09-29T02:51:00.661018+00:00,1904600010860,8.01,Bueno,10.64,Bueno,interpolacion_delaunay,0,3290,227,721,158
2026-09-29T02:51:00.661018+00:00,1904600011002,8.17,Bueno,10.39,Bueno,interpolacion_delaunay,0,3262,289,695,194
2026-09-29T02:51:00.661018+00:00,190460001120A,6.79,Bueno,7.69,Bueno,interpolacion_delaunay,0,3141,265,631,179
2026-09-29T02:51:00.661018+00:00,1904600011341,8.59,Bueno,10.93,Bueno,interpolacion_delaunay,0,3608,289,555,127
2026-09-29T02:51:00.661018+00:00,1904600011426,7.45,Bueno,9.2,Bueno,interpolacion_delaunay,0,3335,302,691,164
2026-09-29T02:51:00.661018+00:00,190460001177A,7.47,Bueno,9.58,Bueno,interpolacion_delaunay,0,2611,224,320,95
2026-09-29T02:51:00.661018+00:00,1904600010042,14.07,Bueno,16.38,Bueno,interpolacion_delaunay,0,1646,90,422,69
2026-09-29T02:51:00.661018+00:00,1904600010057,13.01,Bueno,15.06,Bueno,interpolacion_delaunay,0,1216,61,388,100
2026-09-29T02:51:00.661018+00:00,1904600010076,7.33,Bueno,9.31,Bueno,interpolacion_delaunay,0,3762,199,1053,215
2026-09-29T02:51:00.661018+00:00,1904600010095,8.97,Bueno,10.6,Bueno,interpolacion_delaunay,0,1199,53,337,85
2026-09-29T02:51:00.661018+00:00,1904600010146,6.68,Bueno,8.01,Bueno,interpolacion_delaunay,0,2987,160,749,104
2026-09-29T02:51:00.661018+00:00,190460001017A,6.88,Bueno,8.29,Bueno,interpolacion_delaunay,0,4101,180,1201,211
2026-09-29T02:51:00.661018+00:00,1904600010201,6.47,Bueno,7.47,Bueno,interpolacion_delaunay,0,3988,173,1242,253
2026-09-29T02:51:00.661018+00:00,1904600010220,7.66,Bueno,9.42,Bueno,interpolacion_delaunay,0,1869,61,495,59
2026-09-29T02:51:00.661018+00:00,190460001031A,6.91,Bueno,7.8,Bueno,interpolacion_delaunay,0,2149,134,353,62
2026-09-29T02:51:00.661018+00:00,1904600010343,7.27,Bueno,8.31,Bueno,interpolacion_delaunay,0,5532,394,1335,345
2026-09-29T02:51:00.661018+00:00,1904600010381,7.38,Bueno,8.39,Bueno,interpolacion_delaunay,0,3251,164,847,172
2026-09-29T02:51:00.661018+00:00,1904600010413,7.5,Bueno,9.92,Bueno,interpolacion_delaunay,0,4002,238,499,120
2026-09-29T02:51:00.661018+00:00,1904600010485,7.52,Bueno,9.31,Bueno,interpolacion_delaunay,0,3150,144,1004,109
2026-09-29T02:51:00.661018+00:00,1904600010540,7.03,Bueno,8.43,Bueno,interpolacion_delaunay,0,4952,283,1289,225
2026-09-29T02:51:00.661018+00:00,1904600010555,8.81,Bueno,11.67,Bueno,interpolacion_delaunay,0,0,0,0,0
2026-09-29T02:51:00.661018+00:00,1904600010593,7.13,Bueno,8.43,Bueno,interpolacion_delaunay,0,5785,417,488,81
2026-09-29T02:51:00.661018+00:00,1904600010610,9.57,Bueno,13.42,Bueno,interpolacion_delaunay,0,4819,442,219,35
2026-09-29T02:51:00.661018+00:00,1904600010625,7.96,Bueno,9.89,Bueno,interpolacion_delaunay,0,684,56,110,22
2026-09-29T02:51:00.661018+00:00,1904600010659,7.11,Bueno,8.25,Bueno,interpolacion_delaunay,0,0,0,0,0
2026-09-29T02:51:00.661018+00:00,1904600010729,7.35,Bueno,8.47,Bueno,interpolacion_delaunay,0,0,0,0,0
2026-09-29T02:51:00.661018+00:00,1904600010752,7.53,Bueno,8.67,Bueno,interpolacion_delaunay,0,2043,121,429,51
2026-09-29T02:51:00.661018+00:00,1904600010790,8.7,Bueno,10.8,Bueno,interpolacion_delaunay,0,0,0,0,0
2026-09-29T02:51:00.661018+00:00,1904600010822,8.22,Bueno,10.99,Bueno,interpolacion_delaunay,0,1808,142,329,116
2026-09-29T02:51:00.661018+00:00,1904600010841,7.88,Bueno,10.46,Bueno,interpolacion_delaunay,0,2675,196,623,119
2026-09-29T02:51:00.661018+00:00,1904600010856,7.64,Bueno,10.0,Bueno,interpolacion_delaunay,0,5049,305,900,195
2026-09-29T02:51:00.661018+00:00,190460001088A,33.63,Mala,37.03,Bueno,interpolacion_delaunay,0,4232,220,1219,162
2026-09-29T02:51:00.661018+00:00,1904600010894,26.57,Aceptable,29.36,Bueno,interpolacion_delaunay,0,2806,182,550,130
2026-09-29T02:51:00.661018+00:00,1904600010907,7.69,Bueno,9.94,Bueno,interpolacion_delaunay,0,3550,247,722,168
2026-09-29T02:51:00.661018+00:00,1904600010930,7.14,Bueno,9.12,Bueno,interpolacion_delaunay,0,3021,143,721,82
2026-09-29T02:51:00.661018+00:00,1904600010945,7.0,Bueno,8.76,Bueno,interpolacion_delaunay,0,3597,162,944,129
2026-09-29T02:51:00.661018+00:00,190460001095A,7.79,Bueno,9.92,Bueno,interpolacion_delaunay,0,3265,234,654,254
2026-09-29T02:51:00.661018+00:00,1904600010979,6.51,Bueno,7.54,Bueno,interpolacion_delaunay,0,2747,114,869,151
2026-09-29T02:51:00.661018+00:00,1904600011017,7.78,Bueno,9.65,Bueno,interpolacion_delaunay,0,4599,402,752,199
2026-09-29T02:51:00.661018+00:00,1904600011021,6.54,Bueno,7.49,Bueno,interpolacion_delaunay,0,4072,223,1090,178
2026-09-29T02:51:00.661018+00:00,1904600011040,6.59,Bueno,7.49,Bueno,interpolacion_delaunay,0,3276,150,902,88
2026-09-29T02:51:00.661018+00:00,1904600011055,6.71,Bueno,7.66,Bueno,interpolacion_delaunay,0,7096,477,1425,285
2026-09-29T02:51:00.661018+00:00,190460001106A,7.13,Bueno,8.58,Bueno,interpolacion_delaunay,0,1152,61,261,64
2026-09-29T02:51:00.661018+00:00,1904600011074,6.58,Bueno,7.44,Bueno,interpolacion_delaunay,0,4901,241,744,96
2026-09-29T02:51:00.661018+00:00,1904600011089,6.8,Bueno,7.75,Bueno,interpolacion_delaunay,0,3306,318,659,199
2026-09-29T02:51:00.661018+00:00,1904600011093,8.06,Bueno,9.88,Bueno,interpolacion_delaunay,0,3302,217,861,180
2026-09-29T02:51:00.661018+00:00,1904600011106,8.79,Bueno,11.14,Bueno,interpolacion_delaunay,0,3881,243,712,89
2026-09-29T02:51:00.661018+00:00,1904600011110,9.57,Bueno,13.04,Bueno,interpolacion_delaunay,0,3018,178,738,133
2026-09-29T02:51:00.661018+00:00,1904600011125,6.71,Bueno,7.6,Bueno,interpolacion_delaunay,0,3318,323,549,240
2026-09-29T02:51:00.661018+00:00,190460001113A,6.84,Bueno,7.78,Bueno,interpolacion_delaunay,0,3513,294,662,255
2026-09-29T02:51:00.661018+00:00,1904600011144,6.96,Bueno,7.95,Bueno,interpolacion_delaunay,0,3223,294,460,148
2026-09-29T02:51:00.661018+00:00,1904600011159,7.44,Bueno,8.65,Bueno,interpolacion_delaunay,0,4682,317,917,254
2026-09-29T02:51:00.661018+00:00,1904600011163,7.64,Bueno,9.0,Bueno,interpolacion_delaunay,0,4463,291,849,173
2026-09-29T02:51:00.661018+00:00,1904600011178,8.1,Bueno,9.82,Bueno,interpolacion_delaunay,0,2288,137,771,142
2026-09-29T02:51:00.661018+00:00,1904600011182,7.89,Bueno,9.47,Bueno,interpolacion_delaunay,0,2567,158,877,192
2026-09-29T02:51:00.661018+00:00,1904600011197,7.82,Bueno,9.26,Bueno,interpolacion_delaunay,0,2285,129,707,149
2026-09-29T02:51:00.661018+00:00,1904600011214,6.75,Bueno,7.63,Bueno,interpolacion_delaunay,0,2395,153,608,159
2026-09-29T02:51:00.661018+00:00,1904600011229,6.91,Bueno,7.82,Bueno,interpolacion_delaunay,0,3808,341,729,252
2026-09-29T02:51:00.661018+00:00,1904600011248,7.12,Bueno,8.15,Bueno,interpolacion_delaunay,0,3448,233,731,165
2026-09-29T02:51:00.661018+00:00,1904600011252,7.21,Bueno,8.21,Bueno,interpolacion_delaunay,0,3638,249,902,255
2026-09-29T02:51:00.661018+00:00,1904600011271,7.61,Bueno,8.75,Bueno,interpolacion_delaunay,0,3393,200,1049,183
2026-09-29T02:51:00.661018+00:00,1904600011290,7.35,Bueno,9.18,Bueno,interpolacion_delaunay,0,3613,204,959,164
2026-09-29T02:51:00.661018+00:00,1904600011303,7.63,Bueno,9.66,Bueno,interpolacion_delaunay,0,4255,296,730,120
2026-09-29T02:51:00.661018+00:00,1904600011318,6.2,Bueno,7.0,Bueno,promedio_sensores,1,2617,117,712,78
2026-09-29T02:51:00.661018+00:00,1904600011322,6.32,Bueno,7.22,Bueno,interpolacion_delaunay,0,3209,131,1071,177
2026-09-29T02:51:00.661018+00:00,1904600011356,7.76,Bueno,9.39,Bueno,interpolacion_delaunay,0,5344,302,754,186
2026-09-29T02:51:00.661018+00:00,190460001138A,10.54,Bueno,12.45,Bueno,interpolacion_delaunay,0,2330,116,772,143
2026-09-29T02:51:00.661018+00:00,1904600011394,15.81,Aceptable,17.6,Bueno,interpolacion_delaunay,0,2495,152,536,127
2026-09-29T02:51:00.661018+00:00,1904600011430,7.12,Bueno,8.52,Bueno,interpolacion_delaunay,0,4835,297,977,195
2026-09-29T02:51:00.661018+00:00,1904600011445,7.68,Bueno,8.89,Bueno,interpolacion_delaunay,0,2396,140,277,35
2026-09-29T02:51:00.661018+00:00,190460001145A,7.65,Bueno,8.83,Bueno,interpolacion_delaunay,0,4010,242,623,75
2026-09-29T02:51:00.661018+00:00,1904600011464,7.11,Bueno,9.25,Bueno,interpolacion_delaunay,0,3269,192,527,50
2026-09-29T02:51:00.661018+00:00,1904600011479,16.84,Aceptable,19.6,Bueno,interpolacion_delaunay,0,2267,102,540,81
2026-09-29T02:51:00.661018+00:00,1904600011500,8.02,Bueno,10.53,Bueno,interpolacion_delaunay,0,4575,375,784,254
2026-09-29T02:51:00.661018+00:00,1904600011515,7.89,Bueno,10.22,Bueno,interpolacion_delaunay,0,1791,111,314,102
2026-09-29T02:51:00.661018+00:00,190460001152A,8.02,Bueno,10.34,Bueno,interpolacion_delaunay,0,3396,254,719,167
2026-09-29T02:51:00.661018+00:00,1904600011534,8.16,Bueno,10.52,Bueno,interpolacion_delaunay,0,5740,487,560,132
2026-09-29T02:51:00.661018+00:00,1904600011549,6.52,Bueno,7.55,Bueno,interpolacion_delaunay,0,4515,263,831,205
2026-09-29T02:51:00.661018+00:00,1904600011568,8.21,Bueno,10.3,Bueno,interpolacion_delaunay,0,4996,283,463,138
2026-09-29T02:51:00.661018+00:00,1904600011572,8.34,Bueno,10.49,Bueno,interpolacion_delaunay,0,4541,345,482,121
2026-09-29T02:51:00.661018+00:00,1904600011587,9.52,Bueno,13.14,Bueno,interpolacion_delaunay,0,2786,153,244,33
2026-09-29T02:51:00.661018+00:00,1904600011591,9.51,Bueno,13.0,Bueno,interpolacion_delaunay,0,3387,245,335,48
2026-09-29T02:51:00.661018+00:00,1904600011604,7.35,Bueno,8.44,Bueno,interpolacion_delaunay,0,3298,256,771,245
2026-09-29T02:51:00.661018+00:00,1904600011619,7.44,Bueno,8.53,Bueno,interpolacion_delaunay,0,3765,260,958,269
2026-09-29T02:51:00.661018+00:00,1904600011657,6.82,Bueno,8.04,Bueno,interpolacion_delaunay,0,3567,176,481,50
2026-09-29T02:51:00.661018+00:00,1904600011661,7.57,Bueno,9.29,Bueno,interpolacion_delaunay,0,282,11,66,6
2026-09-29T02:51:00.661018+00:00,1904600011727,28.73,Aceptable,32.17,Bueno,interpolacion_delaunay,0,3412,179,655,144
2026-09-29T02:51:00.661018+00:00,1904600011746,6.44,Bueno,7.3,Bueno,interpolacion_delaunay,0,3218,196,815,117
2026-09-29T02:51:00.661018+00:00,1904600011750,6.42,Bueno,7.24,Bueno,interpolacion_delaunay,0,4162,197,210,54
2026-09-29T02:51:00.661018+00:00,1904600011765,7.35,Bueno,9.39,Bueno,interpolacion_delaunay,0,3860,405,397,208
2026-09-29T02:51:00.661018+00:00,1904600010663,7.28,Bueno,8.49,Bueno,interpolacion_delaunay,0,198,8,27,0
2026-09-29T02:51:00.661018+00:00,1904600010926,8.3,Bueno,11.05,Bueno,interpolacion_delaunay,0,5007,437,867,291
2026-09-29T02:51:00.661018+00:00,1904600010339,7.0,Bueno,7.9,Bueno,interpolacion_delaunay,0,1314,68,335,78
2026-09-29T02:51:00.661018+00:00,1904600011267,7.19,Bueno,8.16,Bueno,interpolacion_delaunay,0,3908,248,1102,331
2026-09-29T02:51:00.661018+00:00,1904600011712,9.59,Bueno,12.72,Bueno,interpolacion_delaunay,0,3272,182,300,58
2026-09-29T02:51:00.661018+00:00,1904600010447,14.08,Bueno,17.06,Bueno,interpolacion_delaunay,0,4132,230,437,113
2026-09-29T02:51:00.661018+00:00,1904600011498,40.98,Mala,45.12,Aceptable,interpolacion_delaunay,0,3212,141,667,65
2026-09-29T02:51:00.661018+00:00,1904600010682,8.43,Bueno,10.47,Bueno,interpolacion_delaunay,0,6498,485,714,113
2026-09-29T02:51:00.661018+00:00,1903100450393,6.58,Bueno,7.72,Bueno,interpolacion_delaunay,0,4470,331,183,115
2026-09-29T02:51:00.661018+00:00,1903100451090,6.87,Bueno,8.06,Bueno,interpolacion_delaunay,0,3117,391,133,67
2026-09-29T02:51:00.661018+00:00,1903100010340,7.51,Bueno,8.63,Bueno,interpolacion_delaunay,0,3444,349,252,192
2026-09-29T02:51:00.661018+00:00,1903100450641,5.8,Bueno,7.16,Bueno,interpolacion_delaunay,0,1572,92,57,77
2026-09-29T02:51:00.661018+00:00,1903100451086,6.45,Bueno,7.71,Bueno,interpolacion_delaunay,0,3582,470,173,24
2026-09-29T02:51:00.661018+00:00,190310311171A,7.75,Bueno,8.81,Bueno,interpolacion_delaunay,0,1226,184,39,41
2026-09-29T02:51:00.661018+00:00,1903100450088,5.3,Bueno,6.53,Bueno,interpolacion_delaunay,0,106,4,27,5
2026-09-29T02:51:00.661018+00:00,1903100450321,6.07,Bueno,7.4,Bueno,interpolacion_delaunay,0,781,65,43,66
2026-09-29T02:51:00.661018+00:00,1903100450656,7.14,Bueno,8.14,Bueno,interpolacion_delaunay,0,6656,512,216,203
2026-09-29T02:51:00.661018+00:00,1903100451461,6.63,Bueno,7.52,Bueno,interpolacion_delaunay,0,215,36,0,4
2026-09-29T02:51:00.661018+00:00,1903100451391,7.15,Bueno,8.03,Bueno,interpolacion_delaunay,0,400,41,11,20
2026-09-29T02:51:00.661018+00:00,190310001068A,7.1,Bueno,8.1,Bueno,promedio_sensores,1,5585,402,158,107
2026-09-29T02:51:00.661018+00:00,1903100010872,6.91,Bueno,7.99,Bueno,interpolacion_delaunay,0,2902,333,115,45
2026-09-29T02:51:00.661018+00:00,1903100450266,6.01,Bueno,7.05,Bueno,interpolacion_delaunay,0,3518,300,297,140
2026-09-29T02:51:00.661018+00:00,1903100451211,6.65,Bueno,7.95,Bueno,interpolacion_delaunay,0,318,31,15,12
2026-09-29T02:51:00.661018+00:00,1903100450105,5.27,Bueno,6.38,Bueno,interpolacion_delaunay,0,617,53,101,42
2026-09-29T02:51:00.661018+00:00,1903100450533,6.17,Bueno,7.1,Bueno,interpolacion_delaunay,0,112,19,4,0
2026-09-29T02:51:00.661018+00:00,1903100450834,6.58,Bueno,7.53,Bueno,interpolacion_delaunay,0,5335,620,158,133
2026-09-29T02:51:00.661018+00:00,1903100451122,7.73,Bueno,8.67,Bueno,interpolacion_delaunay,0,4196,367,129,124
2026-09-29T02:51:00.661018+00:00,1903100451118,6.86,Bueno,7.74,Bueno,interpolacion_delaunay,0,1143,149,65,58
2026-09-29T02:51:00.661018+00:00,1903100450092,5.68,Bueno,6.91,Bueno,interpolacion_delaunay,0,5801,601,614,240
2026-09-29T02:51:00.661018+00:00,190310001036A,7.34,Bueno,8.52,Bueno,interpolacion_delaunay,0,2196,166,139,77
2026-09-29T02:51:00.661018+00:00,1903100011264,7.17,Bueno,8.22,Bueno,interpolacion_delaunay,0,166,15,10,4
2026-09-29T02:51:00.661018+00:00,1903100011692,6.75,Bueno,7.98,Bueno,interpolacion_delaunay,0,1994,254,42,57
2026-09-29T02:51:00.661018+00:00,1903100450675,6.87,Bueno,7.94,Bueno,interpolacion_delaunay,0,2985,254,121,65
2026-09-29T02:51:00.661018+00:00,1903100450815,6.15,Bueno,7.49,Bueno,interpolacion_delaunay,0,5183,452,347,124
2026-09-29T02:51:00.661018+00:00,1903100450887,6.64,Bueno,7.86,Bueno,interpolacion_delaunay,0,626,73,50,23
2026-09-29T02:51:00.661018+00:00,1903100450891,7.32,Bueno,8.53,Bueno,interpolacion_delaunay,0,3371,329,210,148
2026-09-29T02:51:00.661018+00:00,1903100450904,7.56,Bueno,8.72,Bueno,interpolacion_delaunay,0,2284,216,156,77
2026-09-29T02:51:00.661018+00:00,1903100451438,5.9,Bueno,7.3,Bueno,promedio_sensores,1,489,62,15,5
2026-09-29T02:51:00.661018+00:00,1903100451442,8.01,Bueno,9.13,Bueno,interpolacion_delaunay,0,530,59,19,6
2026-09-29T02:51:00.661018+00:00,1903100451828,7.47,Bueno,8.69,Bueno,interpolacion_delaunay,0,1268,201,24,22
2026-09-29T02:51:00.661018+00:00,1903103131616,9.12,Bueno,10.07,Bueno,interpolacion_delaunay,0,3396,460,75,104
2026-09-29T02:51:00.661018+00:00,1903100451103,7.8,Bueno,8.89,Bueno,interpolacion_delaunay,0,1939,184,111,81
2026-09-29T02:51:00.661018+00:00,1903103131601,8.96,Bueno,9.96,Bueno,interpolacion_delaunay,0,3536,417,97,62
2026-09-29T02:51:00.661018+00:00,1903100451226,7.82,Bueno,8.83,Bueno,interpolacion_delaunay,0,2587,267,90,42
2026-09-29T02:51:00.661018+00:00,1903103111512,8.1,Bueno,9.25,Bueno,interpolacion_delaunay,0,2486,240,126,82
2026-09-29T02:51:00.661018+00:00,1903100451635,6.95,Bueno,7.78,Bueno,interpolacion_delaunay,0,3621,518,70,103
2026-09-29T02:51:00.661018+00:00,1903103131300,9.8,Bueno,10.8,Bueno,promedio_sensores,1,4074,495,120,80
2026-09-29T02:51:00.661018+00:00,1903103111508,8.23,Bueno,9.25,Bueno,interpolacion_delaunay,0,3724,412,113,64
2026-09-29T02:51:00.661018+00:00,1903100451387,6.91,Bueno,7.84,Bueno,interpolacion_delaunay,0,1540,218,34,55
2026-09-29T02:51:00.661018+00:00,1903100452101,6.64,Bueno,7.42,Bueno,interpolacion_delaunay,0,1249,214,20,18
2026-09-29T02:51:00.661018+00:00,1903100451283,7.54,Bueno,8.37,Bueno,interpolacion_delaunay,0,3230,373,88,78
2026-09-29T02:51:00.661018+00:00,1903103111527,8.17,Bueno,9.25,Bueno,interpolacion_delaunay,0,1682,145,143,89
2026-09-29T02:51:00.661018+00:00,1903100452402,7.27,Bueno,8.04,Bueno,interpolacion_delaunay,0,0,0,0,0
2026-09-29T09:40:04.155190+00:00,1900601740121,11.9,Bueno,12.3,Bueno,promedio_sensores,1,2694,310,73,36
2026-09-29T09:40:04.155190+00:00,1900601740155,11.82,Bueno,12.28,Bueno,interpolacion_delaunay,0,1820,285,54,16
2026-09-29T09:40:04.155190+00:00,1900600781948,11.85,Bueno,12.36,Bueno,interpolacion_delaunay,0,1170,93,69,32
2026-09-29T09:40:04.155190+00:00,1900600012236,11.75,Bueno,12.33,Bueno,interpolacion_delaunay,0,264,28,6,0
2026-09-29T09:40:04.155190+00:00,1900600010225,12.2,Bueno,12.88,Bueno,interpolacion_delaunay,0,1,0,0,0
2026-09-29T09:40:04.155190+00:00,1900600010206,12.29,Bueno,13.15,Bueno,interpolacion_delaunay,0,6646,747,526,177
2026-09-29T09:40:04.155190+00:00,1900600010210,12.25,Bueno,12.96,Bueno,interpolacion_delaunay,0,0,0,0,0
2026-09-29T09:40:04.155190+00:00,1900600010244,12.1,Bueno,12.85,Bueno,interpolacion_delaunay,0,90,3,14,3
2026-09-29T09:40:04.155190+00:00,1900600010259,12.16,Bueno,12.97,Bueno,interpolacion_delaunay,0,3329,268,159,53
2026-09-29T09:40:04.155190+00:00,1900600010278,12.07,Bueno,12.79,Bueno,interpolacion_delaunay,0,486,52,18,8
2026-09-29T09:40:04.155190+00:00,1900600010297,12.01,Bueno,12.58,Bueno,interpolacion_delaunay,0,5850,524,288,225
2026-09-29T09:40:04.155190+00:00,1900600010475,12.05,Bueno,12.73,Bueno,interpolacion_delaunay,0,4729,407,844,249
2026-09-29T09:40:04.155190+00:00,190060001030A,11.99,Bueno,12.54,Bueno,interpolacion_delaunay,0,4134,431,170,127
2026-09-29T09:40:04.155190+00:00,1900600010348,11.82,Bueno,12.48,Bueno,interpolacion_delaunay,0,7877,871,609,196
2026-09-29T09:40:04.155190+00:00,1900600010460,12.04,Bueno,12.75,Bueno,interpolacion_delaunay,0,4909,343,1088,217
2026-09-29T09:40:04.155190+00:00,1900600010352,11.77,Bueno,12.39,Bueno,interpolacion_delaunay,0,1017,63,153,80
2026-09-29T09:40:04.155190+00:00,1900600010367,11.76,Bueno,12.4,Bueno,interpolacion_delaunay,0,469,45,60,46
2026-09-29T09:40:04.155190+00:00,1900600010403,12.54,Bueno,13.5,Bueno,interpolacion_delaunay,0,4726,352,972,196
2026-09-29T09:40:04.155190+00:00,190060001055A,12.49,Bueno,13.41,Bueno,interpolacion_delaunay,0,4579,363,547,197
2026-09-29T09:40:04.155190+00:00,1900600010583,12.15,Bueno,12.85,Bueno,interpolacion_delaunay,0,4964,382,425,153
2026-09-29T09:40:04.155190+00:00,1900600010598,12.13,Bueno,12.77,Bueno,interpolacion_delaunay,0,5332,416,338,212
2026-09-29T09:40:04.155190+00:00,1900600010723,12.46,Bueno,12.97,Bueno,interpolacion_delaunay,0,5109,353,1039,281
2026-09-29T09:40:04.155190+00:00,1900600010780,11.95,Bueno,12.56,Bueno,interpolacion_delaunay,0,3755,348,382,222
2026-09-29T09:40:04.155190+00:00,1900600010795,11.9,Bueno,12.52,Bueno,interpolacion_delaunay,0,5270,506,424,204
2026-09-29T09:40:04.155190+00:00,1900600010808,11.86,Bueno,12.5,Bueno,interpolacion_delaunay,0,3443,304,372,102
2026-09-29T09:40:04.155190+00:00,1900600010920,12.6,Bueno,13.6,Bueno,promedio_sensores,1,5729,316,496,128
2026-09-29T09:40:04.155190+00:00,1900600011011,12.22,Bueno,13.02,Bueno,interpolacion_delaunay,0,0,0,0,0
2026-09-29T09:40:04.155190+00:00,1900600011026,12.18,Bueno,12.94,Bueno,interpolacion_delaunay,0,0,0,0,0
2026-09-29T09:40:04.155190+00:00,1900600011064,12.5,Bueno,13.46,Bueno,interpolacion_delaunay,0,4513,371,370,162
2026-09-29T09:40:04.155190+00:00,1900600011098,11.75,Bueno,12.6,Bueno,interpolacion_delaunay,0,5772,542,419,165
2026-09-29T09:40:04.155190+00:00,1900600011149,11.73,Bueno,12.33,Bueno,interpolacion_delaunay,0,1140,100,87,38
2026-09-29T09:40:04.155190+00:00,1900600011350,12.47,Bueno,13.42,Bueno,interpolacion_delaunay,0,3323,233,353,93
2026-09-29T09:40:04.155190+00:00,1900600011365,12.43,Bueno,13.35,Bueno,interpolacion_delaunay,0,3259,285,225,87
2026-09-29T09:40:04.155190+00:00,190060001137A,12.45,Bueno,13.09,Bueno,interpolacion_delaunay,0,2748,223,522,132
2026-09-29T09:40:04.155190+00:00,1900600011632,11.99,Bueno,12.5,Bueno,interpolacion_delaunay,0,5931,475,161,144
2026-09-29T09:40:04.155190+00:00,1900600011384,12.42,Bueno,13.14,Bueno,interpolacion_delaunay,0,3359,263,352,73
2026-09-29T09:40:04.155190+00:00,1900600011399,12.38,Bueno,13.28,Bueno,interpolacion_delaunay,0,2371,274,284,91
2026-09-29T09:40:04.155190+00:00,1900600011469,12.02,Bueno,12.54,Bueno,interpolacion_delaunay,0,1932,125,131,96
2026-09-29T09:40:04.155190+00:00,1900600011401,12.33,Bueno,13.23,Bueno,interpolacion_delaunay,0,3593,269,468,144
2026-09-29T09:40:04.155190+00:00,190060001144A,12.08,Bueno,12.66,Bueno,interpolacion_delaunay,0,6239,575,321,95
2026-09-29T09:40:04.155190+00:00,1900600011473,12.13,Bueno,12.8,Bueno,interpolacion_delaunay,0,2826,209,259,107
2026-09-29T09:40:04.155190+00:00,1900600011488,12.1,Bueno,12.79,Bueno,interpolacion_delaunay,0,2922,234,293,96
2026-09-29T09:40:04.155190+00:00,1900600011492,11.99,Bueno,12.64,Bueno,interpolacion_delaunay,0,1725,134,78,56
2026-09-29T09:40:04.155190+00:00,1900600011505,12.01,Bueno,12.63,Bueno,interpolacion_delaunay,0,2030,151,78,103
2026-09-29T09:40:04.155190+00:00,190060001151A,11.99,Bueno,12.59,Bueno,interpolacion_delaunay,0,4650,413,187,145
2026-09-29T09:40:04.155190+00:00,1900600011524,11.93,Bueno,12.51,Bueno,interpolacion_delaunay,0,3658,279,744,150
2026-09-29T09:40:04.155190+00:00,1900600011539,11.88,Bueno,12.47,Bueno,interpolacion_delaunay,0,3879,269,179,190
2026-09-29T09:40:04.155190+00:00,1900600011543,11.83,Bueno,12.44,Bueno,interpolacion_delaunay,0,3926,372,127,91
2026-09-29T09:40:04.155190+00:00,1900600011844,11.92,Bueno,12.43,Bueno,interpolacion_delaunay,0,1922,166,57,23
2026-09-29T09:40:04.155190+00:00,1900600011666,11.95,Bueno,12.46,Bueno,interpolacion_delaunay,0,2454,221,74,68
2026-09-29T09:40:04.155190+00:00,1900600011859,11.89,Bueno,12.41,Bueno,interpolacion_delaunay,0,1533,143,46,34
2026-09-29T09:40:04.155190+00:00,1900600011863,11.82,Bueno,12.41,Bueno,interpolacion_delaunay,0,1050,130,36,5
2026-09-29T09:40:04.155190+00:00,1900600011878,11.76,Bueno,12.31,Bueno,interpolacion_delaunay,0,5255,440,206,130
2026-09-29T09:40:04.155190+00:00,1900600011882,11.75,Bueno,12.28,Bueno,interpolacion_delaunay,0,5356,444,208,243
2026-09-29T09:40:04.155190+00:00,190060001190A,11.73,Bueno,12.31,Bueno,interpolacion_delaunay,0,3346,296,126,99
2026-09-29T09:40:04.155190+00:00,1900600011914,11.73,Bueno,12.28,Bueno,interpolacion_delaunay,0,5844,518,215,189
2026-09-29T09:40:04.155190+00:00,1900600011929,11.79,Bueno,12.36,Bueno,interpolacion_delaunay,0,5690,426,232,211
2026-09-29T09:40:04.155190+00:00,1900600012043,11.8,Bueno,12.31,Bueno,interpolacion_delaunay,0,3660,375,120,69
2026-09-29T09:40:04.155190+00:00,1900600012109,11.91,Bueno,12.44,Bueno,interpolacion_delaunay,0,1488,155,32,33
2026-09-29T09:40:04.155190+00:00,1900600012128,11.84,Bueno,12.42,Bueno,interpolacion_delaunay,0,1714,168,66,31
2026-09-29T09:40:04.155190+00:00,190060001226A,12.04,Bueno,12.7,Bueno,interpolacion_delaunay,0,4528,324,328,117
2026-09-29T09:40:04.155190+00:00,1900600012274,12.06,Bueno,12.68,Bueno,interpolacion_delaunay,0,5782,615,191,106
2026-09-29T09:40:04.155190+00:00,190060001233A,11.87,Bueno,12.37,Bueno,interpolacion_delaunay,0,2449,267,53,48
2026-09-29T09:40:04.155190+00:00,1900600012414,11.88,Bueno,12.42,Bueno,interpolacion_delaunay,0,2297,332,39,45
2026-09-29T09:40:04.155190+00:00,1900600012429,11.83,Bueno,12.37,Bueno,interpolacion_delaunay,0,3283,479,97,39
2026-09-29T09:40:04.155190+00:00,1900600012734,11.78,Bueno,12.35,Bueno,interpolacion_delaunay,0,961,146,24,13
2026-09-29T09:40:04.155190+00:00,1900600010992,12.28,Bueno,13.08,Bueno,interpolacion_delaunay,0,0,0,0,0
2026-09-29T09:40:04.155190+00:00,1900600012804,12.35,Bueno,13.18,Bueno,interpolacion_delaunay,0,705,129,13,7
2026-09-29T09:40:04.155190+00:00,1900600011897,11.82,Bueno,12.37,Bueno,interpolacion_delaunay,0,3063,294,202,149
2026-09-29T09:40:04.155190+00:00,1900600012202,11.78,Bueno,12.28,Bueno,interpolacion_delaunay,0,372,48,3,8
2026-09-29T09:40:04.155190+00:00,1900600012039,11.77,Bueno,12.3,Bueno,interpolacion_delaunay,0,2684,242,90,67
2026-09-29T09:40:04.155190+00:00,1900601740047,11.93,Bueno,12.38,Bueno,interpolacion_delaunay,0,1719,266,38,40
2026-09-29T09:40:04.155190+00:00,190190001005A,12.54,Bueno,12.8,Bueno,interpolacion_delaunay,0,2404,108,693,69
2026-09-29T09:40:04.155190+00:00,1901900010064,11.95,Bueno,12.38,Bueno,promedio_sensores,4,2721,181,677,58
2026-09-29T09:40:04.155190+00:00,1901900010079,11.7,Bueno,13.0,Bueno,promedio_sensores,1,4464,212,1159,127
2026-09-29T09:40:04.155190+00:00,1901900010083,6.43,Bueno,6.53,Bueno,promedio_sensores,3,1374,63,441,45
2026-09-29T09:40:04.155190+00:00,1901900010098,7.1,Bueno,7.2,Bueno,promedio_sensores,1,1854,103,460,42
2026-09-29T09:40:04.155190+00:00,1901900010100,10.4,Bueno,10.8,Bueno,promedio_sensores,1,1944,129,547,21
2026-09-29T09:40:04.155190+00:00,1901900010149,8.6,Bueno,10.3,Bueno,promedio_sensores,1,1163,75,215,15
2026-09-29T09:40:04.155190+00:00,1901900010153,9.5,Bueno,9.6,Bueno,promedio_sensores,1,1800,134,430,81
2026-09-29T09:40:04.155190+00:00,1901900010168,12.5,Bueno,12.7,Bueno,promedio_sensores,1,1570,81,416,43
2026-09-29T09:40:04.155190+00:00,1901900010172,9.79,Bueno,10.11,Bueno,interpolacion_delaunay,0,1335,59,357,29
2026-09-29T09:40:04.155190+00:00,1901900010187,7.74,Bueno,7.97,Bueno,interpolacion_delaunay,0,4463,306,999,93
2026-09-29T09:40:04.155190+00:00,1901900010191,5.6,Bueno,6.0,Bueno,promedio_sensores,1,2824,172,637,108
2026-09-29T09:40:04.155190+00:00,1901900010204,7.94,Bueno,8.17,Bueno,interpolacion_delaunay,0,3926,317,736,119
2026-09-29T09:40:04.155190+00:00,1901900010223,8.81,Bueno,8.95,Bueno,interpolacion_delaunay,0,2979,89,503,54
2026-09-29T09:40:04.155190+00:00,1901900010238,8.5,Bueno,8.6,Bueno,promedio_sensores,1,1904,73,302,23
2026-09-29T09:40:04.155190+00:00,1901900010242,6.03,Bueno,6.2,Bueno,promedio_sensores,3,2717,143,729,92
2026-09-29T09:40:04.155190+00:00,1901900010257,8.3,Bueno,9.1,Bueno,promedio_sensores,1,1307,56,361,13
2026-09-29T09:40:04.155190+00:00,1901900010261,4.25,Bueno,4.4,Bueno,promedio_sensores,2,2240,113,567,42
2026-09-29T09:40:04.155190+00:00,1901900010280,7.56,Bueno,8.28,Bueno,interpolacion_delaunay,0,2690,79,360,43
2026-09-29T09:40:04.155190+00:00,1901900010350,8.56,Bueno,8.88,Bueno,interpolacion_delaunay,0,2768,148,592,68
2026-09-29T09:40:04.155190+00:00,1901900010365,14.2,Bueno,14.5,Bueno,promedio_sensores,1,3419,327,293,61
2026-09-29T09:40:04.155190+00:00,1901900010399,9.1,Bueno,9.25,Bueno,promedio_sensores,2,1162,6,68,0
2026-09-29T09:40:04.155190+00:00,1901900010401,7.1,Bueno,7.5,Bueno,promedio_sensores,1,2375,247,392,86
2026-09-29T09:40:04.155190+00:00,1901900010416,6.21,Bueno,6.63,Bueno,interpolacion_delaunay,0,700,19,105,4
2026-09-29T09:40:04.155190+00:00,1901900010420,7.6,Bueno,8.1,Bueno,promedio_sensores,1,1696,93,408,47
2026-09-29T09:40:04.155190+00:00,1901900010435,9.9,Bueno,10.2,Bueno,promedio_sensores,1,4494,346,601,54
2026-09-29T09:40:04.155190+00:00,190190001044A,7.8,Bueno,8.47,Bueno,promedio_sensores,3,4383,354,439,56
2026-09-29T09:40:04.155190+00:00,1901900010454,7.55,Bueno,7.85,Bueno,promedio_sensores,2,557,26,114,11
2026-09-29T09:40:04.155190+00:00,1901900010469,6.3,Bueno,6.8,Bueno,promedio_sensores,1,3112,170,568,37
2026-09-29T09:40:04.155190+00:00,1901900010473,7.58,Bueno,8.0,Bueno,interpolacion_delaunay,0,983,46,182,19
2026-09-29T09:40:04.155190+00:00,1901900010488,10.9,Bueno,11.25,Bueno,promedio_sensores,2,2757,295,371,102
2026-09-29T09:40:04.155190+00:00,1901900010492,4.55,Bueno,4.7,Bueno,promedio_sensores,2,2848,173,697,71
2026-09-29T09:40:04.155190+00:00,1901900010505,6.7,Bueno,7.29,Bueno,interpolacion_delaunay,0,2494,111,512,19
2026-09-29T09:40:04.155190+00:00,190190001051A,7.9,Bueno,8.1,Bueno,promedio_sensores,1,1899,111,507,36
2026-09-29T09:40:04.155190+00:00,1901900010558,7.07,Bueno,7.53,Bueno,promedio_sensores,3,1349,87,230,21
2026-09-29T09:40:04.155190+00:00,1901900010613,5.97,Bueno,6.45,Bueno,interpolacion_delaunay,0,132,0,20,0
2026-09-29T09:40:04.155190+00:00,1901900010384,8.69,Bueno,9.06,Bueno,interpolacion_delaunay,0,1111,19,119,15
2026-09-29T09:40:04.155190+00:00,1901900010219,8.86,Bueno,9.01,Bueno,interpolacion_delaunay,0,1954,106,555,58
2026-09-29T09:40:04.155190+00:00,1902100011338,16.19,Aceptable,17.13,Bueno,interpolacion_delaunay,0,2800,219,134,55
2026-09-29T09:40:04.155190+00:00,1902100011817,10.2,Bueno,11.1,Bueno,promedio_sensores,1,583,52,40,11
2026-09-29T09:40:04.155190+00:00,1902100010293,13.32,Bueno,14.4,Bueno,interpolacion_delaunay,0,2008,84,165,35
2026-09-29T09:40:04.155190+00:00,190210001033A,12.2,Bueno,13.18,Bueno,interpolacion_delaunay,0,4000,286,440,91
2026-09-29T09:40:04.155190+00:00,1902100011060,22.25,Aceptable,23.56,Bueno,interpolacion_delaunay,0,3355,278,195,95
2026-09-29T09:40:04.155190+00:00,1902100010289,14.3,Bueno,15.44,Bueno,interpolacion_delaunay,0,1352,78,109,44
2026-09-29T09:40:04.155190+00:00,1902100010325,16.23,Aceptable,17.47,Bueno,interpolacion_delaunay,0,1,0,0,0
2026-09-29T09:40:04.155190+00:00,1902100011412,12.5,Bueno,13.0,Bueno,promedio_sensores,1,3239,228,156,27
2026-09-29T09:40:04.155190+00:00,1902100011427,10.77,Bueno,11.6,Bueno,interpolacion_delaunay,0,4126,302,227,21
2026-09-29T09:40:04.155190+00:00,1902100011408,11.08,Bueno,12.0,Bueno,interpolacion_delaunay,0,6781,377,571,69
2026-09-29T09:40:04.155190+00:00,1902100011342,17.61,Aceptable,18.58,Bueno,interpolacion_delaunay,0,4655,261,185,126
2026-09-29T09:40:04.155190+00:00,1902100010043,20.44,Aceptable,21.83,Bueno,interpolacion_delaunay,0,4208,322,819,334
2026-09-29T09:40:04.155190+00:00,1902100010255,20.25,Aceptable,21.35,Bueno,interpolacion_delaunay,0,6704,625,410,194
2026-09-29T09:40:04.155190+00:00,1902100010378,19.6,Aceptable,21.1,Bueno,promedio_sensores,1,4134,262,294,72
2026-09-29T09:40:04.155190+00:00,1902100011075,21.37,Aceptable,22.6,Bueno,interpolacion_delaunay,0,8122,855,320,248
2026-09-29T09:40:04.155190+00:00,1902600011832,11.89,Bueno,12.58,Bueno,interpolacion_delaunay,0,3764,305,386,174
2026-09-29T09:40:04.155190+00:00,1902600010035,11.92,Bueno,12.56,Bueno,interpolacion_delaunay,0,1597,156,285,106
2026-09-29T09:40:04.155190+00:00,1902600012332,6.81,Bueno,7.28,Bueno,interpolacion_delaunay,0,5634,507,898,399
2026-09-29T09:40:04.155190+00:00,1902600010020,11.97,Bueno,12.67,Bueno,interpolacion_delaunay,0,1825,174,355,160
2026-09-29T09:40:04.155190+00:00,1902600011279,11.97,Bueno,12.64,Bueno,interpolacion_delaunay,0,4324,384,731,269
2026-09-29T09:40:04.155190+00:00,1902600011283,11.95,Bueno,12.6,Bueno,interpolacion_delaunay,0,3719,341,754,207
2026-09-29T09:40:04.155190+00:00,1902600012440,11.97,Bueno,12.73,Bueno,interpolacion_delaunay,0,2604,133,153,35
2026-09-29T09:40:04.155190+00:00,1902600012667,11.52,Bueno,12.23,Bueno,interpolacion_delaunay,0,778,73,30,14
2026-09-29T09:40:04.155190+00:00,1902600012811,6.64,Bueno,7.02,Bueno,interpolacion_delaunay,0,26,4,0,0
2026-09-29T09:40:04.155190+00:00,1902600010459,9.63,Bueno,9.98,Bueno,interpolacion_delaunay,0,3039,123,850,229
2026-09-29T09:40:04.155190+00:00,1902600010317,10.05,Bueno,10.44,Bueno,interpolacion_delaunay,0,4084,275,902,321
2026-09-29T09:40:04.155190+00:00,1902600010957,11.92,Bueno,12.6,Bueno,interpolacion_delaunay,0,5841,533,1121,336
2026-09-29T09:40:04.155190+00:00,1902600011103,11.67,Bueno,12.46,Bueno,interpolacion_delaunay,0,950,69,80,47
2026-09-29T09:40:04.155190+00:00,1902600011457,10.2,Bueno,10.73,Bueno,interpolacion_delaunay,0,2279,129,466,94
2026-09-29T09:40:04.155190+00:00,1902600011404,6.21,Bueno,6.37,Bueno,interpolacion_delaunay,0,3115,227,702,219
2026-09-29T09:40:04.155190+00:00,1902600011508,11.64,Bueno,12.42,Bueno,interpolacion_delaunay,0,1978,175,250,90
2026-09-29T09:40:04.155190+00:00,1902600011828,11.97,Bueno,12.69,Bueno,interpolacion_delaunay,0,2175,178,266,60
2026-09-29T09:40:04.155190+00:00,1902600011847,11.86,Bueno,12.57,Bueno,interpolacion_delaunay,0,4488,374,407,157
2026-09-29T09:40:04.155190+00:00,1902600012402,10.22,Bueno,10.87,Bueno,interpolacion_delaunay,0,2699,234,353,170
2026-09-29T09:40:04.155190+00:00,1902600012205,9.6,Bueno,10.28,Bueno,interpolacion_delaunay,0,4435,432,502,204
2026-09-29T09:40:04.155190+00:00,1902600012258,11.62,Bueno,12.34,Bueno,interpolacion_delaunay,0,1006,77,102,40
2026-09-29T09:40:04.155190+00:00,1902600012296,11.82,Bueno,12.47,Bueno,interpolacion_delaunay,0,4398,237,919,190
2026-09-29T09:40:04.155190+00:00,1902600012455,11.91,Bueno,12.65,Bueno,interpolacion_delaunay,0,4962,328,296,118
2026-09-29T09:40:04.155190+00:00,1902600010302,9.94,Bueno,10.31,Bueno,interpolacion_delaunay,0,2790,166,675,209
2026-09-29T09:40:04.155190+00:00,1902600010425,9.03,Bueno,9.49,Bueno,interpolacion_delaunay,0,3687,235,843,230
2026-09-29T09:40:04.155190+00:00,1902600010533,9.32,Bueno,9.88,Bueno,interpolacion_delaunay,0,1681,81,395,96
2026-09-29T09:40:04.155190+00:00,1902600011813,11.98,Bueno,12.72,Bueno,interpolacion_delaunay,0,5250,447,545,129
2026-09-29T09:40:04.155190+00:00,1902600011851,11.83,Bueno,12.54,Bueno,interpolacion_delaunay,0,4115,305,359,155
2026-09-29T09:40:04.155190+00:00,1902600012436,12.02,Bueno,12.78,Bueno,interpolacion_delaunay,0,3242,185,145,20
2026-09-29T09:40:04.155190+00:00,1902600012686,11.61,Bueno,12.3,Bueno,interpolacion_delaunay,0,40,3,7,5
2026-09-29T09:40:04.155190+00:00,1902600010124,11.81,Bueno,12.5,Bueno,interpolacion_delaunay,0,2665,140,749,113
2026-09-29T09:40:04.155190+00:00,1902600012417,11.84,Bueno,12.49,Bueno,interpolacion_delaunay,0,2073,147,228,128
2026-09-29T09:40:04.155190+00:00,1902600012347,7.61,Bueno,8.04,Bueno,interpolacion_delaunay,0,4440,433,247,105
2026-09-29T09:40:04.155190+00:00,190260001239A,10.96,Bueno,11.5,Bueno,interpolacion_delaunay,0,2697,236,207,88
2026-09-29T09:40:04.155190+00:00,190260001260A,11.6,Bueno,12.3,Bueno,interpolacion_delaunay,0,979,82,21,36
2026-09-29T09:40:04.155190+00:00,1902600011391,10.8,Bueno,11.35,Bueno,interpolacion_delaunay,0,3747,280,1036,286
2026-09-29T09:40:04.155190+00:00,1902600010251,11.4,Bueno,12.04,Bueno,interpolacion_delaunay,0,6072,581,994,581
2026-09-29T09:40:04.155190+00:00,1902600010707,9.54,Bueno,10.0,Bueno,interpolacion_delaunay,0,4261,296,986,365
2026-09-29T09:40:04.155190+00:00,190260001157A,9.52,Bueno,9.97,Bueno,interpolacion_delaunay,0,2161,148,444,126
2026-09-29T09:40:04.155190+00:00,1902600011654,9.88,Bueno,10.55,Bueno,interpolacion_delaunay,0,3737,309,535,205
2026-09-29T09:40:04.155190+00:00,1902600012385,6.56,Bueno,6.94,Bueno,interpolacion_delaunay,0,108,11,8,5
2026-09-29T09:40:04.155190+00:00,1902600011495,11.6,Bueno,12.39,Bueno,interpolacion_delaunay,0,2675,203,421,91
2026-09-29T09:40:04.155190+00:00,1902600012525,8.13,Bueno,8.57,Bueno,interpolacion_delaunay,0,6162,464,363,124
2026-09-29T09:40:04.155190+00:00,1902600010995,11.78,Bueno,12.47,Bueno,interpolacion_delaunay,0,1016,61,224,56
2026-09-29T09:40:04.155190+00:00,1902600011866,11.76,Bueno,12.44,Bueno,interpolacion_delaunay,0,3064,167,548,67
2026-09-29T09:40:04.155190+00:00,190260001207A,5.8,Bueno,6.18,Bueno,interpolacion_delaunay,0,2199,99,452,47
2026-09-29T09:40:04.155190+00:00,1902600012120,5.2,Bueno,5.37,Bueno,interpolacion_delaunay,0,1092,33,384,28
2026-09-29T09:40:04.155190+00:00,1902600012135,7.61,Bueno,7.89,Bueno,interpolacion_delaunay,0,1356,47,414,29
2026-09-29T09:40:04.155190+00:00,1902600012544,8.18,Bueno,8.76,Bueno,interpolacion_delaunay,0,2171,187,206,83
2026-09-29T09:40:04.155190+00:00,1902600010069,11.01,Bueno,11.51,Bueno,interpolacion_delaunay,0,1920,94,579,107
2026-09-29T09:40:04.155190+00:00,1902600010073,11.1,Bueno,11.63,Bueno,interpolacion_delaunay,0,3137,159,955,77
2026-09-29T09:40:04.155190+00:00,1902600010088,11.33,Bueno,11.9,Bueno,interpolacion_delaunay,0,2870,157,722,160
2026-09-29T09:40:04.155190+00:00,1902600010158,10.42,Bueno,10.8,Bueno,interpolacion_delaunay,0,1517,70,502,83
2026-09-29T09:40:04.155190+00:00,190260001029A,9.76,Bueno,10.1,Bueno,interpolacion_delaunay,0,1809,94,461,133
2026-09-29T09:40:04.155190+00:00,1902600011885,10.95,Bueno,11.44,Bueno,interpolacion_delaunay,0,1944,100,497,103
2026-09-29T09:40:04.155190+00:00,1902600012192,11.63,Bueno,12.35,Bueno,interpolacion_delaunay,0,2742,217,241,94
2026-09-29T09:40:04.155190+00:00,1902600012243,5.81,Bueno,6.23,Bueno,interpolacion_delaunay,0,316,37,21,22
2026-09-29T09:40:04.155190+00:00,1902600012421,11.85,Bueno,12.49,Bueno,interpolacion_delaunay,0,2385,134,120,49
2026-09-29T09:40:04.155190+00:00,1902600012597,11.55,Bueno,12.27,Bueno,interpolacion_delaunay,0,3539,244,126,97
2026-09-29T09:40:04.155190+00:00,1902600011029,11.8,Bueno,12.52,Bueno,interpolacion_delaunay,0,1109,94,97,45
2026-09-29T09:40:04.155190+00:00,190260001189A,10.79,Bueno,11.25,Bueno,interpolacion_delaunay,0,2117,131,543,112
2026-09-29T09:40:04.155190+00:00,1902600012703,6.92,Bueno,7.31,Bueno,interpolacion_delaunay,0,632,49,33,14
2026-09-29T09:40:04.155190+00:00,1902600011372,10.9,Bueno,11.43,Bueno,interpolacion_delaunay,0,2451,168,520,192
2026-09-29T09:40:04.155190+00:00,1902600012366,11.62,Bueno,12.32,Bueno,interpolacion_delaunay,0,350,28,12,6
2026-09-29T09:40:04.155190+00:00,1902600010321,10.39,Bueno,10.82,Bueno,interpolacion_delaunay,0,5159,259,1483,335
2026-09-29T09:40:04.155190+00:00,1902600010336,10.48,Bueno,10.93,Bueno,interpolacion_delaunay,0,3112,150,945,118
2026-09-29T09:40:04.155190+00:00,1902600010340,10.68,Bueno,11.15,Bueno,interpolacion_delaunay,0,5009,289,1452,316
2026-09-29T09:40:04.155190+00:00,1902600010355,10.85,Bueno,11.35,Bueno,interpolacion_delaunay,0,2172,143,527,123
2026-09-29T09:40:04.155190+00:00,1902600010389,10.98,Bueno,11.53,Bueno,interpolacion_delaunay,0,3485,223,809,188
2026-09-29T09:40:04.155190+00:00,1902600010393,11.15,Bueno,11.74,Bueno,interpolacion_delaunay,0,4293,274,932,186
2026-09-29T09:40:04.155190+00:00,1902600010618,10.01,Bueno,10.5,Bueno,interpolacion_delaunay,0,3420,248,733,217
2026-09-29T09:40:04.155190+00:00,1902600010730,9.99,Bueno,10.16,Bueno,interpolacion_delaunay,0,4610,359,992,364
2026-09-29T09:40:04.155190+00:00,1902600011033,11.69,Bueno,12.44,Bueno,interpolacion_delaunay,0,5199,444,572,162
2026-09-29T09:40:04.155190+00:00,1902600011122,8.95,Bueno,9.54,Bueno,interpolacion_delaunay,0,6940,637,766,300
2026-09-29T09:40:04.155190+00:00,1902600011546,9.4,Bueno,9.81,Bueno,interpolacion_delaunay,0,3715,209,870,202
2026-09-29T09:40:04.155190+00:00,1902600011461,10.27,Bueno,10.82,Bueno,interpolacion_delaunay,0,3227,233,684,198
2026-09-29T09:40:04.155190+00:00,190260001132A,10.77,Bueno,11.24,Bueno,interpolacion_delaunay,0,2713,152,488,78
2026-09-29T09:40:04.155190+00:00,1902600011334,11.62,Bueno,12.32,Bueno,interpolacion_delaunay,0,3525,289,683,240
2026-09-29T09:40:04.155190+00:00,1902600011349,11.62,Bueno,12.31,Bueno,interpolacion_delaunay,0,2716,239,484,222
2026-09-29T09:40:04.155190+00:00,1902600011368,10.91,Bueno,11.43,Bueno,interpolacion_delaunay,0,3348,226,652,119
2026-09-29T09:40:04.155190+00:00,1902600011419,9.95,Bueno,10.35,Bueno,interpolacion_delaunay,0,2833,144,728,158
2026-09-29T09:40:04.155190+00:00,1902600011442,10.0,Bueno,10.51,Bueno,interpolacion_delaunay,0,3169,182,598,174
2026-09-29T09:40:04.155190+00:00,1902600011565,9.48,Bueno,9.92,Bueno,interpolacion_delaunay,0,4076,290,816,263
2026-09-29T09:40:04.155190+00:00,1902600011584,9.73,Bueno,10.08,Bueno,interpolacion_delaunay,0,4255,317,895,221
2026-09-29T09:40:04.155190+00:00,1902600011599,9.96,Bueno,10.32,Bueno,interpolacion_delaunay,0,2923,228,572,152
2026-09-29T09:40:04.155190+00:00,1902600011601,10.0,Bueno,10.1,Bueno,promedio_sensores,1,3474,261,775,299
2026-09-29T09:40:04.155190+00:00,1902600011688,9.56,Bueno,9.81,Bueno,interpolacion_delaunay,0,3727,240,688,249
2026-09-29T09:40:04.155190+00:00,190260001171A,8.41,Bueno,8.72,Bueno,interpolacion_delaunay,0,4383,321,770,213
2026-09-29T09:40:04.155190+00:00,1902600012008,5.61,Bueno,5.95,Bueno,interpolacion_delaunay,0,1064,52,278,35
2026-09-29T09:40:04.155190+00:00,1902600011781,7.75,Bueno,8.12,Bueno,interpolacion_delaunay,0,260,22,25,0
2026-09-29T09:40:04.155190+00:00,1902600011989,9.58,Bueno,10.01,Bueno,interpolacion_delaunay,0,3336,217,653,151
2026-09-29T09:40:04.155190+00:00,1902600012027,9.18,Bueno,9.48,Bueno,interpolacion_delaunay,0,5601,339,676,195
2026-09-29T09:40:04.155190+00:00,1902600012116,7.12,Bueno,7.56,Bueno,interpolacion_delaunay,0,2265,174,319,64
2026-09-29T09:40:04.155190+00:00,1902600012328,11.6,Bueno,12.31,Bueno,interpolacion_delaunay,0,2737,200,173,54
2026-09-29T09:40:04.155190+00:00,1902600012510,8.58,Bueno,9.08,Bueno,interpolacion_delaunay,0,3466,257,269,90
2026-09-29T09:40:04.155190+00:00,1902600012578,7.5,Bueno,7.95,Bueno,interpolacion_delaunay,0,2465,185,298,196
2026-09-29T09:40:04.155190+00:00,1902600012582,7.55,Bueno,8.0,Bueno,interpolacion_delaunay,0,2739,201,423,283
2026-09-29T09:40:04.155190+00:00,1902600012614,11.58,Bueno,12.32,Bueno,interpolacion_delaunay,0,3024,272,68,36
2026-09-29T09:40:04.155190+00:00,1902600010177,10.71,Bueno,11.16,Bueno,interpolacion_delaunay,0,1769,60,559,90
2026-09-29T09:40:04.155190+00:00,1902600010444,7.55,Bueno,7.78,Bueno,interpolacion_delaunay,0,2474,121,665,111
2026-09-29T09:40:04.155190+00:00,1902600011531,9.44,Bueno,9.84,Bueno,interpolacion_delaunay,0,3594,235,816,160
2026-09-29T09:40:04.155190+00:00,1902600010232,11.37,Bueno,12.0,Bueno,interpolacion_delaunay,0,2521,162,744,110
2026-09-29T09:40:04.155190+00:00,1902600010196,10.81,Bueno,11.28,Bueno,interpolacion_delaunay,0,1557,66,485,73
2026-09-29T09:40:04.155190+00:00,1902600010213,11.3,Bueno,11.9,Bueno,interpolacion_delaunay,0,2063,114,530,142
2026-09-29T09:40:04.155190+00:00,190260001011A,11.65,Bueno,12.32,Bueno,interpolacion_delaunay,0,3115,155,816,154
2026-09-29T09:40:04.155190+00:00,1902600010162,10.6,Bueno,11.03,Bueno,interpolacion_delaunay,0,1624,64,473,65
2026-09-29T09:40:04.155190+00:00,1902600010181,10.38,Bueno,10.77,Bueno,interpolacion_delaunay,0,1561,63,499,94
2026-09-29T09:40:04.155190+00:00,1902600010228,11.12,Bueno,11.68,Bueno,interpolacion_delaunay,0,1619,140,316,120
2026-09-29T09:40:04.155190+00:00,1902600010603,9.98,Bueno,10.46,Bueno,interpolacion_delaunay,0,1632,93,346,132
2026-09-29T09:40:04.155190+00:00,1902600010745,9.78,Bueno,9.99,Bueno,interpolacion_delaunay,0,1565,113,330,126
2026-09-29T09:40:04.155190+00:00,1902600010798,9.22,Bueno,9.64,Bueno,interpolacion_delaunay,0,3364,210,732,231
2026-09-29T09:40:04.155190+00:00,1902600010815,8.14,Bueno,8.58,Bueno,interpolacion_delaunay,0,4739,363,1000,268
2026-09-29T09:40:04.155190+00:00,1902600011438,7.0,Bueno,7.33,Bueno,interpolacion_delaunay,0,1771,89,459,85
2026-09-29T09:40:04.155190+00:00,1902600011476,10.06,Bueno,10.55,Bueno,interpolacion_delaunay,0,3270,215,839,209
2026-09-29T09:40:04.155190+00:00,1902600011777,8.67,Bueno,9.07,Bueno,interpolacion_delaunay,0,3599,312,366,80
2026-09-29T09:40:04.155190+00:00,1902600012031,8.83,Bueno,9.2,Bueno,interpolacion_delaunay,0,4385,273,421,152
2026-09-29T09:40:04.155190+00:00,1902600012173,6.05,Bueno,6.28,Bueno,interpolacion_delaunay,0,108,5,10,3
2026-09-29T09:40:04.155190+00:00,1902600012474,11.85,Bueno,12.63,Bueno,interpolacion_delaunay,0,3828,248,138,120
2026-09-29T09:40:04.155190+00:00,190260001253A,9.05,Bueno,9.68,Bueno,interpolacion_delaunay,0,1418,134,74,37
2026-09-29T09:40:04.155190+00:00,1902600012648,10.14,Bueno,10.48,Bueno,interpolacion_delaunay,0,1998,125,415,138
2026-09-29T09:40:04.155190+00:00,1902600012794,11.33,Bueno,12.0,Bueno,interpolacion_delaunay,0,776,83,32,8
2026-09-29T09:40:04.155190+00:00,1902600012775,11.24,Bueno,11.95,Bueno,interpolacion_delaunay,0,1381,194,42,36
2026-09-29T09:40:04.155190+00:00,1902600012898,3.34,Bueno,3.42,Bueno,interpolacion_delaunay,0,21,3,0,0
2026-09-29T09:40:04.155190+00:00,1902600010849,6.26,Bueno,6.66,Bueno,interpolacion_delaunay,0,1926,132,278,87
2026-09-29T09:40:04.155190+00:00,1902600012262,11.7,Bueno,12.4,Bueno,interpolacion_delaunay,0,2668,227,217,83
2026-09-29T09:40:04.155190+00:00,1902600010266,11.68,Bueno,12.37,Bueno,interpolacion_delaunay,0,427,58,19,0
2026-09-29T09:40:04.155190+00:00,1902600010779,6.78,Bueno,7.04,Bueno,interpolacion_delaunay,0,677,45,131,66
2026-09-29T09:40:04.155190+00:00,1902600010872,4.61,Bueno,4.74,Bueno,interpolacion_delaunay,0,3088,114,989,72
2026-09-29T09:40:04.155190+00:00,1902600011902,11.56,Bueno,12.22,Bueno,interpolacion_delaunay,0,2434,191,435,71
2026-09-29T09:40:04.155190+00:00,1902600011993,9.32,Bueno,9.73,Bueno,interpolacion_delaunay,0,3528,203,521,147
2026-09-29T09:40:04.155190+00:00,1902600012012,5.56,Bueno,5.91,Bueno,interpolacion_delaunay,0,2227,119,600,34
2026-09-29T09:40:04.155190+00:00,1902600012084,3.99,Bueno,4.17,Bueno,interpolacion_delaunay,0,1461,49,516,49
2026-09-29T09:40:04.155190+00:00,1902600012188,3.03,Bueno,3.12,Bueno,interpolacion_delaunay,0,460,18,82,4
2026-09-29T09:40:04.155190+00:00,1902600012277,11.54,Bueno,12.2,Bueno,interpolacion_delaunay,0,3597,281,616,228
2026-09-29T09:40:04.155190+00:00,190260001246A,11.88,Bueno,12.63,Bueno,interpolacion_delaunay,0,4546,358,308,145
2026-09-29T09:40:04.155190+00:00,1902600012559,7.98,Bueno,8.4,Bueno,interpolacion_delaunay,0,4248,285,324,114
2026-09-29T09:40:04.155190+00:00,1902600012652,11.42,Bueno,12.11,Bueno,interpolacion_delaunay,0,3158,323,113,122
2026-09-29T09:40:04.155190+00:00,1902600012671,11.3,Bueno,11.94,Bueno,interpolacion_delaunay,0,1647,122,65,34
2026-09-29T09:40:04.155190+00:00,1902600012718,5.56,Bueno,5.96,Bueno,interpolacion_delaunay,0,2829,290,123,131
2026-09-29T09:40:04.155190+00:00,1902600012741,9.1,Bueno,9.5,Bueno,interpolacion_delaunay,0,1897,119,345,52
2026-09-29T09:40:04.155190+00:00,1902600012879,11.5,Bueno,12.2,Bueno,promedio_sensores,1,2144,300,65,16
2026-09-29T09:40:04.155190+00:00,1902600010285,7.81,Bueno,8.03,Bueno,interpolacion_delaunay,0,2844,174,613,185
2026-09-29T09:40:04.155190+00:00,1902600012690,6.45,Bueno,6.82,Bueno,interpolacion_delaunay,0,79,0,3,0
2026-09-29T09:40:04.155190+00:00,1902600012099,7.26,Bueno,7.64,Bueno,interpolacion_delaunay,0,5241,599,554,189
2026-09-29T09:40:04.155190+00:00,1902600011936,11.64,Bueno,12.37,Bueno,interpolacion_delaunay,0,2951,267,407,119
2026-09-29T09:40:04.155190+00:00,1902600012169,3.53,Bueno,3.6,Bueno,interpolacion_delaunay,0,1023,50,158,14
2026-09-29T09:40:04.155190+00:00,190260001118A,6.0,Bueno,6.21,Bueno,interpolacion_delaunay,0,3453,227,320,71
2026-09-29T09:40:04.155190+00:00,1902600012050,8.27,Bueno,8.66,Bueno,interpolacion_delaunay,0,4134,320,745,263
2026-09-29T09:40:04.155190+00:00,1902600012101,6.93,Bueno,7.33,Bueno,interpolacion_delaunay,0,3626,381,484,119
2026-09-29T09:40:04.155190+00:00,1902600012563,6.69,Bueno,7.09,Bueno,interpolacion_delaunay,0,2676,291,133,25
2026-09-29T09:40:04.155190+00:00,190260001278A,11.65,Bueno,12.24,Bueno,interpolacion_delaunay,0,3558,402,98,36
2026-09-29T09:40:04.155190+00:00,1902600011921,11.67,Bueno,12.39,Bueno,interpolacion_delaunay,0,2594,223,377,76
2026-09-29T09:40:04.155190+00:00,1902600010092,11.52,Bueno,12.14,Bueno,interpolacion_delaunay,0,4183,262,1039,106
2026-09-29T09:40:04.155190+00:00,1902600011300,11.78,Bueno,12.46,Bueno,interpolacion_delaunay,0,2915,163,792,188
2026-09-29T09:40:04.155190+00:00,1902600010143,11.75,Bueno,12.5,Bueno,interpolacion_delaunay,0,2245,273,113,55
2026-09-29T09:40:04.155190+00:00,1902600011870,11.55,Bueno,12.19,Bueno,interpolacion_delaunay,0,3271,173,768,82
2026-09-29T09:40:04.155190+00:00,1902600011315,11.14,Bueno,11.69,Bueno,interpolacion_delaunay,0,3497,230,464,42
2026-09-29T09:40:04.155190+00:00,1902600011014,11.81,Bueno,12.56,Bueno,interpolacion_delaunay,0,2155,150,459,98
2026-09-29T09:40:04.155190+00:00,1902600011616,9.92,Bueno,10.29,Bueno,interpolacion_delaunay,0,3883,311,769,201
2026-09-29T09:40:04.155190+00:00,1902600011620,9.79,Bueno,10.21,Bueno,interpolacion_delaunay,0,4814,356,1024,301
2026-09-29T09:40:04.155190+00:00,1902600011480,10.29,Bueno,10.77,Bueno,interpolacion_delaunay,0,4784,390,737,223
2026-09-29T09:40:04.155190+00:00,1902600010641,10.45,Bueno,10.93,Bueno,interpolacion_delaunay,0,2917,240,627,202
2026-09-29T09:40:04.155190+00:00,1902600012633,10.43,Bueno,10.72,Bueno,interpolacion_delaunay,0,2429,188,313,91
2026-09-29T09:40:04.155190+00:00,190260001164A,9.47,Bueno,9.99,Bueno,interpolacion_delaunay,0,2101,168,367,57
2026-09-29T09:40:04.155190+00:00,1902600011635,9.42,Bueno,9.87,Bueno,interpolacion_delaunay,0,4695,347,639,204
2026-09-29T09:40:04.155190+00:00,1902600010961,11.92,Bueno,12.69,Bueno,interpolacion_delaunay,0,1353,81,150,34
2026-09-29T09:40:04.155190+00:00,1902600011226,8.22,Bueno,8.63,Bueno,interpolacion_delaunay,0,4831,444,615,226
2026-09-29T09:40:04.155190+00:00,1902600012807,8.64,Bueno,9.03,Bueno,interpolacion_delaunay,0,51,0,0,0
2026-09-29T09:40:04.155190+00:00,1902600012737,8.66,Bueno,9.06,Bueno,interpolacion_delaunay,0,153,17,4,4
2026-09-29T09:40:04.155190+00:00,1902600012046,8.5,Bueno,8.89,Bueno,interpolacion_delaunay,0,5116,376,649,199
2026-09-29T09:40:04.155190+00:00,1902600012756,8.9,Bueno,9.3,Bueno,promedio_sensores,1,2572,282,124,24
2026-09-29T09:40:04.155190+00:00,1902600010783,8.12,Bueno,8.47,Bueno,interpolacion_delaunay,0,1477,145,264,42
2026-09-29T09:40:04.155190+00:00,1902600011230,8.17,Bueno,8.59,Bueno,interpolacion_delaunay,0,3324,362,242,132
2026-09-29T09:40:04.155190+00:00,1902600011758,2.1,Bueno,2.1,Bueno,promedio_sensores,1,2105,92,408,43
2026-09-29T09:40:04.155190+00:00,1902600011141,10.12,Bueno,10.85,Bueno,interpolacion_delaunay,0,9036,1161,432,363
2026-09-29T09:40:04.155190+00:00,1902600011743,6.56,Bueno,7.0,Bueno,interpolacion_delaunay,0,7461,709,958,323
2026-09-29T09:40:04.155190+00:00,1902600012629,5.75,Bueno,6.14,Bueno,interpolacion_delaunay,0,1943,149,74,66
2026-09-29T09:40:04.155190+00:00,1902600011762,9.03,Bueno,9.45,Bueno,interpolacion_delaunay,0,2427,183,512,77
2026-09-29T09:40:04.155190+00:00,1902600011194,7.68,Bueno,8.0,Bueno,interpolacion_delaunay,0,4669,300,960,201
2026-09-29T09:40:04.155190+00:00,1902600011052,11.65,Bueno,12.27,Bueno,interpolacion_delaunay,0,7318,799,917,451
2026-09-29T09:40:04.155190+00:00,1902600012722,11.65,Bueno,12.26,Bueno,interpolacion_delaunay,0,1673,182,35,23
2026-09-29T09:40:04.155190+00:00,1902600010209,11.7,Bueno,12.29,Bueno,interpolacion_delaunay,0,0,0,0,0
2026-09-29T09:40:04.155190+00:00,1902600012883,11.71,Bueno,12.31,Bueno,interpolacion_delaunay,0,2693,391,65,39
2026-09-29T09:40:04.155190+00:00,1902600011512,9.23,Bueno,9.82,Bueno,interpolacion_delaunay,0,1411,83,448,118
2026-09-29T09:40:04.155190+00:00,1902600011527,9.05,Bueno,9.7,Bueno,interpolacion_delaunay,0,2114,99,718,127
2026-09-29T09:40:04.155190+00:00,1902600010853,9.18,Bueno,9.85,Bueno,interpolacion_delaunay,0,4562,382,755,151
2026-09-29T09:40:04.155190+00:00,1902600011160,8.9,Bueno,9.6,Bueno,promedio_sensores,1,3568,186,796,79
2026-09-29T09:40:04.155190+00:00,1902600011423,10.0,Bueno,10.42,Bueno,interpolacion_delaunay,0,2358,121,643,149
2026-09-29T09:40:04.155190+00:00,1902600011118,8.78,Bueno,9.11,Bueno,interpolacion_delaunay,0,0,0,0,0
2026-09-29T09:40:04.155190+00:00,1902600010552,9.49,Bueno,9.84,Bueno,interpolacion_delaunay,0,1358,197,299,91
2026-09-29T09:40:04.155190+00:00,1902600010567,9.55,Bueno,9.95,Bueno,interpolacion_delaunay,0,3469,239,807,212
2026-09-29T09:40:04.155190+00:00,1902600010478,10.28,Bueno,10.73,Bueno,interpolacion_delaunay,0,3451,258,686,179
2026-09-29T09:40:04.155190+00:00,1902600012493,9.91,Bueno,10.34,Bueno,interpolacion_delaunay,0,3047,231,451,139
2026-09-29T09:40:04.155190+00:00,1902600012506,9.83,Bueno,10.25,Bueno,interpolacion_delaunay,0,1875,122,448,96
2026-09-29T09:40:04.155190+00:00,1902600011387,10.61,Bueno,11.14,Bueno,interpolacion_delaunay,0,4018,279,697,181
2026-09-29T09:40:04.155190+00:00,1902600010482,10.44,Bueno,10.92,Bueno,interpolacion_delaunay,0,4004,197,1191,226
2026-09-29T09:40:04.155190+00:00,1902600010586,9.98,Bueno,10.44,Bueno,interpolacion_delaunay,0,4983,369,1196,317
2026-09-29T09:40:04.155190+00:00,1902600010590,10.03,Bueno,10.51,Bueno,interpolacion_delaunay,0,3794,290,817,254
2026-09-29T09:40:04.155190+00:00,1902600011940,10.97,Bueno,11.56,Bueno,interpolacion_delaunay,0,3450,256,773,184
2026-09-29T09:40:04.155190+00:00,1902600012224,10.43,Bueno,10.95,Bueno,interpolacion_delaunay,0,1986,122,533,118
2026-09-29T09:40:04.155190+00:00,1902600012239,10.53,Bueno,11.07,Bueno,interpolacion_delaunay,0,2664,206,487,219
2026-09-29T09:40:04.155190+00:00,1902600010548,4.86,Bueno,4.97,Bueno,interpolacion_delaunay,0,4149,203,1177,258
2026-09-29T09:40:04.155190+00:00,1902600012489,11.78,Bueno,12.43,Bueno,interpolacion_delaunay,0,2798,203,290,77
2026-09-29T09:40:04.155190+00:00,1902600011353,10.83,Bueno,11.33,Bueno,interpolacion_delaunay,0,1952,125,417,157
2026-09-29T09:40:04.155190+00:00,1902600012760,11.58,Bueno,12.29,Bueno,interpolacion_delaunay,0,3619,397,120,87
2026-09-29T09:40:04.155190+00:00,1902600011264,11.65,Bueno,12.31,Bueno,interpolacion_delaunay,0,1708,151,158,100
2026-09-29T09:40:04.155190+00:00,190260001285A,11.55,Bueno,12.22,Bueno,interpolacion_delaunay,0,1850,298,50,26
2026-09-29T09:40:04.155190+00:00,1902600010270,11.67,Bueno,12.35,Bueno,interpolacion_delaunay,0,0,0,0,0
2026-09-29T09:40:04.155190+00:00,1902600010406,11.21,Bueno,11.82,Bueno,interpolacion_delaunay,0,2889,225,550,115
2026-09-29T09:40:04.155190+00:00,1902600011067,11.44,Bueno,12.1,Bueno,interpolacion_delaunay,0,4252,360,451,270
2026-09-29T09:40:04.155190+00:00,1902600011086,11.34,Bueno,12.1,Bueno,interpolacion_delaunay,0,3224,245,126,84
2026-09-29T09:40:04.155190+00:00,1902600012313,11.68,Bueno,12.51,Bueno,interpolacion_delaunay,0,2567,202,407,174
2026-09-29T09:40:04.155190+00:00,1902600012309,11.38,Bueno,12.19,Bueno,interpolacion_delaunay,0,2125,241,150,88
2026-09-29T09:40:04.155190+00:00,1902600011809,11.47,Bueno,12.15,Bueno,interpolacion_delaunay,0,2127,251,117,120
2026-09-29T09:40:04.155190+00:00,1902600012864,11.16,Bueno,11.82,Bueno,interpolacion_delaunay,0,1168,168,40,16
2026-09-29T09:40:04.155190+00:00,190260001125A,7.27,Bueno,7.53,Bueno,interpolacion_delaunay,0,541,13,170,22
2026-09-29T09:40:04.155190+00:00,1902600011071,11.67,Bueno,12.42,Bueno,interpolacion_delaunay,0,3143,264,264,89
2026-09-29T09:40:04.155190+00:00,190260001196A,11.72,Bueno,12.46,Bueno,interpolacion_delaunay,0,3349,324,262,100
2026-09-29T09:40:04.155190+00:00,1902600011955,11.17,Bueno,11.8,Bueno,interpolacion_delaunay,0,3582,349,216,97
2026-09-29T09:40:04.155190+00:00,190260001050A,10.72,Bueno,11.3,Bueno,interpolacion_delaunay,0,2022,217,309,73
2026-09-29T09:40:04.155190+00:00,1903900012400,28.3,Aceptable,29.2,Bueno,promedio_sensores,1,4517,429,723,304
2026-09-29T09:40:04.155190+00:00,1903900014657,12.06,Bueno,12.62,Bueno,interpolacion_delaunay,0,2491,234,438,138
2026-09-29T09:40:04.155190+00:00,1903900013682,10.87,Bueno,11.56,Bueno,interpolacion_delaunay,0,4499,398,653,181
2026-09-29T09:40:04.155190+00:00,1903900010832,11.0,Bueno,11.72,Bueno,interpolacion_delaunay,0,543,31,158,26
2026-09-29T09:40:04.155190+00:00,1903900011120,10.72,Bueno,11.15,Bueno,interpolacion_delaunay,0,2607,94,831,149
2026-09-29T09:40:04.155190+00:00,1903900012129,8.63,Bueno,9.26,Bueno,interpolacion_delaunay,0,4074,318,790,255
2026-09-29T09:40:04.155190+00:00,190390001363A,12.55,Bueno,13.24,Bueno,interpolacion_delaunay,0,3850,324,618,201
2026-09-29T09:40:04.155190+00:00,1903900014163,9.48,Bueno,10.15,Bueno,interpolacion_delaunay,0,3563,376,476,178
2026-09-29T09:40:04.155190+00:00,1903900014642,11.67,Bueno,12.09,Bueno,interpolacion_delaunay,0,2137,227,313,125
2026-09-29T09:40:04.155190+00:00,1903900013589,13.18,Bueno,14.53,Bueno,interpolacion_delaunay,0,1971,102,595,95
2026-09-29T09:40:04.155190+00:00,1903900011370,10.41,Bueno,10.78,Bueno,interpolacion_delaunay,0,1287,71,218,39
2026-09-29T09:40:04.155190+00:00,1903900012114,6.6,Bueno,7.08,Bueno,interpolacion_delaunay,0,2387,84,816,136
2026-09-29T09:40:04.155190+00:00,1903900012203,3.3,Bueno,3.4,Bueno,promedio_sensores,1,2974,126,1034,191
2026-09-29T09:40:04.155190+00:00,1903900013574,11.83,Bueno,12.95,Bueno,interpolacion_delaunay,0,832,37,276,93
2026-09-29T09:40:04.155190+00:00,1903900012792,6.29,Bueno,6.76,Bueno,interpolacion_delaunay,0,1,0,0,0
2026-09-29T09:40:04.155190+00:00,190390001445A,9.19,Bueno,9.9,Bueno,interpolacion_delaunay,0,5563,304,1118,197
2026-09-29T09:40:04.155190+00:00,1903900014638,10.84,Bueno,11.13,Bueno,interpolacion_delaunay,0,3811,381,571,142
2026-09-29T09:40:04.155190+00:00,1903900012063,10.95,Bueno,11.7,Bueno,interpolacion_delaunay,0,2407,98,743,119
2026-09-29T09:40:04.155190+00:00,1903900011690,4.23,Bueno,4.57,Bueno,interpolacion_delaunay,0,228,12,56,11
2026-09-29T09:40:04.155190+00:00,1903900011760,5.92,Bueno,6.21,Bueno,interpolacion_delaunay,0,1986,129,443,117
2026-09-29T09:40:04.155190+00:00,1903900011934,8.93,Bueno,9.27,Bueno,promedio_sensores,3,2171,83,550,105
2026-09-29T09:40:04.155190+00:00,190390001192A,7.64,Bueno,7.96,Bueno,interpolacion_delaunay,0,2553,117,796,121
2026-09-29T09:40:04.155190+00:00,1903900012044,11.62,Bueno,12.47,Bueno,interpolacion_delaunay,0,1920,122,427,109
2026-09-29T09:40:04.155190+00:00,1903900012078,11.47,Bueno,12.35,Bueno,interpolacion_delaunay,0,2179,136,538,60
2026-09-29T09:40:04.155190+00:00,1903900011525,6.57,Bueno,7.22,Bueno,interpolacion_delaunay,0,590,39,143,33
2026-09-29T09:40:04.155190+00:00,1903900011991,11.8,Bueno,12.7,Bueno,promedio_sensores,1,3236,192,703,201
2026-09-29T09:40:04.155190+00:00,1903900012006,8.68,Bueno,9.06,Bueno,interpolacion_delaunay,0,1972,70,504,136
2026-09-29T09:40:04.155190+00:00,1903900010673,14.4,Bueno,15.93,Bueno,interpolacion_delaunay,0,2155,174,396,142
2026-09-29T09:40:04.155190+00:00,1903900010298,15.5,Aceptable,16.43,Bueno,interpolacion_delaunay,0,3499,233,739,152
2026-09-29T09:40:04.155190+00:00,1903900010404,14.86,Bueno,15.81,Bueno,interpolacion_delaunay,0,2835,189,560,150
2026-09-29T09:40:04.155190+00:00,1903900011012,10.16,Bueno,10.87,Bueno,interpolacion_delaunay,0,1216,101,235,35
2026-09-29T09:40:04.155190+00:00,1903900011065,10.33,Bueno,10.84,Bueno,interpolacion_delaunay,0,1981,192,428,144
2026-09-29T09:40:04.155190+00:00,1903900010175,18.75,Aceptable,19.71,Bueno,interpolacion_delaunay,0,1294,70,318,45
2026-09-29T09:40:04.155190+00:00,190390001018A,19.3,Aceptable,20.23,Bueno,interpolacion_delaunay,0,3618,299,750,219
2026-09-29T09:40:04.155190+00:00,1903900010194,18.22,Aceptable,19.16,Bueno,interpolacion_delaunay,0,2850,223,604,173
2026-09-29T09:40:04.155190+00:00,1903900010226,16.05,Aceptable,16.95,Bueno,interpolacion_delaunay,0,4934,461,799,274
2026-09-29T09:40:04.155190+00:00,1903900014229,6.59,Bueno,6.91,Bueno,interpolacion_delaunay,0,2852,249,505,184
2026-09-29T09:40:04.155190+00:00,1903900010353,10.26,Bueno,10.65,Bueno,interpolacion_delaunay,0,3313,167,981,325
2026-09-29T09:40:04.155190+00:00,1903900010936,14.77,Bueno,16.52,Bueno,interpolacion_delaunay,0,2121,128,459,101
2026-09-29T09:40:04.155190+00:00,1903900011173,12.4,Bueno,12.8,Bueno,promedio_sensores,1,2108,71,659,126
2026-09-29T09:40:04.155190+00:00,1903900011188,14.05,Bueno,15.45,Bueno,interpolacion_delaunay,0,3322,231,794,185
2026-09-29T09:40:04.155190+00:00,1903900011224,12.27,Bueno,13.76,Bueno,interpolacion_delaunay,0,3487,327,636,198
2026-09-29T09:40:04.155190+00:00,1903900011328,9.83,Bueno,10.3,Bueno,interpolacion_delaunay,0,1300,73,364,78
2026-09-29T09:40:04.155190+00:00,1903900011332,9.92,Bueno,10.38,Bueno,interpolacion_delaunay,0,2976,208,686,165
2026-09-29T09:40:04.155190+00:00,1903900011493,5.4,Bueno,6.2,Bueno,promedio_sensores,1,498,32,117,21
2026-09-29T09:40:04.155190+00:00,1903900011506,6.96,Bueno,7.85,Bueno,interpolacion_delaunay,0,218,10,60,5
2026-09-29T09:40:04.155190+00:00,1903900011510,6.8,Bueno,7.58,Bueno,interpolacion_delaunay,0,370,18,99,43
2026-09-29T09:40:04.155190+00:00,1903900011563,6.75,Bueno,7.3,Bueno,interpolacion_delaunay,0,1016,57,324,41
2026-09-29T09:40:04.155190+00:00,1903900011652,4.33,Bueno,5.17,Bueno,interpolacion_delaunay,0,1408,46,412,99
2026-09-29T09:40:04.155190+00:00,1903900011667,10.04,Bueno,10.41,Bueno,interpolacion_delaunay,0,811,38,222,38
2026-09-29T09:40:04.155190+00:00,1903900011671,9.87,Bueno,10.23,Bueno,interpolacion_delaunay,0,2135,120,546,122
2026-09-29T09:40:04.155190+00:00,1903900011775,8.32,Bueno,8.64,Bueno,interpolacion_delaunay,0,3247,195,753,173
2026-09-29T09:40:04.155190+00:00,190390001178A,9.86,Bueno,10.12,Bueno,interpolacion_delaunay,0,2085,91,638,124
2026-09-29T09:40:04.155190+00:00,1903900011811,9.55,Bueno,10.07,Bueno,interpolacion_delaunay,0,3726,195,960,140
2026-09-29T09:40:04.155190+00:00,190390001210A,9.2,Bueno,10.0,Bueno,promedio_sensores,1,2790,113,700,150
2026-09-29T09:40:04.155190+00:00,1903900012186,7.37,Bueno,7.77,Bueno,interpolacion_delaunay,0,4169,44,257,49
2026-09-29T09:40:04.155190+00:00,1903900011559,3.1,Bueno,3.4,Bueno,promedio_sensores,1,854,32,232,42
2026-09-29T09:40:04.155190+00:00,1903900013428,17.27,Aceptable,18.19,Bueno,interpolacion_delaunay,0,3351,320,515,172
2026-09-29T09:40:04.155190+00:00,1903900014214,7.26,Bueno,7.65,Bueno,interpolacion_delaunay,0,4120,374,689,171
2026-09-29T09:40:04.155190+00:00,1903900014712,8.92,Bueno,9.43,Bueno,interpolacion_delaunay,0,3085,299,499,125
2026-09-29T09:40:04.155190+00:00,1903900014727,7.98,Bueno,8.42,Bueno,interpolacion_delaunay,0,2574,237,418,75
2026-09-29T09:40:04.155190+00:00,1903900011544,4.41,Bueno,4.94,Bueno,interpolacion_delaunay,0,484,17,104,17
2026-09-29T09:40:04.155190+00:00,1903900011347,10.1,Bueno,10.4,Bueno,promedio_sensores,1,3767,228,949,230
2026-09-29T09:40:04.155190+00:00,1903900011101,10.36,Bueno,10.73,Bueno,interpolacion_delaunay,0,2340,171,499,101
2026-09-29T09:40:04.155190+00:00,1903900010692,12.24,Bueno,13.39,Bueno,interpolacion_delaunay,0,1264,56,294,43
2026-09-29T09:40:04.155190+00:00,190390001071A,3.1,Bueno,3.3,Bueno,promedio_sensores,1,2092,89,717,121
2026-09-29T09:40:04.155190+00:00,190390001153A,4.81,Bueno,5.46,Bueno,interpolacion_delaunay,0,283,20,33,8
2026-09-29T09:40:04.155190+00:00,1903900012222,9.23,Bueno,9.76,Bueno,interpolacion_delaunay,0,2481,214,440,130
2026-09-29T09:40:04.155190+00:00,1903900010048,23.46,Aceptable,24.37,Bueno,interpolacion_delaunay,0,2757,231,541,184
2026-09-29T09:40:04.155190+00:00,1903900010160,18.31,Aceptable,19.28,Bueno,interpolacion_delaunay,0,1233,55,334,97
2026-09-29T09:40:04.155190+00:00,1903900011915,7.7,Bueno,8.15,Bueno,interpolacion_delaunay,0,1171,52,296,69
2026-09-29T09:40:04.155190+00:00,1903900012824,4.7,Bueno,5.09,Bueno,interpolacion_delaunay,0,0,0,0,0
2026-09-29T09:40:04.155190+00:00,1903900010103,20.12,Aceptable,21.09,Bueno,interpolacion_delaunay,0,2537,115,733,107
2026-09-29T09:40:04.155190+00:00,1903900010122,19.95,Aceptable,20.87,Bueno,interpolacion_delaunay,0,3875,316,762,228
2026-09-29T09:40:04.155190+00:00,1903900010207,18.85,Aceptable,19.75,Bueno,interpolacion_delaunay,0,2935,264,476,100
2026-09-29T09:40:04.155190+00:00,190390001089A,14.58,Bueno,16.36,Bueno,interpolacion_delaunay,0,2450,84,735,103
2026-09-29T09:40:04.155190+00:00,1903900010813,11.26,Bueno,12.03,Bueno,interpolacion_delaunay,0,1266,76,281,65
2026-09-29T09:40:04.155190+00:00,190390001096A,13.35,Bueno,14.9,Bueno,interpolacion_delaunay,0,735,52,175,36
2026-09-29T09:40:04.155190+00:00,190390001107A,10.15,Bueno,10.65,Bueno,interpolacion_delaunay,0,2056,191,358,98
2026-09-29T09:40:04.155190+00:00,1903900011099,10.51,Bueno,10.89,Bueno,interpolacion_delaunay,0,1728,108,401,82
2026-09-29T09:40:04.155190+00:00,1903900011281,8.22,Bueno,9.12,Bueno,interpolacion_delaunay,0,162,9,42,10
2026-09-29T09:40:04.155190+00:00,190390001146A,11.42,Bueno,11.79,Bueno,interpolacion_delaunay,0,1878,94,425,114
2026-09-29T09:40:04.155190+00:00,1903900011474,11.28,Bueno,12.02,Bueno,interpolacion_delaunay,0,1482,65,348,91
2026-09-29T09:40:04.155190+00:00,1903900011648,7.01,Bueno,7.75,Bueno,interpolacion_delaunay,0,1275,46,383,92
2026-09-29T09:40:04.155190+00:00,1903900011953,10.16,Bueno,10.61,Bueno,interpolacion_delaunay,0,4331,383,782,275
2026-09-29T09:40:04.155190+00:00,1903900011968,10.45,Bueno,11.03,Bueno,interpolacion_delaunay,0,2452,198,521,139
2026-09-29T09:40:04.155190+00:00,1903900011972,10.07,Bueno,10.76,Bueno,interpolacion_delaunay,0,2152,173,501,93
2026-09-29T09:40:04.155190+00:00,1903900011987,10.14,Bueno,10.9,Bueno,interpolacion_delaunay,0,2330,153,564,186
2026-09-29T09:40:04.155190+00:00,1903900012010,9.1,Bueno,9.5,Bueno,promedio_sensores,3,377,6,32,6
2026-09-29T09:40:04.155190+00:00,1903900012025,8.44,Bueno,9.13,Bueno,interpolacion_delaunay,0,4868,169,1336,220
2026-09-29T09:40:04.155190+00:00,1903900012608,21.86,Aceptable,22.66,Bueno,interpolacion_delaunay,0,3563,325,452,140
2026-09-29T09:40:04.155190+00:00,1903900012260,8.9,Bueno,9.39,Bueno,interpolacion_delaunay,0,2549,128,738,140
2026-09-29T09:40:04.155190+00:00,1903900012523,25.16,Aceptable,26.08,Bueno,interpolacion_delaunay,0,5883,502,863,210
2026-09-29T09:40:04.155190+00:00,1903900012576,25.56,Aceptable,26.37,Bueno,interpolacion_delaunay,0,3643,363,363,152
2026-09-29T09:40:04.155190+00:00,1903900012612,23.45,Aceptable,24.39,Bueno,interpolacion_delaunay,0,3707,369,423,217
2026-09-29T09:40:04.155190+00:00,1903900013339,24.91,Aceptable,25.81,Bueno,interpolacion_delaunay,0,3291,330,562,149
2026-09-29T09:40:04.155190+00:00,1903900013432,17.56,Aceptable,18.46,Bueno,interpolacion_delaunay,0,3283,331,497,186
2026-09-29T09:40:04.155190+00:00,1903900013381,21.43,Aceptable,22.36,Bueno,interpolacion_delaunay,0,3469,305,681,259
2026-09-29T09:40:04.155190+00:00,1903900013324,26.13,Aceptable,27.03,Bueno,interpolacion_delaunay,0,2714,268,458,83
2026-09-29T09:40:04.155190+00:00,1903900014587,9.55,Bueno,10.38,Bueno,interpolacion_delaunay,0,1315,68,368,60
2026-09-29T09:40:04.155190+00:00,1903900014604,4.61,Bueno,4.88,Bueno,interpolacion_delaunay,0,2075,111,610,109
2026-09-29T09:40:04.155190+00:00,1903900014661,9.92,Bueno,10.46,Bueno,interpolacion_delaunay,0,2902,69,608,127
2026-09-29T09:40:04.155190+00:00,1903900014680,13.29,Bueno,14.76,Bueno,interpolacion_delaunay,0,2293,96,745,94
2026-09-29T09:40:04.155190+00:00,1903900011239,12.25,Bueno,13.62,Bueno,interpolacion_delaunay,0,3332,293,662,233
2026-09-29T09:40:04.155190+00:00,1903900011489,11.1,Bueno,11.4,Bueno,promedio_sensores,1,1608,86,419,74
2026-09-29T09:40:04.155190+00:00,1903900010279,17.47,Aceptable,18.44,Bueno,interpolacion_delaunay,0,2220,107,580,282
2026-09-29T09:40:04.155190+00:00,1903900010531,12.91,Bueno,13.89,Bueno,interpolacion_delaunay,0,5417,419,1156,491
2026-09-29T09:40:04.155190+00:00,1903900010635,13.71,Bueno,15.21,Bueno,interpolacion_delaunay,0,2264,78,723,158
2026-09-29T09:40:04.155190+00:00,1903900011686,5.55,Bueno,5.88,Bueno,interpolacion_delaunay,0,153,7,36,5
2026-09-29T09:40:04.155190+00:00,1903900011807,9.87,Bueno,10.32,Bueno,interpolacion_delaunay,0,2430,99,765,107
2026-09-29T09:40:04.155190+00:00,1903900011830,10.0,Bueno,10.2,Bueno,promedio_sensores,1,898,35,265,16
2026-09-29T09:40:04.155190+00:00,1903900012097,10.0,Bueno,10.6,Bueno,promedio_sensores,1,4087,88,440,163
2026-09-29T09:40:04.155190+00:00,1903900012256,11.22,Bueno,11.89,Bueno,interpolacion_delaunay,0,4590,303,1006,320
2026-09-29T09:40:04.155190+00:00,1903900012307,9.27,Bueno,9.67,Bueno,promedio_sensores,3,2986,141,683,94
2026-09-29T09:40:04.155190+00:00,1903900012453,5.42,Bueno,5.77,Bueno,interpolacion_delaunay,0,2219,109,403,76
2026-09-29T09:40:04.155190+00:00,1903900012716,10.07,Bueno,10.38,Bueno,interpolacion_delaunay,0,78,3,14,8
2026-09-29T09:40:04.155190+00:00,1903900012735,9.86,Bueno,10.24,Bueno,interpolacion_delaunay,0,0,0,0,0
2026-09-29T09:40:04.155190+00:00,1903900012769,7.97,Bueno,10.75,Bueno,interpolacion_delaunay,0,279,15,54,0
2026-09-29T09:40:04.155190+00:00,1903900012773,8.13,Bueno,8.52,Bueno,interpolacion_delaunay,0,0,0,0,0
2026-09-29T09:40:04.155190+00:00,1903900014040,20.87,Aceptable,21.75,Bueno,interpolacion_delaunay,0,3042,337,450,116
2026-09-29T09:40:04.155190+00:00,1903900014178,10.82,Bueno,11.68,Bueno,interpolacion_delaunay,0,4610,493,538,196
2026-09-29T09:40:04.155190+00:00,1903900010156,18.8,Aceptable,19.78,Bueno,interpolacion_delaunay,0,2930,146,830,151
2026-09-29T09:40:04.155190+00:00,1903900010264,16.36,Aceptable,17.38,Bueno,interpolacion_delaunay,0,4282,326,814,272
2026-09-29T09:40:04.155190+00:00,1903900010283,16.57,Aceptable,17.53,Bueno,interpolacion_delaunay,0,2911,218,619,83
2026-09-29T09:40:04.155190+00:00,1903900010315,15.23,Aceptable,16.1,Bueno,interpolacion_delaunay,0,3515,316,654,216
2026-09-29T09:40:04.155190+00:00,190390001032A,16.12,Aceptable,16.95,Bueno,interpolacion_delaunay,0,4173,426,573,279
2026-09-29T09:40:04.155190+00:00,1903900010349,13.45,Bueno,14.27,Bueno,interpolacion_delaunay,0,2637,166,677,132
2026-09-29T09:40:04.155190+00:00,1903900010391,14.8,Bueno,15.77,Bueno,interpolacion_delaunay,0,3850,295,727,205
2026-09-29T09:40:04.155190+00:00,1903900010438,12.95,Bueno,13.84,Bueno,interpolacion_delaunay,0,3338,313,521,73
2026-09-29T09:40:04.155190+00:00,1903900010442,13.34,Bueno,14.3,Bueno,interpolacion_delaunay,0,2676,239,533,136
2026-09-29T09:40:04.155190+00:00,1903900010457,12.4,Bueno,13.38,Bueno,interpolacion_delaunay,0,3408,175,1149,225
2026-09-29T09:40:04.155190+00:00,1903900010480,12.71,Bueno,13.74,Bueno,interpolacion_delaunay,0,1388,64,440,114
2026-09-29T09:40:04.155190+00:00,1903900010512,12.98,Bueno,14.14,Bueno,interpolacion_delaunay,0,2980,202,741,168
2026-09-29T09:40:04.155190+00:00,1903900010546,13.3,Bueno,14.5,Bueno,interpolacion_delaunay,0,2660,141,683,117
2026-09-29T09:40:04.155190+00:00,1903900010550,13.38,Bueno,14.52,Bueno,interpolacion_delaunay,0,2279,182,478,160
2026-09-29T09:40:04.155190+00:00,1903900010565,13.4,Bueno,14.46,Bueno,interpolacion_delaunay,0,2608,254,432,94
2026-09-29T09:40:04.155190+00:00,190390001057A,13.94,Bueno,15.23,Bueno,interpolacion_delaunay,0,1514,131,335,33
2026-09-29T09:40:04.155190+00:00,1903900010599,7.93,Bueno,8.23,Bueno,interpolacion_delaunay,0,2808,125,1047,137
2026-09-29T09:40:04.155190+00:00,1903900010601,12.16,Bueno,13.29,Bueno,interpolacion_delaunay,0,5314,412,1126,426
2026-09-29T09:40:04.155190+00:00,1903900010620,13.74,Bueno,15.32,Bueno,interpolacion_delaunay,0,2515,85,744,131
2026-09-29T09:40:04.155190+00:00,190390001064A,13.82,Bueno,15.3,Bueno,interpolacion_delaunay,0,2719,125,702,154
2026-09-29T09:40:04.155190+00:00,1903900010654,13.81,Bueno,15.17,Bueno,interpolacion_delaunay,0,2609,119,783,144
2026-09-29T09:40:04.155190+00:00,1903900010705,4.91,Bueno,5.21,Bueno,interpolacion_delaunay,0,1996,93,661,76
2026-09-29T09:40:04.155190+00:00,1903900010739,14.28,Bueno,16.03,Bueno,interpolacion_delaunay,0,1701,60,561,127
2026-09-29T09:40:04.155190+00:00,1903900010743,14.43,Bueno,16.17,Bueno,interpolacion_delaunay,0,1991,112,552,108
2026-09-29T09:40:04.155190+00:00,1903900010758,14.51,Bueno,16.23,Bueno,interpolacion_delaunay,0,1207,67,324,54
2026-09-29T09:40:04.155190+00:00,1903900010796,12.15,Bueno,13.14,Bueno,interpolacion_delaunay,0,0,0,0,0
2026-09-29T09:40:04.155190+00:00,1903900010828,11.14,Bueno,11.87,Bueno,interpolacion_delaunay,0,1085,46,363,57
2026-09-29T09:40:04.155190+00:00,1903900010866,9.86,Bueno,10.68,Bueno,interpolacion_delaunay,0,1678,49,570,85
2026-09-29T09:40:04.155190+00:00,1903900010870,13.54,Bueno,14.95,Bueno,interpolacion_delaunay,0,3879,268,842,254
2026-09-29T09:40:04.155190+00:00,1903900010885,14.28,Bueno,15.91,Bueno,interpolacion_delaunay,0,1668,63,493,70
2026-09-29T09:40:04.155190+00:00,1903900010940,14.27,Bueno,16.1,Bueno,interpolacion_delaunay,0,3419,259,605,213
2026-09-29T09:40:04.155190+00:00,1903900011046,9.93,Bueno,10.57,Bueno,interpolacion_delaunay,0,1800,151,355,99
2026-09-29T09:40:04.155190+00:00,1903900011135,12.63,Bueno,13.77,Bueno,interpolacion_delaunay,0,1752,62,519,67
2026-09-29T09:40:04.155190+00:00,190390001114A,13.4,Bueno,14.7,Bueno,promedio_sensores,1,1380,53,428,34
2026-09-29T09:40:04.155190+00:00,1903900011154,11.4,Bueno,12.56,Bueno,interpolacion_delaunay,0,1623,62,444,64
2026-09-29T09:40:04.155190+00:00,1903900011169,10.6,Bueno,11.8,Bueno,promedio_sensores,2,2880,73,732,160
2026-09-29T09:40:04.155190+00:00,1903900011192,13.19,Bueno,14.17,Bueno,interpolacion_delaunay,0,2657,175,674,141
2026-09-29T09:40:04.155190+00:00,1903900011205,12.63,Bueno,13.49,Bueno,interpolacion_delaunay,0,122,13,22,0
2026-09-29T09:40:04.155190+00:00,1903900011243,9.46,Bueno,10.68,Bueno,interpolacion_delaunay,0,475,45,76,44
2026-09-29T09:40:04.155190+00:00,1903900011258,9.68,Bueno,10.81,Bueno,interpolacion_delaunay,0,1048,106,166,35
2026-09-29T09:40:04.155190+00:00,1903900011262,11.38,Bueno,12.55,Bueno,interpolacion_delaunay,0,1756,114,447,140
2026-09-29T09:40:04.155190+00:00,1903900011277,9.79,Bueno,10.76,Bueno,interpolacion_delaunay,0,2024,136,529,164
2026-09-29T09:40:04.155190+00:00,1903900011309,9.4,Bueno,10.1,Bueno,promedio_sensores,1,1761,123,433,90
2026-09-29T09:40:04.155190+00:00,1903900011351,10.23,Bueno,10.56,Bueno,interpolacion_delaunay,0,2734,167,651,175
2026-09-29T09:40:04.155190+00:00,1903900011366,10.3,Bueno,10.65,Bueno,interpolacion_delaunay,0,0,0,0,0
2026-09-29T09:40:04.155190+00:00,1903900011421,14.6,Bueno,17.0,Bueno,promedio_sensores,1,3327,204,738,54
2026-09-29T09:40:04.155190+00:00,1903900011436,13.87,Bueno,15.81,Bueno,interpolacion_delaunay,0,1869,83,431,69
2026-09-29T09:40:04.155190+00:00,1903900011440,13.0,Bueno,14.84,Bueno,interpolacion_delaunay,0,1644,76,453,82
2026-09-29T09:40:04.155190+00:00,1903900011455,11.1,Bueno,13.55,Bueno,interpolacion_delaunay,0,1330,38,379,65
2026-09-29T09:40:04.155190+00:00,1903900011578,5.64,Bueno,6.18,Bueno,interpolacion_delaunay,0,1668,78,469,55
2026-09-29T09:40:04.155190+00:00,1903900011582,7.1,Bueno,7.8,Bueno,promedio_sensores,1,1943,98,485,98
2026-09-29T09:40:04.155190+00:00,190390001160A,9.73,Bueno,10.15,Bueno,interpolacion_delaunay,0,1878,106,479,110
2026-09-29T09:40:04.155190+00:00,1903900011614,9.6,Bueno,10.06,Bueno,interpolacion_delaunay,0,2516,127,727,95
2026-09-29T09:40:04.155190+00:00,1903900011633,9.88,Bueno,12.51,Bueno,interpolacion_delaunay,0,810,34,225,59
2026-09-29T09:40:04.155190+00:00,1903900011703,4.83,Bueno,5.19,Bueno,interpolacion_delaunay,0,3184,63,372,52
2026-09-29T09:40:04.155190+00:00,1903900011722,8.91,Bueno,9.26,Bueno,interpolacion_delaunay,0,511,20,136,16
2026-09-29T09:40:04.155190+00:00,1903900011737,6.97,Bueno,7.4,Bueno,interpolacion_delaunay,0,377,25,76,21
2026-09-29T09:40:04.155190+00:00,1903900011741,6.25,Bueno,6.67,Bueno,interpolacion_delaunay,0,179,8,28,10
2026-09-29T09:40:04.155190+00:00,1903900011756,6.18,Bueno,6.7,Bueno,interpolacion_delaunay,0,191,3,61,18
2026-09-29T09:40:04.155190+00:00,1903900011794,10.14,Bueno,10.54,Bueno,interpolacion_delaunay,0,2555,160,623,167
2026-09-29T09:40:04.155190+00:00,1903900011845,5.6,Bueno,5.8,Bueno,promedio_sensores,1,2750,133,527,66
2026-09-29T09:40:04.155190+00:00,190390001185A,8.61,Bueno,8.9,Bueno,interpolacion_delaunay,0,2718,189,497,75
2026-09-29T09:40:04.155190+00:00,1903900011879,8.71,Bueno,9.1,Bueno,interpolacion_delaunay,0,2302,190,467,160
2026-09-29T09:40:04.155190+00:00,1903900011883,8.89,Bueno,9.38,Bueno,interpolacion_delaunay,0,2653,217,567,162
2026-09-29T09:40:04.155190+00:00,1903900011898,9.96,Bueno,10.59,Bueno,interpolacion_delaunay,0,2466,163,572,128
2026-09-29T09:40:04.155190+00:00,1903900011900,8.53,Bueno,9.18,Bueno,interpolacion_delaunay,0,1274,99,333,108
2026-09-29T09:40:04.155190+00:00,1903900012167,9.33,Bueno,9.88,Bueno,interpolacion_delaunay,0,2883,124,813,123
2026-09-29T09:40:04.155190+00:00,1903900012190,6.14,Bueno,6.45,Bueno,interpolacion_delaunay,0,1182,41,455,89
2026-09-29T09:40:04.155190+00:00,1903900012218,4.67,Bueno,4.86,Bueno,interpolacion_delaunay,0,1788,87,512,71
2026-09-29T09:40:04.155190+00:00,1903900012241,6.68,Bueno,6.96,Bueno,interpolacion_delaunay,0,1136,46,404,79
2026-09-29T09:40:04.155190+00:00,1903900012275,7.95,Bueno,8.32,Bueno,interpolacion_delaunay,0,3740,200,896,144
2026-09-29T09:40:04.155190+00:00,1903900012472,10.6,Bueno,11.6,Bueno,promedio_sensores,1,4662,342,773,243
2026-09-29T09:40:04.155190+00:00,190390001267A,11.85,Bueno,12.25,Bueno,interpolacion_delaunay,0,3909,249,1025,191
2026-09-29T09:40:04.155190+00:00,1903900012684,12.31,Bueno,12.69,Bueno,interpolacion_delaunay,0,2186,73,687,43
2026-09-29T09:40:04.155190+00:00,1903900012720,10.4,Bueno,10.6,Bueno,promedio_sensores,1,970,52,170,37
2026-09-29T09:40:04.155190+00:00,190390001274A,9.86,Bueno,10.06,Bueno,interpolacion_delaunay,0,10,0,0,0
2026-09-29T09:40:04.155190+00:00,1903900012754,10.1,Bueno,10.45,Bueno,interpolacion_delaunay,0,3205,214,714,184
2026-09-29T09:40:04.155190+00:00,1903900012788,7.0,Bueno,7.54,Bueno,interpolacion_delaunay,0,0,0,0,0
2026-09-29T09:40:04.155190+00:00,190390001281A,5.7,Bueno,6.2,Bueno,promedio_sensores,1,327,0,0,0
2026-09-29T09:40:04.155190+00:00,1903900012877,2.15,Bueno,2.33,Bueno,interpolacion_delaunay,0,0,0,0,0
2026-09-29T09:40:04.155190+00:00,1903900013451,15.86,Aceptable,16.75,Bueno,interpolacion_delaunay,0,4308,421,672,304
2026-09-29T09:40:04.155190+00:00,1903900013555,15.33,Aceptable,15.82,Bueno,interpolacion_delaunay,0,4663,290,902,166
2026-09-29T09:40:04.155190+00:00,1903900013593,13.02,Bueno,14.77,Bueno,interpolacion_delaunay,0,2322,237,355,231
2026-09-29T09:40:04.155190+00:00,1903900013606,12.92,Bueno,14.3,Bueno,interpolacion_delaunay,0,2907,266,482,206
2026-09-29T09:40:04.155190+00:00,1903900013610,10.63,Bueno,12.07,Bueno,interpolacion_delaunay,0,2513,260,368,178
2026-09-29T09:40:04.155190+00:00,1903900013659,10.95,Bueno,11.91,Bueno,interpolacion_delaunay,0,1885,176,371,95
2026-09-29T09:40:04.155190+00:00,190390001406A,17.55,Aceptable,18.41,Bueno,interpolacion_delaunay,0,4196,447,516,257
2026-09-29T09:40:04.155190+00:00,1903900014093,16.19,Aceptable,17.19,Bueno,interpolacion_delaunay,0,3096,303,444,145
2026-09-29T09:40:04.155190+00:00,1903900014144,6.11,Bueno,10.04,Bueno,interpolacion_delaunay,0,883,38,360,125
2026-09-29T09:40:04.155190+00:00,1903900014159,1.6,Bueno,2.3,Bueno,promedio_sensores,1,620,20,142,55
2026-09-29T09:40:04.155190+00:00,1903900014500,15.3,Aceptable,16.29,Bueno,interpolacion_delaunay,0,3056,353,283,111
2026-09-29T09:40:04.155190+00:00,1903900014515,13.7,Bueno,14.71,Bueno,interpolacion_delaunay,0,3391,252,688,180
2026-09-29T09:40:04.155190+00:00,1903900014549,13.54,Bueno,14.47,Bueno,interpolacion_delaunay,0,4319,365,785,218
2026-09-29T09:40:04.155190+00:00,1903900014553,13.75,Bueno,14.65,Bueno,interpolacion_delaunay,0,3885,315,748,307
2026-09-29T09:40:04.155190+00:00,1903900014619,1.43,Bueno,1.55,Bueno,interpolacion_delaunay,0,2679,137,355,34
2026-09-29T09:40:04.155190+00:00,1903900014623,9.2,Bueno,9.5,Bueno,promedio_sensores,1,1853,99,476,133
2026-09-29T09:40:04.155190+00:00,1903900014731,9.33,Bueno,9.91,Bueno,interpolacion_delaunay,0,2772,164,687,112
2026-09-29T09:40:04.155190+00:00,1903900014905,6.98,Bueno,7.37,Bueno,interpolacion_delaunay,0,2280,182,284,44
2026-09-29T09:40:04.155190+00:00,190390001491A,5.82,Bueno,6.04,Bueno,interpolacion_delaunay,0,897,47,73,0
2026-09-29T09:40:04.155190+00:00,1903900014924,10.6,Bueno,11.1,Bueno,promedio_sensores,1,2425,136,485,38
2026-09-29T09:40:04.155190+00:00,1903900014939,11.92,Bueno,12.89,Bueno,interpolacion_delaunay,0,1974,92,485,50
2026-09-29T09:40:04.155190+00:00,1903900015142,10.2,Bueno,10.53,Bueno,interpolacion_delaunay,0,2839,330,193,45
2026-09-29T09:40:04.155190+00:00,1903900011385,10.16,Bueno,10.44,Bueno,interpolacion_delaunay,0,1585,87,442,107
2026-09-29T09:40:04.155190+00:00,1903900012805,9.28,Bueno,10.04,Bueno,interpolacion_delaunay,0,3258,186,362,30
2026-09-29T09:40:04.155190+00:00,1903900011826,13.13,Bueno,14.06,Bueno,interpolacion_delaunay,0,1966,181,300,39
2026-09-29T09:40:04.155190+00:00,1903900012468,7.09,Bueno,7.61,Bueno,interpolacion_delaunay,0,3979,370,451,75
2026-09-29T09:40:04.155190+00:00,1903900012133,11.23,Bueno,12.18,Bueno,interpolacion_delaunay,0,3643,409,514,130
2026-09-29T09:40:04.155190+00:00,1903900014182,10.86,Bueno,11.68,Bueno,interpolacion_delaunay,0,2164,180,491,80
2026-09-29T09:40:04.155190+00:00,1903900012152,10.33,Bueno,11.01,Bueno,interpolacion_delaunay,0,2360,140,519,93
2026-09-29T09:40:04.155190+00:00,1903900012082,10.54,Bueno,11.26,Bueno,interpolacion_delaunay,0,2402,95,700,143
2026-09-29T09:40:04.155190+00:00,1903900013663,10.61,Bueno,11.29,Bueno,interpolacion_delaunay,0,4832,422,675,278
2026-09-29T09:40:04.155190+00:00,1903900013714,6.23,Bueno,6.46,Bueno,interpolacion_delaunay,0,4743,468,751,239
2026-09-29T09:40:04.155190+00:00,1903900012858,7.13,Bueno,7.52,Bueno,interpolacion_delaunay,0,0,0,0,0
2026-09-29T09:40:04.155190+00:00,1903900012839,5.14,Bueno,5.54,Bueno,interpolacion_delaunay,0,426,30,39,0
2026-09-29T09:40:04.155190+00:00,1903900012843,11.7,Bueno,12.4,Bueno,promedio_sensores,1,3288,154,618,59
2026-09-29T09:40:04.155190+00:00,1903900012862,3.55,Bueno,3.84,Bueno,interpolacion_delaunay,0,0,0,0,0
2026-09-29T09:40:04.155190+00:00,1903900013733,4.61,Bueno,4.78,Bueno,interpolacion_delaunay,0,1895,90,465,59
2026-09-29T09:40:04.155190+00:00,1903900012294,9.47,Bueno,9.97,Bueno,interpolacion_delaunay,0,3104,120,1010,138
2026-09-29T09:40:04.155190+00:00,190390001228A,10.8,Bueno,11.41,Bueno,interpolacion_delaunay,0,2430,94,799,56
2026-09-29T09:40:04.155190+00:00,1903900010423,13.99,Bueno,14.85,Bueno,interpolacion_delaunay,0,3542,305,682,134
2026-09-29T09:40:04.155190+00:00,1903900010334,14.87,Bueno,15.7,Bueno,interpolacion_delaunay,0,878,76,200,70
2026-09-29T09:40:04.155190+00:00,1903900010071,20.51,Aceptable,21.5,Bueno,interpolacion_delaunay,0,2520,129,682,146
2026-09-29T09:40:04.155190+00:00,1903900014869,1.22,Bueno,1.28,Bueno,interpolacion_delaunay,0,4404,353,307,53
2026-09-29T09:40:04.155190+00:00,1903900013748,3.71,Bueno,3.85,Bueno,interpolacion_delaunay,0,3552,225,627,97
2026-09-29T09:40:04.155190+00:00,1903900011050,10.43,Bueno,10.97,Bueno,interpolacion_delaunay,0,1589,135,342,104
2026-09-29T09:40:04.155190+00:00,1903900011116,10.71,Bueno,11.13,Bueno,interpolacion_delaunay,0,0,0,0,0
2026-09-29T09:40:04.155190+00:00,1903900010809,11.58,Bueno,12.37,Bueno,interpolacion_delaunay,0,59,3,14,3
2026-09-29T09:40:04.155190+00:00,1903900010989,11.35,Bueno,12.34,Bueno,interpolacion_delaunay,0,6061,564,591,133
2026-09-29T09:40:04.155190+00:00,1903900010851,10.62,Bueno,11.16,Bueno,interpolacion_delaunay,0,1601,105,413,68
2026-09-29T09:40:04.155190+00:00,1903900013413,19.66,Aceptable,20.3,Bueno,interpolacion_delaunay,0,7251,522,1316,316
2026-09-29T09:40:04.155190+00:00,1903900010033,24.21,Aceptable,24.96,Bueno,interpolacion_delaunay,0,3321,285,588,124
2026-09-29T09:40:04.155190+00:00,1903900010137,19.87,Aceptable,20.48,Bueno,interpolacion_delaunay,0,4478,279,1202,320
2026-09-29T09:40:04.155190+00:00,1903900010141,17.38,Aceptable,18.3,Bueno,interpolacion_delaunay,0,4273,225,965,185
2026-09-29T09:40:04.155190+00:00,1903900010762,14.05,Bueno,15.61,Bueno,interpolacion_delaunay,0,1600,114,337,68
2026-09-29T09:40:04.155190+00:00,1903900014106,15.07,Aceptable,16.1,Bueno,interpolacion_delaunay,0,4189,248,1019,177
2026-09-29T09:40:04.155190+00:00,1903900014110,12.99,Bueno,14.05,Bueno,interpolacion_delaunay,0,2699,161,643,225
2026-09-29T09:40:04.155190+00:00,1903900010921,14.72,Bueno,16.57,Bueno,interpolacion_delaunay,0,2388,213,393,106
2026-09-29T09:40:04.155190+00:00,1903900010669,14.66,Bueno,16.36,Bueno,interpolacion_delaunay,0,2152,159,463,119
2026-09-29T09:40:04.155190+00:00,1903900010067,21.56,Aceptable,22.55,Bueno,interpolacion_delaunay,0,2799,155,819,158
2026-09-29T09:40:04.155190+00:00,1903900010688,13.18,Bueno,14.33,Bueno,interpolacion_delaunay,0,2838,195,394,149
2026-09-29T09:40:04.155190+00:00,1903900010584,13.64,Bueno,14.74,Bueno,interpolacion_delaunay,0,3226,273,587,141
2026-09-29T09:40:04.155190+00:00,1903900011417,12.95,Bueno,14.55,Bueno,interpolacion_delaunay,0,3077,152,970,79
2026-09-29T09:40:04.155190+00:00,1903900013837,12.81,Bueno,14.25,Bueno,interpolacion_delaunay,0,3561,193,908,77
2026-09-29T09:40:04.155190+00:00,1903900013930,21.07,Aceptable,21.92,Bueno,interpolacion_delaunay,0,1431,202,111,73
2026-09-29T09:40:04.155190+00:00,1903900014055,18.99,Aceptable,19.85,Bueno,interpolacion_delaunay,0,4222,525,372,136
2026-09-29T09:40:04.155190+00:00,190390001420A,10.67,Bueno,11.55,Bueno,interpolacion_delaunay,0,3029,320,382,97
2026-09-29T09:40:04.155190+00:00,1903900014197,10.7,Bueno,11.54,Bueno,interpolacion_delaunay,0,2456,248,321,138
2026-09-29T09:40:04.155190+00:00,1903900010974,12.36,Bueno,13.61,Bueno,interpolacion_delaunay,0,781,39,192,50
2026-09-29T09:40:04.155190+00:00,1903900011084,10.63,Bueno,11.03,Bueno,interpolacion_delaunay,0,1782,162,338,82
2026-09-29T09:40:04.155190+00:00,1903900010847,10.67,Bueno,11.39,Bueno,interpolacion_delaunay,0,1023,82,199,53
2026-09-29T09:40:04.155190+00:00,1903900010993,10.33,Bueno,11.05,Bueno,interpolacion_delaunay,0,1086,95,211,53
2026-09-29T09:40:04.155190+00:00,1903900010372,14.15,Bueno,15.17,Bueno,interpolacion_delaunay,0,2524,139,785,102
2026-09-29T09:40:04.155190+00:00,1903900011031,10.22,Bueno,10.86,Bueno,interpolacion_delaunay,0,1190,84,257,58
2026-09-29T09:40:04.155190+00:00,1903900010902,14.68,Bueno,16.53,Bueno,interpolacion_delaunay,0,3066,119,898,183
2026-09-29T09:40:04.155190+00:00,1903900010777,13.34,Bueno,14.71,Bueno,interpolacion_delaunay,0,1329,106,264,76
2026-09-29T09:40:04.155190+00:00,1903900010781,12.78,Bueno,14.0,Bueno,interpolacion_delaunay,0,242,8,54,15
2026-09-29T09:40:04.155190+00:00,1903900014572,10.02,Bueno,10.85,Bueno,interpolacion_delaunay,0,1442,81,389,93
2026-09-29T09:40:04.155190+00:00,1903900014676,12.92,Bueno,14.21,Bueno,interpolacion_delaunay,0,2120,102,506,104
2026-09-29T09:40:04.155190+00:00,190390001025A,16.96,Aceptable,17.99,Bueno,interpolacion_delaunay,0,3942,258,986,278
2026-09-29T09:40:04.155190+00:00,1903900010495,12.71,Bueno,13.85,Bueno,interpolacion_delaunay,0,1812,109,420,98
2026-09-29T09:40:04.155190+00:00,1903900010917,15.5,Aceptable,17.6,Bueno,promedio_sensores,1,2843,155,698,133
2026-09-29T09:40:04.155190+00:00,1903900010955,13.55,Bueno,15.08,Bueno,interpolacion_delaunay,0,288,25,64,22
2026-09-29T09:40:04.155190+00:00,1903900013697,7.6,Bueno,7.89,Bueno,interpolacion_delaunay,0,1977,183,341,77
2026-09-29T09:40:04.155190+00:00,1903900013860,19.38,Aceptable,20.25,Bueno,interpolacion_delaunay,0,3174,344,383,184
2026-09-29T09:40:04.155190+00:00,1903900015439,4.63,Bueno,4.86,Bueno,interpolacion_delaunay,0,627,97,12,5
2026-09-29T09:40:04.155190+00:00,1903900011027,9.91,Bueno,10.61,Bueno,interpolacion_delaunay,0,509,36,115,25
2026-09-29T09:40:04.155190+00:00,1903900013998,26.51,Aceptable,27.43,Bueno,interpolacion_delaunay,0,5766,706,558,248
2026-09-29T09:40:04.155190+00:00,190390001477A,8.14,Bueno,8.54,Bueno,interpolacion_delaunay,0,550,33,68,4
2026-09-29T09:40:04.155190+00:00,1903900014002,25.02,Aceptable,25.9,Bueno,interpolacion_delaunay,0,5494,669,668,240
2026-09-29T09:40:04.155190+00:00,1903900014873,0.42,Bueno,0.45,Bueno,interpolacion_delaunay,0,2383,154,261,52
2026-09-29T09:40:04.155190+00:00,1903900011008,10.4,Bueno,11.26,Bueno,interpolacion_delaunay,0,1877,145,377,135
2026-09-29T09:40:04.155190+00:00,1903900011313,9.64,Bueno,10.28,Bueno,interpolacion_delaunay,0,5055,336,882,185
2026-09-29T09:40:04.155190+00:00,190390001139A,9.59,Bueno,9.88,Bueno,interpolacion_delaunay,0,1079,59,290,49
2026-09-29T09:40:04.155190+00:00,1903900011402,10.06,Bueno,10.4,Bueno,interpolacion_delaunay,0,681,31,196,23
2026-09-29T09:40:04.155190+00:00,1903900012519,27.38,Aceptable,28.33,Bueno,interpolacion_delaunay,0,5642,661,498,241
2026-09-29T09:40:04.155190+00:00,1903900013822,11.65,Bueno,12.43,Bueno,interpolacion_delaunay,0,6050,361,890,140
2026-09-29T09:40:04.155190+00:00,1903900013964,11.73,Bueno,12.25,Bueno,interpolacion_delaunay,0,728,55,70,19
2026-09-29T09:40:04.155190+00:00,1903900014125,12.38,Bueno,13.51,Bueno,interpolacion_delaunay,0,1881,174,361,63
2026-09-29T09:40:04.155190+00:00,190390001452A,18.86,Aceptable,19.84,Bueno,interpolacion_delaunay,0,2471,240,363,186
2026-09-29T09:40:04.155190+00:00,190390001413A,12.57,Bueno,13.8,Bueno,interpolacion_delaunay,0,2082,180,339,126
2026-09-29T09:40:04.155190+00:00,1903900010461,12.0,Bueno,13.1,Bueno,promedio_sensores,1,3422,173,1112,139
2026-09-29T09:40:04.155190+00:00,1903900014534,15.94,Aceptable,16.82,Bueno,interpolacion_delaunay,0,1267,111,229,29
2026-09-29T09:40:04.155190+00:00,1903900013767,3.85,Bueno,4.06,Bueno,interpolacion_delaunay,0,2308,117,605,127
2026-09-29T09:40:04.155190+00:00,1903900012345,2.68,Bueno,2.78,Bueno,interpolacion_delaunay,0,2632,98,737,80
2026-09-29T09:40:04.155190+00:00,1903900012364,0.0,Bueno,0.0,Bueno,promedio_sensores,1,2327,116,787,61
2026-09-29T09:40:04.155190+00:00,1903900011629,7.7,Bueno,14.0,Bueno,promedio_sensores,1,2881,196,402,58
2026-09-29T09:40:04.155190+00:00,1903900013396,21.44,Aceptable,22.34,Bueno,interpolacion_delaunay,0,4014,389,664,275
2026-09-29T09:40:04.155190+00:00,1903900010245,12.92,Bueno,13.38,Bueno,interpolacion_delaunay,0,2709,131,764,208
2026-09-29T09:40:04.155190+00:00,1903900015284,5.82,Bueno,6.06,Bueno,interpolacion_delaunay,0,513,29,60,13
2026-09-29T09:40:04.155190+00:00,1903900010118,20.5,Aceptable,21.42,Bueno,interpolacion_delaunay,0,4580,383,955,302
2026-09-29T09:40:04.155190+00:00,1903900010052,22.57,Aceptable,23.48,Bueno,interpolacion_delaunay,0,3869,304,717,323
2026-09-29T09:40:04.155190+00:00,1903900015123,23.67,Aceptable,24.54,Bueno,interpolacion_delaunay,0,68,3,4,3
2026-09-29T09:40:04.155190+00:00,1903900014036,22.19,Aceptable,23.07,Bueno,interpolacion_delaunay,0,4679,569,514,263
2026-09-29T09:40:04.155190+00:00,1903900010508,12.59,Bueno,13.57,Bueno,interpolacion_delaunay,0,3451,202,579,150
2026-09-29T09:40:04.155190+00:00,1903900010527,12.7,Bueno,13.71,Bueno,interpolacion_delaunay,0,1779,95,454,127
2026-09-29T09:40:04.155190+00:00,1903900013729,5.31,Bueno,5.52,Bueno,interpolacion_delaunay,0,3410,392,357,136
2026-09-29T09:40:04.155190+00:00,190390001370A,6.75,Bueno,7.01,Bueno,interpolacion_delaunay,0,4006,357,563,228
2026-09-29T09:40:04.155190+00:00,1904600010362,11.22,Bueno,11.76,Bueno,interpolacion_delaunay,0,5505,271,1291,301
2026-09-29T09:40:04.155190+00:00,1904600011483,13.25,Bueno,14.23,Bueno,interpolacion_delaunay,0,2026,111,597,94
2026-09-29T09:40:04.155190+00:00,1904600011638,11.81,Bueno,12.49,Bueno,interpolacion_delaunay,0,4053,248,498,114
2026-09-29T09:40:04.155190+00:00,1904600010998,12.2,Bueno,12.83,Bueno,interpolacion_delaunay,0,5855,449,1099,257
2026-09-29T09:40:04.155190+00:00,1904600011676,11.25,Bueno,11.97,Bueno,interpolacion_delaunay,0,362,30,69,27
2026-09-29T09:40:04.155190+00:00,1904600010216,13.2,Bueno,14.0,Bueno,promedio_sensores,1,2042,50,546,50
2026-09-29T09:40:04.155190+00:00,1904600010536,12.24,Bueno,12.82,Bueno,interpolacion_delaunay,0,4997,504,603,104
2026-09-29T09:40:04.155190+00:00,1904600011708,11.89,Bueno,12.54,Bueno,interpolacion_delaunay,0,1763,89,284,44
2026-09-29T09:40:04.155190+00:00,190460001070A,11.99,Bueno,12.79,Bueno,interpolacion_delaunay,0,1273,69,137,48
2026-09-29T09:40:04.155190+00:00,1904600011375,11.88,Bueno,12.58,Bueno,interpolacion_delaunay,0,5964,475,946,326
2026-09-29T09:40:04.155190+00:00,1904600011286,11.28,Bueno,11.83,Bueno,interpolacion_delaunay,0,2603,117,839,196
2026-09-29T09:40:04.155190+00:00,1904600011623,11.94,Bueno,12.63,Bueno,interpolacion_delaunay,0,4225,248,423,136
2026-09-29T09:40:04.155190+00:00,1904600010786,11.93,Bueno,12.59,Bueno,interpolacion_delaunay,0,4690,309,1009,269
2026-09-29T09:40:04.155190+00:00,190460001024A,11.94,Bueno,12.67,Bueno,interpolacion_delaunay,0,2748,75,850,176
2026-09-29T09:40:04.155190+00:00,1904600010875,12.41,Bueno,13.0,Bueno,interpolacion_delaunay,0,3785,202,993,129
2026-09-29T09:40:04.155190+00:00,1904600010324,11.12,Bueno,11.61,Bueno,interpolacion_delaunay,0,2214,97,651,92
2026-09-29T09:40:04.155190+00:00,1904600011233,11.58,Bueno,12.17,Bueno,interpolacion_delaunay,0,3010,241,577,204
2026-09-29T09:40:04.155190+00:00,1904600010131,14.93,Bueno,15.92,Bueno,interpolacion_delaunay,0,4113,160,1393,177
2026-09-29T09:40:04.155190+00:00,1904600010184,13.97,Bueno,14.86,Bueno,interpolacion_delaunay,0,3438,93,1132,126
2026-09-29T09:40:04.155190+00:00,1904600010235,12.44,Bueno,13.19,Bueno,interpolacion_delaunay,0,2765,104,711,111
2026-09-29T09:40:04.155190+00:00,1904600010466,15.98,Aceptable,17.08,Bueno,interpolacion_delaunay,0,2212,113,500,58
2026-09-29T09:40:04.155190+00:00,190460001049A,14.65,Bueno,15.61,Bueno,interpolacion_delaunay,0,2827,123,674,44
2026-09-29T09:40:04.155190+00:00,1904600011407,12.29,Bueno,12.83,Bueno,interpolacion_delaunay,0,3464,317,610,173
2026-09-29T09:40:04.155190+00:00,1904600011642,13.0,Bueno,13.78,Bueno,interpolacion_delaunay,0,2601,116,623,113
2026-09-29T09:40:04.155190+00:00,1904600011731,12.36,Bueno,12.94,Bueno,interpolacion_delaunay,0,3017,207,561,120
2026-09-29T09:40:04.155190+00:00,1904600010108,14.25,Bueno,15.16,Bueno,interpolacion_delaunay,0,2483,125,582,112
2026-09-29T09:40:04.155190+00:00,1904600010127,12.33,Bueno,12.95,Bueno,interpolacion_delaunay,0,4270,186,1281,297
2026-09-29T09:40:04.155190+00:00,1904600010292,11.8,Bueno,12.55,Bueno,interpolacion_delaunay,0,0,0,0,0
2026-09-29T09:40:04.155190+00:00,1904600010714,11.83,Bueno,12.48,Bueno,interpolacion_delaunay,0,3666,266,947,309
2026-09-29T09:40:04.155190+00:00,1904600010860,12.39,Bueno,12.93,Bueno,interpolacion_delaunay,0,3290,227,721,158
2026-09-29T09:40:04.155190+00:00,1904600011002,12.17,Bueno,12.77,Bueno,interpolacion_delaunay,0,3262,289,695,194
2026-09-29T09:40:04.155190+00:00,190460001120A,11.66,Bueno,12.25,Bueno,interpolacion_delaunay,0,3141,265,631,179
2026-09-29T09:40:04.155190+00:00,1904600011341,12.07,Bueno,12.66,Bueno,interpolacion_delaunay,0,3608,289,555,127
2026-09-29T09:40:04.155190+00:00,1904600011426,12.23,Bueno,12.86,Bueno,interpolacion_delaunay,0,3335,302,691,164
2026-09-29T09:40:04.155190+00:00,190460001177A,17.32,Aceptable,18.41,Bueno,interpolacion_delaunay,0,2611,224,320,95
2026-09-29T09:40:04.155190+00:00,1904600010042,15.04,Aceptable,16.09,Bueno,interpolacion_delaunay,0,1646,90,422,69
2026-09-29T09:40:04.155190+00:00,1904600010057,14.47,Bueno,15.45,Bueno,interpolacion_delaunay,0,1216,61,388,100
2026-09-29T09:40:04.155190+00:00,1904600010076,12.37,Bueno,12.96,Bueno,interpolacion_delaunay,0,3762,199,1053,215
2026-09-29T09:40:04.155190+00:00,1904600010095,14.45,Bueno,15.4,Bueno,interpolacion_delaunay,0,1199,53,337,85
2026-09-29T09:40:04.155190+00:00,1904600010146,13.83,Bueno,14.69,Bueno,interpolacion_delaunay,0,2987,160,749,104
2026-09-29T09:40:04.155190+00:00,190460001017A,12.3,Bueno,12.95,Bueno,interpolacion_delaunay,0,4101,180,1201,211
2026-09-29T09:40:04.155190+00:00,1904600010201,12.61,Bueno,13.35,Bueno,interpolacion_delaunay,0,3988,173,1242,253
2026-09-29T09:40:04.155190+00:00,1904600010220,12.7,Bueno,13.48,Bueno,interpolacion_delaunay,0,1869,61,495,59
2026-09-29T09:40:04.155190+00:00,190460001031A,11.24,Bueno,11.76,Bueno,interpolacion_delaunay,0,2149,134,353,62
2026-09-29T09:40:04.155190+00:00,1904600010343,11.55,Bueno,12.15,Bueno,interpolacion_delaunay,0,5532,394,1335,345
2026-09-29T09:40:04.155190+00:00,1904600010381,11.0,Bueno,11.49,Bueno,interpolacion_delaunay,0,3251,164,847,172
2026-09-29T09:40:04.155190+00:00,1904600010413,17.47,Aceptable,18.74,Bueno,interpolacion_delaunay,0,4002,238,499,120
2026-09-29T09:40:04.155190+00:00,1904600010485,15.13,Aceptable,16.02,Bueno,interpolacion_delaunay,0,3150,144,1004,109
2026-09-29T09:40:04.155190+00:00,1904600010540,12.25,Bueno,12.9,Bueno,interpolacion_delaunay,0,4952,283,1289,225
2026-09-29T09:40:04.155190+00:00,1904600010555,12.16,Bueno,12.79,Bueno,interpolacion_delaunay,0,0,0,0,0
2026-09-29T09:40:04.155190+00:00,1904600010593,12.17,Bueno,12.84,Bueno,interpolacion_delaunay,0,5785,417,488,81
2026-09-29T09:40:04.155190+00:00,1904600010610,12.14,Bueno,13.0,Bueno,interpolacion_delaunay,0,4819,442,219,35
2026-09-29T09:40:04.155190+00:00,1904600010625,12.13,Bueno,12.75,Bueno,interpolacion_delaunay,0,684,56,110,22
2026-09-29T09:40:04.155190+00:00,1904600010659,12.12,Bueno,12.81,Bueno,interpolacion_delaunay,0,0,0,0,0
2026-09-29T09:40:04.155190+00:00,1904600010729,11.91,Bueno,12.58,Bueno,interpolacion_delaunay,0,0,0,0,0
2026-09-29T09:40:04.155190+00:00,1904600010752,11.61,Bueno,12.23,Bueno,interpolacion_delaunay,0,2043,121,429,51
2026-09-29T09:40:04.155190+00:00,1904600010790,11.93,Bueno,12.56,Bueno,interpolacion_delaunay,0,0,0,0,0
2026-09-29T09:40:04.155190+00:00,1904600010822,12.37,Bueno,12.9,Bueno,interpolacion_delaunay,0,1808,142,329,116
2026-09-29T09:40:04.155190+00:00,1904600010841,12.41,Bueno,12.96,Bueno,interpolacion_delaunay,0,2675,196,623,119
2026-09-29T09:40:04.155190+00:00,1904600010856,12.41,Bueno,12.97,Bueno,interpolacion_delaunay,0,5049,305,900,195
2026-09-29T09:40:04.155190+00:00,190460001088A,11.45,Bueno,12.25,Bueno,interpolacion_delaunay,0,4232,220,1219,162
2026-09-29T09:40:04.155190+00:00,1904600010894,11.89,Bueno,12.69,Bueno,interpolacion_delaunay,0,2806,182,550,130
2026-09-29T09:40:04.155190+00:00,1904600010907,12.35,Bueno,12.92,Bueno,interpolacion_delaunay,0,3550,247,722,168
2026-09-29T09:40:04.155190+00:00,1904600010930,16.12,Aceptable,17.23,Bueno,interpolacion_delaunay,0,3021,143,721,82
2026-09-29T09:40:04.155190+00:00,1904600010945,15.25,Aceptable,16.27,Bueno,interpolacion_delaunay,0,3597,162,944,129
2026-09-29T09:40:04.155190+00:00,190460001095A,12.26,Bueno,12.86,Bueno,interpolacion_delaunay,0,3265,234,654,254
2026-09-29T09:40:04.155190+00:00,1904600010979,12.28,Bueno,12.96,Bueno,interpolacion_delaunay,0,2747,114,869,151
2026-09-29T09:40:04.155190+00:00,1904600011017,12.17,Bueno,12.8,Bueno,interpolacion_delaunay,0,4599,402,752,199
2026-09-29T09:40:04.155190+00:00,1904600011021,12.24,Bueno,12.93,Bueno,interpolacion_delaunay,0,4072,223,1090,178
2026-09-29T09:40:04.155190+00:00,1904600011040,12.08,Bueno,12.75,Bueno,interpolacion_delaunay,0,3276,150,902,88
2026-09-29T09:40:04.155190+00:00,1904600011055,12.11,Bueno,12.79,Bueno,interpolacion_delaunay,0,7096,477,1425,285
2026-09-29T09:40:04.155190+00:00,190460001106A,11.51,Bueno,12.22,Bueno,interpolacion_delaunay,0,1152,61,261,64
2026-09-29T09:40:04.155190+00:00,1904600011074,11.82,Bueno,12.44,Bueno,interpolacion_delaunay,0,4901,241,744,96
2026-09-29T09:40:04.155190+00:00,1904600011089,11.98,Bueno,12.65,Bueno,interpolacion_delaunay,0,3306,318,659,199
2026-09-29T09:40:04.155190+00:00,1904600011093,12.05,Bueno,12.69,Bueno,interpolacion_delaunay,0,3302,217,861,180
2026-09-29T09:40:04.155190+00:00,1904600011106,12.0,Bueno,12.61,Bueno,interpolacion_delaunay,0,3881,243,712,89
2026-09-29T09:40:04.155190+00:00,1904600011110,12.03,Bueno,12.86,Bueno,interpolacion_delaunay,0,3018,178,738,133
2026-09-29T09:40:04.155190+00:00,1904600011125,11.78,Bueno,12.4,Bueno,interpolacion_delaunay,0,3318,323,549,240
2026-09-29T09:40:04.155190+00:00,190460001113A,11.79,Bueno,12.42,Bueno,interpolacion_delaunay,0,3513,294,662,255
2026-09-29T09:40:04.155190+00:00,1904600011144,11.79,Bueno,12.43,Bueno,interpolacion_delaunay,0,3223,294,460,148
2026-09-29T09:40:04.155190+00:00,1904600011159,12.03,Bueno,12.72,Bueno,interpolacion_delaunay,0,4682,317,917,254
2026-09-29T09:40:04.155190+00:00,1904600011163,12.01,Bueno,12.7,Bueno,interpolacion_delaunay,0,4463,291,849,173
2026-09-29T09:40:04.155190+00:00,1904600011178,12.0,Bueno,12.65,Bueno,interpolacion_delaunay,0,2288,137,771,142
2026-09-29T09:40:04.155190+00:00,1904600011182,12.02,Bueno,12.68,Bueno,interpolacion_delaunay,0,2567,158,877,192
2026-09-29T09:40:04.155190+00:00,1904600011197,11.98,Bueno,12.66,Bueno,interpolacion_delaunay,0,2285,129,707,149
2026-09-29T09:40:04.155190+00:00,1904600011214,11.52,Bueno,12.08,Bueno,interpolacion_delaunay,0,2395,153,608,159
2026-09-29T09:40:04.155190+00:00,1904600011229,11.44,Bueno,11.99,Bueno,interpolacion_delaunay,0,3808,341,729,252
2026-09-29T09:40:04.155190+00:00,1904600011248,11.7,Bueno,12.32,Bueno,interpolacion_delaunay,0,3448,233,731,165
2026-09-29T09:40:04.155190+00:00,1904600011252,11.34,Bueno,11.88,Bueno,interpolacion_delaunay,0,3638,249,902,255
2026-09-29T09:40:04.155190+00:00,1904600011271,11.39,Bueno,11.97,Bueno,interpolacion_delaunay,0,3393,200,1049,183
2026-09-29T09:40:04.155190+00:00,1904600011290,12.3,Bueno,12.91,Bueno,interpolacion_delaunay,0,3613,204,959,164
2026-09-29T09:40:04.155190+00:00,1904600011303,12.28,Bueno,12.88,Bueno,interpolacion_delaunay,0,4255,296,730,120
2026-09-29T09:40:04.155190+00:00,1904600011318,12.3,Bueno,13.0,Bueno,promedio_sensores,1,2617,117,712,78
2026-09-29T09:40:04.155190+00:00,1904600011322,12.29,Bueno,12.99,Bueno,interpolacion_delaunay,0,3209,131,1071,177
2026-09-29T09:40:04.155190+00:00,1904600011356,12.08,Bueno,12.73,Bueno,interpolacion_delaunay,0,5344,302,754,186
2026-09-29T09:40:04.155190+00:00,190460001138A,12.24,Bueno,12.88,Bueno,interpolacion_delaunay,0,2330,116,772,143
2026-09-29T09:40:04.155190+00:00,1904600011394,11.97,Bueno,12.7,Bueno,interpolacion_delaunay,0,2495,152,536,127
2026-09-29T09:40:04.155190+00:00,1904600011430,12.21,Bueno,12.87,Bueno,interpolacion_delaunay,0,4835,297,977,195
2026-09-29T09:40:04.155190+00:00,1904600011445,11.76,Bueno,12.42,Bueno,interpolacion_delaunay,0,2396,140,277,35
2026-09-29T09:40:04.155190+00:00,190460001145A,11.61,Bueno,12.23,Bueno,interpolacion_delaunay,0,4010,242,623,75
2026-09-29T09:40:04.155190+00:00,1904600011464,17.07,Aceptable,18.3,Bueno,interpolacion_delaunay,0,3269,192,527,50
2026-09-29T09:40:04.155190+00:00,1904600011479,15.7,Aceptable,16.84,Bueno,interpolacion_delaunay,0,2267,102,540,81
2026-09-29T09:40:04.155190+00:00,1904600011500,12.33,Bueno,12.89,Bueno,interpolacion_delaunay,0,4575,375,784,254
2026-09-29T09:40:04.155190+00:00,1904600011515,12.31,Bueno,12.88,Bueno,interpolacion_delaunay,0,1791,111,314,102
2026-09-29T09:40:04.155190+00:00,190460001152A,12.26,Bueno,12.84,Bueno,interpolacion_delaunay,0,3396,254,719,167
2026-09-29T09:40:04.155190+00:00,1904600011534,12.23,Bueno,12.81,Bueno,interpolacion_delaunay,0,5740,487,560,132
2026-09-29T09:40:04.155190+00:00,1904600011549,12.0,Bueno,12.7,Bueno,interpolacion_delaunay,0,4515,263,831,205
2026-09-29T09:40:04.155190+00:00,1904600011568,12.11,Bueno,12.72,Bueno,interpolacion_delaunay,0,4996,283,463,138
2026-09-29T09:40:04.155190+00:00,1904600011572,12.08,Bueno,12.69,Bueno,interpolacion_delaunay,0,4541,345,482,121
2026-09-29T09:40:04.155190+00:00,1904600011587,12.1,Bueno,12.93,Bueno,interpolacion_delaunay,0,2786,153,244,33
2026-09-29T09:40:04.155190+00:00,1904600011591,12.07,Bueno,12.89,Bueno,interpolacion_delaunay,0,3387,245,335,48
2026-09-29T09:40:04.155190+00:00,1904600011604,11.66,Bueno,12.29,Bueno,interpolacion_delaunay,0,3298,256,771,245
2026-09-29T09:40:04.155190+00:00,1904600011619,11.45,Bueno,12.03,Bueno,interpolacion_delaunay,0,3765,260,958,269
2026-09-29T09:40:04.155190+00:00,1904600011657,12.37,Bueno,13.09,Bueno,interpolacion_delaunay,0,3567,176,481,50
2026-09-29T09:40:04.155190+00:00,1904600011661,10.96,Bueno,11.64,Bueno,interpolacion_delaunay,0,282,11,66,6
2026-09-29T09:40:04.155190+00:00,1904600011727,11.58,Bueno,12.3,Bueno,interpolacion_delaunay,0,3412,179,655,144
2026-09-29T09:40:04.155190+00:00,1904600011746,12.09,Bueno,12.76,Bueno,interpolacion_delaunay,0,3218,196,815,117
2026-09-29T09:40:04.155190+00:00,1904600011750,11.91,Bueno,12.54,Bueno,interpolacion_delaunay,0,4162,197,210,54
2026-09-29T09:40:04.155190+00:00,1904600011765,19.37,Aceptable,20.48,Bueno,interpolacion_delaunay,0,3860,405,397,208
2026-09-29T09:40:04.155190+00:00,1904600010663,12.09,Bueno,12.77,Bueno,interpolacion_delaunay,0,198,8,27,0
2026-09-29T09:40:04.155190+00:00,1904600010926,12.33,Bueno,12.87,Bueno,interpolacion_delaunay,0,5007,437,867,291
2026-09-29T09:40:04.155190+00:00,1904600010339,11.1,Bueno,11.58,Bueno,interpolacion_delaunay,0,1314,68,335,78
2026-09-29T09:40:04.155190+00:00,1904600011267,11.14,Bueno,11.65,Bueno,interpolacion_delaunay,0,3908,248,1102,331
2026-09-29T09:40:04.155190+00:00,1904600011712,11.91,Bueno,12.72,Bueno,interpolacion_delaunay,0,3272,182,300,58
2026-09-29T09:40:04.155190+00:00,1904600010447,12.21,Bueno,12.79,Bueno,interpolacion_delaunay,0,4132,230,437,113
2026-09-29T09:40:04.155190+00:00,1904600011498,11.39,Bueno,12.24,Bueno,interpolacion_delaunay,0,3212,141,667,65
2026-09-29T09:40:04.155190+00:00,1904600010682,12.01,Bueno,12.64,Bueno,interpolacion_delaunay,0,6498,485,714,113
2026-09-29T09:40:04.155190+00:00,1903100450393,9.86,Bueno,11.77,Bueno,interpolacion_delaunay,0,4470,331,183,115
2026-09-29T09:40:04.155190+00:00,1903100451090,10.23,Bueno,11.46,Bueno,interpolacion_delaunay,0,3117,391,133,67
2026-09-29T09:40:04.155190+00:00,1903100010340,11.67,Bueno,12.53,Bueno,interpolacion_delaunay,0,3444,349,252,192
2026-09-29T09:40:04.155190+00:00,1903100450641,6.72,Bueno,7.21,Bueno,interpolacion_delaunay,0,1572,92,57,77
2026-09-29T09:40:04.155190+00:00,1903100451086,8.83,Bueno,9.68,Bueno,interpolacion_delaunay,0,3582,470,173,24
2026-09-29T09:40:04.155190+00:00,190310311171A,13.1,Bueno,15.21,Bueno,interpolacion_delaunay,0,1226,184,39,41
2026-09-29T09:40:04.155190+00:00,1903100450088,6.17,Bueno,6.61,Bueno,interpolacion_delaunay,0,106,4,27,5
2026-09-29T09:40:04.155190+00:00,1903100450321,7.64,Bueno,8.54,Bueno,interpolacion_delaunay,0,781,65,43,66
2026-09-29T09:40:04.155190+00:00,1903100450656,11.97,Bueno,14.79,Bueno,interpolacion_delaunay,0,6656,512,216,203
2026-09-29T09:40:04.155190+00:00,1903100451461,11.37,Bueno,14.14,Bueno,interpolacion_delaunay,0,215,36,0,4
2026-09-29T09:40:04.155190+00:00,1903100451391,12.72,Bueno,15.99,Bueno,interpolacion_delaunay,0,400,41,11,20
2026-09-29T09:40:04.155190+00:00,190310001068A,11.7,Bueno,12.6,Bueno,promedio_sensores,1,5585,402,158,107
2026-09-29T09:40:04.155190+00:00,1903100010872,10.86,Bueno,11.75,Bueno,interpolacion_delaunay,0,2902,333,115,45
2026-09-29T09:40:04.155190+00:00,1903100450266,8.99,Bueno,10.73,Bueno,interpolacion_delaunay,0,3518,300,297,140
2026-09-29T09:40:04.155190+00:00,1903100451211,9.2,Bueno,10.67,Bueno,interpolacion_delaunay,0,318,31,15,12
2026-09-29T09:40:04.155190+00:00,1903100450105,6.81,Bueno,7.69,Bueno,interpolacion_delaunay,0,617,53,101,42
2026-09-29T09:40:04.155190+00:00,1903100450533,9.99,Bueno,12.22,Bueno,interpolacion_delaunay,0,112,19,4,0
2026-09-29T09:40:04.155190+00:00,1903100450834,10.85,Bueno,13.35,Bueno,interpolacion_delaunay,0,5335,620,158,133
2026-09-29T09:40:04.155190+00:00,1903100451122,13.74,Bueno,17.27,Bueno,interpolacion_delaunay,0,4196,367,129,124
2026-09-29T09:40:04.155190+00:00,1903100451118,11.93,Bueno,14.9,Bueno,interpolacion_delaunay,0,1143,149,65,58
2026-09-29T09:40:04.155190+00:00,1903100450092,7.15,Bueno,8.0,Bueno,interpolacion_delaunay,0,5801,601,614,240
2026-09-29T09:40:04.155190+00:00,190310001036A,11.08,Bueno,11.9,Bueno,interpolacion_delaunay,0,2196,166,139,77
2026-09-29T09:40:04.155190+00:00,1903100011264,11.66,Bueno,12.84,Bueno,interpolacion_delaunay,0,166,15,10,4
2026-09-29T09:40:04.155190+00:00,1903100011692,9.57,Bueno,10.28,Bueno,interpolacion_delaunay,0,1994,254,42,57
2026-09-29T09:40:04.155190+00:00,1903100450675,10.94,Bueno,13.32,Bueno,interpolacion_delaunay,0,2985,254,121,65
2026-09-29T09:40:04.155190+00:00,1903100450815,7.74,Bueno,8.4,Bueno,interpolacion_delaunay,0,5183,452,347,124
2026-09-29T09:40:04.155190+00:00,1903100450887,9.55,Bueno,11.24,Bueno,interpolacion_delaunay,0,626,73,50,23
2026-09-29T09:40:04.155190+00:00,1903100450891,11.29,Bueno,13.6,Bueno,interpolacion_delaunay,0,3371,329,210,148
2026-09-29T09:40:04.155190+00:00,1903100450904,12.16,Bueno,14.85,Bueno,interpolacion_delaunay,0,2284,216,156,77
2026-09-29T09:40:04.155190+00:00,1903100451438,6.8,Bueno,7.3,Bueno,promedio_sensores,1,489,62,15,5
2026-09-29T09:40:04.155190+00:00,1903100451442,13.44,Bueno,16.62,Bueno,interpolacion_delaunay,0,530,59,19,6
2026-09-29T09:40:04.155190+00:00,1903100451828,11.57,Bueno,13.86,Bueno,interpolacion_delaunay,0,1268,201,24,22
2026-09-29T09:40:04.155190+00:00,1903103131616,17.08,Aceptable,21.75,Bueno,interpolacion_delaunay,0,3396,460,75,104
2026-09-29T09:40:04.155190+00:00,1903100451103,13.11,Bueno,16.21,Bueno,interpolacion_delaunay,0,1939,184,111,81
2026-09-29T09:40:04.155190+00:00,1903103131601,16.44,Aceptable,20.82,Bueno,interpolacion_delaunay,0,3536,417,97,62
2026-09-29T09:40:04.155190+00:00,1903100451226,13.65,Bueno,17.05,Bueno,interpolacion_delaunay,0,2587,267,90,42
2026-09-29T09:40:04.155190+00:00,1903103111512,13.53,Bueno,16.52,Bueno,interpolacion_delaunay,0,2486,240,126,82
2026-09-29T09:40:04.155190+00:00,1903100451635,12.5,Bueno,15.74,Bueno,interpolacion_delaunay,0,3621,518,70,103
2026-09-29T09:40:04.155190+00:00,1903103131300,18.5,Aceptable,23.6,Bueno,promedio_sensores,1,4074,495,120,80
2026-09-29T09:40:04.155190+00:00,1903103111508,14.45,Bueno,17.17,Bueno,interpolacion_delaunay,0,3724,412,113,64
2026-09-29T09:40:04.155190+00:00,1903100451387,11.88,Bueno,14.79,Bueno,interpolacion_delaunay,0,1540,218,34,55
2026-09-29T09:40:04.155190+00:00,1903100452101,12.01,Bueno,15.15,Bueno,interpolacion_delaunay,0,1249,214,20,18
2026-09-29T09:40:04.155190+00:00,1903100451283,13.91,Bueno,17.64,Bueno,interpolacion_delaunay,0,3230,373,88,78
2026-09-29T09:40:04.155190+00:00,1903103111527,13.97,Bueno,16.85,Bueno,interpolacion_delaunay,0,1682,145,143,89
2026-09-29T09:40:04.155190+00:00,1903100452402,13.56,Bueno,17.24,Bueno,interpolacion_delaunay,0,0,0,0,0
2026-09-29T16:07:14.192628+00:00,1900601740121,22.5,Aceptable,24.7,Bueno,promedio_sensores,1,2694,310,73,36
2026-09-29T16:07:14.192628+00:00,1900601740155,22.14,Aceptable,24.18,Bueno,interpolacion_delaunay,0,1820,285,54,16
2026-09-29T16:07:14.192628+00:00,1900600781948,20.56,Aceptable,22.82,Bueno,interpolacion_delaunay,0,1170,93,69,32
2026-09-29T16:07:14.192628+00:00,1900600012236,21.75,Aceptable,23.57,Bueno,interpolacion_delaunay,0,264,28,6,0
2026-09-29T16:07:14.192628+00:00,1900600010225,23.21,Aceptable,25.35,Bueno,interpolacion_delaunay,0,1,0,0,0
2026-09-29T16:07:14.192628+00:00,1900600010206,23.28,Aceptable,25.25,Bueno,interpolacion_delaunay,0,6646,747,526,177
2026-09-29T16:07:14.192628+00:00,1900600010210,23.31,Aceptable,25.44,Bueno,interpolacion_delaunay,0,0,0,0,0
2026-09-29T16:07:14.192628+00:00,1900600010244,22.76,Aceptable,24.69,Bueno,interpolacion_delaunay,0,90,3,14,3
2026-09-29T16:07:14.192628+00:00,1900600010259,22.87,Aceptable,24.77,Bueno,interpolacion_delaunay,0,3329,268,159,53
2026-09-29T16:07:14.192628+00:00,1900600010278,22.67,Aceptable,24.61,Bueno,interpolacion_delaunay,0,486,52,18,8
2026-09-29T16:07:14.192628+00:00,1900600010297,22.66,Aceptable,24.73,Bueno,interpolacion_delaunay,0,5850,524,288,225
2026-09-29T16:07:14.192628+00:00,1900600010475,22.65,Aceptable,24.63,Bueno,interpolacion_delaunay,0,4729,407,844,249
2026-09-29T16:07:14.192628+00:00,190060001030A,22.63,Aceptable,24.72,Bueno,interpolacion_delaunay,0,4134,431,170,127
2026-09-29T16:07:14.192628+00:00,1900600010348,21.88,Aceptable,23.65,Bueno,interpolacion_delaunay,0,7877,871,609,196
2026-09-29T16:07:14.192628+00:00,1900600010460,22.58,Aceptable,24.51,Bueno,interpolacion_delaunay,0,4909,343,1088,217
2026-09-29T16:07:14.192628+00:00,1900600010352,21.77,Aceptable,23.55,Bueno,interpolacion_delaunay,0,1017,63,153,80
2026-09-29T16:07:14.192628+00:00,1900600010367,21.68,Aceptable,23.41,Bueno,interpolacion_delaunay,0,469,45,60,46
2026-09-29T16:07:14.192628+00:00,1900600010403,24.03,Aceptable,26.11,Bueno,interpolacion_delaunay,0,4726,352,972,196
2026-09-29T16:07:14.192628+00:00,190060001055A,23.91,Aceptable,26.01,Bueno,interpolacion_delaunay,0,4579,363,547,197
2026-09-29T16:07:14.192628+00:00,1900600010583,22.98,Aceptable,25.03,Bueno,interpolacion_delaunay,0,4964,382,425,153
2026-09-29T16:07:14.192628+00:00,1900600010598,22.98,Aceptable,25.08,Bueno,interpolacion_delaunay,0,5332,416,338,212
2026-09-29T16:07:14.192628+00:00,1900600010723,22.51,Aceptable,23.46,Bueno,interpolacion_delaunay,0,5109,353,1039,281
2026-09-29T16:07:14.192628+00:00,1900600010780,22.39,Aceptable,24.35,Bueno,interpolacion_delaunay,0,3755,348,382,222
2026-09-29T16:07:14.192628+00:00,1900600010795,22.22,Aceptable,24.12,Bueno,interpolacion_delaunay,0,5270,506,424,204
2026-09-29T16:07:14.192628+00:00,1900600010808,22.05,Aceptable,23.89,Bueno,interpolacion_delaunay,0,3443,304,372,102
2026-09-29T16:07:14.192628+00:00,1900600010920,24.2,Aceptable,26.3,Bueno,promedio_sensores,1,5729,316,496,128
2026-09-29T16:07:14.192628+00:00,1900600011011,23.1,Aceptable,25.08,Bueno,interpolacion_delaunay,0,0,0,0,0
2026-09-29T16:07:14.192628+00:00,1900600011026,23.01,Aceptable,25.01,Bueno,interpolacion_delaunay,0,0,0,0,0
2026-09-29T16:07:14.192628+00:00,1900600011064,23.9,Aceptable,25.95,Bueno,interpolacion_delaunay,0,4513,371,370,162
2026-09-29T16:07:14.192628+00:00,1900600011098,32.85,Aceptable,35.41,Bueno,interpolacion_delaunay,0,5772,542,419,165
2026-09-29T16:07:14.192628+00:00,1900600011149,21.64,Aceptable,23.39,Bueno,interpolacion_delaunay,0,1140,100,87,38
2026-09-29T16:07:14.192628+00:00,1900600011350,23.83,Aceptable,25.88,Bueno,interpolacion_delaunay,0,3323,233,353,93
2026-09-29T16:07:14.192628+00:00,1900600011365,23.68,Aceptable,25.71,Bueno,interpolacion_delaunay,0,3259,285,225,87
2026-09-29T16:07:14.192628+00:00,190060001137A,22.91,Aceptable,24.14,Bueno,interpolacion_delaunay,0,2748,223,522,132
2026-09-29T16:07:14.192628+00:00,1900600011632,22.7,Aceptable,24.85,Bueno,interpolacion_delaunay,0,5931,475,161,144
2026-09-29T16:07:14.192628+00:00,1900600011384,23.05,Aceptable,24.49,Bueno,interpolacion_delaunay,0,3359,263,352,73
2026-09-29T16:07:14.192628+00:00,1900600011399,23.57,Aceptable,25.59,Bueno,interpolacion_delaunay,0,2371,274,284,91
2026-09-29T16:07:14.192628+00:00,1900600011469,22.76,Aceptable,24.91,Bueno,interpolacion_delaunay,0,1932,125,131,96
2026-09-29T16:07:14.192628+00:00,1900600011401,23.36,Aceptable,25.31,Bueno,interpolacion_delaunay,0,3593,269,468,144
2026-09-29T16:07:14.192628+00:00,190060001144A,22.92,Aceptable,25.07,Bueno,interpolacion_delaunay,0,6239,575,321,95
2026-09-29T16:07:14.192628+00:00,1900600011473,22.94,Aceptable,25.0,Bueno,interpolacion_delaunay,0,2826,209,259,107
2026-09-29T16:07:14.192628+00:00,1900600011488,22.84,Aceptable,24.86,Bueno,interpolacion_delaunay,0,2922,234,293,96
2026-09-29T16:07:14.192628+00:00,1900600011492,22.52,Aceptable,24.48,Bueno,interpolacion_delaunay,0,1725,134,78,56
2026-09-29T16:07:14.192628+00:00,1900600011505,22.6,Aceptable,24.62,Bueno,interpolacion_delaunay,0,2030,151,78,103
2026-09-29T16:07:14.192628+00:00,190060001151A,22.54,Aceptable,24.56,Bueno,interpolacion_delaunay,0,4650,413,187,145
2026-09-29T16:07:14.192628+00:00,1900600011524,22.38,Aceptable,24.38,Bueno,interpolacion_delaunay,0,3658,279,744,150
2026-09-29T16:07:14.192628+00:00,1900600011539,22.19,Aceptable,24.12,Bueno,interpolacion_delaunay,0,3879,269,179,190
2026-09-29T16:07:14.192628+00:00,1900600011543,21.98,Aceptable,23.82,Bueno,interpolacion_delaunay,0,3926,372,127,91
2026-09-29T16:07:14.192628+00:00,1900600011844,22.44,Aceptable,24.52,Bueno,interpolacion_delaunay,0,1922,166,57,23
2026-09-29T16:07:14.192628+00:00,1900600011666,22.56,Aceptable,24.68,Bueno,interpolacion_delaunay,0,2454,221,74,68
2026-09-29T16:07:14.192628+00:00,1900600011859,22.33,Aceptable,24.37,Bueno,interpolacion_delaunay,0,1533,143,46,34
2026-09-29T16:07:14.192628+00:00,1900600011863,21.99,Aceptable,23.88,Bueno,interpolacion_delaunay,0,1050,130,36,5
2026-09-29T16:07:14.192628+00:00,1900600011878,21.8,Aceptable,23.66,Bueno,interpolacion_delaunay,0,5255,440,206,130
2026-09-29T16:07:14.192628+00:00,1900600011882,21.8,Aceptable,23.67,Bueno,interpolacion_delaunay,0,5356,444,208,243
2026-09-29T16:07:14.192628+00:00,190060001190A,21.65,Aceptable,23.44,Bueno,interpolacion_delaunay,0,3346,296,126,99
2026-09-29T16:07:14.192628+00:00,1900600011914,21.24,Aceptable,23.15,Bueno,interpolacion_delaunay,0,5844,518,215,189
2026-09-29T16:07:14.192628+00:00,1900600011929,20.17,Aceptable,22.35,Bueno,interpolacion_delaunay,0,5690,426,232,211
2026-09-29T16:07:14.192628+00:00,1900600012043,22.02,Aceptable,23.98,Bueno,interpolacion_delaunay,0,3660,375,120,69
2026-09-29T16:07:14.192628+00:00,1900600012109,22.37,Aceptable,24.41,Bueno,interpolacion_delaunay,0,1488,155,32,33
2026-09-29T16:07:14.192628+00:00,1900600012128,22.08,Aceptable,23.99,Bueno,interpolacion_delaunay,0,1714,168,66,31
2026-09-29T16:07:14.192628+00:00,190060001226A,22.65,Aceptable,24.64,Bueno,interpolacion_delaunay,0,4528,324,328,117
2026-09-29T16:07:14.192628+00:00,1900600012274,22.79,Aceptable,24.86,Bueno,interpolacion_delaunay,0,5782,615,191,106
2026-09-29T16:07:14.192628+00:00,190060001233A,22.25,Aceptable,24.28,Bueno,interpolacion_delaunay,0,2449,267,53,48
2026-09-29T16:07:14.192628+00:00,1900600012414,22.24,Aceptable,24.23,Bueno,interpolacion_delaunay,0,2297,332,39,45
2026-09-29T16:07:14.192628+00:00,1900600012429,22.08,Aceptable,24.03,Bueno,interpolacion_delaunay,0,3283,479,97,39
2026-09-29T16:07:14.192628+00:00,1900600012734,21.85,Aceptable,23.7,Bueno,interpolacion_delaunay,0,961,146,24,13
2026-09-29T16:07:14.192628+00:00,1900600010992,23.33,Aceptable,25.38,Bueno,interpolacion_delaunay,0,0,0,0,0
2026-09-29T16:07:14.192628+00:00,1900600012804,23.52,Aceptable,25.58,Bueno,interpolacion_delaunay,0,705,129,13,7
2026-09-29T16:07:14.192628+00:00,1900600011897,20.19,Aceptable,22.43,Bueno,interpolacion_delaunay,0,3063,294,202,149
2026-09-29T16:07:14.192628+00:00,1900600012202,21.63,Aceptable,23.62,Bueno,interpolacion_delaunay,0,372,48,3,8
2026-09-29T16:07:14.192628+00:00,1900600012039,21.25,Aceptable,23.25,Bueno,interpolacion_delaunay,0,2684,242,90,67
2026-09-29T16:07:14.192628+00:00,1900601740047,22.55,Aceptable,24.72,Bueno,interpolacion_delaunay,0,1719,266,38,40
2026-09-29T16:07:14.192628+00:00,190190001005A,22.8,Aceptable,24.35,Bueno,interpolacion_delaunay,0,2404,108,693,69
2026-09-29T16:07:14.192628+00:00,1901900010064,15.17,Aceptable,16.05,Bueno,promedio_sensores,4,2721,181,677,58
2026-09-29T16:07:14.192628+00:00,1901900010079,14.4,Bueno,15.0,Bueno,promedio_sensores,1,4464,212,1159,127
2026-09-29T16:07:14.192628+00:00,1901900010083,9.27,Bueno,9.57,Bueno,promedio_sensores,3,1374,63,441,45
2026-09-29T16:07:14.192628+00:00,1901900010098,9.4,Bueno,9.6,Bueno,promedio_sensores,1,1854,103,460,42
2026-09-29T16:07:14.192628+00:00,1901900010100,12.6,Bueno,12.9,Bueno,promedio_sensores,1,1944,129,547,21
2026-09-29T16:07:14.192628+00:00,1901900010149,22.5,Aceptable,24.1,Bueno,promedio_sensores,1,1163,75,215,15
2026-09-29T16:07:14.192628+00:00,1901900010153,27.1,Aceptable,28.6,Bueno,promedio_sensores,1,1800,134,430,81
2026-09-29T16:07:14.192628+00:00,1901900010168,24.2,Aceptable,27.1,Bueno,promedio_sensores,1,1570,81,416,43
2026-09-29T16:07:14.192628+00:00,1901900010172,12.36,Bueno,12.92,Bueno,interpolacion_delaunay,0,1335,59,357,29
2026-09-29T16:07:14.192628+00:00,1901900010187,22.02,Aceptable,23.45,Bueno,interpolacion_delaunay,0,4463,306,999,93
2026-09-29T16:07:14.192628+00:00,1901900010191,16.0,Aceptable,17.4,Bueno,promedio_sensores,1,2824,172,637,108
2026-09-29T16:07:14.192628+00:00,1901900010204,15.32,Aceptable,16.65,Bueno,interpolacion_delaunay,0,3926,317,736,119
2026-09-29T16:07:14.192628+00:00,1901900010223,11.81,Bueno,12.49,Bueno,interpolacion_delaunay,0,2979,89,503,54
2026-09-29T16:07:14.192628+00:00,1901900010238,12.1,Bueno,12.9,Bueno,promedio_sensores,1,1904,73,302,23
2026-09-29T16:07:14.192628+00:00,1901900010242,7.2,Bueno,7.53,Bueno,promedio_sensores,3,2717,143,729,92
2026-09-29T16:07:14.192628+00:00,1901900010257,11.7,Bueno,12.2,Bueno,promedio_sensores,1,1307,56,361,13
2026-09-29T16:07:14.192628+00:00,1901900010261,6.95,Bueno,7.35,Bueno,promedio_sensores,2,2240,113,567,42
2026-09-29T16:07:14.192628+00:00,1901900010280,11.04,Bueno,12.01,Bueno,interpolacion_delaunay,0,2690,79,360,43
2026-09-29T16:07:14.192628+00:00,1901900010350,9.94,Bueno,10.2,Bueno,interpolacion_delaunay,0,2768,148,592,68
2026-09-29T16:07:14.192628+00:00,1901900010365,20.1,Aceptable,20.8,Bueno,promedio_sensores,1,3419,327,293,61
2026-09-29T16:07:14.192628+00:00,1901900010399,12.85,Bueno,13.2,Bueno,promedio_sensores,2,1162,6,68,0
2026-09-29T16:07:14.192628+00:00,1901900010401,9.5,Bueno,10.2,Bueno,promedio_sensores,1,2375,247,392,86
2026-09-29T16:07:14.192628+00:00,1901900010416,15.98,Aceptable,16.83,Bueno,interpolacion_delaunay,0,700,19,105,4
2026-09-29T16:07:14.192628+00:00,1901900010420,10.4,Bueno,11.7,Bueno,promedio_sensores,1,1696,93,408,47
2026-09-29T16:07:14.192628+00:00,1901900010435,13.6,Bueno,14.3,Bueno,promedio_sensores,1,4494,346,601,54
2026-09-29T16:07:14.192628+00:00,190190001044A,11.57,Bueno,12.47,Bueno,promedio_sensores,3,4383,354,439,56
2026-09-29T16:07:14.192628+00:00,1901900010454,12.3,Bueno,12.75,Bueno,promedio_sensores,2,557,26,114,11
2026-09-29T16:07:14.192628+00:00,1901900010469,10.2,Bueno,11.2,Bueno,promedio_sensores,1,3112,170,568,37
2026-09-29T16:07:14.192628+00:00,1901900010473,10.84,Bueno,11.59,Bueno,interpolacion_delaunay,0,983,46,182,19
2026-09-29T16:07:14.192628+00:00,1901900010488,26.7,Aceptable,28.65,Bueno,promedio_sensores,2,2757,295,371,102
2026-09-29T16:07:14.192628+00:00,1901900010492,18.25,Aceptable,20.3,Bueno,promedio_sensores,2,2848,173,697,71
2026-09-29T16:07:14.192628+00:00,1901900010505,13.65,Bueno,14.73,Bueno,interpolacion_delaunay,0,2494,111,512,19
2026-09-29T16:07:14.192628+00:00,190190001051A,9.9,Bueno,10.8,Bueno,promedio_sensores,1,1899,111,507,36
2026-09-29T16:07:14.192628+00:00,1901900010558,12.5,Bueno,13.1,Bueno,promedio_sensores,3,1349,87,230,21
2026-09-29T16:07:14.192628+00:00,1901900010613,14.54,Bueno,15.64,Bueno,interpolacion_delaunay,0,132,0,20,0
2026-09-29T16:07:14.192628+00:00,1901900010384,11.42,Bueno,11.92,Bueno,interpolacion_delaunay,0,1111,19,119,15
2026-09-29T16:07:14.192628+00:00,1901900010219,14.61,Bueno,15.84,Bueno,interpolacion_delaunay,0,1954,106,555,58
2026-09-29T16:07:14.192628+00:00,1902100011338,51.19,Mala,56.07,Aceptable,interpolacion_delaunay,0,2800,219,134,55
2026-09-29T16:07:14.192628+00:00,1902100011817,54.6,Mala,58.2,Aceptable,promedio_sensores,1,583,52,40,11
2026-09-29T16:07:14.192628+00:00,1902100010293,42.65,Mala,45.87,Aceptable,interpolacion_delaunay,0,2008,84,165,35
2026-09-29T16:07:14.192628+00:00,190210001033A,43.67,Mala,46.91,Aceptable,interpolacion_delaunay,0,4000,286,440,91
2026-09-29T16:07:14.192628+00:00,1902100011060,32.01,Aceptable,36.37,Bueno,interpolacion_delaunay,0,3355,278,195,95
2026-09-29T16:07:14.192628+00:00,1902100010289,42.35,Mala,45.68,Aceptable,interpolacion_delaunay,0,1352,78,109,44
2026-09-29T16:07:14.192628+00:00,1902100010325,30.68,Aceptable,33.51,Bueno,interpolacion_delaunay,0,1,0,0,0
2026-09-29T16:07:14.192628+00:00,1902100011412,22.7,Aceptable,23.6,Bueno,promedio_sensores,1,3239,228,156,27
2026-09-29T16:07:14.192628+00:00,1902100011427,45.53,Mala,48.61,Aceptable,interpolacion_delaunay,0,4126,302,227,21
2026-09-29T16:07:14.192628+00:00,1902100011408,43.3,Mala,46.34,Aceptable,interpolacion_delaunay,0,6781,377,571,69
2026-09-29T16:07:14.192628+00:00,1902100011342,49.55,Mala,54.65,Aceptable,interpolacion_delaunay,0,4655,261,185,126
2026-09-29T16:07:14.192628+00:00,1902100010043,26.66,Aceptable,30.0,Bueno,interpolacion_delaunay,0,4208,322,819,334
2026-09-29T16:07:14.192628+00:00,1902100010255,42.57,Mala,47.59,Aceptable,interpolacion_delaunay,0,6704,625,410,194
2026-09-29T16:07:14.192628+00:00,1902100010378,23.2,Aceptable,25.8,Bueno,promedio_sensores,1,4134,262,294,72
2026-09-29T16:07:14.192628+00:00,1902100011075,31.18,Aceptable,35.5,Bueno,interpolacion_delaunay,0,8122,855,320,248
2026-09-29T16:07:14.192628+00:00,1902600011832,22.09,Aceptable,23.89,Bueno,interpolacion_delaunay,0,3764,305,386,174
2026-09-29T16:07:14.192628+00:00,1902600010035,22.24,Aceptable,24.13,Bueno,interpolacion_delaunay,0,1597,156,285,106
2026-09-29T16:07:14.192628+00:00,1902600012332,11.92,Bueno,13.41,Bueno,interpolacion_delaunay,0,5634,507,898,399
2026-09-29T16:07:14.192628+00:00,1902600010020,22.35,Aceptable,24.22,Bueno,interpolacion_delaunay,0,1825,174,355,160
2026-09-29T16:07:14.192628+00:00,1902600011279,22.39,Aceptable,24.29,Bueno,interpolacion_delaunay,0,4324,384,731,269
2026-09-29T16:07:14.192628+00:00,1902600011283,22.36,Aceptable,24.28,Bueno,interpolacion_delaunay,0,3719,341,754,207
2026-09-29T16:07:14.192628+00:00,1902600012440,22.28,Aceptable,24.06,Bueno,interpolacion_delaunay,0,2604,133,153,35
2026-09-29T16:07:14.192628+00:00,1902600012667,20.3,Aceptable,21.79,Bueno,interpolacion_delaunay,0,778,73,30,14
2026-09-29T16:07:14.192628+00:00,1902600012811,10.65,Bueno,11.86,Bueno,interpolacion_delaunay,0,26,4,0,0
2026-09-29T16:07:14.192628+00:00,1902600010459,12.78,Bueno,13.81,Bueno,interpolacion_delaunay,0,3039,123,850,229
2026-09-29T16:07:14.192628+00:00,1902600010317,13.76,Bueno,14.77,Bueno,interpolacion_delaunay,0,4084,275,902,321
2026-09-29T16:07:14.192628+00:00,1902600010957,22.22,Aceptable,24.07,Bueno,interpolacion_delaunay,0,5841,533,1121,336
2026-09-29T16:07:14.192628+00:00,1902600011103,16.47,Aceptable,18.72,Bueno,interpolacion_delaunay,0,950,69,80,47
2026-09-29T16:07:14.192628+00:00,1902600011457,16.39,Aceptable,17.68,Bueno,interpolacion_delaunay,0,2279,129,466,94
2026-09-29T16:07:14.192628+00:00,1902600011404,8.89,Bueno,9.31,Bueno,interpolacion_delaunay,0,3115,227,702,219
2026-09-29T16:07:14.192628+00:00,1902600011508,17.15,Aceptable,19.24,Bueno,interpolacion_delaunay,0,1978,175,250,90
2026-09-29T16:07:14.192628+00:00,1902600011828,22.35,Aceptable,24.2,Bueno,interpolacion_delaunay,0,2175,178,266,60
2026-09-29T16:07:14.192628+00:00,1902600011847,21.98,Aceptable,23.73,Bueno,interpolacion_delaunay,0,4488,374,407,157
2026-09-29T16:07:14.192628+00:00,1902600012402,18.41,Aceptable,19.86,Bueno,interpolacion_delaunay,0,2699,234,353,170
2026-09-29T16:07:14.192628+00:00,1902600012205,15.22,Aceptable,17.05,Bueno,interpolacion_delaunay,0,4435,432,502,204
2026-09-29T16:07:14.192628+00:00,1902600012258,18.75,Aceptable,20.63,Bueno,interpolacion_delaunay,0,1006,77,102,40
2026-09-29T16:07:14.192628+00:00,1902600012296,20.7,Aceptable,22.1,Bueno,interpolacion_delaunay,0,4398,237,919,190
2026-09-29T16:07:14.192628+00:00,1902600012455,22.12,Aceptable,23.89,Bueno,interpolacion_delaunay,0,4962,328,296,118
2026-09-29T16:07:14.192628+00:00,1902600010302,13.27,Bueno,14.25,Bueno,interpolacion_delaunay,0,2790,166,675,209
2026-09-29T16:07:14.192628+00:00,1902600010425,13.11,Bueno,14.26,Bueno,interpolacion_delaunay,0,3687,235,843,230
2026-09-29T16:07:14.192628+00:00,1902600010533,14.31,Bueno,15.73,Bueno,interpolacion_delaunay,0,1681,81,395,96
2026-09-29T16:07:14.192628+00:00,1902600011813,22.37,Aceptable,24.21,Bueno,interpolacion_delaunay,0,5250,447,545,129
2026-09-29T16:07:14.192628+00:00,1902600011851,21.86,Aceptable,23.57,Bueno,interpolacion_delaunay,0,4115,305,359,155
2026-09-29T16:07:14.192628+00:00,1902600012436,22.45,Aceptable,24.29,Bueno,interpolacion_delaunay,0,3242,185,145,20
2026-09-29T16:07:14.192628+00:00,1902600012686,19.59,Aceptable,21.38,Bueno,interpolacion_delaunay,0,40,3,7,5
2026-09-29T16:07:14.192628+00:00,1902600010124,19.67,Aceptable,21.33,Bueno,interpolacion_delaunay,0,2665,140,749,113
2026-09-29T16:07:14.192628+00:00,1902600012417,20.69,Aceptable,22.09,Bueno,interpolacion_delaunay,0,2073,147,228,128
2026-09-29T16:07:14.192628+00:00,1902600012347,13.51,Bueno,14.93,Bueno,interpolacion_delaunay,0,4440,433,247,105
2026-09-29T16:07:14.192628+00:00,190260001239A,19.24,Aceptable,20.46,Bueno,interpolacion_delaunay,0,2697,236,207,88
2026-09-29T16:07:14.192628+00:00,190260001260A,19.49,Aceptable,21.26,Bueno,interpolacion_delaunay,0,979,82,21,36
2026-09-29T16:07:14.192628+00:00,1902600011391,17.37,Aceptable,18.59,Bueno,interpolacion_delaunay,0,3747,280,1036,286
2026-09-29T16:07:14.192628+00:00,1902600010251,18.95,Aceptable,20.38,Bueno,interpolacion_delaunay,0,6072,581,994,581
2026-09-29T16:07:14.192628+00:00,1902600010707,14.63,Bueno,15.92,Bueno,interpolacion_delaunay,0,4261,296,986,365
2026-09-29T16:07:14.192628+00:00,190260001157A,14.85,Bueno,16.15,Bueno,interpolacion_delaunay,0,2161,148,444,126
2026-09-29T16:07:14.192628+00:00,1902600011654,16.37,Aceptable,18.07,Bueno,interpolacion_delaunay,0,3737,309,535,205
2026-09-29T16:07:14.192628+00:00,1902600012385,10.57,Bueno,11.78,Bueno,interpolacion_delaunay,0,108,11,8,5
2026-09-29T16:07:14.192628+00:00,1902600011495,17.44,Aceptable,19.41,Bueno,interpolacion_delaunay,0,2675,203,421,91
2026-09-29T16:07:14.192628+00:00,1902600012525,14.42,Bueno,15.8,Bueno,interpolacion_delaunay,0,6162,464,363,124
2026-09-29T16:07:14.192628+00:00,1902600010995,21.72,Aceptable,23.42,Bueno,interpolacion_delaunay,0,1016,61,224,56
2026-09-29T16:07:14.192628+00:00,1902600011866,18.77,Aceptable,20.52,Bueno,interpolacion_delaunay,0,3064,167,548,67
2026-09-29T16:07:14.192628+00:00,190260001207A,9.36,Bueno,10.32,Bueno,interpolacion_delaunay,0,2199,99,452,47
2026-09-29T16:07:14.192628+00:00,1902600012120,6.52,Bueno,6.88,Bueno,interpolacion_delaunay,0,1092,33,384,28
2026-09-29T16:07:14.192628+00:00,1902600012135,8.12,Bueno,8.53,Bueno,interpolacion_delaunay,0,1356,47,414,29
2026-09-29T16:07:14.192628+00:00,1902600012544,13.84,Bueno,15.54,Bueno,interpolacion_delaunay,0,2171,187,206,83
2026-09-29T16:07:14.192628+00:00,1902600010069,15.67,Aceptable,17.0,Bueno,interpolacion_delaunay,0,1920,94,579,107
2026-09-29T16:07:14.192628+00:00,1902600010073,16.12,Aceptable,17.49,Bueno,interpolacion_delaunay,0,3137,159,955,77
2026-09-29T16:07:14.192628+00:00,1902600010088,16.92,Aceptable,18.43,Bueno,interpolacion_delaunay,0,2870,157,722,160
2026-09-29T16:07:14.192628+00:00,1902600010158,13.9,Bueno,14.85,Bueno,interpolacion_delaunay,0,1517,70,502,83
2026-09-29T16:07:14.192628+00:00,190260001029A,12.56,Bueno,13.52,Bueno,interpolacion_delaunay,0,1809,94,461,133
2026-09-29T16:07:14.192628+00:00,1902600011885,15.3,Aceptable,16.6,Bueno,interpolacion_delaunay,0,1944,100,497,103
2026-09-29T16:07:14.192628+00:00,1902600012192,18.56,Aceptable,20.5,Bueno,interpolacion_delaunay,0,2742,217,241,94
2026-09-29T16:07:14.192628+00:00,1902600012243,10.38,Bueno,11.72,Bueno,interpolacion_delaunay,0,316,37,21,22
2026-09-29T16:07:14.192628+00:00,1902600012421,21.43,Aceptable,22.68,Bueno,interpolacion_delaunay,0,2385,134,120,49
2026-09-29T16:07:14.192628+00:00,1902600012597,19.66,Aceptable,21.28,Bueno,interpolacion_delaunay,0,3539,244,126,97
2026-09-29T16:07:14.192628+00:00,1902600011029,21.72,Aceptable,23.38,Bueno,interpolacion_delaunay,0,1109,94,97,45
2026-09-29T16:07:14.192628+00:00,190260001189A,14.87,Bueno,16.07,Bueno,interpolacion_delaunay,0,2117,131,543,112
2026-09-29T16:07:14.192628+00:00,1902600012703,11.07,Bueno,12.33,Bueno,interpolacion_delaunay,0,632,49,33,14
2026-09-29T16:07:14.192628+00:00,1902600011372,17.07,Aceptable,18.22,Bueno,interpolacion_delaunay,0,2451,168,520,192
2026-09-29T16:07:14.192628+00:00,1902600012366,19.17,Aceptable,21.02,Bueno,interpolacion_delaunay,0,350,28,12,6
2026-09-29T16:07:14.192628+00:00,1902600010321,14.74,Bueno,15.76,Bueno,interpolacion_delaunay,0,5159,259,1483,335
2026-09-29T16:07:14.192628+00:00,1902600010336,15.21,Aceptable,16.26,Bueno,interpolacion_delaunay,0,3112,150,945,118
2026-09-29T16:07:14.192628+00:00,1902600010340,15.86,Aceptable,16.93,Bueno,interpolacion_delaunay,0,5009,289,1452,316
2026-09-29T16:07:14.192628+00:00,1902600010355,16.43,Aceptable,17.57,Bueno,interpolacion_delaunay,0,2172,143,527,123
2026-09-29T16:07:14.192628+00:00,1902600010389,17.52,Aceptable,18.7,Bueno,interpolacion_delaunay,0,3485,223,809,188
2026-09-29T16:07:14.192628+00:00,1902600010393,18.08,Aceptable,19.37,Bueno,interpolacion_delaunay,0,4293,274,932,186
2026-09-29T16:07:14.192628+00:00,1902600010618,15.58,Aceptable,16.84,Bueno,interpolacion_delaunay,0,3420,248,733,217
2026-09-29T16:07:14.192628+00:00,1902600010730,16.94,Aceptable,17.74,Bueno,interpolacion_delaunay,0,4610,359,992,364
2026-09-29T16:07:14.192628+00:00,1902600011033,21.32,Aceptable,22.84,Bueno,interpolacion_delaunay,0,5199,444,572,162
2026-09-29T16:07:14.192628+00:00,1902600011122,16.13,Aceptable,17.64,Bueno,interpolacion_delaunay,0,6940,637,766,300
2026-09-29T16:07:14.192628+00:00,1902600011546,13.56,Bueno,14.76,Bueno,interpolacion_delaunay,0,3715,209,870,202
2026-09-29T16:07:14.192628+00:00,1902600011461,16.86,Aceptable,18.19,Bueno,interpolacion_delaunay,0,3227,233,684,198
2026-09-29T16:07:14.192628+00:00,190260001132A,15.71,Aceptable,16.83,Bueno,interpolacion_delaunay,0,2713,152,488,78
2026-09-29T16:07:14.192628+00:00,1902600011334,20.09,Aceptable,21.63,Bueno,interpolacion_delaunay,0,3525,289,683,240
2026-09-29T16:07:14.192628+00:00,1902600011349,20.58,Aceptable,22.01,Bueno,interpolacion_delaunay,0,2716,239,484,222
2026-09-29T16:07:14.192628+00:00,1902600011368,16.87,Aceptable,18.03,Bueno,interpolacion_delaunay,0,3348,226,652,119
2026-09-29T16:07:14.192628+00:00,1902600011419,13.87,Bueno,14.93,Bueno,interpolacion_delaunay,0,2833,144,728,158
2026-09-29T16:07:14.192628+00:00,1902600011442,15.85,Aceptable,17.14,Bueno,interpolacion_delaunay,0,3169,182,598,174
2026-09-29T16:07:14.192628+00:00,1902600011565,14.23,Bueno,15.49,Bueno,interpolacion_delaunay,0,4076,290,816,263
2026-09-29T16:07:14.192628+00:00,1902600011584,15.65,Aceptable,16.76,Bueno,interpolacion_delaunay,0,4255,317,895,221
2026-09-29T16:07:14.192628+00:00,1902600011599,16.36,Aceptable,17.44,Bueno,interpolacion_delaunay,0,2923,228,572,152
2026-09-29T16:07:14.192628+00:00,1902600011601,16.8,Aceptable,17.5,Bueno,promedio_sensores,1,3474,261,775,299
2026-09-29T16:07:14.192628+00:00,1902600011688,16.4,Aceptable,17.36,Bueno,interpolacion_delaunay,0,3727,240,688,249
2026-09-29T16:07:14.192628+00:00,190260001171A,14.31,Bueno,15.49,Bueno,interpolacion_delaunay,0,4383,321,770,213
2026-09-29T16:07:14.192628+00:00,1902600012008,10.25,Bueno,11.08,Bueno,interpolacion_delaunay,0,1064,52,278,35
2026-09-29T16:07:14.192628+00:00,1902600011781,11.6,Bueno,12.81,Bueno,interpolacion_delaunay,0,260,22,25,0
2026-09-29T16:07:14.192628+00:00,1902600011989,14.18,Bueno,15.4,Bueno,interpolacion_delaunay,0,3336,217,653,151
2026-09-29T16:07:14.192628+00:00,1902600012027,15.86,Aceptable,16.93,Bueno,interpolacion_delaunay,0,5601,339,676,195
2026-09-29T16:07:14.192628+00:00,1902600012116,11.84,Bueno,13.24,Bueno,interpolacion_delaunay,0,2265,174,319,64
2026-09-29T16:07:14.192628+00:00,1902600012328,19.16,Aceptable,20.96,Bueno,interpolacion_delaunay,0,2737,200,173,54
2026-09-29T16:07:14.192628+00:00,1902600012510,15.3,Aceptable,16.72,Bueno,interpolacion_delaunay,0,3466,257,269,90
2026-09-29T16:07:14.192628+00:00,1902600012578,12.78,Bueno,14.25,Bueno,interpolacion_delaunay,0,2465,185,298,196
2026-09-29T16:07:14.192628+00:00,1902600012582,12.7,Bueno,14.17,Bueno,interpolacion_delaunay,0,2739,201,423,283
2026-09-29T16:07:14.192628+00:00,1902600012614,18.71,Aceptable,20.51,Bueno,interpolacion_delaunay,0,3024,272,68,36
2026-09-29T16:07:14.192628+00:00,1902600010177,14.99,Bueno,16.12,Bueno,interpolacion_delaunay,0,1769,60,559,90
2026-09-29T16:07:14.192628+00:00,1902600010444,10.38,Bueno,11.06,Bueno,interpolacion_delaunay,0,2474,121,665,111
2026-09-29T16:07:14.192628+00:00,1902600011531,13.43,Bueno,14.6,Bueno,interpolacion_delaunay,0,3594,235,816,160
2026-09-29T16:07:14.192628+00:00,1902600010232,18.43,Aceptable,19.87,Bueno,interpolacion_delaunay,0,2521,162,744,110
2026-09-29T16:07:14.192628+00:00,1902600010196,15.46,Aceptable,16.63,Bueno,interpolacion_delaunay,0,1557,66,485,73
2026-09-29T16:07:14.192628+00:00,1902600010213,17.82,Aceptable,19.25,Bueno,interpolacion_delaunay,0,2063,114,530,142
2026-09-29T16:07:14.192628+00:00,190260001011A,18.78,Aceptable,20.43,Bueno,interpolacion_delaunay,0,3115,155,816,154
2026-09-29T16:07:14.192628+00:00,1902600010162,14.53,Bueno,15.6,Bueno,interpolacion_delaunay,0,1624,64,473,65
2026-09-29T16:07:14.192628+00:00,1902600010181,14.13,Bueno,15.08,Bueno,interpolacion_delaunay,0,1561,63,499,94
2026-09-29T16:07:14.192628+00:00,1902600010228,17.4,Aceptable,18.7,Bueno,interpolacion_delaunay,0,1619,140,316,120
2026-09-29T16:07:14.192628+00:00,1902600010603,15.37,Aceptable,16.6,Bueno,interpolacion_delaunay,0,1632,93,346,132
2026-09-29T16:07:14.192628+00:00,1902600010745,16.67,Aceptable,17.55,Bueno,interpolacion_delaunay,0,1565,113,330,126
2026-09-29T16:07:14.192628+00:00,1902600010798,13.97,Bueno,15.26,Bueno,interpolacion_delaunay,0,3364,210,732,231
2026-09-29T16:07:14.192628+00:00,1902600010815,12.76,Bueno,14.16,Bueno,interpolacion_delaunay,0,4739,363,1000,268
2026-09-29T16:07:14.192628+00:00,1902600011438,10.93,Bueno,11.76,Bueno,interpolacion_delaunay,0,1771,89,459,85
2026-09-29T16:07:14.192628+00:00,1902600011476,16.51,Aceptable,17.78,Bueno,interpolacion_delaunay,0,3270,215,839,209
2026-09-29T16:07:14.192628+00:00,1902600011777,12.84,Bueno,14.16,Bueno,interpolacion_delaunay,0,3599,312,366,80
2026-09-29T16:07:14.192628+00:00,1902600012031,15.43,Aceptable,16.62,Bueno,interpolacion_delaunay,0,4385,273,421,152
2026-09-29T16:07:14.192628+00:00,1902600012173,9.7,Bueno,10.44,Bueno,interpolacion_delaunay,0,108,5,10,3
2026-09-29T16:07:14.192628+00:00,1902600012474,21.85,Aceptable,23.5,Bueno,interpolacion_delaunay,0,3828,248,138,120
2026-09-29T16:07:14.192628+00:00,190260001253A,15.13,Aceptable,16.83,Bueno,interpolacion_delaunay,0,1418,134,74,37
2026-09-29T16:07:14.192628+00:00,1902600012648,17.58,Aceptable,18.61,Bueno,interpolacion_delaunay,0,1998,125,415,138
2026-09-29T16:07:14.192628+00:00,1902600012794,20.02,Aceptable,21.39,Bueno,interpolacion_delaunay,0,776,83,32,8
2026-09-29T16:07:14.192628+00:00,1902600012775,19.58,Aceptable,21.1,Bueno,interpolacion_delaunay,0,1381,194,42,36
2026-09-29T16:07:14.192628+00:00,1902600012898,5.71,Bueno,5.92,Bueno,interpolacion_delaunay,0,21,3,0,0
2026-09-29T16:07:14.192628+00:00,1902600010849,10.64,Bueno,11.94,Bueno,interpolacion_delaunay,0,1926,132,278,87
2026-09-29T16:07:14.192628+00:00,1902600012262,19.68,Aceptable,21.32,Bueno,interpolacion_delaunay,0,2668,227,217,83
2026-09-29T16:07:14.192628+00:00,1902600010266,20.21,Aceptable,21.74,Bueno,interpolacion_delaunay,0,427,58,19,0
2026-09-29T16:07:14.192628+00:00,1902600010779,10.38,Bueno,11.21,Bueno,interpolacion_delaunay,0,677,45,131,66
2026-09-29T16:07:14.192628+00:00,1902600010872,6.34,Bueno,6.59,Bueno,interpolacion_delaunay,0,3088,114,989,72
2026-09-29T16:07:14.192628+00:00,1902600011902,19.0,Aceptable,20.56,Bueno,interpolacion_delaunay,0,2434,191,435,71
2026-09-29T16:07:14.192628+00:00,1902600011993,13.69,Bueno,14.93,Bueno,interpolacion_delaunay,0,3528,203,521,147
2026-09-29T16:07:14.192628+00:00,1902600012012,10.03,Bueno,10.94,Bueno,interpolacion_delaunay,0,2227,119,600,34
2026-09-29T16:07:14.192628+00:00,1902600012084,7.02,Bueno,7.61,Bueno,interpolacion_delaunay,0,1461,49,516,49
2026-09-29T16:07:14.192628+00:00,1902600012188,6.17,Bueno,6.46,Bueno,interpolacion_delaunay,0,460,18,82,4
2026-09-29T16:07:14.192628+00:00,1902600012277,19.19,Aceptable,20.72,Bueno,interpolacion_delaunay,0,3597,281,616,228
2026-09-29T16:07:14.192628+00:00,190260001246A,21.98,Aceptable,23.69,Bueno,interpolacion_delaunay,0,4546,358,308,145
2026-09-29T16:07:14.192628+00:00,1902600012559,13.0,Bueno,14.39,Bueno,interpolacion_delaunay,0,4248,285,324,114
2026-09-29T16:07:14.192628+00:00,1902600012652,20.43,Aceptable,21.83,Bueno,interpolacion_delaunay,0,3158,323,113,122
2026-09-29T16:07:14.192628+00:00,1902600012671,20.22,Aceptable,21.56,Bueno,interpolacion_delaunay,0,1647,122,65,34
2026-09-29T16:07:14.192628+00:00,1902600012718,9.92,Bueno,11.2,Bueno,interpolacion_delaunay,0,2829,290,123,131
2026-09-29T16:07:14.192628+00:00,1902600012741,13.27,Bueno,14.54,Bueno,interpolacion_delaunay,0,1897,119,345,52
2026-09-29T16:07:14.192628+00:00,1902600012879,20.7,Aceptable,22.1,Bueno,promedio_sensores,1,2144,300,65,16
2026-09-29T16:07:14.192628+00:00,1902600010285,10.29,Bueno,10.88,Bueno,interpolacion_delaunay,0,2844,174,613,185
2026-09-29T16:07:14.192628+00:00,1902600012690,10.39,Bueno,11.58,Bueno,interpolacion_delaunay,0,79,0,3,0
2026-09-29T16:07:14.192628+00:00,1902600012099,11.33,Bueno,12.58,Bueno,interpolacion_delaunay,0,5241,599,554,189
2026-09-29T16:07:14.192628+00:00,1902600011936,21.16,Aceptable,22.66,Bueno,interpolacion_delaunay,0,2951,267,407,119
2026-09-29T16:07:14.192628+00:00,1902600012169,6.82,Bueno,7.06,Bueno,interpolacion_delaunay,0,1023,50,158,14
2026-09-29T16:07:14.192628+00:00,190260001118A,9.45,Bueno,10.11,Bueno,interpolacion_delaunay,0,3453,227,320,71
2026-09-29T16:07:14.192628+00:00,1902600012050,13.34,Bueno,14.66,Bueno,interpolacion_delaunay,0,4134,320,745,263
2026-09-29T16:07:14.192628+00:00,1902600012101,11.18,Bueno,12.47,Bueno,interpolacion_delaunay,0,3626,381,484,119
2026-09-29T16:07:14.192628+00:00,1902600012563,11.01,Bueno,12.3,Bueno,interpolacion_delaunay,0,2676,291,133,25
2026-09-29T16:07:14.192628+00:00,190260001278A,21.37,Aceptable,23.07,Bueno,interpolacion_delaunay,0,3558,402,98,36
2026-09-29T16:07:14.192628+00:00,1902600011921,21.29,Aceptable,22.85,Bueno,interpolacion_delaunay,0,2594,223,377,76
2026-09-29T16:07:14.192628+00:00,1902600010092,17.77,Aceptable,19.38,Bueno,interpolacion_delaunay,0,4183,262,1039,106
2026-09-29T16:07:14.192628+00:00,1902600011300,20.04,Aceptable,21.61,Bueno,interpolacion_delaunay,0,2915,163,792,188
2026-09-29T16:07:14.192628+00:00,1902600010143,21.52,Aceptable,23.11,Bueno,interpolacion_delaunay,0,2245,273,113,55
2026-09-29T16:07:14.192628+00:00,1902600011870,18.18,Aceptable,19.79,Bueno,interpolacion_delaunay,0,3271,173,768,82
2026-09-29T16:07:14.192628+00:00,1902600011315,16.74,Aceptable,18.1,Bueno,interpolacion_delaunay,0,3497,230,464,42
2026-09-29T16:07:14.192628+00:00,1902600011014,21.73,Aceptable,23.38,Bueno,interpolacion_delaunay,0,2155,150,459,98
2026-09-29T16:07:14.192628+00:00,1902600011616,17.28,Aceptable,18.38,Bueno,interpolacion_delaunay,0,3883,311,769,201
2026-09-29T16:07:14.192628+00:00,1902600011620,17.17,Aceptable,18.35,Bueno,interpolacion_delaunay,0,4814,356,1024,301
2026-09-29T16:07:14.192628+00:00,1902600011480,18.15,Aceptable,19.36,Bueno,interpolacion_delaunay,0,4784,390,737,223
2026-09-29T16:07:14.192628+00:00,1902600010641,17.7,Aceptable,18.92,Bueno,interpolacion_delaunay,0,2917,240,627,202
2026-09-29T16:07:14.192628+00:00,1902600012633,17.96,Aceptable,18.89,Bueno,interpolacion_delaunay,0,2429,188,313,91
2026-09-29T16:07:14.192628+00:00,190260001164A,16.86,Aceptable,18.21,Bueno,interpolacion_delaunay,0,2101,168,367,57
2026-09-29T16:07:14.192628+00:00,1902600011635,16.63,Aceptable,17.9,Bueno,interpolacion_delaunay,0,4695,347,639,204
2026-09-29T16:07:14.192628+00:00,1902600010961,22.08,Aceptable,23.8,Bueno,interpolacion_delaunay,0,1353,81,150,34
2026-09-29T16:07:14.192628+00:00,1902600011226,12.44,Bueno,13.76,Bueno,interpolacion_delaunay,0,4831,444,615,226
2026-09-29T16:07:14.192628+00:00,1902600012807,12.62,Bueno,13.89,Bueno,interpolacion_delaunay,0,51,0,0,0
2026-09-29T16:07:14.192628+00:00,1902600012737,12.68,Bueno,13.95,Bueno,interpolacion_delaunay,0,153,17,4,4
2026-09-29T16:07:14.192628+00:00,1902600012046,13.2,Bueno,14.51,Bueno,interpolacion_delaunay,0,5116,376,649,199
2026-09-29T16:07:14.192628+00:00,1902600012756,13.0,Bueno,14.3,Bueno,promedio_sensores,1,2572,282,124,24
2026-09-29T16:07:14.192628+00:00,1902600010783,12.02,Bueno,13.13,Bueno,interpolacion_delaunay,0,1477,145,264,42
2026-09-29T16:07:14.192628+00:00,1902600011230,12.48,Bueno,13.82,Bueno,interpolacion_delaunay,0,3324,362,242,132
2026-09-29T16:07:14.192628+00:00,1902600011758,5.3,Bueno,5.3,Bueno,promedio_sensores,1,2105,92,408,43
2026-09-29T16:07:14.192628+00:00,1902600011141,14.92,Bueno,16.92,Bueno,interpolacion_delaunay,0,9036,1161,432,363
2026-09-29T16:07:14.192628+00:00,1902600011743,11.38,Bueno,12.79,Bueno,interpolacion_delaunay,0,7461,709,958,323
2026-09-29T16:07:14.192628+00:00,1902600012629,10.07,Bueno,11.34,Bueno,interpolacion_delaunay,0,1943,149,74,66
2026-09-29T16:07:14.192628+00:00,1902600011762,13.38,Bueno,14.69,Bueno,interpolacion_delaunay,0,2427,183,512,77
2026-09-29T16:07:14.192628+00:00,1902600011194,11.44,Bueno,12.45,Bueno,interpolacion_delaunay,0,4669,300,960,201
2026-09-29T16:07:14.192628+00:00,1902600011052,21.35,Aceptable,23.01,Bueno,interpolacion_delaunay,0,7318,799,917,451
2026-09-29T16:07:14.192628+00:00,1902600012722,20.74,Aceptable,22.49,Bueno,interpolacion_delaunay,0,1673,182,35,23
2026-09-29T16:07:14.192628+00:00,1902600010209,20.83,Aceptable,22.72,Bueno,interpolacion_delaunay,0,0,0,0,0
2026-09-29T16:07:14.192628+00:00,1902600012883,20.39,Aceptable,22.34,Bueno,interpolacion_delaunay,0,2693,391,65,39
2026-09-29T16:07:14.192628+00:00,1902600011512,14.88,Bueno,16.52,Bueno,interpolacion_delaunay,0,1411,83,448,118
2026-09-29T16:07:14.192628+00:00,1902600011527,14.94,Bueno,16.54,Bueno,interpolacion_delaunay,0,2114,99,718,127
2026-09-29T16:07:14.192628+00:00,1902600010853,14.41,Bueno,15.88,Bueno,interpolacion_delaunay,0,4562,382,755,151
2026-09-29T16:07:14.192628+00:00,1902600011160,15.3,Aceptable,17.0,Bueno,promedio_sensores,1,3568,186,796,79
2026-09-29T16:07:14.192628+00:00,1902600011423,14.27,Bueno,15.37,Bueno,interpolacion_delaunay,0,2358,121,643,149
2026-09-29T16:07:14.192628+00:00,1902600011118,12.1,Bueno,13.11,Bueno,interpolacion_delaunay,0,0,0,0,0
2026-09-29T16:07:14.192628+00:00,1902600010552,12.64,Bueno,13.7,Bueno,interpolacion_delaunay,0,1358,197,299,91
2026-09-29T16:07:14.192628+00:00,1902600010567,13.49,Bueno,14.63,Bueno,interpolacion_delaunay,0,3469,239,807,212
2026-09-29T16:07:14.192628+00:00,1902600010478,15.09,Aceptable,16.19,Bueno,interpolacion_delaunay,0,3451,258,686,179
2026-09-29T16:07:14.192628+00:00,1902600012493,14.54,Bueno,15.7,Bueno,interpolacion_delaunay,0,3047,231,451,139
2026-09-29T16:07:14.192628+00:00,1902600012506,14.18,Bueno,15.32,Bueno,interpolacion_delaunay,0,1875,122,448,96
2026-09-29T16:07:14.192628+00:00,1902600011387,16.76,Aceptable,17.96,Bueno,interpolacion_delaunay,0,4018,279,697,181
2026-09-29T16:07:14.192628+00:00,1902600010482,15.84,Aceptable,16.98,Bueno,interpolacion_delaunay,0,4004,197,1191,226
2026-09-29T16:07:14.192628+00:00,1902600010586,14.99,Bueno,16.19,Bueno,interpolacion_delaunay,0,4983,369,1196,317
2026-09-29T16:07:14.192628+00:00,1902600010590,15.29,Aceptable,16.5,Bueno,interpolacion_delaunay,0,3794,290,817,254
2026-09-29T16:07:14.192628+00:00,1902600011940,18.2,Aceptable,19.46,Bueno,interpolacion_delaunay,0,3450,256,773,184
2026-09-29T16:07:14.192628+00:00,1902600012224,16.45,Aceptable,17.67,Bueno,interpolacion_delaunay,0,1986,122,533,118
2026-09-29T16:07:14.192628+00:00,1902600012239,17.03,Aceptable,18.3,Bueno,interpolacion_delaunay,0,2664,206,487,219
2026-09-29T16:07:14.192628+00:00,1902600010548,7.79,Bueno,8.11,Bueno,interpolacion_delaunay,0,4149,203,1177,258
2026-09-29T16:07:14.192628+00:00,1902600012489,21.22,Aceptable,22.49,Bueno,interpolacion_delaunay,0,2798,203,290,77
2026-09-29T16:07:14.192628+00:00,1902600011353,16.51,Aceptable,17.63,Bueno,interpolacion_delaunay,0,1952,125,417,157
2026-09-29T16:07:14.192628+00:00,1902600012760,20.95,Aceptable,22.41,Bueno,interpolacion_delaunay,0,3619,397,120,87
2026-09-29T16:07:14.192628+00:00,1902600011264,21.29,Aceptable,22.9,Bueno,interpolacion_delaunay,0,1708,151,158,100
2026-09-29T16:07:14.192628+00:00,190260001285A,20.89,Aceptable,22.37,Bueno,interpolacion_delaunay,0,1850,298,50,26
2026-09-29T16:07:14.192628+00:00,1902600010270,18.97,Aceptable,20.97,Bueno,interpolacion_delaunay,0,0,0,0,0
2026-09-29T16:07:14.192628+00:00,1902600010406,18.64,Aceptable,19.94,Bueno,interpolacion_delaunay,0,2889,225,550,115
2026-09-29T16:07:14.192628+00:00,1902600011067,19.65,Aceptable,21.07,Bueno,interpolacion_delaunay,0,4252,360,451,270
2026-09-29T16:07:14.192628+00:00,1902600011086,18.02,Aceptable,19.82,Bueno,interpolacion_delaunay,0,3224,245,126,84
2026-09-29T16:07:14.192628+00:00,1902600012313,15.49,Aceptable,17.86,Bueno,interpolacion_delaunay,0,2567,202,407,174
2026-09-29T16:07:14.192628+00:00,1902600012309,16.08,Aceptable,18.21,Bueno,interpolacion_delaunay,0,2125,241,150,88
2026-09-29T16:07:14.192628+00:00,1902600011809,20.05,Aceptable,21.47,Bueno,interpolacion_delaunay,0,2127,251,117,120
2026-09-29T16:07:14.192628+00:00,1902600012864,19.68,Aceptable,21.07,Bueno,interpolacion_delaunay,0,1168,168,40,16
2026-09-29T16:07:14.192628+00:00,190260001125A,8.13,Bueno,8.55,Bueno,interpolacion_delaunay,0,541,13,170,22
2026-09-29T16:07:14.192628+00:00,1902600011071,17.36,Aceptable,19.52,Bueno,interpolacion_delaunay,0,3143,264,264,89
2026-09-29T16:07:14.192628+00:00,190260001196A,17.13,Aceptable,19.43,Bueno,interpolacion_delaunay,0,3349,324,262,100
2026-09-29T16:07:14.192628+00:00,1902600011955,19.1,Aceptable,20.41,Bueno,interpolacion_delaunay,0,3582,349,216,97
2026-09-29T16:07:14.192628+00:00,190260001050A,17.95,Aceptable,19.26,Bueno,interpolacion_delaunay,0,2022,217,309,73
2026-09-29T16:07:14.192628+00:00,1903900012400,50.5,Mala,58.7,Aceptable,promedio_sensores,1,4517,429,723,304
2026-09-29T16:07:14.192628+00:00,1903900014657,15.62,Aceptable,16.4,Bueno,interpolacion_delaunay,0,2491,234,438,138
2026-09-29T16:07:14.192628+00:00,1903900013682,23.52,Aceptable,29.77,Bueno,interpolacion_delaunay,0,4499,398,653,181
2026-09-29T16:07:14.192628+00:00,1903900010832,28.19,Aceptable,34.14,Bueno,interpolacion_delaunay,0,543,31,158,26
2026-09-29T16:07:14.192628+00:00,1903900011120,14.35,Bueno,15.52,Bueno,interpolacion_delaunay,0,2607,94,831,149
2026-09-29T16:07:14.192628+00:00,1903900012129,10.7,Bueno,11.89,Bueno,interpolacion_delaunay,0,4074,318,790,255
2026-09-29T16:07:14.192628+00:00,190390001363A,15.67,Aceptable,16.56,Bueno,interpolacion_delaunay,0,3850,324,618,201
2026-09-29T16:07:14.192628+00:00,1903900014163,11.51,Bueno,12.43,Bueno,interpolacion_delaunay,0,3563,376,476,178
2026-09-29T16:07:14.192628+00:00,1903900014642,15.67,Aceptable,16.35,Bueno,interpolacion_delaunay,0,2137,227,313,125
2026-09-29T16:07:14.192628+00:00,1903900013589,21.51,Aceptable,24.86,Bueno,interpolacion_delaunay,0,1971,102,595,95
2026-09-29T16:07:14.192628+00:00,1903900011370,13.62,Bueno,14.59,Bueno,interpolacion_delaunay,0,1287,71,218,39
2026-09-29T16:07:14.192628+00:00,1903900012114,9.55,Bueno,10.48,Bueno,interpolacion_delaunay,0,2387,84,816,136
2026-09-29T16:07:14.192628+00:00,1903900012203,5.3,Bueno,5.8,Bueno,promedio_sensores,1,2974,126,1034,191
2026-09-29T16:07:14.192628+00:00,1903900013574,20.52,Aceptable,24.17,Bueno,interpolacion_delaunay,0,832,37,276,93
2026-09-29T16:07:14.192628+00:00,1903900012792,8.28,Bueno,8.82,Bueno,interpolacion_delaunay,0,1,0,0,0
2026-09-29T16:07:14.192628+00:00,190390001445A,13.68,Bueno,15.04,Bueno,interpolacion_delaunay,0,5563,304,1118,197
2026-09-29T16:07:14.192628+00:00,1903900014638,15.07,Aceptable,15.62,Bueno,interpolacion_delaunay,0,3811,381,571,142
2026-09-29T16:07:14.192628+00:00,1903900012063,16.68,Aceptable,19.27,Bueno,interpolacion_delaunay,0,2407,98,743,119
2026-09-29T16:07:14.192628+00:00,1903900011690,9.3,Bueno,10.16,Bueno,interpolacion_delaunay,0,228,12,56,11
2026-09-29T16:07:14.192628+00:00,1903900011760,8.8,Bueno,9.46,Bueno,interpolacion_delaunay,0,1986,129,443,117
2026-09-29T16:07:14.192628+00:00,1903900011934,10.63,Bueno,11.57,Bueno,promedio_sensores,3,2171,83,550,105
2026-09-29T16:07:14.192628+00:00,190390001192A,9.33,Bueno,9.79,Bueno,interpolacion_delaunay,0,2553,117,796,121
2026-09-29T16:07:14.192628+00:00,1903900012044,13.51,Bueno,14.46,Bueno,interpolacion_delaunay,0,1920,122,427,109
2026-09-29T16:07:14.192628+00:00,1903900012078,15.93,Aceptable,18.32,Bueno,interpolacion_delaunay,0,2179,136,538,60
2026-09-29T16:07:14.192628+00:00,1903900011525,18.4,Aceptable,22.5,Bueno,interpolacion_delaunay,0,590,39,143,33
2026-09-29T16:07:14.192628+00:00,1903900011991,13.5,Bueno,14.5,Bueno,promedio_sensores,1,3236,192,703,201
2026-09-29T16:07:14.192628+00:00,1903900012006,9.74,Bueno,10.32,Bueno,interpolacion_delaunay,0,1972,70,504,136
2026-09-29T16:07:14.192628+00:00,1903900010673,22.02,Aceptable,24.34,Bueno,interpolacion_delaunay,0,2155,174,396,142
2026-09-29T16:07:14.192628+00:00,1903900010298,25.88,Aceptable,29.59,Bueno,interpolacion_delaunay,0,3499,233,739,152
2026-09-29T16:07:14.192628+00:00,1903900010404,24.65,Aceptable,28.14,Bueno,interpolacion_delaunay,0,2835,189,560,150
2026-09-29T16:07:14.192628+00:00,1903900011012,30.71,Aceptable,37.81,Bueno,interpolacion_delaunay,0,1216,101,235,35
2026-09-29T16:07:14.192628+00:00,1903900011065,20.66,Aceptable,24.34,Bueno,interpolacion_delaunay,0,1981,192,428,144
2026-09-29T16:07:14.192628+00:00,1903900010175,32.13,Aceptable,36.98,Bueno,interpolacion_delaunay,0,1294,70,318,45
2026-09-29T16:07:14.192628+00:00,190390001018A,33.2,Mala,38.24,Bueno,interpolacion_delaunay,0,3618,299,750,219
2026-09-29T16:07:14.192628+00:00,1903900010194,31.12,Aceptable,35.79,Bueno,interpolacion_delaunay,0,2850,223,604,173
2026-09-29T16:07:14.192628+00:00,1903900010226,26.96,Aceptable,30.86,Bueno,interpolacion_delaunay,0,4934,461,799,274
2026-09-29T16:07:14.192628+00:00,1903900014229,7.63,Bueno,8.16,Bueno,interpolacion_delaunay,0,2852,249,505,184
2026-09-29T16:07:14.192628+00:00,1903900010353,19.76,Aceptable,22.37,Bueno,interpolacion_delaunay,0,3313,167,981,325
2026-09-29T16:07:14.192628+00:00,1903900010936,20.48,Aceptable,21.97,Bueno,interpolacion_delaunay,0,2121,128,459,101
2026-09-29T16:07:14.192628+00:00,1903900011173,16.4,Aceptable,17.4,Bueno,promedio_sensores,1,2108,71,659,126
2026-09-29T16:07:14.192628+00:00,1903900011188,19.21,Aceptable,20.56,Bueno,interpolacion_delaunay,0,3322,231,794,185
2026-09-29T16:07:14.192628+00:00,1903900011224,23.65,Aceptable,27.31,Bueno,interpolacion_delaunay,0,3487,327,636,198
2026-09-29T16:07:14.192628+00:00,1903900011328,24.04,Aceptable,29.0,Bueno,interpolacion_delaunay,0,1300,73,364,78
2026-09-29T16:07:14.192628+00:00,1903900011332,20.99,Aceptable,24.82,Bueno,interpolacion_delaunay,0,2976,208,686,165
2026-09-29T16:07:14.192628+00:00,1903900011493,5.4,Bueno,6.2,Bueno,promedio_sensores,1,498,32,117,21
2026-09-29T16:07:14.192628+00:00,1903900011506,12.34,Bueno,14.71,Bueno,interpolacion_delaunay,0,218,10,60,5
2026-09-29T16:07:14.192628+00:00,1903900011510,15.33,Aceptable,18.74,Bueno,interpolacion_delaunay,0,370,18,99,43
2026-09-29T16:07:14.192628+00:00,1903900011563,23.27,Aceptable,28.53,Bueno,interpolacion_delaunay,0,1016,57,324,41
2026-09-29T16:07:14.192628+00:00,1903900011652,5.47,Bueno,6.43,Bueno,interpolacion_delaunay,0,1408,46,412,99
2026-09-29T16:07:14.192628+00:00,1903900011667,12.37,Bueno,13.28,Bueno,interpolacion_delaunay,0,811,38,222,38
2026-09-29T16:07:14.192628+00:00,1903900011671,12.4,Bueno,13.23,Bueno,interpolacion_delaunay,0,2135,120,546,122
2026-09-29T16:07:14.192628+00:00,1903900011775,10.78,Bueno,11.59,Bueno,interpolacion_delaunay,0,3247,195,753,173
2026-09-29T16:07:14.192628+00:00,190390001178A,12.36,Bueno,13.66,Bueno,interpolacion_delaunay,0,2085,91,638,124
2026-09-29T16:07:14.192628+00:00,1903900011811,14.65,Bueno,16.29,Bueno,interpolacion_delaunay,0,3726,195,960,140
2026-09-29T16:07:14.192628+00:00,190390001210A,11.9,Bueno,13.0,Bueno,promedio_sensores,1,2790,113,700,150
2026-09-29T16:07:14.192628+00:00,1903900012186,17.68,Aceptable,22.32,Bueno,interpolacion_delaunay,0,4169,44,257,49
2026-09-29T16:07:14.192628+00:00,1903900011559,8.6,Bueno,9.5,Bueno,promedio_sensores,1,854,32,232,42
2026-09-29T16:07:14.192628+00:00,1903900013428,29.28,Aceptable,33.61,Bueno,interpolacion_delaunay,0,3351,320,515,172
2026-09-29T16:07:14.192628+00:00,1903900014214,8.1,Bueno,8.74,Bueno,interpolacion_delaunay,0,4120,374,689,171
2026-09-29T16:07:14.192628+00:00,1903900014712,20.35,Aceptable,25.72,Bueno,interpolacion_delaunay,0,3085,299,499,125
2026-09-29T16:07:14.192628+00:00,1903900014727,14.64,Bueno,17.85,Bueno,interpolacion_delaunay,0,2574,237,418,75
2026-09-29T16:07:14.192628+00:00,1903900011544,9.01,Bueno,10.36,Bueno,interpolacion_delaunay,0,484,17,104,17
2026-09-29T16:07:14.192628+00:00,1903900011347,12.2,Bueno,13.0,Bueno,promedio_sensores,1,3767,228,949,230
2026-09-29T16:07:14.192628+00:00,1903900011101,13.42,Bueno,14.61,Bueno,interpolacion_delaunay,0,2340,171,499,101
2026-09-29T16:07:14.192628+00:00,1903900010692,20.51,Aceptable,23.87,Bueno,interpolacion_delaunay,0,1264,56,294,43
2026-09-29T16:07:14.192628+00:00,190390001071A,7.5,Bueno,7.9,Bueno,promedio_sensores,1,2092,89,717,121
2026-09-29T16:07:14.192628+00:00,190390001153A,6.39,Bueno,7.21,Bueno,interpolacion_delaunay,0,283,20,33,8
2026-09-29T16:07:14.192628+00:00,1903900012222,14.67,Bueno,17.56,Bueno,interpolacion_delaunay,0,2481,214,440,130
2026-09-29T16:07:14.192628+00:00,1903900010048,41.19,Mala,47.69,Aceptable,interpolacion_delaunay,0,2757,231,541,184
2026-09-29T16:07:14.192628+00:00,1903900010160,31.28,Aceptable,35.98,Bueno,interpolacion_delaunay,0,1233,55,334,97
2026-09-29T16:07:14.192628+00:00,1903900011915,10.07,Bueno,10.81,Bueno,interpolacion_delaunay,0,1171,52,296,69
2026-09-29T16:07:14.192628+00:00,1903900012824,6.03,Bueno,6.39,Bueno,interpolacion_delaunay,0,0,0,0,0
2026-09-29T16:07:14.192628+00:00,1903900010103,34.75,Mala,40.09,Bueno,interpolacion_delaunay,0,2537,115,733,107
2026-09-29T16:07:14.192628+00:00,1903900010122,34.44,Mala,39.72,Bueno,interpolacion_delaunay,0,3875,316,762,228
2026-09-29T16:07:14.192628+00:00,1903900010207,32.32,Aceptable,37.21,Bueno,interpolacion_delaunay,0,2935,264,476,100
2026-09-29T16:07:14.192628+00:00,190390001089A,22.12,Aceptable,24.74,Bueno,interpolacion_delaunay,0,2450,84,735,103
2026-09-29T16:07:14.192628+00:00,1903900010813,28.67,Aceptable,34.59,Bueno,interpolacion_delaunay,0,1266,76,281,65
2026-09-29T16:07:14.192628+00:00,190390001096A,26.1,Aceptable,30.11,Bueno,interpolacion_delaunay,0,735,52,175,36
2026-09-29T16:07:14.192628+00:00,190390001107A,21.24,Aceptable,25.13,Bueno,interpolacion_delaunay,0,2056,191,358,98
2026-09-29T16:07:14.192628+00:00,1903900011099,13.16,Bueno,14.24,Bueno,interpolacion_delaunay,0,1728,108,401,82
2026-09-29T16:07:14.192628+00:00,1903900011281,19.87,Aceptable,24.12,Bueno,interpolacion_delaunay,0,162,9,42,10
2026-09-29T16:07:14.192628+00:00,190390001146A,14.67,Bueno,15.66,Bueno,interpolacion_delaunay,0,1878,94,425,114
2026-09-29T16:07:14.192628+00:00,1903900011474,14.32,Bueno,15.41,Bueno,interpolacion_delaunay,0,1482,65,348,91
2026-09-29T16:07:14.192628+00:00,1903900011648,9.13,Bueno,10.14,Bueno,interpolacion_delaunay,0,1275,46,383,92
2026-09-29T16:07:14.192628+00:00,1903900011953,13.3,Bueno,13.94,Bueno,interpolacion_delaunay,0,4331,383,782,275
2026-09-29T16:07:14.192628+00:00,1903900011968,13.07,Bueno,13.8,Bueno,interpolacion_delaunay,0,2452,198,521,139
2026-09-29T16:07:14.192628+00:00,1903900011972,12.66,Bueno,13.53,Bueno,interpolacion_delaunay,0,2152,173,501,93
2026-09-29T16:07:14.192628+00:00,1903900011987,12.6,Bueno,13.55,Bueno,interpolacion_delaunay,0,2330,153,564,186
2026-09-29T16:07:14.192628+00:00,1903900012010,10.47,Bueno,11.1,Bueno,promedio_sensores,3,377,6,32,6
2026-09-29T16:07:14.192628+00:00,1903900012025,11.71,Bueno,12.84,Bueno,interpolacion_delaunay,0,4868,169,1336,220
2026-09-29T16:07:14.192628+00:00,1903900012608,39.07,Mala,45.2,Aceptable,interpolacion_delaunay,0,3563,325,452,140
2026-09-29T16:07:14.192628+00:00,1903900012260,9.06,Bueno,9.62,Bueno,interpolacion_delaunay,0,2549,128,738,140
2026-09-29T16:07:14.192628+00:00,1903900012523,44.45,Mala,51.55,Aceptable,interpolacion_delaunay,0,5883,502,863,210
2026-09-29T16:07:14.192628+00:00,1903900012576,46.34,Mala,53.69,Aceptable,interpolacion_delaunay,0,3643,363,363,152
2026-09-29T16:07:14.192628+00:00,1903900012612,41.15,Mala,47.66,Aceptable,interpolacion_delaunay,0,3707,369,423,217
2026-09-29T16:07:14.192628+00:00,1903900013339,43.98,Mala,50.99,Aceptable,interpolacion_delaunay,0,3291,330,562,149
2026-09-29T16:07:14.192628+00:00,1903900013432,29.85,Aceptable,34.29,Bueno,interpolacion_delaunay,0,3283,331,497,186
2026-09-29T16:07:14.192628+00:00,1903900013381,37.28,Mala,43.07,Bueno,interpolacion_delaunay,0,3469,305,681,259
2026-09-29T16:07:14.192628+00:00,1903900013324,46.33,Mala,53.77,Aceptable,interpolacion_delaunay,0,2714,268,458,83
2026-09-29T16:07:14.192628+00:00,1903900014587,30.99,Aceptable,38.28,Bueno,interpolacion_delaunay,0,1315,68,368,60
2026-09-29T16:07:14.192628+00:00,1903900014604,4.37,Bueno,4.61,Bueno,interpolacion_delaunay,0,2075,111,610,109
2026-09-29T16:07:14.192628+00:00,1903900014661,13.15,Bueno,14.17,Bueno,interpolacion_delaunay,0,2902,69,608,127
2026-09-29T16:07:14.192628+00:00,1903900014680,20.16,Aceptable,22.37,Bueno,interpolacion_delaunay,0,2293,96,745,94
2026-09-29T16:07:14.192628+00:00,1903900011239,28.31,Aceptable,33.5,Bueno,interpolacion_delaunay,0,3332,293,662,233
2026-09-29T16:07:14.192628+00:00,1903900011489,13.7,Bueno,14.7,Bueno,promedio_sensores,1,1608,86,419,74
2026-09-29T16:07:14.192628+00:00,1903900010279,29.66,Aceptable,34.07,Bueno,interpolacion_delaunay,0,2220,107,580,282
2026-09-29T16:07:14.192628+00:00,1903900010531,20.69,Aceptable,23.39,Bueno,interpolacion_delaunay,0,5417,419,1156,491
2026-09-29T16:07:14.192628+00:00,1903900010635,20.62,Aceptable,22.78,Bueno,interpolacion_delaunay,0,2264,78,723,158
2026-09-29T16:07:14.192628+00:00,1903900011686,9.89,Bueno,10.63,Bueno,interpolacion_delaunay,0,153,7,36,5
2026-09-29T16:07:14.192628+00:00,1903900011807,14.11,Bueno,15.59,Bueno,interpolacion_delaunay,0,2430,99,765,107
2026-09-29T16:07:14.192628+00:00,1903900011830,15.2,Aceptable,17.8,Bueno,promedio_sensores,1,898,35,265,16
2026-09-29T16:07:14.192628+00:00,1903900012097,40.1,Mala,53.5,Aceptable,promedio_sensores,1,4087,88,440,163
2026-09-29T16:07:14.192628+00:00,1903900012256,16.55,Aceptable,19.69,Bueno,interpolacion_delaunay,0,4590,303,1006,320
2026-09-29T16:07:14.192628+00:00,1903900012307,9.07,Bueno,9.47,Bueno,promedio_sensores,3,2986,141,683,94
2026-09-29T16:07:14.192628+00:00,1903900012453,9.29,Bueno,9.97,Bueno,interpolacion_delaunay,0,2219,109,403,76
2026-09-29T16:07:14.192628+00:00,1903900012716,13.74,Bueno,15.19,Bueno,interpolacion_delaunay,0,78,3,14,8
2026-09-29T16:07:14.192628+00:00,1903900012735,14.04,Bueno,15.55,Bueno,interpolacion_delaunay,0,0,0,0,0
2026-09-29T16:07:14.192628+00:00,1903900012769,12.14,Bueno,15.43,Bueno,interpolacion_delaunay,0,279,15,54,0
2026-09-29T16:07:14.192628+00:00,1903900012773,11.08,Bueno,11.65,Bueno,interpolacion_delaunay,0,0,0,0,0
2026-09-29T16:07:14.192628+00:00,1903900014040,36.23,Mala,41.83,Bueno,interpolacion_delaunay,0,3042,337,450,116
2026-09-29T16:07:14.192628+00:00,1903900014178,12.57,Bueno,13.87,Bueno,interpolacion_delaunay,0,4610,493,538,196
2026-09-29T16:07:14.192628+00:00,1903900010156,32.21,Aceptable,37.08,Bueno,interpolacion_delaunay,0,2930,146,830,151
2026-09-29T16:07:14.192628+00:00,1903900010264,27.5,Aceptable,31.52,Bueno,interpolacion_delaunay,0,4282,326,814,272
2026-09-29T16:07:14.192628+00:00,1903900010283,27.92,Aceptable,32.01,Bueno,interpolacion_delaunay,0,2911,218,619,83
2026-09-29T16:07:14.192628+00:00,1903900010315,25.39,Aceptable,29.01,Bueno,interpolacion_delaunay,0,3515,316,654,216
2026-09-29T16:07:14.192628+00:00,190390001032A,27.1,Aceptable,31.02,Bueno,interpolacion_delaunay,0,4173,426,573,279
2026-09-29T16:07:14.192628+00:00,1903900010349,21.98,Aceptable,24.97,Bueno,interpolacion_delaunay,0,2637,166,677,132
2026-09-29T16:07:14.192628+00:00,1903900010391,24.53,Aceptable,28.0,Bueno,interpolacion_delaunay,0,3850,295,727,205
2026-09-29T16:07:14.192628+00:00,1903900010438,20.97,Aceptable,23.76,Bueno,interpolacion_delaunay,0,3338,313,521,73
2026-09-29T16:07:14.192628+00:00,1903900010442,21.36,Aceptable,24.1,Bueno,interpolacion_delaunay,0,2676,239,533,136
2026-09-29T16:07:14.192628+00:00,1903900010457,20.5,Aceptable,23.26,Bueno,interpolacion_delaunay,0,3408,175,1149,225
2026-09-29T16:07:14.192628+00:00,1903900010480,20.5,Aceptable,23.24,Bueno,interpolacion_delaunay,0,1388,64,440,114
2026-09-29T16:07:14.192628+00:00,1903900010512,20.36,Aceptable,22.85,Bueno,interpolacion_delaunay,0,2980,202,741,168
2026-09-29T16:07:14.192628+00:00,1903900010546,20.73,Aceptable,23.2,Bueno,interpolacion_delaunay,0,2660,141,683,117
2026-09-29T16:07:14.192628+00:00,1903900010550,20.97,Aceptable,23.51,Bueno,interpolacion_delaunay,0,2279,182,478,160
2026-09-29T16:07:14.192628+00:00,1903900010565,21.2,Aceptable,23.83,Bueno,interpolacion_delaunay,0,2608,254,432,94
2026-09-29T16:07:14.192628+00:00,190390001057A,21.44,Aceptable,23.84,Bueno,interpolacion_delaunay,0,1514,131,335,33
2026-09-29T16:07:14.192628+00:00,1903900010599,16.97,Aceptable,18.85,Bueno,interpolacion_delaunay,0,2808,125,1047,137
2026-09-29T16:07:14.192628+00:00,1903900010601,19.81,Aceptable,22.71,Bueno,interpolacion_delaunay,0,5314,412,1126,426
2026-09-29T16:07:14.192628+00:00,1903900010620,20.46,Aceptable,22.52,Bueno,interpolacion_delaunay,0,2515,85,744,131
2026-09-29T16:07:14.192628+00:00,190390001064A,20.85,Aceptable,23.04,Bueno,interpolacion_delaunay,0,2719,125,702,154
2026-09-29T16:07:14.192628+00:00,1903900010654,21.1,Aceptable,23.42,Bueno,interpolacion_delaunay,0,2609,119,783,144
2026-09-29T16:07:14.192628+00:00,1903900010705,10.91,Bueno,11.46,Bueno,interpolacion_delaunay,0,1996,93,661,76
2026-09-29T16:07:14.192628+00:00,1903900010739,20.88,Aceptable,22.81,Bueno,interpolacion_delaunay,0,1701,60,561,127
2026-09-29T16:07:14.192628+00:00,1903900010743,21.1,Aceptable,23.03,Bueno,interpolacion_delaunay,0,1991,112,552,108
2026-09-29T16:07:14.192628+00:00,1903900010758,21.26,Aceptable,23.22,Bueno,interpolacion_delaunay,0,1207,67,324,54
2026-09-29T16:07:14.192628+00:00,1903900010796,26.7,Aceptable,31.57,Bueno,interpolacion_delaunay,0,0,0,0,0
2026-09-29T16:07:14.192628+00:00,1903900010828,28.16,Aceptable,34.02,Bueno,interpolacion_delaunay,0,1085,46,363,57
2026-09-29T16:07:14.192628+00:00,1903900010866,18.7,Aceptable,21.23,Bueno,interpolacion_delaunay,0,1678,49,570,85
2026-09-29T16:07:14.192628+00:00,1903900010870,22.51,Aceptable,26.33,Bueno,interpolacion_delaunay,0,3879,268,842,254
2026-09-29T16:07:14.192628+00:00,1903900010885,22.76,Aceptable,26.14,Bueno,interpolacion_delaunay,0,1668,63,493,70
2026-09-29T16:07:14.192628+00:00,1903900010940,23.96,Aceptable,26.82,Bueno,interpolacion_delaunay,0,3419,259,605,213
2026-09-29T16:07:14.192628+00:00,1903900011046,29.09,Aceptable,35.68,Bueno,interpolacion_delaunay,0,1800,151,355,99
2026-09-29T16:07:14.192628+00:00,1903900011135,23.2,Aceptable,26.36,Bueno,interpolacion_delaunay,0,1752,62,519,67
2026-09-29T16:07:14.192628+00:00,190390001114A,23.5,Aceptable,28.2,Bueno,promedio_sensores,1,1380,53,428,34
2026-09-29T16:07:14.192628+00:00,1903900011154,20.49,Aceptable,23.24,Bueno,interpolacion_delaunay,0,1623,62,444,64
2026-09-29T16:07:14.192628+00:00,1903900011169,19.2,Aceptable,20.95,Bueno,promedio_sensores,2,2880,73,732,160
2026-09-29T16:07:14.192628+00:00,1903900011192,17.67,Aceptable,18.89,Bueno,interpolacion_delaunay,0,2657,175,674,141
2026-09-29T16:07:14.192628+00:00,1903900011205,16.56,Aceptable,17.75,Bueno,interpolacion_delaunay,0,122,13,22,0
2026-09-29T16:07:14.192628+00:00,1903900011243,16.2,Aceptable,18.7,Bueno,interpolacion_delaunay,0,475,45,76,44
2026-09-29T16:07:14.192628+00:00,1903900011258,20.83,Aceptable,24.74,Bueno,interpolacion_delaunay,0,1048,106,166,35
2026-09-29T16:07:14.192628+00:00,1903900011262,30.19,Aceptable,36.39,Bueno,interpolacion_delaunay,0,1756,114,447,140
2026-09-29T16:07:14.192628+00:00,1903900011277,27.5,Aceptable,33.54,Bueno,interpolacion_delaunay,0,2024,136,529,164
2026-09-29T16:07:14.192628+00:00,1903900011309,35.1,Mala,43.8,Bueno,promedio_sensores,1,1761,123,433,90
2026-09-29T16:07:14.192628+00:00,1903900011351,12.72,Bueno,13.6,Bueno,interpolacion_delaunay,0,2734,167,651,175
2026-09-29T16:07:14.192628+00:00,1903900011366,13.11,Bueno,14.02,Bueno,interpolacion_delaunay,0,0,0,0,0
2026-09-29T16:07:14.192628+00:00,1903900011421,23.6,Aceptable,26.8,Bueno,promedio_sensores,1,3327,204,738,54
2026-09-29T16:07:14.192628+00:00,1903900011436,23.24,Aceptable,26.81,Bueno,interpolacion_delaunay,0,1869,83,431,69
2026-09-29T16:07:14.192628+00:00,1903900011440,22.18,Aceptable,25.09,Bueno,interpolacion_delaunay,0,1644,76,453,82
2026-09-29T16:07:14.192628+00:00,1903900011455,18.15,Aceptable,20.84,Bueno,interpolacion_delaunay,0,1330,38,379,65
2026-09-29T16:07:14.192628+00:00,1903900011578,10.85,Bueno,11.56,Bueno,interpolacion_delaunay,0,1668,78,469,55
2026-09-29T16:07:14.192628+00:00,1903900011582,12.3,Bueno,12.9,Bueno,promedio_sensores,1,1943,98,485,98
2026-09-29T16:07:14.192628+00:00,190390001160A,14.36,Bueno,15.95,Bueno,interpolacion_delaunay,0,1878,106,479,110
2026-09-29T16:07:14.192628+00:00,1903900011614,14.54,Bueno,16.17,Bueno,interpolacion_delaunay,0,2516,127,727,95
2026-09-29T16:07:14.192628+00:00,1903900011633,14.24,Bueno,16.94,Bueno,interpolacion_delaunay,0,810,34,225,59
2026-09-29T16:07:14.192628+00:00,1903900011703,9.31,Bueno,10.05,Bueno,interpolacion_delaunay,0,3184,63,372,52
2026-09-29T16:07:14.192628+00:00,1903900011722,11.55,Bueno,12.27,Bueno,interpolacion_delaunay,0,511,20,136,16
2026-09-29T16:07:14.192628+00:00,1903900011737,9.89,Bueno,10.55,Bueno,interpolacion_delaunay,0,377,25,76,21
2026-09-29T16:07:14.192628+00:00,1903900011741,10.5,Bueno,11.33,Bueno,interpolacion_delaunay,0,179,8,28,10
2026-09-29T16:07:14.192628+00:00,1903900011756,10.32,Bueno,11.26,Bueno,interpolacion_delaunay,0,191,3,61,18
2026-09-29T16:07:14.192628+00:00,1903900011794,13.65,Bueno,15.01,Bueno,interpolacion_delaunay,0,2555,160,623,167
2026-09-29T16:07:14.192628+00:00,1903900011845,5.6,Bueno,5.8,Bueno,promedio_sensores,1,2750,133,527,66
2026-09-29T16:07:14.192628+00:00,190390001185A,11.29,Bueno,11.72,Bueno,interpolacion_delaunay,0,2718,189,497,75
2026-09-29T16:07:14.192628+00:00,1903900011879,12.15,Bueno,12.79,Bueno,interpolacion_delaunay,0,2302,190,467,160
2026-09-29T16:07:14.192628+00:00,1903900011883,12.14,Bueno,12.87,Bueno,interpolacion_delaunay,0,2653,217,567,162
2026-09-29T16:07:14.192628+00:00,1903900011898,12.67,Bueno,13.48,Bueno,interpolacion_delaunay,0,2466,163,572,128
2026-09-29T16:07:14.192628+00:00,1903900011900,11.7,Bueno,12.63,Bueno,interpolacion_delaunay,0,1274,99,333,108
2026-09-29T16:07:14.192628+00:00,1903900012167,30.64,Aceptable,40.22,Bueno,interpolacion_delaunay,0,2883,124,813,123
2026-09-29T16:07:14.192628+00:00,1903900012190,17.09,Aceptable,21.81,Bueno,interpolacion_delaunay,0,1182,41,455,89
2026-09-29T16:07:14.192628+00:00,1903900012218,6.27,Bueno,6.79,Bueno,interpolacion_delaunay,0,1788,87,512,71
2026-09-29T16:07:14.192628+00:00,1903900012241,7.03,Bueno,7.44,Bueno,interpolacion_delaunay,0,1136,46,404,79
2026-09-29T16:07:14.192628+00:00,1903900012275,8.9,Bueno,9.42,Bueno,interpolacion_delaunay,0,3740,200,896,144
2026-09-29T16:07:14.192628+00:00,1903900012472,12.1,Bueno,14.4,Bueno,promedio_sensores,1,4662,342,773,243
2026-09-29T16:07:14.192628+00:00,190390001267A,24.21,Aceptable,27.3,Bueno,interpolacion_delaunay,0,3909,249,1025,191
2026-09-29T16:07:14.192628+00:00,1903900012684,26.21,Aceptable,29.42,Bueno,interpolacion_delaunay,0,2186,73,687,43
2026-09-29T16:07:14.192628+00:00,1903900012720,14.5,Bueno,16.4,Bueno,promedio_sensores,1,970,52,170,37
2026-09-29T16:07:14.192628+00:00,190390001274A,13.05,Bueno,14.61,Bueno,interpolacion_delaunay,0,10,0,0,0
2026-09-29T16:07:14.192628+00:00,1903900012754,14.19,Bueno,15.81,Bueno,interpolacion_delaunay,0,3205,214,714,184
2026-09-29T16:07:14.192628+00:00,1903900012788,10.84,Bueno,11.75,Bueno,interpolacion_delaunay,0,0,0,0,0
2026-09-29T16:07:14.192628+00:00,190390001281A,7.4,Bueno,7.9,Bueno,promedio_sensores,1,327,0,0,0
2026-09-29T16:07:14.192628+00:00,1903900012877,2.77,Bueno,2.94,Bueno,interpolacion_delaunay,0,0,0,0,0
2026-09-29T16:07:14.192628+00:00,1903900013451,26.6,Aceptable,30.44,Bueno,interpolacion_delaunay,0,4308,421,672,304
2026-09-29T16:07:14.192628+00:00,1903900013555,30.52,Aceptable,34.68,Bueno,interpolacion_delaunay,0,4663,290,902,166
2026-09-29T16:07:14.192628+00:00,1903900013593,18.99,Aceptable,20.79,Bueno,interpolacion_delaunay,0,2322,237,355,231
2026-09-29T16:07:14.192628+00:00,1903900013606,17.31,Aceptable,18.62,Bueno,interpolacion_delaunay,0,2907,266,482,206
2026-09-29T16:07:14.192628+00:00,1903900013610,15.25,Aceptable,16.91,Bueno,interpolacion_delaunay,0,2513,260,368,178
2026-09-29T16:07:14.192628+00:00,1903900013659,12.86,Bueno,14.92,Bueno,interpolacion_delaunay,0,1885,176,371,95
2026-09-29T16:07:14.192628+00:00,190390001406A,29.84,Aceptable,34.27,Bueno,interpolacion_delaunay,0,4196,447,516,257
2026-09-29T16:07:14.192628+00:00,1903900014093,27.19,Aceptable,31.15,Bueno,interpolacion_delaunay,0,3096,303,444,145
2026-09-29T16:07:14.192628+00:00,1903900014144,9.78,Bueno,13.35,Bueno,interpolacion_delaunay,0,883,38,360,125
2026-09-29T16:07:14.192628+00:00,1903900014159,1.6,Bueno,2.3,Bueno,promedio_sensores,1,620,20,142,55
2026-09-29T16:07:14.192628+00:00,1903900014500,25.49,Aceptable,29.14,Bueno,interpolacion_delaunay,0,3056,353,283,111
2026-09-29T16:07:14.192628+00:00,1903900014515,22.4,Aceptable,25.5,Bueno,interpolacion_delaunay,0,3391,252,688,180
2026-09-29T16:07:14.192628+00:00,1903900014549,22.12,Aceptable,25.15,Bueno,interpolacion_delaunay,0,4319,365,785,218
2026-09-29T16:07:14.192628+00:00,1903900014553,22.54,Aceptable,25.64,Bueno,interpolacion_delaunay,0,3885,315,748,307
2026-09-29T16:07:14.192628+00:00,1903900014619,1.84,Bueno,1.96,Bueno,interpolacion_delaunay,0,2679,137,355,34
2026-09-29T16:07:14.192628+00:00,1903900014623,12.6,Bueno,13.1,Bueno,promedio_sensores,1,1853,99,476,133
2026-09-29T16:07:14.192628+00:00,1903900014731,14.89,Bueno,16.55,Bueno,interpolacion_delaunay,0,2772,164,687,112
2026-09-29T16:07:14.192628+00:00,1903900014905,15.05,Aceptable,15.57,Bueno,interpolacion_delaunay,0,2280,182,284,44
2026-09-29T16:07:14.192628+00:00,190390001491A,15.02,Aceptable,16.09,Bueno,interpolacion_delaunay,0,897,47,73,0
2026-09-29T16:07:14.192628+00:00,1903900014924,22.5,Aceptable,22.7,Bueno,promedio_sensores,1,2425,136,485,38
2026-09-29T16:07:14.192628+00:00,1903900014939,22.93,Aceptable,24.82,Bueno,interpolacion_delaunay,0,1974,92,485,50
2026-09-29T16:07:14.192628+00:00,1903900015142,25.27,Aceptable,26.95,Bueno,interpolacion_delaunay,0,2839,330,193,45
2026-09-29T16:07:14.192628+00:00,1903900011385,12.92,Bueno,14.06,Bueno,interpolacion_delaunay,0,1585,87,442,107
2026-09-29T16:07:14.192628+00:00,1903900012805,10.2,Bueno,11.46,Bueno,interpolacion_delaunay,0,3258,186,362,30
2026-09-29T16:07:14.192628+00:00,1903900011826,23.97,Aceptable,25.79,Bueno,interpolacion_delaunay,0,1966,181,300,39
2026-09-29T16:07:14.192628+00:00,1903900012468,9.11,Bueno,9.97,Bueno,interpolacion_delaunay,0,3979,370,451,75
2026-09-29T16:07:14.192628+00:00,1903900012133,12.85,Bueno,14.42,Bueno,interpolacion_delaunay,0,3643,409,514,130
2026-09-29T16:07:14.192628+00:00,1903900014182,22.21,Aceptable,27.8,Bueno,interpolacion_delaunay,0,2164,180,491,80
2026-09-29T16:07:14.192628+00:00,1903900012152,31.32,Aceptable,41.08,Bueno,interpolacion_delaunay,0,2360,140,519,93
2026-09-29T16:07:14.192628+00:00,1903900012082,30.22,Aceptable,39.2,Bueno,interpolacion_delaunay,0,2402,95,700,143
2026-09-29T16:07:14.192628+00:00,1903900013663,27.53,Aceptable,35.58,Bueno,interpolacion_delaunay,0,4832,422,675,278
2026-09-29T16:07:14.192628+00:00,1903900013714,6.37,Bueno,6.72,Bueno,interpolacion_delaunay,0,4743,468,751,239
2026-09-29T16:07:14.192628+00:00,1903900012858,7.03,Bueno,7.41,Bueno,interpolacion_delaunay,0,0,0,0,0
2026-09-29T16:07:14.192628+00:00,1903900012839,6.04,Bueno,6.42,Bueno,interpolacion_delaunay,0,426,30,39,0
2026-09-29T16:07:14.192628+00:00,1903900012843,10.8,Bueno,11.4,Bueno,promedio_sensores,1,3288,154,618,59
2026-09-29T16:07:14.192628+00:00,1903900012862,4.35,Bueno,4.63,Bueno,interpolacion_delaunay,0,0,0,0,0
2026-09-29T16:07:14.192628+00:00,1903900013733,4.66,Bueno,4.91,Bueno,interpolacion_delaunay,0,1895,90,465,59
2026-09-29T16:07:14.192628+00:00,1903900012294,9.6,Bueno,10.1,Bueno,interpolacion_delaunay,0,3104,120,1010,138
2026-09-29T16:07:14.192628+00:00,190390001228A,10.47,Bueno,11.05,Bueno,interpolacion_delaunay,0,2430,94,799,56
2026-09-29T16:07:14.192628+00:00,1903900010423,23.01,Aceptable,26.19,Bueno,interpolacion_delaunay,0,3542,305,682,134
2026-09-29T16:07:14.192628+00:00,1903900010334,24.7,Aceptable,28.19,Bueno,interpolacion_delaunay,0,878,76,200,70
2026-09-29T16:07:14.192628+00:00,1903900010071,35.51,Mala,40.98,Bueno,interpolacion_delaunay,0,2520,129,682,146
2026-09-29T16:07:14.192628+00:00,1903900014869,1.85,Bueno,2.04,Bueno,interpolacion_delaunay,0,4404,353,307,53
2026-09-29T16:07:14.192628+00:00,1903900013748,4.14,Bueno,4.42,Bueno,interpolacion_delaunay,0,3552,225,627,97
2026-09-29T16:07:14.192628+00:00,1903900011050,21.12,Aceptable,24.95,Bueno,interpolacion_delaunay,0,1589,135,342,104
2026-09-29T16:07:14.192628+00:00,1903900011116,13.95,Bueno,15.14,Bueno,interpolacion_delaunay,0,0,0,0,0
2026-09-29T16:07:14.192628+00:00,1903900010809,27.48,Aceptable,32.89,Bueno,interpolacion_delaunay,0,59,3,14,3
2026-09-29T16:07:14.192628+00:00,1903900010989,29.78,Aceptable,35.94,Bueno,interpolacion_delaunay,0,6061,564,591,133
2026-09-29T16:07:14.192628+00:00,1903900010851,19.78,Aceptable,23.12,Bueno,interpolacion_delaunay,0,1601,105,413,68
2026-09-29T16:07:14.192628+00:00,1903900013413,36.92,Mala,42.44,Bueno,interpolacion_delaunay,0,7251,522,1316,316
2026-09-29T16:07:14.192628+00:00,1903900010033,44.81,Mala,51.72,Aceptable,interpolacion_delaunay,0,3321,285,588,124
2026-09-29T16:07:14.192628+00:00,1903900010137,38.27,Mala,43.84,Bueno,interpolacion_delaunay,0,4478,279,1202,320
2026-09-29T16:07:14.192628+00:00,1903900010141,30.07,Aceptable,34.56,Bueno,interpolacion_delaunay,0,4273,225,965,185
2026-09-29T16:07:14.192628+00:00,1903900010762,23.59,Aceptable,26.52,Bueno,interpolacion_delaunay,0,1600,114,337,68
2026-09-29T16:07:14.192628+00:00,1903900014106,25.02,Aceptable,28.59,Bueno,interpolacion_delaunay,0,4189,248,1019,177
2026-09-29T16:07:14.192628+00:00,1903900014110,21.02,Aceptable,23.86,Bueno,interpolacion_delaunay,0,2699,161,643,225
2026-09-29T16:07:14.192628+00:00,1903900010921,23.0,Aceptable,25.38,Bueno,interpolacion_delaunay,0,2388,213,393,106
2026-09-29T16:07:14.192628+00:00,1903900010669,21.54,Aceptable,23.55,Bueno,interpolacion_delaunay,0,2152,159,463,119
2026-09-29T16:07:14.192628+00:00,1903900010067,37.52,Mala,43.37,Bueno,interpolacion_delaunay,0,2799,155,819,158
2026-09-29T16:07:14.192628+00:00,1903900010688,24.0,Aceptable,27.56,Bueno,interpolacion_delaunay,0,2838,195,394,149
2026-09-29T16:07:14.192628+00:00,1903900010584,21.94,Aceptable,24.69,Bueno,interpolacion_delaunay,0,3226,273,587,141
2026-09-29T16:07:14.192628+00:00,1903900011417,23.25,Aceptable,25.21,Bueno,interpolacion_delaunay,0,3077,152,970,79
2026-09-29T16:07:14.192628+00:00,1903900013837,23.77,Aceptable,25.63,Bueno,interpolacion_delaunay,0,3561,193,908,77
2026-09-29T16:07:14.192628+00:00,1903900013930,36.59,Mala,42.24,Bueno,interpolacion_delaunay,0,1431,202,111,73
2026-09-29T16:07:14.192628+00:00,1903900014055,32.61,Aceptable,37.55,Bueno,interpolacion_delaunay,0,4222,525,372,136
2026-09-29T16:07:14.192628+00:00,190390001420A,19.83,Aceptable,24.84,Bueno,interpolacion_delaunay,0,3029,320,382,97
2026-09-29T16:07:14.192628+00:00,1903900014197,21.93,Aceptable,27.66,Bueno,interpolacion_delaunay,0,2456,248,321,138
2026-09-29T16:07:14.192628+00:00,1903900010974,27.69,Aceptable,32.69,Bueno,interpolacion_delaunay,0,781,39,192,50
2026-09-29T16:07:14.192628+00:00,1903900011084,13.42,Bueno,14.58,Bueno,interpolacion_delaunay,0,1782,162,338,82
2026-09-29T16:07:14.192628+00:00,1903900010847,28.65,Aceptable,34.92,Bueno,interpolacion_delaunay,0,1023,82,199,53
2026-09-29T16:07:14.192628+00:00,1903900010993,31.44,Aceptable,38.64,Bueno,interpolacion_delaunay,0,1086,95,211,53
2026-09-29T16:07:14.192628+00:00,1903900010372,23.25,Aceptable,26.5,Bueno,interpolacion_delaunay,0,2524,139,785,102
2026-09-29T16:07:14.192628+00:00,1903900011031,27.18,Aceptable,33.1,Bueno,interpolacion_delaunay,0,1190,84,257,58
2026-09-29T16:07:14.192628+00:00,1903900010902,21.78,Aceptable,23.91,Bueno,interpolacion_delaunay,0,3066,119,898,183
2026-09-29T16:07:14.192628+00:00,1903900010777,24.89,Aceptable,28.58,Bueno,interpolacion_delaunay,0,1329,106,264,76
2026-09-29T16:07:14.192628+00:00,1903900010781,26.0,Aceptable,30.32,Bueno,interpolacion_delaunay,0,242,8,54,15
2026-09-29T16:07:14.192628+00:00,1903900014572,33.61,Mala,41.56,Bueno,interpolacion_delaunay,0,1442,81,389,93
2026-09-29T16:07:14.192628+00:00,1903900014676,19.96,Aceptable,22.29,Bueno,interpolacion_delaunay,0,2120,102,506,104
2026-09-29T16:07:14.192628+00:00,190390001025A,28.65,Aceptable,32.88,Bueno,interpolacion_delaunay,0,3942,258,986,278
2026-09-29T16:07:14.192628+00:00,1903900010495,20.01,Aceptable,22.51,Bueno,interpolacion_delaunay,0,1812,109,420,98
2026-09-29T16:07:14.192628+00:00,1903900010917,21.8,Aceptable,23.4,Bueno,promedio_sensores,1,2843,155,698,133
2026-09-29T16:07:14.192628+00:00,1903900010955,25.22,Aceptable,28.88,Bueno,interpolacion_delaunay,0,288,25,64,22
2026-09-29T16:07:14.192628+00:00,1903900013697,7.83,Bueno,8.27,Bueno,interpolacion_delaunay,0,1977,183,341,77
2026-09-29T16:07:14.192628+00:00,1903900013860,33.35,Mala,38.42,Bueno,interpolacion_delaunay,0,3174,344,383,184
2026-09-29T16:07:14.192628+00:00,1903900015439,11.32,Bueno,11.95,Bueno,interpolacion_delaunay,0,627,97,12,5
2026-09-29T16:07:14.192628+00:00,1903900011027,32.52,Aceptable,40.25,Bueno,interpolacion_delaunay,0,509,36,115,25
2026-09-29T16:07:14.192628+00:00,1903900013998,46.53,Mala,53.98,Aceptable,interpolacion_delaunay,0,5766,706,558,248
2026-09-29T16:07:14.192628+00:00,190390001477A,17.59,Aceptable,17.86,Bueno,interpolacion_delaunay,0,550,33,68,4
2026-09-29T16:07:14.192628+00:00,1903900014002,44.15,Mala,51.18,Aceptable,interpolacion_delaunay,0,5494,669,668,240
2026-09-29T16:07:14.192628+00:00,1903900014873,0.71,Bueno,0.8,Bueno,interpolacion_delaunay,0,2383,154,261,52
2026-09-29T16:07:14.192628+00:00,1903900011008,32.39,Aceptable,39.78,Bueno,interpolacion_delaunay,0,1877,145,377,135
2026-09-29T16:07:14.192628+00:00,1903900011313,31.15,Aceptable,38.47,Bueno,interpolacion_delaunay,0,5055,336,882,185
2026-09-29T16:07:14.192628+00:00,190390001139A,11.93,Bueno,12.74,Bueno,interpolacion_delaunay,0,1079,59,290,49
2026-09-29T16:07:14.192628+00:00,1903900011402,12.94,Bueno,13.85,Bueno,interpolacion_delaunay,0,681,31,196,23
2026-09-29T16:07:14.192628+00:00,1903900012519,47.9,Mala,55.58,Aceptable,interpolacion_delaunay,0,5642,661,498,241
2026-09-29T16:07:14.192628+00:00,1903900013822,24.01,Aceptable,25.0,Bueno,interpolacion_delaunay,0,6050,361,890,140
2026-09-29T16:07:14.192628+00:00,1903900013964,25.59,Aceptable,26.63,Bueno,interpolacion_delaunay,0,728,55,70,19
2026-09-29T16:07:14.192628+00:00,1903900014125,19.56,Aceptable,22.05,Bueno,interpolacion_delaunay,0,1881,174,361,63
2026-09-29T16:07:14.192628+00:00,190390001452A,30.17,Aceptable,34.52,Bueno,interpolacion_delaunay,0,2471,240,363,186
2026-09-29T16:07:14.192628+00:00,190390001413A,19.63,Aceptable,22.02,Bueno,interpolacion_delaunay,0,2082,180,339,126
2026-09-29T16:07:14.192628+00:00,1903900010461,19.1,Aceptable,21.6,Bueno,promedio_sensores,1,3422,173,1112,139
2026-09-29T16:07:14.192628+00:00,1903900014534,25.77,Aceptable,29.39,Bueno,interpolacion_delaunay,0,1267,111,229,29
2026-09-29T16:07:14.192628+00:00,1903900013767,3.89,Bueno,4.09,Bueno,interpolacion_delaunay,0,2308,117,605,127
2026-09-29T16:07:14.192628+00:00,1903900012345,2.7,Bueno,2.84,Bueno,interpolacion_delaunay,0,2632,98,737,80
2026-09-29T16:07:14.192628+00:00,1903900012364,0.0,Bueno,0.0,Bueno,promedio_sensores,1,2327,116,787,61
2026-09-29T16:07:14.192628+00:00,1903900011629,13.4,Bueno,19.0,Bueno,promedio_sensores,1,2881,196,402,58
2026-09-29T16:07:14.192628+00:00,1903900013396,37.3,Mala,43.1,Bueno,interpolacion_delaunay,0,4014,389,664,275
2026-09-29T16:07:14.192628+00:00,1903900010245,24.78,Aceptable,28.21,Bueno,interpolacion_delaunay,0,2709,131,764,208
2026-09-29T16:07:14.192628+00:00,1903900015284,14.45,Bueno,15.32,Bueno,interpolacion_delaunay,0,513,29,60,13
2026-09-29T16:07:14.192628+00:00,1903900010118,35.51,Mala,40.97,Bueno,interpolacion_delaunay,0,4580,383,955,302
2026-09-29T16:07:14.192628+00:00,1903900010052,39.48,Mala,45.67,Aceptable,interpolacion_delaunay,0,3869,304,717,323
2026-09-29T16:07:14.192628+00:00,1903900015123,41.6,Mala,48.18,Aceptable,interpolacion_delaunay,0,68,3,4,3
2026-09-29T16:07:14.192628+00:00,1903900014036,38.76,Mala,44.82,Bueno,interpolacion_delaunay,0,4679,569,514,263
2026-09-29T16:07:14.192628+00:00,1903900010508,20.27,Aceptable,22.97,Bueno,interpolacion_delaunay,0,3451,202,579,150
2026-09-29T16:07:14.192628+00:00,1903900010527,20.32,Aceptable,22.97,Bueno,interpolacion_delaunay,0,1779,95,454,127
2026-09-29T16:07:14.192628+00:00,1903900013729,5.99,Bueno,6.4,Bueno,interpolacion_delaunay,0,3410,392,357,136
2026-09-29T16:07:14.192628+00:00,190390001370A,7.35,Bueno,7.82,Bueno,interpolacion_delaunay,0,4006,357,563,228
2026-09-29T16:07:14.192628+00:00,1904600010362,15.86,Aceptable,17.35,Bueno,interpolacion_delaunay,0,5505,271,1291,301
2026-09-29T16:07:14.192628+00:00,1904600011483,33.81,Mala,36.71,Bueno,interpolacion_delaunay,0,2026,111,597,94
2026-09-29T16:07:14.192628+00:00,1904600011638,18.54,Aceptable,20.35,Bueno,interpolacion_delaunay,0,4053,248,498,114
2026-09-29T16:07:14.192628+00:00,1904600010998,20.14,Aceptable,21.69,Bueno,interpolacion_delaunay,0,5855,449,1099,257
2026-09-29T16:07:14.192628+00:00,1904600011676,26.44,Aceptable,31.79,Bueno,interpolacion_delaunay,0,362,30,69,27
2026-09-29T16:07:14.192628+00:00,1904600010216,21.5,Aceptable,24.4,Bueno,promedio_sensores,1,2042,50,546,50
2026-09-29T16:07:14.192628+00:00,1904600010536,22.24,Aceptable,23.34,Bueno,interpolacion_delaunay,0,4997,504,603,104
2026-09-29T16:07:14.192628+00:00,1904600011708,20.69,Aceptable,22.1,Bueno,interpolacion_delaunay,0,1763,89,284,44
2026-09-29T16:07:14.192628+00:00,190460001070A,22.29,Aceptable,24.05,Bueno,interpolacion_delaunay,0,1273,69,137,48
2026-09-29T16:07:14.192628+00:00,1904600011375,19.3,Aceptable,21.06,Bueno,interpolacion_delaunay,0,5964,475,946,326
2026-09-29T16:07:14.192628+00:00,1904600011286,16.32,Aceptable,17.82,Bueno,interpolacion_delaunay,0,2603,117,839,196
2026-09-29T16:07:14.192628+00:00,1904600011623,19.22,Aceptable,21.0,Bueno,interpolacion_delaunay,0,4225,248,423,136
2026-09-29T16:07:14.192628+00:00,1904600010786,20.04,Aceptable,21.61,Bueno,interpolacion_delaunay,0,4690,309,1009,269
2026-09-29T16:07:14.192628+00:00,190460001024A,22.18,Aceptable,26.0,Bueno,interpolacion_delaunay,0,2748,75,850,176
2026-09-29T16:07:14.192628+00:00,1904600010875,20.29,Aceptable,21.81,Bueno,interpolacion_delaunay,0,3785,202,993,129
2026-09-29T16:07:14.192628+00:00,1904600010324,14.57,Bueno,16.06,Bueno,interpolacion_delaunay,0,2214,97,651,92
2026-09-29T16:07:14.192628+00:00,1904600011233,16.21,Aceptable,17.98,Bueno,interpolacion_delaunay,0,3010,241,577,204
2026-09-29T16:07:14.192628+00:00,1904600010131,20.87,Aceptable,23.52,Bueno,interpolacion_delaunay,0,4113,160,1393,177
2026-09-29T16:07:14.192628+00:00,1904600010184,20.58,Aceptable,23.27,Bueno,interpolacion_delaunay,0,3438,93,1132,126
2026-09-29T16:07:14.192628+00:00,1904600010235,21.35,Aceptable,24.66,Bueno,interpolacion_delaunay,0,2765,104,711,111
2026-09-29T16:07:14.192628+00:00,1904600010466,22.12,Aceptable,24.88,Bueno,interpolacion_delaunay,0,2212,113,500,58
2026-09-29T16:07:14.192628+00:00,190460001049A,21.77,Aceptable,24.59,Bueno,interpolacion_delaunay,0,2827,123,674,44
2026-09-29T16:07:14.192628+00:00,1904600011407,22.14,Aceptable,23.18,Bueno,interpolacion_delaunay,0,3464,317,610,173
2026-09-29T16:07:14.192628+00:00,1904600011642,19.12,Aceptable,21.66,Bueno,interpolacion_delaunay,0,2601,116,623,113
2026-09-29T16:07:14.192628+00:00,1904600011731,22.02,Aceptable,23.46,Bueno,interpolacion_delaunay,0,3017,207,561,120
2026-09-29T16:07:14.192628+00:00,1904600010108,18.88,Aceptable,21.28,Bueno,interpolacion_delaunay,0,2483,125,582,112
2026-09-29T16:07:14.192628+00:00,1904600010127,19.42,Aceptable,21.15,Bueno,interpolacion_delaunay,0,4270,186,1281,297
2026-09-29T16:07:14.192628+00:00,1904600010292,24.76,Aceptable,29.33,Bueno,interpolacion_delaunay,0,0,0,0,0
2026-09-29T16:07:14.192628+00:00,1904600010714,17.52,Aceptable,19.41,Bueno,interpolacion_delaunay,0,3666,266,947,309
2026-09-29T16:07:14.192628+00:00,1904600010860,21.86,Aceptable,22.97,Bueno,interpolacion_delaunay,0,3290,227,721,158
2026-09-29T16:07:14.192628+00:00,1904600011002,21.05,Aceptable,22.37,Bueno,interpolacion_delaunay,0,3262,289,695,194
2026-09-29T16:07:14.192628+00:00,190460001120A,16.17,Aceptable,18.0,Bueno,interpolacion_delaunay,0,3141,265,631,179
2026-09-29T16:07:14.192628+00:00,1904600011341,21.47,Aceptable,22.68,Bueno,interpolacion_delaunay,0,3608,289,555,127
2026-09-29T16:07:14.192628+00:00,1904600011426,19.74,Aceptable,21.39,Bueno,interpolacion_delaunay,0,3335,302,691,164
2026-09-29T16:07:14.192628+00:00,190460001177A,25.04,Aceptable,28.33,Bueno,interpolacion_delaunay,0,2611,224,320,95
2026-09-29T16:07:14.192628+00:00,1904600010042,24.26,Aceptable,26.84,Bueno,interpolacion_delaunay,0,1646,90,422,69
2026-09-29T16:07:14.192628+00:00,1904600010057,23.16,Aceptable,25.7,Bueno,interpolacion_delaunay,0,1216,61,388,100
2026-09-29T16:07:14.192628+00:00,1904600010076,20.19,Aceptable,21.73,Bueno,interpolacion_delaunay,0,3762,199,1053,215
2026-09-29T16:07:14.192628+00:00,1904600010095,20.52,Aceptable,22.96,Bueno,interpolacion_delaunay,0,1199,53,337,85
2026-09-29T16:07:14.192628+00:00,1904600010146,19.05,Aceptable,21.51,Bueno,interpolacion_delaunay,0,2987,160,749,104
2026-09-29T16:07:14.192628+00:00,190460001017A,18.78,Aceptable,20.68,Bueno,interpolacion_delaunay,0,4101,180,1201,211
2026-09-29T16:07:14.192628+00:00,1904600010201,18.07,Aceptable,20.48,Bueno,interpolacion_delaunay,0,3988,173,1242,253
2026-09-29T16:07:14.192628+00:00,1904600010220,22.61,Aceptable,26.09,Bueno,interpolacion_delaunay,0,1869,61,495,59
2026-09-29T16:07:14.192628+00:00,190460001031A,15.03,Aceptable,16.59,Bueno,interpolacion_delaunay,0,2149,134,353,62
2026-09-29T16:07:14.192628+00:00,1904600010343,16.68,Aceptable,18.39,Bueno,interpolacion_delaunay,0,5532,394,1335,345
2026-09-29T16:07:14.192628+00:00,1904600010381,15.08,Aceptable,16.44,Bueno,interpolacion_delaunay,0,3251,164,847,172
2026-09-29T16:07:14.192628+00:00,1904600010413,22.54,Aceptable,25.22,Bueno,interpolacion_delaunay,0,4002,238,499,120
2026-09-29T16:07:14.192628+00:00,1904600010485,23.96,Aceptable,27.24,Bueno,interpolacion_delaunay,0,3150,144,1004,109
2026-09-29T16:07:14.192628+00:00,1904600010540,18.83,Aceptable,20.71,Bueno,interpolacion_delaunay,0,4952,283,1289,225
2026-09-29T16:07:14.192628+00:00,1904600010555,22.17,Aceptable,23.39,Bueno,interpolacion_delaunay,0,0,0,0,0
2026-09-29T16:07:14.192628+00:00,1904600010593,18.64,Aceptable,20.57,Bueno,interpolacion_delaunay,0,5785,417,488,81
2026-09-29T16:07:14.192628+00:00,1904600010610,22.76,Aceptable,24.58,Bueno,interpolacion_delaunay,0,4819,442,219,35
2026-09-29T16:07:14.192628+00:00,1904600010625,20.34,Aceptable,21.83,Bueno,interpolacion_delaunay,0,684,56,110,22
2026-09-29T16:07:14.192628+00:00,1904600010659,18.3,Aceptable,20.32,Bueno,interpolacion_delaunay,0,0,0,0,0
2026-09-29T16:07:14.192628+00:00,1904600010729,17.98,Aceptable,19.9,Bueno,interpolacion_delaunay,0,0,0,0,0
2026-09-29T16:07:14.192628+00:00,1904600010752,17.32,Aceptable,19.04,Bueno,interpolacion_delaunay,0,2043,121,429,51
2026-09-29T16:07:14.192628+00:00,1904600010790,20.98,Aceptable,22.32,Bueno,interpolacion_delaunay,0,0,0,0,0
2026-09-29T16:07:14.192628+00:00,1904600010822,22.25,Aceptable,23.26,Bueno,interpolacion_delaunay,0,1808,142,329,116
2026-09-29T16:07:14.192628+00:00,1904600010841,21.71,Aceptable,22.86,Bueno,interpolacion_delaunay,0,2675,196,623,119
2026-09-29T16:07:14.192628+00:00,1904600010856,21.14,Aceptable,22.43,Bueno,interpolacion_delaunay,0,5049,305,900,195
2026-09-29T16:07:14.192628+00:00,190460001088A,34.46,Mala,37.36,Bueno,interpolacion_delaunay,0,4232,220,1219,162
2026-09-29T16:07:14.192628+00:00,1904600010894,30.18,Aceptable,32.93,Bueno,interpolacion_delaunay,0,2806,182,550,130
2026-09-29T16:07:14.192628+00:00,1904600010907,20.91,Aceptable,22.27,Bueno,interpolacion_delaunay,0,3550,247,722,168
2026-09-29T16:07:14.192628+00:00,1904600010930,21.07,Aceptable,23.65,Bueno,interpolacion_delaunay,0,3021,143,721,82
2026-09-29T16:07:14.192628+00:00,1904600010945,20.42,Aceptable,22.97,Bueno,interpolacion_delaunay,0,3597,162,944,129
2026-09-29T16:07:14.192628+00:00,190460001095A,20.69,Aceptable,22.1,Bueno,interpolacion_delaunay,0,3265,234,654,254
2026-09-29T16:07:14.192628+00:00,1904600010979,17.82,Aceptable,19.96,Bueno,interpolacion_delaunay,0,2747,114,869,151
2026-09-29T16:07:14.192628+00:00,1904600011017,20.15,Aceptable,21.69,Bueno,interpolacion_delaunay,0,4599,402,752,199
2026-09-29T16:07:14.192628+00:00,1904600011021,17.66,Aceptable,19.84,Bueno,interpolacion_delaunay,0,4072,223,1090,178
2026-09-29T16:07:14.192628+00:00,1904600011040,17.17,Aceptable,19.29,Bueno,interpolacion_delaunay,0,3276,150,902,88
2026-09-29T16:07:14.192628+00:00,1904600011055,17.5,Aceptable,19.62,Bueno,interpolacion_delaunay,0,7096,477,1425,285
2026-09-29T16:07:14.192628+00:00,190460001106A,22.42,Aceptable,26.55,Bueno,interpolacion_delaunay,0,1152,61,261,64
2026-09-29T16:07:14.192628+00:00,1904600011074,16.32,Aceptable,18.27,Bueno,interpolacion_delaunay,0,4901,241,744,96
2026-09-29T16:07:14.192628+00:00,1904600011089,17.24,Aceptable,19.28,Bueno,interpolacion_delaunay,0,3306,318,659,199
2026-09-29T16:07:14.192628+00:00,1904600011093,20.13,Aceptable,21.68,Bueno,interpolacion_delaunay,0,3302,217,861,180
2026-09-29T16:07:14.192628+00:00,1904600011106,21.57,Aceptable,22.75,Bueno,interpolacion_delaunay,0,3881,243,712,89
2026-09-29T16:07:14.192628+00:00,1904600011110,22.4,Aceptable,24.16,Bueno,interpolacion_delaunay,0,3018,178,738,133
2026-09-29T16:07:14.192628+00:00,1904600011125,16.43,Aceptable,18.35,Bueno,interpolacion_delaunay,0,3318,323,549,240
2026-09-29T16:07:14.192628+00:00,190460001113A,16.7,Aceptable,18.61,Bueno,interpolacion_delaunay,0,3513,294,662,255
2026-09-29T16:07:14.192628+00:00,1904600011144,16.93,Aceptable,18.82,Bueno,interpolacion_delaunay,0,3223,294,460,148
2026-09-29T16:07:14.192628+00:00,1904600011159,18.58,Aceptable,20.52,Bueno,interpolacion_delaunay,0,4682,317,917,254
2026-09-29T16:07:14.192628+00:00,1904600011163,18.97,Aceptable,20.82,Bueno,interpolacion_delaunay,0,4463,291,849,173
2026-09-29T16:07:14.192628+00:00,1904600011178,19.94,Aceptable,21.54,Bueno,interpolacion_delaunay,0,2288,137,771,142
2026-09-29T16:07:14.192628+00:00,1904600011182,19.56,Aceptable,21.26,Bueno,interpolacion_delaunay,0,2567,158,877,192
2026-09-29T16:07:14.192628+00:00,1904600011197,19.21,Aceptable,21.0,Bueno,interpolacion_delaunay,0,2285,129,707,149
2026-09-29T16:07:14.192628+00:00,1904600011214,15.64,Aceptable,17.39,Bueno,interpolacion_delaunay,0,2395,153,608,159
2026-09-29T16:07:14.192628+00:00,1904600011229,15.66,Aceptable,17.35,Bueno,interpolacion_delaunay,0,3808,341,729,252
2026-09-29T16:07:14.192628+00:00,1904600011248,16.91,Aceptable,18.74,Bueno,interpolacion_delaunay,0,3448,233,731,165
2026-09-29T16:07:14.192628+00:00,1904600011252,15.88,Aceptable,17.46,Bueno,interpolacion_delaunay,0,3638,249,902,255
2026-09-29T16:07:14.192628+00:00,1904600011271,16.79,Aceptable,18.36,Bueno,interpolacion_delaunay,0,3393,200,1049,183
2026-09-29T16:07:14.192628+00:00,1904600011290,19.86,Aceptable,21.48,Bueno,interpolacion_delaunay,0,3613,204,959,164
2026-09-29T16:07:14.192628+00:00,1904600011303,20.42,Aceptable,21.9,Bueno,interpolacion_delaunay,0,4255,296,730,120
2026-09-29T16:07:14.192628+00:00,1904600011318,17.2,Aceptable,19.5,Bueno,promedio_sensores,1,2617,117,712,78
2026-09-29T16:07:14.192628+00:00,1904600011322,17.46,Aceptable,19.69,Bueno,interpolacion_delaunay,0,3209,131,1071,177
2026-09-29T16:07:14.192628+00:00,1904600011356,19.6,Aceptable,21.29,Bueno,interpolacion_delaunay,0,5344,302,754,186
2026-09-29T16:07:14.192628+00:00,190460001138A,21.42,Aceptable,23.31,Bueno,interpolacion_delaunay,0,2330,116,772,143
2026-09-29T16:07:14.192628+00:00,1904600011394,23.41,Aceptable,25.85,Bueno,interpolacion_delaunay,0,2495,152,536,127
2026-09-29T16:07:14.192628+00:00,1904600011430,18.86,Aceptable,20.74,Bueno,interpolacion_delaunay,0,4835,297,977,195
2026-09-29T16:07:14.192628+00:00,1904600011445,18.1,Aceptable,19.89,Bueno,interpolacion_delaunay,0,2396,140,277,35
2026-09-29T16:07:14.192628+00:00,190460001145A,17.55,Aceptable,19.25,Bueno,interpolacion_delaunay,0,4010,242,623,75
2026-09-29T16:07:14.192628+00:00,1904600011464,21.29,Aceptable,23.82,Bueno,interpolacion_delaunay,0,3269,192,527,50
2026-09-29T16:07:14.192628+00:00,1904600011479,26.53,Aceptable,29.2,Bueno,interpolacion_delaunay,0,2267,102,540,81
2026-09-29T16:07:14.192628+00:00,1904600011500,21.61,Aceptable,22.79,Bueno,interpolacion_delaunay,0,4575,375,784,254
2026-09-29T16:07:14.192628+00:00,1904600011515,21.16,Aceptable,22.45,Bueno,interpolacion_delaunay,0,1791,111,314,102
2026-09-29T16:07:14.192628+00:00,190460001152A,21.2,Aceptable,22.48,Bueno,interpolacion_delaunay,0,3396,254,719,167
2026-09-29T16:07:14.192628+00:00,1904600011534,21.34,Aceptable,22.59,Bueno,interpolacion_delaunay,0,5740,487,560,132
2026-09-29T16:07:14.192628+00:00,1904600011549,19.06,Aceptable,22.02,Bueno,interpolacion_delaunay,0,4515,263,831,205
2026-09-29T16:07:14.192628+00:00,1904600011568,20.79,Aceptable,22.17,Bueno,interpolacion_delaunay,0,4996,283,463,138
2026-09-29T16:07:14.192628+00:00,1904600011572,20.95,Aceptable,22.29,Bueno,interpolacion_delaunay,0,4541,345,482,121
2026-09-29T16:07:14.192628+00:00,1904600011587,22.67,Aceptable,24.5,Bueno,interpolacion_delaunay,0,2786,153,244,33
2026-09-29T16:07:14.192628+00:00,1904600011591,22.57,Aceptable,24.39,Bueno,interpolacion_delaunay,0,3387,245,335,48
2026-09-29T16:07:14.192628+00:00,1904600011604,17.19,Aceptable,18.97,Bueno,interpolacion_delaunay,0,3298,256,771,245
2026-09-29T16:07:14.192628+00:00,1904600011619,16.66,Aceptable,18.29,Bueno,interpolacion_delaunay,0,3765,260,958,269
2026-09-29T16:07:14.192628+00:00,1904600011657,19.69,Aceptable,22.61,Bueno,interpolacion_delaunay,0,3567,176,481,50
2026-09-29T16:07:14.192628+00:00,1904600011661,24.41,Aceptable,29.31,Bueno,interpolacion_delaunay,0,282,11,66,6
2026-09-29T16:07:14.192628+00:00,1904600011727,32.44,Aceptable,34.86,Bueno,interpolacion_delaunay,0,3412,179,655,144
2026-09-29T16:07:14.192628+00:00,1904600011746,16.96,Aceptable,19.11,Bueno,interpolacion_delaunay,0,3218,196,815,117
2026-09-29T16:07:14.192628+00:00,1904600011750,16.32,Aceptable,18.36,Bueno,interpolacion_delaunay,0,4162,197,210,54
2026-09-29T16:07:14.192628+00:00,1904600011765,28.95,Aceptable,32.96,Bueno,interpolacion_delaunay,0,3860,405,397,208
2026-09-29T16:07:14.192628+00:00,1904600010663,18.52,Aceptable,20.48,Bueno,interpolacion_delaunay,0,198,8,27,0
2026-09-29T16:07:14.192628+00:00,1904600010926,22.24,Aceptable,23.25,Bueno,interpolacion_delaunay,0,5007,437,867,291
2026-09-29T16:07:14.192628+00:00,1904600010339,14.72,Bueno,16.18,Bueno,interpolacion_delaunay,0,1314,68,335,78
2026-09-29T16:07:14.192628+00:00,1904600011267,15.21,Aceptable,16.68,Bueno,interpolacion_delaunay,0,3908,248,1102,331
2026-09-29T16:07:14.192628+00:00,1904600011712,22.0,Aceptable,23.66,Bueno,interpolacion_delaunay,0,3272,182,300,58
2026-09-29T16:07:14.192628+00:00,1904600010447,25.22,Aceptable,26.66,Bueno,interpolacion_delaunay,0,4132,230,437,113
2026-09-29T16:07:14.192628+00:00,1904600011498,39.21,Mala,42.28,Bueno,interpolacion_delaunay,0,3212,141,667,65
2026-09-29T16:07:14.192628+00:00,1904600010682,20.76,Aceptable,22.15,Bueno,interpolacion_delaunay,0,6498,485,714,113
2026-09-29T16:07:14.192628+00:00,1903100450393,11.9,Bueno,13.41,Bueno,interpolacion_delaunay,0,4470,331,183,115
2026-09-29T16:07:14.192628+00:00,1903100451090,13.16,Bueno,15.19,Bueno,interpolacion_delaunay,0,3117,391,133,67
2026-09-29T16:07:14.192628+00:00,1903100010340,14.9,Bueno,17.31,Bueno,interpolacion_delaunay,0,3444,349,252,192
2026-09-29T16:07:14.192628+00:00,1903100450641,12.06,Bueno,13.62,Bueno,interpolacion_delaunay,0,1572,92,57,77
2026-09-29T16:07:14.192628+00:00,1903100451086,12.83,Bueno,14.74,Bueno,interpolacion_delaunay,0,3582,470,173,24
2026-09-29T16:07:14.192628+00:00,190310311171A,13.82,Bueno,16.05,Bueno,interpolacion_delaunay,0,1226,184,39,41
2026-09-29T16:07:14.192628+00:00,1903100450088,10.99,Bueno,12.4,Bueno,interpolacion_delaunay,0,106,4,27,5
2026-09-29T16:07:14.192628+00:00,1903100450321,12.15,Bueno,13.72,Bueno,interpolacion_delaunay,0,781,65,43,66
2026-09-29T16:07:14.192628+00:00,1903100450656,11.9,Bueno,13.39,Bueno,interpolacion_delaunay,0,6656,512,216,203
2026-09-29T16:07:14.192628+00:00,1903100451461,10.86,Bueno,12.22,Bueno,interpolacion_delaunay,0,215,36,0,4
2026-09-29T16:07:14.192628+00:00,1903100451391,11.35,Bueno,12.75,Bueno,interpolacion_delaunay,0,400,41,11,20
2026-09-29T16:07:14.192628+00:00,190310001068A,13.7,Bueno,16.3,Bueno,promedio_sensores,1,5585,402,158,107
2026-09-29T16:07:14.192628+00:00,1903100010872,13.44,Bueno,15.84,Bueno,interpolacion_delaunay,0,2902,333,115,45
2026-09-29T16:07:14.192628+00:00,1903100450266,10.87,Bueno,12.25,Bueno,interpolacion_delaunay,0,3518,300,297,140
2026-09-29T16:07:14.192628+00:00,1903100451211,12.65,Bueno,14.27,Bueno,interpolacion_delaunay,0,318,31,15,12
2026-09-29T16:07:14.192628+00:00,1903100450105,10.39,Bueno,11.73,Bueno,interpolacion_delaunay,0,617,53,101,42
2026-09-29T16:07:14.192628+00:00,1903100450533,10.56,Bueno,11.89,Bueno,interpolacion_delaunay,0,112,19,4,0
2026-09-29T16:07:14.192628+00:00,1903100450834,11.11,Bueno,12.5,Bueno,interpolacion_delaunay,0,5335,620,158,133
2026-09-29T16:07:14.192628+00:00,1903100451122,12.26,Bueno,13.78,Bueno,interpolacion_delaunay,0,4196,367,129,124
2026-09-29T16:07:14.192628+00:00,1903100451118,11.09,Bueno,12.47,Bueno,interpolacion_delaunay,0,1143,149,65,58
2026-09-29T16:07:14.192628+00:00,1903100450092,11.35,Bueno,12.81,Bueno,interpolacion_delaunay,0,5801,601,614,240
2026-09-29T16:07:14.192628+00:00,190310001036A,14.62,Bueno,16.91,Bueno,interpolacion_delaunay,0,2196,166,139,77
2026-09-29T16:07:14.192628+00:00,1903100011264,13.61,Bueno,16.03,Bueno,interpolacion_delaunay,0,166,15,10,4
2026-09-29T16:07:14.192628+00:00,1903100011692,13.58,Bueno,15.66,Bueno,interpolacion_delaunay,0,1994,254,42,57
2026-09-29T16:07:14.192628+00:00,1903100450675,11.9,Bueno,13.4,Bueno,interpolacion_delaunay,0,2985,254,121,65
2026-09-29T16:07:14.192628+00:00,1903100450815,12.55,Bueno,14.29,Bueno,interpolacion_delaunay,0,5183,452,347,124
2026-09-29T16:07:14.192628+00:00,1903100450887,12.33,Bueno,13.9,Bueno,interpolacion_delaunay,0,626,73,50,23
2026-09-29T16:07:14.192628+00:00,1903100450891,12.99,Bueno,14.63,Bueno,interpolacion_delaunay,0,3371,329,210,148
2026-09-29T16:07:14.192628+00:00,1903100450904,13.01,Bueno,14.65,Bueno,interpolacion_delaunay,0,2284,216,156,77
2026-09-29T16:07:14.192628+00:00,1903100451438,12.3,Bueno,13.9,Bueno,promedio_sensores,1,489,62,15,5
2026-09-29T16:07:14.192628+00:00,1903100451442,13.34,Bueno,15.02,Bueno,interpolacion_delaunay,0,530,59,19,6
2026-09-29T16:07:14.192628+00:00,1903100451828,13.3,Bueno,15.03,Bueno,interpolacion_delaunay,0,1268,201,24,22
2026-09-29T16:07:14.192628+00:00,1903103131616,13.78,Bueno,15.47,Bueno,interpolacion_delaunay,0,3396,460,75,104
2026-09-29T16:07:14.192628+00:00,1903100451103,12.98,Bueno,14.6,Bueno,interpolacion_delaunay,0,1939,184,111,81
2026-09-29T16:07:14.192628+00:00,1903103131601,13.81,Bueno,15.51,Bueno,interpolacion_delaunay,0,3536,417,97,62
2026-09-29T16:07:14.192628+00:00,1903100451226,12.63,Bueno,14.2,Bueno,interpolacion_delaunay,0,2587,267,90,42
2026-09-29T16:07:14.192628+00:00,1903103111512,13.72,Bueno,15.53,Bueno,interpolacion_delaunay,0,2486,240,126,82
2026-09-29T16:07:14.192628+00:00,1903100451635,10.93,Bueno,12.28,Bueno,interpolacion_delaunay,0,3621,518,70,103
2026-09-29T16:07:14.192628+00:00,1903103131300,14.7,Bueno,16.5,Bueno,promedio_sensores,1,4074,495,120,80
2026-09-29T16:07:14.192628+00:00,1903103111508,14.07,Bueno,16.27,Bueno,interpolacion_delaunay,0,3724,412,113,64
2026-09-29T16:07:14.192628+00:00,1903100451387,11.3,Bueno,12.71,Bueno,interpolacion_delaunay,0,1540,218,34,55
2026-09-29T16:07:14.192628+00:00,1903100452101,10.39,Bueno,11.68,Bueno,interpolacion_delaunay,0,1249,214,20,18
2026-09-29T16:07:14.192628+00:00,1903100451283,11.58,Bueno,13.0,Bueno,interpolacion_delaunay,0,3230,373,88,78
2026-09-29T16:07:14.192628+00:00,1903103111527,13.88,Bueno,15.87,Bueno,interpolacion_delaunay,0,1682,145,143,89
2026-09-29T16:07:14.192628+00:00,1903100452402,11.04,Bueno,12.39,Bueno,interpolacion_delaunay,0,0,0,0,0
2026-09-29T20:41:58.246399+00:00,1900601740121,11.6,Bueno,12.1,Bueno,promedio_sensores,1,2694,310,73,36
2026-09-29T20:41:58.246399+00:00,1900601740155,11.6,Bueno,12.25,Bueno,interpolacion_delaunay,0,1820,285,54,16
2026-09-29T20:41:58.246399+00:00,1900600781948,12.16,Bueno,14.61,Bueno,interpolacion_delaunay,0,1170,93,69,32
2026-09-29T20:41:58.246399+00:00,1900600012236,11.71,Bueno,12.58,Bueno,interpolacion_delaunay,0,264,28,6,0
2026-09-29T20:41:58.246399+00:00,1900600010225,12.41,Bueno,13.24,Bueno,interpolacion_delaunay,0,1,0,0,0
2026-09-29T20:41:58.246399+00:00,1900600010206,12.81,Bueno,13.92,Bueno,interpolacion_delaunay,0,6646,747,526,177
2026-09-29T20:41:58.246399+00:00,1900600010210,12.52,Bueno,13.4,Bueno,interpolacion_delaunay,0,0,0,0,0
2026-09-29T20:41:58.246399+00:00,1900600010244,12.4,Bueno,13.4,Bueno,interpolacion_delaunay,0,90,3,14,3
2026-09-29T20:41:58.246399+00:00,1900600010259,12.57,Bueno,13.67,Bueno,interpolacion_delaunay,0,3329,268,159,53
2026-09-29T20:41:58.246399+00:00,1900600010278,12.32,Bueno,13.29,Bueno,interpolacion_delaunay,0,486,52,18,8
2026-09-29T20:41:58.246399+00:00,1900600010297,12.0,Bueno,12.75,Bueno,interpolacion_delaunay,0,5850,524,288,225
2026-09-29T20:41:58.246399+00:00,1900600010475,12.22,Bueno,13.14,Bueno,interpolacion_delaunay,0,4729,407,844,249
2026-09-29T20:41:58.246399+00:00,190060001030A,11.94,Bueno,12.65,Bueno,interpolacion_delaunay,0,4134,431,170,127
2026-09-29T20:41:58.246399+00:00,1900600010348,11.92,Bueno,12.9,Bueno,interpolacion_delaunay,0,7877,871,609,196
2026-09-29T20:41:58.246399+00:00,1900600010460,12.26,Bueno,13.22,Bueno,interpolacion_delaunay,0,4909,343,1088,217
2026-09-29T20:41:58.246399+00:00,1900600010352,11.8,Bueno,12.73,Bueno,interpolacion_delaunay,0,1017,63,153,80
2026-09-29T20:41:58.246399+00:00,1900600010367,11.82,Bueno,12.81,Bueno,interpolacion_delaunay,0,469,45,60,46
2026-09-29T20:41:58.246399+00:00,1900600010403,13.27,Bueno,14.44,Bueno,interpolacion_delaunay,0,4726,352,972,196
2026-09-29T20:41:58.246399+00:00,190060001055A,13.14,Bueno,14.26,Bueno,interpolacion_delaunay,0,4579,363,547,197
2026-09-29T20:41:58.246399+00:00,1900600010583,12.38,Bueno,13.29,Bueno,interpolacion_delaunay,0,4964,382,425,153
2026-09-29T20:41:58.246399+00:00,1900600010598,12.27,Bueno,13.08,Bueno,interpolacion_delaunay,0,5332,416,338,212
2026-09-29T20:41:58.246399+00:00,1900600010723,11.73,Bueno,12.26,Bueno,interpolacion_delaunay,0,5109,353,1039,281
2026-09-29T20:41:58.246399+00:00,1900600010780,11.99,Bueno,12.83,Bueno,interpolacion_delaunay,0,3755,348,382,222
2026-09-29T20:41:58.246399+00:00,1900600010795,11.96,Bueno,12.83,Bueno,interpolacion_delaunay,0,5270,506,424,204
2026-09-29T20:41:58.246399+00:00,1900600010808,11.93,Bueno,12.86,Bueno,interpolacion_delaunay,0,3443,304,372,102
2026-09-29T20:41:58.246399+00:00,1900600010920,13.4,Bueno,14.6,Bueno,promedio_sensores,1,5729,316,496,128
2026-09-29T20:41:58.246399+00:00,1900600011011,12.62,Bueno,13.67,Bueno,interpolacion_delaunay,0,0,0,0,0
2026-09-29T20:41:58.246399+00:00,1900600011026,12.51,Bueno,13.5,Bueno,interpolacion_delaunay,0,0,0,0,0
2026-09-29T20:41:58.246399+00:00,1900600011064,13.22,Bueno,14.39,Bueno,interpolacion_delaunay,0,4513,371,370,162
2026-09-29T20:41:58.246399+00:00,1900600011098,12.19,Bueno,13.07,Bueno,interpolacion_delaunay,0,5772,542,419,165
2026-09-29T20:41:58.246399+00:00,1900600011149,11.72,Bueno,12.65,Bueno,interpolacion_delaunay,0,1140,100,87,38
2026-09-29T20:41:58.246399+00:00,1900600011350,13.16,Bueno,14.32,Bueno,interpolacion_delaunay,0,3323,233,353,93
2026-09-29T20:41:58.246399+00:00,1900600011365,13.08,Bueno,14.23,Bueno,interpolacion_delaunay,0,3259,285,225,87
2026-09-29T20:41:58.246399+00:00,190060001137A,12.17,Bueno,12.89,Bueno,interpolacion_delaunay,0,2748,223,522,132
2026-09-29T20:41:58.246399+00:00,1900600011632,11.88,Bueno,12.52,Bueno,interpolacion_delaunay,0,5931,475,161,144
2026-09-29T20:41:58.246399+00:00,1900600011384,12.41,Bueno,13.28,Bueno,interpolacion_delaunay,0,3359,263,352,73
2026-09-29T20:41:58.246399+00:00,1900600011399,12.98,Bueno,14.1,Bueno,interpolacion_delaunay,0,2371,274,284,91
2026-09-29T20:41:58.246399+00:00,1900600011469,11.94,Bueno,12.59,Bueno,interpolacion_delaunay,0,1932,125,131,96
2026-09-29T20:41:58.246399+00:00,1900600011401,12.92,Bueno,14.09,Bueno,interpolacion_delaunay,0,3593,269,468,144
2026-09-29T20:41:58.246399+00:00,190060001144A,12.1,Bueno,12.81,Bueno,interpolacion_delaunay,0,6239,575,321,95
2026-09-29T20:41:58.246399+00:00,1900600011473,12.31,Bueno,13.18,Bueno,interpolacion_delaunay,0,2826,209,259,107
2026-09-29T20:41:58.246399+00:00,1900600011488,12.3,Bueno,13.19,Bueno,interpolacion_delaunay,0,2922,234,293,96
2026-09-29T20:41:58.246399+00:00,1900600011492,12.11,Bueno,12.99,Bueno,interpolacion_delaunay,0,1725,134,78,56
2026-09-29T20:41:58.246399+00:00,1900600011505,12.09,Bueno,12.91,Bueno,interpolacion_delaunay,0,2030,151,78,103
2026-09-29T20:41:58.246399+00:00,190060001151A,12.03,Bueno,12.84,Bueno,interpolacion_delaunay,0,4650,413,187,145
2026-09-29T20:41:58.246399+00:00,1900600011524,11.92,Bueno,12.7,Bueno,interpolacion_delaunay,0,3658,279,744,150
2026-09-29T20:41:58.246399+00:00,1900600011539,11.88,Bueno,12.7,Bueno,interpolacion_delaunay,0,3879,269,179,190
2026-09-29T20:41:58.246399+00:00,1900600011543,11.85,Bueno,12.75,Bueno,interpolacion_delaunay,0,3926,372,127,91
2026-09-29T20:41:58.246399+00:00,1900600011844,11.8,Bueno,12.47,Bueno,interpolacion_delaunay,0,1922,166,57,23
2026-09-29T20:41:58.246399+00:00,1900600011666,11.83,Bueno,12.48,Bueno,interpolacion_delaunay,0,2454,221,74,68
2026-09-29T20:41:58.246399+00:00,1900600011859,11.77,Bueno,12.47,Bueno,interpolacion_delaunay,0,1533,143,46,34
2026-09-29T20:41:58.246399+00:00,1900600011863,11.8,Bueno,12.65,Bueno,interpolacion_delaunay,0,1050,130,36,5
2026-09-29T20:41:58.246399+00:00,1900600011878,11.67,Bueno,12.49,Bueno,interpolacion_delaunay,0,5255,440,206,130
2026-09-29T20:41:58.246399+00:00,1900600011882,11.62,Bueno,12.42,Bueno,interpolacion_delaunay,0,5356,444,208,243
2026-09-29T20:41:58.246399+00:00,190060001190A,11.68,Bueno,12.57,Bueno,interpolacion_delaunay,0,3346,296,126,99
2026-09-29T20:41:58.246399+00:00,1900600011914,11.76,Bueno,13.08,Bueno,interpolacion_delaunay,0,5844,518,215,189
2026-09-29T20:41:58.246399+00:00,1900600011929,12.21,Bueno,14.93,Bueno,interpolacion_delaunay,0,5690,426,232,211
2026-09-29T20:41:58.246399+00:00,1900600012043,11.66,Bueno,12.39,Bueno,interpolacion_delaunay,0,3660,375,120,69
2026-09-29T20:41:58.246399+00:00,1900600012109,11.81,Bueno,12.53,Bueno,interpolacion_delaunay,0,1488,155,32,33
2026-09-29T20:41:58.246399+00:00,1900600012128,11.81,Bueno,12.63,Bueno,interpolacion_delaunay,0,1714,168,66,31
2026-09-29T20:41:58.246399+00:00,190060001226A,12.19,Bueno,13.07,Bueno,interpolacion_delaunay,0,4528,324,328,117
2026-09-29T20:41:58.246399+00:00,1900600012274,12.14,Bueno,12.94,Bueno,interpolacion_delaunay,0,5782,615,191,106
2026-09-29T20:41:58.246399+00:00,190060001233A,11.72,Bueno,12.41,Bueno,interpolacion_delaunay,0,2449,267,53,48
2026-09-29T20:41:58.246399+00:00,1900600012414,11.81,Bueno,12.57,Bueno,interpolacion_delaunay,0,2297,332,39,45
2026-09-29T20:41:58.246399+00:00,1900600012429,11.73,Bueno,12.5,Bueno,interpolacion_delaunay,0,3283,479,97,39
2026-09-29T20:41:58.246399+00:00,1900600012734,11.73,Bueno,12.59,Bueno,interpolacion_delaunay,0,961,146,24,13
2026-09-29T20:41:58.246399+00:00,1900600010992,12.69,Bueno,13.7,Bueno,interpolacion_delaunay,0,0,0,0,0
2026-09-29T20:41:58.246399+00:00,1900600012804,12.83,Bueno,13.87,Bueno,interpolacion_delaunay,0,705,129,13,7
2026-09-29T20:41:58.246399+00:00,1900600011897,12.25,Bueno,15.03,Bueno,interpolacion_delaunay,0,3063,294,202,149
2026-09-29T20:41:58.246399+00:00,1900600012202,11.7,Bueno,12.75,Bueno,interpolacion_delaunay,0,372,48,3,8
2026-09-29T20:41:58.246399+00:00,1900600012039,11.81,Bueno,13.26,Bueno,interpolacion_delaunay,0,2684,242,90,67
2026-09-29T20:41:58.246399+00:00,1900601740047,11.72,Bueno,12.29,Bueno,interpolacion_delaunay,0,1719,266,38,40
2026-09-29T20:41:58.246399+00:00,190190001005A,7.7,Bueno,8.25,Bueno,interpolacion_delaunay,0,2404,108,693,69
2026-09-29T20:41:58.246399+00:00,1901900010064,7.75,Bueno,8.28,Bueno,promedio_sensores,4,2721,181,677,58
2026-09-29T20:41:58.246399+00:00,1901900010079,7.5,Bueno,7.6,Bueno,promedio_sensores,1,4464,212,1159,127
2026-09-29T20:41:58.246399+00:00,1901900010083,5.47,Bueno,5.7,Bueno,promedio_sensores,3,1374,63,441,45
2026-09-29T20:41:58.246399+00:00,1901900010098,4.2,Bueno,4.3,Bueno,promedio_sensores,1,1854,103,460,42
2026-09-29T20:41:58.246399+00:00,1901900010100,8.2,Bueno,8.5,Bueno,promedio_sensores,1,1944,129,547,21
2026-09-29T20:41:58.246399+00:00,1901900010149,7.8,Bueno,8.8,Bueno,promedio_sensores,1,1163,75,215,15
2026-09-29T20:41:58.246399+00:00,1901900010153,7.4,Bueno,8.0,Bueno,promedio_sensores,1,1800,134,430,81
2026-09-29T20:41:58.246399+00:00,1901900010168,8.6,Bueno,9.2,Bueno,promedio_sensores,1,1570,81,416,43
2026-09-29T20:41:58.246399+00:00,1901900010172,7.78,Bueno,8.37,Bueno,interpolacion_delaunay,0,1335,59,357,29
2026-09-29T20:41:58.246399+00:00,1901900010187,7.05,Bueno,7.52,Bueno,interpolacion_delaunay,0,4463,306,999,93
2026-09-29T20:41:58.246399+00:00,1901900010191,6.7,Bueno,7.0,Bueno,promedio_sensores,1,2824,172,637,108
2026-09-29T20:41:58.246399+00:00,1901900010204,7.49,Bueno,8.11,Bueno,interpolacion_delaunay,0,3926,317,736,119
2026-09-29T20:41:58.246399+00:00,1901900010223,7.73,Bueno,8.52,Bueno,interpolacion_delaunay,0,2979,89,503,54
2026-09-29T20:41:58.246399+00:00,1901900010238,7.8,Bueno,8.7,Bueno,promedio_sensores,1,1904,73,302,23
2026-09-29T20:41:58.246399+00:00,1901900010242,4.93,Bueno,5.4,Bueno,promedio_sensores,3,2717,143,729,92
2026-09-29T20:41:58.246399+00:00,1901900010257,7.2,Bueno,8.1,Bueno,promedio_sensores,1,1307,56,361,13
2026-09-29T20:41:58.246399+00:00,1901900010261,3.85,Bueno,4.05,Bueno,promedio_sensores,2,2240,113,567,42
2026-09-29T20:41:58.246399+00:00,1901900010280,7.87,Bueno,8.49,Bueno,interpolacion_delaunay,0,2690,79,360,43
2026-09-29T20:41:58.246399+00:00,1901900010350,7.16,Bueno,7.42,Bueno,interpolacion_delaunay,0,2768,148,592,68
2026-09-29T20:41:58.246399+00:00,1901900010365,15.8,Aceptable,15.9,Bueno,promedio_sensores,1,3419,327,293,61
2026-09-29T20:41:58.246399+00:00,1901900010399,7.5,Bueno,7.7,Bueno,promedio_sensores,2,1162,6,68,0
2026-09-29T20:41:58.246399+00:00,1901900010401,5.8,Bueno,6.2,Bueno,promedio_sensores,1,2375,247,392,86
2026-09-29T20:41:58.246399+00:00,1901900010416,6.12,Bueno,6.43,Bueno,interpolacion_delaunay,0,700,19,105,4
2026-09-29T20:41:58.246399+00:00,1901900010420,8.3,Bueno,9.1,Bueno,promedio_sensores,1,1696,93,408,47
2026-09-29T20:41:58.246399+00:00,1901900010435,7.4,Bueno,7.6,Bueno,promedio_sensores,1,4494,346,601,54
2026-09-29T20:41:58.246399+00:00,190190001044A,6.17,Bueno,6.9,Bueno,promedio_sensores,3,4383,354,439,56
2026-09-29T20:41:58.246399+00:00,1901900010454,8.1,Bueno,9.0,Bueno,promedio_sensores,2,557,26,114,11
2026-09-29T20:41:58.246399+00:00,1901900010469,6.6,Bueno,7.2,Bueno,promedio_sensores,1,3112,170,568,37
2026-09-29T20:41:58.246399+00:00,1901900010473,6.46,Bueno,6.82,Bueno,interpolacion_delaunay,0,983,46,182,19
2026-09-29T20:41:58.246399+00:00,1901900010488,7.6,Bueno,8.4,Bueno,promedio_sensores,2,2757,295,371,102
2026-09-29T20:41:58.246399+00:00,1901900010492,4.25,Bueno,4.95,Bueno,promedio_sensores,2,2848,173,697,71
2026-09-29T20:41:58.246399+00:00,1901900010505,7.24,Bueno,7.68,Bueno,interpolacion_delaunay,0,2494,111,512,19
2026-09-29T20:41:58.246399+00:00,190190001051A,7.1,Bueno,8.0,Bueno,promedio_sensores,1,1899,111,507,36
2026-09-29T20:41:58.246399+00:00,1901900010558,8.03,Bueno,8.47,Bueno,promedio_sensores,3,1349,87,230,21
2026-09-29T20:41:58.246399+00:00,1901900010613,7.14,Bueno,7.44,Bueno,interpolacion_delaunay,0,132,0,20,0
2026-09-29T20:41:58.246399+00:00,1901900010384,7.34,Bueno,8.15,Bueno,interpolacion_delaunay,0,1111,19,119,15
2026-09-29T20:41:58.246399+00:00,1901900010219,7.81,Bueno,8.59,Bueno,interpolacion_delaunay,0,1954,106,555,58
2026-09-29T20:41:58.246399+00:00,1902100011338,10.84,Bueno,11.5,Bueno,interpolacion_delaunay,0,2800,219,134,55
2026-09-29T20:41:58.246399+00:00,1902100011817,10.5,Bueno,11.1,Bueno,promedio_sensores,1,583,52,40,11
2026-09-29T20:41:58.246399+00:00,1902100010293,10.9,Bueno,11.78,Bueno,interpolacion_delaunay,0,2008,84,165,35
2026-09-29T20:41:58.246399+00:00,190210001033A,10.53,Bueno,11.28,Bueno,interpolacion_delaunay,0,4000,286,440,91
2026-09-29T20:41:58.246399+00:00,1902100011060,11.77,Bueno,12.98,Bueno,interpolacion_delaunay,0,3355,278,195,95
2026-09-29T20:41:58.246399+00:00,1902100010289,11.1,Bueno,12.05,Bueno,interpolacion_delaunay,0,1352,78,109,44
2026-09-29T20:41:58.246399+00:00,1902100010325,11.21,Bueno,12.35,Bueno,interpolacion_delaunay,0,1,0,0,0
2026-09-29T20:41:58.246399+00:00,1902100011412,11.8,Bueno,12.3,Bueno,promedio_sensores,1,3239,228,156,27
2026-09-29T20:41:58.246399+00:00,1902100011427,10.44,Bueno,11.01,Bueno,interpolacion_delaunay,0,4126,302,227,21
2026-09-29T20:41:58.246399+00:00,1902100011408,11.54,Bueno,12.36,Bueno,interpolacion_delaunay,0,6781,377,571,69
2026-09-29T20:41:58.246399+00:00,1902100011342,10.95,Bueno,11.66,Bueno,interpolacion_delaunay,0,4655,261,185,126
2026-09-29T20:41:58.246399+00:00,1902100010043,11.86,Bueno,13.22,Bueno,interpolacion_delaunay,0,4208,322,819,334
2026-09-29T20:41:58.246399+00:00,1902100010255,11.31,Bueno,12.21,Bueno,interpolacion_delaunay,0,6704,625,410,194
2026-09-29T20:41:58.246399+00:00,1902100010378,12.0,Bueno,13.5,Bueno,promedio_sensores,1,4134,262,294,72
2026-09-29T20:41:58.246399+00:00,1902100011075,11.66,Bueno,12.8,Bueno,interpolacion_delaunay,0,8122,855,320,248
2026-09-29T20:41:58.246399+00:00,1902600011832,12.05,Bueno,13.06,Bueno,interpolacion_delaunay,0,3764,305,386,174
2026-09-29T20:41:58.246399+00:00,1902600010035,12.01,Bueno,12.92,Bueno,interpolacion_delaunay,0,1597,156,285,106
2026-09-29T20:41:58.246399+00:00,1902600012332,7.87,Bueno,8.58,Bueno,interpolacion_delaunay,0,5634,507,898,399
2026-09-29T20:41:58.246399+00:00,1902600010020,12.16,Bueno,13.15,Bueno,interpolacion_delaunay,0,1825,174,355,160
2026-09-29T20:41:58.246399+00:00,1902600011279,12.12,Bueno,13.06,Bueno,interpolacion_delaunay,0,4324,384,731,269
2026-09-29T20:41:58.246399+00:00,1902600011283,12.06,Bueno,12.96,Bueno,interpolacion_delaunay,0,3719,341,754,207
2026-09-29T20:41:58.246399+00:00,1902600012440,12.26,Bueno,13.35,Bueno,interpolacion_delaunay,0,2604,133,153,35
2026-09-29T20:41:58.246399+00:00,1902600012667,11.76,Bueno,13.46,Bueno,interpolacion_delaunay,0,778,73,30,14
2026-09-29T20:41:58.246399+00:00,1902600012811,7.79,Bueno,8.73,Bueno,interpolacion_delaunay,0,26,4,0,0
2026-09-29T20:41:58.246399+00:00,1902600010459,11.17,Bueno,12.38,Bueno,interpolacion_delaunay,0,3039,123,850,229
2026-09-29T20:41:58.246399+00:00,1902600010317,11.37,Bueno,12.48,Bueno,interpolacion_delaunay,0,4084,275,902,321
2026-09-29T20:41:58.246399+00:00,1902600010957,12.07,Bueno,13.03,Bueno,interpolacion_delaunay,0,5841,533,1121,336
2026-09-29T20:41:58.246399+00:00,1902600011103,13.25,Bueno,19.62,Bueno,interpolacion_delaunay,0,950,69,80,47
2026-09-29T20:41:58.246399+00:00,1902600011457,11.16,Bueno,12.5,Bueno,interpolacion_delaunay,0,2279,129,466,94
2026-09-29T20:41:58.246399+00:00,1902600011404,6.8,Bueno,7.62,Bueno,interpolacion_delaunay,0,3115,227,702,219
2026-09-29T20:41:58.246399+00:00,1902600011508,12.97,Bueno,18.5,Bueno,interpolacion_delaunay,0,1978,175,250,90
2026-09-29T20:41:58.246399+00:00,1902600011828,12.19,Bueno,13.2,Bueno,interpolacion_delaunay,0,2175,178,266,60
2026-09-29T20:41:58.246399+00:00,1902600011847,12.04,Bueno,13.08,Bueno,interpolacion_delaunay,0,4488,374,407,157
2026-09-29T20:41:58.246399+00:00,1902600012402,10.57,Bueno,11.61,Bueno,interpolacion_delaunay,0,2699,234,353,170
2026-09-29T20:41:58.246399+00:00,1902600012205,10.76,Bueno,14.06,Bueno,interpolacion_delaunay,0,4435,432,502,204
2026-09-29T20:41:58.246399+00:00,1902600012258,12.41,Bueno,16.12,Bueno,interpolacion_delaunay,0,1006,77,102,40
2026-09-29T20:41:58.246399+00:00,1902600012296,11.3,Bueno,12.26,Bueno,interpolacion_delaunay,0,4398,237,919,190
2026-09-29T20:41:58.246399+00:00,1902600012455,12.15,Bueno,13.21,Bueno,interpolacion_delaunay,0,4962,328,296,118
2026-09-29T20:41:58.246399+00:00,1902600010302,11.35,Bueno,12.46,Bueno,interpolacion_delaunay,0,2790,166,675,209
2026-09-29T20:41:58.246399+00:00,1902600010425,10.05,Bueno,10.63,Bueno,interpolacion_delaunay,0,3687,235,843,230
2026-09-29T20:41:58.246399+00:00,1902600010533,10.26,Bueno,10.71,Bueno,interpolacion_delaunay,0,1681,81,395,96
2026-09-29T20:41:58.246399+00:00,1902600011813,12.23,Bueno,13.26,Bueno,interpolacion_delaunay,0,5250,447,545,129
2026-09-29T20:41:58.246399+00:00,1902600011851,12.02,Bueno,13.09,Bueno,interpolacion_delaunay,0,4115,305,359,155
2026-09-29T20:41:58.246399+00:00,1902600012436,12.32,Bueno,13.38,Bueno,interpolacion_delaunay,0,3242,185,145,20
2026-09-29T20:41:58.246399+00:00,1902600012686,12.13,Bueno,14.91,Bueno,interpolacion_delaunay,0,40,3,7,5
2026-09-29T20:41:58.246399+00:00,1902600010124,10.7,Bueno,11.64,Bueno,interpolacion_delaunay,0,2665,140,749,113
2026-09-29T20:41:58.246399+00:00,1902600012417,11.27,Bueno,12.21,Bueno,interpolacion_delaunay,0,2073,147,228,128
2026-09-29T20:41:58.246399+00:00,1902600012347,8.61,Bueno,9.24,Bueno,interpolacion_delaunay,0,4440,433,247,105
2026-09-29T20:41:58.246399+00:00,190260001239A,11.44,Bueno,12.52,Bueno,interpolacion_delaunay,0,2697,236,207,88
2026-09-29T20:41:58.246399+00:00,190260001260A,12.15,Bueno,14.99,Bueno,interpolacion_delaunay,0,979,82,21,36
2026-09-29T20:41:58.246399+00:00,1902600011391,11.48,Bueno,12.64,Bueno,interpolacion_delaunay,0,3747,280,1036,286
2026-09-29T20:41:58.246399+00:00,1902600010251,11.22,Bueno,12.28,Bueno,interpolacion_delaunay,0,6072,581,994,581
2026-09-29T20:41:58.246399+00:00,1902600010707,10.88,Bueno,12.35,Bueno,interpolacion_delaunay,0,4261,296,986,365
2026-09-29T20:41:58.246399+00:00,190260001157A,10.85,Bueno,12.31,Bueno,interpolacion_delaunay,0,2161,148,444,126
2026-09-29T20:41:58.246399+00:00,1902600011654,10.77,Bueno,13.38,Bueno,interpolacion_delaunay,0,3737,309,535,205
2026-09-29T20:41:58.246399+00:00,1902600012385,7.69,Bueno,8.61,Bueno,interpolacion_delaunay,0,108,11,8,5
2026-09-29T20:41:58.246399+00:00,1902600011495,12.82,Bueno,17.9,Bueno,interpolacion_delaunay,0,2675,203,421,91
2026-09-29T20:41:58.246399+00:00,1902600012525,9.04,Bueno,9.73,Bueno,interpolacion_delaunay,0,6162,464,363,124
2026-09-29T20:41:58.246399+00:00,1902600010995,11.92,Bueno,12.97,Bueno,interpolacion_delaunay,0,1016,61,224,56
2026-09-29T20:41:58.246399+00:00,1902600011866,10.42,Bueno,11.31,Bueno,interpolacion_delaunay,0,3064,167,548,67
2026-09-29T20:41:58.246399+00:00,190260001207A,6.28,Bueno,6.7,Bueno,interpolacion_delaunay,0,2199,99,452,47
2026-09-29T20:41:58.246399+00:00,1902600012120,5.34,Bueno,5.66,Bueno,interpolacion_delaunay,0,1092,33,384,28
2026-09-29T20:41:58.246399+00:00,1902600012135,7.59,Bueno,7.77,Bueno,interpolacion_delaunay,0,1356,47,414,29
2026-09-29T20:41:58.246399+00:00,1902600012544,9.22,Bueno,11.02,Bueno,interpolacion_delaunay,0,2171,187,206,83
2026-09-29T20:41:58.246399+00:00,1902600010069,10.91,Bueno,11.79,Bueno,interpolacion_delaunay,0,1920,94,579,107
2026-09-29T20:41:58.246399+00:00,1902600010073,10.88,Bueno,11.76,Bueno,interpolacion_delaunay,0,3137,159,955,77
2026-09-29T20:41:58.246399+00:00,1902600010088,10.69,Bueno,11.56,Bueno,interpolacion_delaunay,0,2870,157,722,160
2026-09-29T20:41:58.246399+00:00,1902600010158,11.53,Bueno,12.47,Bueno,interpolacion_delaunay,0,1517,70,502,83
2026-09-29T20:41:58.246399+00:00,190260001029A,11.3,Bueno,12.42,Bueno,interpolacion_delaunay,0,1809,94,461,133
2026-09-29T20:41:58.246399+00:00,1902600011885,10.9,Bueno,11.77,Bueno,interpolacion_delaunay,0,1944,100,497,103
2026-09-29T20:41:58.246399+00:00,1902600012192,12.5,Bueno,16.45,Bueno,interpolacion_delaunay,0,2742,217,241,94
2026-09-29T20:41:58.246399+00:00,1902600012243,6.68,Bueno,7.23,Bueno,interpolacion_delaunay,0,316,37,21,22
2026-09-29T20:41:58.246399+00:00,1902600012421,11.7,Bueno,12.67,Bueno,interpolacion_delaunay,0,2385,134,120,49
2026-09-29T20:41:58.246399+00:00,1902600012597,12.02,Bueno,14.52,Bueno,interpolacion_delaunay,0,3539,244,126,97
2026-09-29T20:41:58.246399+00:00,1902600011029,12.0,Bueno,13.1,Bueno,interpolacion_delaunay,0,1109,94,97,45
2026-09-29T20:41:58.246399+00:00,190260001189A,11.09,Bueno,11.98,Bueno,interpolacion_delaunay,0,2117,131,543,112
2026-09-29T20:41:58.246399+00:00,1902600012703,8.12,Bueno,9.11,Bueno,interpolacion_delaunay,0,632,49,33,14
2026-09-29T20:41:58.246399+00:00,1902600011372,11.6,Bueno,12.67,Bueno,interpolacion_delaunay,0,2451,168,520,192
2026-09-29T20:41:58.246399+00:00,1902600012366,12.28,Bueno,15.54,Bueno,interpolacion_delaunay,0,350,28,12,6
2026-09-29T20:41:58.246399+00:00,1902600010321,11.51,Bueno,12.56,Bueno,interpolacion_delaunay,0,5159,259,1483,335
2026-09-29T20:41:58.246399+00:00,1902600010336,11.52,Bueno,12.58,Bueno,interpolacion_delaunay,0,3112,150,945,118
2026-09-29T20:41:58.246399+00:00,1902600010340,11.58,Bueno,12.62,Bueno,interpolacion_delaunay,0,5009,289,1452,316
2026-09-29T20:41:58.246399+00:00,1902600010355,11.5,Bueno,12.53,Bueno,interpolacion_delaunay,0,2172,143,527,123
2026-09-29T20:41:58.246399+00:00,1902600010389,11.59,Bueno,12.68,Bueno,interpolacion_delaunay,0,3485,223,809,188
2026-09-29T20:41:58.246399+00:00,1902600010393,11.43,Bueno,12.5,Bueno,interpolacion_delaunay,0,4293,274,932,186
2026-09-29T20:41:58.246399+00:00,1902600010618,11.11,Bueno,12.46,Bueno,interpolacion_delaunay,0,3420,248,733,217
2026-09-29T20:41:58.246399+00:00,1902600010730,11.08,Bueno,11.74,Bueno,interpolacion_delaunay,0,4610,359,992,364
2026-09-29T20:41:58.246399+00:00,1902600011033,11.91,Bueno,13.1,Bueno,interpolacion_delaunay,0,5199,444,572,162
2026-09-29T20:41:58.246399+00:00,1902600011122,9.54,Bueno,10.41,Bueno,interpolacion_delaunay,0,6940,637,766,300
2026-09-29T20:41:58.246399+00:00,1902600011546,10.91,Bueno,12.32,Bueno,interpolacion_delaunay,0,3715,209,870,202
2026-09-29T20:41:58.246399+00:00,1902600011461,11.15,Bueno,12.52,Bueno,interpolacion_delaunay,0,3227,233,684,198
2026-09-29T20:41:58.246399+00:00,190260001132A,11.42,Bueno,12.4,Bueno,interpolacion_delaunay,0,2713,152,488,78
2026-09-29T20:41:58.246399+00:00,1902600011334,11.15,Bueno,12.24,Bueno,interpolacion_delaunay,0,3525,289,683,240
2026-09-29T20:41:58.246399+00:00,1902600011349,11.41,Bueno,12.52,Bueno,interpolacion_delaunay,0,2716,239,484,222
2026-09-29T20:41:58.246399+00:00,1902600011368,11.53,Bueno,12.58,Bueno,interpolacion_delaunay,0,3348,226,652,119
2026-09-29T20:41:58.246399+00:00,1902600011419,11.28,Bueno,12.45,Bueno,interpolacion_delaunay,0,2833,144,728,158
2026-09-29T20:41:58.246399+00:00,1902600011442,11.08,Bueno,12.46,Bueno,interpolacion_delaunay,0,3169,182,598,174
2026-09-29T20:41:58.246399+00:00,1902600011565,10.88,Bueno,12.34,Bueno,interpolacion_delaunay,0,4076,290,816,263
2026-09-29T20:41:58.246399+00:00,1902600011584,10.98,Bueno,12.17,Bueno,interpolacion_delaunay,0,4255,317,895,221
2026-09-29T20:41:58.246399+00:00,1902600011599,11.08,Bueno,12.19,Bueno,interpolacion_delaunay,0,2923,228,572,152
2026-09-29T20:41:58.246399+00:00,1902600011601,11.2,Bueno,11.8,Bueno,promedio_sensores,1,3474,261,775,299
2026-09-29T20:41:58.246399+00:00,1902600011688,10.58,Bueno,11.26,Bueno,interpolacion_delaunay,0,3727,240,688,249
2026-09-29T20:41:58.246399+00:00,190260001171A,9.57,Bueno,10.28,Bueno,interpolacion_delaunay,0,4383,321,770,213
2026-09-29T20:41:58.246399+00:00,1902600012008,5.81,Bueno,6.29,Bueno,interpolacion_delaunay,0,1064,52,278,35
2026-09-29T20:41:58.246399+00:00,1902600011781,9.19,Bueno,10.5,Bueno,interpolacion_delaunay,0,260,22,25,0
2026-09-29T20:41:58.246399+00:00,1902600011989,10.96,Bueno,12.36,Bueno,interpolacion_delaunay,0,3336,217,653,151
2026-09-29T20:41:58.246399+00:00,1902600012027,10.18,Bueno,10.85,Bueno,interpolacion_delaunay,0,5601,339,676,195
2026-09-29T20:41:58.246399+00:00,1902600012116,8.3,Bueno,9.2,Bueno,interpolacion_delaunay,0,2265,174,319,64
2026-09-29T20:41:58.246399+00:00,1902600012328,12.25,Bueno,15.45,Bueno,interpolacion_delaunay,0,2737,200,173,54
2026-09-29T20:41:58.246399+00:00,1902600012510,9.36,Bueno,10.12,Bueno,interpolacion_delaunay,0,3466,257,269,90
2026-09-29T20:41:58.246399+00:00,1902600012578,8.68,Bueno,9.5,Bueno,interpolacion_delaunay,0,2465,185,298,196
2026-09-29T20:41:58.246399+00:00,1902600012582,8.76,Bueno,9.65,Bueno,interpolacion_delaunay,0,2739,201,423,283
2026-09-29T20:41:58.246399+00:00,1902600012614,12.37,Bueno,16.01,Bueno,interpolacion_delaunay,0,3024,272,68,36
2026-09-29T20:41:58.246399+00:00,1902600010177,11.29,Bueno,12.22,Bueno,interpolacion_delaunay,0,1769,60,559,90
2026-09-29T20:41:58.246399+00:00,1902600010444,8.54,Bueno,9.53,Bueno,interpolacion_delaunay,0,2474,121,665,111
2026-09-29T20:41:58.246399+00:00,1902600011531,10.95,Bueno,12.33,Bueno,interpolacion_delaunay,0,3594,235,816,160
2026-09-29T20:41:58.246399+00:00,1902600010232,11.09,Bueno,12.11,Bueno,interpolacion_delaunay,0,2521,162,744,110
2026-09-29T20:41:58.246399+00:00,1902600010196,11.25,Bueno,12.19,Bueno,interpolacion_delaunay,0,1557,66,485,73
2026-09-29T20:41:58.246399+00:00,1902600010213,11.03,Bueno,12.02,Bueno,interpolacion_delaunay,0,2063,114,530,142
2026-09-29T20:41:58.246399+00:00,190260001011A,10.65,Bueno,11.58,Bueno,interpolacion_delaunay,0,3115,155,816,154
2026-09-29T20:41:58.246399+00:00,1902600010162,11.36,Bueno,12.29,Bueno,interpolacion_delaunay,0,1624,64,473,65
2026-09-29T20:41:58.246399+00:00,1902600010181,11.57,Bueno,12.56,Bueno,interpolacion_delaunay,0,1561,63,499,94
2026-09-29T20:41:58.246399+00:00,1902600010228,11.27,Bueno,12.29,Bueno,interpolacion_delaunay,0,1619,140,316,120
2026-09-29T20:41:58.246399+00:00,1902600010603,11.12,Bueno,12.45,Bueno,interpolacion_delaunay,0,1632,93,346,132
2026-09-29T20:41:58.246399+00:00,1902600010745,10.84,Bueno,11.5,Bueno,interpolacion_delaunay,0,1565,113,330,126
2026-09-29T20:41:58.246399+00:00,1902600010798,10.73,Bueno,12.25,Bueno,interpolacion_delaunay,0,3364,210,732,231
2026-09-29T20:41:58.246399+00:00,1902600010815,9.59,Bueno,10.82,Bueno,interpolacion_delaunay,0,4739,363,1000,268
2026-09-29T20:41:58.246399+00:00,1902600011438,7.59,Bueno,8.18,Bueno,interpolacion_delaunay,0,1771,89,459,85
2026-09-29T20:41:58.246399+00:00,1902600011476,11.07,Bueno,12.39,Bueno,interpolacion_delaunay,0,3270,215,839,209
2026-09-29T20:41:58.246399+00:00,1902600011777,10.3,Bueno,11.81,Bueno,interpolacion_delaunay,0,3599,312,366,80
2026-09-29T20:41:58.246399+00:00,1902600012031,9.78,Bueno,10.47,Bueno,interpolacion_delaunay,0,4385,273,421,152
2026-09-29T20:41:58.246399+00:00,1902600012173,6.84,Bueno,8.04,Bueno,interpolacion_delaunay,0,108,5,10,3
2026-09-29T20:41:58.246399+00:00,1902600012474,12.15,Bueno,13.32,Bueno,interpolacion_delaunay,0,3828,248,138,120
2026-09-29T20:41:58.246399+00:00,190260001253A,10.02,Bueno,12.25,Bueno,interpolacion_delaunay,0,1418,134,74,37
2026-09-29T20:41:58.246399+00:00,1902600012648,10.96,Bueno,11.75,Bueno,interpolacion_delaunay,0,1998,125,415,138
2026-09-29T20:41:58.246399+00:00,1902600012794,11.55,Bueno,12.76,Bueno,interpolacion_delaunay,0,776,83,32,8
2026-09-29T20:41:58.246399+00:00,1902600012775,11.61,Bueno,13.52,Bueno,interpolacion_delaunay,0,1381,194,42,36
2026-09-29T20:41:58.246399+00:00,1902600012898,3.31,Bueno,3.84,Bueno,interpolacion_delaunay,0,21,3,0,0
2026-09-29T20:41:58.246399+00:00,1902600010849,7.26,Bueno,7.99,Bueno,interpolacion_delaunay,0,1926,132,278,87
2026-09-29T20:41:58.246399+00:00,1902600012262,10.84,Bueno,11.85,Bueno,interpolacion_delaunay,0,2668,227,217,83
2026-09-29T20:41:58.246399+00:00,1902600010266,11.14,Bueno,12.19,Bueno,interpolacion_delaunay,0,427,58,19,0
2026-09-29T20:41:58.246399+00:00,1902600010779,7.77,Bueno,9.0,Bueno,interpolacion_delaunay,0,677,45,131,66
2026-09-29T20:41:58.246399+00:00,1902600010872,4.55,Bueno,4.95,Bueno,interpolacion_delaunay,0,3088,114,989,72
2026-09-29T20:41:58.246399+00:00,1902600011902,10.91,Bueno,11.91,Bueno,interpolacion_delaunay,0,2434,191,435,71
2026-09-29T20:41:58.246399+00:00,1902600011993,10.83,Bueno,12.3,Bueno,interpolacion_delaunay,0,3528,203,521,147
2026-09-29T20:41:58.246399+00:00,1902600012012,5.89,Bueno,6.32,Bueno,interpolacion_delaunay,0,2227,119,600,34
2026-09-29T20:41:58.246399+00:00,1902600012084,4.45,Bueno,4.94,Bueno,interpolacion_delaunay,0,1461,49,516,49
2026-09-29T20:41:58.246399+00:00,1902600012188,3.03,Bueno,3.63,Bueno,interpolacion_delaunay,0,460,18,82,4
2026-09-29T20:41:58.246399+00:00,1902600012277,11.02,Bueno,12.04,Bueno,interpolacion_delaunay,0,3597,281,616,228
2026-09-29T20:41:58.246399+00:00,190260001246A,12.13,Bueno,13.24,Bueno,interpolacion_delaunay,0,4546,358,308,145
2026-09-29T20:41:58.246399+00:00,1902600012559,9.29,Bueno,10.32,Bueno,interpolacion_delaunay,0,4248,285,324,114
2026-09-29T20:41:58.246399+00:00,1902600012652,11.57,Bueno,12.78,Bueno,interpolacion_delaunay,0,3158,323,113,122
2026-09-29T20:41:58.246399+00:00,1902600012671,11.51,Bueno,12.65,Bueno,interpolacion_delaunay,0,1647,122,65,34
2026-09-29T20:41:58.246399+00:00,1902600012718,6.4,Bueno,6.92,Bueno,interpolacion_delaunay,0,2829,290,123,131
2026-09-29T20:41:58.246399+00:00,1902600012741,10.71,Bueno,12.25,Bueno,interpolacion_delaunay,0,1897,119,345,52
2026-09-29T20:41:58.246399+00:00,1902600012879,11.6,Bueno,12.8,Bueno,promedio_sensores,1,2144,300,65,16
2026-09-29T20:41:58.246399+00:00,1902600010285,8.78,Bueno,9.65,Bueno,interpolacion_delaunay,0,2844,174,613,185
2026-09-29T20:41:58.246399+00:00,1902600012690,7.56,Bueno,8.46,Bueno,interpolacion_delaunay,0,79,0,3,0
2026-09-29T20:41:58.246399+00:00,1902600012099,8.55,Bueno,9.66,Bueno,interpolacion_delaunay,0,5241,599,554,189
2026-09-29T20:41:58.246399+00:00,1902600011936,11.82,Bueno,13.0,Bueno,interpolacion_delaunay,0,2951,267,407,119
2026-09-29T20:41:58.246399+00:00,1902600012169,3.54,Bueno,4.4,Bueno,interpolacion_delaunay,0,1023,50,158,14
2026-09-29T20:41:58.246399+00:00,190260001118A,6.73,Bueno,7.84,Bueno,interpolacion_delaunay,0,3453,227,320,71
2026-09-29T20:41:58.246399+00:00,1902600012050,9.63,Bueno,10.68,Bueno,interpolacion_delaunay,0,4134,320,745,263
2026-09-29T20:41:58.246399+00:00,1902600012101,8.12,Bueno,9.08,Bueno,interpolacion_delaunay,0,3626,381,484,119
2026-09-29T20:41:58.246399+00:00,1902600012563,7.81,Bueno,8.69,Bueno,interpolacion_delaunay,0,2676,291,133,25
2026-09-29T20:41:58.246399+00:00,190260001278A,11.6,Bueno,12.55,Bueno,interpolacion_delaunay,0,3558,402,98,36
2026-09-29T20:41:58.246399+00:00,1902600011921,11.83,Bueno,12.98,Bueno,interpolacion_delaunay,0,2594,223,377,76
2026-09-29T20:41:58.246399+00:00,1902600010092,10.58,Bueno,11.47,Bueno,interpolacion_delaunay,0,4183,262,1039,106
2026-09-29T20:41:58.246399+00:00,1902600011300,10.95,Bueno,11.92,Bueno,interpolacion_delaunay,0,2915,163,792,188
2026-09-29T20:41:58.246399+00:00,1902600010143,11.97,Bueno,13.13,Bueno,interpolacion_delaunay,0,2245,273,113,55
2026-09-29T20:41:58.246399+00:00,1902600011870,10.66,Bueno,11.57,Bueno,interpolacion_delaunay,0,3271,173,768,82
2026-09-29T20:41:58.246399+00:00,1902600011315,11.01,Bueno,11.95,Bueno,interpolacion_delaunay,0,3497,230,464,42
2026-09-29T20:41:58.246399+00:00,1902600011014,12.05,Bueno,13.2,Bueno,interpolacion_delaunay,0,2155,150,459,98
2026-09-29T20:41:58.246399+00:00,1902600011616,10.72,Bueno,11.52,Bueno,interpolacion_delaunay,0,3883,311,769,201
2026-09-29T20:41:58.246399+00:00,1902600011620,10.53,Bueno,11.35,Bueno,interpolacion_delaunay,0,4814,356,1024,301
2026-09-29T20:41:58.246399+00:00,1902600011480,10.88,Bueno,11.79,Bueno,interpolacion_delaunay,0,4784,390,737,223
2026-09-29T20:41:58.246399+00:00,1902600010641,11.23,Bueno,12.41,Bueno,interpolacion_delaunay,0,2917,240,627,202
2026-09-29T20:41:58.246399+00:00,1902600012633,11.29,Bueno,12.07,Bueno,interpolacion_delaunay,0,2429,188,313,91
2026-09-29T20:41:58.246399+00:00,190260001164A,10.1,Bueno,10.97,Bueno,interpolacion_delaunay,0,2101,168,367,57
2026-09-29T20:41:58.246399+00:00,1902600011635,10.15,Bueno,10.97,Bueno,interpolacion_delaunay,0,4695,347,639,204
2026-09-29T20:41:58.246399+00:00,1902600010961,12.22,Bueno,13.35,Bueno,interpolacion_delaunay,0,1353,81,150,34
2026-09-29T20:41:58.246399+00:00,1902600011226,9.74,Bueno,11.1,Bueno,interpolacion_delaunay,0,4831,444,615,226
2026-09-29T20:41:58.246399+00:00,1902600012807,10.29,Bueno,11.84,Bueno,interpolacion_delaunay,0,51,0,0,0
2026-09-29T20:41:58.246399+00:00,1902600012737,10.32,Bueno,11.87,Bueno,interpolacion_delaunay,0,153,17,4,4
2026-09-29T20:41:58.246399+00:00,1902600012046,9.98,Bueno,11.24,Bueno,interpolacion_delaunay,0,5116,376,649,199
2026-09-29T20:41:58.246399+00:00,1902600012756,10.6,Bueno,12.2,Bueno,promedio_sensores,1,2572,282,124,24
2026-09-29T20:41:58.246399+00:00,1902600010783,9.56,Bueno,11.01,Bueno,interpolacion_delaunay,0,1477,145,264,42
2026-09-29T20:41:58.246399+00:00,1902600011230,9.67,Bueno,10.99,Bueno,interpolacion_delaunay,0,3324,362,242,132
2026-09-29T20:41:58.246399+00:00,1902600011758,1.7,Bueno,2.4,Bueno,promedio_sensores,1,2105,92,408,43
2026-09-29T20:41:58.246399+00:00,1902600011141,11.58,Bueno,16.34,Bueno,interpolacion_delaunay,0,9036,1161,432,363
2026-09-29T20:41:58.246399+00:00,1902600011743,7.58,Bueno,8.29,Bueno,interpolacion_delaunay,0,7461,709,958,323
2026-09-29T20:41:58.246399+00:00,1902600012629,6.63,Bueno,7.22,Bueno,interpolacion_delaunay,0,1943,149,74,66
2026-09-29T20:41:58.246399+00:00,1902600011762,10.65,Bueno,12.23,Bueno,interpolacion_delaunay,0,2427,183,512,77
2026-09-29T20:41:58.246399+00:00,1902600011194,8.96,Bueno,10.33,Bueno,interpolacion_delaunay,0,4669,300,960,201
2026-09-29T20:41:58.246399+00:00,1902600011052,11.66,Bueno,12.65,Bueno,interpolacion_delaunay,0,7318,799,917,451
2026-09-29T20:41:58.246399+00:00,1902600012722,11.8,Bueno,13.42,Bueno,interpolacion_delaunay,0,1673,182,35,23
2026-09-29T20:41:58.246399+00:00,1902600010209,11.86,Bueno,13.55,Bueno,interpolacion_delaunay,0,0,0,0,0
2026-09-29T20:41:58.246399+00:00,1902600012883,12.02,Bueno,14.23,Bueno,interpolacion_delaunay,0,2693,391,65,39
2026-09-29T20:41:58.246399+00:00,1902600011512,9.94,Bueno,10.34,Bueno,interpolacion_delaunay,0,1411,83,448,118
2026-09-29T20:41:58.246399+00:00,1902600011527,9.83,Bueno,10.12,Bueno,interpolacion_delaunay,0,2114,99,718,127
2026-09-29T20:41:58.246399+00:00,1902600010853,9.22,Bueno,9.53,Bueno,interpolacion_delaunay,0,4562,382,755,151
2026-09-29T20:41:58.246399+00:00,1902600011160,9.6,Bueno,9.8,Bueno,promedio_sensores,1,3568,186,796,79
2026-09-29T20:41:58.246399+00:00,1902600011423,11.27,Bueno,12.46,Bueno,interpolacion_delaunay,0,2358,121,643,149
2026-09-29T20:41:58.246399+00:00,1902600011118,10.24,Bueno,11.52,Bueno,interpolacion_delaunay,0,0,0,0,0
2026-09-29T20:41:58.246399+00:00,1902600010552,11.09,Bueno,12.35,Bueno,interpolacion_delaunay,0,1358,197,299,91
2026-09-29T20:41:58.246399+00:00,1902600010567,11.03,Bueno,12.36,Bueno,interpolacion_delaunay,0,3469,239,807,212
2026-09-29T20:41:58.246399+00:00,1902600010478,11.38,Bueno,12.53,Bueno,interpolacion_delaunay,0,3451,258,686,179
2026-09-29T20:41:58.246399+00:00,1902600012493,11.17,Bueno,12.44,Bueno,interpolacion_delaunay,0,3047,231,451,139
2026-09-29T20:41:58.246399+00:00,1902600012506,11.15,Bueno,12.42,Bueno,interpolacion_delaunay,0,1875,122,448,96
2026-09-29T20:41:58.246399+00:00,1902600011387,11.42,Bueno,12.6,Bueno,interpolacion_delaunay,0,4018,279,697,181
2026-09-29T20:41:58.246399+00:00,1902600010482,11.4,Bueno,12.56,Bueno,interpolacion_delaunay,0,4004,197,1191,226
2026-09-29T20:41:58.246399+00:00,1902600010586,11.16,Bueno,12.46,Bueno,interpolacion_delaunay,0,4983,369,1196,317
2026-09-29T20:41:58.246399+00:00,1902600010590,11.17,Bueno,12.47,Bueno,interpolacion_delaunay,0,3794,290,817,254
2026-09-29T20:41:58.246399+00:00,1902600011940,11.51,Bueno,12.68,Bueno,interpolacion_delaunay,0,3450,256,773,184
2026-09-29T20:41:58.246399+00:00,1902600012224,11.33,Bueno,12.56,Bueno,interpolacion_delaunay,0,1986,122,533,118
2026-09-29T20:41:58.246399+00:00,1902600012239,11.32,Bueno,12.58,Bueno,interpolacion_delaunay,0,2664,206,487,219
2026-09-29T20:41:58.246399+00:00,1902600010548,5.14,Bueno,5.96,Bueno,interpolacion_delaunay,0,4149,203,1177,258
2026-09-29T20:41:58.246399+00:00,1902600012489,11.63,Bueno,12.63,Bueno,interpolacion_delaunay,0,2798,203,290,77
2026-09-29T20:41:58.246399+00:00,1902600011353,11.57,Bueno,12.62,Bueno,interpolacion_delaunay,0,1952,125,417,157
2026-09-29T20:41:58.246399+00:00,1902600012760,11.72,Bueno,12.9,Bueno,interpolacion_delaunay,0,3619,397,120,87
2026-09-29T20:41:58.246399+00:00,1902600011264,11.72,Bueno,12.78,Bueno,interpolacion_delaunay,0,1708,151,158,100
2026-09-29T20:41:58.246399+00:00,190260001285A,11.62,Bueno,12.76,Bueno,interpolacion_delaunay,0,1850,298,50,26
2026-09-29T20:41:58.246399+00:00,1902600010270,12.42,Bueno,16.06,Bueno,interpolacion_delaunay,0,0,0,0,0
2026-09-29T20:41:58.246399+00:00,1902600010406,11.5,Bueno,12.6,Bueno,interpolacion_delaunay,0,2889,225,550,115
2026-09-29T20:41:58.246399+00:00,1902600011067,11.38,Bueno,12.5,Bueno,interpolacion_delaunay,0,4252,360,451,270
2026-09-29T20:41:58.246399+00:00,1902600011086,12.27,Bueno,16.15,Bueno,interpolacion_delaunay,0,3224,245,126,84
2026-09-29T20:41:58.246399+00:00,1902600012313,13.58,Bueno,21.05,Bueno,interpolacion_delaunay,0,2567,202,407,174
2026-09-29T20:41:58.246399+00:00,1902600012309,12.97,Bueno,19.12,Bueno,interpolacion_delaunay,0,2125,241,150,88
2026-09-29T20:41:58.246399+00:00,1902600011809,11.44,Bueno,12.58,Bueno,interpolacion_delaunay,0,2127,251,117,120
2026-09-29T20:41:58.246399+00:00,1902600012864,11.47,Bueno,12.72,Bueno,interpolacion_delaunay,0,1168,168,40,16
2026-09-29T20:41:58.246399+00:00,190260001125A,7.3,Bueno,7.57,Bueno,interpolacion_delaunay,0,541,13,170,22
2026-09-29T20:41:58.246399+00:00,1902600011071,12.95,Bueno,18.33,Bueno,interpolacion_delaunay,0,3143,264,264,89
2026-09-29T20:41:58.246399+00:00,190260001196A,13.1,Bueno,18.9,Bueno,interpolacion_delaunay,0,3349,324,262,100
2026-09-29T20:41:58.246399+00:00,1902600011955,11.55,Bueno,12.73,Bueno,interpolacion_delaunay,0,3582,349,216,97
2026-09-29T20:41:58.246399+00:00,190260001050A,11.35,Bueno,12.62,Bueno,interpolacion_delaunay,0,2022,217,309,73
2026-09-29T20:41:58.246399+00:00,1903900012400,11.3,Bueno,11.9,Bueno,promedio_sensores,1,4517,429,723,304
2026-09-29T20:41:58.246399+00:00,1903900014657,11.36,Bueno,11.67,Bueno,interpolacion_delaunay,0,2491,234,438,138
2026-09-29T20:41:58.246399+00:00,1903900013682,8.44,Bueno,8.69,Bueno,interpolacion_delaunay,0,4499,398,653,181
2026-09-29T20:41:58.246399+00:00,1903900010832,15.15,Aceptable,19.48,Bueno,interpolacion_delaunay,0,543,31,158,26
2026-09-29T20:41:58.246399+00:00,1903900011120,11.06,Bueno,11.93,Bueno,interpolacion_delaunay,0,2607,94,831,149
2026-09-29T20:41:58.246399+00:00,1903900012129,6.82,Bueno,7.21,Bueno,interpolacion_delaunay,0,4074,318,790,255
2026-09-29T20:41:58.246399+00:00,190390001363A,11.56,Bueno,11.92,Bueno,interpolacion_delaunay,0,3850,324,618,201
2026-09-29T20:41:58.246399+00:00,1903900014163,7.64,Bueno,8.08,Bueno,interpolacion_delaunay,0,3563,376,476,178
2026-09-29T20:41:58.246399+00:00,1903900014642,11.27,Bueno,11.54,Bueno,interpolacion_delaunay,0,2137,227,313,125
2026-09-29T20:41:58.246399+00:00,1903900013589,8.73,Bueno,9.7,Bueno,interpolacion_delaunay,0,1971,102,595,95
2026-09-29T20:41:58.246399+00:00,1903900011370,11.45,Bueno,12.37,Bueno,interpolacion_delaunay,0,1287,71,218,39
2026-09-29T20:41:58.246399+00:00,1903900012114,6.42,Bueno,6.96,Bueno,interpolacion_delaunay,0,2387,84,816,136
2026-09-29T20:41:58.246399+00:00,1903900012203,4.0,Bueno,4.5,Bueno,promedio_sensores,1,2974,126,1034,191
2026-09-29T20:41:58.246399+00:00,1903900013574,7.36,Bueno,8.35,Bueno,interpolacion_delaunay,0,832,37,276,93
2026-09-29T20:41:58.246399+00:00,1903900012792,5.18,Bueno,5.48,Bueno,interpolacion_delaunay,0,1,0,0,0
2026-09-29T20:41:58.246399+00:00,190390001445A,8.81,Bueno,9.23,Bueno,interpolacion_delaunay,0,5563,304,1118,197
2026-09-29T20:41:58.246399+00:00,1903900014638,10.52,Bueno,10.74,Bueno,interpolacion_delaunay,0,3811,381,571,142
2026-09-29T20:41:58.246399+00:00,1903900012063,8.96,Bueno,9.42,Bueno,interpolacion_delaunay,0,2407,98,743,119
2026-09-29T20:41:58.246399+00:00,1903900011690,5.14,Bueno,5.62,Bueno,interpolacion_delaunay,0,228,12,56,11
2026-09-29T20:41:58.246399+00:00,1903900011760,6.67,Bueno,7.12,Bueno,interpolacion_delaunay,0,1986,129,443,117
2026-09-29T20:41:58.246399+00:00,1903900011934,7.03,Bueno,7.5,Bueno,promedio_sensores,3,2171,83,550,105
2026-09-29T20:41:58.246399+00:00,190390001192A,8.53,Bueno,8.91,Bueno,interpolacion_delaunay,0,2553,117,796,121
2026-09-29T20:41:58.246399+00:00,1903900012044,9.45,Bueno,9.93,Bueno,interpolacion_delaunay,0,1920,122,427,109
2026-09-29T20:41:58.246399+00:00,1903900012078,9.21,Bueno,9.66,Bueno,interpolacion_delaunay,0,2179,136,538,60
2026-09-29T20:41:58.246399+00:00,1903900011525,10.98,Bueno,14.45,Bueno,interpolacion_delaunay,0,590,39,143,33
2026-09-29T20:41:58.246399+00:00,1903900011991,9.5,Bueno,10.0,Bueno,promedio_sensores,1,3236,192,703,201
2026-09-29T20:41:58.246399+00:00,1903900012006,8.49,Bueno,8.92,Bueno,interpolacion_delaunay,0,1972,70,504,136
2026-09-29T20:41:58.246399+00:00,1903900010673,10.37,Bueno,11.45,Bueno,interpolacion_delaunay,0,2155,174,396,142
2026-09-29T20:41:58.246399+00:00,1903900010298,10.55,Bueno,11.31,Bueno,interpolacion_delaunay,0,3499,233,739,152
2026-09-29T20:41:58.246399+00:00,1903900010404,10.42,Bueno,11.19,Bueno,interpolacion_delaunay,0,2835,189,560,150
2026-09-29T20:41:58.246399+00:00,1903900011012,16.71,Aceptable,22.38,Bueno,interpolacion_delaunay,0,1216,101,235,35
2026-09-29T20:41:58.246399+00:00,1903900011065,13.52,Bueno,16.45,Bueno,interpolacion_delaunay,0,1981,192,428,144
2026-09-29T20:41:58.246399+00:00,1903900010175,10.59,Bueno,11.31,Bueno,interpolacion_delaunay,0,1294,70,318,45
2026-09-29T20:41:58.246399+00:00,190390001018A,10.73,Bueno,11.45,Bueno,interpolacion_delaunay,0,3618,299,750,219
2026-09-29T20:41:58.246399+00:00,1903900010194,10.66,Bueno,11.39,Bueno,interpolacion_delaunay,0,2850,223,604,173
2026-09-29T20:41:58.246399+00:00,1903900010226,10.71,Bueno,11.47,Bueno,interpolacion_delaunay,0,4934,461,799,274
2026-09-29T20:41:58.246399+00:00,1903900014229,5.73,Bueno,6.1,Bueno,interpolacion_delaunay,0,2852,249,505,184
2026-09-29T20:41:58.246399+00:00,1903900010353,3.88,Bueno,4.62,Bueno,interpolacion_delaunay,0,3313,167,981,325
2026-09-29T20:41:58.246399+00:00,1903900010936,9.3,Bueno,10.18,Bueno,interpolacion_delaunay,0,2121,128,459,101
2026-09-29T20:41:58.246399+00:00,1903900011173,7.2,Bueno,7.5,Bueno,promedio_sensores,1,2108,71,659,126
2026-09-29T20:41:58.246399+00:00,1903900011188,8.97,Bueno,9.72,Bueno,interpolacion_delaunay,0,3322,231,794,185
2026-09-29T20:41:58.246399+00:00,1903900011224,11.94,Bueno,14.87,Bueno,interpolacion_delaunay,0,3487,327,636,198
2026-09-29T20:41:58.246399+00:00,1903900011328,15.12,Aceptable,19.27,Bueno,interpolacion_delaunay,0,1300,73,364,78
2026-09-29T20:41:58.246399+00:00,1903900011332,14.39,Bueno,17.72,Bueno,interpolacion_delaunay,0,2976,208,686,165
2026-09-29T20:41:58.246399+00:00,1903900011493,5.4,Bueno,6.2,Bueno,promedio_sensores,1,498,32,117,21
2026-09-29T20:41:58.246399+00:00,1903900011506,8.37,Bueno,10.43,Bueno,interpolacion_delaunay,0,218,10,60,5
2026-09-29T20:41:58.246399+00:00,1903900011510,10.02,Bueno,13.0,Bueno,interpolacion_delaunay,0,370,18,99,43
2026-09-29T20:41:58.246399+00:00,1903900011563,12.83,Bueno,17.21,Bueno,interpolacion_delaunay,0,1016,57,324,41
2026-09-29T20:41:58.246399+00:00,1903900011652,3.17,Bueno,3.77,Bueno,interpolacion_delaunay,0,1408,46,412,99
2026-09-29T20:41:58.246399+00:00,1903900011667,9.0,Bueno,9.52,Bueno,interpolacion_delaunay,0,811,38,222,38
2026-09-29T20:41:58.246399+00:00,1903900011671,8.78,Bueno,9.26,Bueno,interpolacion_delaunay,0,2135,120,546,122
2026-09-29T20:41:58.246399+00:00,1903900011775,9.12,Bueno,9.66,Bueno,interpolacion_delaunay,0,3247,195,753,173
2026-09-29T20:41:58.246399+00:00,190390001178A,8.41,Bueno,8.93,Bueno,interpolacion_delaunay,0,2085,91,638,124
2026-09-29T20:41:58.246399+00:00,1903900011811,9.77,Bueno,10.29,Bueno,interpolacion_delaunay,0,3726,195,960,140
2026-09-29T20:41:58.246399+00:00,190390001210A,7.8,Bueno,8.5,Bueno,promedio_sensores,1,2790,113,700,150
2026-09-29T20:41:58.246399+00:00,1903900012186,6.48,Bueno,6.85,Bueno,interpolacion_delaunay,0,4169,44,257,49
2026-09-29T20:41:58.246399+00:00,1903900011559,4.5,Bueno,5.0,Bueno,promedio_sensores,1,854,32,232,42
2026-09-29T20:41:58.246399+00:00,1903900013428,10.65,Bueno,11.39,Bueno,interpolacion_delaunay,0,3351,320,515,172
2026-09-29T20:41:58.246399+00:00,1903900014214,6.08,Bueno,6.44,Bueno,interpolacion_delaunay,0,4120,374,689,171
2026-09-29T20:41:58.246399+00:00,1903900014712,7.35,Bueno,7.67,Bueno,interpolacion_delaunay,0,3085,299,499,125
2026-09-29T20:41:58.246399+00:00,1903900014727,6.68,Bueno,7.02,Bueno,interpolacion_delaunay,0,2574,237,418,75
2026-09-29T20:41:58.246399+00:00,1903900011544,5.8,Bueno,6.85,Bueno,interpolacion_delaunay,0,484,17,104,17
2026-09-29T20:41:58.246399+00:00,1903900011347,11.6,Bueno,12.5,Bueno,promedio_sensores,1,3767,228,949,230
2026-09-29T20:41:58.246399+00:00,1903900011101,11.44,Bueno,12.45,Bueno,interpolacion_delaunay,0,2340,171,499,101
2026-09-29T20:41:58.246399+00:00,1903900010692,8.44,Bueno,9.37,Bueno,interpolacion_delaunay,0,1264,56,294,43
2026-09-29T20:41:58.246399+00:00,190390001071A,0.9,Bueno,1.7,Bueno,promedio_sensores,1,2092,89,717,121
2026-09-29T20:41:58.246399+00:00,190390001153A,5.18,Bueno,5.89,Bueno,interpolacion_delaunay,0,283,20,33,8
2026-09-29T20:41:58.246399+00:00,1903900012222,7.3,Bueno,7.6,Bueno,interpolacion_delaunay,0,2481,214,440,130
2026-09-29T20:41:58.246399+00:00,1903900010048,10.99,Bueno,11.65,Bueno,interpolacion_delaunay,0,2757,231,541,184
2026-09-29T20:41:58.246399+00:00,1903900010160,10.5,Bueno,11.22,Bueno,interpolacion_delaunay,0,1233,55,334,97
2026-09-29T20:41:58.246399+00:00,1903900011915,7.58,Bueno,8.05,Bueno,interpolacion_delaunay,0,1171,52,296,69
2026-09-29T20:41:58.246399+00:00,1903900012824,4.23,Bueno,4.46,Bueno,interpolacion_delaunay,0,0,0,0,0
2026-09-29T20:41:58.246399+00:00,1903900010103,10.59,Bueno,11.29,Bueno,interpolacion_delaunay,0,2537,115,733,107
2026-09-29T20:41:58.246399+00:00,1903900010122,10.8,Bueno,11.51,Bueno,interpolacion_delaunay,0,3875,316,762,228
2026-09-29T20:41:58.246399+00:00,1903900010207,10.81,Bueno,11.54,Bueno,interpolacion_delaunay,0,2935,264,476,100
2026-09-29T20:41:58.246399+00:00,190390001089A,8.95,Bueno,9.97,Bueno,interpolacion_delaunay,0,2450,84,735,103
2026-09-29T20:41:58.246399+00:00,1903900010813,15.33,Aceptable,19.61,Bueno,interpolacion_delaunay,0,1266,76,281,65
2026-09-29T20:41:58.246399+00:00,190390001096A,12.8,Bueno,15.86,Bueno,interpolacion_delaunay,0,735,52,175,36
2026-09-29T20:41:58.246399+00:00,190390001107A,14.02,Bueno,17.23,Bueno,interpolacion_delaunay,0,2056,191,358,98
2026-09-29T20:41:58.246399+00:00,1903900011099,11.08,Bueno,11.9,Bueno,interpolacion_delaunay,0,1728,108,401,82
2026-09-29T20:41:58.246399+00:00,1903900011281,11.78,Bueno,15.41,Bueno,interpolacion_delaunay,0,162,9,42,10
2026-09-29T20:41:58.246399+00:00,190390001146A,8.11,Bueno,8.51,Bueno,interpolacion_delaunay,0,1878,94,425,114
2026-09-29T20:41:58.246399+00:00,1903900011474,9.24,Bueno,9.89,Bueno,interpolacion_delaunay,0,1482,65,348,91
2026-09-29T20:41:58.246399+00:00,1903900011648,4.54,Bueno,5.04,Bueno,interpolacion_delaunay,0,1275,46,383,92
2026-09-29T20:41:58.246399+00:00,1903900011953,8.8,Bueno,9.13,Bueno,interpolacion_delaunay,0,4331,383,782,275
2026-09-29T20:41:58.246399+00:00,1903900011968,8.7,Bueno,9.09,Bueno,interpolacion_delaunay,0,2452,198,521,139
2026-09-29T20:41:58.246399+00:00,1903900011972,8.48,Bueno,8.94,Bueno,interpolacion_delaunay,0,2152,173,501,93
2026-09-29T20:41:58.246399+00:00,1903900011987,8.54,Bueno,9.03,Bueno,interpolacion_delaunay,0,2330,153,564,186
2026-09-29T20:41:58.246399+00:00,1903900012010,8.03,Bueno,8.37,Bueno,promedio_sensores,3,377,6,32,6
2026-09-29T20:41:58.246399+00:00,1903900012025,7.66,Bueno,8.25,Bueno,interpolacion_delaunay,0,4868,169,1336,220
2026-09-29T20:41:58.246399+00:00,1903900012608,9.25,Bueno,9.91,Bueno,interpolacion_delaunay,0,3563,325,452,140
2026-09-29T20:41:58.246399+00:00,1903900012260,6.93,Bueno,7.23,Bueno,interpolacion_delaunay,0,2549,128,738,140
2026-09-29T20:41:58.246399+00:00,1903900012523,11.06,Bueno,11.7,Bueno,interpolacion_delaunay,0,5883,502,863,210
2026-09-29T20:41:58.246399+00:00,1903900012576,10.43,Bueno,11.06,Bueno,interpolacion_delaunay,0,3643,363,363,152
2026-09-29T20:41:58.246399+00:00,1903900012612,10.86,Bueno,11.52,Bueno,interpolacion_delaunay,0,3707,369,423,217
2026-09-29T20:41:58.246399+00:00,1903900013339,11.14,Bueno,11.78,Bueno,interpolacion_delaunay,0,3291,330,562,149
2026-09-29T20:41:58.246399+00:00,1903900013432,10.77,Bueno,11.51,Bueno,interpolacion_delaunay,0,3283,331,497,186
2026-09-29T20:41:58.246399+00:00,1903900013381,10.82,Bueno,11.5,Bueno,interpolacion_delaunay,0,3469,305,681,259
2026-09-29T20:41:58.246399+00:00,1903900013324,11.18,Bueno,11.8,Bueno,interpolacion_delaunay,0,2714,268,458,83
2026-09-29T20:41:58.246399+00:00,1903900014587,17.06,Aceptable,23.24,Bueno,interpolacion_delaunay,0,1315,68,368,60
2026-09-29T20:41:58.246399+00:00,1903900014604,3.34,Bueno,3.42,Bueno,interpolacion_delaunay,0,2075,111,610,109
2026-09-29T20:41:58.246399+00:00,1903900014661,8.86,Bueno,9.31,Bueno,interpolacion_delaunay,0,2902,69,608,127
2026-09-29T20:41:58.246399+00:00,1903900014680,9.53,Bueno,10.41,Bueno,interpolacion_delaunay,0,2293,96,745,94
2026-09-29T20:41:58.246399+00:00,1903900011239,14.41,Bueno,18.66,Bueno,interpolacion_delaunay,0,3332,293,662,233
2026-09-29T20:41:58.246399+00:00,1903900011489,9.9,Bueno,10.4,Bueno,promedio_sensores,1,1608,86,419,74
2026-09-29T20:41:58.246399+00:00,1903900010279,10.47,Bueno,11.21,Bueno,interpolacion_delaunay,0,2220,107,580,282
2026-09-29T20:41:58.246399+00:00,1903900010531,10.44,Bueno,11.25,Bueno,interpolacion_delaunay,0,5417,419,1156,491
2026-09-29T20:41:58.246399+00:00,1903900010635,9.75,Bueno,10.64,Bueno,interpolacion_delaunay,0,2264,78,723,158
2026-09-29T20:41:58.246399+00:00,1903900011686,5.84,Bueno,6.29,Bueno,interpolacion_delaunay,0,153,7,36,5
2026-09-29T20:41:58.246399+00:00,1903900011807,9.65,Bueno,10.28,Bueno,interpolacion_delaunay,0,2430,99,765,107
2026-09-29T20:41:58.246399+00:00,1903900011830,7.4,Bueno,8.0,Bueno,promedio_sensores,1,898,35,265,16
2026-09-29T20:41:58.246399+00:00,1903900012097,8.6,Bueno,8.9,Bueno,promedio_sensores,1,4087,88,440,163
2026-09-29T20:41:58.246399+00:00,1903900012256,8.37,Bueno,8.59,Bueno,interpolacion_delaunay,0,4590,303,1006,320
2026-09-29T20:41:58.246399+00:00,1903900012307,7.8,Bueno,8.07,Bueno,promedio_sensores,3,2986,141,683,94
2026-09-29T20:41:58.246399+00:00,1903900012453,6.68,Bueno,7.11,Bueno,interpolacion_delaunay,0,2219,109,403,76
2026-09-29T20:41:58.246399+00:00,1903900012716,10.84,Bueno,11.73,Bueno,interpolacion_delaunay,0,78,3,14,8
2026-09-29T20:41:58.246399+00:00,1903900012735,10.6,Bueno,11.38,Bueno,interpolacion_delaunay,0,0,0,0,0
2026-09-29T20:41:58.246399+00:00,1903900012769,7.52,Bueno,7.98,Bueno,interpolacion_delaunay,0,279,15,54,0
2026-09-29T20:41:58.246399+00:00,1903900012773,7.24,Bueno,7.64,Bueno,interpolacion_delaunay,0,0,0,0,0
2026-09-29T20:41:58.246399+00:00,1903900014040,11.04,Bueno,11.74,Bueno,interpolacion_delaunay,0,3042,337,450,116
2026-09-29T20:41:58.246399+00:00,1903900014178,8.56,Bueno,8.99,Bueno,interpolacion_delaunay,0,4610,493,538,196
2026-09-29T20:41:58.246399+00:00,1903900010156,10.48,Bueno,11.2,Bueno,interpolacion_delaunay,0,2930,146,830,151
2026-09-29T20:41:58.246399+00:00,1903900010264,10.17,Bueno,10.92,Bueno,interpolacion_delaunay,0,4282,326,814,272
2026-09-29T20:41:58.246399+00:00,1903900010283,10.45,Bueno,11.2,Bueno,interpolacion_delaunay,0,2911,218,619,83
2026-09-29T20:41:58.246399+00:00,1903900010315,10.8,Bueno,11.57,Bueno,interpolacion_delaunay,0,3515,316,654,216
2026-09-29T20:41:58.246399+00:00,190390001032A,10.97,Bueno,11.73,Bueno,interpolacion_delaunay,0,4173,426,573,279
2026-09-29T20:41:58.246399+00:00,1903900010349,10.94,Bueno,11.74,Bueno,interpolacion_delaunay,0,2637,166,677,132
2026-09-29T20:41:58.246399+00:00,1903900010391,10.32,Bueno,11.09,Bueno,interpolacion_delaunay,0,3850,295,727,205
2026-09-29T20:41:58.246399+00:00,1903900010438,10.67,Bueno,11.47,Bueno,interpolacion_delaunay,0,3338,313,521,73
2026-09-29T20:41:58.246399+00:00,1903900010442,10.75,Bueno,11.57,Bueno,interpolacion_delaunay,0,2676,239,533,136
2026-09-29T20:41:58.246399+00:00,1903900010457,8.75,Bueno,9.53,Bueno,interpolacion_delaunay,0,3408,175,1149,225
2026-09-29T20:41:58.246399+00:00,1903900010480,9.99,Bueno,10.79,Bueno,interpolacion_delaunay,0,1388,64,440,114
2026-09-29T20:41:58.246399+00:00,1903900010512,10.06,Bueno,10.9,Bueno,interpolacion_delaunay,0,2980,202,741,168
2026-09-29T20:41:58.246399+00:00,1903900010546,10.17,Bueno,11.02,Bueno,interpolacion_delaunay,0,2660,141,683,117
2026-09-29T20:41:58.246399+00:00,1903900010550,10.35,Bueno,11.19,Bueno,interpolacion_delaunay,0,2279,182,478,160
2026-09-29T20:41:58.246399+00:00,1903900010565,10.55,Bueno,11.38,Bueno,interpolacion_delaunay,0,2608,254,432,94
2026-09-29T20:41:58.246399+00:00,190390001057A,10.36,Bueno,11.23,Bueno,interpolacion_delaunay,0,1514,131,335,33
2026-09-29T20:41:58.246399+00:00,1903900010599,3.51,Bueno,4.3,Bueno,interpolacion_delaunay,0,2808,125,1047,137
2026-09-29T20:41:58.246399+00:00,1903900010601,9.12,Bueno,9.98,Bueno,interpolacion_delaunay,0,5314,412,1126,426
2026-09-29T20:41:58.246399+00:00,1903900010620,9.57,Bueno,10.47,Bueno,interpolacion_delaunay,0,2515,85,744,131
2026-09-29T20:41:58.246399+00:00,190390001064A,9.88,Bueno,10.77,Bueno,interpolacion_delaunay,0,2719,125,702,154
2026-09-29T20:41:58.246399+00:00,1903900010654,10.13,Bueno,11.01,Bueno,interpolacion_delaunay,0,2609,119,783,144
2026-09-29T20:41:58.246399+00:00,1903900010705,2.54,Bueno,3.2,Bueno,interpolacion_delaunay,0,1996,93,661,76
2026-09-29T20:41:58.246399+00:00,1903900010739,9.52,Bueno,10.46,Bueno,interpolacion_delaunay,0,1701,60,561,127
2026-09-29T20:41:58.246399+00:00,1903900010743,9.65,Bueno,10.58,Bueno,interpolacion_delaunay,0,1991,112,552,108
2026-09-29T20:41:58.246399+00:00,1903900010758,9.74,Bueno,10.68,Bueno,interpolacion_delaunay,0,1207,67,324,54
2026-09-29T20:41:58.246399+00:00,1903900010796,13.89,Bueno,17.22,Bueno,interpolacion_delaunay,0,0,0,0,0
2026-09-29T20:41:58.246399+00:00,1903900010828,15.11,Aceptable,19.31,Bueno,interpolacion_delaunay,0,1085,46,363,57
2026-09-29T20:41:58.246399+00:00,1903900010866,5.87,Bueno,6.66,Bueno,interpolacion_delaunay,0,1678,49,570,85
2026-09-29T20:41:58.246399+00:00,1903900010870,8.31,Bueno,9.34,Bueno,interpolacion_delaunay,0,3879,268,842,254
2026-09-29T20:41:58.246399+00:00,1903900010885,8.47,Bueno,9.52,Bueno,interpolacion_delaunay,0,1668,63,493,70
2026-09-29T20:41:58.246399+00:00,1903900010940,11.2,Bueno,13.34,Bueno,interpolacion_delaunay,0,3419,259,605,213
2026-09-29T20:41:58.246399+00:00,1903900011046,16.62,Aceptable,22.04,Bueno,interpolacion_delaunay,0,1800,151,355,99
2026-09-29T20:41:58.246399+00:00,1903900011135,7.93,Bueno,8.63,Bueno,interpolacion_delaunay,0,1752,62,519,67
2026-09-29T20:41:58.246399+00:00,190390001114A,7.7,Bueno,8.8,Bueno,promedio_sensores,1,1380,53,428,34
2026-09-29T20:41:58.246399+00:00,1903900011154,8.05,Bueno,9.06,Bueno,interpolacion_delaunay,0,1623,62,444,64
2026-09-29T20:41:58.246399+00:00,1903900011169,8.1,Bueno,9.0,Bueno,promedio_sensores,2,2880,73,732,160
2026-09-29T20:41:58.246399+00:00,1903900011192,8.68,Bueno,9.28,Bueno,interpolacion_delaunay,0,2657,175,674,141
2026-09-29T20:41:58.246399+00:00,1903900011205,9.37,Bueno,9.99,Bueno,interpolacion_delaunay,0,122,13,22,0
2026-09-29T20:41:58.246399+00:00,1903900011243,9.27,Bueno,11.34,Bueno,interpolacion_delaunay,0,475,45,76,44
2026-09-29T20:41:58.246399+00:00,1903900011258,11.62,Bueno,14.89,Bueno,interpolacion_delaunay,0,1048,106,166,35
2026-09-29T20:41:58.246399+00:00,1903900011262,15.81,Aceptable,20.96,Bueno,interpolacion_delaunay,0,1756,114,447,140
2026-09-29T20:41:58.246399+00:00,1903900011277,15.1,Aceptable,20.2,Bueno,interpolacion_delaunay,0,2024,136,529,164
2026-09-29T20:41:58.246399+00:00,1903900011309,19.3,Aceptable,26.7,Bueno,promedio_sensores,1,1761,123,433,90
2026-09-29T20:41:58.246399+00:00,1903900011351,11.5,Bueno,12.4,Bueno,interpolacion_delaunay,0,2734,167,651,175
2026-09-29T20:41:58.246399+00:00,1903900011366,11.49,Bueno,12.4,Bueno,interpolacion_delaunay,0,0,0,0,0
2026-09-29T20:41:58.246399+00:00,1903900011421,8.2,Bueno,8.6,Bueno,promedio_sensores,1,3327,204,738,54
2026-09-29T20:41:58.246399+00:00,1903900011436,7.94,Bueno,8.6,Bueno,interpolacion_delaunay,0,1869,83,431,69
2026-09-29T20:41:58.246399+00:00,1903900011440,7.74,Bueno,8.36,Bueno,interpolacion_delaunay,0,1644,76,453,82
2026-09-29T20:41:58.246399+00:00,1903900011455,7.71,Bueno,8.21,Bueno,interpolacion_delaunay,0,1330,38,379,65
2026-09-29T20:41:58.246399+00:00,1903900011578,7.45,Bueno,7.82,Bueno,interpolacion_delaunay,0,1668,78,469,55
2026-09-29T20:41:58.246399+00:00,1903900011582,9.2,Bueno,9.5,Bueno,promedio_sensores,1,1943,98,485,98
2026-09-29T20:41:58.246399+00:00,190390001160A,10.4,Bueno,11.09,Bueno,interpolacion_delaunay,0,1878,106,479,110
2026-09-29T20:41:58.246399+00:00,1903900011614,10.25,Bueno,10.87,Bueno,interpolacion_delaunay,0,2516,127,727,95
2026-09-29T20:41:58.246399+00:00,1903900011633,7.37,Bueno,7.77,Bueno,interpolacion_delaunay,0,810,34,225,59
2026-09-29T20:41:58.246399+00:00,1903900011703,6.2,Bueno,6.64,Bueno,interpolacion_delaunay,0,3184,63,372,52
2026-09-29T20:41:58.246399+00:00,1903900011722,7.82,Bueno,8.25,Bueno,interpolacion_delaunay,0,511,20,136,16
2026-09-29T20:41:58.246399+00:00,1903900011737,6.56,Bueno,7.03,Bueno,interpolacion_delaunay,0,377,25,76,21
2026-09-29T20:41:58.246399+00:00,1903900011741,6.29,Bueno,6.74,Bueno,interpolacion_delaunay,0,179,8,28,10
2026-09-29T20:41:58.246399+00:00,1903900011756,6.28,Bueno,6.78,Bueno,interpolacion_delaunay,0,191,3,61,18
2026-09-29T20:41:58.246399+00:00,1903900011794,9.55,Bueno,10.27,Bueno,interpolacion_delaunay,0,2555,160,623,167
2026-09-29T20:41:58.246399+00:00,1903900011845,5.6,Bueno,5.8,Bueno,promedio_sensores,1,2750,133,527,66
2026-09-29T20:41:58.246399+00:00,190390001185A,7.49,Bueno,7.77,Bueno,interpolacion_delaunay,0,2718,189,497,75
2026-09-29T20:41:58.246399+00:00,1903900011879,7.65,Bueno,8.01,Bueno,interpolacion_delaunay,0,2302,190,467,160
2026-09-29T20:41:58.246399+00:00,1903900011883,7.77,Bueno,8.18,Bueno,interpolacion_delaunay,0,2653,217,567,162
2026-09-29T20:41:58.246399+00:00,1903900011898,8.41,Bueno,8.84,Bueno,interpolacion_delaunay,0,2466,163,572,128
2026-09-29T20:41:58.246399+00:00,1903900011900,7.61,Bueno,8.1,Bueno,interpolacion_delaunay,0,1274,99,333,108
2026-09-29T20:41:58.246399+00:00,1903900012167,7.93,Bueno,8.24,Bueno,interpolacion_delaunay,0,2883,124,813,123
2026-09-29T20:41:58.246399+00:00,1903900012190,5.84,Bueno,6.25,Bueno,interpolacion_delaunay,0,1182,41,455,89
2026-09-29T20:41:58.246399+00:00,1903900012218,4.72,Bueno,5.16,Bueno,interpolacion_delaunay,0,1788,87,512,71
2026-09-29T20:41:58.246399+00:00,1903900012241,6.19,Bueno,6.65,Bueno,interpolacion_delaunay,0,1136,46,404,79
2026-09-29T20:41:58.246399+00:00,1903900012275,6.44,Bueno,6.73,Bueno,interpolacion_delaunay,0,3740,200,896,144
2026-09-29T20:41:58.246399+00:00,1903900012472,7.9,Bueno,8.2,Bueno,promedio_sensores,1,4662,342,773,243
2026-09-29T20:41:58.246399+00:00,190390001267A,5.41,Bueno,6.18,Bueno,interpolacion_delaunay,0,3909,249,1025,191
2026-09-29T20:41:58.246399+00:00,1903900012684,6.22,Bueno,7.0,Bueno,interpolacion_delaunay,0,2186,73,687,43
2026-09-29T20:41:58.246399+00:00,1903900012720,10.6,Bueno,11.7,Bueno,promedio_sensores,1,970,52,170,37
2026-09-29T20:41:58.246399+00:00,190390001274A,9.76,Bueno,10.62,Bueno,interpolacion_delaunay,0,10,0,0,0
2026-09-29T20:41:58.246399+00:00,1903900012754,9.98,Bueno,10.8,Bueno,interpolacion_delaunay,0,3205,214,714,184
2026-09-29T20:41:58.246399+00:00,1903900012788,6.73,Bueno,7.22,Bueno,interpolacion_delaunay,0,0,0,0,0
2026-09-29T20:41:58.246399+00:00,190390001281A,4.8,Bueno,5.1,Bueno,promedio_sensores,1,327,0,0,0
2026-09-29T20:41:58.246399+00:00,1903900012877,1.91,Bueno,2.02,Bueno,interpolacion_delaunay,0,0,0,0,0
2026-09-29T20:41:58.246399+00:00,1903900013451,10.76,Bueno,11.53,Bueno,interpolacion_delaunay,0,4308,421,672,304
2026-09-29T20:41:58.246399+00:00,1903900013555,7.04,Bueno,7.78,Bueno,interpolacion_delaunay,0,4663,290,902,166
2026-09-29T20:41:58.246399+00:00,1903900013593,9.13,Bueno,10.43,Bueno,interpolacion_delaunay,0,2322,237,355,231
2026-09-29T20:41:58.246399+00:00,1903900013606,9.15,Bueno,9.97,Bueno,interpolacion_delaunay,0,2907,266,482,206
2026-09-29T20:41:58.246399+00:00,1903900013610,8.24,Bueno,9.53,Bueno,interpolacion_delaunay,0,2513,260,368,178
2026-09-29T20:41:58.246399+00:00,1903900013659,8.38,Bueno,8.74,Bueno,interpolacion_delaunay,0,1885,176,371,95
2026-09-29T20:41:58.246399+00:00,190390001406A,10.95,Bueno,11.69,Bueno,interpolacion_delaunay,0,4196,447,516,257
2026-09-29T20:41:58.246399+00:00,1903900014093,10.27,Bueno,11.02,Bueno,interpolacion_delaunay,0,3096,303,444,145
2026-09-29T20:41:58.246399+00:00,1903900014144,6.23,Bueno,6.78,Bueno,interpolacion_delaunay,0,883,38,360,125
2026-09-29T20:41:58.246399+00:00,1903900014159,1.6,Bueno,2.3,Bueno,promedio_sensores,1,620,20,142,55
2026-09-29T20:41:58.246399+00:00,1903900014500,10.25,Bueno,11.02,Bueno,interpolacion_delaunay,0,3056,353,283,111
2026-09-29T20:41:58.246399+00:00,1903900014515,10.09,Bueno,10.87,Bueno,interpolacion_delaunay,0,3391,252,688,180
2026-09-29T20:41:58.246399+00:00,1903900014549,10.47,Bueno,11.26,Bueno,interpolacion_delaunay,0,4319,365,785,218
2026-09-29T20:41:58.246399+00:00,1903900014553,10.6,Bueno,11.39,Bueno,interpolacion_delaunay,0,3885,315,748,307
2026-09-29T20:41:58.246399+00:00,1903900014619,1.23,Bueno,1.3,Bueno,interpolacion_delaunay,0,2679,137,355,34
2026-09-29T20:41:58.246399+00:00,1903900014623,7.9,Bueno,8.2,Bueno,promedio_sensores,1,1853,99,476,133
2026-09-29T20:41:58.246399+00:00,1903900014731,9.73,Bueno,10.14,Bueno,interpolacion_delaunay,0,2772,164,687,112
2026-09-29T20:41:58.246399+00:00,1903900014905,4.57,Bueno,5.03,Bueno,interpolacion_delaunay,0,2280,182,284,44
2026-09-29T20:41:58.246399+00:00,190390001491A,3.65,Bueno,4.45,Bueno,interpolacion_delaunay,0,897,47,73,0
2026-09-29T20:41:58.246399+00:00,1903900014924,8.3,Bueno,8.3,Bueno,promedio_sensores,1,2425,136,485,38
2026-09-29T20:41:58.246399+00:00,1903900014939,8.11,Bueno,8.48,Bueno,interpolacion_delaunay,0,1974,92,485,50
2026-09-29T20:41:58.246399+00:00,1903900015142,7.56,Bueno,8.23,Bueno,interpolacion_delaunay,0,2839,330,193,45
2026-09-29T20:41:58.246399+00:00,1903900011385,11.27,Bueno,12.21,Bueno,interpolacion_delaunay,0,1585,87,442,107
2026-09-29T20:41:58.246399+00:00,1903900012805,7.01,Bueno,7.29,Bueno,interpolacion_delaunay,0,3258,186,362,30
2026-09-29T20:41:58.246399+00:00,1903900011826,7.78,Bueno,8.32,Bueno,interpolacion_delaunay,0,1966,181,300,39
2026-09-29T20:41:58.246399+00:00,1903900012468,5.74,Bueno,6.09,Bueno,interpolacion_delaunay,0,3979,370,451,75
2026-09-29T20:41:58.246399+00:00,1903900012133,8.76,Bueno,9.18,Bueno,interpolacion_delaunay,0,3643,409,514,130
2026-09-29T20:41:58.246399+00:00,1903900014182,8.75,Bueno,9.13,Bueno,interpolacion_delaunay,0,2164,180,491,80
2026-09-29T20:41:58.246399+00:00,1903900012152,8.45,Bueno,8.74,Bueno,interpolacion_delaunay,0,2360,140,519,93
2026-09-29T20:41:58.246399+00:00,1903900012082,8.78,Bueno,9.13,Bueno,interpolacion_delaunay,0,2402,95,700,143
2026-09-29T20:41:58.246399+00:00,1903900013663,8.45,Bueno,8.72,Bueno,interpolacion_delaunay,0,4832,422,675,278
2026-09-29T20:41:58.246399+00:00,1903900013714,6.25,Bueno,6.33,Bueno,interpolacion_delaunay,0,4743,468,751,239
2026-09-29T20:41:58.246399+00:00,1903900012858,5.24,Bueno,5.38,Bueno,interpolacion_delaunay,0,0,0,0,0
2026-09-29T20:41:58.246399+00:00,1903900012839,4.12,Bueno,4.33,Bueno,interpolacion_delaunay,0,426,30,39,0
2026-09-29T20:41:58.246399+00:00,1903900012843,8.4,Bueno,8.6,Bueno,promedio_sensores,1,3288,154,618,59
2026-09-29T20:41:58.246399+00:00,1903900012862,2.9,Bueno,3.07,Bueno,interpolacion_delaunay,0,0,0,0,0
2026-09-29T20:41:58.246399+00:00,1903900013733,4.6,Bueno,4.64,Bueno,interpolacion_delaunay,0,1895,90,465,59
2026-09-29T20:41:58.246399+00:00,1903900012294,7.04,Bueno,7.22,Bueno,interpolacion_delaunay,0,3104,120,1010,138
2026-09-29T20:41:58.246399+00:00,190390001228A,7.93,Bueno,8.14,Bueno,interpolacion_delaunay,0,2430,94,799,56
2026-09-29T20:41:58.246399+00:00,1903900010423,10.78,Bueno,11.57,Bueno,interpolacion_delaunay,0,3542,305,682,134
2026-09-29T20:41:58.246399+00:00,1903900010334,10.95,Bueno,11.72,Bueno,interpolacion_delaunay,0,878,76,200,70
2026-09-29T20:41:58.246399+00:00,1903900010071,10.53,Bueno,11.23,Bueno,interpolacion_delaunay,0,2520,129,682,146
2026-09-29T20:41:58.246399+00:00,1903900014869,1.44,Bueno,1.65,Bueno,interpolacion_delaunay,0,4404,353,307,53
2026-09-29T20:41:58.246399+00:00,1903900013748,3.87,Bueno,4.05,Bueno,interpolacion_delaunay,0,3552,225,627,97
2026-09-29T20:41:58.246399+00:00,1903900011050,13.45,Bueno,16.42,Bueno,interpolacion_delaunay,0,1589,135,342,104
2026-09-29T20:41:58.246399+00:00,1903900011116,10.95,Bueno,11.77,Bueno,interpolacion_delaunay,0,0,0,0,0
2026-09-29T20:41:58.246399+00:00,1903900010809,14.61,Bueno,18.31,Bueno,interpolacion_delaunay,0,59,3,14,3
2026-09-29T20:41:58.246399+00:00,1903900010989,15.73,Aceptable,20.56,Bueno,interpolacion_delaunay,0,6061,564,591,133
2026-09-29T20:41:58.246399+00:00,1903900010851,12.71,Bueno,15.18,Bueno,interpolacion_delaunay,0,1601,105,413,68
2026-09-29T20:41:58.246399+00:00,1903900013413,8.32,Bueno,9.01,Bueno,interpolacion_delaunay,0,7251,522,1316,316
2026-09-29T20:41:58.246399+00:00,1903900010033,10.26,Bueno,10.92,Bueno,interpolacion_delaunay,0,3321,285,588,124
2026-09-29T20:41:58.246399+00:00,1903900010137,8.91,Bueno,9.62,Bueno,interpolacion_delaunay,0,4478,279,1202,320
2026-09-29T20:41:58.246399+00:00,1903900010141,9.31,Bueno,10.03,Bueno,interpolacion_delaunay,0,4273,225,965,185
2026-09-29T20:41:58.246399+00:00,1903900010762,11.26,Bueno,13.11,Bueno,interpolacion_delaunay,0,1600,114,337,68
2026-09-29T20:41:58.246399+00:00,1903900014106,10.07,Bueno,10.83,Bueno,interpolacion_delaunay,0,4189,248,1019,177
2026-09-29T20:41:58.246399+00:00,1903900014110,9.84,Bueno,10.63,Bueno,interpolacion_delaunay,0,2699,161,643,225
2026-09-29T20:41:58.246399+00:00,1903900010921,10.55,Bueno,12.12,Bueno,interpolacion_delaunay,0,2388,213,393,106
2026-09-29T20:41:58.246399+00:00,1903900010669,9.9,Bueno,10.84,Bueno,interpolacion_delaunay,0,2152,159,463,119
2026-09-29T20:41:58.246399+00:00,1903900010067,10.6,Bueno,11.28,Bueno,interpolacion_delaunay,0,2799,155,819,158
2026-09-29T20:41:58.246399+00:00,1903900010688,12.05,Bueno,14.08,Bueno,interpolacion_delaunay,0,2838,195,394,149
2026-09-29T20:41:58.246399+00:00,1903900010584,10.87,Bueno,11.9,Bueno,interpolacion_delaunay,0,3226,273,587,141
2026-09-29T20:41:58.246399+00:00,1903900011417,8.24,Bueno,8.48,Bueno,interpolacion_delaunay,0,3077,152,970,79
2026-09-29T20:41:58.246399+00:00,1903900013837,8.23,Bueno,8.51,Bueno,interpolacion_delaunay,0,3561,193,908,77
2026-09-29T20:41:58.246399+00:00,1903900013930,11.16,Bueno,11.86,Bueno,interpolacion_delaunay,0,1431,202,111,73
2026-09-29T20:41:58.246399+00:00,1903900014055,11.01,Bueno,11.73,Bueno,interpolacion_delaunay,0,4222,525,372,136
2026-09-29T20:41:58.246399+00:00,190390001420A,8.4,Bueno,8.74,Bueno,interpolacion_delaunay,0,3029,320,382,97
2026-09-29T20:41:58.246399+00:00,1903900014197,8.54,Bueno,8.89,Bueno,interpolacion_delaunay,0,2456,248,321,138
2026-09-29T20:41:58.246399+00:00,1903900010974,14.15,Bueno,17.97,Bueno,interpolacion_delaunay,0,781,39,192,50
2026-09-29T20:41:58.246399+00:00,1903900011084,10.93,Bueno,11.73,Bueno,interpolacion_delaunay,0,1782,162,338,82
2026-09-29T20:41:58.246399+00:00,1903900010847,15.47,Aceptable,20.19,Bueno,interpolacion_delaunay,0,1023,82,199,53
2026-09-29T20:41:58.246399+00:00,1903900010993,17.09,Aceptable,22.79,Bueno,interpolacion_delaunay,0,1086,95,211,53
2026-09-29T20:41:58.246399+00:00,1903900010372,10.04,Bueno,10.82,Bueno,interpolacion_delaunay,0,2524,139,785,102
2026-09-29T20:41:58.246399+00:00,1903900011031,15.54,Aceptable,20.25,Bueno,interpolacion_delaunay,0,1190,84,257,58
2026-09-29T20:41:58.246399+00:00,1903900010902,9.13,Bueno,10.16,Bueno,interpolacion_delaunay,0,3066,119,898,183
2026-09-29T20:41:58.246399+00:00,1903900010777,12.3,Bueno,14.77,Bueno,interpolacion_delaunay,0,1329,106,264,76
2026-09-29T20:41:58.246399+00:00,1903900010781,13.16,Bueno,16.16,Bueno,interpolacion_delaunay,0,242,8,54,15
2026-09-29T20:41:58.246399+00:00,1903900014572,18.25,Aceptable,24.93,Bueno,interpolacion_delaunay,0,1442,81,389,93
2026-09-29T20:41:58.246399+00:00,1903900014676,9.72,Bueno,10.57,Bueno,interpolacion_delaunay,0,2120,102,506,104
2026-09-29T20:41:58.246399+00:00,190390001025A,10.16,Bueno,10.9,Bueno,interpolacion_delaunay,0,3942,258,986,278
2026-09-29T20:41:58.246399+00:00,1903900010495,9.94,Bueno,10.76,Bueno,interpolacion_delaunay,0,1812,109,420,98
2026-09-29T20:41:58.246399+00:00,1903900010917,9.5,Bueno,10.5,Bueno,promedio_sensores,1,2843,155,698,133
2026-09-29T20:41:58.246399+00:00,1903900010955,12.29,Bueno,14.93,Bueno,interpolacion_delaunay,0,288,25,64,22
2026-09-29T20:41:58.246399+00:00,1903900013697,7.65,Bueno,7.77,Bueno,interpolacion_delaunay,0,1977,183,341,77
2026-09-29T20:41:58.246399+00:00,1903900013860,10.97,Bueno,11.68,Bueno,interpolacion_delaunay,0,3174,344,383,184
2026-09-29T20:41:58.246399+00:00,1903900015439,2.44,Bueno,3.18,Bueno,interpolacion_delaunay,0,627,97,12,5
2026-09-29T20:41:58.246399+00:00,1903900011027,17.77,Aceptable,24.1,Bueno,interpolacion_delaunay,0,509,36,115,25
2026-09-29T20:41:58.246399+00:00,1903900013998,11.31,Bueno,11.97,Bueno,interpolacion_delaunay,0,5766,706,558,248
2026-09-29T20:41:58.246399+00:00,190390001477A,5.87,Bueno,6.13,Bueno,interpolacion_delaunay,0,550,33,68,4
2026-09-29T20:41:58.246399+00:00,1903900014002,11.24,Bueno,11.89,Bueno,interpolacion_delaunay,0,5494,669,668,240
2026-09-29T20:41:58.246399+00:00,1903900014873,0.49,Bueno,0.54,Bueno,interpolacion_delaunay,0,2383,154,261,52
2026-09-29T20:41:58.246399+00:00,1903900011008,17.47,Aceptable,23.56,Bueno,interpolacion_delaunay,0,1877,145,377,135
2026-09-29T20:41:58.246399+00:00,1903900011313,17.75,Aceptable,23.94,Bueno,interpolacion_delaunay,0,5055,336,882,185
2026-09-29T20:41:58.246399+00:00,190390001139A,11.01,Bueno,11.97,Bueno,interpolacion_delaunay,0,1079,59,290,49
2026-09-29T20:41:58.246399+00:00,1903900011402,11.48,Bueno,12.49,Bueno,interpolacion_delaunay,0,681,31,196,23
2026-09-29T20:41:58.246399+00:00,1903900012519,11.35,Bueno,12.02,Bueno,interpolacion_delaunay,0,5642,661,498,241
2026-09-29T20:41:58.246399+00:00,1903900013822,8.24,Bueno,8.46,Bueno,interpolacion_delaunay,0,6050,361,890,140
2026-09-29T20:41:58.246399+00:00,1903900013964,8.19,Bueno,8.57,Bueno,interpolacion_delaunay,0,728,55,70,19
2026-09-29T20:41:58.246399+00:00,1903900014125,9.75,Bueno,10.57,Bueno,interpolacion_delaunay,0,1881,174,361,63
2026-09-29T20:41:58.246399+00:00,190390001452A,11.29,Bueno,12.18,Bueno,interpolacion_delaunay,0,2471,240,363,186
2026-09-29T20:41:58.246399+00:00,190390001413A,9.67,Bueno,10.49,Bueno,interpolacion_delaunay,0,2082,180,339,126
2026-09-29T20:41:58.246399+00:00,1903900010461,9.6,Bueno,10.4,Bueno,promedio_sensores,1,3422,173,1112,139
2026-09-29T20:41:58.246399+00:00,1903900014534,11.14,Bueno,11.97,Bueno,interpolacion_delaunay,0,1267,111,229,29
2026-09-29T20:41:58.246399+00:00,1903900013767,2.86,Bueno,2.93,Bueno,interpolacion_delaunay,0,2308,117,605,127
2026-09-29T20:41:58.246399+00:00,1903900012345,2.67,Bueno,2.69,Bueno,interpolacion_delaunay,0,2632,98,737,80
2026-09-29T20:41:58.246399+00:00,1903900012364,0.0,Bueno,0.0,Bueno,promedio_sensores,1,2327,116,787,61
2026-09-29T20:41:58.246399+00:00,1903900011629,8.7,Bueno,9.2,Bueno,promedio_sensores,1,2881,196,402,58
2026-09-29T20:41:58.246399+00:00,1903900013396,10.95,Bueno,11.64,Bueno,interpolacion_delaunay,0,4014,389,664,275
2026-09-29T20:41:58.246399+00:00,1903900010245,5.22,Bueno,5.95,Bueno,interpolacion_delaunay,0,2709,131,764,208
2026-09-29T20:41:58.246399+00:00,1903900015284,3.64,Bueno,4.35,Bueno,interpolacion_delaunay,0,513,29,60,13
2026-09-29T20:41:58.246399+00:00,1903900010118,10.84,Bueno,11.54,Bueno,interpolacion_delaunay,0,4580,383,955,302
2026-09-29T20:41:58.246399+00:00,1903900010052,10.97,Bueno,11.64,Bueno,interpolacion_delaunay,0,3869,304,717,323
2026-09-29T20:41:58.246399+00:00,1903900015123,11.19,Bueno,11.85,Bueno,interpolacion_delaunay,0,68,3,4,3
2026-09-29T20:41:58.246399+00:00,1903900014036,11.1,Bueno,11.78,Bueno,interpolacion_delaunay,0,4679,569,514,263
2026-09-29T20:41:58.246399+00:00,1903900010508,10.17,Bueno,10.97,Bueno,interpolacion_delaunay,0,3451,202,579,150
2026-09-29T20:41:58.246399+00:00,1903900010527,10.24,Bueno,11.05,Bueno,interpolacion_delaunay,0,1779,95,454,127
2026-09-29T20:41:58.246399+00:00,1903900013729,5.57,Bueno,5.85,Bueno,interpolacion_delaunay,0,3410,392,357,136
2026-09-29T20:41:58.246399+00:00,190390001370A,6.96,Bueno,7.22,Bueno,interpolacion_delaunay,0,4006,357,563,228
2026-09-29T20:41:58.246399+00:00,1904600010362,10.55,Bueno,11.36,Bueno,interpolacion_delaunay,0,5505,271,1291,301
2026-09-29T20:41:58.246399+00:00,1904600011483,10.28,Bueno,11.06,Bueno,interpolacion_delaunay,0,2026,111,597,94
2026-09-29T20:41:58.246399+00:00,1904600011638,10.24,Bueno,11.09,Bueno,interpolacion_delaunay,0,4053,248,498,114
2026-09-29T20:41:58.246399+00:00,1904600010998,10.6,Bueno,11.25,Bueno,interpolacion_delaunay,0,5855,449,1099,257
2026-09-29T20:41:58.246399+00:00,1904600011676,14.13,Bueno,17.82,Bueno,interpolacion_delaunay,0,362,30,69,27
2026-09-29T20:41:58.246399+00:00,1904600010216,11.0,Bueno,11.8,Bueno,promedio_sensores,1,2042,50,546,50
2026-09-29T20:41:58.246399+00:00,1904600010536,11.83,Bueno,12.56,Bueno,interpolacion_delaunay,0,4997,504,603,104
2026-09-29T20:41:58.246399+00:00,1904600011708,11.22,Bueno,12.13,Bueno,interpolacion_delaunay,0,1763,89,284,44
2026-09-29T20:41:58.246399+00:00,190460001070A,12.35,Bueno,13.49,Bueno,interpolacion_delaunay,0,1273,69,137,48
2026-09-29T20:41:58.246399+00:00,1904600011375,10.42,Bueno,11.29,Bueno,interpolacion_delaunay,0,5964,475,946,326
2026-09-29T20:41:58.246399+00:00,1904600011286,10.59,Bueno,11.42,Bueno,interpolacion_delaunay,0,2603,117,839,196
2026-09-29T20:41:58.246399+00:00,1904600011623,10.31,Bueno,11.14,Bueno,interpolacion_delaunay,0,4225,248,423,136
2026-09-29T20:41:58.246399+00:00,1904600010786,10.81,Bueno,11.66,Bueno,interpolacion_delaunay,0,4690,309,1009,269
2026-09-29T20:41:58.246399+00:00,190460001024A,11.63,Bueno,13.67,Bueno,interpolacion_delaunay,0,2748,75,850,176
2026-09-29T20:41:58.246399+00:00,1904600010875,10.49,Bueno,10.99,Bueno,interpolacion_delaunay,0,3785,202,993,129
2026-09-29T20:41:58.246399+00:00,1904600010324,10.32,Bueno,11.04,Bueno,interpolacion_delaunay,0,2214,97,651,92
2026-09-29T20:41:58.246399+00:00,1904600011233,9.93,Bueno,10.63,Bueno,interpolacion_delaunay,0,3010,241,577,204
2026-09-29T20:41:58.246399+00:00,1904600010131,10.72,Bueno,11.65,Bueno,interpolacion_delaunay,0,4113,160,1393,177
2026-09-29T20:41:58.246399+00:00,1904600010184,10.55,Bueno,11.38,Bueno,interpolacion_delaunay,0,3438,93,1132,126
2026-09-29T20:41:58.246399+00:00,1904600010235,11.07,Bueno,12.48,Bueno,interpolacion_delaunay,0,2765,104,711,111
2026-09-29T20:41:58.246399+00:00,1904600010466,11.38,Bueno,12.47,Bueno,interpolacion_delaunay,0,2212,113,500,58
2026-09-29T20:41:58.246399+00:00,190460001049A,11.17,Bueno,12.12,Bueno,interpolacion_delaunay,0,2827,123,674,44
2026-09-29T20:41:58.246399+00:00,1904600011407,11.68,Bueno,12.33,Bueno,interpolacion_delaunay,0,3464,317,610,173
2026-09-29T20:41:58.246399+00:00,1904600011642,9.79,Bueno,10.45,Bueno,interpolacion_delaunay,0,2601,116,623,113
2026-09-29T20:41:58.246399+00:00,1904600011731,10.8,Bueno,11.3,Bueno,interpolacion_delaunay,0,3017,207,561,120
2026-09-29T20:41:58.246399+00:00,1904600010108,9.7,Bueno,10.47,Bueno,interpolacion_delaunay,0,2483,125,582,112
2026-09-29T20:41:58.246399+00:00,1904600010127,10.06,Bueno,10.6,Bueno,interpolacion_delaunay,0,4270,186,1281,297
2026-09-29T20:41:58.246399+00:00,1904600010292,13.09,Bueno,15.88,Bueno,interpolacion_delaunay,0,0,0,0,0
2026-09-29T20:41:58.246399+00:00,1904600010714,9.87,Bueno,10.6,Bueno,interpolacion_delaunay,0,3666,266,947,309
2026-09-29T20:41:58.246399+00:00,1904600010860,11.42,Bueno,11.99,Bueno,interpolacion_delaunay,0,3290,227,721,158
2026-09-29T20:41:58.246399+00:00,1904600011002,11.16,Bueno,11.86,Bueno,interpolacion_delaunay,0,3262,289,695,194
2026-09-29T20:41:58.246399+00:00,190460001120A,9.76,Bueno,10.42,Bueno,interpolacion_delaunay,0,3141,265,631,179
2026-09-29T20:41:58.246399+00:00,1904600011341,11.5,Bueno,12.29,Bueno,interpolacion_delaunay,0,3608,289,555,127
2026-09-29T20:41:58.246399+00:00,1904600011426,10.34,Bueno,10.96,Bueno,interpolacion_delaunay,0,3335,302,691,164
2026-09-29T20:41:58.246399+00:00,190460001177A,11.44,Bueno,12.51,Bueno,interpolacion_delaunay,0,2611,224,320,95
2026-09-29T20:41:58.246399+00:00,1904600010042,10.32,Bueno,11.24,Bueno,interpolacion_delaunay,0,1646,90,422,69
2026-09-29T20:41:58.246399+00:00,1904600010057,10.03,Bueno,10.87,Bueno,interpolacion_delaunay,0,1216,61,388,100
2026-09-29T20:41:58.246399+00:00,1904600010076,10.47,Bueno,11.0,Bueno,interpolacion_delaunay,0,3762,199,1053,215
2026-09-29T20:41:58.246399+00:00,1904600010095,9.85,Bueno,10.66,Bueno,interpolacion_delaunay,0,1199,53,337,85
2026-09-29T20:41:58.246399+00:00,1904600010146,9.77,Bueno,10.51,Bueno,interpolacion_delaunay,0,2987,160,749,104
2026-09-29T20:41:58.246399+00:00,190460001017A,9.72,Bueno,10.26,Bueno,interpolacion_delaunay,0,4101,180,1201,211
2026-09-29T20:41:58.246399+00:00,1904600010201,9.25,Bueno,9.82,Bueno,interpolacion_delaunay,0,3988,173,1242,253
2026-09-29T20:41:58.246399+00:00,1904600010220,11.71,Bueno,13.21,Bueno,interpolacion_delaunay,0,1869,61,495,59
2026-09-29T20:41:58.246399+00:00,190460001031A,10.22,Bueno,10.94,Bueno,interpolacion_delaunay,0,2149,134,353,62
2026-09-29T20:41:58.246399+00:00,1904600010343,10.15,Bueno,10.91,Bueno,interpolacion_delaunay,0,5532,394,1335,345
2026-09-29T20:41:58.246399+00:00,1904600010381,10.74,Bueno,11.56,Bueno,interpolacion_delaunay,0,3251,164,847,172
2026-09-29T20:41:58.246399+00:00,1904600010413,11.62,Bueno,12.88,Bueno,interpolacion_delaunay,0,4002,238,499,120
2026-09-29T20:41:58.246399+00:00,1904600010485,11.14,Bueno,12.01,Bueno,interpolacion_delaunay,0,3150,144,1004,109
2026-09-29T20:41:58.246399+00:00,1904600010540,9.8,Bueno,10.38,Bueno,interpolacion_delaunay,0,4952,283,1289,225
2026-09-29T20:41:58.246399+00:00,1904600010555,11.92,Bueno,12.75,Bueno,interpolacion_delaunay,0,0,0,0,0
2026-09-29T20:41:58.246399+00:00,1904600010593,9.76,Bueno,10.4,Bueno,interpolacion_delaunay,0,5785,417,488,81
2026-09-29T20:41:58.246399+00:00,1904600010610,12.63,Bueno,13.81,Bueno,interpolacion_delaunay,0,4819,442,219,35
2026-09-29T20:41:58.246399+00:00,1904600010625,10.78,Bueno,11.5,Bueno,interpolacion_delaunay,0,684,56,110,22
2026-09-29T20:41:58.246399+00:00,1904600010659,9.62,Bueno,10.28,Bueno,interpolacion_delaunay,0,0,0,0,0
2026-09-29T20:41:58.246399+00:00,1904600010729,9.86,Bueno,10.61,Bueno,interpolacion_delaunay,0,0,0,0,0
2026-09-29T20:41:58.246399+00:00,1904600010752,10.25,Bueno,11.06,Bueno,interpolacion_delaunay,0,2043,121,429,51
2026-09-29T20:41:58.246399+00:00,1904600010790,11.35,Bueno,12.23,Bueno,interpolacion_delaunay,0,0,0,0,0
2026-09-29T20:41:58.246399+00:00,1904600010822,11.67,Bueno,12.26,Bueno,interpolacion_delaunay,0,1808,142,329,116
2026-09-29T20:41:58.246399+00:00,1904600010841,11.31,Bueno,11.85,Bueno,interpolacion_delaunay,0,2675,196,623,119
2026-09-29T20:41:58.246399+00:00,1904600010856,10.98,Bueno,11.51,Bueno,interpolacion_delaunay,0,5049,305,900,195
2026-09-29T20:41:58.246399+00:00,190460001088A,9.63,Bueno,10.19,Bueno,interpolacion_delaunay,0,4232,220,1219,162
2026-09-29T20:41:58.246399+00:00,1904600010894,9.51,Bueno,10.09,Bueno,interpolacion_delaunay,0,2806,182,550,130
2026-09-29T20:41:58.246399+00:00,1904600010907,10.91,Bueno,11.48,Bueno,interpolacion_delaunay,0,3550,247,722,168
2026-09-29T20:41:58.246399+00:00,1904600010930,10.85,Bueno,11.91,Bueno,interpolacion_delaunay,0,3021,143,721,82
2026-09-29T20:41:58.246399+00:00,1904600010945,10.5,Bueno,11.44,Bueno,interpolacion_delaunay,0,3597,162,944,129
2026-09-29T20:41:58.246399+00:00,190460001095A,10.86,Bueno,11.49,Bueno,interpolacion_delaunay,0,3265,234,654,254
2026-09-29T20:41:58.246399+00:00,1904600010979,9.18,Bueno,9.71,Bueno,interpolacion_delaunay,0,2747,114,869,151
2026-09-29T20:41:58.246399+00:00,1904600011017,10.63,Bueno,11.31,Bueno,interpolacion_delaunay,0,4599,402,752,199
2026-09-29T20:41:58.246399+00:00,1904600011021,9.13,Bueno,9.69,Bueno,interpolacion_delaunay,0,4072,223,1090,178
2026-09-29T20:41:58.246399+00:00,1904600011040,9.24,Bueno,9.83,Bueno,interpolacion_delaunay,0,3276,150,902,88
2026-09-29T20:41:58.246399+00:00,1904600011055,9.29,Bueno,9.9,Bueno,interpolacion_delaunay,0,7096,477,1425,285
2026-09-29T20:41:58.246399+00:00,190460001106A,11.85,Bueno,14.31,Bueno,interpolacion_delaunay,0,1152,61,261,64
2026-09-29T20:41:58.246399+00:00,1904600011074,9.48,Bueno,10.09,Bueno,interpolacion_delaunay,0,4901,241,744,96
2026-09-29T20:41:58.246399+00:00,1904600011089,9.46,Bueno,10.09,Bueno,interpolacion_delaunay,0,3306,318,659,199
2026-09-29T20:41:58.246399+00:00,1904600011093,10.74,Bueno,11.52,Bueno,interpolacion_delaunay,0,3302,217,861,180
2026-09-29T20:41:58.246399+00:00,1904600011106,11.62,Bueno,12.46,Bueno,interpolacion_delaunay,0,3881,243,712,89
2026-09-29T20:41:58.246399+00:00,1904600011110,12.44,Bueno,13.62,Bueno,interpolacion_delaunay,0,3018,178,738,133
2026-09-29T20:41:58.246399+00:00,1904600011125,9.59,Bueno,10.23,Bueno,interpolacion_delaunay,0,3318,323,549,240
2026-09-29T20:41:58.246399+00:00,190460001113A,9.66,Bueno,10.32,Bueno,interpolacion_delaunay,0,3513,294,662,255
2026-09-29T20:41:58.246399+00:00,1904600011144,9.74,Bueno,10.42,Bueno,interpolacion_delaunay,0,3223,294,460,148
2026-09-29T20:41:58.246399+00:00,1904600011159,9.86,Bueno,10.61,Bueno,interpolacion_delaunay,0,4682,317,917,254
2026-09-29T20:41:58.246399+00:00,1904600011163,10.1,Bueno,10.87,Bueno,interpolacion_delaunay,0,4463,291,849,173
2026-09-29T20:41:58.246399+00:00,1904600011178,10.68,Bueno,11.48,Bueno,interpolacion_delaunay,0,2288,137,771,142
2026-09-29T20:41:58.246399+00:00,1904600011182,10.44,Bueno,11.22,Bueno,interpolacion_delaunay,0,2567,158,877,192
2026-09-29T20:41:58.246399+00:00,1904600011197,10.28,Bueno,11.07,Bueno,interpolacion_delaunay,0,2285,129,707,149
2026-09-29T20:41:58.246399+00:00,1904600011214,9.87,Bueno,10.54,Bueno,interpolacion_delaunay,0,2395,153,608,159
2026-09-29T20:41:58.246399+00:00,1904600011229,10.04,Bueno,10.74,Bueno,interpolacion_delaunay,0,3808,341,729,252
2026-09-29T20:41:58.246399+00:00,1904600011248,9.92,Bueno,10.64,Bueno,interpolacion_delaunay,0,3448,233,731,165
2026-09-29T20:41:58.246399+00:00,1904600011252,10.32,Bueno,11.08,Bueno,interpolacion_delaunay,0,3638,249,902,255
2026-09-29T20:41:58.246399+00:00,1904600011271,10.51,Bueno,11.34,Bueno,interpolacion_delaunay,0,3393,200,1049,183
2026-09-29T20:41:58.246399+00:00,1904600011290,10.35,Bueno,10.92,Bueno,interpolacion_delaunay,0,3613,204,959,164
2026-09-29T20:41:58.246399+00:00,1904600011303,10.68,Bueno,11.28,Bueno,interpolacion_delaunay,0,4255,296,730,120
2026-09-29T20:41:58.246399+00:00,1904600011318,8.8,Bueno,9.3,Bueno,promedio_sensores,1,2617,117,712,78
2026-09-29T20:41:58.246399+00:00,1904600011322,8.95,Bueno,9.47,Bueno,interpolacion_delaunay,0,3209,131,1071,177
2026-09-29T20:41:58.246399+00:00,1904600011356,10.41,Bueno,11.14,Bueno,interpolacion_delaunay,0,5344,302,754,186
2026-09-29T20:41:58.246399+00:00,190460001138A,9.95,Bueno,10.46,Bueno,interpolacion_delaunay,0,2330,116,772,143
2026-09-29T20:41:58.246399+00:00,1904600011394,9.2,Bueno,9.72,Bueno,interpolacion_delaunay,0,2495,152,536,127
2026-09-29T20:41:58.246399+00:00,1904600011430,9.85,Bueno,10.46,Bueno,interpolacion_delaunay,0,4835,297,977,195
2026-09-29T20:41:58.246399+00:00,1904600011445,10.2,Bueno,11.02,Bueno,interpolacion_delaunay,0,2396,140,277,35
2026-09-29T20:41:58.246399+00:00,190460001145A,10.33,Bueno,11.16,Bueno,interpolacion_delaunay,0,4010,242,623,75
2026-09-29T20:41:58.246399+00:00,1904600011464,10.98,Bueno,12.14,Bueno,interpolacion_delaunay,0,3269,192,527,50
2026-09-29T20:41:58.246399+00:00,1904600011479,10.73,Bueno,11.76,Bueno,interpolacion_delaunay,0,2267,102,540,81
2026-09-29T20:41:58.246399+00:00,1904600011500,11.33,Bueno,11.92,Bueno,interpolacion_delaunay,0,4575,375,784,254
2026-09-29T20:41:58.246399+00:00,1904600011515,11.09,Bueno,11.7,Bueno,interpolacion_delaunay,0,1791,111,314,102
2026-09-29T20:41:58.246399+00:00,190460001152A,11.16,Bueno,11.8,Bueno,interpolacion_delaunay,0,3396,254,719,167
2026-09-29T20:41:58.246399+00:00,1904600011534,11.27,Bueno,11.94,Bueno,interpolacion_delaunay,0,5740,487,560,132
2026-09-29T20:41:58.246399+00:00,1904600011549,9.89,Bueno,11.1,Bueno,interpolacion_delaunay,0,4515,263,831,205
2026-09-29T20:41:58.246399+00:00,1904600011568,11.07,Bueno,11.81,Bueno,interpolacion_delaunay,0,4996,283,463,138
2026-09-29T20:41:58.246399+00:00,1904600011572,11.19,Bueno,11.96,Bueno,interpolacion_delaunay,0,4541,345,482,121
2026-09-29T20:41:58.246399+00:00,1904600011587,12.53,Bueno,13.67,Bueno,interpolacion_delaunay,0,2786,153,244,33
2026-09-29T20:41:58.246399+00:00,1904600011591,12.47,Bueno,13.6,Bueno,interpolacion_delaunay,0,3387,245,335,48
2026-09-29T20:41:58.246399+00:00,1904600011604,10.09,Bueno,10.86,Bueno,interpolacion_delaunay,0,3298,256,771,245
2026-09-29T20:41:58.246399+00:00,1904600011619,10.35,Bueno,11.15,Bueno,interpolacion_delaunay,0,3765,260,958,269
2026-09-29T20:41:58.246399+00:00,1904600011657,10.17,Bueno,11.23,Bueno,interpolacion_delaunay,0,3567,176,481,50
2026-09-29T20:41:58.246399+00:00,1904600011661,13.36,Bueno,16.77,Bueno,interpolacion_delaunay,0,282,11,66,6
2026-09-29T20:41:58.246399+00:00,1904600011727,10.21,Bueno,10.75,Bueno,interpolacion_delaunay,0,3412,179,655,144
2026-09-29T20:41:58.246399+00:00,1904600011746,9.14,Bueno,9.71,Bueno,interpolacion_delaunay,0,3218,196,815,117
2026-09-29T20:41:58.246399+00:00,1904600011750,9.3,Bueno,9.87,Bueno,interpolacion_delaunay,0,4162,197,210,54
2026-09-29T20:41:58.246399+00:00,1904600011765,11.48,Bueno,12.53,Bueno,interpolacion_delaunay,0,3860,405,397,208
2026-09-29T20:41:58.246399+00:00,1904600010663,9.77,Bueno,10.47,Bueno,interpolacion_delaunay,0,198,8,27,0
2026-09-29T20:41:58.246399+00:00,1904600010926,11.69,Bueno,12.31,Bueno,interpolacion_delaunay,0,5007,437,867,291
2026-09-29T20:41:58.246399+00:00,1904600010339,10.42,Bueno,11.16,Bueno,interpolacion_delaunay,0,1314,68,335,78
2026-09-29T20:41:58.246399+00:00,1904600011267,10.49,Bueno,11.27,Bueno,interpolacion_delaunay,0,3908,248,1102,331
2026-09-29T20:41:58.246399+00:00,1904600011712,12.26,Bueno,13.46,Bueno,interpolacion_delaunay,0,3272,182,300,58
2026-09-29T20:41:58.246399+00:00,1904600010447,11.14,Bueno,11.65,Bueno,interpolacion_delaunay,0,4132,230,437,113
2026-09-29T20:41:58.246399+00:00,1904600011498,9.92,Bueno,10.52,Bueno,interpolacion_delaunay,0,3212,141,667,65
2026-09-29T20:41:58.246399+00:00,1904600010682,11.15,Bueno,11.96,Bueno,interpolacion_delaunay,0,6498,485,714,113
2026-09-29T20:41:58.246399+00:00,1903100450393,7.26,Bueno,7.61,Bueno,interpolacion_delaunay,0,4470,331,183,115
2026-09-29T20:41:58.246399+00:00,1903100451090,10.45,Bueno,14.55,Bueno,interpolacion_delaunay,0,3117,391,133,67
2026-09-29T20:41:58.246399+00:00,1903100010340,13.76,Bueno,21.87,Bueno,interpolacion_delaunay,0,3444,349,252,192
2026-09-29T20:41:58.246399+00:00,1903100450641,7.72,Bueno,8.34,Bueno,interpolacion_delaunay,0,1572,92,57,77
2026-09-29T20:41:58.246399+00:00,1903100451086,9.71,Bueno,12.89,Bueno,interpolacion_delaunay,0,3582,470,173,24
2026-09-29T20:41:58.246399+00:00,190310311171A,11.62,Bueno,17.09,Bueno,interpolacion_delaunay,0,1226,184,39,41
2026-09-29T20:41:58.246399+00:00,1903100450088,7.1,Bueno,7.68,Bueno,interpolacion_delaunay,0,106,4,27,5
2026-09-29T20:41:58.246399+00:00,1903100450321,7.62,Bueno,8.15,Bueno,interpolacion_delaunay,0,781,65,43,66
2026-09-29T20:41:58.246399+00:00,1903100450656,7.07,Bueno,7.27,Bueno,interpolacion_delaunay,0,6656,512,216,203
2026-09-29T20:41:58.246399+00:00,1903100451461,6.41,Bueno,6.57,Bueno,interpolacion_delaunay,0,215,36,0,4
2026-09-29T20:41:58.246399+00:00,1903100451391,6.62,Bueno,6.73,Bueno,interpolacion_delaunay,0,400,41,11,20
2026-09-29T20:41:58.246399+00:00,190310001068A,14.2,Bueno,23.7,Bueno,promedio_sensores,1,5585,402,158,107
2026-09-29T20:41:58.246399+00:00,1903100010872,12.86,Bueno,20.46,Bueno,interpolacion_delaunay,0,2902,333,115,45
2026-09-29T20:41:58.246399+00:00,1903100450266,6.63,Bueno,6.95,Bueno,interpolacion_delaunay,0,3518,300,297,140
2026-09-29T20:41:58.246399+00:00,1903100451211,7.83,Bueno,8.29,Bueno,interpolacion_delaunay,0,318,31,15,12
2026-09-29T20:41:58.246399+00:00,1903100450105,6.49,Bueno,6.93,Bueno,interpolacion_delaunay,0,617,53,101,42
2026-09-29T20:41:58.246399+00:00,1903100450533,6.33,Bueno,6.56,Bueno,interpolacion_delaunay,0,112,19,4,0
2026-09-29T20:41:58.246399+00:00,1903100450834,6.62,Bueno,6.84,Bueno,interpolacion_delaunay,0,5335,620,158,133
2026-09-29T20:41:58.246399+00:00,1903100451122,7.15,Bueno,7.27,Bueno,interpolacion_delaunay,0,4196,367,129,124
2026-09-29T20:41:58.246399+00:00,1903100451118,6.52,Bueno,6.66,Bueno,interpolacion_delaunay,0,1143,149,65,58
2026-09-29T20:41:58.246399+00:00,1903100450092,7.12,Bueno,7.61,Bueno,interpolacion_delaunay,0,5801,601,614,240
2026-09-29T20:41:58.246399+00:00,190310001036A,13.03,Bueno,20.18,Bueno,interpolacion_delaunay,0,2196,166,139,77
2026-09-29T20:41:58.246399+00:00,1903100011264,13.0,Bueno,20.71,Bueno,interpolacion_delaunay,0,166,15,10,4
2026-09-29T20:41:58.246399+00:00,1903100011692,11.25,Bueno,16.33,Bueno,interpolacion_delaunay,0,1994,254,42,57
2026-09-29T20:41:58.246399+00:00,1903100450675,7.16,Bueno,7.44,Bueno,interpolacion_delaunay,0,2985,254,121,65
2026-09-29T20:41:58.246399+00:00,1903100450815,8.68,Bueno,10.47,Bueno,interpolacion_delaunay,0,5183,452,347,124
2026-09-29T20:41:58.246399+00:00,1903100450887,7.57,Bueno,7.99,Bueno,interpolacion_delaunay,0,626,73,50,23
2026-09-29T20:41:58.246399+00:00,1903100450891,7.87,Bueno,8.22,Bueno,interpolacion_delaunay,0,3371,329,210,148
2026-09-29T20:41:58.246399+00:00,1903100450904,7.81,Bueno,8.1,Bueno,interpolacion_delaunay,0,2284,216,156,77
2026-09-29T20:41:58.246399+00:00,1903100451438,7.8,Bueno,8.4,Bueno,promedio_sensores,1,489,62,15,5
2026-09-29T20:41:58.246399+00:00,1903100451442,7.92,Bueno,8.16,Bueno,interpolacion_delaunay,0,530,59,19,6
2026-09-29T20:41:58.246399+00:00,1903100451828,8.36,Bueno,9.19,Bueno,interpolacion_delaunay,0,1268,201,24,22
2026-09-29T20:41:58.246399+00:00,1903103131616,7.9,Bueno,7.92,Bueno,interpolacion_delaunay,0,3396,460,75,104
2026-09-29T20:41:58.246399+00:00,1903100451103,7.7,Bueno,7.93,Bueno,interpolacion_delaunay,0,1939,184,111,81
2026-09-29T20:41:58.246399+00:00,1903103131601,7.97,Bueno,8.04,Bueno,interpolacion_delaunay,0,3536,417,97,62
2026-09-29T20:41:58.246399+00:00,1903100451226,7.42,Bueno,7.57,Bueno,interpolacion_delaunay,0,2587,267,90,42
2026-09-29T20:41:58.246399+00:00,1903103111512,8.77,Bueno,9.96,Bueno,interpolacion_delaunay,0,2486,240,126,82
2026-09-29T20:41:58.246399+00:00,1903100451635,6.35,Bueno,6.44,Bueno,interpolacion_delaunay,0,3621,518,70,103
2026-09-29T20:41:58.246399+00:00,1903103131300,8.4,Bueno,8.4,Bueno,promedio_sensores,1,4074,495,120,80
2026-09-29T20:41:58.246399+00:00,1903103111508,11.35,Bueno,16.25,Bueno,interpolacion_delaunay,0,3724,412,113,64
2026-09-29T20:41:58.246399+00:00,1903100451387,6.67,Bueno,6.83,Bueno,interpolacion_delaunay,0,1540,218,34,55
2026-09-29T20:41:58.246399+00:00,1903100452101,6.03,Bueno,6.11,Bueno,interpolacion_delaunay,0,1249,214,20,18
2026-09-29T20:41:58.246399+00:00,1903100451283,6.68,Bueno,6.72,Bueno,interpolacion_delaunay,0,3230,373,88,78
2026-09-29T20:41:58.246399+00:00,1903103111527,9.93,Bueno,12.8,Bueno,interpolacion_delaunay,0,1682,145,143,89
2026-09-29T20:41:58.246399+00:00,1903100452402,6.34,Bueno,6.36,Bueno,interpolacion_delaunay,0,0,0,0,0
