timestamp,cvegeo,pm25_interpolado,calidad_pm25,pm10_interpolado,calidad_pm10,metodo,n_sensores,poblacion_total,ninos_0a5,adultos_mayores,personas_discapacidad
2026-10-01T00:37:15.398809+00:00,1900601740121,43.7,Mala,55.1,Aceptable,promedio_sensores,1,2694,310,73,36
2026-10-01T00:37:15.398809+00:00,1900601740155,44.5,Mala,56.16,Aceptable,interpolacion_delaunay,0,1820,285,54,16
2026-10-01T00:37:15.398809+00:00,1900600781948,44.74,Mala,57.12,Aceptable,interpolacion_delaunay,0,1170,93,69,32
2026-10-01T00:37:15.398809+00:00,1900600012236,45.51,Mala,57.53,Aceptable,interpolacion_delaunay,0,264,28,6,0
2026-10-01T00:37:15.398809+00:00,1900600010225,43.27,Mala,54.75,Aceptable,interpolacion_delaunay,0,1,0,0,0
2026-10-01T00:37:15.398809+00:00,1900600010206,43.7,Mala,55.43,Aceptable,interpolacion_delaunay,0,6646,747,526,177
2026-10-01T00:37:15.398809+00:00,1900600010210,43.21,Mala,54.7,Aceptable,interpolacion_delaunay,0,0,0,0,0
2026-10-01T00:37:15.398809+00:00,1900600010244,44.27,Mala,56.07,Aceptable,interpolacion_delaunay,0,90,3,14,3
2026-10-01T00:37:15.398809+00:00,1900600010259,44.28,Mala,56.13,Aceptable,interpolacion_delaunay,0,3329,268,159,53
2026-10-01T00:37:15.398809+00:00,1900600010278,44.34,Mala,56.14,Aceptable,interpolacion_delaunay,0,486,52,18,8
2026-10-01T00:37:15.398809+00:00,1900600010297,43.93,Mala,55.51,Aceptable,interpolacion_delaunay,0,5850,524,288,225
2026-10-01T00:37:15.398809+00:00,1900600010475,44.25,Mala,56.0,Aceptable,interpolacion_delaunay,0,4729,407,844,249
2026-10-01T00:37:15.398809+00:00,190060001030A,43.91,Mala,55.48,Aceptable,interpolacion_delaunay,0,4134,431,170,127
2026-10-01T00:37:15.398809+00:00,1900600010348,45.54,Mala,57.63,Aceptable,interpolacion_delaunay,0,7877,871,609,196
2026-10-01T00:37:15.398809+00:00,1900600010460,44.46,Mala,56.28,Aceptable,interpolacion_delaunay,0,4909,343,1088,217
2026-10-01T00:37:15.398809+00:00,1900600010352,45.6,Mala,57.67,Aceptable,interpolacion_delaunay,0,1017,63,153,80
2026-10-01T00:37:15.398809+00:00,1900600010367,45.85,Mala,58.0,Aceptable,interpolacion_delaunay,0,469,45,60,46
2026-10-01T00:37:15.398809+00:00,1900600010403,42.69,Mala,54.22,Aceptable,interpolacion_delaunay,0,4726,352,972,196
2026-10-01T00:37:15.398809+00:00,190060001055A,42.77,Mala,54.28,Aceptable,interpolacion_delaunay,0,4579,363,547,197
2026-10-01T00:37:15.398809+00:00,1900600010583,43.75,Mala,55.38,Aceptable,interpolacion_delaunay,0,4964,382,425,153
2026-10-01T00:37:15.398809+00:00,1900600010598,43.58,Mala,55.13,Aceptable,interpolacion_delaunay,0,5332,416,338,212
2026-10-01T00:37:15.398809+00:00,1900600010723,39.95,Mala,49.39,Aceptable,interpolacion_delaunay,0,5109,353,1039,281
2026-10-01T00:37:15.398809+00:00,1900600010780,44.51,Mala,56.28,Aceptable,interpolacion_delaunay,0,3755,348,382,222
2026-10-01T00:37:15.398809+00:00,1900600010795,44.84,Mala,56.71,Aceptable,interpolacion_delaunay,0,5270,506,424,204
2026-10-01T00:37:15.398809+00:00,1900600010808,45.18,Mala,57.15,Aceptable,interpolacion_delaunay,0,3443,304,372,102
2026-10-01T00:37:15.398809+00:00,1900600010920,42.5,Mala,54.0,Aceptable,promedio_sensores,1,5729,316,496,128
2026-10-01T00:37:15.398809+00:00,1900600011011,43.83,Mala,55.55,Aceptable,interpolacion_delaunay,0,0,0,0,0
2026-10-01T00:37:15.398809+00:00,1900600011026,43.86,Mala,55.56,Aceptable,interpolacion_delaunay,0,0,0,0,0
2026-10-01T00:37:15.398809+00:00,1900600011064,42.9,Mala,54.48,Aceptable,interpolacion_delaunay,0,4513,371,370,162
2026-10-01T00:37:15.398809+00:00,1900600011098,55.62,Mala,66.07,Mala,interpolacion_delaunay,0,5772,542,419,165
2026-10-01T00:37:15.398809+00:00,1900600011149,45.79,Mala,57.91,Aceptable,interpolacion_delaunay,0,1140,100,87,38
2026-10-01T00:37:15.398809+00:00,1900600011350,42.98,Mala,54.57,Aceptable,interpolacion_delaunay,0,3323,233,353,93
2026-10-01T00:37:15.398809+00:00,1900600011365,43.18,Mala,54.82,Aceptable,interpolacion_delaunay,0,3259,285,225,87
2026-10-01T00:37:15.398809+00:00,190060001137A,40.97,Mala,51.06,Aceptable,interpolacion_delaunay,0,2748,223,522,132
2026-10-01T00:37:15.398809+00:00,1900600011632,43.67,Mala,55.13,Aceptable,interpolacion_delaunay,0,5931,475,161,144
2026-10-01T00:37:15.398809+00:00,1900600011384,41.8,Mala,52.4,Aceptable,interpolacion_delaunay,0,3359,263,352,73
2026-10-01T00:37:15.398809+00:00,1900600011399,43.3,Mala,54.95,Aceptable,interpolacion_delaunay,0,2371,274,284,91
2026-10-01T00:37:15.398809+00:00,1900600011469,43.61,Mala,55.07,Aceptable,interpolacion_delaunay,0,1932,125,131,96
2026-10-01T00:37:15.398809+00:00,1900600011401,43.68,Mala,55.43,Aceptable,interpolacion_delaunay,0,3593,269,468,144
2026-10-01T00:37:15.398809+00:00,190060001144A,43.48,Mala,54.94,Aceptable,interpolacion_delaunay,0,6239,575,321,95
2026-10-01T00:37:15.398809+00:00,1900600011473,43.73,Mala,55.34,Aceptable,interpolacion_delaunay,0,2826,209,259,107
2026-10-01T00:37:15.398809+00:00,1900600011488,43.94,Mala,55.61,Aceptable,interpolacion_delaunay,0,2922,234,293,96
2026-10-01T00:37:15.398809+00:00,1900600011492,44.4,Mala,56.16,Aceptable,interpolacion_delaunay,0,1725,134,78,56
2026-10-01T00:37:15.398809+00:00,1900600011505,44.17,Mala,55.85,Aceptable,interpolacion_delaunay,0,2030,151,78,103
2026-10-01T00:37:15.398809+00:00,190060001151A,44.22,Mala,55.91,Aceptable,interpolacion_delaunay,0,4650,413,187,145
2026-10-01T00:37:15.398809+00:00,1900600011524,44.41,Mala,56.13,Aceptable,interpolacion_delaunay,0,3658,279,744,150
2026-10-01T00:37:15.398809+00:00,1900600011539,44.78,Mala,56.6,Aceptable,interpolacion_delaunay,0,3879,269,179,190
2026-10-01T00:37:15.398809+00:00,1900600011543,45.23,Mala,57.19,Aceptable,interpolacion_delaunay,0,3926,372,127,91
2026-10-01T00:37:15.398809+00:00,1900600011844,44.12,Mala,55.71,Aceptable,interpolacion_delaunay,0,1922,166,57,23
2026-10-01T00:37:15.398809+00:00,1900600011666,43.9,Mala,55.42,Aceptable,interpolacion_delaunay,0,2454,221,74,68
2026-10-01T00:37:15.398809+00:00,1900600011859,44.32,Mala,55.98,Aceptable,interpolacion_delaunay,0,1533,143,46,34
2026-10-01T00:37:15.398809+00:00,1900600011863,45.11,Mala,57.02,Aceptable,interpolacion_delaunay,0,1050,130,36,5
2026-10-01T00:37:15.398809+00:00,1900600011878,45.35,Mala,57.31,Aceptable,interpolacion_delaunay,0,5255,440,206,130
2026-10-01T00:37:15.398809+00:00,1900600011882,45.3,Mala,57.22,Aceptable,interpolacion_delaunay,0,5356,444,208,243
2026-10-01T00:37:15.398809+00:00,190060001190A,45.7,Mala,57.77,Aceptable,interpolacion_delaunay,0,3346,296,126,99
2026-10-01T00:37:15.398809+00:00,1900600011914,45.57,Mala,57.76,Aceptable,interpolacion_delaunay,0,5844,518,215,189
2026-10-01T00:37:15.398809+00:00,1900600011929,45.29,Mala,57.91,Aceptable,interpolacion_delaunay,0,5690,426,232,211
2026-10-01T00:37:15.398809+00:00,1900600012043,44.84,Mala,56.63,Aceptable,interpolacion_delaunay,0,3660,375,120,69
2026-10-01T00:37:15.398809+00:00,1900600012109,44.29,Mala,55.94,Aceptable,interpolacion_delaunay,0,1488,155,32,33
2026-10-01T00:37:15.398809+00:00,1900600012128,44.94,Mala,56.8,Aceptable,interpolacion_delaunay,0,1714,168,66,31
2026-10-01T00:37:15.398809+00:00,190060001226A,44.2,Mala,55.92,Aceptable,interpolacion_delaunay,0,4528,324,328,117
2026-10-01T00:37:15.398809+00:00,1900600012274,43.84,Mala,55.43,Aceptable,interpolacion_delaunay,0,5782,615,191,106
2026-10-01T00:37:15.398809+00:00,190060001233A,44.44,Mala,56.11,Aceptable,interpolacion_delaunay,0,2449,267,53,48
2026-10-01T00:37:15.398809+00:00,1900600012414,44.58,Mala,56.32,Aceptable,interpolacion_delaunay,0,2297,332,39,45
2026-10-01T00:37:15.398809+00:00,1900600012429,44.83,Mala,56.64,Aceptable,interpolacion_delaunay,0,3283,479,97,39
2026-10-01T00:37:15.398809+00:00,1900600012734,45.33,Mala,57.3,Aceptable,interpolacion_delaunay,0,961,146,24,13
2026-10-01T00:37:15.398809+00:00,1900600010992,43.42,Mala,55.02,Aceptable,interpolacion_delaunay,0,0,0,0,0
2026-10-01T00:37:15.398809+00:00,1900600012804,43.21,Mala,54.78,Aceptable,interpolacion_delaunay,0,705,129,13,7
2026-10-01T00:37:15.398809+00:00,1900600011897,45.05,Mala,57.63,Aceptable,interpolacion_delaunay,0,3063,294,202,149
2026-10-01T00:37:15.398809+00:00,1900600012202,45.04,Mala,56.99,Aceptable,interpolacion_delaunay,0,372,48,3,8
2026-10-01T00:37:15.398809+00:00,1900600012039,45.22,Mala,57.36,Aceptable,interpolacion_delaunay,0,2684,242,90,67
2026-10-01T00:37:15.398809+00:00,1900601740047,43.75,Mala,55.2,Aceptable,interpolacion_delaunay,0,1719,266,38,40
2026-10-01T00:37:15.398809+00:00,190190001005A,32.81,Aceptable,37.09,Bueno,interpolacion_delaunay,0,2404,108,693,69
2026-10-01T00:37:15.398809+00:00,1901900010064,33.45,Mala,37.55,Bueno,promedio_sensores,4,2721,181,677,58
2026-10-01T00:37:15.398809+00:00,1901900010079,33.0,Aceptable,37.9,Bueno,promedio_sensores,1,4464,212,1159,127
2026-10-01T00:37:15.398809+00:00,1901900010083,22.1,Aceptable,24.93,Bueno,promedio_sensores,3,1374,63,441,45
2026-10-01T00:37:15.398809+00:00,1901900010098,28.2,Aceptable,28.6,Bueno,promedio_sensores,1,1854,103,460,42
2026-10-01T00:37:15.398809+00:00,1901900010100,36.2,Mala,43.0,Bueno,promedio_sensores,1,1944,129,547,21
2026-10-01T00:37:15.398809+00:00,1901900010149,35.2,Mala,43.8,Bueno,promedio_sensores,1,1163,75,215,15
2026-10-01T00:37:15.398809+00:00,1901900010153,36.7,Mala,43.1,Bueno,promedio_sensores,1,1800,134,430,81
2026-10-01T00:37:15.398809+00:00,1901900010168,34.4,Mala,40.0,Bueno,promedio_sensores,1,1570,81,416,43
2026-10-01T00:37:15.398809+00:00,1901900010172,34.09,Mala,39.04,Bueno,interpolacion_delaunay,0,1335,59,357,29
2026-10-01T00:37:15.398809+00:00,1901900010187,31.0,Aceptable,35.09,Bueno,interpolacion_delaunay,0,4463,306,999,93
2026-10-01T00:37:15.398809+00:00,1901900010191,24.2,Aceptable,25.5,Bueno,promedio_sensores,1,2824,172,637,108
2026-10-01T00:37:15.398809+00:00,1901900010204,31.26,Aceptable,36.84,Bueno,interpolacion_delaunay,0,3926,317,736,119
2026-10-01T00:37:15.398809+00:00,1901900010223,34.91,Mala,42.17,Bueno,interpolacion_delaunay,0,2979,89,503,54
2026-10-01T00:37:15.398809+00:00,1901900010238,36.1,Mala,45.2,Aceptable,promedio_sensores,1,1904,73,302,23
2026-10-01T00:37:15.398809+00:00,1901900010242,23.03,Aceptable,27.13,Bueno,promedio_sensores,3,2717,143,729,92
2026-10-01T00:37:15.398809+00:00,1901900010257,32.2,Aceptable,35.6,Bueno,promedio_sensores,1,1307,56,361,13
2026-10-01T00:37:15.398809+00:00,1901900010261,17.45,Aceptable,20.45,Bueno,promedio_sensores,2,2240,113,567,42
2026-10-01T00:37:15.398809+00:00,1901900010280,27.01,Aceptable,29.79,Bueno,interpolacion_delaunay,0,2690,79,360,43
2026-10-01T00:37:15.398809+00:00,1901900010350,27.24,Aceptable,31.62,Bueno,interpolacion_delaunay,0,2768,148,592,68
2026-10-01T00:37:15.398809+00:00,1901900010365,37.0,Mala,41.9,Bueno,promedio_sensores,1,3419,327,293,61
2026-10-01T00:37:15.398809+00:00,1901900010399,31.5,Aceptable,34.1,Bueno,promedio_sensores,2,1162,6,68,0
2026-10-01T00:37:15.398809+00:00,1901900010401,25.3,Aceptable,27.7,Bueno,promedio_sensores,1,2375,247,392,86
2026-10-01T00:37:15.398809+00:00,1901900010416,25.22,Aceptable,27.47,Bueno,interpolacion_delaunay,0,700,19,105,4
2026-10-01T00:37:15.398809+00:00,1901900010420,34.1,Mala,40.2,Bueno,promedio_sensores,1,1696,93,408,47
2026-10-01T00:37:15.398809+00:00,1901900010435,31.6,Aceptable,35.5,Bueno,promedio_sensores,1,4494,346,601,54
2026-10-01T00:37:15.398809+00:00,190190001044A,22.67,Aceptable,26.23,Bueno,promedio_sensores,3,4383,354,439,56
2026-10-01T00:37:15.398809+00:00,1901900010454,27.0,Aceptable,29.5,Bueno,promedio_sensores,2,557,26,114,11
2026-10-01T00:37:15.398809+00:00,1901900010469,28.2,Aceptable,30.8,Bueno,promedio_sensores,1,3112,170,568,37
2026-10-01T00:37:15.398809+00:00,1901900010473,28.18,Aceptable,30.91,Bueno,interpolacion_delaunay,0,983,46,182,19
2026-10-01T00:37:15.398809+00:00,1901900010488,28.55,Aceptable,31.0,Bueno,promedio_sensores,2,2757,295,371,102
2026-10-01T00:37:15.398809+00:00,1901900010492,16.65,Aceptable,20.4,Bueno,promedio_sensores,2,2848,173,697,71
2026-10-01T00:37:15.398809+00:00,1901900010505,24.44,Aceptable,26.13,Bueno,interpolacion_delaunay,0,2494,111,512,19
2026-10-01T00:37:15.398809+00:00,190190001051A,32.9,Aceptable,38.3,Bueno,promedio_sensores,1,1899,111,507,36
2026-10-01T00:37:15.398809+00:00,1901900010558,31.0,Aceptable,35.7,Bueno,promedio_sensores,3,1349,87,230,21
2026-10-01T00:37:15.398809+00:00,1901900010613,27.76,Aceptable,30.42,Bueno,interpolacion_delaunay,0,132,0,20,0
2026-10-01T00:37:15.398809+00:00,1901900010384,32.8,Aceptable,37.11,Bueno,interpolacion_delaunay,0,1111,19,119,15
2026-10-01T00:37:15.398809+00:00,1901900010219,34.46,Mala,42.08,Bueno,interpolacion_delaunay,0,1954,106,555,58
2026-10-01T00:37:15.398809+00:00,1902100011338,71.81,Mala,81.98,Mala,interpolacion_delaunay,0,2800,219,134,55
2026-10-01T00:37:15.398809+00:00,1902100011817,86.1,Muy alta,94.1,Mala,promedio_sensores,1,583,52,40,11
2026-10-01T00:37:15.398809+00:00,1902100010293,70.2,Mala,79.7,Mala,interpolacion_delaunay,0,2008,84,165,35
2026-10-01T00:37:15.398809+00:00,190210001033A,71.5,Mala,80.48,Mala,interpolacion_delaunay,0,4000,286,440,91
2026-10-01T00:37:15.398809+00:00,1902100011060,45.71,Mala,58.74,Aceptable,interpolacion_delaunay,0,3355,278,195,95
2026-10-01T00:37:15.398809+00:00,1902100010289,68.98,Mala,78.88,Mala,interpolacion_delaunay,0,1352,78,109,44
2026-10-01T00:37:15.398809+00:00,1902100010325,54.26,Mala,65.16,Mala,interpolacion_delaunay,0,1,0,0,0
2026-10-01T00:37:15.398809+00:00,1902100011412,39.7,Mala,49.0,Aceptable,promedio_sensores,1,3239,228,156,27
2026-10-01T00:37:15.398809+00:00,1902100011427,73.45,Mala,81.78,Mala,interpolacion_delaunay,0,4126,302,227,21
2026-10-01T00:37:15.398809+00:00,1902100011408,69.95,Mala,79.25,Mala,interpolacion_delaunay,0,6781,377,571,69
2026-10-01T00:37:15.398809+00:00,1902100011342,67.8,Mala,78.52,Mala,interpolacion_delaunay,0,4655,261,185,126
2026-10-01T00:37:15.398809+00:00,1902100010043,44.6,Mala,57.19,Aceptable,interpolacion_delaunay,0,4208,322,819,334
2026-10-01T00:37:15.398809+00:00,1902100010255,57.45,Mala,69.35,Mala,interpolacion_delaunay,0,6704,625,410,194
2026-10-01T00:37:15.398809+00:00,1902100010378,44.4,Mala,56.9,Aceptable,promedio_sensores,1,4134,262,294,72
2026-10-01T00:37:15.398809+00:00,1902100011075,44.75,Mala,57.37,Aceptable,interpolacion_delaunay,0,8122,855,320,248
2026-10-01T00:37:15.398809+00:00,1902600011832,45.27,Mala,57.3,Aceptable,interpolacion_delaunay,0,3764,305,386,174
2026-10-01T00:37:15.398809+00:00,1902600010035,44.86,Mala,56.75,Aceptable,interpolacion_delaunay,0,1597,156,285,106
2026-10-01T00:37:15.398809+00:00,1902600012332,43.21,Mala,55.64,Aceptable,interpolacion_delaunay,0,5634,507,898,399
2026-10-01T00:37:15.398809+00:00,1902600010020,44.84,Mala,56.76,Aceptable,interpolacion_delaunay,0,1825,174,355,160
2026-10-01T00:37:15.398809+00:00,1902600011279,44.69,Mala,56.55,Aceptable,interpolacion_delaunay,0,4324,384,731,269
2026-10-01T00:37:15.398809+00:00,1902600011283,44.67,Mala,56.52,Aceptable,interpolacion_delaunay,0,3719,341,754,207
2026-10-01T00:37:15.398809+00:00,1902600012440,45.14,Mala,57.19,Aceptable,interpolacion_delaunay,0,2604,133,153,35
2026-10-01T00:37:15.398809+00:00,1902600012667,47.65,Mala,60.52,Mala,interpolacion_delaunay,0,778,73,30,14
2026-10-01T00:37:15.398809+00:00,1902600012811,37.0,Mala,47.22,Aceptable,interpolacion_delaunay,0,26,4,0,0
2026-10-01T00:37:15.398809+00:00,1902600010459,40.28,Mala,50.0,Aceptable,interpolacion_delaunay,0,3039,123,850,229
2026-10-01T00:37:15.398809+00:00,1902600010317,40.66,Mala,50.4,Aceptable,interpolacion_delaunay,0,4084,275,902,321
2026-10-01T00:37:15.398809+00:00,1902600010957,44.99,Mala,56.94,Aceptable,interpolacion_delaunay,0,5841,533,1121,336
2026-10-01T00:37:15.398809+00:00,1902600011103,47.44,Mala,61.96,Mala,interpolacion_delaunay,0,950,69,80,47
2026-10-01T00:37:15.398809+00:00,1902600011457,44.45,Mala,56.02,Aceptable,interpolacion_delaunay,0,2279,129,466,94
2026-10-01T00:37:15.398809+00:00,1902600011404,35.69,Mala,42.51,Bueno,interpolacion_delaunay,0,3115,227,702,219
2026-10-01T00:37:15.398809+00:00,1902600011508,47.54,Mala,61.77,Mala,interpolacion_delaunay,0,1978,175,250,90
2026-10-01T00:37:15.398809+00:00,1902600011828,44.89,Mala,56.83,Aceptable,interpolacion_delaunay,0,2175,178,266,60
2026-10-01T00:37:15.398809+00:00,1902600011847,45.5,Mala,57.6,Aceptable,interpolacion_delaunay,0,4488,374,407,157
2026-10-01T00:37:15.398809+00:00,1902600012402,47.06,Mala,59.89,Aceptable,interpolacion_delaunay,0,2699,234,353,170
2026-10-01T00:37:15.398809+00:00,1902600012205,46.79,Mala,60.57,Mala,interpolacion_delaunay,0,4435,432,502,204
2026-10-01T00:37:15.398809+00:00,1902600012258,47.26,Mala,60.76,Mala,interpolacion_delaunay,0,1006,77,102,40
2026-10-01T00:37:15.398809+00:00,1902600012296,44.5,Mala,56.03,Aceptable,interpolacion_delaunay,0,4398,237,919,190
2026-10-01T00:37:15.398809+00:00,1902600012455,45.33,Mala,57.41,Aceptable,interpolacion_delaunay,0,4962,328,296,118
2026-10-01T00:37:15.398809+00:00,1902600010302,40.17,Mala,49.71,Aceptable,interpolacion_delaunay,0,2790,166,675,209
2026-10-01T00:37:15.398809+00:00,1902600010425,37.09,Mala,45.39,Aceptable,interpolacion_delaunay,0,3687,235,843,230
2026-10-01T00:37:15.398809+00:00,1902600010533,37.12,Mala,45.72,Aceptable,interpolacion_delaunay,0,1681,81,395,96
2026-10-01T00:37:15.398809+00:00,1902600011813,44.89,Mala,56.85,Aceptable,interpolacion_delaunay,0,5250,447,545,129
2026-10-01T00:37:15.398809+00:00,1902600011851,45.73,Mala,57.9,Aceptable,interpolacion_delaunay,0,4115,305,359,155
2026-10-01T00:37:15.398809+00:00,1902600012436,44.84,Mala,56.8,Aceptable,interpolacion_delaunay,0,3242,185,145,20
2026-10-01T00:37:15.398809+00:00,1902600012686,47.04,Mala,60.14,Mala,interpolacion_delaunay,0,40,3,7,5
2026-10-01T00:37:15.398809+00:00,1902600010124,43.41,Mala,54.79,Aceptable,interpolacion_delaunay,0,2665,140,749,113
2026-10-01T00:37:15.398809+00:00,1902600012417,44.23,Mala,55.67,Aceptable,interpolacion_delaunay,0,2073,147,228,128
2026-10-01T00:37:15.398809+00:00,1902600012347,46.25,Mala,58.99,Aceptable,interpolacion_delaunay,0,4440,433,247,105
2026-10-01T00:37:15.398809+00:00,190260001239A,47.84,Mala,60.01,Mala,interpolacion_delaunay,0,2697,236,207,88
2026-10-01T00:37:15.398809+00:00,190260001260A,47.18,Mala,60.34,Mala,interpolacion_delaunay,0,979,82,21,36
2026-10-01T00:37:15.398809+00:00,1902600011391,44.35,Mala,55.64,Aceptable,interpolacion_delaunay,0,3747,280,1036,286
2026-10-01T00:37:15.398809+00:00,1902600010251,44.62,Mala,56.2,Aceptable,interpolacion_delaunay,0,6072,581,994,581
2026-10-01T00:37:15.398809+00:00,1902600010707,43.5,Mala,54.85,Aceptable,interpolacion_delaunay,0,4261,296,986,365
2026-10-01T00:37:15.398809+00:00,190260001157A,44.12,Mala,55.63,Aceptable,interpolacion_delaunay,0,2161,148,444,126
2026-10-01T00:37:15.398809+00:00,1902600011654,46.91,Mala,60.39,Mala,interpolacion_delaunay,0,3737,309,535,205
2026-10-01T00:37:15.398809+00:00,1902600012385,36.8,Mala,46.99,Aceptable,interpolacion_delaunay,0,108,11,8,5
2026-10-01T00:37:15.398809+00:00,1902600011495,47.8,Mala,61.94,Mala,interpolacion_delaunay,0,2675,203,421,91
2026-10-01T00:37:15.398809+00:00,1902600012525,46.55,Mala,59.2,Aceptable,interpolacion_delaunay,0,6162,464,363,124
2026-10-01T00:37:15.398809+00:00,1902600010995,45.9,Mala,58.1,Aceptable,interpolacion_delaunay,0,1016,61,224,56
2026-10-01T00:37:15.398809+00:00,1902600011866,42.18,Mala,53.18,Aceptable,interpolacion_delaunay,0,3064,167,548,67
2026-10-01T00:37:15.398809+00:00,190260001207A,32.41,Aceptable,37.91,Bueno,interpolacion_delaunay,0,2199,99,452,47
2026-10-01T00:37:15.398809+00:00,1902600012120,22.79,Aceptable,24.99,Bueno,interpolacion_delaunay,0,1092,33,384,28
2026-10-01T00:37:15.398809+00:00,1902600012135,16.87,Aceptable,18.18,Bueno,interpolacion_delaunay,0,1356,47,414,29
2026-10-01T00:37:15.398809+00:00,1902600012544,46.03,Mala,59.47,Aceptable,interpolacion_delaunay,0,2171,187,206,83
2026-10-01T00:37:15.398809+00:00,1902600010069,40.01,Mala,49.74,Aceptable,interpolacion_delaunay,0,1920,94,579,107
2026-10-01T00:37:15.398809+00:00,1902600010073,40.43,Mala,50.36,Aceptable,interpolacion_delaunay,0,3137,159,955,77
2026-10-01T00:37:15.398809+00:00,1902600010088,40.81,Mala,51.03,Aceptable,interpolacion_delaunay,0,2870,157,722,160
2026-10-01T00:37:15.398809+00:00,1902600010158,39.74,Mala,48.95,Aceptable,interpolacion_delaunay,0,1517,70,502,83
2026-10-01T00:37:15.398809+00:00,190260001029A,39.54,Mala,48.83,Aceptable,interpolacion_delaunay,0,1809,94,461,133
2026-10-01T00:37:15.398809+00:00,1902600011885,39.57,Mala,49.1,Aceptable,interpolacion_delaunay,0,1944,100,497,103
2026-10-01T00:37:15.398809+00:00,1902600012192,47.2,Mala,60.77,Mala,interpolacion_delaunay,0,2742,217,241,94
2026-10-01T00:37:15.398809+00:00,1902600012243,38.08,Mala,49.11,Aceptable,interpolacion_delaunay,0,316,37,21,22
2026-10-01T00:37:15.398809+00:00,1902600012421,44.95,Mala,56.49,Aceptable,interpolacion_delaunay,0,2385,134,120,49
2026-10-01T00:37:15.398809+00:00,1902600012597,47.57,Mala,60.71,Mala,interpolacion_delaunay,0,3539,244,126,97
2026-10-01T00:37:15.398809+00:00,1902600011029,46.0,Mala,58.26,Aceptable,interpolacion_delaunay,0,1109,94,97,45
2026-10-01T00:37:15.398809+00:00,190260001189A,39.6,Mala,49.03,Aceptable,interpolacion_delaunay,0,2117,131,543,112
2026-10-01T00:37:15.398809+00:00,1902600012703,38.4,Mala,49.0,Aceptable,interpolacion_delaunay,0,632,49,33,14
2026-10-01T00:37:15.398809+00:00,1902600011372,43.57,Mala,54.44,Aceptable,interpolacion_delaunay,0,2451,168,520,192
2026-10-01T00:37:15.398809+00:00,1902600012366,47.1,Mala,60.39,Mala,interpolacion_delaunay,0,350,28,12,6
2026-10-01T00:37:15.398809+00:00,1902600010321,41.25,Mala,51.16,Aceptable,interpolacion_delaunay,0,5159,259,1483,335
2026-10-01T00:37:15.398809+00:00,1902600010336,41.75,Mala,51.87,Aceptable,interpolacion_delaunay,0,3112,150,945,118
2026-10-01T00:37:15.398809+00:00,1902600010340,42.25,Mala,52.55,Aceptable,interpolacion_delaunay,0,5009,289,1452,316
2026-10-01T00:37:15.398809+00:00,1902600010355,42.55,Mala,53.03,Aceptable,interpolacion_delaunay,0,2172,143,527,123
2026-10-01T00:37:15.398809+00:00,1902600010389,44.05,Mala,55.14,Aceptable,interpolacion_delaunay,0,3485,223,809,188
2026-10-01T00:37:15.398809+00:00,1902600010393,44.24,Mala,55.51,Aceptable,interpolacion_delaunay,0,4293,274,932,186
2026-10-01T00:37:15.398809+00:00,1902600010618,43.7,Mala,54.98,Aceptable,interpolacion_delaunay,0,3420,248,733,217
2026-10-01T00:37:15.398809+00:00,1902600010730,49.33,Mala,60.49,Mala,interpolacion_delaunay,0,4610,359,992,364
2026-10-01T00:37:15.398809+00:00,1902600011033,46.77,Mala,59.25,Aceptable,interpolacion_delaunay,0,5199,444,572,162
2026-10-01T00:37:15.398809+00:00,1902600011122,46.41,Mala,59.37,Aceptable,interpolacion_delaunay,0,6940,637,766,300
2026-10-01T00:37:15.398809+00:00,1902600011546,42.17,Mala,52.91,Aceptable,interpolacion_delaunay,0,3715,209,870,202
2026-10-01T00:37:15.398809+00:00,1902600011461,45.01,Mala,56.84,Aceptable,interpolacion_delaunay,0,3227,233,684,198
2026-10-01T00:37:15.398809+00:00,190260001132A,41.48,Mala,51.54,Aceptable,interpolacion_delaunay,0,2713,152,488,78
2026-10-01T00:37:15.398809+00:00,1902600011334,45.75,Mala,57.87,Aceptable,interpolacion_delaunay,0,3525,289,683,240
2026-10-01T00:37:15.398809+00:00,1902600011349,46.37,Mala,58.61,Aceptable,interpolacion_delaunay,0,2716,239,484,222
2026-10-01T00:37:15.398809+00:00,1902600011368,43.13,Mala,53.85,Aceptable,interpolacion_delaunay,0,3348,226,652,119
2026-10-01T00:37:15.398809+00:00,1902600011419,41.12,Mala,51.13,Aceptable,interpolacion_delaunay,0,2833,144,728,158
2026-10-01T00:37:15.398809+00:00,1902600011442,44.14,Mala,55.64,Aceptable,interpolacion_delaunay,0,3169,182,598,174
2026-10-01T00:37:15.398809+00:00,1902600011565,43.04,Mala,54.19,Aceptable,interpolacion_delaunay,0,4076,290,816,263
2026-10-01T00:37:15.398809+00:00,1902600011584,45.99,Mala,57.35,Aceptable,interpolacion_delaunay,0,4255,317,895,221
2026-10-01T00:37:15.398809+00:00,1902600011599,46.67,Mala,58.11,Aceptable,interpolacion_delaunay,0,2923,228,572,152
2026-10-01T00:37:15.398809+00:00,1902600011601,49.7,Mala,60.6,Mala,promedio_sensores,1,3474,261,775,299
2026-10-01T00:37:15.398809+00:00,1902600011688,48.59,Mala,60.16,Mala,interpolacion_delaunay,0,3727,240,688,249
2026-10-01T00:37:15.398809+00:00,190260001171A,46.91,Mala,58.9,Aceptable,interpolacion_delaunay,0,4383,321,770,213
2026-10-01T00:37:15.398809+00:00,1902600012008,34.94,Mala,41.81,Bueno,interpolacion_delaunay,0,1064,52,278,35
2026-10-01T00:37:15.398809+00:00,1902600011781,38.74,Mala,49.05,Aceptable,interpolacion_delaunay,0,260,22,25,0
2026-10-01T00:37:15.398809+00:00,1902600011989,42.66,Mala,53.59,Aceptable,interpolacion_delaunay,0,3336,217,653,151
2026-10-01T00:37:15.398809+00:00,1902600012027,48.07,Mala,59.91,Aceptable,interpolacion_delaunay,0,5601,339,676,195
2026-10-01T00:37:15.398809+00:00,1902600012116,41.86,Mala,53.64,Aceptable,interpolacion_delaunay,0,2265,174,319,64
2026-10-01T00:37:15.398809+00:00,1902600012328,47.29,Mala,60.61,Mala,interpolacion_delaunay,0,2737,200,173,54
2026-10-01T00:37:15.398809+00:00,1902600012510,46.61,Mala,59.34,Aceptable,interpolacion_delaunay,0,3466,257,269,90
2026-10-01T00:37:15.398809+00:00,1902600012578,45.03,Mala,57.61,Aceptable,interpolacion_delaunay,0,2465,185,298,196
2026-10-01T00:37:15.398809+00:00,1902600012582,44.73,Mala,57.25,Aceptable,interpolacion_delaunay,0,2739,201,423,283
2026-10-01T00:37:15.398809+00:00,1902600012614,47.58,Mala,61.14,Mala,interpolacion_delaunay,0,3024,272,68,36
2026-10-01T00:37:15.398809+00:00,1902600010177,40.31,Mala,49.94,Aceptable,interpolacion_delaunay,0,1769,60,559,90
2026-10-01T00:37:15.398809+00:00,1902600010444,37.55,Mala,45.55,Aceptable,interpolacion_delaunay,0,2474,121,665,111
2026-10-01T00:37:15.398809+00:00,1902600011531,41.86,Mala,52.43,Aceptable,interpolacion_delaunay,0,3594,235,816,160
2026-10-01T00:37:15.398809+00:00,1902600010232,43.68,Mala,54.92,Aceptable,interpolacion_delaunay,0,2521,162,744,110
2026-10-01T00:37:15.398809+00:00,1902600010196,40.73,Mala,50.56,Aceptable,interpolacion_delaunay,0,1557,66,485,73
2026-10-01T00:37:15.398809+00:00,1902600010213,42.82,Mala,53.72,Aceptable,interpolacion_delaunay,0,2063,114,530,142
2026-10-01T00:37:15.398809+00:00,190260001011A,42.82,Mala,53.96,Aceptable,interpolacion_delaunay,0,3115,155,816,154
2026-10-01T00:37:15.398809+00:00,1902600010162,39.97,Mala,49.4,Aceptable,interpolacion_delaunay,0,1624,64,473,65
2026-10-01T00:37:15.398809+00:00,1902600010181,40.31,Mala,49.75,Aceptable,interpolacion_delaunay,0,1561,63,499,94
2026-10-01T00:37:15.398809+00:00,1902600010228,43.02,Mala,53.85,Aceptable,interpolacion_delaunay,0,1619,140,316,120
2026-10-01T00:37:15.398809+00:00,1902600010603,43.43,Mala,54.58,Aceptable,interpolacion_delaunay,0,1632,93,346,132
2026-10-01T00:37:15.398809+00:00,1902600010745,48.98,Mala,60.33,Mala,interpolacion_delaunay,0,1565,113,330,126
2026-10-01T00:37:15.398809+00:00,1902600010798,43.5,Mala,54.85,Aceptable,interpolacion_delaunay,0,3364,210,732,231
2026-10-01T00:37:15.398809+00:00,1902600010815,43.66,Mala,55.59,Aceptable,interpolacion_delaunay,0,4739,363,1000,268
2026-10-01T00:37:15.398809+00:00,1902600011438,35.87,Mala,43.23,Bueno,interpolacion_delaunay,0,1771,89,459,85
2026-10-01T00:37:15.398809+00:00,1902600011476,45.53,Mala,57.29,Aceptable,interpolacion_delaunay,0,3270,215,839,209
2026-10-01T00:37:15.398809+00:00,1902600011777,42.56,Mala,53.83,Aceptable,interpolacion_delaunay,0,3599,312,366,80
2026-10-01T00:37:15.398809+00:00,1902600012031,47.48,Mala,59.65,Aceptable,interpolacion_delaunay,0,4385,273,421,152
2026-10-01T00:37:15.398809+00:00,1902600012173,38.09,Mala,46.5,Aceptable,interpolacion_delaunay,0,108,5,10,3
2026-10-01T00:37:15.398809+00:00,1902600012474,45.93,Mala,58.21,Aceptable,interpolacion_delaunay,0,3828,248,138,120
2026-10-01T00:37:15.398809+00:00,190260001253A,46.48,Mala,59.95,Aceptable,interpolacion_delaunay,0,1418,134,74,37
2026-10-01T00:37:15.398809+00:00,1902600012648,48.56,Mala,60.3,Mala,interpolacion_delaunay,0,1998,125,415,138
2026-10-01T00:37:15.398809+00:00,1902600012794,47.09,Mala,59.56,Aceptable,interpolacion_delaunay,0,776,83,32,8
2026-10-01T00:37:15.398809+00:00,1902600012775,47.59,Mala,60.59,Mala,interpolacion_delaunay,0,1381,194,42,36
2026-10-01T00:37:15.398809+00:00,1902600012898,28.91,Aceptable,32.67,Bueno,interpolacion_delaunay,0,21,3,0,0
2026-10-01T00:37:15.398809+00:00,1902600010849,38.1,Mala,48.92,Aceptable,interpolacion_delaunay,0,1926,132,278,87
2026-10-01T00:37:15.398809+00:00,1902600012262,44.4,Mala,56.12,Aceptable,interpolacion_delaunay,0,2668,227,217,83
2026-10-01T00:37:15.398809+00:00,1902600010266,45.35,Mala,57.31,Aceptable,interpolacion_delaunay,0,427,58,19,0
2026-10-01T00:37:15.398809+00:00,1902600010779,39.04,Mala,47.92,Aceptable,interpolacion_delaunay,0,677,45,131,66
2026-10-01T00:37:15.398809+00:00,1902600010872,24.75,Aceptable,27.56,Bueno,interpolacion_delaunay,0,3088,114,989,72
2026-10-01T00:37:15.398809+00:00,1902600011902,43.81,Mala,55.22,Aceptable,interpolacion_delaunay,0,2434,191,435,71
2026-10-01T00:37:15.398809+00:00,1902600011993,42.62,Mala,53.62,Aceptable,interpolacion_delaunay,0,3528,203,521,147
2026-10-01T00:37:15.398809+00:00,1902600012012,33.98,Mala,40.37,Bueno,interpolacion_delaunay,0,2227,119,600,34
2026-10-01T00:37:15.398809+00:00,1902600012084,31.28,Aceptable,35.83,Bueno,interpolacion_delaunay,0,1461,49,516,49
2026-10-01T00:37:15.398809+00:00,1902600012188,32.23,Aceptable,37.05,Bueno,interpolacion_delaunay,0,460,18,82,4
2026-10-01T00:37:15.398809+00:00,1902600012277,44.33,Mala,55.91,Aceptable,interpolacion_delaunay,0,3597,281,616,228
2026-10-01T00:37:15.398809+00:00,190260001246A,45.63,Mala,57.8,Aceptable,interpolacion_delaunay,0,4546,358,308,145
2026-10-01T00:37:15.398809+00:00,1902600012559,44.58,Mala,56.72,Aceptable,interpolacion_delaunay,0,4248,285,324,114
2026-10-01T00:37:15.398809+00:00,1902600012652,47.49,Mala,60.12,Mala,interpolacion_delaunay,0,3158,323,113,122
2026-10-01T00:37:15.398809+00:00,1902600012671,47.85,Mala,60.39,Mala,interpolacion_delaunay,0,1647,122,65,34
2026-10-01T00:37:15.398809+00:00,1902600012718,36.38,Mala,46.91,Aceptable,interpolacion_delaunay,0,2829,290,123,131
2026-10-01T00:37:15.398809+00:00,1902600012741,42.58,Mala,53.64,Aceptable,interpolacion_delaunay,0,1897,119,345,52
2026-10-01T00:37:15.398809+00:00,1902600012879,47.7,Mala,60.4,Mala,promedio_sensores,1,2144,300,65,16
2026-10-01T00:37:15.398809+00:00,1902600010285,36.76,Mala,44.31,Bueno,interpolacion_delaunay,0,2844,174,613,185
2026-10-01T00:37:15.398809+00:00,1902600012690,36.19,Mala,46.21,Aceptable,interpolacion_delaunay,0,79,0,3,0
2026-10-01T00:37:15.398809+00:00,1902600012099,38.78,Mala,49.35,Aceptable,interpolacion_delaunay,0,5241,599,554,189
2026-10-01T00:37:15.398809+00:00,1902600011936,46.98,Mala,59.51,Aceptable,interpolacion_delaunay,0,2951,267,407,119
2026-10-01T00:37:15.398809+00:00,1902600012169,34.76,Mala,40.89,Bueno,interpolacion_delaunay,0,1023,50,158,14
2026-10-01T00:37:15.398809+00:00,190260001118A,37.78,Mala,45.85,Aceptable,interpolacion_delaunay,0,3453,227,320,71
2026-10-01T00:37:15.398809+00:00,1902600012050,44.81,Mala,56.73,Aceptable,interpolacion_delaunay,0,4134,320,745,263
2026-10-01T00:37:15.398809+00:00,1902600012101,38.96,Mala,49.76,Aceptable,interpolacion_delaunay,0,3626,381,484,119
2026-10-01T00:37:15.398809+00:00,1902600012563,38.75,Mala,49.6,Aceptable,interpolacion_delaunay,0,2676,291,133,25
2026-10-01T00:37:15.398809+00:00,190260001278A,46.21,Mala,58.42,Aceptable,interpolacion_delaunay,0,3558,402,98,36
2026-10-01T00:37:15.398809+00:00,1902600011921,46.71,Mala,59.15,Aceptable,interpolacion_delaunay,0,2594,223,377,76
2026-10-01T00:37:15.398809+00:00,1902600010092,41.48,Mala,52.06,Aceptable,interpolacion_delaunay,0,4183,262,1039,106
2026-10-01T00:37:15.398809+00:00,1902600011300,44.16,Mala,55.73,Aceptable,interpolacion_delaunay,0,2915,163,792,188
2026-10-01T00:37:15.398809+00:00,1902600010143,46.4,Mala,58.78,Aceptable,interpolacion_delaunay,0,2245,273,113,55
2026-10-01T00:37:15.398809+00:00,1902600011870,42.16,Mala,53.01,Aceptable,interpolacion_delaunay,0,3271,173,768,82
2026-10-01T00:37:15.398809+00:00,1902600011315,41.51,Mala,51.84,Aceptable,interpolacion_delaunay,0,3497,230,464,42
2026-10-01T00:37:15.398809+00:00,1902600011014,46.06,Mala,58.35,Aceptable,interpolacion_delaunay,0,2155,150,459,98
2026-10-01T00:37:15.398809+00:00,1902600011616,48.24,Mala,60.15,Mala,interpolacion_delaunay,0,3883,311,769,201
2026-10-01T00:37:15.398809+00:00,1902600011620,47.88,Mala,60.02,Mala,interpolacion_delaunay,0,4814,356,1024,301
2026-10-01T00:37:15.398809+00:00,1902600011480,47.95,Mala,60.16,Mala,interpolacion_delaunay,0,4784,390,737,223
2026-10-01T00:37:15.398809+00:00,1902600010641,46.75,Mala,58.64,Aceptable,interpolacion_delaunay,0,2917,240,627,202
2026-10-01T00:37:15.398809+00:00,1902600012633,49.03,Mala,60.52,Mala,interpolacion_delaunay,0,2429,188,313,91
2026-10-01T00:37:15.398809+00:00,190260001164A,47.15,Mala,59.72,Aceptable,interpolacion_delaunay,0,2101,168,367,57
2026-10-01T00:37:15.398809+00:00,1902600011635,47.43,Mala,59.79,Aceptable,interpolacion_delaunay,0,4695,347,639,204
2026-10-01T00:37:15.398809+00:00,1902600010961,45.52,Mala,57.68,Aceptable,interpolacion_delaunay,0,1353,81,150,34
2026-10-01T00:37:15.398809+00:00,1902600011226,41.78,Mala,52.98,Aceptable,interpolacion_delaunay,0,4831,444,615,226
2026-10-01T00:37:15.398809+00:00,1902600012807,41.48,Mala,52.36,Aceptable,interpolacion_delaunay,0,51,0,0,0
2026-10-01T00:37:15.398809+00:00,1902600012737,41.71,Mala,52.66,Aceptable,interpolacion_delaunay,0,153,17,4,4
2026-10-01T00:37:15.398809+00:00,1902600012046,44.01,Mala,55.66,Aceptable,interpolacion_delaunay,0,5116,376,649,199
2026-10-01T00:37:15.398809+00:00,1902600012756,42.7,Mala,53.9,Aceptable,promedio_sensores,1,2572,282,124,24
2026-10-01T00:37:15.398809+00:00,1902600010783,41.28,Mala,51.58,Aceptable,interpolacion_delaunay,0,1477,145,264,42
2026-10-01T00:37:15.398809+00:00,1902600011230,42.14,Mala,53.49,Aceptable,interpolacion_delaunay,0,3324,362,242,132
2026-10-01T00:37:15.398809+00:00,1902600011758,33.0,Aceptable,38.0,Bueno,promedio_sensores,1,2105,92,408,43
2026-10-01T00:37:15.398809+00:00,1902600011141,47.08,Mala,61.34,Mala,interpolacion_delaunay,0,9036,1161,432,363
2026-10-01T00:37:15.398809+00:00,1902600011743,41.11,Mala,52.89,Aceptable,interpolacion_delaunay,0,7461,709,958,323
2026-10-01T00:37:15.398809+00:00,1902600012629,36.6,Mala,47.12,Aceptable,interpolacion_delaunay,0,1943,149,74,66
2026-10-01T00:37:15.398809+00:00,1902600011762,42.94,Mala,54.21,Aceptable,interpolacion_delaunay,0,2427,183,512,77
2026-10-01T00:37:15.398809+00:00,1902600011194,40.43,Mala,50.19,Aceptable,interpolacion_delaunay,0,4669,300,960,201
2026-10-01T00:37:15.398809+00:00,1902600011052,46.34,Mala,58.62,Aceptable,interpolacion_delaunay,0,7318,799,917,451
2026-10-01T00:37:15.398809+00:00,1902600012722,46.42,Mala,58.94,Aceptable,interpolacion_delaunay,0,1673,182,35,23
2026-10-01T00:37:15.398809+00:00,1902600010209,45.9,Mala,58.31,Aceptable,interpolacion_delaunay,0,0,0,0,0
2026-10-01T00:37:15.398809+00:00,1902600012883,45.95,Mala,58.56,Aceptable,interpolacion_delaunay,0,2693,391,65,39
2026-10-01T00:37:15.398809+00:00,1902600011512,36.87,Mala,45.54,Aceptable,interpolacion_delaunay,0,1411,83,448,118
2026-10-01T00:37:15.398809+00:00,1902600011527,36.85,Mala,45.52,Aceptable,interpolacion_delaunay,0,2114,99,718,127
2026-10-01T00:37:15.398809+00:00,1902600010853,36.9,Mala,45.31,Aceptable,interpolacion_delaunay,0,4562,382,755,151
2026-10-01T00:37:15.398809+00:00,1902600011160,36.7,Mala,45.4,Aceptable,promedio_sensores,1,3568,186,796,79
2026-10-01T00:37:15.398809+00:00,1902600011423,41.62,Mala,51.87,Aceptable,interpolacion_delaunay,0,2358,121,643,149
2026-10-01T00:37:15.398809+00:00,1902600011118,40.24,Mala,49.95,Aceptable,interpolacion_delaunay,0,0,0,0,0
2026-10-01T00:37:15.398809+00:00,1902600010552,40.45,Mala,50.3,Aceptable,interpolacion_delaunay,0,1358,197,299,91
2026-10-01T00:37:15.398809+00:00,1902600010567,41.63,Mala,52.04,Aceptable,interpolacion_delaunay,0,3469,239,807,212
2026-10-01T00:37:15.398809+00:00,1902600010478,42.13,Mala,52.52,Aceptable,interpolacion_delaunay,0,3451,258,686,179
2026-10-01T00:37:15.398809+00:00,1902600012493,42.32,Mala,52.94,Aceptable,interpolacion_delaunay,0,3047,231,451,139
2026-10-01T00:37:15.398809+00:00,1902600012506,41.97,Mala,52.45,Aceptable,interpolacion_delaunay,0,1875,122,448,96
2026-10-01T00:37:15.398809+00:00,1902600011387,43.88,Mala,55.02,Aceptable,interpolacion_delaunay,0,4018,279,697,181
2026-10-01T00:37:15.398809+00:00,1902600010482,42.9,Mala,53.61,Aceptable,interpolacion_delaunay,0,4004,197,1191,226
2026-10-01T00:37:15.398809+00:00,1902600010586,42.84,Mala,53.7,Aceptable,interpolacion_delaunay,0,4983,369,1196,317
2026-10-01T00:37:15.398809+00:00,1902600010590,43.16,Mala,54.16,Aceptable,interpolacion_delaunay,0,3794,290,817,254
2026-10-01T00:37:15.398809+00:00,1902600011940,45.18,Mala,56.83,Aceptable,interpolacion_delaunay,0,3450,256,773,184
2026-10-01T00:37:15.398809+00:00,1902600012224,43.89,Mala,55.09,Aceptable,interpolacion_delaunay,0,1986,122,533,118
2026-10-01T00:37:15.398809+00:00,1902600012239,44.56,Mala,56.07,Aceptable,interpolacion_delaunay,0,2664,206,487,219
2026-10-01T00:37:15.398809+00:00,1902600010548,35.06,Mala,41.44,Bueno,interpolacion_delaunay,0,4149,203,1177,258
2026-10-01T00:37:15.398809+00:00,1902600012489,45.38,Mala,57.11,Aceptable,interpolacion_delaunay,0,2798,203,290,77
2026-10-01T00:37:15.398809+00:00,1902600011353,42.84,Mala,53.4,Aceptable,interpolacion_delaunay,0,1952,125,417,157
2026-10-01T00:37:15.398809+00:00,1902600012760,47.3,Mala,59.9,Aceptable,interpolacion_delaunay,0,3619,397,120,87
2026-10-01T00:37:15.398809+00:00,1902600011264,46.55,Mala,58.91,Aceptable,interpolacion_delaunay,0,1708,151,158,100
2026-10-01T00:37:15.398809+00:00,190260001285A,47.29,Mala,59.87,Aceptable,interpolacion_delaunay,0,1850,298,50,26
2026-10-01T00:37:15.398809+00:00,1902600010270,46.71,Mala,60.04,Mala,interpolacion_delaunay,0,0,0,0,0
2026-10-01T00:37:15.398809+00:00,1902600010406,45.06,Mala,56.65,Aceptable,interpolacion_delaunay,0,2889,225,550,115
2026-10-01T00:37:15.398809+00:00,1902600011067,45.88,Mala,57.92,Aceptable,interpolacion_delaunay,0,4252,360,451,270
2026-10-01T00:37:15.398809+00:00,1902600011086,47.68,Mala,61.42,Mala,interpolacion_delaunay,0,3224,245,126,84
2026-10-01T00:37:15.398809+00:00,1902600012313,47.65,Mala,62.62,Mala,interpolacion_delaunay,0,2567,202,407,174
2026-10-01T00:37:15.398809+00:00,1902600012309,47.76,Mala,62.34,Mala,interpolacion_delaunay,0,2125,241,150,88
2026-10-01T00:37:15.398809+00:00,1902600011809,46.5,Mala,58.78,Aceptable,interpolacion_delaunay,0,2127,251,117,120
2026-10-01T00:37:15.398809+00:00,1902600012864,47.03,Mala,59.52,Aceptable,interpolacion_delaunay,0,1168,168,40,16
2026-10-01T00:37:15.398809+00:00,190260001125A,19.12,Aceptable,21.12,Bueno,interpolacion_delaunay,0,541,13,170,22
2026-10-01T00:37:15.398809+00:00,1902600011071,47.21,Mala,61.31,Mala,interpolacion_delaunay,0,3143,264,264,89
2026-10-01T00:37:15.398809+00:00,190260001196A,46.84,Mala,60.99,Mala,interpolacion_delaunay,0,3349,324,262,100
2026-10-01T00:37:15.398809+00:00,1902600011955,46.07,Mala,58.08,Aceptable,interpolacion_delaunay,0,3582,349,216,97
2026-10-01T00:37:15.398809+00:00,190260001050A,45.5,Mala,57.4,Aceptable,interpolacion_delaunay,0,2022,217,309,73
2026-10-01T00:37:15.398809+00:00,1903900012400,47.5,Mala,61.8,Mala,promedio_sensores,1,4517,429,723,304
2026-10-01T00:37:15.398809+00:00,1903900014657,36.85,Mala,43.62,Bueno,interpolacion_delaunay,0,2491,234,438,138
2026-10-01T00:37:15.398809+00:00,1903900013682,34.93,Mala,40.94,Bueno,interpolacion_delaunay,0,4499,398,653,181
2026-10-01T00:37:15.398809+00:00,1903900010832,37.75,Mala,46.33,Aceptable,interpolacion_delaunay,0,543,31,158,26
2026-10-01T00:37:15.398809+00:00,1903900011120,38.94,Mala,48.09,Aceptable,interpolacion_delaunay,0,2607,94,831,149
2026-10-01T00:37:15.398809+00:00,1903900012129,29.1,Aceptable,32.98,Bueno,interpolacion_delaunay,0,4074,318,790,255
2026-10-01T00:37:15.398809+00:00,190390001363A,38.1,Mala,46.04,Aceptable,interpolacion_delaunay,0,3850,324,618,201
2026-10-01T00:37:15.398809+00:00,1903900014163,32.03,Aceptable,37.93,Bueno,interpolacion_delaunay,0,3563,376,476,178
2026-10-01T00:37:15.398809+00:00,1903900014642,35.72,Mala,41.36,Bueno,interpolacion_delaunay,0,2137,227,313,125
2026-10-01T00:37:15.398809+00:00,1903900013589,35.85,Mala,42.84,Bueno,interpolacion_delaunay,0,1971,102,595,95
2026-10-01T00:37:15.398809+00:00,1903900011370,39.21,Mala,48.24,Aceptable,interpolacion_delaunay,0,1287,71,218,39
2026-10-01T00:37:15.398809+00:00,1903900012114,33.24,Mala,39.06,Bueno,interpolacion_delaunay,0,2387,84,816,136
2026-10-01T00:37:15.398809+00:00,1903900012203,29.1,Aceptable,32.3,Bueno,promedio_sensores,1,2974,126,1034,191
2026-10-01T00:37:15.398809+00:00,1903900013574,33.41,Mala,38.97,Bueno,interpolacion_delaunay,0,832,37,276,93
2026-10-01T00:37:15.398809+00:00,1903900012792,23.99,Aceptable,25.53,Bueno,interpolacion_delaunay,0,1,0,0,0
2026-10-01T00:37:15.398809+00:00,190390001445A,36.73,Mala,44.87,Bueno,interpolacion_delaunay,0,5563,304,1118,197
2026-10-01T00:37:15.398809+00:00,1903900014638,34.24,Mala,38.7,Bueno,interpolacion_delaunay,0,3811,381,571,142
2026-10-01T00:37:15.398809+00:00,1903900012063,36.93,Mala,45.3,Aceptable,interpolacion_delaunay,0,2407,98,743,119
2026-10-01T00:37:15.398809+00:00,1903900011690,26.78,Aceptable,31.97,Bueno,interpolacion_delaunay,0,228,12,56,11
2026-10-01T00:37:15.398809+00:00,1903900011760,29.51,Aceptable,34.93,Bueno,interpolacion_delaunay,0,1986,129,443,117
2026-10-01T00:37:15.398809+00:00,1903900011934,34.5,Mala,40.53,Bueno,promedio_sensores,3,2171,83,550,105
2026-10-01T00:37:15.398809+00:00,190390001192A,32.67,Aceptable,38.14,Bueno,interpolacion_delaunay,0,2553,117,796,121
2026-10-01T00:37:15.398809+00:00,1903900012044,38.31,Mala,47.44,Aceptable,interpolacion_delaunay,0,1920,122,427,109
2026-10-01T00:37:15.398809+00:00,1903900012078,37.55,Mala,46.21,Aceptable,interpolacion_delaunay,0,2179,136,538,60
2026-10-01T00:37:15.398809+00:00,1903900011525,22.76,Aceptable,27.45,Bueno,interpolacion_delaunay,0,590,39,143,33
2026-10-01T00:37:15.398809+00:00,1903900011991,38.8,Mala,48.4,Aceptable,promedio_sensores,1,3236,192,703,201
2026-10-01T00:37:15.398809+00:00,1903900012006,33.78,Mala,40.18,Bueno,interpolacion_delaunay,0,1972,70,504,136
2026-10-01T00:37:15.398809+00:00,1903900010673,38.91,Mala,47.78,Aceptable,interpolacion_delaunay,0,2155,174,396,142
2026-10-01T00:37:15.398809+00:00,1903900010298,40.2,Mala,50.08,Aceptable,interpolacion_delaunay,0,3499,233,739,152
2026-10-01T00:37:15.398809+00:00,1903900010404,39.66,Mala,49.28,Aceptable,interpolacion_delaunay,0,2835,189,560,150
2026-10-01T00:37:15.398809+00:00,1903900011012,36.9,Mala,45.21,Aceptable,interpolacion_delaunay,0,1216,101,235,35
2026-10-01T00:37:15.398809+00:00,1903900011065,37.25,Mala,45.69,Aceptable,interpolacion_delaunay,0,1981,192,428,144
2026-10-01T00:37:15.398809+00:00,1903900010175,41.77,Mala,52.72,Aceptable,interpolacion_delaunay,0,1294,70,318,45
2026-10-01T00:37:15.398809+00:00,190390001018A,42.29,Mala,53.47,Aceptable,interpolacion_delaunay,0,3618,299,750,219
2026-10-01T00:37:15.398809+00:00,1903900010194,41.66,Mala,52.46,Aceptable,interpolacion_delaunay,0,2850,223,604,173
2026-10-01T00:37:15.398809+00:00,1903900010226,40.77,Mala,50.88,Aceptable,interpolacion_delaunay,0,4934,461,799,274
2026-10-01T00:37:15.398809+00:00,1903900014229,31.86,Aceptable,36.27,Bueno,interpolacion_delaunay,0,2852,249,505,184
2026-10-01T00:37:15.398809+00:00,1903900010353,29.37,Aceptable,34.55,Bueno,interpolacion_delaunay,0,3313,167,981,325
2026-10-01T00:37:15.398809+00:00,1903900010936,37.3,Mala,45.28,Aceptable,interpolacion_delaunay,0,2121,128,459,101
2026-10-01T00:37:15.398809+00:00,1903900011173,30.3,Aceptable,33.0,Bueno,promedio_sensores,1,2108,71,659,126
2026-10-01T00:37:15.398809+00:00,1903900011188,36.07,Mala,43.17,Bueno,interpolacion_delaunay,0,3322,231,794,185
2026-10-01T00:37:15.398809+00:00,1903900011224,33.42,Mala,40.79,Bueno,interpolacion_delaunay,0,3487,327,636,198
2026-10-01T00:37:15.398809+00:00,1903900011328,37.3,Mala,45.58,Aceptable,interpolacion_delaunay,0,1300,73,364,78
2026-10-01T00:37:15.398809+00:00,1903900011332,37.58,Mala,45.86,Aceptable,interpolacion_delaunay,0,2976,208,686,165
2026-10-01T00:37:15.398809+00:00,1903900011493,5.4,Bueno,6.2,Bueno,promedio_sensores,1,498,32,117,21
2026-10-01T00:37:15.398809+00:00,1903900011506,14.03,Bueno,16.82,Bueno,interpolacion_delaunay,0,218,10,60,5
2026-10-01T00:37:15.398809+00:00,1903900011510,16.12,Aceptable,19.36,Bueno,interpolacion_delaunay,0,370,18,99,43
2026-10-01T00:37:15.398809+00:00,1903900011563,30.81,Aceptable,37.27,Bueno,interpolacion_delaunay,0,1016,57,324,41
2026-10-01T00:37:15.398809+00:00,1903900011652,13.86,Bueno,15.13,Bueno,interpolacion_delaunay,0,1408,46,412,99
2026-10-01T00:37:15.398809+00:00,1903900011667,32.23,Aceptable,39.16,Bueno,interpolacion_delaunay,0,811,38,222,38
2026-10-01T00:37:15.398809+00:00,1903900011671,32.3,Aceptable,38.71,Bueno,interpolacion_delaunay,0,2135,120,546,122
2026-10-01T00:37:15.398809+00:00,1903900011775,33.87,Mala,40.15,Bueno,interpolacion_delaunay,0,3247,195,753,173
2026-10-01T00:37:15.398809+00:00,190390001178A,35.7,Mala,42.85,Bueno,interpolacion_delaunay,0,2085,91,638,124
2026-10-01T00:37:15.398809+00:00,1903900011811,36.98,Mala,45.55,Aceptable,interpolacion_delaunay,0,3726,195,960,140
2026-10-01T00:37:15.398809+00:00,190390001210A,36.3,Mala,43.8,Bueno,promedio_sensores,1,2790,113,700,150
2026-10-01T00:37:15.398809+00:00,1903900012186,32.2,Aceptable,37.04,Bueno,interpolacion_delaunay,0,4169,44,257,49
2026-10-01T00:37:15.398809+00:00,1903900011559,25.2,Aceptable,30.2,Bueno,promedio_sensores,1,854,32,232,42
2026-10-01T00:37:15.398809+00:00,1903900013428,41.2,Mala,51.68,Aceptable,interpolacion_delaunay,0,3351,320,515,172
2026-10-01T00:37:15.398809+00:00,1903900014214,32.63,Aceptable,37.11,Bueno,interpolacion_delaunay,0,4120,374,689,171
2026-10-01T00:37:15.398809+00:00,1903900014712,33.49,Mala,38.89,Bueno,interpolacion_delaunay,0,3085,299,499,125
2026-10-01T00:37:15.398809+00:00,1903900014727,32.93,Aceptable,37.85,Bueno,interpolacion_delaunay,0,2574,237,418,75
2026-10-01T00:37:15.398809+00:00,1903900011544,18.08,Aceptable,21.6,Bueno,interpolacion_delaunay,0,484,17,104,17
2026-10-01T00:37:15.398809+00:00,1903900011347,38.0,Mala,46.4,Aceptable,promedio_sensores,1,3767,228,949,230
2026-10-01T00:37:15.398809+00:00,1903900011101,37.69,Mala,46.19,Aceptable,interpolacion_delaunay,0,2340,171,499,101
2026-10-01T00:37:15.398809+00:00,1903900010692,35.1,Mala,41.86,Bueno,interpolacion_delaunay,0,1264,56,294,43
2026-10-01T00:37:15.398809+00:00,190390001071A,22.2,Aceptable,23.8,Bueno,promedio_sensores,1,2092,89,717,121
2026-10-01T00:37:15.398809+00:00,190390001153A,11.29,Bueno,13.31,Bueno,interpolacion_delaunay,0,283,20,33,8
2026-10-01T00:37:15.398809+00:00,1903900012222,34.09,Mala,39.39,Bueno,interpolacion_delaunay,0,2481,214,440,130
2026-10-01T00:37:15.398809+00:00,1903900010048,44.69,Mala,57.31,Aceptable,interpolacion_delaunay,0,2757,231,541,184
2026-10-01T00:37:15.398809+00:00,1903900010160,41.39,Mala,52.17,Aceptable,interpolacion_delaunay,0,1233,55,334,97
2026-10-01T00:37:15.398809+00:00,1903900011915,32.32,Aceptable,38.89,Bueno,interpolacion_delaunay,0,1171,52,296,69
2026-10-01T00:37:15.398809+00:00,1903900012824,16.49,Aceptable,17.41,Bueno,interpolacion_delaunay,0,0,0,0,0
2026-10-01T00:37:15.398809+00:00,1903900010103,42.4,Mala,53.79,Aceptable,interpolacion_delaunay,0,2537,115,733,107
2026-10-01T00:37:15.398809+00:00,1903900010122,42.72,Mala,54.14,Aceptable,interpolacion_delaunay,0,3875,316,762,228
2026-10-01T00:37:15.398809+00:00,1903900010207,42.24,Mala,53.3,Aceptable,interpolacion_delaunay,0,2935,264,476,100
2026-10-01T00:37:15.398809+00:00,190390001089A,36.86,Mala,44.39,Bueno,interpolacion_delaunay,0,2450,84,735,103
2026-10-01T00:37:15.398809+00:00,1903900010813,38.43,Mala,47.03,Aceptable,interpolacion_delaunay,0,1266,76,281,65
2026-10-01T00:37:15.398809+00:00,190390001096A,37.97,Mala,46.43,Aceptable,interpolacion_delaunay,0,735,52,175,36
2026-10-01T00:37:15.398809+00:00,190390001107A,37.37,Mala,45.73,Aceptable,interpolacion_delaunay,0,2056,191,358,98
2026-10-01T00:37:15.398809+00:00,1903900011099,37.58,Mala,46.14,Aceptable,interpolacion_delaunay,0,1728,108,401,82
2026-10-01T00:37:15.398809+00:00,1903900011281,22.53,Aceptable,27.26,Bueno,interpolacion_delaunay,0,162,9,42,10
2026-10-01T00:37:15.398809+00:00,190390001146A,32.13,Aceptable,37.23,Bueno,interpolacion_delaunay,0,1878,94,425,114
2026-10-01T00:37:15.398809+00:00,1903900011474,33.49,Mala,41.1,Bueno,interpolacion_delaunay,0,1482,65,348,91
2026-10-01T00:37:15.398809+00:00,1903900011648,20.31,Aceptable,22.07,Bueno,interpolacion_delaunay,0,1275,46,383,92
2026-10-01T00:37:15.398809+00:00,1903900011953,34.62,Mala,40.27,Bueno,interpolacion_delaunay,0,4331,383,782,275
2026-10-01T00:37:15.398809+00:00,1903900011968,35.69,Mala,42.48,Bueno,interpolacion_delaunay,0,2452,198,521,139
2026-10-01T00:37:15.398809+00:00,1903900011972,35.69,Mala,43.49,Bueno,interpolacion_delaunay,0,2152,173,501,93
2026-10-01T00:37:15.398809+00:00,1903900011987,36.1,Mala,44.61,Bueno,interpolacion_delaunay,0,2330,153,564,186
2026-10-01T00:37:15.398809+00:00,1903900012010,34.27,Mala,40.63,Bueno,promedio_sensores,3,377,6,32,6
2026-10-01T00:37:15.398809+00:00,1903900012025,35.5,Mala,42.7,Bueno,interpolacion_delaunay,0,4868,169,1336,220
2026-10-01T00:37:15.398809+00:00,1903900012608,41.72,Mala,53.05,Aceptable,interpolacion_delaunay,0,3563,325,452,140
2026-10-01T00:37:15.398809+00:00,1903900012260,34.0,Mala,39.08,Bueno,interpolacion_delaunay,0,2549,128,738,140
2026-10-01T00:37:15.398809+00:00,1903900012523,45.6,Mala,58.8,Aceptable,interpolacion_delaunay,0,5883,502,863,210
2026-10-01T00:37:15.398809+00:00,1903900012576,44.57,Mala,57.24,Aceptable,interpolacion_delaunay,0,3643,363,363,152
2026-10-01T00:37:15.398809+00:00,1903900012612,44.44,Mala,57.01,Aceptable,interpolacion_delaunay,0,3707,369,423,217
2026-10-01T00:37:15.398809+00:00,1903900013339,45.64,Mala,58.78,Aceptable,interpolacion_delaunay,0,3291,330,562,149
2026-10-01T00:37:15.398809+00:00,1903900013432,41.57,Mala,52.19,Aceptable,interpolacion_delaunay,0,3283,331,497,186
2026-10-01T00:37:15.398809+00:00,1903900013381,43.43,Mala,55.33,Aceptable,interpolacion_delaunay,0,3469,305,681,259
2026-10-01T00:37:15.398809+00:00,1903900013324,46.27,Mala,59.82,Aceptable,interpolacion_delaunay,0,2714,268,458,83
2026-10-01T00:37:15.398809+00:00,1903900014587,34.07,Mala,41.42,Bueno,interpolacion_delaunay,0,1315,68,368,60
2026-10-01T00:37:15.398809+00:00,1903900014604,14.88,Bueno,17.3,Bueno,interpolacion_delaunay,0,2075,111,610,109
2026-10-01T00:37:15.398809+00:00,1903900014661,37.7,Mala,45.71,Aceptable,interpolacion_delaunay,0,2902,69,608,127
2026-10-01T00:37:15.398809+00:00,1903900014680,37.26,Mala,45.67,Aceptable,interpolacion_delaunay,0,2293,96,745,94
2026-10-01T00:37:15.398809+00:00,1903900011239,37.15,Mala,45.33,Aceptable,interpolacion_delaunay,0,3332,293,662,233
2026-10-01T00:37:15.398809+00:00,1903900011489,37.4,Mala,46.0,Aceptable,promedio_sensores,1,1608,86,419,74
2026-10-01T00:37:15.398809+00:00,1903900010279,40.96,Mala,51.45,Aceptable,interpolacion_delaunay,0,2220,107,580,282
2026-10-01T00:37:15.398809+00:00,1903900010531,38.81,Mala,47.76,Aceptable,interpolacion_delaunay,0,5417,419,1156,491
2026-10-01T00:37:15.398809+00:00,1903900010635,37.86,Mala,46.47,Aceptable,interpolacion_delaunay,0,2264,78,723,158
2026-10-01T00:37:15.398809+00:00,1903900011686,26.76,Aceptable,31.21,Bueno,interpolacion_delaunay,0,153,7,36,5
2026-10-01T00:37:15.398809+00:00,1903900011807,37.23,Mala,45.64,Aceptable,interpolacion_delaunay,0,2430,99,765,107
2026-10-01T00:37:15.398809+00:00,1903900011830,31.2,Aceptable,35.1,Bueno,promedio_sensores,1,898,35,265,16
2026-10-01T00:37:15.398809+00:00,1903900012097,33.4,Mala,39.8,Bueno,promedio_sensores,1,4087,88,440,163
2026-10-01T00:37:15.398809+00:00,1903900012256,35.84,Mala,41.8,Bueno,interpolacion_delaunay,0,4590,303,1006,320
2026-10-01T00:37:15.398809+00:00,1903900012307,27.87,Aceptable,32.73,Bueno,promedio_sensores,3,2986,141,683,94
2026-10-01T00:37:15.398809+00:00,1903900012453,29.22,Aceptable,34.52,Bueno,interpolacion_delaunay,0,2219,109,403,76
2026-10-01T00:37:15.398809+00:00,1903900012716,37.34,Mala,45.92,Aceptable,interpolacion_delaunay,0,78,3,14,8
2026-10-01T00:37:15.398809+00:00,1903900012735,37.21,Mala,45.82,Aceptable,interpolacion_delaunay,0,0,0,0,0
2026-10-01T00:37:15.398809+00:00,1903900012769,76.39,Mala,79.28,Mala,interpolacion_delaunay,0,279,15,54,0
2026-10-01T00:37:15.398809+00:00,1903900012773,27.58,Aceptable,31.32,Bueno,interpolacion_delaunay,0,0,0,0,0
2026-10-01T00:37:15.398809+00:00,1903900014040,43.6,Mala,55.4,Aceptable,interpolacion_delaunay,0,3042,337,450,116
2026-10-01T00:37:15.398809+00:00,1903900014178,35.42,Mala,42.71,Bueno,interpolacion_delaunay,0,4610,493,538,196
2026-10-01T00:37:15.398809+00:00,1903900010156,41.59,Mala,52.51,Aceptable,interpolacion_delaunay,0,2930,146,830,151
2026-10-01T00:37:15.398809+00:00,1903900010264,39.88,Mala,49.9,Aceptable,interpolacion_delaunay,0,4282,326,814,272
2026-10-01T00:37:15.398809+00:00,1903900010283,40.5,Mala,50.69,Aceptable,interpolacion_delaunay,0,2911,218,619,83
2026-10-01T00:37:15.398809+00:00,1903900010315,40.56,Mala,50.45,Aceptable,interpolacion_delaunay,0,3515,316,654,216
2026-10-01T00:37:15.398809+00:00,190390001032A,41.29,Mala,51.52,Aceptable,interpolacion_delaunay,0,4173,426,573,279
2026-10-01T00:37:15.398809+00:00,1903900010349,40.01,Mala,49.37,Aceptable,interpolacion_delaunay,0,2637,166,677,132
2026-10-01T00:37:15.398809+00:00,1903900010391,39.46,Mala,49.03,Aceptable,interpolacion_delaunay,0,3850,295,727,205
2026-10-01T00:37:15.398809+00:00,1903900010438,39.26,Mala,48.35,Aceptable,interpolacion_delaunay,0,3338,313,521,73
2026-10-01T00:37:15.398809+00:00,1903900010442,39.59,Mala,48.76,Aceptable,interpolacion_delaunay,0,2676,239,533,136
2026-10-01T00:37:15.398809+00:00,1903900010457,36.06,Mala,44.19,Bueno,interpolacion_delaunay,0,3408,175,1149,225
2026-10-01T00:37:15.398809+00:00,1903900010480,37.87,Mala,46.65,Aceptable,interpolacion_delaunay,0,1388,64,440,114
2026-10-01T00:37:15.398809+00:00,1903900010512,38.13,Mala,46.87,Aceptable,interpolacion_delaunay,0,2980,202,741,168
2026-10-01T00:37:15.398809+00:00,1903900010546,38.48,Mala,47.3,Aceptable,interpolacion_delaunay,0,2660,141,683,117
2026-10-01T00:37:15.398809+00:00,1903900010550,38.85,Mala,47.78,Aceptable,interpolacion_delaunay,0,2279,182,478,160
2026-10-01T00:37:15.398809+00:00,1903900010565,39.24,Mala,48.3,Aceptable,interpolacion_delaunay,0,2608,254,432,94
2026-10-01T00:37:15.398809+00:00,190390001057A,39.13,Mala,48.11,Aceptable,interpolacion_delaunay,0,1514,131,335,33
2026-10-01T00:37:15.398809+00:00,1903900010599,26.6,Aceptable,30.05,Bueno,interpolacion_delaunay,0,2808,125,1047,137
2026-10-01T00:37:15.398809+00:00,1903900010601,36.11,Mala,43.8,Bueno,interpolacion_delaunay,0,5314,412,1126,426
2026-10-01T00:37:15.398809+00:00,1903900010620,37.53,Mala,46.04,Aceptable,interpolacion_delaunay,0,2515,85,744,131
2026-10-01T00:37:15.398809+00:00,190390001064A,38.16,Mala,46.85,Aceptable,interpolacion_delaunay,0,2719,125,702,154
2026-10-01T00:37:15.398809+00:00,1903900010654,38.64,Mala,47.48,Aceptable,interpolacion_delaunay,0,2609,119,783,144
2026-10-01T00:37:15.398809+00:00,1903900010705,24.41,Aceptable,26.24,Bueno,interpolacion_delaunay,0,1996,93,661,76
2026-10-01T00:37:15.398809+00:00,1903900010739,37.69,Mala,46.2,Aceptable,interpolacion_delaunay,0,1701,60,561,127
2026-10-01T00:37:15.398809+00:00,1903900010743,38.0,Mala,46.61,Aceptable,interpolacion_delaunay,0,1991,112,552,108
2026-10-01T00:37:15.398809+00:00,1903900010758,38.21,Mala,46.88,Aceptable,interpolacion_delaunay,0,1207,67,324,54
2026-10-01T00:37:15.398809+00:00,1903900010796,38.59,Mala,47.28,Aceptable,interpolacion_delaunay,0,0,0,0,0
2026-10-01T00:37:15.398809+00:00,1903900010828,38.09,Mala,46.7,Aceptable,interpolacion_delaunay,0,1085,46,363,57
2026-10-01T00:37:15.398809+00:00,1903900010866,30.19,Aceptable,33.7,Bueno,interpolacion_delaunay,0,1678,49,570,85
2026-10-01T00:37:15.398809+00:00,1903900010870,35.3,Mala,41.59,Bueno,interpolacion_delaunay,0,3879,268,842,254
2026-10-01T00:37:15.398809+00:00,1903900010885,35.9,Mala,42.54,Bueno,interpolacion_delaunay,0,1668,63,493,70
2026-10-01T00:37:15.398809+00:00,1903900010940,37.55,Mala,45.94,Aceptable,interpolacion_delaunay,0,3419,259,605,213
2026-10-01T00:37:15.398809+00:00,1903900011046,37.04,Mala,45.28,Aceptable,interpolacion_delaunay,0,1800,151,355,99
2026-10-01T00:37:15.398809+00:00,1903900011135,33.31,Mala,37.55,Bueno,interpolacion_delaunay,0,1752,62,519,67
2026-10-01T00:37:15.398809+00:00,190390001114A,34.2,Mala,39.4,Bueno,promedio_sensores,1,1380,53,428,34
2026-10-01T00:37:15.398809+00:00,1903900011154,35.28,Mala,41.62,Bueno,interpolacion_delaunay,0,1623,62,444,64
2026-10-01T00:37:15.398809+00:00,1903900011169,35.8,Mala,42.75,Bueno,promedio_sensores,2,2880,73,732,160
2026-10-01T00:37:15.398809+00:00,1903900011192,34.86,Mala,41.11,Bueno,interpolacion_delaunay,0,2657,175,674,141
2026-10-01T00:37:15.398809+00:00,1903900011205,36.57,Mala,44.28,Bueno,interpolacion_delaunay,0,122,13,22,0
2026-10-01T00:37:15.398809+00:00,1903900011243,21.99,Aceptable,26.67,Bueno,interpolacion_delaunay,0,475,45,76,44
2026-10-01T00:37:15.398809+00:00,1903900011258,26.15,Aceptable,31.76,Bueno,interpolacion_delaunay,0,1048,106,166,35
2026-10-01T00:37:15.398809+00:00,1903900011262,36.98,Mala,45.06,Aceptable,interpolacion_delaunay,0,1756,114,447,140
2026-10-01T00:37:15.398809+00:00,1903900011277,31.73,Aceptable,38.58,Bueno,interpolacion_delaunay,0,2024,136,529,164
2026-10-01T00:37:15.398809+00:00,1903900011309,37.1,Mala,45.1,Aceptable,promedio_sensores,1,1761,123,433,90
2026-10-01T00:37:15.398809+00:00,1903900011351,38.31,Mala,46.92,Aceptable,interpolacion_delaunay,0,2734,167,651,175
2026-10-01T00:37:15.398809+00:00,1903900011366,38.73,Mala,47.53,Aceptable,interpolacion_delaunay,0,0,0,0,0
2026-10-01T00:37:15.398809+00:00,1903900011421,33.7,Mala,39.4,Bueno,promedio_sensores,1,3327,204,738,54
2026-10-01T00:37:15.398809+00:00,1903900011436,34.08,Mala,39.75,Bueno,interpolacion_delaunay,0,1869,83,431,69
2026-10-01T00:37:15.398809+00:00,1903900011440,34.7,Mala,40.91,Bueno,interpolacion_delaunay,0,1644,76,453,82
2026-10-01T00:37:15.398809+00:00,1903900011455,60.29,Mala,65.33,Mala,interpolacion_delaunay,0,1330,38,379,65
2026-10-01T00:37:15.398809+00:00,1903900011578,30.54,Aceptable,36.15,Bueno,interpolacion_delaunay,0,1668,78,469,55
2026-10-01T00:37:15.398809+00:00,1903900011582,33.7,Mala,39.7,Bueno,promedio_sensores,1,1943,98,485,98
2026-10-01T00:37:15.398809+00:00,190390001160A,37.08,Mala,45.72,Aceptable,interpolacion_delaunay,0,1878,106,479,110
2026-10-01T00:37:15.398809+00:00,1903900011614,37.01,Mala,45.66,Aceptable,interpolacion_delaunay,0,2516,127,727,95
2026-10-01T00:37:15.398809+00:00,1903900011633,72.63,Mala,75.46,Mala,interpolacion_delaunay,0,810,34,225,59
2026-10-01T00:37:15.398809+00:00,1903900011703,28.32,Aceptable,33.58,Bueno,interpolacion_delaunay,0,3184,63,372,52
2026-10-01T00:37:15.398809+00:00,1903900011722,30.43,Aceptable,35.88,Bueno,interpolacion_delaunay,0,511,20,136,16
2026-10-01T00:37:15.398809+00:00,1903900011737,24.06,Aceptable,27.58,Bueno,interpolacion_delaunay,0,377,25,76,21
2026-10-01T00:37:15.398809+00:00,1903900011741,29.72,Aceptable,35.53,Bueno,interpolacion_delaunay,0,179,8,28,10
2026-10-01T00:37:15.398809+00:00,1903900011756,30.02,Aceptable,36.64,Bueno,interpolacion_delaunay,0,191,3,61,18
2026-10-01T00:37:15.398809+00:00,1903900011794,37.44,Mala,45.71,Aceptable,interpolacion_delaunay,0,2555,160,623,167
2026-10-01T00:37:15.398809+00:00,1903900011845,12.5,Bueno,13.1,Bueno,promedio_sensores,1,2750,133,527,66
2026-10-01T00:37:15.398809+00:00,190390001185A,29.32,Aceptable,33.11,Bueno,interpolacion_delaunay,0,2718,189,497,75
2026-10-01T00:37:15.398809+00:00,1903900011879,32.68,Aceptable,37.9,Bueno,interpolacion_delaunay,0,2302,190,467,160
2026-10-01T00:37:15.398809+00:00,1903900011883,33.34,Mala,39.47,Bueno,interpolacion_delaunay,0,2653,217,567,162
2026-10-01T00:37:15.398809+00:00,1903900011898,35.27,Mala,42.49,Bueno,interpolacion_delaunay,0,2466,163,572,128
2026-10-01T00:37:15.398809+00:00,1903900011900,33.56,Mala,41.17,Bueno,interpolacion_delaunay,0,1274,99,333,108
2026-10-01T00:37:15.398809+00:00,1903900012167,33.3,Mala,39.18,Bueno,interpolacion_delaunay,0,2883,124,813,123
2026-10-01T00:37:15.398809+00:00,1903900012190,31.08,Aceptable,35.54,Bueno,interpolacion_delaunay,0,1182,41,455,89
2026-10-01T00:37:15.398809+00:00,1903900012218,30.24,Aceptable,33.95,Bueno,interpolacion_delaunay,0,1788,87,512,71
2026-10-01T00:37:15.398809+00:00,1903900012241,29.68,Aceptable,34.32,Bueno,interpolacion_delaunay,0,1136,46,404,79
2026-10-01T00:37:15.398809+00:00,1903900012275,32.68,Aceptable,37.86,Bueno,interpolacion_delaunay,0,3740,200,896,144
2026-10-01T00:37:15.398809+00:00,1903900012472,33.2,Mala,37.9,Bueno,promedio_sensores,1,4662,342,773,243
2026-10-01T00:37:15.398809+00:00,190390001267A,30.34,Aceptable,35.5,Bueno,interpolacion_delaunay,0,3909,249,1025,191
2026-10-01T00:37:15.398809+00:00,1903900012684,30.36,Aceptable,35.17,Bueno,interpolacion_delaunay,0,2186,73,687,43
2026-10-01T00:37:15.398809+00:00,1903900012720,37.0,Mala,45.7,Aceptable,promedio_sensores,1,970,52,170,37
2026-10-01T00:37:15.398809+00:00,190390001274A,35.87,Mala,43.64,Bueno,interpolacion_delaunay,0,10,0,0,0
2026-10-01T00:37:15.398809+00:00,1903900012754,37.17,Mala,45.67,Aceptable,interpolacion_delaunay,0,3205,214,714,184
2026-10-01T00:37:15.398809+00:00,1903900012788,31.15,Aceptable,37.89,Bueno,interpolacion_delaunay,0,0,0,0,0
2026-10-01T00:37:15.398809+00:00,190390001281A,22.8,Aceptable,23.9,Bueno,promedio_sensores,1,327,0,0,0
2026-10-01T00:37:15.398809+00:00,1903900012877,7.92,Bueno,8.34,Bueno,interpolacion_delaunay,0,0,0,0,0
2026-10-01T00:37:15.398809+00:00,1903900013451,40.78,Mala,50.85,Aceptable,interpolacion_delaunay,0,4308,421,672,304
2026-10-01T00:37:15.398809+00:00,1903900013555,33.7,Mala,40.43,Bueno,interpolacion_delaunay,0,4663,290,902,166
2026-10-01T00:37:15.398809+00:00,1903900013593,31.13,Aceptable,38.03,Bueno,interpolacion_delaunay,0,2322,237,355,231
2026-10-01T00:37:15.398809+00:00,1903900013606,34.12,Mala,41.8,Bueno,interpolacion_delaunay,0,2907,266,482,206
2026-10-01T00:37:15.398809+00:00,1903900013610,23.48,Aceptable,28.55,Bueno,interpolacion_delaunay,0,2513,260,368,178
2026-10-01T00:37:15.398809+00:00,1903900013659,34.85,Mala,41.01,Bueno,interpolacion_delaunay,0,1885,176,371,95
2026-10-01T00:37:15.398809+00:00,190390001406A,41.9,Mala,52.59,Aceptable,interpolacion_delaunay,0,4196,447,516,257
2026-10-01T00:37:15.398809+00:00,1903900014093,39.99,Mala,50.0,Aceptable,interpolacion_delaunay,0,3096,303,444,145
2026-10-01T00:37:15.398809+00:00,1903900014144,89.67,Muy alta,92.12,Mala,interpolacion_delaunay,0,883,38,360,125
2026-10-01T00:37:15.398809+00:00,1903900014159,1.6,Bueno,2.3,Bueno,promedio_sensores,1,620,20,142,55
2026-10-01T00:37:15.398809+00:00,1903900014500,39.56,Mala,49.27,Aceptable,interpolacion_delaunay,0,3056,353,283,111
2026-10-01T00:37:15.398809+00:00,1903900014515,38.5,Mala,47.63,Aceptable,interpolacion_delaunay,0,3391,252,688,180
2026-10-01T00:37:15.398809+00:00,1903900014549,39.16,Mala,48.37,Aceptable,interpolacion_delaunay,0,4319,365,785,218
2026-10-01T00:37:15.398809+00:00,1903900014553,39.5,Mala,48.84,Aceptable,interpolacion_delaunay,0,3885,315,748,307
2026-10-01T00:37:15.398809+00:00,1903900014619,5.67,Bueno,5.95,Bueno,interpolacion_delaunay,0,2679,137,355,34
2026-10-01T00:37:15.398809+00:00,1903900014623,32.9,Aceptable,37.2,Bueno,promedio_sensores,1,1853,99,476,133
2026-10-01T00:37:15.398809+00:00,1903900014731,36.88,Mala,45.5,Aceptable,interpolacion_delaunay,0,2772,164,687,112
2026-10-01T00:37:15.398809+00:00,1903900014905,26.98,Aceptable,28.93,Bueno,interpolacion_delaunay,0,2280,182,284,44
2026-10-01T00:37:15.398809+00:00,190390001491A,24.04,Aceptable,25.51,Bueno,interpolacion_delaunay,0,897,47,73,0
2026-10-01T00:37:15.398809+00:00,1903900014924,31.5,Aceptable,33.5,Bueno,promedio_sensores,1,2425,136,485,38
2026-10-01T00:37:15.398809+00:00,1903900014939,32.56,Aceptable,35.96,Bueno,interpolacion_delaunay,0,1974,92,485,50
2026-10-01T00:37:15.398809+00:00,1903900015142,28.09,Aceptable,29.98,Bueno,interpolacion_delaunay,0,2839,330,193,45
2026-10-01T00:37:15.398809+00:00,1903900011385,37.69,Mala,46.18,Aceptable,interpolacion_delaunay,0,1585,87,442,107
2026-10-01T00:37:15.398809+00:00,1903900012805,30.69,Aceptable,34.53,Bueno,interpolacion_delaunay,0,3258,186,362,30
2026-10-01T00:37:15.398809+00:00,1903900011826,32.5,Aceptable,36.84,Bueno,interpolacion_delaunay,0,1966,181,300,39
2026-10-01T00:37:15.398809+00:00,1903900012468,25.52,Aceptable,27.78,Bueno,interpolacion_delaunay,0,3979,370,451,75
2026-10-01T00:37:15.398809+00:00,1903900012133,36.22,Mala,43.6,Bueno,interpolacion_delaunay,0,3643,409,514,130
2026-10-01T00:37:15.398809+00:00,1903900014182,35.42,Mala,42.58,Bueno,interpolacion_delaunay,0,2164,180,491,80
2026-10-01T00:37:15.398809+00:00,1903900012152,33.79,Mala,39.83,Bueno,interpolacion_delaunay,0,2360,140,519,93
2026-10-01T00:37:15.398809+00:00,1903900012082,34.84,Mala,41.94,Bueno,interpolacion_delaunay,0,2402,95,700,143
2026-10-01T00:37:15.398809+00:00,1903900013663,34.38,Mala,40.42,Bueno,interpolacion_delaunay,0,4832,422,675,278
2026-10-01T00:37:15.398809+00:00,1903900013714,11.34,Bueno,11.98,Bueno,interpolacion_delaunay,0,4743,468,751,239
2026-10-01T00:37:15.398809+00:00,1903900012858,23.51,Aceptable,27.47,Bueno,interpolacion_delaunay,0,0,0,0,0
2026-10-01T00:37:15.398809+00:00,1903900012839,19.15,Aceptable,20.67,Bueno,interpolacion_delaunay,0,426,30,39,0
2026-10-01T00:37:15.398809+00:00,1903900012843,36.6,Mala,42.5,Bueno,promedio_sensores,1,3288,154,618,59
2026-10-01T00:37:15.398809+00:00,1903900012862,13.73,Bueno,14.63,Bueno,interpolacion_delaunay,0,0,0,0,0
2026-10-01T00:37:15.398809+00:00,1903900013733,8.13,Bueno,8.48,Bueno,interpolacion_delaunay,0,1895,90,465,59
2026-10-01T00:37:15.398809+00:00,1903900012294,31.75,Aceptable,37.22,Bueno,interpolacion_delaunay,0,3104,120,1010,138
2026-10-01T00:37:15.398809+00:00,190390001228A,35.53,Mala,41.37,Bueno,interpolacion_delaunay,0,2430,94,799,56
2026-10-01T00:37:15.398809+00:00,1903900010423,39.95,Mala,49.43,Aceptable,interpolacion_delaunay,0,3542,305,682,134
2026-10-01T00:37:15.398809+00:00,1903900010334,40.67,Mala,50.49,Aceptable,interpolacion_delaunay,0,878,76,200,70
2026-10-01T00:37:15.398809+00:00,1903900010071,42.48,Mala,53.98,Aceptable,interpolacion_delaunay,0,2520,129,682,146
2026-10-01T00:37:15.398809+00:00,1903900014869,6.46,Bueno,8.12,Bueno,interpolacion_delaunay,0,4404,353,307,53
2026-10-01T00:37:15.398809+00:00,1903900013748,9.26,Bueno,10.56,Bueno,interpolacion_delaunay,0,3552,225,627,97
2026-10-01T00:37:15.398809+00:00,1903900011050,37.14,Mala,45.61,Aceptable,interpolacion_delaunay,0,1589,135,342,104
2026-10-01T00:37:15.398809+00:00,1903900011116,38.15,Mala,47.03,Aceptable,interpolacion_delaunay,0,0,0,0,0
2026-10-01T00:37:15.398809+00:00,1903900010809,38.69,Mala,47.4,Aceptable,interpolacion_delaunay,0,59,3,14,3
2026-10-01T00:37:15.398809+00:00,1903900010989,37.9,Mala,46.27,Aceptable,interpolacion_delaunay,0,6061,564,591,133
2026-10-01T00:37:15.398809+00:00,1903900010851,37.06,Mala,45.61,Aceptable,interpolacion_delaunay,0,1601,105,413,68
2026-10-01T00:37:15.398809+00:00,1903900013413,38.41,Mala,47.81,Aceptable,interpolacion_delaunay,0,7251,522,1316,316
2026-10-01T00:37:15.398809+00:00,1903900010033,42.93,Mala,54.55,Aceptable,interpolacion_delaunay,0,3321,285,588,124
2026-10-01T00:37:15.398809+00:00,1903900010137,38.25,Mala,47.27,Aceptable,interpolacion_delaunay,0,4478,279,1202,320
2026-10-01T00:37:15.398809+00:00,1903900010141,39.37,Mala,49.32,Aceptable,interpolacion_delaunay,0,4273,225,965,185
2026-10-01T00:37:15.398809+00:00,1903900010762,38.51,Mala,47.21,Aceptable,interpolacion_delaunay,0,1600,114,337,68
2026-10-01T00:37:15.398809+00:00,1903900014106,39.1,Mala,48.66,Aceptable,interpolacion_delaunay,0,4189,248,1019,177
2026-10-01T00:37:15.398809+00:00,1903900014110,37.7,Mala,46.51,Aceptable,interpolacion_delaunay,0,2699,161,643,225
2026-10-01T00:37:15.398809+00:00,1903900010921,38.27,Mala,46.88,Aceptable,interpolacion_delaunay,0,2388,213,393,106
2026-10-01T00:37:15.398809+00:00,1903900010669,38.58,Mala,47.36,Aceptable,interpolacion_delaunay,0,2152,159,463,119
2026-10-01T00:37:15.398809+00:00,1903900010067,43.09,Mala,54.95,Aceptable,interpolacion_delaunay,0,2799,155,819,158
2026-10-01T00:37:15.398809+00:00,1903900010688,38.97,Mala,47.84,Aceptable,interpolacion_delaunay,0,2838,195,394,149
2026-10-01T00:37:15.398809+00:00,1903900010584,39.5,Mala,48.6,Aceptable,interpolacion_delaunay,0,3226,273,587,141
2026-10-01T00:37:15.398809+00:00,1903900011417,32.77,Aceptable,36.94,Bueno,interpolacion_delaunay,0,3077,152,970,79
2026-10-01T00:37:15.398809+00:00,1903900013837,32.56,Aceptable,36.59,Bueno,interpolacion_delaunay,0,3561,193,908,77
2026-10-01T00:37:15.398809+00:00,1903900013930,43.91,Mala,55.82,Aceptable,interpolacion_delaunay,0,1431,202,111,73
2026-10-01T00:37:15.398809+00:00,1903900014055,42.67,Mala,53.85,Aceptable,interpolacion_delaunay,0,4222,525,372,136
2026-10-01T00:37:15.398809+00:00,190390001420A,34.34,Mala,40.45,Bueno,interpolacion_delaunay,0,3029,320,382,97
2026-10-01T00:37:15.398809+00:00,1903900014197,34.69,Mala,41.2,Bueno,interpolacion_delaunay,0,2456,248,321,138
2026-10-01T00:37:15.398809+00:00,1903900010974,38.03,Mala,46.49,Aceptable,interpolacion_delaunay,0,781,39,192,50
2026-10-01T00:37:15.398809+00:00,1903900011084,37.49,Mala,46.09,Aceptable,interpolacion_delaunay,0,1782,162,338,82
2026-10-01T00:37:15.398809+00:00,1903900010847,37.19,Mala,45.68,Aceptable,interpolacion_delaunay,0,1023,82,199,53
2026-10-01T00:37:15.398809+00:00,1903900010993,37.66,Mala,45.98,Aceptable,interpolacion_delaunay,0,1086,95,211,53
2026-10-01T00:37:15.398809+00:00,1903900010372,38.62,Mala,47.88,Aceptable,interpolacion_delaunay,0,2524,139,785,102
2026-10-01T00:37:15.398809+00:00,1903900011031,36.92,Mala,45.28,Aceptable,interpolacion_delaunay,0,1190,84,257,58
2026-10-01T00:37:15.398809+00:00,1903900010902,37.35,Mala,45.24,Aceptable,interpolacion_delaunay,0,3066,119,898,183
2026-10-01T00:37:15.398809+00:00,1903900010777,38.49,Mala,47.16,Aceptable,interpolacion_delaunay,0,1329,106,264,76
2026-10-01T00:37:15.398809+00:00,1903900010781,38.44,Mala,47.07,Aceptable,interpolacion_delaunay,0,242,8,54,15
2026-10-01T00:37:15.398809+00:00,1903900014572,37.27,Mala,45.35,Aceptable,interpolacion_delaunay,0,1442,81,389,93
2026-10-01T00:37:15.398809+00:00,1903900014676,37.44,Mala,45.98,Aceptable,interpolacion_delaunay,0,2120,102,506,104
2026-10-01T00:37:15.398809+00:00,190390001025A,40.14,Mala,50.35,Aceptable,interpolacion_delaunay,0,3942,258,986,278
2026-10-01T00:37:15.398809+00:00,1903900010495,37.76,Mala,46.4,Aceptable,interpolacion_delaunay,0,1812,109,420,98
2026-10-01T00:37:15.398809+00:00,1903900010917,38.2,Mala,46.8,Aceptable,promedio_sensores,1,2843,155,698,133
2026-10-01T00:37:15.398809+00:00,1903900010955,38.2,Mala,46.75,Aceptable,interpolacion_delaunay,0,288,25,64,22
2026-10-01T00:37:15.398809+00:00,1903900013697,14.17,Bueno,15.11,Bueno,interpolacion_delaunay,0,1977,183,341,77
2026-10-01T00:37:15.398809+00:00,1903900013860,42.77,Mala,54.06,Aceptable,interpolacion_delaunay,0,3174,344,383,184
2026-10-01T00:37:15.398809+00:00,1903900015439,23.54,Aceptable,25.12,Bueno,interpolacion_delaunay,0,627,97,12,5
2026-10-01T00:37:15.398809+00:00,1903900011027,37.13,Mala,45.33,Aceptable,interpolacion_delaunay,0,509,36,115,25
2026-10-01T00:37:15.398809+00:00,1903900013998,46.67,Mala,60.43,Mala,interpolacion_delaunay,0,5766,706,558,248
2026-10-01T00:37:15.398809+00:00,190390001477A,28.43,Aceptable,30.3,Bueno,interpolacion_delaunay,0,550,33,68,4
2026-10-01T00:37:15.398809+00:00,1903900014002,45.88,Mala,59.09,Aceptable,interpolacion_delaunay,0,5494,669,668,240
2026-10-01T00:37:15.398809+00:00,1903900014873,2.82,Bueno,3.54,Bueno,interpolacion_delaunay,0,2383,154,261,52
2026-10-01T00:37:15.398809+00:00,1903900011008,37.5,Mala,45.69,Aceptable,interpolacion_delaunay,0,1877,145,377,135
2026-10-01T00:37:15.398809+00:00,1903900011313,37.16,Mala,45.27,Aceptable,interpolacion_delaunay,0,5055,336,882,185
2026-10-01T00:37:15.398809+00:00,190390001139A,38.2,Mala,46.69,Aceptable,interpolacion_delaunay,0,1079,59,290,49
2026-10-01T00:37:15.398809+00:00,1903900011402,39.31,Mala,48.38,Aceptable,interpolacion_delaunay,0,681,31,196,23
2026-10-01T00:37:15.398809+00:00,1903900012519,47.14,Mala,61.22,Mala,interpolacion_delaunay,0,5642,661,498,241
2026-10-01T00:37:15.398809+00:00,1903900013822,31.8,Aceptable,34.74,Bueno,interpolacion_delaunay,0,6050,361,890,140
2026-10-01T00:37:15.398809+00:00,1903900013964,31.47,Aceptable,34.43,Bueno,interpolacion_delaunay,0,728,55,70,19
2026-10-01T00:37:15.398809+00:00,1903900014125,37.26,Mala,45.78,Aceptable,interpolacion_delaunay,0,1881,174,361,63
2026-10-01T00:37:15.398809+00:00,190390001452A,43.07,Mala,54.47,Aceptable,interpolacion_delaunay,0,2471,240,363,186
2026-10-01T00:37:15.398809+00:00,190390001413A,37.18,Mala,45.66,Aceptable,interpolacion_delaunay,0,2082,180,339,126
2026-10-01T00:37:15.398809+00:00,1903900010461,36.8,Mala,45.2,Aceptable,promedio_sensores,1,3422,173,1112,139
2026-10-01T00:37:15.398809+00:00,1903900014534,41.48,Mala,51.79,Aceptable,interpolacion_delaunay,0,1267,111,229,29
2026-10-01T00:37:15.398809+00:00,1903900013767,13.06,Bueno,15.27,Bueno,interpolacion_delaunay,0,2308,117,605,127
2026-10-01T00:37:15.398809+00:00,1903900012345,4.74,Bueno,4.89,Bueno,interpolacion_delaunay,0,2632,98,737,80
2026-10-01T00:37:15.398809+00:00,1903900012364,0.3,Bueno,0.3,Bueno,promedio_sensores,1,2327,116,787,61
2026-10-01T00:37:15.398809+00:00,1903900011629,148.6,Extremadamente mala,152.0,Muy alta,promedio_sensores,1,2881,196,402,58
2026-10-01T00:37:15.398809+00:00,1903900013396,43.68,Mala,55.63,Aceptable,interpolacion_delaunay,0,4014,389,664,275
2026-10-01T00:37:15.398809+00:00,1903900010245,31.87,Aceptable,38.16,Bueno,interpolacion_delaunay,0,2709,131,764,208
2026-10-01T00:37:15.398809+00:00,1903900015284,24.46,Aceptable,26.01,Bueno,interpolacion_delaunay,0,513,29,60,13
2026-10-01T00:37:15.398809+00:00,1903900010118,43.04,Mala,54.65,Aceptable,interpolacion_delaunay,0,4580,383,955,302
2026-10-01T00:37:15.398809+00:00,1903900010052,44.25,Mala,56.57,Aceptable,interpolacion_delaunay,0,3869,304,717,323
2026-10-01T00:37:15.398809+00:00,1903900015123,45.16,Mala,57.91,Aceptable,interpolacion_delaunay,0,68,3,4,3
2026-10-01T00:37:15.398809+00:00,1903900014036,44.31,Mala,56.56,Aceptable,interpolacion_delaunay,0,4679,569,514,263
2026-10-01T00:37:15.398809+00:00,1903900010508,38.15,Mala,46.95,Aceptable,interpolacion_delaunay,0,3451,202,579,150
2026-10-01T00:37:15.398809+00:00,1903900010527,38.34,Mala,47.16,Aceptable,interpolacion_delaunay,0,1779,95,454,127
2026-10-01T00:37:15.398809+00:00,1903900013729,13.5,Bueno,15.52,Bueno,interpolacion_delaunay,0,3410,392,357,136
2026-10-01T00:37:15.398809+00:00,190390001370A,15.3,Aceptable,17.17,Bueno,interpolacion_delaunay,0,4006,357,563,228
2026-10-01T00:37:15.398809+00:00,1904600010362,39.21,Mala,48.82,Aceptable,interpolacion_delaunay,0,5505,271,1291,301
2026-10-01T00:37:15.398809+00:00,1904600011483,58.27,Mala,67.79,Mala,interpolacion_delaunay,0,2026,111,597,94
2026-10-01T00:37:15.398809+00:00,1904600011638,41.41,Mala,52.18,Aceptable,interpolacion_delaunay,0,4053,248,498,114
2026-10-01T00:37:15.398809+00:00,1904600010998,39.95,Mala,49.95,Aceptable,interpolacion_delaunay,0,5855,449,1099,257
2026-10-01T00:37:15.398809+00:00,1904600011676,37.55,Mala,46.24,Aceptable,interpolacion_delaunay,0,362,30,69,27
2026-10-01T00:37:15.398809+00:00,1904600010216,40.0,Mala,49.3,Aceptable,promedio_sensores,1,2042,50,546,50
2026-10-01T00:37:15.398809+00:00,1904600010536,42.01,Mala,52.34,Aceptable,interpolacion_delaunay,0,4997,504,603,104
2026-10-01T00:37:15.398809+00:00,1904600011708,43.74,Mala,54.99,Aceptable,interpolacion_delaunay,0,1763,89,284,44
2026-10-01T00:37:15.398809+00:00,190460001070A,45.23,Mala,57.33,Aceptable,interpolacion_delaunay,0,1273,69,137,48
2026-10-01T00:37:15.398809+00:00,1904600011375,42.29,Mala,53.36,Aceptable,interpolacion_delaunay,0,5964,475,946,326
2026-10-01T00:37:15.398809+00:00,1904600011286,39.84,Mala,49.7,Aceptable,interpolacion_delaunay,0,2603,117,839,196
2026-10-01T00:37:15.398809+00:00,1904600011623,41.59,Mala,52.41,Aceptable,interpolacion_delaunay,0,4225,248,423,136
2026-10-01T00:37:15.398809+00:00,1904600010786,42.62,Mala,53.63,Aceptable,interpolacion_delaunay,0,4690,309,1009,269
2026-10-01T00:37:15.398809+00:00,190460001024A,37.25,Mala,46.23,Aceptable,interpolacion_delaunay,0,2748,75,850,176
2026-10-01T00:37:15.398809+00:00,1904600010875,38.0,Mala,47.26,Aceptable,interpolacion_delaunay,0,3785,202,993,129
2026-10-01T00:37:15.398809+00:00,1904600010324,37.09,Mala,45.9,Aceptable,interpolacion_delaunay,0,2214,97,651,92
2026-10-01T00:37:15.398809+00:00,1904600011233,37.87,Mala,47.27,Aceptable,interpolacion_delaunay,0,3010,241,577,204
2026-10-01T00:37:15.398809+00:00,1904600010131,40.23,Mala,50.49,Aceptable,interpolacion_delaunay,0,4113,160,1393,177
2026-10-01T00:37:15.398809+00:00,1904600010184,39.54,Mala,49.32,Aceptable,interpolacion_delaunay,0,3438,93,1132,126
2026-10-01T00:37:15.398809+00:00,1904600010235,38.09,Mala,47.21,Aceptable,interpolacion_delaunay,0,2765,104,711,111
2026-10-01T00:37:15.398809+00:00,1904600010466,41.81,Mala,52.51,Aceptable,interpolacion_delaunay,0,2212,113,500,58
2026-10-01T00:37:15.398809+00:00,190460001049A,40.9,Mala,50.94,Aceptable,interpolacion_delaunay,0,2827,123,674,44
2026-10-01T00:37:15.398809+00:00,1904600011407,41.26,Mala,51.26,Aceptable,interpolacion_delaunay,0,3464,317,610,173
2026-10-01T00:37:15.398809+00:00,1904600011642,37.81,Mala,47.21,Aceptable,interpolacion_delaunay,0,2601,116,623,113
2026-10-01T00:37:15.398809+00:00,1904600011731,40.02,Mala,49.24,Aceptable,interpolacion_delaunay,0,3017,207,561,120
2026-10-01T00:37:15.398809+00:00,1904600010108,38.17,Mala,48.24,Aceptable,interpolacion_delaunay,0,2483,125,582,112
2026-10-01T00:37:15.398809+00:00,1904600010127,37.94,Mala,47.38,Aceptable,interpolacion_delaunay,0,4270,186,1281,297
2026-10-01T00:37:15.398809+00:00,1904600010292,38.11,Mala,46.98,Aceptable,interpolacion_delaunay,0,0,0,0,0
2026-10-01T00:37:15.398809+00:00,1904600010714,39.18,Mala,49.2,Aceptable,interpolacion_delaunay,0,3666,266,947,309
2026-10-01T00:37:15.398809+00:00,1904600010860,39.96,Mala,49.56,Aceptable,interpolacion_delaunay,0,3290,227,721,158
2026-10-01T00:37:15.398809+00:00,1904600011002,41.27,Mala,51.54,Aceptable,interpolacion_delaunay,0,3262,289,695,194
2026-10-01T00:37:15.398809+00:00,190460001120A,37.33,Mala,46.6,Aceptable,interpolacion_delaunay,0,3141,265,631,179
2026-10-01T00:37:15.398809+00:00,1904600011341,42.77,Mala,53.49,Aceptable,interpolacion_delaunay,0,3608,289,555,127
2026-10-01T00:37:15.398809+00:00,1904600011426,39.2,Mala,49.04,Aceptable,interpolacion_delaunay,0,3335,302,691,164
2026-10-01T00:37:15.398809+00:00,190460001177A,42.55,Mala,53.66,Aceptable,interpolacion_delaunay,0,2611,224,320,95
2026-10-01T00:37:15.398809+00:00,1904600010042,45.51,Mala,55.92,Aceptable,interpolacion_delaunay,0,1646,90,422,69
2026-10-01T00:37:15.398809+00:00,1904600010057,44.0,Mala,54.15,Aceptable,interpolacion_delaunay,0,1216,61,388,100
2026-10-01T00:37:15.398809+00:00,1904600010076,38.34,Mala,47.75,Aceptable,interpolacion_delaunay,0,3762,199,1053,215
2026-10-01T00:37:15.398809+00:00,1904600010095,40.43,Mala,50.59,Aceptable,interpolacion_delaunay,0,1199,53,337,85
2026-10-01T00:37:15.398809+00:00,1904600010146,38.12,Mala,47.96,Aceptable,interpolacion_delaunay,0,2987,160,749,104
2026-10-01T00:37:15.398809+00:00,190460001017A,37.5,Mala,46.93,Aceptable,interpolacion_delaunay,0,4101,180,1201,211
2026-10-01T00:37:15.398809+00:00,1904600010201,36.71,Mala,46.0,Aceptable,interpolacion_delaunay,0,3988,173,1242,253
2026-10-01T00:37:15.398809+00:00,1904600010220,39.31,Mala,48.46,Aceptable,interpolacion_delaunay,0,1869,61,495,59
2026-10-01T00:37:15.398809+00:00,190460001031A,37.34,Mala,46.32,Aceptable,interpolacion_delaunay,0,2149,134,353,62
2026-10-01T00:37:15.398809+00:00,1904600010343,39.01,Mala,48.78,Aceptable,interpolacion_delaunay,0,5532,394,1335,345
2026-10-01T00:37:15.398809+00:00,1904600010381,38.85,Mala,48.18,Aceptable,interpolacion_delaunay,0,3251,164,847,172
2026-10-01T00:37:15.398809+00:00,1904600010413,42.85,Mala,54.3,Aceptable,interpolacion_delaunay,0,4002,238,499,120
2026-10-01T00:37:15.398809+00:00,1904600010485,41.1,Mala,51.17,Aceptable,interpolacion_delaunay,0,3150,144,1004,109
2026-10-01T00:37:15.398809+00:00,1904600010540,38.09,Mala,47.74,Aceptable,interpolacion_delaunay,0,4952,283,1289,225
2026-10-01T00:37:15.398809+00:00,1904600010555,42.87,Mala,53.63,Aceptable,interpolacion_delaunay,0,0,0,0,0
2026-10-01T00:37:15.398809+00:00,1904600010593,38.7,Mala,48.61,Aceptable,interpolacion_delaunay,0,5785,417,488,81
2026-10-01T00:37:15.398809+00:00,1904600010610,44.6,Mala,56.58,Aceptable,interpolacion_delaunay,0,4819,442,219,35
2026-10-01T00:37:15.398809+00:00,1904600010625,40.91,Mala,51.22,Aceptable,interpolacion_delaunay,0,684,56,110,22
2026-10-01T00:37:15.398809+00:00,1904600010659,38.86,Mala,48.91,Aceptable,interpolacion_delaunay,0,0,0,0,0
2026-10-01T00:37:15.398809+00:00,1904600010729,39.68,Mala,49.93,Aceptable,interpolacion_delaunay,0,0,0,0,0
2026-10-01T00:37:15.398809+00:00,1904600010752,40.05,Mala,50.21,Aceptable,interpolacion_delaunay,0,2043,121,429,51
2026-10-01T00:37:15.398809+00:00,1904600010790,43.61,Mala,54.76,Aceptable,interpolacion_delaunay,0,0,0,0,0
2026-10-01T00:37:15.398809+00:00,1904600010822,40.57,Mala,50.29,Aceptable,interpolacion_delaunay,0,1808,142,329,116
2026-10-01T00:37:15.398809+00:00,1904600010841,39.52,Mala,48.99,Aceptable,interpolacion_delaunay,0,2675,196,623,119
2026-10-01T00:37:15.398809+00:00,1904600010856,38.95,Mala,48.35,Aceptable,interpolacion_delaunay,0,5049,305,900,195
2026-10-01T00:37:15.398809+00:00,190460001088A,59.02,Mala,67.72,Mala,interpolacion_delaunay,0,4232,220,1219,162
2026-10-01T00:37:15.398809+00:00,1904600010894,53.27,Mala,62.2,Mala,interpolacion_delaunay,0,2806,182,550,130
2026-10-01T00:37:15.398809+00:00,1904600010907,39.34,Mala,48.94,Aceptable,interpolacion_delaunay,0,3550,247,722,168
2026-10-01T00:37:15.398809+00:00,1904600010930,40.95,Mala,51.81,Aceptable,interpolacion_delaunay,0,3021,143,721,82
2026-10-01T00:37:15.398809+00:00,1904600010945,39.98,Mala,50.44,Aceptable,interpolacion_delaunay,0,3597,162,944,129
2026-10-01T00:37:15.398809+00:00,190460001095A,39.94,Mala,49.8,Aceptable,interpolacion_delaunay,0,3265,234,654,254
2026-10-01T00:37:15.398809+00:00,1904600010979,36.66,Mala,46.03,Aceptable,interpolacion_delaunay,0,2747,114,869,151
2026-10-01T00:37:15.398809+00:00,1904600011017,40.29,Mala,50.42,Aceptable,interpolacion_delaunay,0,4599,402,752,199
2026-10-01T00:37:15.398809+00:00,1904600011021,36.92,Mala,46.42,Aceptable,interpolacion_delaunay,0,4072,223,1090,178
2026-10-01T00:37:15.398809+00:00,1904600011040,37.02,Mala,46.48,Aceptable,interpolacion_delaunay,0,3276,150,902,88
2026-10-01T00:37:15.398809+00:00,1904600011055,37.53,Mala,47.18,Aceptable,interpolacion_delaunay,0,7096,477,1425,285
2026-10-01T00:37:15.398809+00:00,190460001106A,36.32,Mala,45.19,Aceptable,interpolacion_delaunay,0,1152,61,261,64
2026-10-01T00:37:15.398809+00:00,1904600011074,36.71,Mala,45.88,Aceptable,interpolacion_delaunay,0,4901,241,744,96
2026-10-01T00:37:15.398809+00:00,1904600011089,37.7,Mala,47.33,Aceptable,interpolacion_delaunay,0,3306,318,659,199
2026-10-01T00:37:15.398809+00:00,1904600011093,41.54,Mala,52.12,Aceptable,interpolacion_delaunay,0,3302,217,861,180
2026-10-01T00:37:15.398809+00:00,1904600011106,43.52,Mala,54.49,Aceptable,interpolacion_delaunay,0,3881,243,712,89
2026-10-01T00:37:15.398809+00:00,1904600011110,45.13,Mala,57.22,Aceptable,interpolacion_delaunay,0,3018,178,738,133
2026-10-01T00:37:15.398809+00:00,1904600011125,37.16,Mala,46.46,Aceptable,interpolacion_delaunay,0,3318,323,549,240
2026-10-01T00:37:15.398809+00:00,190460001113A,37.66,Mala,47.14,Aceptable,interpolacion_delaunay,0,3513,294,662,255
2026-10-01T00:37:15.398809+00:00,1904600011144,38.14,Mala,47.78,Aceptable,interpolacion_delaunay,0,3223,294,460,148
2026-10-01T00:37:15.398809+00:00,1904600011159,40.06,Mala,50.48,Aceptable,interpolacion_delaunay,0,4682,317,917,254
2026-10-01T00:37:15.398809+00:00,1904600011163,40.61,Mala,51.14,Aceptable,interpolacion_delaunay,0,4463,291,849,173
2026-10-01T00:37:15.398809+00:00,1904600011178,41.82,Mala,52.56,Aceptable,interpolacion_delaunay,0,2288,137,771,142
2026-10-01T00:37:15.398809+00:00,1904600011182,41.23,Mala,51.84,Aceptable,interpolacion_delaunay,0,2567,158,877,192
2026-10-01T00:37:15.398809+00:00,1904600011197,41.22,Mala,51.91,Aceptable,interpolacion_delaunay,0,2285,129,707,149
2026-10-01T00:37:15.398809+00:00,1904600011214,37.05,Mala,46.12,Aceptable,interpolacion_delaunay,0,2395,153,608,159
2026-10-01T00:37:15.398809+00:00,1904600011229,37.55,Mala,46.73,Aceptable,interpolacion_delaunay,0,3808,341,729,252
2026-10-01T00:37:15.398809+00:00,1904600011248,38.64,Mala,48.39,Aceptable,interpolacion_delaunay,0,3448,233,731,165
2026-10-01T00:37:15.398809+00:00,1904600011252,38.57,Mala,48.04,Aceptable,interpolacion_delaunay,0,3638,249,902,255
2026-10-01T00:37:15.398809+00:00,1904600011271,40.15,Mala,50.19,Aceptable,interpolacion_delaunay,0,3393,200,1049,183
2026-10-01T00:37:15.398809+00:00,1904600011290,38.7,Mala,48.32,Aceptable,interpolacion_delaunay,0,3613,204,959,164
2026-10-01T00:37:15.398809+00:00,1904600011303,39.44,Mala,49.19,Aceptable,interpolacion_delaunay,0,4255,296,730,120
2026-10-01T00:37:15.398809+00:00,1904600011318,35.8,Mala,45.0,Bueno,promedio_sensores,1,2617,117,712,78
2026-10-01T00:37:15.398809+00:00,1904600011322,36.13,Mala,45.4,Aceptable,interpolacion_delaunay,0,3209,131,1071,177
2026-10-01T00:37:15.398809+00:00,1904600011356,40.64,Mala,51.03,Aceptable,interpolacion_delaunay,0,5344,302,754,186
2026-10-01T00:37:15.398809+00:00,190460001138A,40.26,Mala,49.42,Aceptable,interpolacion_delaunay,0,2330,116,772,143
2026-10-01T00:37:15.398809+00:00,1904600011394,44.0,Mala,53.01,Aceptable,interpolacion_delaunay,0,2495,152,536,127
2026-10-01T00:37:15.398809+00:00,1904600011430,38.48,Mala,48.26,Aceptable,interpolacion_delaunay,0,4835,297,977,195
2026-10-01T00:37:15.398809+00:00,1904600011445,40.78,Mala,51.3,Aceptable,interpolacion_delaunay,0,2396,140,277,35
2026-10-01T00:37:15.398809+00:00,190460001145A,40.52,Mala,50.84,Aceptable,interpolacion_delaunay,0,4010,242,623,75
2026-10-01T00:37:15.398809+00:00,1904600011464,41.57,Mala,52.92,Aceptable,interpolacion_delaunay,0,3269,192,527,50
2026-10-01T00:37:15.398809+00:00,1904600011479,48.61,Mala,59.31,Aceptable,interpolacion_delaunay,0,2267,102,540,81
2026-10-01T00:37:15.398809+00:00,1904600011500,40.21,Mala,49.96,Aceptable,interpolacion_delaunay,0,4575,375,784,254
2026-10-01T00:37:15.398809+00:00,1904600011515,40.01,Mala,49.79,Aceptable,interpolacion_delaunay,0,1791,111,314,102
2026-10-01T00:37:15.398809+00:00,190460001152A,40.53,Mala,50.5,Aceptable,interpolacion_delaunay,0,3396,254,719,167
2026-10-01T00:37:15.398809+00:00,1904600011534,41.0,Mala,51.1,Aceptable,interpolacion_delaunay,0,5740,487,560,132
2026-10-01T00:37:15.398809+00:00,1904600011549,35.94,Mala,45.02,Aceptable,interpolacion_delaunay,0,4515,263,831,205
2026-10-01T00:37:15.398809+00:00,1904600011568,41.65,Mala,52.12,Aceptable,interpolacion_delaunay,0,4996,283,463,138
2026-10-01T00:37:15.398809+00:00,1904600011572,42.1,Mala,52.7,Aceptable,interpolacion_delaunay,0,4541,345,482,121
2026-10-01T00:37:15.398809+00:00,1904600011587,44.66,Mala,56.63,Aceptable,interpolacion_delaunay,0,2786,153,244,33
2026-10-01T00:37:15.398809+00:00,1904600011591,44.78,Mala,56.77,Aceptable,interpolacion_delaunay,0,3387,245,335,48
2026-10-01T00:37:15.398809+00:00,1904600011604,39.44,Mala,49.43,Aceptable,interpolacion_delaunay,0,3298,256,771,245
2026-10-01T00:37:15.398809+00:00,1904600011619,39.56,Mala,49.44,Aceptable,interpolacion_delaunay,0,3765,260,958,269
2026-10-01T00:37:15.398809+00:00,1904600011657,37.12,Mala,46.27,Aceptable,interpolacion_delaunay,0,3567,176,481,50
2026-10-01T00:37:15.398809+00:00,1904600011661,36.47,Mala,45.12,Aceptable,interpolacion_delaunay,0,282,11,66,6
2026-10-01T00:37:15.398809+00:00,1904600011727,55.39,Mala,64.17,Mala,interpolacion_delaunay,0,3412,179,655,144
2026-10-01T00:37:15.398809+00:00,1904600011746,36.5,Mala,45.79,Aceptable,interpolacion_delaunay,0,3218,196,815,117
2026-10-01T00:37:15.398809+00:00,1904600011750,36.21,Mala,45.27,Aceptable,interpolacion_delaunay,0,4162,197,210,54
2026-10-01T00:37:15.398809+00:00,1904600011765,43.57,Mala,55.36,Aceptable,interpolacion_delaunay,0,3860,405,397,208
2026-10-01T00:37:15.398809+00:00,1904600010663,39.4,Mala,49.59,Aceptable,interpolacion_delaunay,0,198,8,27,0
2026-10-01T00:37:15.398809+00:00,1904600010926,40.93,Mala,50.8,Aceptable,interpolacion_delaunay,0,5007,437,867,291
2026-10-01T00:37:15.398809+00:00,1904600010339,37.54,Mala,46.48,Aceptable,interpolacion_delaunay,0,1314,68,335,78
2026-10-01T00:37:15.398809+00:00,1904600011267,38.3,Mala,47.54,Aceptable,interpolacion_delaunay,0,3908,248,1102,331
2026-10-01T00:37:15.398809+00:00,1904600011712,45.73,Mala,57.97,Aceptable,interpolacion_delaunay,0,3272,182,300,58
2026-10-01T00:37:15.398809+00:00,1904600010447,44.08,Mala,53.22,Aceptable,interpolacion_delaunay,0,4132,230,437,113
2026-10-01T00:37:15.398809+00:00,1904600011498,65.42,Mala,74.06,Mala,interpolacion_delaunay,0,3212,141,667,65
2026-10-01T00:37:15.398809+00:00,1904600010682,42.61,Mala,53.45,Aceptable,interpolacion_delaunay,0,6498,485,714,113
2026-10-01T00:37:15.398809+00:00,1903100450393,39.7,Mala,50.08,Aceptable,interpolacion_delaunay,0,4470,331,183,115
2026-10-01T00:37:15.398809+00:00,1903100451090,45.85,Mala,59.47,Aceptable,interpolacion_delaunay,0,3117,391,133,67
2026-10-01T00:37:15.398809+00:00,1903100010340,47.89,Mala,63.16,Mala,interpolacion_delaunay,0,3444,349,252,192
2026-10-01T00:37:15.398809+00:00,1903100450641,44.26,Mala,57.11,Aceptable,interpolacion_delaunay,0,1572,92,57,77
2026-10-01T00:37:15.398809+00:00,1903100451086,45.88,Mala,59.59,Aceptable,interpolacion_delaunay,0,3582,470,173,24
2026-10-01T00:37:15.398809+00:00,190310311171A,45.54,Mala,58.72,Aceptable,interpolacion_delaunay,0,1226,184,39,41
2026-10-01T00:37:15.398809+00:00,1903100450088,40.22,Mala,51.86,Aceptable,interpolacion_delaunay,0,106,4,27,5
2026-10-01T00:37:15.398809+00:00,1903100450321,43.59,Mala,55.95,Aceptable,interpolacion_delaunay,0,781,65,43,66
2026-10-01T00:37:15.398809+00:00,1903100450656,37.03,Mala,45.86,Aceptable,interpolacion_delaunay,0,6656,512,216,203
2026-10-01T00:37:15.398809+00:00,1903100451461,33.27,Mala,41.01,Bueno,interpolacion_delaunay,0,215,36,0,4
2026-10-01T00:37:15.398809+00:00,1903100451391,33.68,Mala,41.14,Bueno,interpolacion_delaunay,0,400,41,11,20
2026-10-01T00:37:15.398809+00:00,190310001068A,48.0,Mala,63.8,Mala,promedio_sensores,1,5585,402,158,107
2026-10-01T00:37:15.398809+00:00,1903100010872,47.36,Mala,62.52,Mala,interpolacion_delaunay,0,2902,333,115,45
2026-10-01T00:37:15.398809+00:00,1903100450266,36.31,Mala,45.8,Aceptable,interpolacion_delaunay,0,3518,300,297,140
2026-10-01T00:37:15.398809+00:00,1903100451211,43.8,Mala,55.76,Aceptable,interpolacion_delaunay,0,318,31,15,12
2026-10-01T00:37:15.398809+00:00,1903100450105,36.97,Mala,47.34,Aceptable,interpolacion_delaunay,0,617,53,101,42
2026-10-01T00:37:15.398809+00:00,1903100450533,33.71,Mala,42.02,Bueno,interpolacion_delaunay,0,112,19,4,0
2026-10-01T00:37:15.398809+00:00,1903100450834,34.99,Mala,43.47,Bueno,interpolacion_delaunay,0,5335,620,158,133
2026-10-01T00:37:15.398809+00:00,1903100451122,36.35,Mala,44.42,Bueno,interpolacion_delaunay,0,4196,367,129,124
2026-10-01T00:37:15.398809+00:00,1903100451118,33.57,Mala,41.24,Bueno,interpolacion_delaunay,0,1143,149,65,58
2026-10-01T00:37:15.398809+00:00,1903100450092,40.7,Mala,52.23,Aceptable,interpolacion_delaunay,0,5801,601,614,240
2026-10-01T00:37:15.398809+00:00,190310001036A,47.63,Mala,62.64,Mala,interpolacion_delaunay,0,2196,166,139,77
2026-10-01T00:37:15.398809+00:00,1903100011264,47.13,Mala,62.03,Mala,interpolacion_delaunay,0,166,15,10,4
2026-10-01T00:37:15.398809+00:00,1903100011692,46.81,Mala,61.27,Mala,interpolacion_delaunay,0,1994,254,42,57
2026-10-01T00:37:15.398809+00:00,1903100450675,38.35,Mala,47.94,Aceptable,interpolacion_delaunay,0,2985,254,121,65
2026-10-01T00:37:15.398809+00:00,1903100450815,45.56,Mala,59.0,Aceptable,interpolacion_delaunay,0,5183,452,347,124
2026-10-01T00:37:15.398809+00:00,1903100450887,41.94,Mala,53.17,Aceptable,interpolacion_delaunay,0,626,73,50,23
2026-10-01T00:37:15.398809+00:00,1903100450891,42.64,Mala,53.57,Aceptable,interpolacion_delaunay,0,3371,329,210,148
2026-10-01T00:37:15.398809+00:00,1903100450904,41.64,Mala,51.97,Aceptable,interpolacion_delaunay,0,2284,216,156,77
2026-10-01T00:37:15.398809+00:00,1903100451438,45.3,Mala,58.5,Aceptable,promedio_sensores,1,489,62,15,5
2026-10-01T00:37:15.398809+00:00,1903100451442,41.48,Mala,51.37,Aceptable,interpolacion_delaunay,0,530,59,19,6
2026-10-01T00:37:15.398809+00:00,1903100451828,43.78,Mala,55.19,Aceptable,interpolacion_delaunay,0,1268,201,24,22
2026-10-01T00:37:15.398809+00:00,1903103131616,38.79,Mala,46.68,Aceptable,interpolacion_delaunay,0,3396,460,75,104
2026-10-01T00:37:15.398809+00:00,1903100451103,40.3,Mala,49.9,Aceptable,interpolacion_delaunay,0,1939,184,111,81
2026-10-01T00:37:15.398809+00:00,1903103131601,39.71,Mala,48.1,Aceptable,interpolacion_delaunay,0,3536,417,97,62
2026-10-01T00:37:15.398809+00:00,1903100451226,38.12,Mala,46.81,Aceptable,interpolacion_delaunay,0,2587,267,90,42
2026-10-01T00:37:15.398809+00:00,1903103111512,43.28,Mala,54.09,Aceptable,interpolacion_delaunay,0,2486,240,126,82
2026-10-01T00:37:15.398809+00:00,1903100451635,32.13,Aceptable,39.14,Bueno,interpolacion_delaunay,0,3621,518,70,103
2026-10-01T00:37:15.398809+00:00,1903103131300,41.0,Mala,49.2,Aceptable,promedio_sensores,1,4074,495,120,80
2026-10-01T00:37:15.398809+00:00,1903103111508,44.8,Mala,57.13,Aceptable,interpolacion_delaunay,0,3724,412,113,64
2026-10-01T00:37:15.398809+00:00,1903100451387,34.54,Mala,42.55,Bueno,interpolacion_delaunay,0,1540,218,34,55
2026-10-01T00:37:15.398809+00:00,1903100452101,30.42,Aceptable,37.0,Bueno,interpolacion_delaunay,0,1249,214,20,18
2026-10-01T00:37:15.398809+00:00,1903100451283,33.2,Mala,40.14,Bueno,interpolacion_delaunay,0,3230,373,88,78
2026-10-01T00:37:15.398809+00:00,1903103111527,43.96,Mala,55.44,Aceptable,interpolacion_delaunay,0,1682,145,143,89
2026-10-01T00:37:15.398809+00:00,1903100452402,31.29,Aceptable,37.69,Bueno,interpolacion_delaunay,0,0,0,0,0
2026-10-01T06:33:00.298329+00:00,1900601740121,24.4,Aceptable,26.1,Bueno,promedio_sensores,1,2694,310,73,36
2026-10-01T06:33:00.298329+00:00,1900601740155,24.22,Aceptable,25.82,Bueno,interpolacion_delaunay,0,1820,285,54,16
2026-10-01T06:33:00.298329+00:00,1900600781948,25.06,Aceptable,27.29,Bueno,interpolacion_delaunay,0,1170,93,69,32
2026-10-01T06:33:00.298329+00:00,1900600012236,23.98,Aceptable,25.48,Bueno,interpolacion_delaunay,0,264,28,6,0
2026-10-01T06:33:00.298329+00:00,1900600010225,24.38,Aceptable,26.33,Bueno,interpolacion_delaunay,0,1,0,0,0
2026-10-01T06:33:00.298329+00:00,1900600010206,24.22,Aceptable,26.22,Bueno,interpolacion_delaunay,0,6646,747,526,177
2026-10-01T06:33:00.298329+00:00,1900600010210,24.37,Aceptable,26.36,Bueno,interpolacion_delaunay,0,0,0,0,0
2026-10-01T06:33:00.298329+00:00,1900600010244,24.15,Aceptable,25.98,Bueno,interpolacion_delaunay,0,90,3,14,3
2026-10-01T06:33:00.298329+00:00,1900600010259,24.12,Aceptable,26.0,Bueno,interpolacion_delaunay,0,3329,268,159,53
2026-10-01T06:33:00.298329+00:00,1900600010278,24.15,Aceptable,25.95,Bueno,interpolacion_delaunay,0,486,52,18,8
2026-10-01T06:33:00.298329+00:00,1900600010297,24.29,Aceptable,26.06,Bueno,interpolacion_delaunay,0,5850,524,288,225
2026-10-01T06:33:00.298329+00:00,1900600010475,24.18,Aceptable,25.97,Bueno,interpolacion_delaunay,0,4729,407,844,249
2026-10-01T06:33:00.298329+00:00,190060001030A,24.3,Aceptable,26.06,Bueno,interpolacion_delaunay,0,4134,431,170,127
2026-10-01T06:33:00.298329+00:00,1900600010348,23.94,Aceptable,25.49,Bueno,interpolacion_delaunay,0,7877,871,609,196
2026-10-01T06:33:00.298329+00:00,1900600010460,24.13,Aceptable,25.9,Bueno,interpolacion_delaunay,0,4909,343,1088,217
2026-10-01T06:33:00.298329+00:00,1900600010352,23.94,Aceptable,25.45,Bueno,interpolacion_delaunay,0,1017,63,153,80
2026-10-01T06:33:00.298329+00:00,1900600010367,23.88,Aceptable,25.37,Bueno,interpolacion_delaunay,0,469,45,60,46
2026-10-01T06:33:00.298329+00:00,1900600010403,24.38,Aceptable,26.62,Bueno,interpolacion_delaunay,0,4726,352,972,196
2026-10-01T06:33:00.298329+00:00,190060001055A,24.38,Aceptable,26.58,Bueno,interpolacion_delaunay,0,4579,363,547,197
2026-10-01T06:33:00.298329+00:00,1900600010583,24.27,Aceptable,26.16,Bueno,interpolacion_delaunay,0,4964,382,425,153
2026-10-01T06:33:00.298329+00:00,1900600010598,24.33,Aceptable,26.21,Bueno,interpolacion_delaunay,0,5332,416,338,212
2026-10-01T06:33:00.298329+00:00,1900600010723,21.61,Aceptable,23.1,Bueno,interpolacion_delaunay,0,5109,353,1039,281
2026-10-01T06:33:00.298329+00:00,1900600010780,24.16,Aceptable,25.86,Bueno,interpolacion_delaunay,0,3755,348,382,222
2026-10-01T06:33:00.298329+00:00,1900600010795,24.09,Aceptable,25.74,Bueno,interpolacion_delaunay,0,5270,506,424,204
2026-10-01T06:33:00.298329+00:00,1900600010808,24.02,Aceptable,25.62,Bueno,interpolacion_delaunay,0,3443,304,372,102
2026-10-01T06:33:00.298329+00:00,1900600010920,24.4,Aceptable,26.7,Bueno,promedio_sensores,1,5729,316,496,128
2026-10-01T06:33:00.298329+00:00,1900600011011,24.22,Aceptable,26.16,Bueno,interpolacion_delaunay,0,0,0,0,0
2026-10-01T06:33:00.298329+00:00,1900600011026,24.23,Aceptable,26.13,Bueno,interpolacion_delaunay,0,0,0,0,0
2026-10-01T06:33:00.298329+00:00,1900600011064,24.34,Aceptable,26.54,Bueno,interpolacion_delaunay,0,4513,371,370,162
2026-10-01T06:33:00.298329+00:00,1900600011098,36.87,Mala,39.38,Bueno,interpolacion_delaunay,0,5772,542,419,165
2026-10-01T06:33:00.298329+00:00,1900600011149,23.91,Aceptable,25.38,Bueno,interpolacion_delaunay,0,1140,100,87,38
2026-10-01T06:33:00.298329+00:00,1900600011350,24.33,Aceptable,26.51,Bueno,interpolacion_delaunay,0,3323,233,353,93
2026-10-01T06:33:00.298329+00:00,1900600011365,24.29,Aceptable,26.43,Bueno,interpolacion_delaunay,0,3259,285,225,87
2026-10-01T06:33:00.298329+00:00,190060001137A,22.42,Aceptable,24.09,Bueno,interpolacion_delaunay,0,2748,223,522,132
2026-10-01T06:33:00.298329+00:00,1900600011632,24.37,Aceptable,26.14,Bueno,interpolacion_delaunay,0,5931,475,161,144
2026-10-01T06:33:00.298329+00:00,1900600011384,22.95,Aceptable,24.73,Bueno,interpolacion_delaunay,0,3359,263,352,73
2026-10-01T06:33:00.298329+00:00,1900600011399,24.28,Aceptable,26.38,Bueno,interpolacion_delaunay,0,2371,274,284,91
2026-10-01T06:33:00.298329+00:00,1900600011469,24.37,Aceptable,26.17,Bueno,interpolacion_delaunay,0,1932,125,131,96
2026-10-01T06:33:00.298329+00:00,1900600011401,24.21,Aceptable,26.24,Bueno,interpolacion_delaunay,0,3593,269,468,144
2026-10-01T06:33:00.298329+00:00,190060001144A,24.38,Aceptable,26.23,Bueno,interpolacion_delaunay,0,6239,575,321,95
2026-10-01T06:33:00.298329+00:00,1900600011473,24.29,Aceptable,26.16,Bueno,interpolacion_delaunay,0,2826,209,259,107
2026-10-01T06:33:00.298329+00:00,1900600011488,24.24,Aceptable,26.09,Bueno,interpolacion_delaunay,0,2922,234,293,96
2026-10-01T06:33:00.298329+00:00,1900600011492,24.17,Aceptable,25.91,Bueno,interpolacion_delaunay,0,1725,134,78,56
2026-10-01T06:33:00.298329+00:00,1900600011505,24.22,Aceptable,25.98,Bueno,interpolacion_delaunay,0,2030,151,78,103
2026-10-01T06:33:00.298329+00:00,190060001151A,24.22,Aceptable,25.96,Bueno,interpolacion_delaunay,0,4650,413,187,145
2026-10-01T06:33:00.298329+00:00,1900600011524,24.19,Aceptable,25.88,Bueno,interpolacion_delaunay,0,3658,279,744,150
2026-10-01T06:33:00.298329+00:00,1900600011539,24.12,Aceptable,25.75,Bueno,interpolacion_delaunay,0,3879,269,179,190
2026-10-01T06:33:00.298329+00:00,1900600011543,24.02,Aceptable,25.59,Bueno,interpolacion_delaunay,0,3926,372,127,91
2026-10-01T06:33:00.298329+00:00,1900600011844,24.28,Aceptable,25.97,Bueno,interpolacion_delaunay,0,1922,166,57,23
2026-10-01T06:33:00.298329+00:00,1900600011666,24.32,Aceptable,26.05,Bueno,interpolacion_delaunay,0,2454,221,74,68
2026-10-01T06:33:00.298329+00:00,1900600011859,24.23,Aceptable,25.9,Bueno,interpolacion_delaunay,0,1533,143,46,34
2026-10-01T06:33:00.298329+00:00,1900600011863,24.05,Aceptable,25.63,Bueno,interpolacion_delaunay,0,1050,130,36,5
2026-10-01T06:33:00.298329+00:00,1900600011878,24.02,Aceptable,25.53,Bueno,interpolacion_delaunay,0,5255,440,206,130
2026-10-01T06:33:00.298329+00:00,1900600011882,24.04,Aceptable,25.54,Bueno,interpolacion_delaunay,0,5356,444,208,243
2026-10-01T06:33:00.298329+00:00,190060001190A,23.94,Aceptable,25.41,Bueno,interpolacion_delaunay,0,3346,296,126,99
2026-10-01T06:33:00.298329+00:00,1900600011914,24.23,Aceptable,25.88,Bueno,interpolacion_delaunay,0,5844,518,215,189
2026-10-01T06:33:00.298329+00:00,1900600011929,25.02,Aceptable,27.24,Bueno,interpolacion_delaunay,0,5690,426,232,211
2026-10-01T06:33:00.298329+00:00,1900600012043,24.13,Aceptable,25.71,Bueno,interpolacion_delaunay,0,3660,375,120,69
2026-10-01T06:33:00.298329+00:00,1900600012109,24.23,Aceptable,25.91,Bueno,interpolacion_delaunay,0,1488,155,32,33
2026-10-01T06:33:00.298329+00:00,1900600012128,24.09,Aceptable,25.69,Bueno,interpolacion_delaunay,0,1714,168,66,31
2026-10-01T06:33:00.298329+00:00,190060001226A,24.2,Aceptable,25.98,Bueno,interpolacion_delaunay,0,4528,324,328,117
2026-10-01T06:33:00.298329+00:00,1900600012274,24.29,Aceptable,26.11,Bueno,interpolacion_delaunay,0,5782,615,191,106
2026-10-01T06:33:00.298329+00:00,190060001233A,24.22,Aceptable,25.85,Bueno,interpolacion_delaunay,0,2449,267,53,48
2026-10-01T06:33:00.298329+00:00,1900600012414,24.17,Aceptable,25.81,Bueno,interpolacion_delaunay,0,2297,332,39,45
2026-10-01T06:33:00.298329+00:00,1900600012429,24.13,Aceptable,25.72,Bueno,interpolacion_delaunay,0,3283,479,97,39
2026-10-01T06:33:00.298329+00:00,1900600012734,24.01,Aceptable,25.54,Bueno,interpolacion_delaunay,0,961,146,24,13
2026-10-01T06:33:00.298329+00:00,1900600010992,24.3,Aceptable,26.31,Bueno,interpolacion_delaunay,0,0,0,0,0
2026-10-01T06:33:00.298329+00:00,1900600012804,24.33,Aceptable,26.4,Bueno,interpolacion_delaunay,0,705,129,13,7
2026-10-01T06:33:00.298329+00:00,1900600011897,25.13,Aceptable,27.42,Bueno,interpolacion_delaunay,0,3063,294,202,149
2026-10-01T06:33:00.298329+00:00,1900600012202,24.26,Aceptable,25.91,Bueno,interpolacion_delaunay,0,372,48,3,8
2026-10-01T06:33:00.298329+00:00,1900600012039,24.4,Aceptable,26.16,Bueno,interpolacion_delaunay,0,2684,242,90,67
2026-10-01T06:33:00.298329+00:00,1900601740047,24.37,Aceptable,26.09,Bueno,interpolacion_delaunay,0,1719,266,38,40
2026-10-01T06:33:00.298329+00:00,190190001005A,26.54,Aceptable,28.32,Bueno,interpolacion_delaunay,0,2404,108,693,69
2026-10-01T06:33:00.298329+00:00,1901900010064,28.05,Aceptable,30.15,Bueno,promedio_sensores,4,2721,181,677,58
2026-10-01T06:33:00.298329+00:00,1901900010079,27.1,Aceptable,27.7,Bueno,promedio_sensores,1,4464,212,1159,127
2026-10-01T06:33:00.298329+00:00,1901900010083,17.33,Aceptable,18.03,Bueno,promedio_sensores,3,1374,63,441,45
2026-10-01T06:33:00.298329+00:00,1901900010098,18.5,Aceptable,19.0,Bueno,promedio_sensores,1,1854,103,460,42
2026-10-01T06:33:00.298329+00:00,1901900010100,26.4,Aceptable,27.6,Bueno,promedio_sensores,1,1944,129,547,21
2026-10-01T06:33:00.298329+00:00,1901900010149,25.0,Aceptable,28.8,Bueno,promedio_sensores,1,1163,75,215,15
2026-10-01T06:33:00.298329+00:00,1901900010153,28.5,Aceptable,30.3,Bueno,promedio_sensores,1,1800,134,430,81
2026-10-01T06:33:00.298329+00:00,1901900010168,28.8,Aceptable,31.9,Bueno,promedio_sensores,1,1570,81,416,43
2026-10-01T06:33:00.298329+00:00,1901900010172,26.21,Aceptable,27.43,Bueno,interpolacion_delaunay,0,1335,59,357,29
2026-10-01T06:33:00.298329+00:00,1901900010187,26.93,Aceptable,28.63,Bueno,interpolacion_delaunay,0,4463,306,999,93
2026-10-01T06:33:00.298329+00:00,1901900010191,25.2,Aceptable,26.8,Bueno,promedio_sensores,1,2824,172,637,108
2026-10-01T06:33:00.298329+00:00,1901900010204,26.94,Aceptable,28.7,Bueno,interpolacion_delaunay,0,3926,317,736,119
2026-10-01T06:33:00.298329+00:00,1901900010223,26.75,Aceptable,28.19,Bueno,interpolacion_delaunay,0,2979,89,503,54
2026-10-01T06:33:00.298329+00:00,1901900010238,27.8,Aceptable,29.3,Bueno,promedio_sensores,1,1904,73,302,23
2026-10-01T06:33:00.298329+00:00,1901900010242,17.2,Aceptable,18.5,Bueno,promedio_sensores,3,2717,143,729,92
2026-10-01T06:33:00.298329+00:00,1901900010257,23.1,Aceptable,24.1,Bueno,promedio_sensores,1,1307,56,361,13
2026-10-01T06:33:00.298329+00:00,1901900010261,14.2,Bueno,15.75,Bueno,promedio_sensores,2,2240,113,567,42
2026-10-01T06:33:00.298329+00:00,1901900010280,31.37,Aceptable,34.94,Bueno,interpolacion_delaunay,0,2690,79,360,43
2026-10-01T06:33:00.298329+00:00,1901900010350,21.09,Aceptable,22.05,Bueno,interpolacion_delaunay,0,2768,148,592,68
2026-10-01T06:33:00.298329+00:00,1901900010365,30.4,Aceptable,33.5,Bueno,promedio_sensores,1,3419,327,293,61
2026-10-01T06:33:00.298329+00:00,1901900010399,25.75,Aceptable,27.4,Bueno,promedio_sensores,2,1162,6,68,0
2026-10-01T06:33:00.298329+00:00,1901900010401,18.0,Aceptable,19.7,Bueno,promedio_sensores,1,2375,247,392,86
2026-10-01T06:33:00.298329+00:00,1901900010416,23.48,Aceptable,25.06,Bueno,interpolacion_delaunay,0,700,19,105,4
2026-10-01T06:33:00.298329+00:00,1901900010420,31.9,Aceptable,36.2,Bueno,promedio_sensores,1,1696,93,408,47
2026-10-01T06:33:00.298329+00:00,1901900010435,27.7,Aceptable,29.2,Bueno,promedio_sensores,1,4494,346,601,54
2026-10-01T06:33:00.298329+00:00,190190001044A,17.9,Aceptable,19.07,Bueno,promedio_sensores,3,4383,354,439,56
2026-10-01T06:33:00.298329+00:00,1901900010454,21.95,Aceptable,23.0,Bueno,promedio_sensores,2,557,26,114,11
2026-10-01T06:33:00.298329+00:00,1901900010469,24.7,Aceptable,27.3,Bueno,promedio_sensores,1,3112,170,568,37
2026-10-01T06:33:00.298329+00:00,1901900010473,23.27,Aceptable,25.38,Bueno,interpolacion_delaunay,0,983,46,182,19
2026-10-01T06:33:00.298329+00:00,1901900010488,22.25,Aceptable,23.65,Bueno,promedio_sensores,2,2757,295,371,102
2026-10-01T06:33:00.298329+00:00,1901900010492,11.95,Bueno,14.6,Bueno,promedio_sensores,2,2848,173,697,71
2026-10-01T06:33:00.298329+00:00,1901900010505,28.24,Aceptable,30.55,Bueno,interpolacion_delaunay,0,2494,111,512,19
2026-10-01T06:33:00.298329+00:00,190190001051A,26.9,Aceptable,30.0,Bueno,promedio_sensores,1,1899,111,507,36
2026-10-01T06:33:00.298329+00:00,1901900010558,30.03,Aceptable,32.63,Bueno,promedio_sensores,3,1349,87,230,21
2026-10-01T06:33:00.298329+00:00,1901900010613,27.19,Aceptable,29.04,Bueno,interpolacion_delaunay,0,132,0,20,0
2026-10-01T06:33:00.298329+00:00,1901900010384,25.2,Aceptable,26.66,Bueno,interpolacion_delaunay,0,1111,19,119,15
2026-10-01T06:33:00.298329+00:00,1901900010219,27.68,Aceptable,29.46,Bueno,interpolacion_delaunay,0,1954,106,555,58
2026-10-01T06:33:00.298329+00:00,1902100011338,52.27,Mala,55.93,Aceptable,interpolacion_delaunay,0,2800,219,134,55
2026-10-01T06:33:00.298329+00:00,1902100011817,66.6,Mala,70.0,Mala,promedio_sensores,1,583,52,40,11
2026-10-01T06:33:00.298329+00:00,1902100010293,51.82,Mala,55.51,Aceptable,interpolacion_delaunay,0,2008,84,165,35
2026-10-01T06:33:00.298329+00:00,190210001033A,52.83,Mala,56.18,Aceptable,interpolacion_delaunay,0,4000,286,440,91
2026-10-01T06:33:00.298329+00:00,1902100011060,28.1,Aceptable,32.5,Bueno,interpolacion_delaunay,0,3355,278,195,95
2026-10-01T06:33:00.298329+00:00,1902100010289,50.69,Mala,54.57,Aceptable,interpolacion_delaunay,0,1352,78,109,44
2026-10-01T06:33:00.298329+00:00,1902100010325,36.94,Mala,40.84,Bueno,interpolacion_delaunay,0,1,0,0,0
2026-10-01T06:33:00.298329+00:00,1902100011412,21.6,Aceptable,23.1,Bueno,promedio_sensores,1,3239,228,156,27
2026-10-01T06:33:00.298329+00:00,1902100011427,54.37,Mala,57.28,Aceptable,interpolacion_delaunay,0,4126,302,227,21
2026-10-01T06:33:00.298329+00:00,1902100011408,50.95,Mala,53.93,Aceptable,interpolacion_delaunay,0,6781,377,571,69
2026-10-01T06:33:00.298329+00:00,1902100011342,48.36,Mala,52.1,Aceptable,interpolacion_delaunay,0,4655,261,185,126
2026-10-01T06:33:00.298329+00:00,1902100010043,27.71,Aceptable,32.18,Bueno,interpolacion_delaunay,0,4208,322,819,334
2026-10-01T06:33:00.298329+00:00,1902100010255,38.67,Mala,42.7,Bueno,interpolacion_delaunay,0,6704,625,410,194
2026-10-01T06:33:00.298329+00:00,1902100010378,28.1,Aceptable,32.7,Bueno,promedio_sensores,1,4134,262,294,72
2026-10-01T06:33:00.298329+00:00,1902100011075,27.05,Aceptable,31.3,Bueno,interpolacion_delaunay,0,8122,855,320,248
2026-10-01T06:33:00.298329+00:00,1902600011832,23.98,Aceptable,25.6,Bueno,interpolacion_delaunay,0,3764,305,386,174
2026-10-01T06:33:00.298329+00:00,1902600010035,24.08,Aceptable,25.73,Bueno,interpolacion_delaunay,0,1597,156,285,106
2026-10-01T06:33:00.298329+00:00,1902600012332,22.97,Aceptable,25.56,Bueno,interpolacion_delaunay,0,5634,507,898,399
2026-10-01T06:33:00.298329+00:00,1902600010020,24.06,Aceptable,25.76,Bueno,interpolacion_delaunay,0,1825,174,355,160
2026-10-01T06:33:00.298329+00:00,1902600011279,24.1,Aceptable,25.81,Bueno,interpolacion_delaunay,0,4324,384,731,269
2026-10-01T06:33:00.298329+00:00,1902600011283,24.11,Aceptable,25.81,Bueno,interpolacion_delaunay,0,3719,341,754,207
2026-10-01T06:33:00.298329+00:00,1902600012440,23.98,Aceptable,25.66,Bueno,interpolacion_delaunay,0,2604,133,153,35
2026-10-01T06:33:00.298329+00:00,1902600012667,23.77,Aceptable,25.16,Bueno,interpolacion_delaunay,0,778,73,30,14
2026-10-01T06:33:00.298329+00:00,1902600012811,20.32,Aceptable,22.32,Bueno,interpolacion_delaunay,0,26,4,0,0
2026-10-01T06:33:00.298329+00:00,1902600010459,25.72,Aceptable,27.76,Bueno,interpolacion_delaunay,0,3039,123,850,229
2026-10-01T06:33:00.298329+00:00,1902600010317,25.73,Aceptable,27.67,Bueno,interpolacion_delaunay,0,4084,275,902,321
2026-10-01T06:33:00.298329+00:00,1902600010957,24.04,Aceptable,25.69,Bueno,interpolacion_delaunay,0,5841,533,1121,336
2026-10-01T06:33:00.298329+00:00,1902600011103,26.2,Aceptable,29.35,Bueno,interpolacion_delaunay,0,950,69,80,47
2026-10-01T06:33:00.298329+00:00,1902600011457,24.3,Aceptable,25.95,Bueno,interpolacion_delaunay,0,2279,129,466,94
2026-10-01T06:33:00.298329+00:00,1902600011404,22.12,Aceptable,23.44,Bueno,interpolacion_delaunay,0,3115,227,702,219
2026-10-01T06:33:00.298329+00:00,1902600011508,25.74,Aceptable,28.56,Bueno,interpolacion_delaunay,0,1978,175,250,90
2026-10-01T06:33:00.298329+00:00,1902600011828,24.04,Aceptable,25.74,Bueno,interpolacion_delaunay,0,2175,178,266,60
2026-10-01T06:33:00.298329+00:00,1902600011847,23.93,Aceptable,25.52,Bueno,interpolacion_delaunay,0,4488,374,407,157
2026-10-01T06:33:00.298329+00:00,1902600012402,23.61,Aceptable,25.24,Bueno,interpolacion_delaunay,0,2699,234,353,170
2026-10-01T06:33:00.298329+00:00,1902600012205,24.79,Aceptable,27.5,Bueno,interpolacion_delaunay,0,4435,432,502,204
2026-10-01T06:33:00.298329+00:00,1902600012258,24.9,Aceptable,27.11,Bueno,interpolacion_delaunay,0,1006,77,102,40
2026-10-01T06:33:00.298329+00:00,1902600012296,22.42,Aceptable,23.72,Bueno,interpolacion_delaunay,0,4398,237,919,190
2026-10-01T06:33:00.298329+00:00,1902600012455,23.95,Aceptable,25.58,Bueno,interpolacion_delaunay,0,4962,328,296,118
2026-10-01T06:33:00.298329+00:00,1902600010302,25.89,Aceptable,27.87,Bueno,interpolacion_delaunay,0,2790,166,675,209
2026-10-01T06:33:00.298329+00:00,1902600010425,25.89,Aceptable,28.28,Bueno,interpolacion_delaunay,0,3687,235,843,230
2026-10-01T06:33:00.298329+00:00,1902600010533,26.4,Aceptable,29.09,Bueno,interpolacion_delaunay,0,1681,81,395,96
2026-10-01T06:33:00.298329+00:00,1902600011813,24.04,Aceptable,25.75,Bueno,interpolacion_delaunay,0,5250,447,545,129
2026-10-01T06:33:00.298329+00:00,1902600011851,23.88,Aceptable,25.43,Bueno,interpolacion_delaunay,0,4115,305,359,155
2026-10-01T06:33:00.298329+00:00,1902600012436,24.04,Aceptable,25.77,Bueno,interpolacion_delaunay,0,3242,185,145,20
2026-10-01T06:33:00.298329+00:00,1902600012686,24.5,Aceptable,26.41,Bueno,interpolacion_delaunay,0,40,3,7,5
2026-10-01T06:33:00.298329+00:00,1902600010124,21.64,Aceptable,22.96,Bueno,interpolacion_delaunay,0,2665,140,749,113
2026-10-01T06:33:00.298329+00:00,1902600012417,22.33,Aceptable,23.64,Bueno,interpolacion_delaunay,0,2073,147,228,128
2026-10-01T06:33:00.298329+00:00,1902600012347,24.82,Aceptable,27.25,Bueno,interpolacion_delaunay,0,4440,433,247,105
2026-10-01T06:33:00.298329+00:00,190260001239A,24.92,Aceptable,26.17,Bueno,interpolacion_delaunay,0,2697,236,207,88
2026-10-01T06:33:00.298329+00:00,190260001260A,24.49,Aceptable,26.4,Bueno,interpolacion_delaunay,0,979,82,21,36
2026-10-01T06:33:00.298329+00:00,1902600011391,24.56,Aceptable,26.11,Bueno,interpolacion_delaunay,0,3747,280,1036,286
2026-10-01T06:33:00.298329+00:00,1902600010251,23.25,Aceptable,24.63,Bueno,interpolacion_delaunay,0,6072,581,994,581
2026-10-01T06:33:00.298329+00:00,1902600010707,24.42,Aceptable,26.26,Bueno,interpolacion_delaunay,0,4261,296,986,365
2026-10-01T06:33:00.298329+00:00,190260001157A,24.5,Aceptable,26.29,Bueno,interpolacion_delaunay,0,2161,148,444,126
2026-10-01T06:33:00.298329+00:00,1902600011654,24.41,Aceptable,26.76,Bueno,interpolacion_delaunay,0,3737,309,535,205
2026-10-01T06:33:00.298329+00:00,1902600012385,20.18,Aceptable,22.18,Bueno,interpolacion_delaunay,0,108,11,8,5
2026-10-01T06:33:00.298329+00:00,1902600011495,25.43,Aceptable,28.04,Bueno,interpolacion_delaunay,0,2675,203,421,91
2026-10-01T06:33:00.298329+00:00,1902600012525,24.86,Aceptable,27.1,Bueno,interpolacion_delaunay,0,6162,464,363,124
2026-10-01T06:33:00.298329+00:00,1902600010995,23.86,Aceptable,25.36,Bueno,interpolacion_delaunay,0,1016,61,224,56
2026-10-01T06:33:00.298329+00:00,1902600011866,21.41,Aceptable,22.79,Bueno,interpolacion_delaunay,0,3064,167,548,67
2026-10-01T06:33:00.298329+00:00,190260001207A,21.44,Aceptable,23.45,Bueno,interpolacion_delaunay,0,2199,99,452,47
2026-10-01T06:33:00.298329+00:00,1902600012120,15.61,Aceptable,16.27,Bueno,interpolacion_delaunay,0,1092,33,384,28
2026-10-01T06:33:00.298329+00:00,1902600012135,14.08,Bueno,14.34,Bueno,interpolacion_delaunay,0,1356,47,414,29
2026-10-01T06:33:00.298329+00:00,1902600012544,24.22,Aceptable,26.94,Bueno,interpolacion_delaunay,0,2171,187,206,83
2026-10-01T06:33:00.298329+00:00,1902600010069,23.79,Aceptable,25.5,Bueno,interpolacion_delaunay,0,1920,94,579,107
2026-10-01T06:33:00.298329+00:00,1902600010073,23.53,Aceptable,25.2,Bueno,interpolacion_delaunay,0,3137,159,955,77
2026-10-01T06:33:00.298329+00:00,1902600010088,22.76,Aceptable,24.33,Bueno,interpolacion_delaunay,0,2870,157,722,160
2026-10-01T06:33:00.298329+00:00,1902600010158,25.97,Aceptable,27.88,Bueno,interpolacion_delaunay,0,1517,70,502,83
2026-10-01T06:33:00.298329+00:00,190260001029A,26.07,Aceptable,28.13,Bueno,interpolacion_delaunay,0,1809,94,461,133
2026-10-01T06:33:00.298329+00:00,1902600011885,23.92,Aceptable,25.67,Bueno,interpolacion_delaunay,0,1944,100,497,103
2026-10-01T06:33:00.298329+00:00,1902600012192,25.05,Aceptable,27.36,Bueno,interpolacion_delaunay,0,2742,217,241,94
2026-10-01T06:33:00.298329+00:00,1902600012243,20.07,Aceptable,22.39,Bueno,interpolacion_delaunay,0,316,37,21,22
2026-10-01T06:33:00.298329+00:00,1902600012421,22.89,Aceptable,24.21,Bueno,interpolacion_delaunay,0,2385,134,120,49
2026-10-01T06:33:00.298329+00:00,1902600012597,24.2,Aceptable,25.9,Bueno,interpolacion_delaunay,0,3539,244,126,97
2026-10-01T06:33:00.298329+00:00,1902600011029,23.82,Aceptable,25.33,Bueno,interpolacion_delaunay,0,1109,94,97,45
2026-10-01T06:33:00.298329+00:00,190260001189A,24.53,Aceptable,26.33,Bueno,interpolacion_delaunay,0,2117,131,543,112
2026-10-01T06:33:00.298329+00:00,1902600012703,21.12,Aceptable,23.19,Bueno,interpolacion_delaunay,0,632,49,33,14
2026-10-01T06:33:00.298329+00:00,1902600011372,24.9,Aceptable,26.49,Bueno,interpolacion_delaunay,0,2451,168,520,192
2026-10-01T06:33:00.298329+00:00,1902600012366,24.73,Aceptable,26.8,Bueno,interpolacion_delaunay,0,350,28,12,6
2026-10-01T06:33:00.298329+00:00,1902600010321,25.63,Aceptable,27.46,Bueno,interpolacion_delaunay,0,5159,259,1483,335
2026-10-01T06:33:00.298329+00:00,1902600010336,25.46,Aceptable,27.25,Bueno,interpolacion_delaunay,0,3112,150,945,118
2026-10-01T06:33:00.298329+00:00,1902600010340,25.34,Aceptable,27.05,Bueno,interpolacion_delaunay,0,5009,289,1452,316
2026-10-01T06:33:00.298329+00:00,1902600010355,24.92,Aceptable,26.57,Bueno,interpolacion_delaunay,0,2172,143,527,123
2026-10-01T06:33:00.298329+00:00,1902600010389,24.71,Aceptable,26.25,Bueno,interpolacion_delaunay,0,3485,223,809,188
2026-10-01T06:33:00.298329+00:00,1902600010393,24.11,Aceptable,25.58,Bueno,interpolacion_delaunay,0,4293,274,932,186
2026-10-01T06:33:00.298329+00:00,1902600010618,24.52,Aceptable,26.25,Bueno,interpolacion_delaunay,0,3420,248,733,217
2026-10-01T06:33:00.298329+00:00,1902600010730,28.38,Aceptable,29.65,Bueno,interpolacion_delaunay,0,4610,359,992,364
2026-10-01T06:33:00.298329+00:00,1902600011033,23.66,Aceptable,25.06,Bueno,interpolacion_delaunay,0,5199,444,572,162
2026-10-01T06:33:00.298329+00:00,1902600011122,23.69,Aceptable,25.75,Bueno,interpolacion_delaunay,0,6940,637,766,300
2026-10-01T06:33:00.298329+00:00,1902600011546,24.9,Aceptable,26.84,Bueno,interpolacion_delaunay,0,3715,209,870,202
2026-10-01T06:33:00.298329+00:00,1902600011461,24.1,Aceptable,25.7,Bueno,interpolacion_delaunay,0,3227,233,684,198
2026-10-01T06:33:00.298329+00:00,190260001132A,24.99,Aceptable,26.72,Bueno,interpolacion_delaunay,0,2713,152,488,78
2026-10-01T06:33:00.298329+00:00,1902600011334,22.66,Aceptable,23.91,Bueno,interpolacion_delaunay,0,3525,289,683,240
2026-10-01T06:33:00.298329+00:00,1902600011349,23.0,Aceptable,24.24,Bueno,interpolacion_delaunay,0,2716,239,484,222
2026-10-01T06:33:00.298329+00:00,1902600011368,24.81,Aceptable,26.41,Bueno,interpolacion_delaunay,0,3348,226,652,119
2026-10-01T06:33:00.298329+00:00,1902600011419,25.51,Aceptable,27.43,Bueno,interpolacion_delaunay,0,2833,144,728,158
2026-10-01T06:33:00.298329+00:00,1902600011442,24.34,Aceptable,26.05,Bueno,interpolacion_delaunay,0,3169,182,598,174
2026-10-01T06:33:00.298329+00:00,1902600011565,24.58,Aceptable,26.45,Bueno,interpolacion_delaunay,0,4076,290,816,263
2026-10-01T06:33:00.298329+00:00,1902600011584,25.92,Aceptable,27.5,Bueno,interpolacion_delaunay,0,4255,317,895,221
2026-10-01T06:33:00.298329+00:00,1902600011599,26.07,Aceptable,27.57,Bueno,interpolacion_delaunay,0,2923,228,572,152
2026-10-01T06:33:00.298329+00:00,1902600011601,29.1,Aceptable,30.3,Bueno,promedio_sensores,1,3474,261,775,299
2026-10-01T06:33:00.298329+00:00,1902600011688,27.38,Aceptable,28.89,Bueno,interpolacion_delaunay,0,3727,240,688,249
2026-10-01T06:33:00.298329+00:00,190260001171A,26.16,Aceptable,28.18,Bueno,interpolacion_delaunay,0,4383,321,770,213
2026-10-01T06:33:00.298329+00:00,1902600012008,21.81,Aceptable,23.54,Bueno,interpolacion_delaunay,0,1064,52,278,35
2026-10-01T06:33:00.298329+00:00,1902600011781,21.94,Aceptable,23.84,Bueno,interpolacion_delaunay,0,260,22,25,0
2026-10-01T06:33:00.298329+00:00,1902600011989,24.77,Aceptable,26.65,Bueno,interpolacion_delaunay,0,3336,217,653,151
2026-10-01T06:33:00.298329+00:00,1902600012027,26.74,Aceptable,28.45,Bueno,interpolacion_delaunay,0,5601,339,676,195
2026-10-01T06:33:00.298329+00:00,1902600012116,22.68,Aceptable,25.05,Bueno,interpolacion_delaunay,0,2265,174,319,64
2026-10-01T06:33:00.298329+00:00,1902600012328,24.64,Aceptable,26.65,Bueno,interpolacion_delaunay,0,2737,200,173,54
2026-10-01T06:33:00.298329+00:00,1902600012510,24.49,Aceptable,26.61,Bueno,interpolacion_delaunay,0,3466,257,269,90
2026-10-01T06:33:00.298329+00:00,1902600012578,24.34,Aceptable,26.84,Bueno,interpolacion_delaunay,0,2465,185,298,196
2026-10-01T06:33:00.298329+00:00,1902600012582,24.23,Aceptable,26.73,Bueno,interpolacion_delaunay,0,2739,201,423,283
2026-10-01T06:33:00.298329+00:00,1902600012614,24.77,Aceptable,26.89,Bueno,interpolacion_delaunay,0,3024,272,68,36
2026-10-01T06:33:00.298329+00:00,1902600010177,24.97,Aceptable,26.76,Bueno,interpolacion_delaunay,0,1769,60,559,90
2026-10-01T06:33:00.298329+00:00,1902600010444,23.56,Aceptable,25.18,Bueno,interpolacion_delaunay,0,2474,121,665,111
2026-10-01T06:33:00.298329+00:00,1902600011531,25.03,Aceptable,26.99,Bueno,interpolacion_delaunay,0,3594,235,816,160
2026-10-01T06:33:00.298329+00:00,1902600010232,23.16,Aceptable,24.59,Bueno,interpolacion_delaunay,0,2521,162,744,110
2026-10-01T06:33:00.298329+00:00,1902600010196,24.69,Aceptable,26.44,Bueno,interpolacion_delaunay,0,1557,66,485,73
2026-10-01T06:33:00.298329+00:00,1902600010213,23.25,Aceptable,24.74,Bueno,interpolacion_delaunay,0,2063,114,530,142
2026-10-01T06:33:00.298329+00:00,190260001011A,21.95,Aceptable,23.33,Bueno,interpolacion_delaunay,0,3115,155,816,154
2026-10-01T06:33:00.298329+00:00,1902600010162,25.3,Aceptable,27.15,Bueno,interpolacion_delaunay,0,1624,64,473,65
2026-10-01T06:33:00.298329+00:00,1902600010181,26.0,Aceptable,27.89,Bueno,interpolacion_delaunay,0,1561,63,499,94
2026-10-01T06:33:00.298329+00:00,1902600010228,24.0,Aceptable,25.54,Bueno,interpolacion_delaunay,0,1619,140,316,120
2026-10-01T06:33:00.298329+00:00,1902600010603,24.62,Aceptable,26.37,Bueno,interpolacion_delaunay,0,1632,93,346,132
2026-10-01T06:33:00.298329+00:00,1902600010745,27.91,Aceptable,29.3,Bueno,interpolacion_delaunay,0,1565,113,330,126
2026-10-01T06:33:00.298329+00:00,1902600010798,24.57,Aceptable,26.45,Bueno,interpolacion_delaunay,0,3364,210,732,231
2026-10-01T06:33:00.298329+00:00,1902600010815,24.26,Aceptable,26.55,Bueno,interpolacion_delaunay,0,4739,363,1000,268
2026-10-01T06:33:00.298329+00:00,1902600011438,23.36,Aceptable,25.23,Bueno,interpolacion_delaunay,0,1771,89,459,85
2026-10-01T06:33:00.298329+00:00,1902600011476,24.66,Aceptable,26.24,Bueno,interpolacion_delaunay,0,3270,215,839,209
2026-10-01T06:33:00.298329+00:00,1902600011777,24.25,Aceptable,26.3,Bueno,interpolacion_delaunay,0,3599,312,366,80
2026-10-01T06:33:00.298329+00:00,1902600012031,25.95,Aceptable,27.84,Bueno,interpolacion_delaunay,0,4385,273,421,152
2026-10-01T06:33:00.298329+00:00,1902600012173,21.24,Aceptable,22.58,Bueno,interpolacion_delaunay,0,108,5,10,3
2026-10-01T06:33:00.298329+00:00,1902600012474,23.82,Aceptable,25.37,Bueno,interpolacion_delaunay,0,3828,248,138,120
2026-10-01T06:33:00.298329+00:00,190260001253A,24.33,Aceptable,26.86,Bueno,interpolacion_delaunay,0,1418,134,74,37
2026-10-01T06:33:00.298329+00:00,1902600012648,26.69,Aceptable,28.07,Bueno,interpolacion_delaunay,0,1998,125,415,138
2026-10-01T06:33:00.298329+00:00,1902600012794,23.67,Aceptable,24.95,Bueno,interpolacion_delaunay,0,776,83,32,8
2026-10-01T06:33:00.298329+00:00,1902600012775,23.89,Aceptable,25.45,Bueno,interpolacion_delaunay,0,1381,194,42,36
2026-10-01T06:33:00.298329+00:00,1902600012898,16.8,Aceptable,17.49,Bueno,interpolacion_delaunay,0,21,3,0,0
2026-10-01T06:33:00.298329+00:00,1902600010849,20.45,Aceptable,22.66,Bueno,interpolacion_delaunay,0,1926,132,278,87
2026-10-01T06:33:00.298329+00:00,1902600012262,22.07,Aceptable,23.36,Bueno,interpolacion_delaunay,0,2668,227,217,83
2026-10-01T06:33:00.298329+00:00,1902600010266,22.51,Aceptable,23.78,Bueno,interpolacion_delaunay,0,427,58,19,0
2026-10-01T06:33:00.298329+00:00,1902600010779,22.32,Aceptable,23.84,Bueno,interpolacion_delaunay,0,677,45,131,66
2026-10-01T06:33:00.298329+00:00,1902600010872,15.77,Aceptable,16.31,Bueno,interpolacion_delaunay,0,3088,114,989,72
2026-10-01T06:33:00.298329+00:00,1902600011902,22.5,Aceptable,23.86,Bueno,interpolacion_delaunay,0,2434,191,435,71
2026-10-01T06:33:00.298329+00:00,1902600011993,24.69,Aceptable,26.62,Bueno,interpolacion_delaunay,0,3528,203,521,147
2026-10-01T06:33:00.298329+00:00,1902600012012,21.62,Aceptable,23.48,Bueno,interpolacion_delaunay,0,2227,119,600,34
2026-10-01T06:33:00.298329+00:00,1902600012084,19.23,Aceptable,20.7,Bueno,interpolacion_delaunay,0,1461,49,516,49
2026-10-01T06:33:00.298329+00:00,1902600012188,18.21,Aceptable,19.18,Bueno,interpolacion_delaunay,0,460,18,82,4
2026-10-01T06:33:00.298329+00:00,1902600012277,22.68,Aceptable,24.02,Bueno,interpolacion_delaunay,0,3597,281,616,228
2026-10-01T06:33:00.298329+00:00,190260001246A,23.89,Aceptable,25.48,Bueno,interpolacion_delaunay,0,4546,358,308,145
2026-10-01T06:33:00.298329+00:00,1902600012559,24.57,Aceptable,26.88,Bueno,interpolacion_delaunay,0,4248,285,324,114
2026-10-01T06:33:00.298329+00:00,1902600012652,23.55,Aceptable,24.78,Bueno,interpolacion_delaunay,0,3158,323,113,122
2026-10-01T06:33:00.298329+00:00,1902600012671,24.01,Aceptable,25.24,Bueno,interpolacion_delaunay,0,1647,122,65,34
2026-10-01T06:33:00.298329+00:00,1902600012718,19.17,Aceptable,21.39,Bueno,interpolacion_delaunay,0,2829,290,123,131
2026-10-01T06:33:00.298329+00:00,1902600012741,24.62,Aceptable,26.6,Bueno,interpolacion_delaunay,0,1897,119,345,52
2026-10-01T06:33:00.298329+00:00,1902600012879,23.5,Aceptable,24.7,Bueno,promedio_sensores,1,2144,300,65,16
2026-10-01T06:33:00.298329+00:00,1902600010285,24.02,Aceptable,25.66,Bueno,interpolacion_delaunay,0,2844,174,613,185
2026-10-01T06:33:00.298329+00:00,1902600012690,19.84,Aceptable,21.81,Bueno,interpolacion_delaunay,0,79,0,3,0
2026-10-01T06:33:00.298329+00:00,1902600012099,21.55,Aceptable,23.57,Bueno,interpolacion_delaunay,0,5241,599,554,189
2026-10-01T06:33:00.298329+00:00,1902600011936,23.63,Aceptable,24.97,Bueno,interpolacion_delaunay,0,2951,267,407,119
2026-10-01T06:33:00.298329+00:00,1902600012169,18.78,Aceptable,19.58,Bueno,interpolacion_delaunay,0,1023,50,158,14
2026-10-01T06:33:00.298329+00:00,190260001118A,21.51,Aceptable,22.85,Bueno,interpolacion_delaunay,0,3453,227,320,71
2026-10-01T06:33:00.298329+00:00,1902600012050,24.97,Aceptable,27.15,Bueno,interpolacion_delaunay,0,4134,320,745,263
2026-10-01T06:33:00.298329+00:00,1902600012101,21.35,Aceptable,23.48,Bueno,interpolacion_delaunay,0,3626,381,484,119
2026-10-01T06:33:00.298329+00:00,1902600012563,21.07,Aceptable,23.24,Bueno,interpolacion_delaunay,0,2676,291,133,25
2026-10-01T06:33:00.298329+00:00,190260001278A,23.83,Aceptable,25.22,Bueno,interpolacion_delaunay,0,3558,402,98,36
2026-10-01T06:33:00.298329+00:00,1902600011921,23.69,Aceptable,25.07,Bueno,interpolacion_delaunay,0,2594,223,377,76
2026-10-01T06:33:00.298329+00:00,1902600010092,22.17,Aceptable,23.66,Bueno,interpolacion_delaunay,0,4183,262,1039,106
2026-10-01T06:33:00.298329+00:00,1902600011300,22.05,Aceptable,23.34,Bueno,interpolacion_delaunay,0,2915,163,792,188
2026-10-01T06:33:00.298329+00:00,1902600010143,23.74,Aceptable,25.19,Bueno,interpolacion_delaunay,0,2245,273,113,55
2026-10-01T06:33:00.298329+00:00,1902600011870,22.2,Aceptable,23.64,Bueno,interpolacion_delaunay,0,3271,173,768,82
2026-10-01T06:33:00.298329+00:00,1902600011315,23.61,Aceptable,25.21,Bueno,interpolacion_delaunay,0,3497,230,464,42
2026-10-01T06:33:00.298329+00:00,1902600011014,23.8,Aceptable,25.32,Bueno,interpolacion_delaunay,0,2155,150,459,98
2026-10-01T06:33:00.298329+00:00,1902600011616,26.29,Aceptable,27.78,Bueno,interpolacion_delaunay,0,3883,311,769,201
2026-10-01T06:33:00.298329+00:00,1902600011620,25.72,Aceptable,27.3,Bueno,interpolacion_delaunay,0,4814,356,1024,301
2026-10-01T06:33:00.298329+00:00,1902600011480,25.31,Aceptable,26.76,Bueno,interpolacion_delaunay,0,4784,390,737,223
2026-10-01T06:33:00.298329+00:00,1902600010641,25.01,Aceptable,26.44,Bueno,interpolacion_delaunay,0,2917,240,627,202
2026-10-01T06:33:00.298329+00:00,1902600012633,27.31,Aceptable,28.53,Bueno,interpolacion_delaunay,0,2429,188,313,91
2026-10-01T06:33:00.298329+00:00,190260001164A,24.6,Aceptable,26.4,Bueno,interpolacion_delaunay,0,2101,168,367,57
2026-10-01T06:33:00.298329+00:00,1902600011635,25.22,Aceptable,26.98,Bueno,interpolacion_delaunay,0,4695,347,639,204
2026-10-01T06:33:00.298329+00:00,1902600010961,23.9,Aceptable,25.52,Bueno,interpolacion_delaunay,0,1353,81,150,34
2026-10-01T06:33:00.298329+00:00,1902600011226,23.56,Aceptable,25.65,Bueno,interpolacion_delaunay,0,4831,444,615,226
2026-10-01T06:33:00.298329+00:00,1902600012807,23.79,Aceptable,25.74,Bueno,interpolacion_delaunay,0,51,0,0,0
2026-10-01T06:33:00.298329+00:00,1902600012737,23.9,Aceptable,25.87,Bueno,interpolacion_delaunay,0,153,17,4,4
2026-10-01T06:33:00.298329+00:00,1902600012046,24.77,Aceptable,26.89,Bueno,interpolacion_delaunay,0,5116,376,649,199
2026-10-01T06:33:00.298329+00:00,1902600012756,24.5,Aceptable,26.5,Bueno,promedio_sensores,1,2572,282,124,24
2026-10-01T06:33:00.298329+00:00,1902600010783,23.72,Aceptable,25.54,Bueno,interpolacion_delaunay,0,1477,145,264,42
2026-10-01T06:33:00.298329+00:00,1902600011230,23.67,Aceptable,25.8,Bueno,interpolacion_delaunay,0,3324,362,242,132
2026-10-01T06:33:00.298329+00:00,1902600011758,17.2,Aceptable,17.7,Bueno,promedio_sensores,1,2105,92,408,43
2026-10-01T06:33:00.298329+00:00,1902600011141,25.44,Aceptable,28.49,Bueno,interpolacion_delaunay,0,9036,1161,432,363
2026-10-01T06:33:00.298329+00:00,1902600011743,21.91,Aceptable,24.35,Bueno,interpolacion_delaunay,0,7461,709,958,323
2026-10-01T06:33:00.298329+00:00,1902600012629,19.42,Aceptable,21.61,Bueno,interpolacion_delaunay,0,1943,149,74,66
2026-10-01T06:33:00.298329+00:00,1902600011762,24.46,Aceptable,26.42,Bueno,interpolacion_delaunay,0,2427,183,512,77
2026-10-01T06:33:00.298329+00:00,1902600011194,23.28,Aceptable,24.99,Bueno,interpolacion_delaunay,0,4669,300,960,201
2026-10-01T06:33:00.298329+00:00,1902600011052,23.8,Aceptable,25.18,Bueno,interpolacion_delaunay,0,7318,799,917,451
2026-10-01T06:33:00.298329+00:00,1902600012722,24.11,Aceptable,25.71,Bueno,interpolacion_delaunay,0,1673,182,35,23
2026-10-01T06:33:00.298329+00:00,1902600010209,24.32,Aceptable,26.04,Bueno,interpolacion_delaunay,0,0,0,0,0
2026-10-01T06:33:00.298329+00:00,1902600012883,24.56,Aceptable,26.47,Bueno,interpolacion_delaunay,0,2693,391,65,39
2026-10-01T06:33:00.298329+00:00,1902600011512,26.3,Aceptable,29.09,Bueno,interpolacion_delaunay,0,1411,83,448,118
2026-10-01T06:33:00.298329+00:00,1902600011527,26.27,Aceptable,29.16,Bueno,interpolacion_delaunay,0,2114,99,718,127
2026-10-01T06:33:00.298329+00:00,1902600010853,25.96,Aceptable,28.51,Bueno,interpolacion_delaunay,0,4562,382,755,151
2026-10-01T06:33:00.298329+00:00,1902600011160,26.2,Aceptable,29.2,Bueno,promedio_sensores,1,3568,186,796,79
2026-10-01T06:33:00.298329+00:00,1902600011423,25.33,Aceptable,27.21,Bueno,interpolacion_delaunay,0,2358,121,643,149
2026-10-01T06:33:00.298329+00:00,1902600011118,24.73,Aceptable,26.65,Bueno,interpolacion_delaunay,0,0,0,0,0
2026-10-01T06:33:00.298329+00:00,1902600010552,25.61,Aceptable,27.65,Bueno,interpolacion_delaunay,0,1358,197,299,91
2026-10-01T06:33:00.298329+00:00,1902600010567,25.17,Aceptable,27.12,Bueno,interpolacion_delaunay,0,3469,239,807,212
2026-10-01T06:33:00.298329+00:00,1902600010478,25.24,Aceptable,27.03,Bueno,interpolacion_delaunay,0,3451,258,686,179
2026-10-01T06:33:00.298329+00:00,1902600012493,25.03,Aceptable,26.87,Bueno,interpolacion_delaunay,0,3047,231,451,139
2026-10-01T06:33:00.298329+00:00,1902600012506,25.13,Aceptable,27.02,Bueno,interpolacion_delaunay,0,1875,122,448,96
2026-10-01T06:33:00.298329+00:00,1902600011387,24.67,Aceptable,26.29,Bueno,interpolacion_delaunay,0,4018,279,697,181
2026-10-01T06:33:00.298329+00:00,1902600010482,25.0,Aceptable,26.71,Bueno,interpolacion_delaunay,0,4004,197,1191,226
2026-10-01T06:33:00.298329+00:00,1902600010586,24.85,Aceptable,26.64,Bueno,interpolacion_delaunay,0,4983,369,1196,317
2026-10-01T06:33:00.298329+00:00,1902600010590,24.74,Aceptable,26.51,Bueno,interpolacion_delaunay,0,3794,290,817,254
2026-10-01T06:33:00.298329+00:00,1902600011940,24.29,Aceptable,25.76,Bueno,interpolacion_delaunay,0,3450,256,773,184
2026-10-01T06:33:00.298329+00:00,1902600012224,24.61,Aceptable,26.25,Bueno,interpolacion_delaunay,0,1986,122,533,118
2026-10-01T06:33:00.298329+00:00,1902600012239,24.37,Aceptable,25.96,Bueno,interpolacion_delaunay,0,2664,206,487,219
2026-10-01T06:33:00.298329+00:00,1902600010548,20.46,Aceptable,21.52,Bueno,interpolacion_delaunay,0,4149,203,1177,258
2026-10-01T06:33:00.298329+00:00,1902600012489,22.92,Aceptable,24.21,Bueno,interpolacion_delaunay,0,2798,203,290,77
2026-10-01T06:33:00.298329+00:00,1902600011353,25.05,Aceptable,26.69,Bueno,interpolacion_delaunay,0,1952,125,417,157
2026-10-01T06:33:00.298329+00:00,1902600012760,23.57,Aceptable,24.85,Bueno,interpolacion_delaunay,0,3619,397,120,87
2026-10-01T06:33:00.298329+00:00,1902600011264,23.74,Aceptable,25.11,Bueno,interpolacion_delaunay,0,1708,151,158,100
2026-10-01T06:33:00.298329+00:00,190260001285A,23.59,Aceptable,24.84,Bueno,interpolacion_delaunay,0,1850,298,50,26
2026-10-01T06:33:00.298329+00:00,1902600010270,25.04,Aceptable,27.33,Bueno,interpolacion_delaunay,0,0,0,0,0
2026-10-01T06:33:00.298329+00:00,1902600010406,24.05,Aceptable,25.46,Bueno,interpolacion_delaunay,0,2889,225,550,115
2026-10-01T06:33:00.298329+00:00,1902600011067,23.37,Aceptable,24.68,Bueno,interpolacion_delaunay,0,4252,360,451,270
2026-10-01T06:33:00.298329+00:00,1902600011086,24.85,Aceptable,27.11,Bueno,interpolacion_delaunay,0,3224,245,126,84
2026-10-01T06:33:00.298329+00:00,1902600012313,26.68,Aceptable,30.2,Bueno,interpolacion_delaunay,0,2567,202,407,174
2026-10-01T06:33:00.298329+00:00,1902600012309,25.97,Aceptable,29.05,Bueno,interpolacion_delaunay,0,2125,241,150,88
2026-10-01T06:33:00.298329+00:00,1902600011809,23.36,Aceptable,24.63,Bueno,interpolacion_delaunay,0,2127,251,117,120
2026-10-01T06:33:00.298329+00:00,1902600012864,23.64,Aceptable,24.94,Bueno,interpolacion_delaunay,0,1168,168,40,16
2026-10-01T06:33:00.298329+00:00,190260001125A,14.75,Bueno,15.1,Bueno,interpolacion_delaunay,0,541,13,170,22
2026-10-01T06:33:00.298329+00:00,1902600011071,25.77,Aceptable,28.6,Bueno,interpolacion_delaunay,0,3143,264,264,89
2026-10-01T06:33:00.298329+00:00,190260001196A,26.1,Aceptable,29.15,Bueno,interpolacion_delaunay,0,3349,324,262,100
2026-10-01T06:33:00.298329+00:00,1902600011955,24.02,Aceptable,25.39,Bueno,interpolacion_delaunay,0,3582,349,216,97
2026-10-01T06:33:00.298329+00:00,190260001050A,24.08,Aceptable,25.56,Bueno,interpolacion_delaunay,0,2022,217,309,73
2026-10-01T06:33:00.298329+00:00,1903900012400,27.1,Aceptable,31.1,Bueno,promedio_sensores,1,4517,429,723,304
2026-10-01T06:33:00.298329+00:00,1903900014657,27.78,Aceptable,30.13,Bueno,interpolacion_delaunay,0,2491,234,438,138
2026-10-01T06:33:00.298329+00:00,1903900013682,27.06,Aceptable,28.87,Bueno,interpolacion_delaunay,0,4499,398,653,181
2026-10-01T06:33:00.298329+00:00,1903900010832,23.45,Aceptable,26.62,Bueno,interpolacion_delaunay,0,543,31,158,26
2026-10-01T06:33:00.298329+00:00,1903900011120,24.67,Aceptable,26.53,Bueno,interpolacion_delaunay,0,2607,94,831,149
2026-10-01T06:33:00.298329+00:00,1903900012129,21.36,Aceptable,23.28,Bueno,interpolacion_delaunay,0,4074,318,790,255
2026-10-01T06:33:00.298329+00:00,190390001363A,28.52,Aceptable,30.7,Bueno,interpolacion_delaunay,0,3850,324,618,201
2026-10-01T06:33:00.298329+00:00,1903900014163,22.95,Aceptable,24.69,Bueno,interpolacion_delaunay,0,3563,376,476,178
2026-10-01T06:33:00.298329+00:00,1903900014642,27.16,Aceptable,29.68,Bueno,interpolacion_delaunay,0,2137,227,313,125
2026-10-01T06:33:00.298329+00:00,1903900013589,25.51,Aceptable,28.65,Bueno,interpolacion_delaunay,0,1971,102,595,95
2026-10-01T06:33:00.298329+00:00,1903900011370,25.89,Aceptable,27.84,Bueno,interpolacion_delaunay,0,1287,71,218,39
2026-10-01T06:33:00.298329+00:00,1903900012114,21.94,Aceptable,23.87,Bueno,interpolacion_delaunay,0,2387,84,816,136
2026-10-01T06:33:00.298329+00:00,1903900012203,18.0,Aceptable,19.4,Bueno,promedio_sensores,1,2974,126,1034,191
2026-10-01T06:33:00.298329+00:00,1903900013574,23.18,Aceptable,26.31,Bueno,interpolacion_delaunay,0,832,37,276,93
2026-10-01T06:33:00.298329+00:00,1903900012792,16.17,Aceptable,18.4,Bueno,interpolacion_delaunay,0,1,0,0,0
2026-10-01T06:33:00.298329+00:00,190390001445A,25.54,Aceptable,27.95,Bueno,interpolacion_delaunay,0,5563,304,1118,197
2026-10-01T06:33:00.298329+00:00,1903900014638,26.01,Aceptable,28.61,Bueno,interpolacion_delaunay,0,3811,381,571,142
2026-10-01T06:33:00.298329+00:00,1903900012063,26.49,Aceptable,28.01,Bueno,interpolacion_delaunay,0,2407,98,743,119
2026-10-01T06:33:00.298329+00:00,1903900011690,18.66,Aceptable,19.51,Bueno,interpolacion_delaunay,0,228,12,56,11
2026-10-01T06:33:00.298329+00:00,1903900011760,19.45,Aceptable,20.26,Bueno,interpolacion_delaunay,0,1986,129,443,117
2026-10-01T06:33:00.298329+00:00,1903900011934,23.33,Aceptable,24.5,Bueno,promedio_sensores,3,2171,83,550,105
2026-10-01T06:33:00.298329+00:00,190390001192A,20.95,Aceptable,21.94,Bueno,interpolacion_delaunay,0,2553,117,796,121
2026-10-01T06:33:00.298329+00:00,1903900012044,27.42,Aceptable,29.2,Bueno,interpolacion_delaunay,0,1920,122,427,109
2026-10-01T06:33:00.298329+00:00,1903900012078,27.19,Aceptable,29.02,Bueno,interpolacion_delaunay,0,2179,136,538,60
2026-10-01T06:33:00.298329+00:00,1903900011525,16.33,Aceptable,18.25,Bueno,interpolacion_delaunay,0,590,39,143,33
2026-10-01T06:33:00.298329+00:00,1903900011991,27.7,Aceptable,29.4,Bueno,promedio_sensores,1,3236,192,703,201
2026-10-01T06:33:00.298329+00:00,1903900012006,22.15,Aceptable,23.24,Bueno,interpolacion_delaunay,0,1972,70,504,136
2026-10-01T06:33:00.298329+00:00,1903900010673,25.53,Aceptable,28.44,Bueno,interpolacion_delaunay,0,2155,174,396,142
2026-10-01T06:33:00.298329+00:00,1903900010298,24.3,Aceptable,27.8,Bueno,interpolacion_delaunay,0,3499,233,739,152
2026-10-01T06:33:00.298329+00:00,1903900010404,24.38,Aceptable,27.87,Bueno,interpolacion_delaunay,0,2835,189,560,150
2026-10-01T06:33:00.298329+00:00,1903900011012,23.84,Aceptable,26.97,Bueno,interpolacion_delaunay,0,1216,101,235,35
2026-10-01T06:33:00.298329+00:00,1903900011065,24.62,Aceptable,27.08,Bueno,interpolacion_delaunay,0,1981,192,428,144
2026-10-01T06:33:00.298329+00:00,1903900010175,25.37,Aceptable,29.02,Bueno,interpolacion_delaunay,0,1294,70,318,45
2026-10-01T06:33:00.298329+00:00,190390001018A,25.23,Aceptable,28.88,Bueno,interpolacion_delaunay,0,3618,299,750,219
2026-10-01T06:33:00.298329+00:00,1903900010194,25.02,Aceptable,28.63,Bueno,interpolacion_delaunay,0,2850,223,604,173
2026-10-01T06:33:00.298329+00:00,1903900010226,24.11,Aceptable,27.6,Bueno,interpolacion_delaunay,0,4934,461,799,274
2026-10-01T06:33:00.298329+00:00,1903900014229,22.06,Aceptable,23.6,Bueno,interpolacion_delaunay,0,2852,249,505,184
2026-10-01T06:33:00.298329+00:00,1903900010353,14.61,Bueno,17.95,Bueno,interpolacion_delaunay,0,3313,167,981,325
2026-10-01T06:33:00.298329+00:00,1903900010936,27.12,Aceptable,29.71,Bueno,interpolacion_delaunay,0,2121,128,459,101
2026-10-01T06:33:00.298329+00:00,1903900011173,23.5,Aceptable,25.5,Bueno,promedio_sensores,1,2108,71,659,126
2026-10-01T06:33:00.298329+00:00,1903900011188,26.33,Aceptable,28.87,Bueno,interpolacion_delaunay,0,3322,231,794,185
2026-10-01T06:33:00.298329+00:00,1903900011224,24.1,Aceptable,26.76,Bueno,interpolacion_delaunay,0,3487,327,636,198
2026-10-01T06:33:00.298329+00:00,1903900011328,26.13,Aceptable,28.97,Bueno,interpolacion_delaunay,0,1300,73,364,78
2026-10-01T06:33:00.298329+00:00,1903900011332,26.03,Aceptable,28.67,Bueno,interpolacion_delaunay,0,2976,208,686,165
2026-10-01T06:33:00.298329+00:00,1903900011493,5.4,Bueno,6.2,Bueno,promedio_sensores,1,498,32,117,21
2026-10-01T06:33:00.298329+00:00,1903900011506,11.02,Bueno,12.49,Bueno,interpolacion_delaunay,0,218,10,60,5
2026-10-01T06:33:00.298329+00:00,1903900011510,12.24,Bueno,13.98,Bueno,interpolacion_delaunay,0,370,18,99,43
2026-10-01T06:33:00.298329+00:00,1903900011563,21.35,Aceptable,23.64,Bueno,interpolacion_delaunay,0,1016,57,324,41
2026-10-01T06:33:00.298329+00:00,1903900011652,7.4,Bueno,8.78,Bueno,interpolacion_delaunay,0,1408,46,412,99
2026-10-01T06:33:00.298329+00:00,1903900011667,22.25,Aceptable,25.0,Bueno,interpolacion_delaunay,0,811,38,222,38
2026-10-01T06:33:00.298329+00:00,1903900011671,22.51,Aceptable,25.19,Bueno,interpolacion_delaunay,0,2135,120,546,122
2026-10-01T06:33:00.298329+00:00,1903900011775,22.46,Aceptable,23.74,Bueno,interpolacion_delaunay,0,3247,195,753,173
2026-10-01T06:33:00.298329+00:00,190390001178A,24.96,Aceptable,26.63,Bueno,interpolacion_delaunay,0,2085,91,638,124
2026-10-01T06:33:00.298329+00:00,1903900011811,26.25,Aceptable,28.7,Bueno,interpolacion_delaunay,0,3726,195,960,140
2026-10-01T06:33:00.298329+00:00,190390001210A,24.5,Aceptable,26.6,Bueno,promedio_sensores,1,2790,113,700,150
2026-10-01T06:33:00.298329+00:00,1903900012186,22.78,Aceptable,24.39,Bueno,interpolacion_delaunay,0,4169,44,257,49
2026-10-01T06:33:00.298329+00:00,1903900011559,17.4,Aceptable,18.0,Bueno,promedio_sensores,1,854,32,232,42
2026-10-01T06:33:00.298329+00:00,1903900013428,24.7,Aceptable,28.27,Bueno,interpolacion_delaunay,0,3351,320,515,172
2026-10-01T06:33:00.298329+00:00,1903900014214,23.27,Aceptable,24.77,Bueno,interpolacion_delaunay,0,4120,374,689,171
2026-10-01T06:33:00.298329+00:00,1903900014712,24.73,Aceptable,26.4,Bueno,interpolacion_delaunay,0,3085,299,499,125
2026-10-01T06:33:00.298329+00:00,1903900014727,23.82,Aceptable,25.4,Bueno,interpolacion_delaunay,0,2574,237,418,75
2026-10-01T06:33:00.298329+00:00,1903900011544,13.15,Bueno,14.02,Bueno,interpolacion_delaunay,0,484,17,104,17
2026-10-01T06:33:00.298329+00:00,1903900011347,26.8,Aceptable,28.9,Bueno,promedio_sensores,1,3767,228,949,230
2026-10-01T06:33:00.298329+00:00,1903900011101,25.65,Aceptable,27.71,Bueno,interpolacion_delaunay,0,2340,171,499,101
2026-10-01T06:33:00.298329+00:00,1903900010692,24.5,Aceptable,27.77,Bueno,interpolacion_delaunay,0,1264,56,294,43
2026-10-01T06:33:00.298329+00:00,190390001071A,9.6,Bueno,12.7,Bueno,promedio_sensores,1,2092,89,717,121
2026-10-01T06:33:00.298329+00:00,190390001153A,8.99,Bueno,9.76,Bueno,interpolacion_delaunay,0,283,20,33,8
2026-10-01T06:33:00.298329+00:00,1903900012222,25.54,Aceptable,27.15,Bueno,interpolacion_delaunay,0,2481,214,440,130
2026-10-01T06:33:00.298329+00:00,1903900010048,26.1,Aceptable,29.92,Bueno,interpolacion_delaunay,0,2757,231,541,184
2026-10-01T06:33:00.298329+00:00,1903900010160,25.43,Aceptable,29.08,Bueno,interpolacion_delaunay,0,1233,55,334,97
2026-10-01T06:33:00.298329+00:00,1903900011915,21.82,Aceptable,22.88,Bueno,interpolacion_delaunay,0,1171,52,296,69
2026-10-01T06:33:00.298329+00:00,1903900012824,13.06,Bueno,14.99,Bueno,interpolacion_delaunay,0,0,0,0,0
2026-10-01T06:33:00.298329+00:00,1903900010103,25.86,Aceptable,29.58,Bueno,interpolacion_delaunay,0,2537,115,733,107
2026-10-01T06:33:00.298329+00:00,1903900010122,25.29,Aceptable,28.97,Bueno,interpolacion_delaunay,0,3875,316,762,228
2026-10-01T06:33:00.298329+00:00,1903900010207,24.87,Aceptable,28.48,Bueno,interpolacion_delaunay,0,2935,264,476,100
2026-10-01T06:33:00.298329+00:00,190390001089A,26.71,Aceptable,29.5,Bueno,interpolacion_delaunay,0,2450,84,735,103
2026-10-01T06:33:00.298329+00:00,1903900010813,24.21,Aceptable,27.66,Bueno,interpolacion_delaunay,0,1266,76,281,65
2026-10-01T06:33:00.298329+00:00,190390001096A,26.69,Aceptable,29.67,Bueno,interpolacion_delaunay,0,735,52,175,36
2026-10-01T06:33:00.298329+00:00,190390001107A,25.16,Aceptable,27.72,Bueno,interpolacion_delaunay,0,2056,191,358,98
2026-10-01T06:33:00.298329+00:00,1903900011099,25.16,Aceptable,27.15,Bueno,interpolacion_delaunay,0,1728,108,401,82
2026-10-01T06:33:00.298329+00:00,1903900011281,16.48,Aceptable,18.67,Bueno,interpolacion_delaunay,0,162,9,42,10
2026-10-01T06:33:00.298329+00:00,190390001146A,23.38,Aceptable,25.83,Bueno,interpolacion_delaunay,0,1878,94,425,114
2026-10-01T06:33:00.298329+00:00,1903900011474,23.28,Aceptable,26.05,Bueno,interpolacion_delaunay,0,1482,65,348,91
2026-10-01T06:33:00.298329+00:00,1903900011648,12.81,Bueno,14.46,Bueno,interpolacion_delaunay,0,1275,46,383,92
2026-10-01T06:33:00.298329+00:00,1903900011953,25.18,Aceptable,27.45,Bueno,interpolacion_delaunay,0,4331,383,782,275
2026-10-01T06:33:00.298329+00:00,1903900011968,25.67,Aceptable,27.74,Bueno,interpolacion_delaunay,0,2452,198,521,139
2026-10-01T06:33:00.298329+00:00,1903900011972,25.47,Aceptable,27.19,Bueno,interpolacion_delaunay,0,2152,173,501,93
2026-10-01T06:33:00.298329+00:00,1903900011987,25.69,Aceptable,27.24,Bueno,interpolacion_delaunay,0,2330,153,564,186
2026-10-01T06:33:00.298329+00:00,1903900012010,23.6,Aceptable,24.8,Bueno,promedio_sensores,3,377,6,32,6
2026-10-01T06:33:00.298329+00:00,1903900012025,24.02,Aceptable,26.19,Bueno,interpolacion_delaunay,0,4868,169,1336,220
2026-10-01T06:33:00.298329+00:00,1903900012608,23.78,Aceptable,27.56,Bueno,interpolacion_delaunay,0,3563,325,452,140
2026-10-01T06:33:00.298329+00:00,1903900012260,25.29,Aceptable,26.86,Bueno,interpolacion_delaunay,0,2549,128,738,140
2026-10-01T06:33:00.298329+00:00,1903900012523,26.55,Aceptable,30.43,Bueno,interpolacion_delaunay,0,5883,502,863,210
2026-10-01T06:33:00.298329+00:00,1903900012576,25.62,Aceptable,29.34,Bueno,interpolacion_delaunay,0,3643,363,363,152
2026-10-01T06:33:00.298329+00:00,1903900012612,26.41,Aceptable,30.25,Bueno,interpolacion_delaunay,0,3707,369,423,217
2026-10-01T06:33:00.298329+00:00,1903900013339,26.26,Aceptable,30.13,Bueno,interpolacion_delaunay,0,3291,330,562,149
2026-10-01T06:33:00.298329+00:00,1903900013432,24.51,Aceptable,28.07,Bueno,interpolacion_delaunay,0,3283,331,497,186
2026-10-01T06:33:00.298329+00:00,1903900013381,25.79,Aceptable,29.53,Bueno,interpolacion_delaunay,0,3469,305,681,259
2026-10-01T06:33:00.298329+00:00,1903900013324,26.62,Aceptable,30.53,Bueno,interpolacion_delaunay,0,2714,268,458,83
2026-10-01T06:33:00.298329+00:00,1903900014587,23.8,Aceptable,27.04,Bueno,interpolacion_delaunay,0,1315,68,368,60
2026-10-01T06:33:00.298329+00:00,1903900014604,11.55,Bueno,12.23,Bueno,interpolacion_delaunay,0,2075,111,610,109
2026-10-01T06:33:00.298329+00:00,1903900014661,25.98,Aceptable,27.51,Bueno,interpolacion_delaunay,0,2902,69,608,127
2026-10-01T06:33:00.298329+00:00,1903900014680,26.2,Aceptable,29.36,Bueno,interpolacion_delaunay,0,2293,96,745,94
2026-10-01T06:33:00.298329+00:00,1903900011239,26.35,Aceptable,29.43,Bueno,interpolacion_delaunay,0,3332,293,662,233
2026-10-01T06:33:00.298329+00:00,1903900011489,25.3,Aceptable,28.5,Bueno,promedio_sensores,1,1608,86,419,74
2026-10-01T06:33:00.298329+00:00,1903900010279,25.19,Aceptable,28.8,Bueno,interpolacion_delaunay,0,2220,107,580,282
2026-10-01T06:33:00.298329+00:00,1903900010531,23.69,Aceptable,27.02,Bueno,interpolacion_delaunay,0,5417,419,1156,491
2026-10-01T06:33:00.298329+00:00,1903900010635,26.0,Aceptable,29.08,Bueno,interpolacion_delaunay,0,2264,78,723,158
2026-10-01T06:33:00.298329+00:00,1903900011686,19.0,Aceptable,20.29,Bueno,interpolacion_delaunay,0,153,7,36,5
2026-10-01T06:33:00.298329+00:00,1903900011807,26.21,Aceptable,28.27,Bueno,interpolacion_delaunay,0,2430,99,765,107
2026-10-01T06:33:00.298329+00:00,1903900011830,27.4,Aceptable,29.2,Bueno,promedio_sensores,1,898,35,265,16
2026-10-01T06:33:00.298329+00:00,1903900012097,24.9,Aceptable,26.8,Bueno,promedio_sensores,1,4087,88,440,163
2026-10-01T06:33:00.298329+00:00,1903900012256,28.16,Aceptable,29.82,Bueno,interpolacion_delaunay,0,4590,303,1006,320
2026-10-01T06:33:00.298329+00:00,1903900012307,20.83,Aceptable,22.5,Bueno,promedio_sensores,3,2986,141,683,94
2026-10-01T06:33:00.298329+00:00,1903900012453,19.46,Aceptable,20.3,Bueno,interpolacion_delaunay,0,2219,109,403,76
2026-10-01T06:33:00.298329+00:00,1903900012716,26.57,Aceptable,28.8,Bueno,interpolacion_delaunay,0,78,3,14,8
2026-10-01T06:33:00.298329+00:00,1903900012735,26.5,Aceptable,28.87,Bueno,interpolacion_delaunay,0,0,0,0,0
2026-10-01T06:33:00.298329+00:00,1903900012769,21.12,Aceptable,26.36,Bueno,interpolacion_delaunay,0,279,15,54,0
2026-10-01T06:33:00.298329+00:00,1903900012773,20.16,Aceptable,22.16,Bueno,interpolacion_delaunay,0,0,0,0,0
2026-10-01T06:33:00.298329+00:00,1903900014040,25.06,Aceptable,28.73,Bueno,interpolacion_delaunay,0,3042,337,450,116
2026-10-01T06:33:00.298329+00:00,1903900014178,25.86,Aceptable,27.77,Bueno,interpolacion_delaunay,0,4610,493,538,196
2026-10-01T06:33:00.298329+00:00,1903900010156,25.65,Aceptable,29.32,Bueno,interpolacion_delaunay,0,2930,146,830,151
2026-10-01T06:33:00.298329+00:00,1903900010264,25.51,Aceptable,29.12,Bueno,interpolacion_delaunay,0,4282,326,814,272
2026-10-01T06:33:00.298329+00:00,1903900010283,24.92,Aceptable,28.49,Bueno,interpolacion_delaunay,0,2911,218,619,83
2026-10-01T06:33:00.298329+00:00,1903900010315,23.6,Aceptable,27.03,Bueno,interpolacion_delaunay,0,3515,316,654,216
2026-10-01T06:33:00.298329+00:00,190390001032A,23.51,Aceptable,26.96,Bueno,interpolacion_delaunay,0,4173,426,573,279
2026-10-01T06:33:00.298329+00:00,1903900010349,22.63,Aceptable,25.95,Bueno,interpolacion_delaunay,0,2637,166,677,132
2026-10-01T06:33:00.298329+00:00,1903900010391,24.58,Aceptable,28.09,Bueno,interpolacion_delaunay,0,3850,295,727,205
2026-10-01T06:33:00.298329+00:00,1903900010438,23.11,Aceptable,26.44,Bueno,interpolacion_delaunay,0,3338,313,521,73
2026-10-01T06:33:00.298329+00:00,1903900010442,23.15,Aceptable,26.39,Bueno,interpolacion_delaunay,0,2676,239,533,136
2026-10-01T06:33:00.298329+00:00,1903900010457,23.66,Aceptable,27.15,Bueno,interpolacion_delaunay,0,3408,175,1149,225
2026-10-01T06:33:00.298329+00:00,1903900010480,24.62,Aceptable,28.08,Bueno,interpolacion_delaunay,0,1388,64,440,114
2026-10-01T06:33:00.298329+00:00,1903900010512,24.71,Aceptable,27.99,Bueno,interpolacion_delaunay,0,2980,202,741,168
2026-10-01T06:33:00.298329+00:00,1903900010546,24.63,Aceptable,27.85,Bueno,interpolacion_delaunay,0,2660,141,683,117
2026-10-01T06:33:00.298329+00:00,1903900010550,24.22,Aceptable,27.43,Bueno,interpolacion_delaunay,0,2279,182,478,160
2026-10-01T06:33:00.298329+00:00,1903900010565,23.71,Aceptable,26.92,Bueno,interpolacion_delaunay,0,2608,254,432,94
2026-10-01T06:33:00.298329+00:00,190390001057A,24.54,Aceptable,27.61,Bueno,interpolacion_delaunay,0,1514,131,335,33
2026-10-01T06:33:00.298329+00:00,1903900010599,13.96,Bueno,16.81,Bueno,interpolacion_delaunay,0,2808,125,1047,137
2026-10-01T06:33:00.298329+00:00,1903900010601,25.02,Aceptable,28.42,Bueno,interpolacion_delaunay,0,5314,412,1126,426
2026-10-01T06:33:00.298329+00:00,1903900010620,26.49,Aceptable,29.54,Bueno,interpolacion_delaunay,0,2515,85,744,131
2026-10-01T06:33:00.298329+00:00,190390001064A,25.73,Aceptable,28.79,Bueno,interpolacion_delaunay,0,2719,125,702,154
2026-10-01T06:33:00.298329+00:00,1903900010654,25.06,Aceptable,28.14,Bueno,interpolacion_delaunay,0,2609,119,783,144
2026-10-01T06:33:00.298329+00:00,1903900010705,13.02,Bueno,15.77,Bueno,interpolacion_delaunay,0,1996,93,661,76
2026-10-01T06:33:00.298329+00:00,1903900010739,26.92,Aceptable,29.83,Bueno,interpolacion_delaunay,0,1701,60,561,127
2026-10-01T06:33:00.298329+00:00,1903900010743,26.72,Aceptable,29.6,Bueno,interpolacion_delaunay,0,1991,112,552,108
2026-10-01T06:33:00.298329+00:00,1903900010758,26.52,Aceptable,29.4,Bueno,interpolacion_delaunay,0,1207,67,324,54
2026-10-01T06:33:00.298329+00:00,1903900010796,24.53,Aceptable,27.83,Bueno,interpolacion_delaunay,0,0,0,0,0
2026-10-01T06:33:00.298329+00:00,1903900010828,23.65,Aceptable,26.93,Bueno,interpolacion_delaunay,0,1085,46,363,57
2026-10-01T06:33:00.298329+00:00,1903900010866,20.48,Aceptable,23.14,Bueno,interpolacion_delaunay,0,1678,49,570,85
2026-10-01T06:33:00.298329+00:00,1903900010870,25.46,Aceptable,28.47,Bueno,interpolacion_delaunay,0,3879,268,842,254
2026-10-01T06:33:00.298329+00:00,1903900010885,26.12,Aceptable,28.96,Bueno,interpolacion_delaunay,0,1668,63,493,70
2026-10-01T06:33:00.298329+00:00,1903900010940,27.1,Aceptable,29.85,Bueno,interpolacion_delaunay,0,3419,259,605,213
2026-10-01T06:33:00.298329+00:00,1903900011046,24.67,Aceptable,27.74,Bueno,interpolacion_delaunay,0,1800,151,355,99
2026-10-01T06:33:00.298329+00:00,1903900011135,25.15,Aceptable,27.63,Bueno,interpolacion_delaunay,0,1752,62,519,67
2026-10-01T06:33:00.298329+00:00,190390001114A,24.9,Aceptable,27.9,Bueno,promedio_sensores,1,1380,53,428,34
2026-10-01T06:33:00.298329+00:00,1903900011154,24.45,Aceptable,26.53,Bueno,interpolacion_delaunay,0,1623,62,444,64
2026-10-01T06:33:00.298329+00:00,1903900011169,24.75,Aceptable,26.4,Bueno,promedio_sensores,2,2880,73,732,160
2026-10-01T06:33:00.298329+00:00,1903900011192,25.48,Aceptable,27.98,Bueno,interpolacion_delaunay,0,2657,175,674,141
2026-10-01T06:33:00.298329+00:00,1903900011205,25.79,Aceptable,28.62,Bueno,interpolacion_delaunay,0,122,13,22,0
2026-10-01T06:33:00.298329+00:00,1903900011243,16.46,Aceptable,18.37,Bueno,interpolacion_delaunay,0,475,45,76,44
2026-10-01T06:33:00.298329+00:00,1903900011258,19.04,Aceptable,21.36,Bueno,interpolacion_delaunay,0,1048,106,166,35
2026-10-01T06:33:00.298329+00:00,1903900011262,26.02,Aceptable,29.24,Bueno,interpolacion_delaunay,0,1756,114,447,140
2026-10-01T06:33:00.298329+00:00,1903900011277,22.45,Aceptable,25.38,Bueno,interpolacion_delaunay,0,2024,136,529,164
2026-10-01T06:33:00.298329+00:00,1903900011309,25.6,Aceptable,29.2,Bueno,promedio_sensores,1,1761,123,433,90
2026-10-01T06:33:00.298329+00:00,1903900011351,26.36,Aceptable,28.4,Bueno,interpolacion_delaunay,0,2734,167,651,175
2026-10-01T06:33:00.298329+00:00,1903900011366,26.18,Aceptable,28.18,Bueno,interpolacion_delaunay,0,0,0,0,0
2026-10-01T06:33:00.298329+00:00,1903900011421,28.2,Aceptable,31.7,Bueno,promedio_sensores,1,3327,204,738,54
2026-10-01T06:33:00.298329+00:00,1903900011436,26.95,Aceptable,30.1,Bueno,interpolacion_delaunay,0,1869,83,431,69
2026-10-01T06:33:00.298329+00:00,1903900011440,27.06,Aceptable,29.66,Bueno,interpolacion_delaunay,0,1644,76,453,82
2026-10-01T06:33:00.298329+00:00,1903900011455,24.83,Aceptable,28.82,Bueno,interpolacion_delaunay,0,1330,38,379,65
2026-10-01T06:33:00.298329+00:00,1903900011578,20.82,Aceptable,21.85,Bueno,interpolacion_delaunay,0,1668,78,469,55
2026-10-01T06:33:00.298329+00:00,1903900011582,22.9,Aceptable,24.2,Bueno,promedio_sensores,1,1943,98,485,98
2026-10-01T06:33:00.298329+00:00,190390001160A,26.44,Aceptable,28.9,Bueno,interpolacion_delaunay,0,1878,106,479,110
2026-10-01T06:33:00.298329+00:00,1903900011614,26.4,Aceptable,28.95,Bueno,interpolacion_delaunay,0,2516,127,727,95
2026-10-01T06:33:00.298329+00:00,1903900011633,21.03,Aceptable,26.16,Bueno,interpolacion_delaunay,0,810,34,225,59
2026-10-01T06:33:00.298329+00:00,1903900011703,19.09,Aceptable,19.89,Bueno,interpolacion_delaunay,0,3184,63,372,52
2026-10-01T06:33:00.298329+00:00,1903900011722,21.41,Aceptable,23.88,Bueno,interpolacion_delaunay,0,511,20,136,16
2026-10-01T06:33:00.298329+00:00,1903900011737,17.64,Aceptable,19.25,Bueno,interpolacion_delaunay,0,377,25,76,21
2026-10-01T06:33:00.298329+00:00,1903900011741,20.95,Aceptable,22.17,Bueno,interpolacion_delaunay,0,179,8,28,10
2026-10-01T06:33:00.298329+00:00,1903900011756,21.04,Aceptable,22.03,Bueno,interpolacion_delaunay,0,191,3,61,18
2026-10-01T06:33:00.298329+00:00,1903900011794,26.19,Aceptable,27.91,Bueno,interpolacion_delaunay,0,2555,160,623,167
2026-10-01T06:33:00.298329+00:00,1903900011845,12.5,Bueno,13.1,Bueno,promedio_sensores,1,2750,133,527,66
2026-10-01T06:33:00.298329+00:00,190390001185A,21.87,Aceptable,23.85,Bueno,interpolacion_delaunay,0,2718,189,497,75
2026-10-01T06:33:00.298329+00:00,1903900011879,23.46,Aceptable,25.49,Bueno,interpolacion_delaunay,0,2302,190,467,160
2026-10-01T06:33:00.298329+00:00,1903900011883,23.85,Aceptable,25.69,Bueno,interpolacion_delaunay,0,2653,217,567,162
2026-10-01T06:33:00.298329+00:00,1903900011898,25.23,Aceptable,27.07,Bueno,interpolacion_delaunay,0,2466,163,572,128
2026-10-01T06:33:00.298329+00:00,1903900011900,23.77,Aceptable,25.13,Bueno,interpolacion_delaunay,0,1274,99,333,108
2026-10-01T06:33:00.298329+00:00,1903900012167,24.62,Aceptable,26.4,Bueno,interpolacion_delaunay,0,2883,124,813,123
2026-10-01T06:33:00.298329+00:00,1903900012190,21.12,Aceptable,22.7,Bueno,interpolacion_delaunay,0,1182,41,455,89
2026-10-01T06:33:00.298329+00:00,1903900012218,19.67,Aceptable,21.14,Bueno,interpolacion_delaunay,0,1788,87,512,71
2026-10-01T06:33:00.298329+00:00,1903900012241,20.12,Aceptable,21.88,Bueno,interpolacion_delaunay,0,1136,46,404,79
2026-10-01T06:33:00.298329+00:00,1903900012275,23.13,Aceptable,24.87,Bueno,interpolacion_delaunay,0,3740,200,896,144
2026-10-01T06:33:00.298329+00:00,1903900012472,25.9,Aceptable,28.4,Bueno,promedio_sensores,1,4662,342,773,243
2026-10-01T06:33:00.298329+00:00,190390001267A,17.14,Aceptable,19.93,Bueno,interpolacion_delaunay,0,3909,249,1025,191
2026-10-01T06:33:00.298329+00:00,1903900012684,18.45,Aceptable,20.84,Bueno,interpolacion_delaunay,0,2186,73,687,43
2026-10-01T06:33:00.298329+00:00,1903900012720,26.5,Aceptable,28.6,Bueno,promedio_sensores,1,970,52,170,37
2026-10-01T06:33:00.298329+00:00,190390001274A,25.14,Aceptable,26.98,Bueno,interpolacion_delaunay,0,10,0,0,0
2026-10-01T06:33:00.298329+00:00,1903900012754,26.32,Aceptable,28.35,Bueno,interpolacion_delaunay,0,3205,214,714,184
2026-10-01T06:33:00.298329+00:00,1903900012788,21.95,Aceptable,23.13,Bueno,interpolacion_delaunay,0,0,0,0,0
2026-10-01T06:33:00.298329+00:00,190390001281A,14.4,Bueno,16.8,Bueno,promedio_sensores,1,327,0,0,0
2026-10-01T06:33:00.298329+00:00,1903900012877,5.88,Bueno,6.77,Bueno,interpolacion_delaunay,0,0,0,0,0
2026-10-01T06:33:00.298329+00:00,1903900013451,23.92,Aceptable,27.39,Bueno,interpolacion_delaunay,0,4308,421,672,304
2026-10-01T06:33:00.298329+00:00,1903900013555,19.86,Aceptable,22.65,Bueno,interpolacion_delaunay,0,4663,290,902,166
2026-10-01T06:33:00.298329+00:00,1903900013593,22.89,Aceptable,25.16,Bueno,interpolacion_delaunay,0,2322,237,355,231
2026-10-01T06:33:00.298329+00:00,1903900013606,24.39,Aceptable,26.97,Bueno,interpolacion_delaunay,0,2907,266,482,206
2026-10-01T06:33:00.298329+00:00,1903900013610,17.66,Aceptable,19.51,Bueno,interpolacion_delaunay,0,2513,260,368,178
2026-10-01T06:33:00.298329+00:00,1903900013659,26.42,Aceptable,28.67,Bueno,interpolacion_delaunay,0,1885,176,371,95
2026-10-01T06:33:00.298329+00:00,190390001406A,24.08,Aceptable,27.61,Bueno,interpolacion_delaunay,0,4196,447,516,257
2026-10-01T06:33:00.298329+00:00,1903900014093,25.21,Aceptable,28.79,Bueno,interpolacion_delaunay,0,3096,303,444,145
2026-10-01T06:33:00.298329+00:00,1903900014144,14.83,Bueno,21.4,Bueno,interpolacion_delaunay,0,883,38,360,125
2026-10-01T06:33:00.298329+00:00,1903900014159,1.6,Bueno,2.3,Bueno,promedio_sensores,1,620,20,142,55
2026-10-01T06:33:00.298329+00:00,1903900014500,24.93,Aceptable,28.47,Bueno,interpolacion_delaunay,0,3056,353,283,111
2026-10-01T06:33:00.298329+00:00,1903900014515,24.75,Aceptable,28.25,Bueno,interpolacion_delaunay,0,3391,252,688,180
2026-10-01T06:33:00.298329+00:00,1903900014549,23.78,Aceptable,27.2,Bueno,interpolacion_delaunay,0,4319,365,785,218
2026-10-01T06:33:00.298329+00:00,1903900014553,23.54,Aceptable,26.94,Bueno,interpolacion_delaunay,0,3885,315,748,307
2026-10-01T06:33:00.298329+00:00,1903900014619,3.74,Bueno,4.33,Bueno,interpolacion_delaunay,0,2679,137,355,34
2026-10-01T06:33:00.298329+00:00,1903900014623,23.8,Aceptable,26.2,Bueno,promedio_sensores,1,1853,99,476,133
2026-10-01T06:33:00.298329+00:00,1903900014731,26.24,Aceptable,28.88,Bueno,interpolacion_delaunay,0,2772,164,687,112
2026-10-01T06:33:00.298329+00:00,1903900014905,17.21,Aceptable,19.44,Bueno,interpolacion_delaunay,0,2280,182,284,44
2026-10-01T06:33:00.298329+00:00,190390001491A,14.29,Bueno,16.42,Bueno,interpolacion_delaunay,0,897,47,73,0
2026-10-01T06:33:00.298329+00:00,1903900014924,24.8,Aceptable,26.0,Bueno,promedio_sensores,1,2425,136,485,38
2026-10-01T06:33:00.298329+00:00,1903900014939,25.26,Aceptable,27.27,Bueno,interpolacion_delaunay,0,1974,92,485,50
2026-10-01T06:33:00.298329+00:00,1903900015142,21.86,Aceptable,22.99,Bueno,interpolacion_delaunay,0,2839,330,193,45
2026-10-01T06:33:00.298329+00:00,1903900011385,26.7,Aceptable,28.82,Bueno,interpolacion_delaunay,0,1585,87,442,107
2026-10-01T06:33:00.298329+00:00,1903900012805,23.0,Aceptable,25.23,Bueno,interpolacion_delaunay,0,3258,186,362,30
2026-10-01T06:33:00.298329+00:00,1903900011826,26.24,Aceptable,28.34,Bueno,interpolacion_delaunay,0,1966,181,300,39
2026-10-01T06:33:00.298329+00:00,1903900012468,17.83,Aceptable,19.89,Bueno,interpolacion_delaunay,0,3979,370,451,75
2026-10-01T06:33:00.298329+00:00,1903900012133,26.83,Aceptable,28.89,Bueno,interpolacion_delaunay,0,3643,409,514,130
2026-10-01T06:33:00.298329+00:00,1903900014182,26.25,Aceptable,28.24,Bueno,interpolacion_delaunay,0,2164,180,491,80
2026-10-01T06:33:00.298329+00:00,1903900012152,25.65,Aceptable,27.61,Bueno,interpolacion_delaunay,0,2360,140,519,93
2026-10-01T06:33:00.298329+00:00,1903900012082,25.75,Aceptable,27.66,Bueno,interpolacion_delaunay,0,2402,95,700,143
2026-10-01T06:33:00.298329+00:00,1903900013663,26.37,Aceptable,28.25,Bueno,interpolacion_delaunay,0,4832,422,675,278
2026-10-01T06:33:00.298329+00:00,1903900013714,10.34,Bueno,10.51,Bueno,interpolacion_delaunay,0,4743,468,751,239
2026-10-01T06:33:00.298329+00:00,1903900012858,17.99,Aceptable,19.14,Bueno,interpolacion_delaunay,0,0,0,0,0
2026-10-01T06:33:00.298329+00:00,1903900012839,12.92,Bueno,14.61,Bueno,interpolacion_delaunay,0,426,30,39,0
2026-10-01T06:33:00.298329+00:00,1903900012843,29.2,Aceptable,30.8,Bueno,promedio_sensores,1,3288,154,618,59
2026-10-01T06:33:00.298329+00:00,1903900012862,8.95,Bueno,10.24,Bueno,interpolacion_delaunay,0,0,0,0,0
2026-10-01T06:33:00.298329+00:00,1903900013733,7.53,Bueno,7.63,Bueno,interpolacion_delaunay,0,1895,90,465,59
2026-10-01T06:33:00.298329+00:00,1903900012294,23.99,Aceptable,25.64,Bueno,interpolacion_delaunay,0,3104,120,1010,138
2026-10-01T06:33:00.298329+00:00,190390001228A,27.5,Aceptable,29.19,Bueno,interpolacion_delaunay,0,2430,94,799,56
2026-10-01T06:33:00.298329+00:00,1903900010423,23.2,Aceptable,26.59,Bueno,interpolacion_delaunay,0,3542,305,682,134
2026-10-01T06:33:00.298329+00:00,1903900010334,23.12,Aceptable,26.52,Bueno,interpolacion_delaunay,0,878,76,200,70
2026-10-01T06:33:00.298329+00:00,1903900010071,26.13,Aceptable,29.88,Bueno,interpolacion_delaunay,0,2520,129,682,146
2026-10-01T06:33:00.298329+00:00,1903900014869,3.5,Bueno,3.81,Bueno,interpolacion_delaunay,0,4404,353,307,53
2026-10-01T06:33:00.298329+00:00,1903900013748,7.03,Bueno,7.29,Bueno,interpolacion_delaunay,0,3552,225,627,97
2026-10-01T06:33:00.298329+00:00,1903900011050,24.17,Aceptable,26.61,Bueno,interpolacion_delaunay,0,1589,135,342,104
2026-10-01T06:33:00.298329+00:00,1903900011116,24.54,Aceptable,26.44,Bueno,interpolacion_delaunay,0,0,0,0,0
2026-10-01T06:33:00.298329+00:00,1903900010809,23.93,Aceptable,27.34,Bueno,interpolacion_delaunay,0,59,3,14,3
2026-10-01T06:33:00.298329+00:00,1903900010989,25.39,Aceptable,28.73,Bueno,interpolacion_delaunay,0,6061,564,591,133
2026-10-01T06:33:00.298329+00:00,1903900010851,23.7,Aceptable,25.99,Bueno,interpolacion_delaunay,0,1601,105,413,68
2026-10-01T06:33:00.298329+00:00,1903900013413,22.05,Aceptable,25.34,Bueno,interpolacion_delaunay,0,7251,522,1316,316
2026-10-01T06:33:00.298329+00:00,1903900010033,25.31,Aceptable,28.72,Bueno,interpolacion_delaunay,0,3321,285,588,124
2026-10-01T06:33:00.298329+00:00,1903900010137,23.01,Aceptable,25.96,Bueno,interpolacion_delaunay,0,4478,279,1202,320
2026-10-01T06:33:00.298329+00:00,1903900010141,24.28,Aceptable,27.93,Bueno,interpolacion_delaunay,0,4273,225,965,185
2026-10-01T06:33:00.298329+00:00,1903900010762,26.09,Aceptable,29.01,Bueno,interpolacion_delaunay,0,1600,114,337,68
2026-10-01T06:33:00.298329+00:00,1903900014106,25.29,Aceptable,28.85,Bueno,interpolacion_delaunay,0,4189,248,1019,177
2026-10-01T06:33:00.298329+00:00,1903900014110,25.09,Aceptable,28.59,Bueno,interpolacion_delaunay,0,2699,161,643,225
2026-10-01T06:33:00.298329+00:00,1903900010921,27.09,Aceptable,29.85,Bueno,interpolacion_delaunay,0,2388,213,393,106
2026-10-01T06:33:00.298329+00:00,1903900010669,26.21,Aceptable,29.05,Bueno,interpolacion_delaunay,0,2152,159,463,119
2026-10-01T06:33:00.298329+00:00,1903900010067,26.35,Aceptable,30.14,Bueno,interpolacion_delaunay,0,2799,155,819,158
2026-10-01T06:33:00.298329+00:00,1903900010688,24.51,Aceptable,27.66,Bueno,interpolacion_delaunay,0,2838,195,394,149
2026-10-01T06:33:00.298329+00:00,1903900010584,23.76,Aceptable,26.9,Bueno,interpolacion_delaunay,0,3226,273,587,141
2026-10-01T06:33:00.298329+00:00,1903900011417,26.76,Aceptable,29.31,Bueno,interpolacion_delaunay,0,3077,152,970,79
2026-10-01T06:33:00.298329+00:00,1903900013837,26.45,Aceptable,28.88,Bueno,interpolacion_delaunay,0,3561,193,908,77
2026-10-01T06:33:00.298329+00:00,1903900013930,24.86,Aceptable,28.52,Bueno,interpolacion_delaunay,0,1431,202,111,73
2026-10-01T06:33:00.298329+00:00,1903900014055,24.46,Aceptable,28.05,Bueno,interpolacion_delaunay,0,4222,525,372,136
2026-10-01T06:33:00.298329+00:00,190390001420A,25.98,Aceptable,28.17,Bueno,interpolacion_delaunay,0,3029,320,382,97
2026-10-01T06:33:00.298329+00:00,1903900014197,26.02,Aceptable,28.11,Bueno,interpolacion_delaunay,0,2456,248,321,138
2026-10-01T06:33:00.298329+00:00,1903900010974,25.85,Aceptable,29.03,Bueno,interpolacion_delaunay,0,781,39,192,50
2026-10-01T06:33:00.298329+00:00,1903900011084,24.71,Aceptable,26.66,Bueno,interpolacion_delaunay,0,1782,162,338,82
2026-10-01T06:33:00.298329+00:00,1903900010847,23.26,Aceptable,26.29,Bueno,interpolacion_delaunay,0,1023,82,199,53
2026-10-01T06:33:00.298329+00:00,1903900010993,24.6,Aceptable,28.04,Bueno,interpolacion_delaunay,0,1086,95,211,53
2026-10-01T06:33:00.298329+00:00,1903900010372,25.02,Aceptable,28.55,Bueno,interpolacion_delaunay,0,2524,139,785,102
2026-10-01T06:33:00.298329+00:00,1903900011031,23.95,Aceptable,26.8,Bueno,interpolacion_delaunay,0,1190,84,257,58
2026-10-01T06:33:00.298329+00:00,1903900010902,26.9,Aceptable,29.48,Bueno,interpolacion_delaunay,0,3066,119,898,183
2026-10-01T06:33:00.298329+00:00,1903900010777,25.62,Aceptable,28.68,Bueno,interpolacion_delaunay,0,1329,106,264,76
2026-10-01T06:33:00.298329+00:00,1903900010781,25.32,Aceptable,28.47,Bueno,interpolacion_delaunay,0,242,8,54,15
2026-10-01T06:33:00.298329+00:00,1903900014572,25.71,Aceptable,29.22,Bueno,interpolacion_delaunay,0,1442,81,389,93
2026-10-01T06:33:00.298329+00:00,1903900014676,25.57,Aceptable,28.85,Bueno,interpolacion_delaunay,0,2120,102,506,104
2026-10-01T06:33:00.298329+00:00,190390001025A,25.75,Aceptable,29.39,Bueno,interpolacion_delaunay,0,3942,258,986,278
2026-10-01T06:33:00.298329+00:00,1903900010495,24.87,Aceptable,28.22,Bueno,interpolacion_delaunay,0,1812,109,420,98
2026-10-01T06:33:00.298329+00:00,1903900010917,27.8,Aceptable,30.4,Bueno,promedio_sensores,1,2843,155,698,133
2026-10-01T06:33:00.298329+00:00,1903900010955,26.37,Aceptable,29.34,Bueno,interpolacion_delaunay,0,288,25,64,22
2026-10-01T06:33:00.298329+00:00,1903900013697,12.76,Bueno,13.0,Bueno,interpolacion_delaunay,0,1977,183,341,77
2026-10-01T06:33:00.298329+00:00,1903900013860,24.7,Aceptable,28.31,Bueno,interpolacion_delaunay,0,3174,344,383,184
2026-10-01T06:33:00.298329+00:00,1903900015439,12.41,Bueno,15.01,Bueno,interpolacion_delaunay,0,627,97,12,5
2026-10-01T06:33:00.298329+00:00,1903900011027,24.66,Aceptable,28.03,Bueno,interpolacion_delaunay,0,509,36,115,25
2026-10-01T06:33:00.298329+00:00,1903900013998,26.72,Aceptable,30.69,Bueno,interpolacion_delaunay,0,5766,706,558,248
2026-10-01T06:33:00.298329+00:00,190390001477A,19.8,Aceptable,21.62,Bueno,interpolacion_delaunay,0,550,33,68,4
2026-10-01T06:33:00.298329+00:00,1903900014002,26.09,Aceptable,29.95,Bueno,interpolacion_delaunay,0,5494,669,668,240
2026-10-01T06:33:00.298329+00:00,1903900014873,1.37,Bueno,1.51,Bueno,interpolacion_delaunay,0,2383,154,261,52
2026-10-01T06:33:00.298329+00:00,1903900011008,25.51,Aceptable,28.98,Bueno,interpolacion_delaunay,0,1877,145,377,135
2026-10-01T06:33:00.298329+00:00,1903900011313,25.39,Aceptable,28.68,Bueno,interpolacion_delaunay,0,5055,336,882,185
2026-10-01T06:33:00.298329+00:00,190390001139A,26.1,Aceptable,28.12,Bueno,interpolacion_delaunay,0,1079,59,290,49
2026-10-01T06:33:00.298329+00:00,1903900011402,26.27,Aceptable,28.29,Bueno,interpolacion_delaunay,0,681,31,196,23
2026-10-01T06:33:00.298329+00:00,1903900012519,27.11,Aceptable,31.14,Bueno,interpolacion_delaunay,0,5642,661,498,241
2026-10-01T06:33:00.298329+00:00,1903900013822,25.27,Aceptable,26.99,Bueno,interpolacion_delaunay,0,6050,361,890,140
2026-10-01T06:33:00.298329+00:00,1903900013964,24.79,Aceptable,26.45,Bueno,interpolacion_delaunay,0,728,55,70,19
2026-10-01T06:33:00.298329+00:00,1903900014125,25.14,Aceptable,28.55,Bueno,interpolacion_delaunay,0,1881,174,361,63
2026-10-01T06:33:00.298329+00:00,190390001452A,24.93,Aceptable,28.71,Bueno,interpolacion_delaunay,0,2471,240,363,186
2026-10-01T06:33:00.298329+00:00,190390001413A,25.5,Aceptable,28.86,Bueno,interpolacion_delaunay,0,2082,180,339,126
2026-10-01T06:33:00.298329+00:00,1903900010461,25.3,Aceptable,28.8,Bueno,promedio_sensores,1,3422,173,1112,139
2026-10-01T06:33:00.298329+00:00,1903900014534,23.6,Aceptable,27.12,Bueno,interpolacion_delaunay,0,1267,111,229,29
2026-10-01T06:33:00.298329+00:00,1903900013767,9.75,Bueno,10.42,Bueno,interpolacion_delaunay,0,2308,117,605,127
2026-10-01T06:33:00.298329+00:00,1903900012345,4.34,Bueno,4.39,Bueno,interpolacion_delaunay,0,2632,98,737,80
2026-10-01T06:33:00.298329+00:00,1903900012364,0.0,Bueno,0.0,Bueno,promedio_sensores,1,2327,116,787,61
2026-10-01T06:33:00.298329+00:00,1903900011629,21.0,Aceptable,31.6,Bueno,promedio_sensores,1,2881,196,402,58
2026-10-01T06:33:00.298329+00:00,1903900013396,25.48,Aceptable,29.2,Bueno,interpolacion_delaunay,0,4014,389,664,275
2026-10-01T06:33:00.298329+00:00,1903900010245,16.85,Aceptable,20.12,Bueno,interpolacion_delaunay,0,2709,131,764,208
2026-10-01T06:33:00.298329+00:00,1903900015284,14.53,Bueno,16.73,Bueno,interpolacion_delaunay,0,513,29,60,13
2026-10-01T06:33:00.298329+00:00,1903900010118,25.41,Aceptable,29.1,Bueno,interpolacion_delaunay,0,4580,383,955,302
2026-10-01T06:33:00.298329+00:00,1903900010052,25.83,Aceptable,29.6,Bueno,interpolacion_delaunay,0,3869,304,717,323
2026-10-01T06:33:00.298329+00:00,1903900015123,25.71,Aceptable,29.5,Bueno,interpolacion_delaunay,0,68,3,4,3
2026-10-01T06:33:00.298329+00:00,1903900014036,25.39,Aceptable,29.12,Bueno,interpolacion_delaunay,0,4679,569,514,263
2026-10-01T06:33:00.298329+00:00,1903900010508,24.15,Aceptable,27.58,Bueno,interpolacion_delaunay,0,3451,202,579,150
2026-10-01T06:33:00.298329+00:00,1903900010527,24.07,Aceptable,27.44,Bueno,interpolacion_delaunay,0,1779,95,454,127
2026-10-01T06:33:00.298329+00:00,1903900013729,10.2,Bueno,10.6,Bueno,interpolacion_delaunay,0,3410,392,357,136
2026-10-01T06:33:00.298329+00:00,190390001370A,12.32,Bueno,12.7,Bueno,interpolacion_delaunay,0,4006,357,563,228
2026-10-01T06:33:00.298329+00:00,1904600010362,22.84,Aceptable,24.52,Bueno,interpolacion_delaunay,0,5505,271,1291,301
2026-10-01T06:33:00.298329+00:00,1904600011483,40.18,Mala,43.21,Bueno,interpolacion_delaunay,0,2026,111,597,94
2026-10-01T06:33:00.298329+00:00,1904600011638,21.06,Aceptable,22.46,Bueno,interpolacion_delaunay,0,4053,248,498,114
2026-10-01T06:33:00.298329+00:00,1904600010998,20.67,Aceptable,22.1,Bueno,interpolacion_delaunay,0,5855,449,1099,257
2026-10-01T06:33:00.298329+00:00,1904600011676,22.67,Aceptable,25.61,Bueno,interpolacion_delaunay,0,362,30,69,27
2026-10-01T06:33:00.298329+00:00,1904600010216,22.4,Aceptable,25.7,Bueno,promedio_sensores,1,2042,50,546,50
2026-10-01T06:33:00.298329+00:00,1904600010536,22.26,Aceptable,23.72,Bueno,interpolacion_delaunay,0,4997,504,603,104
2026-10-01T06:33:00.298329+00:00,1904600011708,22.16,Aceptable,23.49,Bueno,interpolacion_delaunay,0,1763,89,284,44
2026-10-01T06:33:00.298329+00:00,190460001070A,23.94,Aceptable,25.64,Bueno,interpolacion_delaunay,0,1273,69,137,48
2026-10-01T06:33:00.298329+00:00,1904600011375,21.12,Aceptable,22.46,Bueno,interpolacion_delaunay,0,5964,475,946,326
2026-10-01T06:33:00.298329+00:00,1904600011286,22.76,Aceptable,24.4,Bueno,interpolacion_delaunay,0,2603,117,839,196
2026-10-01T06:33:00.298329+00:00,1904600011623,20.85,Aceptable,22.21,Bueno,interpolacion_delaunay,0,4225,248,423,136
2026-10-01T06:33:00.298329+00:00,1904600010786,21.53,Aceptable,22.88,Bueno,interpolacion_delaunay,0,4690,309,1009,269
2026-10-01T06:33:00.298329+00:00,190460001024A,20.89,Aceptable,23.34,Bueno,interpolacion_delaunay,0,2748,75,850,176
2026-10-01T06:33:00.298329+00:00,1904600010875,20.07,Aceptable,21.57,Bueno,interpolacion_delaunay,0,3785,202,993,129
2026-10-01T06:33:00.298329+00:00,1904600010324,22.79,Aceptable,24.61,Bueno,interpolacion_delaunay,0,2214,97,651,92
2026-10-01T06:33:00.298329+00:00,1904600011233,21.22,Aceptable,22.85,Bueno,interpolacion_delaunay,0,3010,241,577,204
2026-10-01T06:33:00.298329+00:00,1904600010131,23.0,Aceptable,26.22,Bueno,interpolacion_delaunay,0,4113,160,1393,177
2026-10-01T06:33:00.298329+00:00,1904600010184,22.12,Aceptable,25.13,Bueno,interpolacion_delaunay,0,3438,93,1132,126
2026-10-01T06:33:00.298329+00:00,1904600010235,21.12,Aceptable,23.77,Bueno,interpolacion_delaunay,0,2765,104,711,111
2026-10-01T06:33:00.298329+00:00,1904600010466,24.78,Aceptable,28.6,Bueno,interpolacion_delaunay,0,2212,113,500,58
2026-10-01T06:33:00.298329+00:00,190460001049A,23.6,Aceptable,27.15,Bueno,interpolacion_delaunay,0,2827,123,674,44
2026-10-01T06:33:00.298329+00:00,1904600011407,21.9,Aceptable,23.34,Bueno,interpolacion_delaunay,0,3464,317,610,173
2026-10-01T06:33:00.298329+00:00,1904600011642,20.21,Aceptable,22.55,Bueno,interpolacion_delaunay,0,2601,116,623,113
2026-10-01T06:33:00.298329+00:00,1904600011731,22.0,Aceptable,23.57,Bueno,interpolacion_delaunay,0,3017,207,561,120
2026-10-01T06:33:00.298329+00:00,1904600010108,20.84,Aceptable,23.2,Bueno,interpolacion_delaunay,0,2483,125,582,112
2026-10-01T06:33:00.298329+00:00,1904600010127,19.7,Aceptable,21.18,Bueno,interpolacion_delaunay,0,4270,186,1281,297
2026-10-01T06:33:00.298329+00:00,1904600010292,22.4,Aceptable,25.38,Bueno,interpolacion_delaunay,0,0,0,0,0
2026-10-01T06:33:00.298329+00:00,1904600010714,20.55,Aceptable,22.04,Bueno,interpolacion_delaunay,0,3666,266,947,309
2026-10-01T06:33:00.298329+00:00,1904600010860,21.36,Aceptable,22.83,Bueno,interpolacion_delaunay,0,3290,227,721,158
2026-10-01T06:33:00.298329+00:00,1904600011002,21.47,Aceptable,22.88,Bueno,interpolacion_delaunay,0,3262,289,695,194
2026-10-01T06:33:00.298329+00:00,190460001120A,20.82,Aceptable,22.45,Bueno,interpolacion_delaunay,0,3141,265,631,179
2026-10-01T06:33:00.298329+00:00,1904600011341,22.14,Aceptable,23.52,Bueno,interpolacion_delaunay,0,3608,289,555,127
2026-10-01T06:33:00.298329+00:00,1904600011426,20.26,Aceptable,21.7,Bueno,interpolacion_delaunay,0,3335,302,691,164
2026-10-01T06:33:00.298329+00:00,190460001177A,25.21,Aceptable,29.11,Bueno,interpolacion_delaunay,0,2611,224,320,95
2026-10-01T06:33:00.298329+00:00,1904600010042,28.16,Aceptable,31.17,Bueno,interpolacion_delaunay,0,1646,90,422,69
2026-10-01T06:33:00.298329+00:00,1904600010057,26.56,Aceptable,29.28,Bueno,interpolacion_delaunay,0,1216,61,388,100
2026-10-01T06:33:00.298329+00:00,1904600010076,20.15,Aceptable,21.63,Bueno,interpolacion_delaunay,0,3762,199,1053,215
2026-10-01T06:33:00.298329+00:00,1904600010095,23.08,Aceptable,25.61,Bueno,interpolacion_delaunay,0,1199,53,337,85
2026-10-01T06:33:00.298329+00:00,1904600010146,20.71,Aceptable,23.09,Bueno,interpolacion_delaunay,0,2987,160,749,104
2026-10-01T06:33:00.298329+00:00,190460001017A,19.3,Aceptable,20.78,Bueno,interpolacion_delaunay,0,4101,180,1201,211
2026-10-01T06:33:00.298329+00:00,1904600010201,19.06,Aceptable,20.93,Bueno,interpolacion_delaunay,0,3988,173,1242,253
2026-10-01T06:33:00.298329+00:00,1904600010220,22.37,Aceptable,25.54,Bueno,interpolacion_delaunay,0,1869,61,495,59
2026-10-01T06:33:00.298329+00:00,190460001031A,22.38,Aceptable,24.14,Bueno,interpolacion_delaunay,0,2149,134,353,62
2026-10-01T06:33:00.298329+00:00,1904600010343,21.56,Aceptable,23.15,Bueno,interpolacion_delaunay,0,5532,394,1335,345
2026-10-01T06:33:00.298329+00:00,1904600010381,23.6,Aceptable,25.37,Bueno,interpolacion_delaunay,0,3251,164,847,172
2026-10-01T06:33:00.298329+00:00,1904600010413,26.12,Aceptable,30.25,Bueno,interpolacion_delaunay,0,4002,238,499,120
2026-10-01T06:33:00.298329+00:00,1904600010485,23.44,Aceptable,26.95,Bueno,interpolacion_delaunay,0,3150,144,1004,109
2026-10-01T06:33:00.298329+00:00,1904600010540,19.52,Aceptable,20.98,Bueno,interpolacion_delaunay,0,4952,283,1289,225
2026-10-01T06:33:00.298329+00:00,1904600010555,22.61,Aceptable,24.09,Bueno,interpolacion_delaunay,0,0,0,0,0
2026-10-01T06:33:00.298329+00:00,1904600010593,19.65,Aceptable,21.09,Bueno,interpolacion_delaunay,0,5785,417,488,81
2026-10-01T06:33:00.298329+00:00,1904600010610,24.04,Aceptable,25.89,Bueno,interpolacion_delaunay,0,4819,442,219,35
2026-10-01T06:33:00.298329+00:00,1904600010625,21.07,Aceptable,22.48,Bueno,interpolacion_delaunay,0,684,56,110,22
2026-10-01T06:33:00.298329+00:00,1904600010659,19.57,Aceptable,21.0,Bueno,interpolacion_delaunay,0,0,0,0,0
2026-10-01T06:33:00.298329+00:00,1904600010729,20.36,Aceptable,21.8,Bueno,interpolacion_delaunay,0,0,0,0,0
2026-10-01T06:33:00.298329+00:00,1904600010752,21.56,Aceptable,23.09,Bueno,interpolacion_delaunay,0,2043,121,429,51
2026-10-01T06:33:00.298329+00:00,1904600010790,22.24,Aceptable,23.57,Bueno,interpolacion_delaunay,0,0,0,0,0
2026-10-01T06:33:00.298329+00:00,1904600010822,21.71,Aceptable,23.18,Bueno,interpolacion_delaunay,0,1808,142,329,116
2026-10-01T06:33:00.298329+00:00,1904600010841,21.15,Aceptable,22.63,Bueno,interpolacion_delaunay,0,2675,196,623,119
2026-10-01T06:33:00.298329+00:00,1904600010856,20.73,Aceptable,22.21,Bueno,interpolacion_delaunay,0,5049,305,900,195
2026-10-01T06:33:00.298329+00:00,190460001088A,40.51,Mala,42.93,Bueno,interpolacion_delaunay,0,4232,220,1219,162
2026-10-01T06:33:00.298329+00:00,1904600010894,35.02,Mala,37.29,Bueno,interpolacion_delaunay,0,2806,182,550,130
2026-10-01T06:33:00.298329+00:00,1904600010907,20.77,Aceptable,22.24,Bueno,interpolacion_delaunay,0,3550,247,722,168
2026-10-01T06:33:00.298329+00:00,1904600010930,23.96,Aceptable,27.38,Bueno,interpolacion_delaunay,0,3021,143,721,82
2026-10-01T06:33:00.298329+00:00,1904600010945,22.83,Aceptable,25.9,Bueno,interpolacion_delaunay,0,3597,162,944,129
2026-10-01T06:33:00.298329+00:00,190460001095A,20.88,Aceptable,22.33,Bueno,interpolacion_delaunay,0,3265,234,654,254
2026-10-01T06:33:00.298329+00:00,1904600010979,18.64,Aceptable,20.12,Bueno,interpolacion_delaunay,0,2747,114,869,151
2026-10-01T06:33:00.298329+00:00,1904600011017,20.78,Aceptable,22.21,Bueno,interpolacion_delaunay,0,4599,402,752,199
2026-10-01T06:33:00.298329+00:00,1904600011021,18.66,Aceptable,20.14,Bueno,interpolacion_delaunay,0,4072,223,1090,178
2026-10-01T06:33:00.298329+00:00,1904600011040,19.18,Aceptable,20.7,Bueno,interpolacion_delaunay,0,3276,150,902,88
2026-10-01T06:33:00.298329+00:00,1904600011055,19.17,Aceptable,20.65,Bueno,interpolacion_delaunay,0,7096,477,1425,285
2026-10-01T06:33:00.298329+00:00,190460001106A,20.38,Aceptable,22.54,Bueno,interpolacion_delaunay,0,1152,61,261,64
2026-10-01T06:33:00.298329+00:00,1904600011074,20.08,Aceptable,21.7,Bueno,interpolacion_delaunay,0,4901,241,744,96
2026-10-01T06:33:00.298329+00:00,1904600011089,19.67,Aceptable,21.18,Bueno,interpolacion_delaunay,0,3306,318,659,199
2026-10-01T06:33:00.298329+00:00,1904600011093,21.2,Aceptable,22.58,Bueno,interpolacion_delaunay,0,3302,217,861,180
2026-10-01T06:33:00.298329+00:00,1904600011106,22.44,Aceptable,23.79,Bueno,interpolacion_delaunay,0,3881,243,712,89
2026-10-01T06:33:00.298329+00:00,1904600011110,23.95,Aceptable,25.69,Bueno,interpolacion_delaunay,0,3018,178,738,133
2026-10-01T06:33:00.298329+00:00,1904600011125,20.31,Aceptable,21.91,Bueno,interpolacion_delaunay,0,3318,323,549,240
2026-10-01T06:33:00.298329+00:00,190460001113A,20.38,Aceptable,21.95,Bueno,interpolacion_delaunay,0,3513,294,662,255
2026-10-01T06:33:00.298329+00:00,1904600011144,20.47,Aceptable,22.02,Bueno,interpolacion_delaunay,0,3223,294,460,148
2026-10-01T06:33:00.298329+00:00,1904600011159,20.08,Aceptable,21.48,Bueno,interpolacion_delaunay,0,4682,317,917,254
2026-10-01T06:33:00.298329+00:00,1904600011163,20.42,Aceptable,21.81,Bueno,interpolacion_delaunay,0,4463,291,849,173
2026-10-01T06:33:00.298329+00:00,1904600011178,21.22,Aceptable,22.59,Bueno,interpolacion_delaunay,0,2288,137,771,142
2026-10-01T06:33:00.298329+00:00,1904600011182,20.87,Aceptable,22.25,Bueno,interpolacion_delaunay,0,2567,158,877,192
2026-10-01T06:33:00.298329+00:00,1904600011197,20.73,Aceptable,22.1,Bueno,interpolacion_delaunay,0,2285,129,707,149
2026-10-01T06:33:00.298329+00:00,1904600011214,21.29,Aceptable,22.98,Bueno,interpolacion_delaunay,0,2395,153,608,159
2026-10-01T06:33:00.298329+00:00,1904600011229,21.69,Aceptable,23.38,Bueno,interpolacion_delaunay,0,3808,341,729,252
2026-10-01T06:33:00.298329+00:00,1904600011248,20.92,Aceptable,22.47,Bueno,interpolacion_delaunay,0,3448,233,731,165
2026-10-01T06:33:00.298329+00:00,1904600011252,22.28,Aceptable,23.96,Bueno,interpolacion_delaunay,0,3638,249,902,255
2026-10-01T06:33:00.298329+00:00,1904600011271,22.38,Aceptable,23.97,Bueno,interpolacion_delaunay,0,3393,200,1049,183
2026-10-01T06:33:00.298329+00:00,1904600011290,20.14,Aceptable,21.6,Bueno,interpolacion_delaunay,0,3613,204,959,164
2026-10-01T06:33:00.298329+00:00,1904600011303,20.6,Aceptable,22.06,Bueno,interpolacion_delaunay,0,4255,296,730,120
2026-10-01T06:33:00.298329+00:00,1904600011318,18.1,Aceptable,19.6,Bueno,promedio_sensores,1,2617,117,712,78
2026-10-01T06:33:00.298329+00:00,1904600011322,18.31,Aceptable,19.81,Bueno,interpolacion_delaunay,0,3209,131,1071,177
2026-10-01T06:33:00.298329+00:00,1904600011356,20.69,Aceptable,22.09,Bueno,interpolacion_delaunay,0,5344,302,754,186
2026-10-01T06:33:00.298329+00:00,190460001138A,22.31,Aceptable,23.93,Bueno,interpolacion_delaunay,0,2330,116,772,143
2026-10-01T06:33:00.298329+00:00,1904600011394,25.99,Aceptable,27.79,Bueno,interpolacion_delaunay,0,2495,152,536,127
2026-10-01T06:33:00.298329+00:00,1904600011430,19.66,Aceptable,21.12,Bueno,interpolacion_delaunay,0,4835,297,977,195
2026-10-01T06:33:00.298329+00:00,1904600011445,21.13,Aceptable,22.57,Bueno,interpolacion_delaunay,0,2396,140,277,35
2026-10-01T06:33:00.298329+00:00,190460001145A,21.66,Aceptable,23.16,Bueno,interpolacion_delaunay,0,4010,242,623,75
2026-10-01T06:33:00.298329+00:00,1904600011464,24.79,Aceptable,28.38,Bueno,interpolacion_delaunay,0,3269,192,527,50
2026-10-01T06:33:00.298329+00:00,1904600011479,31.33,Aceptable,34.74,Bueno,interpolacion_delaunay,0,2267,102,540,81
2026-10-01T06:33:00.298329+00:00,1904600011500,21.34,Aceptable,22.8,Bueno,interpolacion_delaunay,0,4575,375,784,254
2026-10-01T06:33:00.298329+00:00,1904600011515,21.09,Aceptable,22.55,Bueno,interpolacion_delaunay,0,1791,111,314,102
2026-10-01T06:33:00.298329+00:00,190460001152A,21.28,Aceptable,22.72,Bueno,interpolacion_delaunay,0,3396,254,719,167
2026-10-01T06:33:00.298329+00:00,1904600011534,21.5,Aceptable,22.93,Bueno,interpolacion_delaunay,0,5740,487,560,132
2026-10-01T06:33:00.298329+00:00,1904600011549,18.88,Aceptable,20.61,Bueno,interpolacion_delaunay,0,4515,263,831,205
2026-10-01T06:33:00.298329+00:00,1904600011568,21.5,Aceptable,22.89,Bueno,interpolacion_delaunay,0,4996,283,463,138
2026-10-01T06:33:00.298329+00:00,1904600011572,21.71,Aceptable,23.1,Bueno,interpolacion_delaunay,0,4541,345,482,121
2026-10-01T06:33:00.298329+00:00,1904600011587,24.04,Aceptable,25.86,Bueno,interpolacion_delaunay,0,2786,153,244,33
2026-10-01T06:33:00.298329+00:00,1904600011591,24.03,Aceptable,25.81,Bueno,interpolacion_delaunay,0,3387,245,335,48
2026-10-01T06:33:00.298329+00:00,1904600011604,21.22,Aceptable,22.75,Bueno,interpolacion_delaunay,0,3298,256,771,245
2026-10-01T06:33:00.298329+00:00,1904600011619,22.05,Aceptable,23.64,Bueno,interpolacion_delaunay,0,3765,260,958,269
2026-10-01T06:33:00.298329+00:00,1904600011657,19.88,Aceptable,22.05,Bueno,interpolacion_delaunay,0,3567,176,481,50
2026-10-01T06:33:00.298329+00:00,1904600011661,21.74,Aceptable,24.15,Bueno,interpolacion_delaunay,0,282,11,66,6
2026-10-01T06:33:00.298329+00:00,1904600011727,36.92,Mala,39.12,Bueno,interpolacion_delaunay,0,3412,179,655,144
2026-10-01T06:33:00.298329+00:00,1904600011746,19.02,Aceptable,20.55,Bueno,interpolacion_delaunay,0,3218,196,815,117
2026-10-01T06:33:00.298329+00:00,1904600011750,19.64,Aceptable,21.25,Bueno,interpolacion_delaunay,0,4162,197,210,54
2026-10-01T06:33:00.298329+00:00,1904600011765,25.86,Aceptable,29.86,Bueno,interpolacion_delaunay,0,3860,405,397,208
2026-10-01T06:33:00.298329+00:00,1904600010663,19.84,Aceptable,21.25,Bueno,interpolacion_delaunay,0,198,8,27,0
2026-10-01T06:33:00.298329+00:00,1904600010926,21.83,Aceptable,23.28,Bueno,interpolacion_delaunay,0,5007,437,867,291
2026-10-01T06:33:00.298329+00:00,1904600010339,22.97,Aceptable,24.77,Bueno,interpolacion_delaunay,0,1314,68,335,78
2026-10-01T06:33:00.298329+00:00,1904600011267,22.95,Aceptable,24.7,Bueno,interpolacion_delaunay,0,3908,248,1102,331
2026-10-01T06:33:00.298329+00:00,1904600011712,23.82,Aceptable,25.43,Bueno,interpolacion_delaunay,0,3272,182,300,58
2026-10-01T06:33:00.298329+00:00,1904600010447,25.9,Aceptable,27.61,Bueno,interpolacion_delaunay,0,4132,230,437,113
2026-10-01T06:33:00.298329+00:00,1904600011498,46.73,Mala,49.47,Aceptable,interpolacion_delaunay,0,3212,141,667,65
2026-10-01T06:33:00.298329+00:00,1904600010682,21.81,Aceptable,23.17,Bueno,interpolacion_delaunay,0,6498,485,714,113
2026-10-01T06:33:00.298329+00:00,1903100450393,20.93,Aceptable,23.59,Bueno,interpolacion_delaunay,0,4470,331,183,115
2026-10-01T06:33:00.298329+00:00,1903100451090,25.08,Aceptable,28.49,Bueno,interpolacion_delaunay,0,3117,391,133,67
2026-10-01T06:33:00.298329+00:00,1903100010340,26.93,Aceptable,30.63,Bueno,interpolacion_delaunay,0,3444,349,252,192
2026-10-01T06:33:00.298329+00:00,1903100450641,23.31,Aceptable,26.03,Bueno,interpolacion_delaunay,0,1572,92,57,77
2026-10-01T06:33:00.298329+00:00,1903100451086,24.81,Aceptable,28.05,Bueno,interpolacion_delaunay,0,3582,470,173,24
2026-10-01T06:33:00.298329+00:00,190310311171A,25.36,Aceptable,29.07,Bueno,interpolacion_delaunay,0,1226,184,39,41
2026-10-01T06:33:00.298329+00:00,1903100450088,21.23,Aceptable,23.67,Bueno,interpolacion_delaunay,0,106,4,27,5
2026-10-01T06:33:00.298329+00:00,1903100450321,22.92,Aceptable,25.67,Bueno,interpolacion_delaunay,0,781,65,43,66
2026-10-01T06:33:00.298329+00:00,1903100450656,19.57,Aceptable,22.2,Bueno,interpolacion_delaunay,0,6656,512,216,203
2026-10-01T06:33:00.298329+00:00,1903100451461,17.58,Aceptable,19.98,Bueno,interpolacion_delaunay,0,215,36,0,4
2026-10-01T06:33:00.298329+00:00,1903100451391,17.82,Aceptable,20.32,Bueno,interpolacion_delaunay,0,400,41,11,20
2026-10-01T06:33:00.298329+00:00,190310001068A,27.6,Aceptable,31.8,Bueno,promedio_sensores,1,5585,402,158,107
2026-10-01T06:33:00.298329+00:00,1903100010872,26.76,Aceptable,30.67,Bueno,interpolacion_delaunay,0,2902,333,115,45
2026-10-01T06:33:00.298329+00:00,1903100450266,19.13,Aceptable,21.56,Bueno,interpolacion_delaunay,0,3518,300,297,140
2026-10-01T06:33:00.298329+00:00,1903100451211,23.06,Aceptable,25.91,Bueno,interpolacion_delaunay,0,318,31,15,12
2026-10-01T06:33:00.298329+00:00,1903100450105,19.42,Aceptable,21.77,Bueno,interpolacion_delaunay,0,617,53,101,42
2026-10-01T06:33:00.298329+00:00,1903100450533,17.78,Aceptable,20.13,Bueno,interpolacion_delaunay,0,112,19,4,0
2026-10-01T06:33:00.298329+00:00,1903100450834,18.47,Aceptable,20.94,Bueno,interpolacion_delaunay,0,5335,620,158,133
2026-10-01T06:33:00.298329+00:00,1903100451122,19.25,Aceptable,21.94,Bueno,interpolacion_delaunay,0,4196,367,129,124
2026-10-01T06:33:00.298329+00:00,1903100451118,17.75,Aceptable,20.19,Bueno,interpolacion_delaunay,0,1143,149,65,58
2026-10-01T06:33:00.298329+00:00,1903100450092,21.39,Aceptable,23.96,Bueno,interpolacion_delaunay,0,5801,601,614,240
2026-10-01T06:33:00.298329+00:00,190310001036A,26.51,Aceptable,30.07,Bueno,interpolacion_delaunay,0,2196,166,139,77
2026-10-01T06:33:00.298329+00:00,1903100011264,26.7,Aceptable,30.66,Bueno,interpolacion_delaunay,0,166,15,10,4
2026-10-01T06:33:00.298329+00:00,1903100011692,25.67,Aceptable,29.06,Bueno,interpolacion_delaunay,0,1994,254,42,57
2026-10-01T06:33:00.298329+00:00,1903100450675,20.24,Aceptable,22.89,Bueno,interpolacion_delaunay,0,2985,254,121,65
2026-10-01T06:33:00.298329+00:00,1903100450815,24.27,Aceptable,27.27,Bueno,interpolacion_delaunay,0,5183,452,347,124
2026-10-01T06:33:00.298329+00:00,1903100450887,22.1,Aceptable,24.86,Bueno,interpolacion_delaunay,0,626,73,50,23
2026-10-01T06:33:00.298329+00:00,1903100450891,22.5,Aceptable,25.4,Bueno,interpolacion_delaunay,0,3371,329,210,148
2026-10-01T06:33:00.298329+00:00,1903100450904,21.99,Aceptable,24.88,Bueno,interpolacion_delaunay,0,2284,216,156,77
2026-10-01T06:33:00.298329+00:00,1903100451438,23.8,Aceptable,26.6,Bueno,promedio_sensores,1,489,62,15,5
2026-10-01T06:33:00.298329+00:00,1903100451442,21.94,Aceptable,24.89,Bueno,interpolacion_delaunay,0,530,59,19,6
2026-10-01T06:33:00.298329+00:00,1903100451828,23.22,Aceptable,26.25,Bueno,interpolacion_delaunay,0,1268,201,24,22
2026-10-01T06:33:00.298329+00:00,1903103131616,20.61,Aceptable,23.61,Bueno,interpolacion_delaunay,0,3396,460,75,104
2026-10-01T06:33:00.298329+00:00,1903100451103,21.31,Aceptable,24.18,Bueno,interpolacion_delaunay,0,1939,184,111,81
2026-10-01T06:33:00.298329+00:00,1903103131601,21.08,Aceptable,24.09,Bueno,interpolacion_delaunay,0,3536,417,97,62
2026-10-01T06:33:00.298329+00:00,1903100451226,20.18,Aceptable,22.96,Bueno,interpolacion_delaunay,0,2587,267,90,42
2026-10-01T06:33:00.298329+00:00,1903103111512,23.12,Aceptable,26.28,Bueno,interpolacion_delaunay,0,2486,240,126,82
2026-10-01T06:33:00.298329+00:00,1903100451635,17.01,Aceptable,19.4,Bueno,interpolacion_delaunay,0,3621,518,70,103
2026-10-01T06:33:00.298329+00:00,1903103131300,21.8,Aceptable,25.0,Bueno,promedio_sensores,1,4074,495,120,80
2026-10-01T06:33:00.298329+00:00,1903103111508,24.87,Aceptable,28.56,Bueno,interpolacion_delaunay,0,3724,412,113,64
2026-10-01T06:33:00.298329+00:00,1903100451387,18.26,Aceptable,20.75,Bueno,interpolacion_delaunay,0,1540,218,34,55
2026-10-01T06:33:00.298329+00:00,1903100452101,16.1,Aceptable,18.37,Bueno,interpolacion_delaunay,0,1249,214,20,18
2026-10-01T06:33:00.298329+00:00,1903100451283,17.6,Aceptable,20.13,Bueno,interpolacion_delaunay,0,3230,373,88,78
2026-10-01T06:33:00.298329+00:00,1903103111527,23.91,Aceptable,27.31,Bueno,interpolacion_delaunay,0,1682,145,143,89
2026-10-01T06:33:00.298329+00:00,1903100452402,16.59,Aceptable,18.99,Bueno,interpolacion_delaunay,0,0,0,0,0
