timestamp,cvegeo,pm25_interpolado,calidad_pm25,pm10_interpolado,calidad_pm10,metodo,n_sensores,poblacion_total,ninos_0a5,adultos_mayores,personas_discapacidad
2026-10-03T02:19:48.217170+00:00,1900601740121,13.9,Bueno,15.9,Bueno,promedio_sensores,1,2694,310,73,36
2026-10-03T02:19:48.217170+00:00,1900601740155,15.08,Aceptable,17.12,Bueno,interpolacion_delaunay,0,1820,285,54,16
2026-10-03T02:19:48.217170+00:00,1900600781948,13.76,Bueno,15.75,Bueno,interpolacion_delaunay,0,1170,93,69,32
2026-10-03T02:19:48.217170+00:00,1900600012236,16.68,Aceptable,18.75,Bueno,interpolacion_delaunay,0,264,28,6,0
2026-10-03T02:19:48.217170+00:00,1900600010225,14.05,Bueno,15.88,Bueno,interpolacion_delaunay,0,1,0,0,0
2026-10-03T02:19:48.217170+00:00,1900600010206,15.09,Aceptable,16.86,Bueno,interpolacion_delaunay,0,6646,747,526,177
2026-10-03T02:19:48.217170+00:00,1900600010210,14.08,Bueno,15.88,Bueno,interpolacion_delaunay,0,0,0,0,0
2026-10-03T02:19:48.217170+00:00,1900600010244,15.52,Aceptable,17.4,Bueno,interpolacion_delaunay,0,90,3,14,3
2026-10-03T02:19:48.217170+00:00,1900600010259,15.71,Aceptable,17.55,Bueno,interpolacion_delaunay,0,3329,268,159,53
2026-10-03T02:19:48.217170+00:00,1900600010278,15.55,Aceptable,17.45,Bueno,interpolacion_delaunay,0,486,52,18,8
2026-10-03T02:19:48.217170+00:00,1900600010297,14.63,Bueno,16.57,Bueno,interpolacion_delaunay,0,5850,524,288,225
2026-10-03T02:19:48.217170+00:00,1900600010475,15.33,Aceptable,17.24,Bueno,interpolacion_delaunay,0,4729,407,844,249
2026-10-03T02:19:48.217170+00:00,190060001030A,14.55,Bueno,16.5,Bueno,interpolacion_delaunay,0,4134,431,170,127
2026-10-03T02:19:48.217170+00:00,1900600010348,16.93,Aceptable,18.96,Bueno,interpolacion_delaunay,0,7877,871,609,196
2026-10-03T02:19:48.217170+00:00,1900600010460,15.67,Aceptable,17.58,Bueno,interpolacion_delaunay,0,4909,343,1088,217
2026-10-03T02:19:48.217170+00:00,1900600010352,16.9,Aceptable,18.96,Bueno,interpolacion_delaunay,0,1017,63,153,80
2026-10-03T02:19:48.217170+00:00,1900600010367,17.28,Aceptable,19.35,Bueno,interpolacion_delaunay,0,469,45,60,46
2026-10-03T02:19:48.217170+00:00,1900600010403,14.06,Bueno,15.69,Bueno,interpolacion_delaunay,0,4726,352,972,196
2026-10-03T02:19:48.217170+00:00,190060001055A,14.04,Bueno,15.7,Bueno,interpolacion_delaunay,0,4579,363,547,197
2026-10-03T02:19:48.217170+00:00,1900600010583,14.74,Bueno,16.6,Bueno,interpolacion_delaunay,0,4964,382,425,153
2026-10-03T02:19:48.217170+00:00,1900600010598,14.38,Bueno,16.25,Bueno,interpolacion_delaunay,0,5332,416,338,212
2026-10-03T02:19:48.217170+00:00,1900600010723,16.59,Aceptable,18.91,Bueno,interpolacion_delaunay,0,5109,353,1039,281
2026-10-03T02:19:48.217170+00:00,1900600010780,15.48,Aceptable,17.44,Bueno,interpolacion_delaunay,0,3755,348,382,222
2026-10-03T02:19:48.217170+00:00,1900600010795,15.93,Aceptable,17.92,Bueno,interpolacion_delaunay,0,5270,506,424,204
2026-10-03T02:19:48.217170+00:00,1900600010808,16.41,Aceptable,18.42,Bueno,interpolacion_delaunay,0,3443,304,372,102
2026-10-03T02:19:48.217170+00:00,1900600010920,13.9,Bueno,15.5,Bueno,promedio_sensores,1,5729,316,496,128
2026-10-03T02:19:48.217170+00:00,1900600011011,15.1,Aceptable,16.91,Bueno,interpolacion_delaunay,0,0,0,0,0
2026-10-03T02:19:48.217170+00:00,1900600011026,15.03,Aceptable,16.87,Bueno,interpolacion_delaunay,0,0,0,0,0
2026-10-03T02:19:48.217170+00:00,1900600011064,14.31,Bueno,15.97,Bueno,interpolacion_delaunay,0,4513,371,370,162
2026-10-03T02:19:48.217170+00:00,1900600011098,13.19,Bueno,14.55,Bueno,interpolacion_delaunay,0,5772,542,419,165
2026-10-03T02:19:48.217170+00:00,1900600011149,17.1,Aceptable,19.19,Bueno,interpolacion_delaunay,0,1140,100,87,38
2026-10-03T02:19:48.217170+00:00,1900600011350,14.37,Bueno,16.04,Bueno,interpolacion_delaunay,0,3323,233,353,93
2026-10-03T02:19:48.217170+00:00,1900600011365,14.59,Bueno,16.29,Bueno,interpolacion_delaunay,0,3259,285,225,87
2026-10-03T02:19:48.217170+00:00,190060001137A,16.05,Aceptable,18.17,Bueno,interpolacion_delaunay,0,2748,223,522,132
2026-10-03T02:19:48.217170+00:00,1900600011632,14.12,Bueno,16.07,Bueno,interpolacion_delaunay,0,5931,475,161,144
2026-10-03T02:19:48.217170+00:00,1900600011384,15.82,Aceptable,17.83,Bueno,interpolacion_delaunay,0,3359,263,352,73
2026-10-03T02:19:48.217170+00:00,1900600011399,14.67,Bueno,16.39,Bueno,interpolacion_delaunay,0,2371,274,284,91
2026-10-03T02:19:48.217170+00:00,1900600011469,14.1,Bueno,16.03,Bueno,interpolacion_delaunay,0,1932,125,131,96
2026-10-03T02:19:48.217170+00:00,1900600011401,15.17,Aceptable,16.92,Bueno,interpolacion_delaunay,0,3593,269,468,144
2026-10-03T02:19:48.217170+00:00,190060001144A,14.06,Bueno,15.96,Bueno,interpolacion_delaunay,0,6239,575,321,95
2026-10-03T02:19:48.217170+00:00,1900600011473,14.65,Bueno,16.51,Bueno,interpolacion_delaunay,0,2826,209,259,107
2026-10-03T02:19:48.217170+00:00,1900600011488,14.94,Bueno,16.82,Bueno,interpolacion_delaunay,0,2922,234,293,96
2026-10-03T02:19:48.217170+00:00,1900600011492,15.43,Aceptable,17.37,Bueno,interpolacion_delaunay,0,1725,134,78,56
2026-10-03T02:19:48.217170+00:00,1900600011505,15.07,Aceptable,17.0,Bueno,interpolacion_delaunay,0,2030,151,78,103
2026-10-03T02:19:48.217170+00:00,190060001151A,15.09,Aceptable,17.03,Bueno,interpolacion_delaunay,0,4650,413,187,145
2026-10-03T02:19:48.217170+00:00,1900600011524,15.26,Aceptable,17.23,Bueno,interpolacion_delaunay,0,3658,279,744,150
2026-10-03T02:19:48.217170+00:00,1900600011539,15.76,Aceptable,17.76,Bueno,interpolacion_delaunay,0,3879,269,179,190
2026-10-03T02:19:48.217170+00:00,1900600011543,16.4,Aceptable,18.43,Bueno,interpolacion_delaunay,0,3926,372,127,91
2026-10-03T02:19:48.217170+00:00,1900600011844,14.71,Bueno,16.69,Bueno,interpolacion_delaunay,0,1922,166,57,23
2026-10-03T02:19:48.217170+00:00,1900600011666,14.41,Bueno,16.38,Bueno,interpolacion_delaunay,0,2454,221,74,68
2026-10-03T02:19:48.217170+00:00,1900600011859,14.99,Bueno,16.99,Bueno,interpolacion_delaunay,0,1533,143,46,34
2026-10-03T02:19:48.217170+00:00,1900600011863,16.17,Aceptable,18.21,Bueno,interpolacion_delaunay,0,1050,130,36,5
2026-10-03T02:19:48.217170+00:00,1900600011878,16.4,Aceptable,18.47,Bueno,interpolacion_delaunay,0,5255,440,206,130
2026-10-03T02:19:48.217170+00:00,1900600011882,16.28,Aceptable,18.35,Bueno,interpolacion_delaunay,0,5356,444,208,243
2026-10-03T02:19:48.217170+00:00,190060001190A,16.93,Aceptable,19.01,Bueno,interpolacion_delaunay,0,3346,296,126,99
2026-10-03T02:19:48.217170+00:00,1900600011914,16.19,Aceptable,18.27,Bueno,interpolacion_delaunay,0,5844,518,215,189
2026-10-03T02:19:48.217170+00:00,1900600011929,14.43,Bueno,16.43,Bueno,interpolacion_delaunay,0,5690,426,232,211
2026-10-03T02:19:48.217170+00:00,1900600012043,15.64,Aceptable,17.69,Bueno,interpolacion_delaunay,0,3660,375,120,69
2026-10-03T02:19:48.217170+00:00,1900600012109,14.99,Bueno,16.98,Bueno,interpolacion_delaunay,0,1488,155,32,33
2026-10-03T02:19:48.217170+00:00,1900600012128,15.94,Aceptable,17.96,Bueno,interpolacion_delaunay,0,1714,168,66,31
2026-10-03T02:19:48.217170+00:00,190060001226A,15.21,Aceptable,17.13,Bueno,interpolacion_delaunay,0,4528,324,328,117
2026-10-03T02:19:48.217170+00:00,1900600012274,14.63,Bueno,16.54,Bueno,interpolacion_delaunay,0,5782,615,191,106
2026-10-03T02:19:48.217170+00:00,190060001233A,15.1,Aceptable,17.12,Bueno,interpolacion_delaunay,0,2449,267,53,48
2026-10-03T02:19:48.217170+00:00,1900600012414,15.4,Aceptable,17.4,Bueno,interpolacion_delaunay,0,2297,332,39,45
2026-10-03T02:19:48.217170+00:00,1900600012429,15.7,Aceptable,17.73,Bueno,interpolacion_delaunay,0,3283,479,97,39
2026-10-03T02:19:48.217170+00:00,1900600012734,16.44,Aceptable,18.5,Bueno,interpolacion_delaunay,0,961,146,24,13
2026-10-03T02:19:48.217170+00:00,1900600010992,14.56,Bueno,16.34,Bueno,interpolacion_delaunay,0,0,0,0,0
2026-10-03T02:19:48.217170+00:00,1900600012804,14.38,Bueno,16.13,Bueno,interpolacion_delaunay,0,705,129,13,7
2026-10-03T02:19:48.217170+00:00,1900600011897,13.96,Bueno,15.95,Bueno,interpolacion_delaunay,0,3063,294,202,149
2026-10-03T02:19:48.217170+00:00,1900600012202,15.57,Aceptable,17.63,Bueno,interpolacion_delaunay,0,372,48,3,8
2026-10-03T02:19:48.217170+00:00,1900600012039,15.5,Aceptable,17.55,Bueno,interpolacion_delaunay,0,2684,242,90,67
2026-10-03T02:19:48.217170+00:00,1900601740047,14.09,Bueno,16.07,Bueno,interpolacion_delaunay,0,1719,266,38,40
2026-10-03T02:19:48.217170+00:00,190190001005A,25.6,Aceptable,28.43,Bueno,interpolacion_delaunay,0,2404,108,693,69
2026-10-03T02:19:48.217170+00:00,1901900010064,25.02,Aceptable,26.85,Bueno,promedio_sensores,4,2721,181,677,58
2026-10-03T02:19:48.217170+00:00,1901900010079,29.5,Aceptable,33.0,Bueno,promedio_sensores,1,4464,212,1159,127
2026-10-03T02:19:48.217170+00:00,1901900010083,21.1,Aceptable,23.23,Bueno,promedio_sensores,3,1374,63,441,45
2026-10-03T02:19:48.217170+00:00,1901900010098,19.6,Aceptable,21.0,Bueno,promedio_sensores,1,1854,103,460,42
2026-10-03T02:19:48.217170+00:00,1901900010100,26.0,Aceptable,26.8,Bueno,promedio_sensores,1,1944,129,547,21
2026-10-03T02:19:48.217170+00:00,1901900010149,67.8,Mala,79.0,Mala,promedio_sensores,1,1163,75,215,15
2026-10-03T02:19:48.217170+00:00,1901900010153,30.7,Aceptable,34.3,Bueno,promedio_sensores,1,1800,134,430,81
2026-10-03T02:19:48.217170+00:00,1901900010168,35.4,Mala,42.4,Bueno,promedio_sensores,1,1570,81,416,43
2026-10-03T02:19:48.217170+00:00,1901900010172,24.25,Aceptable,25.56,Bueno,interpolacion_delaunay,0,1335,59,357,29
2026-10-03T02:19:48.217170+00:00,1901900010187,20.12,Aceptable,22.26,Bueno,interpolacion_delaunay,0,4463,306,999,93
2026-10-03T02:19:48.217170+00:00,1901900010191,7.7,Bueno,8.1,Bueno,promedio_sensores,1,2824,172,637,108
2026-10-03T02:19:48.217170+00:00,1901900010204,16.95,Aceptable,18.47,Bueno,interpolacion_delaunay,0,3926,317,736,119
2026-10-03T02:19:48.217170+00:00,1901900010223,20.2,Aceptable,21.08,Bueno,interpolacion_delaunay,0,2979,89,503,54
2026-10-03T02:19:48.217170+00:00,1901900010238,19.0,Aceptable,19.8,Bueno,promedio_sensores,1,1904,73,302,23
2026-10-03T02:19:48.217170+00:00,1901900010242,11.67,Bueno,12.13,Bueno,promedio_sensores,3,2717,143,729,92
2026-10-03T02:19:48.217170+00:00,1901900010257,20.3,Aceptable,21.2,Bueno,promedio_sensores,1,1307,56,361,13
2026-10-03T02:19:48.217170+00:00,1901900010261,3.5,Bueno,3.9,Bueno,promedio_sensores,2,2240,113,567,42
2026-10-03T02:19:48.217170+00:00,1901900010280,4.22,Bueno,4.65,Bueno,interpolacion_delaunay,0,2690,79,360,43
2026-10-03T02:19:48.217170+00:00,1901900010350,20.87,Aceptable,21.6,Bueno,interpolacion_delaunay,0,2768,148,592,68
2026-10-03T02:19:48.217170+00:00,1901900010365,15.4,Aceptable,15.9,Bueno,promedio_sensores,1,3419,327,293,61
2026-10-03T02:19:48.217170+00:00,1901900010399,11.95,Bueno,12.6,Bueno,promedio_sensores,2,1162,6,68,0
2026-10-03T02:19:48.217170+00:00,1901900010401,10.6,Bueno,15.9,Bueno,promedio_sensores,1,2375,247,392,86
2026-10-03T02:19:48.217170+00:00,1901900010416,10.71,Bueno,12.23,Bueno,interpolacion_delaunay,0,700,19,105,4
2026-10-03T02:19:48.217170+00:00,1901900010420,6.1,Bueno,6.7,Bueno,promedio_sensores,1,1696,93,408,47
2026-10-03T02:19:48.217170+00:00,1901900010435,3.9,Bueno,4.1,Bueno,promedio_sensores,1,4494,346,601,54
2026-10-03T02:19:48.217170+00:00,190190001044A,6.33,Bueno,7.13,Bueno,promedio_sensores,3,4383,354,439,56
2026-10-03T02:19:48.217170+00:00,1901900010454,5.8,Bueno,6.15,Bueno,promedio_sensores,2,557,26,114,11
2026-10-03T02:19:48.217170+00:00,1901900010469,3.0,Bueno,3.5,Bueno,promedio_sensores,1,3112,170,568,37
2026-10-03T02:19:48.217170+00:00,1901900010473,3.03,Bueno,3.41,Bueno,interpolacion_delaunay,0,983,46,182,19
2026-10-03T02:19:48.217170+00:00,1901900010488,22.95,Aceptable,25.85,Bueno,promedio_sensores,2,2757,295,371,102
2026-10-03T02:19:48.217170+00:00,1901900010492,12.3,Bueno,14.15,Bueno,promedio_sensores,2,2848,173,697,71
2026-10-03T02:19:48.217170+00:00,1901900010505,6.28,Bueno,6.67,Bueno,interpolacion_delaunay,0,2494,111,512,19
2026-10-03T02:19:48.217170+00:00,190190001051A,12.4,Bueno,13.2,Bueno,promedio_sensores,1,1899,111,507,36
2026-10-03T02:19:48.217170+00:00,1901900010558,1.47,Bueno,1.7,Bueno,promedio_sensores,3,1349,87,230,21
2026-10-03T02:19:48.217170+00:00,1901900010613,5.55,Bueno,5.89,Bueno,interpolacion_delaunay,0,132,0,20,0
2026-10-03T02:19:48.217170+00:00,1901900010384,16.39,Aceptable,17.06,Bueno,interpolacion_delaunay,0,1111,19,119,15
2026-10-03T02:19:48.217170+00:00,1901900010219,20.53,Aceptable,22.34,Bueno,interpolacion_delaunay,0,1954,106,555,58
2026-10-03T02:19:48.217170+00:00,1902100011338,14.32,Bueno,15.68,Bueno,interpolacion_delaunay,0,2800,219,134,55
2026-10-03T02:19:48.217170+00:00,1902100011817,11.5,Bueno,12.0,Bueno,promedio_sensores,1,583,52,40,11
2026-10-03T02:19:48.217170+00:00,1902100010293,16.94,Aceptable,19.13,Bueno,interpolacion_delaunay,0,2008,84,165,35
2026-10-03T02:19:48.217170+00:00,190210001033A,15.41,Aceptable,17.19,Bueno,interpolacion_delaunay,0,4000,286,440,91
2026-10-03T02:19:48.217170+00:00,1902100011060,24.04,Aceptable,28.36,Bueno,interpolacion_delaunay,0,3355,278,195,95
2026-10-03T02:19:48.217170+00:00,1902100010289,17.76,Aceptable,20.16,Bueno,interpolacion_delaunay,0,1352,78,109,44
2026-10-03T02:19:48.217170+00:00,1902100010325,22.12,Aceptable,25.93,Bueno,interpolacion_delaunay,0,1,0,0,0
2026-10-03T02:19:48.217170+00:00,1902100011412,16.4,Aceptable,18.7,Bueno,promedio_sensores,1,3239,228,156,27
2026-10-03T02:19:48.217170+00:00,1902100011427,13.13,Bueno,14.25,Bueno,interpolacion_delaunay,0,4126,302,227,21
2026-10-03T02:19:48.217170+00:00,1902100011408,12.39,Bueno,13.3,Bueno,interpolacion_delaunay,0,6781,377,571,69
2026-10-03T02:19:48.217170+00:00,1902100011342,15.35,Aceptable,17.03,Bueno,interpolacion_delaunay,0,4655,261,185,126
2026-10-03T02:19:48.217170+00:00,1902100010043,25.93,Aceptable,30.88,Bueno,interpolacion_delaunay,0,4208,322,819,334
2026-10-03T02:19:48.217170+00:00,1902100010255,18.98,Aceptable,21.77,Bueno,interpolacion_delaunay,0,6704,625,410,194
2026-10-03T02:19:48.217170+00:00,1902100010378,27.3,Aceptable,32.6,Bueno,promedio_sensores,1,4134,262,294,72
2026-10-03T02:19:48.217170+00:00,1902100011075,24.09,Aceptable,28.58,Bueno,interpolacion_delaunay,0,8122,855,320,248
2026-10-03T02:19:48.217170+00:00,1902600011832,16.66,Aceptable,18.65,Bueno,interpolacion_delaunay,0,3764,305,386,174
2026-10-03T02:19:48.217170+00:00,1902600010035,16.02,Aceptable,18.0,Bueno,interpolacion_delaunay,0,1597,156,285,106
2026-10-03T02:19:48.217170+00:00,1902600012332,9.86,Bueno,11.97,Bueno,interpolacion_delaunay,0,5634,507,898,399
2026-10-03T02:19:48.217170+00:00,1902600010020,16.13,Aceptable,18.08,Bueno,interpolacion_delaunay,0,1825,174,355,160
2026-10-03T02:19:48.217170+00:00,1902600011279,15.87,Aceptable,17.83,Bueno,interpolacion_delaunay,0,4324,384,731,269
2026-10-03T02:19:48.217170+00:00,1902600011283,15.79,Aceptable,17.75,Bueno,interpolacion_delaunay,0,3719,341,754,207
2026-10-03T02:19:48.217170+00:00,1902600012440,16.68,Aceptable,18.63,Bueno,interpolacion_delaunay,0,2604,133,153,35
2026-10-03T02:19:48.217170+00:00,1902600012667,19.25,Aceptable,21.43,Bueno,interpolacion_delaunay,0,778,73,30,14
2026-10-03T02:19:48.217170+00:00,1902600012811,6.88,Bueno,8.24,Bueno,interpolacion_delaunay,0,26,4,0,0
2026-10-03T02:19:48.217170+00:00,1902600010459,11.57,Bueno,13.05,Bueno,interpolacion_delaunay,0,3039,123,850,229
2026-10-03T02:19:48.217170+00:00,1902600010317,14.08,Bueno,15.8,Bueno,interpolacion_delaunay,0,4084,275,902,321
2026-10-03T02:19:48.217170+00:00,1902600010957,16.26,Aceptable,18.24,Bueno,interpolacion_delaunay,0,5841,533,1121,336
2026-10-03T02:19:48.217170+00:00,1902600011103,14.51,Bueno,16.5,Bueno,interpolacion_delaunay,0,950,69,80,47
2026-10-03T02:19:48.217170+00:00,1902600011457,13.11,Bueno,14.71,Bueno,interpolacion_delaunay,0,2279,129,466,94
2026-10-03T02:19:48.217170+00:00,1902600011404,7.95,Bueno,9.01,Bueno,interpolacion_delaunay,0,3115,227,702,219
2026-10-03T02:19:48.217170+00:00,1902600011508,15.47,Aceptable,17.5,Bueno,interpolacion_delaunay,0,1978,175,250,90
2026-10-03T02:19:48.217170+00:00,1902600011828,16.23,Aceptable,18.18,Bueno,interpolacion_delaunay,0,2175,178,266,60
2026-10-03T02:19:48.217170+00:00,1902600011847,16.98,Aceptable,18.99,Bueno,interpolacion_delaunay,0,4488,374,407,157
2026-10-03T02:19:48.217170+00:00,1902600012402,17.38,Aceptable,19.63,Bueno,interpolacion_delaunay,0,2699,234,353,170
2026-10-03T02:19:48.217170+00:00,1902600012205,14.07,Bueno,16.27,Bueno,interpolacion_delaunay,0,4435,432,502,204
2026-10-03T02:19:48.217170+00:00,1902600012258,16.74,Aceptable,18.82,Bueno,interpolacion_delaunay,0,1006,77,102,40
2026-10-03T02:19:48.217170+00:00,1902600012296,18.97,Aceptable,21.34,Bueno,interpolacion_delaunay,0,4398,237,919,190
2026-10-03T02:19:48.217170+00:00,1902600012455,16.84,Aceptable,18.82,Bueno,interpolacion_delaunay,0,4962,328,296,118
2026-10-03T02:19:48.217170+00:00,1902600010302,13.65,Bueno,15.33,Bueno,interpolacion_delaunay,0,2790,166,675,209
2026-10-03T02:19:48.217170+00:00,1902600010425,11.19,Bueno,12.62,Bueno,interpolacion_delaunay,0,3687,235,843,230
2026-10-03T02:19:48.217170+00:00,1902600010533,10.53,Bueno,11.91,Bueno,interpolacion_delaunay,0,1681,81,395,96
2026-10-03T02:19:48.217170+00:00,1902600011813,16.28,Aceptable,18.22,Bueno,interpolacion_delaunay,0,5250,447,545,129
2026-10-03T02:19:48.217170+00:00,1902600011851,17.31,Aceptable,19.33,Bueno,interpolacion_delaunay,0,4115,305,359,155
2026-10-03T02:19:48.217170+00:00,1902600012436,16.28,Aceptable,18.2,Bueno,interpolacion_delaunay,0,3242,185,145,20
2026-10-03T02:19:48.217170+00:00,1902600012686,17.24,Aceptable,19.34,Bueno,interpolacion_delaunay,0,40,3,7,5
2026-10-03T02:19:48.217170+00:00,1902600010124,19.36,Aceptable,21.96,Bueno,interpolacion_delaunay,0,2665,140,749,113
2026-10-03T02:19:48.217170+00:00,1902600012417,18.9,Aceptable,21.29,Bueno,interpolacion_delaunay,0,2073,147,228,128
2026-10-03T02:19:48.217170+00:00,1902600012347,11.41,Bueno,13.47,Bueno,interpolacion_delaunay,0,4440,433,247,105
2026-10-03T02:19:48.217170+00:00,190260001239A,16.79,Aceptable,18.54,Bueno,interpolacion_delaunay,0,2697,236,207,88
2026-10-03T02:19:48.217170+00:00,190260001260A,17.4,Aceptable,19.51,Bueno,interpolacion_delaunay,0,979,82,21,36
2026-10-03T02:19:48.217170+00:00,1902600011391,17.0,Aceptable,18.96,Bueno,interpolacion_delaunay,0,3747,280,1036,286
2026-10-03T02:19:48.217170+00:00,1902600010251,19.09,Aceptable,21.41,Bueno,interpolacion_delaunay,0,6072,581,994,581
2026-10-03T02:19:48.217170+00:00,1902600010707,9.33,Bueno,10.57,Bueno,interpolacion_delaunay,0,4261,296,986,365
2026-10-03T02:19:48.217170+00:00,190260001157A,8.96,Bueno,10.13,Bueno,interpolacion_delaunay,0,2161,148,444,126
2026-10-03T02:19:48.217170+00:00,1902600011654,15.27,Aceptable,17.48,Bueno,interpolacion_delaunay,0,3737,309,535,205
2026-10-03T02:19:48.217170+00:00,1902600012385,6.92,Bueno,8.3,Bueno,interpolacion_delaunay,0,108,11,8,5
2026-10-03T02:19:48.217170+00:00,1902600011495,16.33,Aceptable,18.38,Bueno,interpolacion_delaunay,0,2675,203,421,91
2026-10-03T02:19:48.217170+00:00,1902600012525,12.3,Bueno,14.32,Bueno,interpolacion_delaunay,0,6162,464,363,124
2026-10-03T02:19:48.217170+00:00,1902600010995,17.46,Aceptable,19.51,Bueno,interpolacion_delaunay,0,1016,61,224,56
2026-10-03T02:19:48.217170+00:00,1902600011866,19.25,Aceptable,21.94,Bueno,interpolacion_delaunay,0,3064,167,548,67
2026-10-03T02:19:48.217170+00:00,190260001207A,4.0,Bueno,4.82,Bueno,interpolacion_delaunay,0,2199,99,452,47
2026-10-03T02:19:48.217170+00:00,1902600012120,6.07,Bueno,6.38,Bueno,interpolacion_delaunay,0,1092,33,384,28
2026-10-03T02:19:48.217170+00:00,1902600012135,11.1,Bueno,11.26,Bueno,interpolacion_delaunay,0,1356,47,414,29
2026-10-03T02:19:48.217170+00:00,1902600012544,12.62,Bueno,14.93,Bueno,interpolacion_delaunay,0,2171,187,206,83
2026-10-03T02:19:48.217170+00:00,1902600010069,17.64,Aceptable,19.99,Bueno,interpolacion_delaunay,0,1920,94,579,107
2026-10-03T02:19:48.217170+00:00,1902600010073,17.86,Aceptable,20.24,Bueno,interpolacion_delaunay,0,3137,159,955,77
2026-10-03T02:19:48.217170+00:00,1902600010088,18.3,Aceptable,20.8,Bueno,interpolacion_delaunay,0,2870,157,722,160
2026-10-03T02:19:48.217170+00:00,1902600010158,16.62,Aceptable,18.62,Bueno,interpolacion_delaunay,0,1517,70,502,83
2026-10-03T02:19:48.217170+00:00,190260001029A,12.83,Bueno,14.44,Bueno,interpolacion_delaunay,0,1809,94,461,133
2026-10-03T02:19:48.217170+00:00,1902600011885,17.47,Aceptable,19.81,Bueno,interpolacion_delaunay,0,1944,100,497,103
2026-10-03T02:19:48.217170+00:00,1902600012192,16.39,Aceptable,18.46,Bueno,interpolacion_delaunay,0,2742,217,241,94
2026-10-03T02:19:48.217170+00:00,1902600012243,9.04,Bueno,11.0,Bueno,interpolacion_delaunay,0,316,37,21,22
2026-10-03T02:19:48.217170+00:00,1902600012421,18.56,Aceptable,20.78,Bueno,interpolacion_delaunay,0,2385,134,120,49
2026-10-03T02:19:48.217170+00:00,1902600012597,18.36,Aceptable,20.5,Bueno,interpolacion_delaunay,0,3539,244,126,97
2026-10-03T02:19:48.217170+00:00,1902600011029,17.68,Aceptable,19.72,Bueno,interpolacion_delaunay,0,1109,94,97,45
2026-10-03T02:19:48.217170+00:00,190260001189A,17.21,Aceptable,19.45,Bueno,interpolacion_delaunay,0,2117,131,543,112
2026-10-03T02:19:48.217170+00:00,1902600012703,7.1,Bueno,8.5,Bueno,interpolacion_delaunay,0,632,49,33,14
2026-10-03T02:19:48.217170+00:00,1902600011372,18.06,Aceptable,20.13,Bueno,interpolacion_delaunay,0,2451,168,520,192
2026-10-03T02:19:48.217170+00:00,1902600012366,16.89,Aceptable,18.97,Bueno,interpolacion_delaunay,0,350,28,12,6
2026-10-03T02:19:48.217170+00:00,1902600010321,16.0,Aceptable,17.89,Bueno,interpolacion_delaunay,0,5159,259,1483,335
2026-10-03T02:19:48.217170+00:00,1902600010336,16.33,Aceptable,18.25,Bueno,interpolacion_delaunay,0,3112,150,945,118
2026-10-03T02:19:48.217170+00:00,1902600010340,17.33,Aceptable,19.34,Bueno,interpolacion_delaunay,0,5009,289,1452,316
2026-10-03T02:19:48.217170+00:00,1902600010355,17.82,Aceptable,19.92,Bueno,interpolacion_delaunay,0,2172,143,527,123
2026-10-03T02:19:48.217170+00:00,1902600010389,18.31,Aceptable,20.4,Bueno,interpolacion_delaunay,0,3485,223,809,188
2026-10-03T02:19:48.217170+00:00,1902600010393,18.62,Aceptable,20.81,Bueno,interpolacion_delaunay,0,4293,274,932,186
2026-10-03T02:19:48.217170+00:00,1902600010618,12.25,Bueno,13.77,Bueno,interpolacion_delaunay,0,3420,248,733,217
2026-10-03T02:19:48.217170+00:00,1902600010730,12.02,Bueno,12.93,Bueno,interpolacion_delaunay,0,4610,359,992,364
2026-10-03T02:19:48.217170+00:00,1902600011033,18.73,Aceptable,20.83,Bueno,interpolacion_delaunay,0,5199,444,572,162
2026-10-03T02:19:48.217170+00:00,1902600011122,15.0,Bueno,17.3,Bueno,interpolacion_delaunay,0,6940,637,766,300
2026-10-03T02:19:48.217170+00:00,1902600011546,9.12,Bueno,10.36,Bueno,interpolacion_delaunay,0,3715,209,870,202
2026-10-03T02:19:48.217170+00:00,1902600011461,13.26,Bueno,14.87,Bueno,interpolacion_delaunay,0,3227,233,684,198
2026-10-03T02:19:48.217170+00:00,190260001132A,17.51,Aceptable,19.62,Bueno,interpolacion_delaunay,0,2713,152,488,78
2026-10-03T02:19:48.217170+00:00,1902600011334,19.65,Aceptable,22.04,Bueno,interpolacion_delaunay,0,3525,289,683,240
2026-10-03T02:19:48.217170+00:00,1902600011349,19.53,Aceptable,21.83,Bueno,interpolacion_delaunay,0,2716,239,484,222
2026-10-03T02:19:48.217170+00:00,1902600011368,18.02,Aceptable,20.12,Bueno,interpolacion_delaunay,0,3348,226,652,119
2026-10-03T02:19:48.217170+00:00,1902600011419,13.21,Bueno,14.84,Bueno,interpolacion_delaunay,0,2833,144,728,158
2026-10-03T02:19:48.217170+00:00,1902600011442,11.98,Bueno,13.47,Bueno,interpolacion_delaunay,0,3169,182,598,174
2026-10-03T02:19:48.217170+00:00,1902600011565,9.14,Bueno,10.37,Bueno,interpolacion_delaunay,0,4076,290,816,263
2026-10-03T02:19:48.217170+00:00,1902600011584,10.04,Bueno,11.1,Bueno,interpolacion_delaunay,0,4255,317,895,221
2026-10-03T02:19:48.217170+00:00,1902600011599,11.27,Bueno,12.41,Bueno,interpolacion_delaunay,0,2923,228,572,152
2026-10-03T02:19:48.217170+00:00,1902600011601,11.3,Bueno,12.0,Bueno,promedio_sensores,1,3474,261,775,299
2026-10-03T02:19:48.217170+00:00,1902600011688,12.29,Bueno,13.5,Bueno,interpolacion_delaunay,0,3727,240,688,249
2026-10-03T02:19:48.217170+00:00,190260001171A,10.54,Bueno,12.05,Bueno,interpolacion_delaunay,0,4383,321,770,213
2026-10-03T02:19:48.217170+00:00,1902600012008,4.32,Bueno,5.01,Bueno,interpolacion_delaunay,0,1064,52,278,35
2026-10-03T02:19:48.217170+00:00,1902600011781,5.69,Bueno,6.69,Bueno,interpolacion_delaunay,0,260,22,25,0
2026-10-03T02:19:48.217170+00:00,1902600011989,10.0,Bueno,11.32,Bueno,interpolacion_delaunay,0,3336,217,653,151
2026-10-03T02:19:48.217170+00:00,1902600012027,12.25,Bueno,13.67,Bueno,interpolacion_delaunay,0,5601,339,676,195
2026-10-03T02:19:48.217170+00:00,1902600012116,8.55,Bueno,10.31,Bueno,interpolacion_delaunay,0,2265,174,319,64
2026-10-03T02:19:48.217170+00:00,1902600012328,17.25,Aceptable,19.35,Bueno,interpolacion_delaunay,0,2737,200,173,54
2026-10-03T02:19:48.217170+00:00,1902600012510,13.51,Bueno,15.6,Bueno,interpolacion_delaunay,0,3466,257,269,90
2026-10-03T02:19:48.217170+00:00,1902600012578,9.8,Bueno,11.74,Bueno,interpolacion_delaunay,0,2465,185,298,196
2026-10-03T02:19:48.217170+00:00,1902600012582,9.44,Bueno,11.33,Bueno,interpolacion_delaunay,0,2739,201,423,283
2026-10-03T02:19:48.217170+00:00,1902600012614,17.32,Aceptable,19.42,Bueno,interpolacion_delaunay,0,3024,272,68,36
2026-10-03T02:19:48.217170+00:00,1902600010177,17.21,Aceptable,19.35,Bueno,interpolacion_delaunay,0,1769,60,559,90
2026-10-03T02:19:48.217170+00:00,1902600010444,9.12,Bueno,10.32,Bueno,interpolacion_delaunay,0,2474,121,665,111
2026-10-03T02:19:48.217170+00:00,1902600011531,9.53,Bueno,10.8,Bueno,interpolacion_delaunay,0,3594,235,816,160
2026-10-03T02:19:48.217170+00:00,1902600010232,18.88,Aceptable,21.24,Bueno,interpolacion_delaunay,0,2521,162,744,110
2026-10-03T02:19:48.217170+00:00,1902600010196,17.44,Aceptable,19.62,Bueno,interpolacion_delaunay,0,1557,66,485,73
2026-10-03T02:19:48.217170+00:00,1902600010213,18.62,Aceptable,20.98,Bueno,interpolacion_delaunay,0,2063,114,530,142
2026-10-03T02:19:48.217170+00:00,190260001011A,19.18,Aceptable,21.77,Bueno,interpolacion_delaunay,0,3115,155,816,154
2026-10-03T02:19:48.217170+00:00,1902600010162,16.97,Aceptable,19.07,Bueno,interpolacion_delaunay,0,1624,64,473,65
2026-10-03T02:19:48.217170+00:00,1902600010181,16.41,Aceptable,18.35,Bueno,interpolacion_delaunay,0,1561,63,499,94
2026-10-03T02:19:48.217170+00:00,1902600010228,18.35,Aceptable,20.58,Bueno,interpolacion_delaunay,0,1619,140,316,120
2026-10-03T02:19:48.217170+00:00,1902600010603,12.22,Bueno,13.74,Bueno,interpolacion_delaunay,0,1632,93,346,132
2026-10-03T02:19:48.217170+00:00,1902600010745,12.13,Bueno,13.18,Bueno,interpolacion_delaunay,0,1565,113,330,126
2026-10-03T02:19:48.217170+00:00,1902600010798,7.35,Bueno,8.38,Bueno,interpolacion_delaunay,0,3364,210,732,231
2026-10-03T02:19:48.217170+00:00,1902600010815,7.58,Bueno,9.02,Bueno,interpolacion_delaunay,0,4739,363,1000,268
2026-10-03T02:19:48.217170+00:00,1902600011438,7.76,Bueno,8.82,Bueno,interpolacion_delaunay,0,1771,89,459,85
2026-10-03T02:19:48.217170+00:00,1902600011476,11.92,Bueno,13.32,Bueno,interpolacion_delaunay,0,3270,215,839,209
2026-10-03T02:19:48.217170+00:00,1902600011777,5.98,Bueno,6.98,Bueno,interpolacion_delaunay,0,3599,312,366,80
2026-10-03T02:19:48.217170+00:00,1902600012031,12.45,Bueno,14.12,Bueno,interpolacion_delaunay,0,4385,273,421,152
2026-10-03T02:19:48.217170+00:00,1902600012173,3.4,Bueno,4.0,Bueno,interpolacion_delaunay,0,108,5,10,3
2026-10-03T02:19:48.217170+00:00,1902600012474,17.73,Aceptable,19.74,Bueno,interpolacion_delaunay,0,3828,248,138,120
2026-10-03T02:19:48.217170+00:00,190260001253A,13.97,Bueno,16.22,Bueno,interpolacion_delaunay,0,1418,134,74,37
2026-10-03T02:19:48.217170+00:00,1902600012648,14.04,Bueno,15.42,Bueno,interpolacion_delaunay,0,1998,125,415,138
2026-10-03T02:19:48.217170+00:00,1902600012794,18.99,Aceptable,21.12,Bueno,interpolacion_delaunay,0,776,83,32,8
2026-10-03T02:19:48.217170+00:00,1902600012775,18.63,Aceptable,20.81,Bueno,interpolacion_delaunay,0,1381,194,42,36
2026-10-03T02:19:48.217170+00:00,1902600012898,2.25,Bueno,2.55,Bueno,interpolacion_delaunay,0,21,3,0,0
2026-10-03T02:19:48.217170+00:00,1902600010849,8.2,Bueno,9.92,Bueno,interpolacion_delaunay,0,1926,132,278,87
2026-10-03T02:19:48.217170+00:00,1902600012262,19.55,Aceptable,22.07,Bueno,interpolacion_delaunay,0,2668,227,217,83
2026-10-03T02:19:48.217170+00:00,1902600010266,19.51,Aceptable,21.92,Bueno,interpolacion_delaunay,0,427,58,19,0
2026-10-03T02:19:48.217170+00:00,1902600010779,4.77,Bueno,5.53,Bueno,interpolacion_delaunay,0,677,45,131,66
2026-10-03T02:19:48.217170+00:00,1902600010872,5.02,Bueno,5.27,Bueno,interpolacion_delaunay,0,3088,114,989,72
2026-10-03T02:19:48.217170+00:00,1902600011902,19.21,Aceptable,21.67,Bueno,interpolacion_delaunay,0,2434,191,435,71
2026-10-03T02:19:48.217170+00:00,1902600011993,8.33,Bueno,9.49,Bueno,interpolacion_delaunay,0,3528,203,521,147
2026-10-03T02:19:48.217170+00:00,1902600012012,3.93,Bueno,4.63,Bueno,interpolacion_delaunay,0,2227,119,600,34
2026-10-03T02:19:48.217170+00:00,1902600012084,2.06,Bueno,2.66,Bueno,interpolacion_delaunay,0,1461,49,516,49
2026-10-03T02:19:48.217170+00:00,1902600012188,1.02,Bueno,1.41,Bueno,interpolacion_delaunay,0,460,18,82,4
2026-10-03T02:19:48.217170+00:00,1902600012277,19.27,Aceptable,21.69,Bueno,interpolacion_delaunay,0,3597,281,616,228
2026-10-03T02:19:48.217170+00:00,190260001246A,17.27,Aceptable,19.26,Bueno,interpolacion_delaunay,0,4546,358,308,145
2026-10-03T02:19:48.217170+00:00,1902600012559,8.72,Bueno,10.34,Bueno,interpolacion_delaunay,0,4248,285,324,114
2026-10-03T02:19:48.217170+00:00,1902600012652,19.4,Aceptable,21.56,Bueno,interpolacion_delaunay,0,3158,323,113,122
2026-10-03T02:19:48.217170+00:00,1902600012671,18.9,Aceptable,20.97,Bueno,interpolacion_delaunay,0,1647,122,65,34
2026-10-03T02:19:48.217170+00:00,1902600012718,8.61,Bueno,10.48,Bueno,interpolacion_delaunay,0,2829,290,123,131
2026-10-03T02:19:48.217170+00:00,1902600012741,6.93,Bueno,7.95,Bueno,interpolacion_delaunay,0,1897,119,345,52
2026-10-03T02:19:48.217170+00:00,1902600012879,19.8,Aceptable,22.0,Bueno,promedio_sensores,1,2144,300,65,16
2026-10-03T02:19:48.217170+00:00,1902600010285,10.99,Bueno,12.37,Bueno,interpolacion_delaunay,0,2844,174,613,185
2026-10-03T02:19:48.217170+00:00,1902600012690,6.81,Bueno,8.17,Bueno,interpolacion_delaunay,0,79,0,3,0
2026-10-03T02:19:48.217170+00:00,1902600012099,6.65,Bueno,7.91,Bueno,interpolacion_delaunay,0,5241,599,554,189
2026-10-03T02:19:48.217170+00:00,1902600011936,18.96,Aceptable,21.08,Bueno,interpolacion_delaunay,0,2951,267,407,119
2026-10-03T02:19:48.217170+00:00,1902600012169,1.58,Bueno,1.96,Bueno,interpolacion_delaunay,0,1023,50,158,14
2026-10-03T02:19:48.217170+00:00,190260001118A,4.34,Bueno,5.05,Bueno,interpolacion_delaunay,0,3453,227,320,71
2026-10-03T02:19:48.217170+00:00,1902600012050,8.58,Bueno,10.02,Bueno,interpolacion_delaunay,0,4134,320,745,263
2026-10-03T02:19:48.217170+00:00,1902600012101,7.37,Bueno,8.84,Bueno,interpolacion_delaunay,0,3626,381,484,119
2026-10-03T02:19:48.217170+00:00,1902600012563,7.72,Bueno,9.29,Bueno,interpolacion_delaunay,0,2676,291,133,25
2026-10-03T02:19:48.217170+00:00,190260001278A,17.6,Aceptable,19.73,Bueno,interpolacion_delaunay,0,3558,402,98,36
2026-10-03T02:19:48.217170+00:00,1902600011921,18.57,Aceptable,20.68,Bueno,interpolacion_delaunay,0,2594,223,377,76
2026-10-03T02:19:48.217170+00:00,1902600010092,18.73,Aceptable,21.31,Bueno,interpolacion_delaunay,0,4183,262,1039,106
2026-10-03T02:19:48.217170+00:00,1902600011300,19.31,Aceptable,21.81,Bueno,interpolacion_delaunay,0,2915,163,792,188
2026-10-03T02:19:48.217170+00:00,1902600010143,18.25,Aceptable,20.32,Bueno,interpolacion_delaunay,0,2245,273,113,55
2026-10-03T02:19:48.217170+00:00,1902600011870,18.9,Aceptable,21.46,Bueno,interpolacion_delaunay,0,3271,173,768,82
2026-10-03T02:19:48.217170+00:00,1902600011315,18.12,Aceptable,20.46,Bueno,interpolacion_delaunay,0,3497,230,464,42
2026-10-03T02:19:48.217170+00:00,1902600011014,17.82,Aceptable,19.86,Bueno,interpolacion_delaunay,0,2155,150,459,98
2026-10-03T02:19:48.217170+00:00,1902600011616,14.06,Bueno,15.57,Bueno,interpolacion_delaunay,0,3883,311,769,201
2026-10-03T02:19:48.217170+00:00,1902600011620,14.41,Bueno,16.09,Bueno,interpolacion_delaunay,0,4814,356,1024,301
2026-10-03T02:19:48.217170+00:00,1902600011480,15.74,Aceptable,17.5,Bueno,interpolacion_delaunay,0,4784,390,737,223
2026-10-03T02:19:48.217170+00:00,1902600010641,13.98,Bueno,15.49,Bueno,interpolacion_delaunay,0,2917,240,627,202
2026-10-03T02:19:48.217170+00:00,1902600012633,13.93,Bueno,15.11,Bueno,interpolacion_delaunay,0,2429,188,313,91
2026-10-03T02:19:48.217170+00:00,190260001164A,15.0,Bueno,17.01,Bueno,interpolacion_delaunay,0,2101,168,367,57
2026-10-03T02:19:48.217170+00:00,1902600011635,14.26,Bueno,16.1,Bueno,interpolacion_delaunay,0,4695,347,639,204
2026-10-03T02:19:48.217170+00:00,1902600010961,17.19,Aceptable,19.17,Bueno,interpolacion_delaunay,0,1353,81,150,34
2026-10-03T02:19:48.217170+00:00,1902600011226,6.41,Bueno,7.55,Bueno,interpolacion_delaunay,0,4831,444,615,226
2026-10-03T02:19:48.217170+00:00,1902600012807,5.45,Bueno,6.33,Bueno,interpolacion_delaunay,0,51,0,0,0
2026-10-03T02:19:48.217170+00:00,1902600012737,5.52,Bueno,6.42,Bueno,interpolacion_delaunay,0,153,17,4,4
2026-10-03T02:19:48.217170+00:00,1902600012046,7.46,Bueno,8.71,Bueno,interpolacion_delaunay,0,5116,376,649,199
2026-10-03T02:19:48.217170+00:00,1902600012756,5.6,Bueno,6.5,Bueno,promedio_sensores,1,2572,282,124,24
2026-10-03T02:19:48.217170+00:00,1902600010783,5.41,Bueno,6.27,Bueno,interpolacion_delaunay,0,1477,145,264,42
2026-10-03T02:19:48.217170+00:00,1902600011230,6.69,Bueno,7.91,Bueno,interpolacion_delaunay,0,3324,362,242,132
2026-10-03T02:19:48.217170+00:00,1902600011758,0.0,Bueno,0.2,Bueno,promedio_sensores,1,2105,92,408,43
2026-10-03T02:19:48.217170+00:00,1902600011141,13.76,Bueno,15.89,Bueno,interpolacion_delaunay,0,9036,1161,432,363
2026-10-03T02:19:48.217170+00:00,1902600011743,9.23,Bueno,11.19,Bueno,interpolacion_delaunay,0,7461,709,958,323
2026-10-03T02:19:48.217170+00:00,1902600012629,8.38,Bueno,10.17,Bueno,interpolacion_delaunay,0,1943,149,74,66
2026-10-03T02:19:48.217170+00:00,1902600011762,6.33,Bueno,7.3,Bueno,interpolacion_delaunay,0,2427,183,512,77
2026-10-03T02:19:48.217170+00:00,1902600011194,5.36,Bueno,6.21,Bueno,interpolacion_delaunay,0,4669,300,960,201
2026-10-03T02:19:48.217170+00:00,1902600011052,17.86,Aceptable,19.98,Bueno,interpolacion_delaunay,0,7318,799,917,451
2026-10-03T02:19:48.217170+00:00,1902600012722,17.3,Aceptable,19.41,Bueno,interpolacion_delaunay,0,1673,182,35,23
2026-10-03T02:19:48.217170+00:00,1902600010209,16.38,Aceptable,18.45,Bueno,interpolacion_delaunay,0,0,0,0,0
2026-10-03T02:19:48.217170+00:00,1902600012883,15.98,Aceptable,18.04,Bueno,interpolacion_delaunay,0,2693,391,65,39
2026-10-03T02:19:48.217170+00:00,1902600011512,9.58,Bueno,10.92,Bueno,interpolacion_delaunay,0,1411,83,448,118
2026-10-03T02:19:48.217170+00:00,1902600011527,8.75,Bueno,9.95,Bueno,interpolacion_delaunay,0,2114,99,718,127
2026-10-03T02:19:48.217170+00:00,1902600010853,7.61,Bueno,8.67,Bueno,interpolacion_delaunay,0,4562,382,755,151
2026-10-03T02:19:48.217170+00:00,1902600011160,7.8,Bueno,8.9,Bueno,promedio_sensores,1,3568,186,796,79
2026-10-03T02:19:48.217170+00:00,1902600011423,13.25,Bueno,14.88,Bueno,interpolacion_delaunay,0,2358,121,643,149
2026-10-03T02:19:48.217170+00:00,1902600011118,8.79,Bueno,9.99,Bueno,interpolacion_delaunay,0,0,0,0,0
2026-10-03T02:19:48.217170+00:00,1902600010552,10.58,Bueno,11.97,Bueno,interpolacion_delaunay,0,1358,197,299,91
2026-10-03T02:19:48.217170+00:00,1902600010567,10.37,Bueno,11.73,Bueno,interpolacion_delaunay,0,3469,239,807,212
2026-10-03T02:19:48.217170+00:00,1902600010478,14.83,Bueno,16.61,Bueno,interpolacion_delaunay,0,3451,258,686,179
2026-10-03T02:19:48.217170+00:00,1902600012493,12.3,Bueno,13.84,Bueno,interpolacion_delaunay,0,3047,231,451,139
2026-10-03T02:19:48.217170+00:00,1902600012506,11.96,Bueno,13.47,Bueno,interpolacion_delaunay,0,1875,122,448,96
2026-10-03T02:19:48.217170+00:00,1902600011387,16.04,Aceptable,17.91,Bueno,interpolacion_delaunay,0,4018,279,697,181
2026-10-03T02:19:48.217170+00:00,1902600010482,15.43,Aceptable,17.26,Bueno,interpolacion_delaunay,0,4004,197,1191,226
2026-10-03T02:19:48.217170+00:00,1902600010586,12.5,Bueno,14.05,Bueno,interpolacion_delaunay,0,4983,369,1196,317
2026-10-03T02:19:48.217170+00:00,1902600010590,12.69,Bueno,14.26,Bueno,interpolacion_delaunay,0,3794,290,817,254
2026-10-03T02:19:48.217170+00:00,1902600011940,17.69,Aceptable,19.71,Bueno,interpolacion_delaunay,0,3450,256,773,184
2026-10-03T02:19:48.217170+00:00,1902600012224,14.9,Bueno,16.66,Bueno,interpolacion_delaunay,0,1986,122,533,118
2026-10-03T02:19:48.217170+00:00,1902600012239,15.15,Aceptable,16.93,Bueno,interpolacion_delaunay,0,2664,206,487,219
2026-10-03T02:19:48.217170+00:00,1902600010548,4.96,Bueno,5.7,Bueno,interpolacion_delaunay,0,4149,203,1177,258
2026-10-03T02:19:48.217170+00:00,1902600012489,18.86,Aceptable,21.1,Bueno,interpolacion_delaunay,0,2798,203,290,77
2026-10-03T02:19:48.217170+00:00,1902600011353,17.84,Aceptable,19.91,Bueno,interpolacion_delaunay,0,1952,125,417,157
2026-10-03T02:19:48.217170+00:00,1902600012760,19.33,Aceptable,21.48,Bueno,interpolacion_delaunay,0,3619,397,120,87
2026-10-03T02:19:48.217170+00:00,1902600011264,18.22,Aceptable,20.34,Bueno,interpolacion_delaunay,0,1708,151,158,100
2026-10-03T02:19:48.217170+00:00,190260001285A,19.22,Aceptable,21.4,Bueno,interpolacion_delaunay,0,1850,298,50,26
2026-10-03T02:19:48.217170+00:00,1902600010270,15.89,Aceptable,17.94,Bueno,interpolacion_delaunay,0,0,0,0,0
2026-10-03T02:19:48.217170+00:00,1902600010406,18.86,Aceptable,21.04,Bueno,interpolacion_delaunay,0,2889,225,550,115
2026-10-03T02:19:48.217170+00:00,1902600011067,19.37,Aceptable,21.64,Bueno,interpolacion_delaunay,0,4252,360,451,270
2026-10-03T02:19:48.217170+00:00,1902600011086,17.0,Aceptable,19.11,Bueno,interpolacion_delaunay,0,3224,245,126,84
2026-10-03T02:19:48.217170+00:00,1902600012313,13.84,Bueno,15.79,Bueno,interpolacion_delaunay,0,2567,202,407,174
2026-10-03T02:19:48.217170+00:00,1902600012309,14.98,Bueno,17.01,Bueno,interpolacion_delaunay,0,2125,241,150,88
2026-10-03T02:19:48.217170+00:00,1902600011809,19.54,Aceptable,21.8,Bueno,interpolacion_delaunay,0,2127,251,117,120
2026-10-03T02:19:48.217170+00:00,1902600012864,17.96,Aceptable,19.99,Bueno,interpolacion_delaunay,0,1168,168,40,16
2026-10-03T02:19:48.217170+00:00,190260001125A,10.07,Bueno,10.27,Bueno,interpolacion_delaunay,0,541,13,170,22
2026-10-03T02:19:48.217170+00:00,1902600011071,15.07,Aceptable,17.08,Bueno,interpolacion_delaunay,0,3143,264,264,89
2026-10-03T02:19:48.217170+00:00,190260001196A,14.06,Bueno,16.04,Bueno,interpolacion_delaunay,0,3349,324,262,100
2026-10-03T02:19:48.217170+00:00,1902600011955,18.5,Aceptable,20.6,Bueno,interpolacion_delaunay,0,3582,349,216,97
2026-10-03T02:19:48.217170+00:00,190260001050A,15.88,Aceptable,17.73,Bueno,interpolacion_delaunay,0,2022,217,309,73
2026-10-03T02:19:48.217170+00:00,1903900012400,17.3,Aceptable,19.6,Bueno,promedio_sensores,1,4517,429,723,304
2026-10-03T02:19:48.217170+00:00,1903900014657,12.73,Bueno,13.63,Bueno,interpolacion_delaunay,0,2491,234,438,138
2026-10-03T02:19:48.217170+00:00,1903900013682,8.74,Bueno,9.67,Bueno,interpolacion_delaunay,0,4499,398,653,181
2026-10-03T02:19:48.217170+00:00,1903900010832,18.61,Aceptable,21.48,Bueno,interpolacion_delaunay,0,543,31,158,26
2026-10-03T02:19:48.217170+00:00,1903900011120,16.97,Aceptable,19.2,Bueno,interpolacion_delaunay,0,2607,94,831,149
2026-10-03T02:19:48.217170+00:00,1903900012129,10.39,Bueno,13.91,Bueno,interpolacion_delaunay,0,4074,318,790,255
2026-10-03T02:19:48.217170+00:00,190390001363A,10.2,Bueno,10.85,Bueno,interpolacion_delaunay,0,3850,324,618,201
2026-10-03T02:19:48.217170+00:00,1903900014163,9.08,Bueno,12.0,Bueno,interpolacion_delaunay,0,3563,376,476,178
2026-10-03T02:19:48.217170+00:00,1903900014642,15.11,Aceptable,16.22,Bueno,interpolacion_delaunay,0,2137,227,313,125
2026-10-03T02:19:48.217170+00:00,1903900013589,22.91,Aceptable,25.68,Bueno,interpolacion_delaunay,0,1971,102,595,95
2026-10-03T02:19:48.217170+00:00,1903900011370,16.52,Aceptable,18.54,Bueno,interpolacion_delaunay,0,1287,71,218,39
2026-10-03T02:19:48.217170+00:00,1903900012114,4.48,Bueno,5.37,Bueno,interpolacion_delaunay,0,2387,84,816,136
2026-10-03T02:19:48.217170+00:00,1903900012203,1.2,Bueno,1.8,Bueno,promedio_sensores,1,2974,126,1034,191
2026-10-03T02:19:48.217170+00:00,1903900013574,19.19,Aceptable,20.98,Bueno,interpolacion_delaunay,0,832,37,276,93
2026-10-03T02:19:48.217170+00:00,1903900012792,3.01,Bueno,4.06,Bueno,interpolacion_delaunay,0,1,0,0,0
2026-10-03T02:19:48.217170+00:00,190390001445A,7.35,Bueno,8.42,Bueno,interpolacion_delaunay,0,5563,304,1118,197
2026-10-03T02:19:48.217170+00:00,1903900014638,17.49,Aceptable,18.87,Bueno,interpolacion_delaunay,0,3811,381,571,142
2026-10-03T02:19:48.217170+00:00,1903900012063,6.93,Bueno,7.62,Bueno,interpolacion_delaunay,0,2407,98,743,119
2026-10-03T02:19:48.217170+00:00,1903900011690,12.54,Bueno,13.45,Bueno,interpolacion_delaunay,0,228,12,56,11
2026-10-03T02:19:48.217170+00:00,1903900011760,9.13,Bueno,9.78,Bueno,interpolacion_delaunay,0,1986,129,443,117
2026-10-03T02:19:48.217170+00:00,1903900011934,6.57,Bueno,7.23,Bueno,promedio_sensores,3,2171,83,550,105
2026-10-03T02:19:48.217170+00:00,190390001192A,8.47,Bueno,9.09,Bueno,interpolacion_delaunay,0,2553,117,796,121
2026-10-03T02:19:48.217170+00:00,1903900012044,8.31,Bueno,9.1,Bueno,interpolacion_delaunay,0,1920,122,427,109
2026-10-03T02:19:48.217170+00:00,1903900012078,7.81,Bueno,8.6,Bueno,interpolacion_delaunay,0,2179,136,538,60
2026-10-03T02:19:48.217170+00:00,1903900011525,10.64,Bueno,11.53,Bueno,interpolacion_delaunay,0,590,39,143,33
2026-10-03T02:19:48.217170+00:00,1903900011991,7.3,Bueno,8.0,Bueno,promedio_sensores,1,3236,192,703,201
2026-10-03T02:19:48.217170+00:00,1903900012006,6.98,Bueno,7.55,Bueno,interpolacion_delaunay,0,1972,70,504,136
2026-10-03T02:19:48.217170+00:00,1903900010673,27.33,Aceptable,32.64,Bueno,interpolacion_delaunay,0,2155,174,396,142
2026-10-03T02:19:48.217170+00:00,1903900010298,24.14,Aceptable,28.68,Bueno,interpolacion_delaunay,0,3499,233,739,152
2026-10-03T02:19:48.217170+00:00,1903900010404,24.43,Aceptable,28.91,Bueno,interpolacion_delaunay,0,2835,189,560,150
2026-10-03T02:19:48.217170+00:00,1903900011012,15.93,Aceptable,17.62,Bueno,interpolacion_delaunay,0,1216,101,235,35
2026-10-03T02:19:48.217170+00:00,1903900011065,16.07,Aceptable,17.99,Bueno,interpolacion_delaunay,0,1981,192,428,144
2026-10-03T02:19:48.217170+00:00,1903900010175,22.32,Aceptable,26.02,Bueno,interpolacion_delaunay,0,1294,70,318,45
2026-10-03T02:19:48.217170+00:00,190390001018A,22.09,Aceptable,25.88,Bueno,interpolacion_delaunay,0,3618,299,750,219
2026-10-03T02:19:48.217170+00:00,1903900010194,22.66,Aceptable,26.63,Bueno,interpolacion_delaunay,0,2850,223,604,173
2026-10-03T02:19:48.217170+00:00,1903900010226,23.92,Aceptable,28.6,Bueno,interpolacion_delaunay,0,4934,461,799,274
2026-10-03T02:19:48.217170+00:00,1903900014229,4.64,Bueno,5.19,Bueno,interpolacion_delaunay,0,2852,249,505,184
2026-10-03T02:19:48.217170+00:00,1903900010353,12.29,Bueno,13.96,Bueno,interpolacion_delaunay,0,3313,167,981,325
2026-10-03T02:19:48.217170+00:00,1903900010936,27.31,Aceptable,31.75,Bueno,interpolacion_delaunay,0,2121,128,459,101
2026-10-03T02:19:48.217170+00:00,1903900011173,17.0,Aceptable,18.6,Bueno,promedio_sensores,1,2108,71,659,126
2026-10-03T02:19:48.217170+00:00,1903900011188,25.18,Aceptable,28.98,Bueno,interpolacion_delaunay,0,3322,231,794,185
2026-10-03T02:19:48.217170+00:00,1903900011224,21.46,Aceptable,24.66,Bueno,interpolacion_delaunay,0,3487,327,636,198
2026-10-03T02:19:48.217170+00:00,1903900011328,14.95,Bueno,16.49,Bueno,interpolacion_delaunay,0,1300,73,364,78
2026-10-03T02:19:48.217170+00:00,1903900011332,15.47,Aceptable,17.08,Bueno,interpolacion_delaunay,0,2976,208,686,165
2026-10-03T02:19:48.217170+00:00,1903900011493,5.4,Bueno,6.2,Bueno,promedio_sensores,1,498,32,117,21
2026-10-03T02:19:48.217170+00:00,1903900011506,9.03,Bueno,10.2,Bueno,interpolacion_delaunay,0,218,10,60,5
2026-10-03T02:19:48.217170+00:00,1903900011510,8.63,Bueno,9.53,Bueno,interpolacion_delaunay,0,370,18,99,43
2026-10-03T02:19:48.217170+00:00,1903900011563,13.14,Bueno,14.06,Bueno,interpolacion_delaunay,0,1016,57,324,41
2026-10-03T02:19:48.217170+00:00,1903900011652,6.25,Bueno,7.41,Bueno,interpolacion_delaunay,0,1408,46,412,99
2026-10-03T02:19:48.217170+00:00,1903900011667,20.32,Aceptable,22.72,Bueno,interpolacion_delaunay,0,811,38,222,38
2026-10-03T02:19:48.217170+00:00,1903900011671,20.01,Aceptable,22.31,Bueno,interpolacion_delaunay,0,2135,120,546,122
2026-10-03T02:19:48.217170+00:00,1903900011775,10.35,Bueno,11.38,Bueno,interpolacion_delaunay,0,3247,195,753,173
2026-10-03T02:19:48.217170+00:00,190390001178A,10.13,Bueno,11.33,Bueno,interpolacion_delaunay,0,2085,91,638,124
2026-10-03T02:19:48.217170+00:00,1903900011811,9.91,Bueno,11.32,Bueno,interpolacion_delaunay,0,3726,195,960,140
2026-10-03T02:19:48.217170+00:00,190390001210A,6.7,Bueno,7.8,Bueno,promedio_sensores,1,2790,113,700,150
2026-10-03T02:19:48.217170+00:00,1903900012186,5.09,Bueno,5.91,Bueno,interpolacion_delaunay,0,4169,44,257,49
2026-10-03T02:19:48.217170+00:00,1903900011559,12.1,Bueno,12.9,Bueno,promedio_sensores,1,854,32,232,42
2026-10-03T02:19:48.217170+00:00,1903900013428,23.2,Aceptable,27.41,Bueno,interpolacion_delaunay,0,3351,320,515,172
2026-10-03T02:19:48.217170+00:00,1903900014214,5.11,Bueno,5.72,Bueno,interpolacion_delaunay,0,4120,374,689,171
2026-10-03T02:19:48.217170+00:00,1903900014712,6.6,Bueno,7.46,Bueno,interpolacion_delaunay,0,3085,299,499,125
2026-10-03T02:19:48.217170+00:00,1903900014727,5.74,Bueno,6.48,Bueno,interpolacion_delaunay,0,2574,237,418,75
2026-10-03T02:19:48.217170+00:00,1903900011544,9.59,Bueno,10.41,Bueno,interpolacion_delaunay,0,484,17,104,17
2026-10-03T02:19:48.217170+00:00,1903900011347,15.8,Aceptable,17.7,Bueno,promedio_sensores,1,3767,228,949,230
2026-10-03T02:19:48.217170+00:00,1903900011101,16.18,Aceptable,18.25,Bueno,interpolacion_delaunay,0,2340,171,499,101
2026-10-03T02:19:48.217170+00:00,1903900010692,21.91,Aceptable,24.46,Bueno,interpolacion_delaunay,0,1264,56,294,43
2026-10-03T02:19:48.217170+00:00,190390001071A,10.2,Bueno,11.6,Bueno,promedio_sensores,1,2092,89,717,121
2026-10-03T02:19:48.217170+00:00,190390001153A,7.45,Bueno,8.26,Bueno,interpolacion_delaunay,0,283,20,33,8
2026-10-03T02:19:48.217170+00:00,1903900012222,6.99,Bueno,7.71,Bueno,interpolacion_delaunay,0,2481,214,440,130
2026-10-03T02:19:48.217170+00:00,1903900010048,19.87,Aceptable,22.97,Bueno,interpolacion_delaunay,0,2757,231,541,184
2026-10-03T02:19:48.217170+00:00,1903900010160,22.52,Aceptable,26.17,Bueno,interpolacion_delaunay,0,1233,55,334,97
2026-10-03T02:19:48.217170+00:00,1903900011915,8.42,Bueno,9.08,Bueno,interpolacion_delaunay,0,1171,52,296,69
2026-10-03T02:19:48.217170+00:00,1903900012824,1.16,Bueno,1.51,Bueno,interpolacion_delaunay,0,0,0,0,0
2026-10-03T02:19:48.217170+00:00,1903900010103,21.54,Aceptable,24.85,Bueno,interpolacion_delaunay,0,2537,115,733,107
2026-10-03T02:19:48.217170+00:00,1903900010122,21.76,Aceptable,25.5,Bueno,interpolacion_delaunay,0,3875,316,762,228
2026-10-03T02:19:48.217170+00:00,1903900010207,22.39,Aceptable,26.47,Bueno,interpolacion_delaunay,0,2935,264,476,100
2026-10-03T02:19:48.217170+00:00,190390001089A,25.52,Aceptable,29.22,Bueno,interpolacion_delaunay,0,2450,84,735,103
2026-10-03T02:19:48.217170+00:00,1903900010813,19.94,Aceptable,23.28,Bueno,interpolacion_delaunay,0,1266,76,281,65
2026-10-03T02:19:48.217170+00:00,190390001096A,24.14,Aceptable,27.91,Bueno,interpolacion_delaunay,0,735,52,175,36
2026-10-03T02:19:48.217170+00:00,190390001107A,15.81,Aceptable,17.59,Bueno,interpolacion_delaunay,0,2056,191,358,98
2026-10-03T02:19:48.217170+00:00,1903900011099,16.4,Aceptable,18.58,Bueno,interpolacion_delaunay,0,1728,108,401,82
2026-10-03T02:19:48.217170+00:00,1903900011281,11.93,Bueno,13.28,Bueno,interpolacion_delaunay,0,162,9,42,10
2026-10-03T02:19:48.217170+00:00,190390001146A,19.11,Aceptable,21.18,Bueno,interpolacion_delaunay,0,1878,94,425,114
2026-10-03T02:19:48.217170+00:00,1903900011474,22.35,Aceptable,25.35,Bueno,interpolacion_delaunay,0,1482,65,348,91
2026-10-03T02:19:48.217170+00:00,1903900011648,9.98,Bueno,11.33,Bueno,interpolacion_delaunay,0,1275,46,383,92
2026-10-03T02:19:48.217170+00:00,1903900011953,15.81,Aceptable,17.32,Bueno,interpolacion_delaunay,0,4331,383,782,275
2026-10-03T02:19:48.217170+00:00,1903900011968,13.44,Bueno,14.77,Bueno,interpolacion_delaunay,0,2452,198,521,139
2026-10-03T02:19:48.217170+00:00,1903900011972,10.55,Bueno,11.53,Bueno,interpolacion_delaunay,0,2152,173,501,93
2026-10-03T02:19:48.217170+00:00,1903900011987,8.78,Bueno,9.57,Bueno,interpolacion_delaunay,0,2330,153,564,186
2026-10-03T02:19:48.217170+00:00,1903900012010,6.27,Bueno,6.9,Bueno,promedio_sensores,3,377,6,32,6
2026-10-03T02:19:48.217170+00:00,1903900012025,6.23,Bueno,7.27,Bueno,interpolacion_delaunay,0,4868,169,1336,220
2026-10-03T02:19:48.217170+00:00,1903900012608,17.05,Aceptable,19.37,Bueno,interpolacion_delaunay,0,3563,325,452,140
2026-10-03T02:19:48.217170+00:00,1903900012260,6.83,Bueno,7.4,Bueno,interpolacion_delaunay,0,2549,128,738,140
2026-10-03T02:19:48.217170+00:00,1903900012523,18.95,Aceptable,21.7,Bueno,interpolacion_delaunay,0,5883,502,863,210
2026-10-03T02:19:48.217170+00:00,1903900012576,17.37,Aceptable,19.77,Bueno,interpolacion_delaunay,0,3643,363,363,152
2026-10-03T02:19:48.217170+00:00,1903900012612,19.81,Aceptable,22.67,Bueno,interpolacion_delaunay,0,3707,369,423,217
2026-10-03T02:19:48.217170+00:00,1903900013339,19.13,Aceptable,22.1,Bueno,interpolacion_delaunay,0,3291,330,562,149
2026-10-03T02:19:48.217170+00:00,1903900013432,23.1,Aceptable,27.46,Bueno,interpolacion_delaunay,0,3283,331,497,186
2026-10-03T02:19:48.217170+00:00,1903900013381,20.93,Aceptable,24.29,Bueno,interpolacion_delaunay,0,3469,305,681,259
2026-10-03T02:19:48.217170+00:00,1903900013324,18.46,Aceptable,21.15,Bueno,interpolacion_delaunay,0,2714,268,458,83
2026-10-03T02:19:48.217170+00:00,1903900014587,14.98,Bueno,16.32,Bueno,interpolacion_delaunay,0,1315,68,368,60
2026-10-03T02:19:48.217170+00:00,1903900014604,3.79,Bueno,4.01,Bueno,interpolacion_delaunay,0,2075,111,610,109
2026-10-03T02:19:48.217170+00:00,1903900014661,7.64,Bueno,8.61,Bueno,interpolacion_delaunay,0,2902,69,608,127
2026-10-03T02:19:48.217170+00:00,1903900014680,26.73,Aceptable,30.92,Bueno,interpolacion_delaunay,0,2293,96,745,94
2026-10-03T02:19:48.217170+00:00,1903900011239,21.38,Aceptable,24.29,Bueno,interpolacion_delaunay,0,3332,293,662,233
2026-10-03T02:19:48.217170+00:00,1903900011489,23.5,Aceptable,26.3,Bueno,promedio_sensores,1,1608,86,419,74
2026-10-03T02:19:48.217170+00:00,1903900010279,22.98,Aceptable,26.82,Bueno,interpolacion_delaunay,0,2220,107,580,282
2026-10-03T02:19:48.217170+00:00,1903900010531,25.85,Aceptable,31.04,Bueno,interpolacion_delaunay,0,5417,419,1156,491
2026-10-03T02:19:48.217170+00:00,1903900010635,27.16,Aceptable,31.79,Bueno,interpolacion_delaunay,0,2264,78,723,158
2026-10-03T02:19:48.217170+00:00,1903900011686,14.21,Bueno,15.42,Bueno,interpolacion_delaunay,0,153,7,36,5
2026-10-03T02:19:48.217170+00:00,1903900011807,10.25,Bueno,11.69,Bueno,interpolacion_delaunay,0,2430,99,765,107
2026-10-03T02:19:48.217170+00:00,1903900011830,18.8,Aceptable,19.7,Bueno,promedio_sensores,1,898,35,265,16
2026-10-03T02:19:48.217170+00:00,1903900012097,7.4,Bueno,8.7,Bueno,promedio_sensores,1,4087,88,440,163
2026-10-03T02:19:48.217170+00:00,1903900012256,8.95,Bueno,9.69,Bueno,interpolacion_delaunay,0,4590,303,1006,320
2026-10-03T02:19:48.217170+00:00,1903900012307,10.03,Bueno,10.47,Bueno,promedio_sensores,3,2986,141,683,94
2026-10-03T02:19:48.217170+00:00,1903900012453,10.81,Bueno,11.56,Bueno,interpolacion_delaunay,0,2219,109,403,76
2026-10-03T02:19:48.217170+00:00,1903900012716,14.17,Bueno,16.09,Bueno,interpolacion_delaunay,0,78,3,14,8
2026-10-03T02:19:48.217170+00:00,1903900012735,13.02,Bueno,14.8,Bueno,interpolacion_delaunay,0,0,0,0,0
2026-10-03T02:19:48.217170+00:00,1903900012769,22.11,Aceptable,25.65,Bueno,interpolacion_delaunay,0,279,15,54,0
2026-10-03T02:19:48.217170+00:00,1903900012773,16.09,Aceptable,17.72,Bueno,interpolacion_delaunay,0,0,0,0,0
2026-10-03T02:19:48.217170+00:00,1903900014040,21.37,Aceptable,25.28,Bueno,interpolacion_delaunay,0,3042,337,450,116
2026-10-03T02:19:48.217170+00:00,1903900014178,8.79,Bueno,10.2,Bueno,interpolacion_delaunay,0,4610,493,538,196
2026-10-03T02:19:48.217170+00:00,1903900010156,22.23,Aceptable,25.72,Bueno,interpolacion_delaunay,0,2930,146,830,151
2026-10-03T02:19:48.217170+00:00,1903900010264,23.45,Aceptable,27.06,Bueno,interpolacion_delaunay,0,4282,326,814,272
2026-10-03T02:19:48.217170+00:00,1903900010283,23.48,Aceptable,27.54,Bueno,interpolacion_delaunay,0,2911,218,619,83
2026-10-03T02:19:48.217170+00:00,1903900010315,24.44,Aceptable,29.51,Bueno,interpolacion_delaunay,0,3515,316,654,216
2026-10-03T02:19:48.217170+00:00,190390001032A,24.03,Aceptable,29.16,Bueno,interpolacion_delaunay,0,4173,426,573,279
2026-10-03T02:19:48.217170+00:00,1903900010349,25.52,Aceptable,31.35,Bueno,interpolacion_delaunay,0,2637,166,677,132
2026-10-03T02:19:48.217170+00:00,1903900010391,24.41,Aceptable,28.74,Bueno,interpolacion_delaunay,0,3850,295,727,205
2026-10-03T02:19:48.217170+00:00,1903900010438,25.71,Aceptable,31.21,Bueno,interpolacion_delaunay,0,3338,313,521,73
2026-10-03T02:19:48.217170+00:00,1903900010442,26.03,Aceptable,31.78,Bueno,interpolacion_delaunay,0,2676,239,533,136
2026-10-03T02:19:48.217170+00:00,1903900010457,23.11,Aceptable,26.51,Bueno,interpolacion_delaunay,0,3408,175,1149,225
2026-10-03T02:19:48.217170+00:00,1903900010480,25.41,Aceptable,29.72,Bueno,interpolacion_delaunay,0,1388,64,440,114
2026-10-03T02:19:48.217170+00:00,1903900010512,26.2,Aceptable,30.95,Bueno,interpolacion_delaunay,0,2980,202,741,168
2026-10-03T02:19:48.217170+00:00,1903900010546,26.43,Aceptable,31.44,Bueno,interpolacion_delaunay,0,2660,141,683,117
2026-10-03T02:19:48.217170+00:00,1903900010550,26.38,Aceptable,31.63,Bueno,interpolacion_delaunay,0,2279,182,478,160
2026-10-03T02:19:48.217170+00:00,1903900010565,26.24,Aceptable,31.76,Bueno,interpolacion_delaunay,0,2608,254,432,94
2026-10-03T02:19:48.217170+00:00,190390001057A,26.91,Aceptable,32.4,Bueno,interpolacion_delaunay,0,1514,131,335,33
2026-10-03T02:19:48.217170+00:00,1903900010599,13.58,Bueno,15.61,Bueno,interpolacion_delaunay,0,2808,125,1047,137
2026-10-03T02:19:48.217170+00:00,1903900010601,24.0,Aceptable,27.25,Bueno,interpolacion_delaunay,0,5314,412,1126,426
2026-10-03T02:19:48.217170+00:00,1903900010620,27.32,Aceptable,31.74,Bueno,interpolacion_delaunay,0,2515,85,744,131
2026-10-03T02:19:48.217170+00:00,190390001064A,27.17,Aceptable,32.01,Bueno,interpolacion_delaunay,0,2719,125,702,154
2026-10-03T02:19:48.217170+00:00,1903900010654,26.96,Aceptable,32.11,Bueno,interpolacion_delaunay,0,2609,119,783,144
2026-10-03T02:19:48.217170+00:00,1903900010705,11.75,Bueno,13.03,Bueno,interpolacion_delaunay,0,1996,93,661,76
2026-10-03T02:19:48.217170+00:00,1903900010739,27.83,Aceptable,32.39,Bueno,interpolacion_delaunay,0,1701,60,561,127
2026-10-03T02:19:48.217170+00:00,1903900010743,27.94,Aceptable,32.72,Bueno,interpolacion_delaunay,0,1991,112,552,108
2026-10-03T02:19:48.217170+00:00,1903900010758,27.94,Aceptable,32.87,Bueno,interpolacion_delaunay,0,1207,67,324,54
2026-10-03T02:19:48.217170+00:00,1903900010796,22.08,Aceptable,26.02,Bueno,interpolacion_delaunay,0,0,0,0,0
2026-10-03T02:19:48.217170+00:00,1903900010828,19.28,Aceptable,22.43,Bueno,interpolacion_delaunay,0,1085,46,363,57
2026-10-03T02:19:48.217170+00:00,1903900010866,15.71,Aceptable,16.84,Bueno,interpolacion_delaunay,0,1678,49,570,85
2026-10-03T02:19:48.217170+00:00,1903900010870,21.38,Aceptable,23.57,Bueno,interpolacion_delaunay,0,3879,268,842,254
2026-10-03T02:19:48.217170+00:00,1903900010885,22.94,Aceptable,25.7,Bueno,interpolacion_delaunay,0,1668,63,493,70
2026-10-03T02:19:48.217170+00:00,1903900010940,26.18,Aceptable,30.4,Bueno,interpolacion_delaunay,0,3419,259,605,213
2026-10-03T02:19:48.217170+00:00,1903900011046,15.43,Aceptable,16.91,Bueno,interpolacion_delaunay,0,1800,151,355,99
2026-10-03T02:19:48.217170+00:00,1903900011135,18.81,Aceptable,20.23,Bueno,interpolacion_delaunay,0,1752,62,519,67
2026-10-03T02:19:48.217170+00:00,190390001114A,18.4,Aceptable,19.5,Bueno,promedio_sensores,1,1380,53,428,34
2026-10-03T02:19:48.217170+00:00,1903900011154,13.49,Bueno,15.29,Bueno,interpolacion_delaunay,0,1623,62,444,64
2026-10-03T02:19:48.217170+00:00,1903900011169,9.85,Bueno,12.2,Bueno,promedio_sensores,2,2880,73,732,160
2026-10-03T02:19:48.217170+00:00,1903900011192,22.91,Aceptable,26.02,Bueno,interpolacion_delaunay,0,2657,175,674,141
2026-10-03T02:19:48.217170+00:00,1903900011205,24.22,Aceptable,27.5,Bueno,interpolacion_delaunay,0,122,13,22,0
2026-10-03T02:19:48.217170+00:00,1903900011243,14.9,Bueno,17.13,Bueno,interpolacion_delaunay,0,475,45,76,44
2026-10-03T02:19:48.217170+00:00,1903900011258,15.38,Aceptable,17.43,Bueno,interpolacion_delaunay,0,1048,106,166,35
2026-10-03T02:19:48.217170+00:00,1903900011262,19.31,Aceptable,21.64,Bueno,interpolacion_delaunay,0,1756,114,447,140
2026-10-03T02:19:48.217170+00:00,1903900011277,15.59,Aceptable,17.27,Bueno,interpolacion_delaunay,0,2024,136,529,164
2026-10-03T02:19:48.217170+00:00,1903900011309,14.6,Bueno,15.6,Bueno,promedio_sensores,1,1761,123,433,90
2026-10-03T02:19:48.217170+00:00,1903900011351,16.07,Aceptable,18.04,Bueno,interpolacion_delaunay,0,2734,167,651,175
2026-10-03T02:19:48.217170+00:00,1903900011366,16.26,Aceptable,18.25,Bueno,interpolacion_delaunay,0,0,0,0,0
2026-10-03T02:19:48.217170+00:00,1903900011421,29.1,Aceptable,35.1,Bueno,promedio_sensores,1,3327,204,738,54
2026-10-03T02:19:48.217170+00:00,1903900011436,22.63,Aceptable,26.61,Bueno,interpolacion_delaunay,0,1869,83,431,69
2026-10-03T02:19:48.217170+00:00,1903900011440,15.02,Aceptable,18.58,Bueno,interpolacion_delaunay,0,1644,76,453,82
2026-10-03T02:19:48.217170+00:00,1903900011455,14.37,Bueno,18.03,Bueno,interpolacion_delaunay,0,1330,38,379,65
2026-10-03T02:19:48.217170+00:00,1903900011578,13.39,Bueno,14.3,Bueno,interpolacion_delaunay,0,1668,78,469,55
2026-10-03T02:19:48.217170+00:00,1903900011582,14.4,Bueno,15.4,Bueno,promedio_sensores,1,1943,98,485,98
2026-10-03T02:19:48.217170+00:00,190390001160A,12.17,Bueno,13.86,Bueno,interpolacion_delaunay,0,1878,106,479,110
2026-10-03T02:19:48.217170+00:00,1903900011614,11.43,Bueno,13.03,Bueno,interpolacion_delaunay,0,2516,127,727,95
2026-10-03T02:19:48.217170+00:00,1903900011633,20.87,Aceptable,24.54,Bueno,interpolacion_delaunay,0,810,34,225,59
2026-10-03T02:19:48.217170+00:00,1903900011703,11.49,Bueno,12.27,Bueno,interpolacion_delaunay,0,3184,63,372,52
2026-10-03T02:19:48.217170+00:00,1903900011722,18.33,Aceptable,20.42,Bueno,interpolacion_delaunay,0,511,20,136,16
2026-10-03T02:19:48.217170+00:00,1903900011737,13.96,Bueno,15.35,Bueno,interpolacion_delaunay,0,377,25,76,21
2026-10-03T02:19:48.217170+00:00,1903900011741,12.59,Bueno,13.61,Bueno,interpolacion_delaunay,0,179,8,28,10
2026-10-03T02:19:48.217170+00:00,1903900011756,10.38,Bueno,11.15,Bueno,interpolacion_delaunay,0,191,3,61,18
2026-10-03T02:19:48.217170+00:00,1903900011794,10.57,Bueno,12.04,Bueno,interpolacion_delaunay,0,2555,160,623,167
2026-10-03T02:19:48.217170+00:00,1903900011845,12.5,Bueno,13.1,Bueno,promedio_sensores,1,2750,133,527,66
2026-10-03T02:19:48.217170+00:00,190390001185A,18.23,Aceptable,19.8,Bueno,interpolacion_delaunay,0,2718,189,497,75
2026-10-03T02:19:48.217170+00:00,1903900011879,16.12,Aceptable,17.67,Bueno,interpolacion_delaunay,0,2302,190,467,160
2026-10-03T02:19:48.217170+00:00,1903900011883,13.92,Bueno,15.23,Bueno,interpolacion_delaunay,0,2653,217,567,162
2026-10-03T02:19:48.217170+00:00,1903900011898,11.97,Bueno,13.11,Bueno,interpolacion_delaunay,0,2466,163,572,128
2026-10-03T02:19:48.217170+00:00,1903900011900,9.8,Bueno,10.62,Bueno,interpolacion_delaunay,0,1274,99,333,108
2026-10-03T02:19:48.217170+00:00,1903900012167,6.87,Bueno,7.96,Bueno,interpolacion_delaunay,0,2883,124,813,123
2026-10-03T02:19:48.217170+00:00,1903900012190,3.86,Bueno,4.69,Bueno,interpolacion_delaunay,0,1182,41,455,89
2026-10-03T02:19:48.217170+00:00,1903900012218,2.63,Bueno,3.21,Bueno,interpolacion_delaunay,0,1788,87,512,71
2026-10-03T02:19:48.217170+00:00,1903900012241,5.9,Bueno,6.53,Bueno,interpolacion_delaunay,0,1136,46,404,79
2026-10-03T02:19:48.217170+00:00,1903900012275,6.36,Bueno,6.82,Bueno,interpolacion_delaunay,0,3740,200,896,144
2026-10-03T02:19:48.217170+00:00,1903900012472,11.2,Bueno,12.1,Bueno,promedio_sensores,1,4662,342,773,243
2026-10-03T02:19:48.217170+00:00,190390001267A,15.6,Aceptable,17.97,Bueno,interpolacion_delaunay,0,3909,249,1025,191
2026-10-03T02:19:48.217170+00:00,1903900012684,17.73,Aceptable,20.56,Bueno,interpolacion_delaunay,0,2186,73,687,43
2026-10-03T02:19:48.217170+00:00,1903900012720,14.8,Bueno,17.0,Bueno,promedio_sensores,1,970,52,170,37
2026-10-03T02:19:48.217170+00:00,190390001274A,12.6,Bueno,14.33,Bueno,interpolacion_delaunay,0,10,0,0,0
2026-10-03T02:19:48.217170+00:00,1903900012754,11.96,Bueno,13.68,Bueno,interpolacion_delaunay,0,3205,214,714,184
2026-10-03T02:19:48.217170+00:00,1903900012788,10.78,Bueno,11.63,Bueno,interpolacion_delaunay,0,0,0,0,0
2026-10-03T02:19:48.217170+00:00,190390001281A,1.7,Bueno,2.2,Bueno,promedio_sensores,1,327,0,0,0
2026-10-03T02:19:48.217170+00:00,1903900012877,0.55,Bueno,0.72,Bueno,interpolacion_delaunay,0,0,0,0,0
2026-10-03T02:19:48.217170+00:00,1903900013451,24.06,Aceptable,28.88,Bueno,interpolacion_delaunay,0,4308,421,672,304
2026-10-03T02:19:48.217170+00:00,1903900013555,17.2,Aceptable,19.83,Bueno,interpolacion_delaunay,0,4663,290,902,166
2026-10-03T02:19:48.217170+00:00,1903900013593,23.27,Aceptable,27.17,Bueno,interpolacion_delaunay,0,2322,237,355,231
2026-10-03T02:19:48.217170+00:00,1903900013606,24.55,Aceptable,28.36,Bueno,interpolacion_delaunay,0,2907,266,482,206
2026-10-03T02:19:48.217170+00:00,1903900013610,17.66,Aceptable,20.55,Bueno,interpolacion_delaunay,0,2513,260,368,178
2026-10-03T02:19:48.217170+00:00,1903900013659,10.01,Bueno,10.85,Bueno,interpolacion_delaunay,0,1885,176,371,95
2026-10-03T02:19:48.217170+00:00,190390001406A,23.2,Aceptable,27.89,Bueno,interpolacion_delaunay,0,4196,447,516,257
2026-10-03T02:19:48.217170+00:00,1903900014093,23.6,Aceptable,27.43,Bueno,interpolacion_delaunay,0,3096,303,444,145
2026-10-03T02:19:48.217170+00:00,1903900014144,19.6,Aceptable,24.22,Bueno,interpolacion_delaunay,0,883,38,360,125
2026-10-03T02:19:48.217170+00:00,1903900014159,1.6,Bueno,2.3,Bueno,promedio_sensores,1,620,20,142,55
2026-10-03T02:19:48.217170+00:00,1903900014500,24.09,Aceptable,28.15,Bueno,interpolacion_delaunay,0,3056,353,283,111
2026-10-03T02:19:48.217170+00:00,1903900014515,24.9,Aceptable,29.11,Bueno,interpolacion_delaunay,0,3391,252,688,180
2026-10-03T02:19:48.217170+00:00,1903900014549,25.21,Aceptable,30.15,Bueno,interpolacion_delaunay,0,4319,365,785,218
2026-10-03T02:19:48.217170+00:00,1903900014553,25.16,Aceptable,30.29,Bueno,interpolacion_delaunay,0,3885,315,748,307
2026-10-03T02:19:48.217170+00:00,1903900014619,0.4,Bueno,0.52,Bueno,interpolacion_delaunay,0,2679,137,355,34
2026-10-03T02:19:48.217170+00:00,1903900014623,18.9,Aceptable,20.8,Bueno,promedio_sensores,1,1853,99,476,133
2026-10-03T02:19:48.217170+00:00,1903900014731,9.26,Bueno,10.57,Bueno,interpolacion_delaunay,0,2772,164,687,112
2026-10-03T02:19:48.217170+00:00,1903900014905,13.58,Bueno,14.69,Bueno,interpolacion_delaunay,0,2280,182,284,44
2026-10-03T02:19:48.217170+00:00,190390001491A,15.74,Aceptable,18.2,Bueno,interpolacion_delaunay,0,897,47,73,0
2026-10-03T02:19:48.217170+00:00,1903900014924,16.8,Aceptable,17.6,Bueno,promedio_sensores,1,2425,136,485,38
2026-10-03T02:19:48.217170+00:00,1903900014939,18.83,Aceptable,20.37,Bueno,interpolacion_delaunay,0,1974,92,485,50
2026-10-03T02:19:48.217170+00:00,1903900015142,22.03,Aceptable,25.02,Bueno,interpolacion_delaunay,0,2839,330,193,45
2026-10-03T02:19:48.217170+00:00,1903900011385,15.33,Aceptable,17.3,Bueno,interpolacion_delaunay,0,1585,87,442,107
2026-10-03T02:19:48.217170+00:00,1903900012805,7.62,Bueno,8.31,Bueno,interpolacion_delaunay,0,3258,186,362,30
2026-10-03T02:19:48.217170+00:00,1903900011826,24.23,Aceptable,27.0,Bueno,interpolacion_delaunay,0,1966,181,300,39
2026-10-03T02:19:48.217170+00:00,1903900012468,7.49,Bueno,10.44,Bueno,interpolacion_delaunay,0,3979,370,451,75
2026-10-03T02:19:48.217170+00:00,1903900012133,9.05,Bueno,9.87,Bueno,interpolacion_delaunay,0,3643,409,514,130
2026-10-03T02:19:48.217170+00:00,1903900014182,8.4,Bueno,9.36,Bueno,interpolacion_delaunay,0,2164,180,491,80
2026-10-03T02:19:48.217170+00:00,1903900012152,8.34,Bueno,9.48,Bueno,interpolacion_delaunay,0,2360,140,519,93
2026-10-03T02:19:48.217170+00:00,1903900012082,7.74,Bueno,8.84,Bueno,interpolacion_delaunay,0,2402,95,700,143
2026-10-03T02:19:48.217170+00:00,1903900013663,8.52,Bueno,9.55,Bueno,interpolacion_delaunay,0,4832,422,675,278
2026-10-03T02:19:48.217170+00:00,1903900013714,9.37,Bueno,9.49,Bueno,interpolacion_delaunay,0,4743,468,751,239
2026-10-03T02:19:48.217170+00:00,1903900012858,5.97,Bueno,6.3,Bueno,interpolacion_delaunay,0,0,0,0,0
2026-10-03T02:19:48.217170+00:00,1903900012839,2.4,Bueno,2.79,Bueno,interpolacion_delaunay,0,426,30,39,0
2026-10-03T02:19:48.217170+00:00,1903900012843,9.5,Bueno,10.1,Bueno,promedio_sensores,1,3288,154,618,59
2026-10-03T02:19:48.217170+00:00,1903900012862,1.42,Bueno,1.7,Bueno,interpolacion_delaunay,0,0,0,0,0
2026-10-03T02:19:48.217170+00:00,1903900013733,7.03,Bueno,7.11,Bueno,interpolacion_delaunay,0,1895,90,465,59
2026-10-03T02:19:48.217170+00:00,1903900012294,8.04,Bueno,8.44,Bueno,interpolacion_delaunay,0,3104,120,1010,138
2026-10-03T02:19:48.217170+00:00,190390001228A,8.88,Bueno,9.41,Bueno,interpolacion_delaunay,0,2430,94,799,56
2026-10-03T02:19:48.217170+00:00,1903900010423,25.13,Aceptable,30.51,Bueno,interpolacion_delaunay,0,3542,305,682,134
2026-10-03T02:19:48.217170+00:00,1903900010334,24.72,Aceptable,30.16,Bueno,interpolacion_delaunay,0,878,76,200,70
2026-10-03T02:19:48.217170+00:00,1903900010071,21.29,Aceptable,24.39,Bueno,interpolacion_delaunay,0,2520,129,682,146
2026-10-03T02:19:48.217170+00:00,1903900014869,0.95,Bueno,1.13,Bueno,interpolacion_delaunay,0,4404,353,307,53
2026-10-03T02:19:48.217170+00:00,1903900013748,4.88,Bueno,5.02,Bueno,interpolacion_delaunay,0,3552,225,627,97
2026-10-03T02:19:48.217170+00:00,1903900011050,16.22,Aceptable,18.21,Bueno,interpolacion_delaunay,0,1589,135,342,104
2026-10-03T02:19:48.217170+00:00,1903900011116,16.82,Aceptable,19.09,Bueno,interpolacion_delaunay,0,0,0,0,0
2026-10-03T02:19:48.217170+00:00,1903900010809,20.91,Aceptable,24.69,Bueno,interpolacion_delaunay,0,59,3,14,3
2026-10-03T02:19:48.217170+00:00,1903900010989,19.65,Aceptable,22.43,Bueno,interpolacion_delaunay,0,6061,564,591,133
2026-10-03T02:19:48.217170+00:00,1903900010851,16.51,Aceptable,18.66,Bueno,interpolacion_delaunay,0,1601,105,413,68
2026-10-03T02:19:48.217170+00:00,1903900013413,16.77,Aceptable,19.19,Bueno,interpolacion_delaunay,0,7251,522,1316,316
2026-10-03T02:19:48.217170+00:00,1903900010033,18.27,Aceptable,20.89,Bueno,interpolacion_delaunay,0,3321,285,588,124
2026-10-03T02:19:48.217170+00:00,1903900010137,18.48,Aceptable,21.27,Bueno,interpolacion_delaunay,0,4478,279,1202,320
2026-10-03T02:19:48.217170+00:00,1903900010141,20.67,Aceptable,23.62,Bueno,interpolacion_delaunay,0,4273,225,965,185
2026-10-03T02:19:48.217170+00:00,1903900010762,26.18,Aceptable,30.88,Bueno,interpolacion_delaunay,0,1600,114,337,68
2026-10-03T02:19:48.217170+00:00,1903900014106,24.12,Aceptable,27.91,Bueno,interpolacion_delaunay,0,4189,248,1019,177
2026-10-03T02:19:48.217170+00:00,1903900014110,25.17,Aceptable,29.12,Bueno,interpolacion_delaunay,0,2699,161,643,225
2026-10-03T02:19:48.217170+00:00,1903900010921,27.44,Aceptable,32.16,Bueno,interpolacion_delaunay,0,2388,213,393,106
2026-10-03T02:19:48.217170+00:00,1903900010669,27.97,Aceptable,33.16,Bueno,interpolacion_delaunay,0,2152,159,463,119
2026-10-03T02:19:48.217170+00:00,1903900010067,20.73,Aceptable,23.66,Bueno,interpolacion_delaunay,0,2799,155,819,158
2026-10-03T02:19:48.217170+00:00,1903900010688,24.7,Aceptable,29.52,Bueno,interpolacion_delaunay,0,2838,195,394,149
2026-10-03T02:19:48.217170+00:00,1903900010584,26.2,Aceptable,31.83,Bueno,interpolacion_delaunay,0,3226,273,587,141
2026-10-03T02:19:48.217170+00:00,1903900011417,24.01,Aceptable,27.83,Bueno,interpolacion_delaunay,0,3077,152,970,79
2026-10-03T02:19:48.217170+00:00,1903900013837,23.49,Aceptable,26.92,Bueno,interpolacion_delaunay,0,3561,193,908,77
2026-10-03T02:19:48.217170+00:00,1903900013930,21.33,Aceptable,25.41,Bueno,interpolacion_delaunay,0,1431,202,111,73
2026-10-03T02:19:48.217170+00:00,1903900014055,22.42,Aceptable,26.8,Bueno,interpolacion_delaunay,0,4222,525,372,136
2026-10-03T02:19:48.217170+00:00,190390001420A,9.43,Bueno,10.4,Bueno,interpolacion_delaunay,0,3029,320,382,97
2026-10-03T02:19:48.217170+00:00,1903900014197,8.93,Bueno,9.91,Bueno,interpolacion_delaunay,0,2456,248,321,138
2026-10-03T02:19:48.217170+00:00,1903900010974,22.01,Aceptable,25.41,Bueno,interpolacion_delaunay,0,781,39,192,50
2026-10-03T02:19:48.217170+00:00,1903900011084,16.58,Aceptable,18.84,Bueno,interpolacion_delaunay,0,1782,162,338,82
2026-10-03T02:19:48.217170+00:00,1903900010847,17.3,Aceptable,19.62,Bueno,interpolacion_delaunay,0,1023,82,199,53
2026-10-03T02:19:48.217170+00:00,1903900010993,17.14,Aceptable,19.3,Bueno,interpolacion_delaunay,0,1086,95,211,53
2026-10-03T02:19:48.217170+00:00,1903900010372,24.63,Aceptable,28.62,Bueno,interpolacion_delaunay,0,2524,139,785,102
2026-10-03T02:19:48.217170+00:00,1903900011031,15.86,Aceptable,17.59,Bueno,interpolacion_delaunay,0,1190,84,257,58
2026-10-03T02:19:48.217170+00:00,1903900010902,26.08,Aceptable,30.16,Bueno,interpolacion_delaunay,0,3066,119,898,183
2026-10-03T02:19:48.217170+00:00,1903900010777,24.6,Aceptable,28.95,Bueno,interpolacion_delaunay,0,1329,106,264,76
2026-10-03T02:19:48.217170+00:00,1903900010781,23.3,Aceptable,27.34,Bueno,interpolacion_delaunay,0,242,8,54,15
2026-10-03T02:19:48.217170+00:00,1903900014572,16.13,Aceptable,17.6,Bueno,interpolacion_delaunay,0,1442,81,389,93
2026-10-03T02:19:48.217170+00:00,1903900014676,26.41,Aceptable,30.7,Bueno,interpolacion_delaunay,0,2120,102,506,104
2026-10-03T02:19:48.217170+00:00,190390001025A,23.1,Aceptable,26.52,Bueno,interpolacion_delaunay,0,3942,258,986,278
2026-10-03T02:19:48.217170+00:00,1903900010495,26.04,Aceptable,30.52,Bueno,interpolacion_delaunay,0,1812,109,420,98
2026-10-03T02:19:48.217170+00:00,1903900010917,29.1,Aceptable,34.1,Bueno,promedio_sensores,1,2843,155,698,133
2026-10-03T02:19:48.217170+00:00,1903900010955,24.78,Aceptable,28.9,Bueno,interpolacion_delaunay,0,288,25,64,22
2026-10-03T02:19:48.217170+00:00,1903900013697,11.32,Bueno,11.47,Bueno,interpolacion_delaunay,0,1977,183,341,77
2026-10-03T02:19:48.217170+00:00,1903900013860,22.18,Aceptable,26.38,Bueno,interpolacion_delaunay,0,3174,344,383,184
2026-10-03T02:19:48.217170+00:00,1903900015439,12.69,Bueno,14.44,Bueno,interpolacion_delaunay,0,627,97,12,5
2026-10-03T02:19:48.217170+00:00,1903900011027,15.68,Aceptable,17.2,Bueno,interpolacion_delaunay,0,509,36,115,25
2026-10-03T02:19:48.217170+00:00,1903900013998,18.55,Aceptable,21.33,Bueno,interpolacion_delaunay,0,5766,706,558,248
2026-10-03T02:19:48.217170+00:00,190390001477A,14.65,Bueno,15.66,Bueno,interpolacion_delaunay,0,550,33,68,4
2026-10-03T02:19:48.217170+00:00,1903900014002,19.15,Aceptable,22.26,Bueno,interpolacion_delaunay,0,5494,669,668,240
2026-10-03T02:19:48.217170+00:00,1903900014873,0.54,Bueno,0.66,Bueno,interpolacion_delaunay,0,2383,154,261,52
2026-10-03T02:19:48.217170+00:00,1903900011008,17.19,Aceptable,19.1,Bueno,interpolacion_delaunay,0,1877,145,377,135
2026-10-03T02:19:48.217170+00:00,1903900011313,14.98,Bueno,16.22,Bueno,interpolacion_delaunay,0,5055,336,882,185
2026-10-03T02:19:48.217170+00:00,190390001139A,14.05,Bueno,15.77,Bueno,interpolacion_delaunay,0,1079,59,290,49
2026-10-03T02:19:48.217170+00:00,1903900011402,14.85,Bueno,16.65,Bueno,interpolacion_delaunay,0,681,31,196,23
2026-10-03T02:19:48.217170+00:00,1903900012519,18.22,Aceptable,20.81,Bueno,interpolacion_delaunay,0,5642,661,498,241
2026-10-03T02:19:48.217170+00:00,1903900013822,19.82,Aceptable,21.54,Bueno,interpolacion_delaunay,0,6050,361,890,140
2026-10-03T02:19:48.217170+00:00,1903900013964,19.75,Aceptable,21.0,Bueno,interpolacion_delaunay,0,728,55,70,19
2026-10-03T02:19:48.217170+00:00,1903900014125,25.85,Aceptable,29.99,Bueno,interpolacion_delaunay,0,1881,174,361,63
2026-10-03T02:19:48.217170+00:00,190390001452A,23.63,Aceptable,28.42,Bueno,interpolacion_delaunay,0,2471,240,363,186
2026-10-03T02:19:48.217170+00:00,190390001413A,26.11,Aceptable,30.21,Bueno,interpolacion_delaunay,0,2082,180,339,126
2026-10-03T02:19:48.217170+00:00,1903900010461,25.6,Aceptable,29.4,Bueno,promedio_sensores,1,3422,173,1112,139
2026-10-03T02:19:48.217170+00:00,1903900014534,24.66,Aceptable,30.07,Bueno,interpolacion_delaunay,0,1267,111,229,29
2026-10-03T02:19:48.217170+00:00,1903900013767,3.26,Bueno,3.43,Bueno,interpolacion_delaunay,0,2308,117,605,127
2026-10-03T02:19:48.217170+00:00,1903900012345,4.13,Bueno,4.17,Bueno,interpolacion_delaunay,0,2632,98,737,80
2026-10-03T02:19:48.217170+00:00,1903900012364,0.0,Bueno,0.0,Bueno,promedio_sensores,1,2327,116,787,61
2026-10-03T02:19:48.217170+00:00,1903900011629,30.2,Aceptable,37.5,Bueno,promedio_sensores,1,2881,196,402,58
2026-10-03T02:19:48.217170+00:00,1903900013396,21.0,Aceptable,24.59,Bueno,interpolacion_delaunay,0,4014,389,664,275
2026-10-03T02:19:48.217170+00:00,1903900010245,13.83,Bueno,15.78,Bueno,interpolacion_delaunay,0,2709,131,764,208
2026-10-03T02:19:48.217170+00:00,1903900015284,14.88,Bueno,16.99,Bueno,interpolacion_delaunay,0,513,29,60,13
2026-10-03T02:19:48.217170+00:00,1903900010118,21.47,Aceptable,25.12,Bueno,interpolacion_delaunay,0,4580,383,955,302
2026-10-03T02:19:48.217170+00:00,1903900010052,20.37,Aceptable,23.68,Bueno,interpolacion_delaunay,0,3869,304,717,323
2026-10-03T02:19:48.217170+00:00,1903900015123,19.86,Aceptable,23.26,Bueno,interpolacion_delaunay,0,68,3,4,3
2026-10-03T02:19:48.217170+00:00,1903900014036,20.65,Aceptable,24.3,Bueno,interpolacion_delaunay,0,4679,569,514,263
2026-10-03T02:19:48.217170+00:00,1903900010508,25.58,Aceptable,30.25,Bueno,interpolacion_delaunay,0,3451,202,579,150
2026-10-03T02:19:48.217170+00:00,1903900010527,25.8,Aceptable,30.66,Bueno,interpolacion_delaunay,0,1779,95,454,127
2026-10-03T02:19:48.217170+00:00,1903900013729,6.89,Bueno,7.09,Bueno,interpolacion_delaunay,0,3410,392,357,136
2026-10-03T02:19:48.217170+00:00,190390001370A,9.27,Bueno,9.48,Bueno,interpolacion_delaunay,0,4006,357,563,228
2026-10-03T02:19:48.217170+00:00,1904600010362,17.84,Aceptable,20.37,Bueno,interpolacion_delaunay,0,5505,271,1291,301
2026-10-03T02:19:48.217170+00:00,1904600011483,18.01,Aceptable,20.71,Bueno,interpolacion_delaunay,0,2026,111,597,94
2026-10-03T02:19:48.217170+00:00,1904600011638,19.2,Aceptable,21.96,Bueno,interpolacion_delaunay,0,4053,248,498,114
2026-10-03T02:19:48.217170+00:00,1904600010998,18.14,Aceptable,20.85,Bueno,interpolacion_delaunay,0,5855,449,1099,257
2026-10-03T02:19:48.217170+00:00,1904600011676,18.89,Aceptable,21.93,Bueno,interpolacion_delaunay,0,362,30,69,27
2026-10-03T02:19:48.217170+00:00,1904600010216,25.7,Aceptable,31.7,Bueno,promedio_sensores,1,2042,50,546,50
2026-10-03T02:19:48.217170+00:00,1904600010536,17.18,Aceptable,19.42,Bueno,interpolacion_delaunay,0,4997,504,603,104
2026-10-03T02:19:48.217170+00:00,1904600011708,18.77,Aceptable,21.19,Bueno,interpolacion_delaunay,0,1763,89,284,44
2026-10-03T02:19:48.217170+00:00,190460001070A,16.89,Aceptable,18.82,Bueno,interpolacion_delaunay,0,1273,69,137,48
2026-10-03T02:19:48.217170+00:00,1904600011375,19.31,Aceptable,22.02,Bueno,interpolacion_delaunay,0,5964,475,946,326
2026-10-03T02:19:48.217170+00:00,1904600011286,18.04,Aceptable,20.57,Bueno,interpolacion_delaunay,0,2603,117,839,196
2026-10-03T02:19:48.217170+00:00,1904600011623,19.18,Aceptable,21.94,Bueno,interpolacion_delaunay,0,4225,248,423,136
2026-10-03T02:19:48.217170+00:00,1904600010786,18.91,Aceptable,21.49,Bueno,interpolacion_delaunay,0,4690,309,1009,269
2026-10-03T02:19:48.217170+00:00,190460001024A,19.95,Aceptable,23.57,Bueno,interpolacion_delaunay,0,2748,75,850,176
2026-10-03T02:19:48.217170+00:00,1904600010875,17.54,Aceptable,20.32,Bueno,interpolacion_delaunay,0,3785,202,993,129
2026-10-03T02:19:48.217170+00:00,1904600010324,17.3,Aceptable,19.89,Bueno,interpolacion_delaunay,0,2214,97,651,92
2026-10-03T02:19:48.217170+00:00,1904600011233,18.19,Aceptable,21.02,Bueno,interpolacion_delaunay,0,3010,241,577,204
2026-10-03T02:19:48.217170+00:00,1904600010131,24.39,Aceptable,29.48,Bueno,interpolacion_delaunay,0,4113,160,1393,177
2026-10-03T02:19:48.217170+00:00,1904600010184,24.1,Aceptable,29.27,Bueno,interpolacion_delaunay,0,3438,93,1132,126
2026-10-03T02:19:48.217170+00:00,1904600010235,21.95,Aceptable,26.41,Bueno,interpolacion_delaunay,0,2765,104,711,111
2026-10-03T02:19:48.217170+00:00,1904600010466,26.21,Aceptable,31.83,Bueno,interpolacion_delaunay,0,2212,113,500,58
2026-10-03T02:19:48.217170+00:00,190460001049A,25.88,Aceptable,31.65,Bueno,interpolacion_delaunay,0,2827,123,674,44
2026-10-03T02:19:48.217170+00:00,1904600011407,17.17,Aceptable,19.48,Bueno,interpolacion_delaunay,0,3464,317,610,173
2026-10-03T02:19:48.217170+00:00,1904600011642,21.94,Aceptable,26.41,Bueno,interpolacion_delaunay,0,2601,116,623,113
2026-10-03T02:19:48.217170+00:00,1904600011731,17.07,Aceptable,19.66,Bueno,interpolacion_delaunay,0,3017,207,561,120
2026-10-03T02:19:48.217170+00:00,1904600010108,21.35,Aceptable,25.31,Bueno,interpolacion_delaunay,0,2483,125,582,112
2026-10-03T02:19:48.217170+00:00,1904600010127,18.1,Aceptable,21.03,Bueno,interpolacion_delaunay,0,4270,186,1281,297
2026-10-03T02:19:48.217170+00:00,1904600010292,20.67,Aceptable,24.5,Bueno,interpolacion_delaunay,0,0,0,0,0
2026-10-03T02:19:48.217170+00:00,1904600010714,18.83,Aceptable,21.74,Bueno,interpolacion_delaunay,0,3666,266,947,309
2026-10-03T02:19:48.217170+00:00,1904600010860,17.02,Aceptable,19.44,Bueno,interpolacion_delaunay,0,3290,227,721,158
2026-10-03T02:19:48.217170+00:00,1904600011002,17.89,Aceptable,20.38,Bueno,interpolacion_delaunay,0,3262,289,695,194
2026-10-03T02:19:48.217170+00:00,190460001120A,18.22,Aceptable,21.13,Bueno,interpolacion_delaunay,0,3141,265,631,179
2026-10-03T02:19:48.217170+00:00,1904600011341,18.01,Aceptable,20.35,Bueno,interpolacion_delaunay,0,3608,289,555,127
2026-10-03T02:19:48.217170+00:00,1904600011426,18.22,Aceptable,21.03,Bueno,interpolacion_delaunay,0,3335,302,691,164
2026-10-03T02:19:48.217170+00:00,190460001177A,25.54,Aceptable,30.89,Bueno,interpolacion_delaunay,0,2611,224,320,95
2026-10-03T02:19:48.217170+00:00,1904600010042,21.48,Aceptable,25.31,Bueno,interpolacion_delaunay,0,1646,90,422,69
2026-10-03T02:19:48.217170+00:00,1904600010057,20.92,Aceptable,24.63,Bueno,interpolacion_delaunay,0,1216,61,388,100
2026-10-03T02:19:48.217170+00:00,1904600010076,17.7,Aceptable,20.47,Bueno,interpolacion_delaunay,0,3762,199,1053,215
2026-10-03T02:19:48.217170+00:00,1904600010095,21.24,Aceptable,25.11,Bueno,interpolacion_delaunay,0,1199,53,337,85
2026-10-03T02:19:48.217170+00:00,1904600010146,21.69,Aceptable,25.88,Bueno,interpolacion_delaunay,0,2987,160,749,104
2026-10-03T02:19:48.217170+00:00,190460001017A,18.4,Aceptable,21.45,Bueno,interpolacion_delaunay,0,4101,180,1201,211
2026-10-03T02:19:48.217170+00:00,1904600010201,20.33,Aceptable,24.22,Bueno,interpolacion_delaunay,0,3988,173,1242,253
2026-10-03T02:19:48.217170+00:00,1904600010220,23.89,Aceptable,29.11,Bueno,interpolacion_delaunay,0,1869,61,495,59
2026-10-03T02:19:48.217170+00:00,190460001031A,17.55,Aceptable,20.2,Bueno,interpolacion_delaunay,0,2149,134,353,62
2026-10-03T02:19:48.217170+00:00,1904600010343,18.35,Aceptable,21.09,Bueno,interpolacion_delaunay,0,5532,394,1335,345
2026-10-03T02:19:48.217170+00:00,1904600010381,17.42,Aceptable,19.83,Bueno,interpolacion_delaunay,0,3251,164,847,172
2026-10-03T02:19:48.217170+00:00,1904600010413,26.61,Aceptable,32.08,Bueno,interpolacion_delaunay,0,4002,238,499,120
2026-10-03T02:19:48.217170+00:00,1904600010485,25.24,Aceptable,30.86,Bueno,interpolacion_delaunay,0,3150,144,1004,109
2026-10-03T02:19:48.217170+00:00,1904600010540,18.53,Aceptable,21.54,Bueno,interpolacion_delaunay,0,4952,283,1289,225
2026-10-03T02:19:48.217170+00:00,1904600010555,17.31,Aceptable,19.49,Bueno,interpolacion_delaunay,0,0,0,0,0
2026-10-03T02:19:48.217170+00:00,1904600010593,18.81,Aceptable,21.82,Bueno,interpolacion_delaunay,0,5785,417,488,81
2026-10-03T02:19:48.217170+00:00,1904600010610,16.24,Aceptable,18.09,Bueno,interpolacion_delaunay,0,4819,442,219,35
2026-10-03T02:19:48.217170+00:00,1904600010625,18.27,Aceptable,20.89,Bueno,interpolacion_delaunay,0,684,56,110,22
2026-10-03T02:19:48.217170+00:00,1904600010659,19.08,Aceptable,22.13,Bueno,interpolacion_delaunay,0,0,0,0,0
2026-10-03T02:19:48.217170+00:00,1904600010729,19.05,Aceptable,21.97,Bueno,interpolacion_delaunay,0,0,0,0,0
2026-10-03T02:19:48.217170+00:00,1904600010752,18.62,Aceptable,21.33,Bueno,interpolacion_delaunay,0,2043,121,429,51
2026-10-03T02:19:48.217170+00:00,1904600010790,18.55,Aceptable,20.92,Bueno,interpolacion_delaunay,0,0,0,0,0
2026-10-03T02:19:48.217170+00:00,1904600010822,16.92,Aceptable,19.25,Bueno,interpolacion_delaunay,0,1808,142,329,116
2026-10-03T02:19:48.217170+00:00,1904600010841,17.0,Aceptable,19.47,Bueno,interpolacion_delaunay,0,2675,196,623,119
2026-10-03T02:19:48.217170+00:00,1904600010856,17.23,Aceptable,19.83,Bueno,interpolacion_delaunay,0,5049,305,900,195
2026-10-03T02:19:48.217170+00:00,190460001088A,15.68,Aceptable,17.78,Bueno,interpolacion_delaunay,0,4232,220,1219,162
2026-10-03T02:19:48.217170+00:00,1904600010894,16.79,Aceptable,19.28,Bueno,interpolacion_delaunay,0,2806,182,550,130
2026-10-03T02:19:48.217170+00:00,1904600010907,17.48,Aceptable,20.09,Bueno,interpolacion_delaunay,0,3550,247,722,168
2026-10-03T02:19:48.217170+00:00,1904600010930,24.51,Aceptable,29.4,Bueno,interpolacion_delaunay,0,3021,143,721,82
2026-10-03T02:19:48.217170+00:00,1904600010945,23.63,Aceptable,28.32,Bueno,interpolacion_delaunay,0,3597,162,944,129
2026-10-03T02:19:48.217170+00:00,190460001095A,17.78,Aceptable,20.39,Bueno,interpolacion_delaunay,0,3265,234,654,254
2026-10-03T02:19:48.217170+00:00,1904600010979,18.82,Aceptable,22.07,Bueno,interpolacion_delaunay,0,2747,114,869,151
2026-10-03T02:19:48.217170+00:00,1904600011017,18.23,Aceptable,20.92,Bueno,interpolacion_delaunay,0,4599,402,752,199
2026-10-03T02:19:48.217170+00:00,1904600011021,18.99,Aceptable,22.26,Bueno,interpolacion_delaunay,0,4072,223,1090,178
2026-10-03T02:19:48.217170+00:00,1904600011040,18.85,Aceptable,22.04,Bueno,interpolacion_delaunay,0,3276,150,902,88
2026-10-03T02:19:48.217170+00:00,1904600011055,18.99,Aceptable,22.17,Bueno,interpolacion_delaunay,0,7096,477,1425,285
2026-10-03T02:19:48.217170+00:00,190460001106A,18.0,Aceptable,20.82,Bueno,interpolacion_delaunay,0,1152,61,261,64
2026-10-03T02:19:48.217170+00:00,1904600011074,18.38,Aceptable,21.43,Bueno,interpolacion_delaunay,0,4901,241,744,96
2026-10-03T02:19:48.217170+00:00,1904600011089,18.82,Aceptable,21.91,Bueno,interpolacion_delaunay,0,3306,318,659,199
2026-10-03T02:19:48.217170+00:00,1904600011093,18.57,Aceptable,21.19,Bueno,interpolacion_delaunay,0,3302,217,861,180
2026-10-03T02:19:48.217170+00:00,1904600011106,18.14,Aceptable,20.42,Bueno,interpolacion_delaunay,0,3881,243,712,89
2026-10-03T02:19:48.217170+00:00,1904600011110,16.83,Aceptable,18.74,Bueno,interpolacion_delaunay,0,3018,178,738,133
2026-10-03T02:19:48.217170+00:00,1904600011125,18.4,Aceptable,21.4,Bueno,interpolacion_delaunay,0,3318,323,549,240
2026-10-03T02:19:48.217170+00:00,190460001113A,18.5,Aceptable,21.48,Bueno,interpolacion_delaunay,0,3513,294,662,255
2026-10-03T02:19:48.217170+00:00,1904600011144,18.59,Aceptable,21.53,Bueno,interpolacion_delaunay,0,3223,294,460,148
2026-10-03T02:19:48.217170+00:00,1904600011159,19.2,Aceptable,22.15,Bueno,interpolacion_delaunay,0,4682,317,917,254
2026-10-03T02:19:48.217170+00:00,1904600011163,19.09,Aceptable,21.95,Bueno,interpolacion_delaunay,0,4463,291,849,173
2026-10-03T02:19:48.217170+00:00,1904600011178,18.77,Aceptable,21.41,Bueno,interpolacion_delaunay,0,2288,137,771,142
2026-10-03T02:19:48.217170+00:00,1904600011182,18.86,Aceptable,21.59,Bueno,interpolacion_delaunay,0,2567,158,877,192
2026-10-03T02:19:48.217170+00:00,1904600011197,19.09,Aceptable,21.87,Bueno,interpolacion_delaunay,0,2285,129,707,149
2026-10-03T02:19:48.217170+00:00,1904600011214,17.94,Aceptable,20.78,Bueno,interpolacion_delaunay,0,2395,153,608,159
2026-10-03T02:19:48.217170+00:00,1904600011229,17.9,Aceptable,20.66,Bueno,interpolacion_delaunay,0,3808,341,729,252
2026-10-03T02:19:48.217170+00:00,1904600011248,18.53,Aceptable,21.39,Bueno,interpolacion_delaunay,0,3448,233,731,165
2026-10-03T02:19:48.217170+00:00,1904600011252,17.92,Aceptable,20.55,Bueno,interpolacion_delaunay,0,3638,249,902,255
2026-10-03T02:19:48.217170+00:00,1904600011271,18.29,Aceptable,20.87,Bueno,interpolacion_delaunay,0,3393,200,1049,183
2026-10-03T02:19:48.217170+00:00,1904600011290,18.0,Aceptable,20.82,Bueno,interpolacion_delaunay,0,3613,204,959,164
2026-10-03T02:19:48.217170+00:00,1904600011303,17.83,Aceptable,20.52,Bueno,interpolacion_delaunay,0,4255,296,730,120
2026-10-03T02:19:48.217170+00:00,1904600011318,19.0,Aceptable,22.4,Bueno,promedio_sensores,1,2617,117,712,78
2026-10-03T02:19:48.217170+00:00,1904600011322,18.92,Aceptable,22.26,Bueno,interpolacion_delaunay,0,3209,131,1071,177
2026-10-03T02:19:48.217170+00:00,1904600011356,18.68,Aceptable,21.43,Bueno,interpolacion_delaunay,0,5344,302,754,186
2026-10-03T02:19:48.217170+00:00,190460001138A,17.63,Aceptable,20.47,Bueno,interpolacion_delaunay,0,2330,116,772,143
2026-10-03T02:19:48.217170+00:00,1904600011394,17.69,Aceptable,20.58,Bueno,interpolacion_delaunay,0,2495,152,536,127
2026-10-03T02:19:48.217170+00:00,1904600011430,18.61,Aceptable,21.59,Bueno,interpolacion_delaunay,0,4835,297,977,195
2026-10-03T02:19:48.217170+00:00,1904600011445,19.0,Aceptable,21.77,Bueno,interpolacion_delaunay,0,2396,140,277,35
2026-10-03T02:19:48.217170+00:00,190460001145A,18.7,Aceptable,21.39,Bueno,interpolacion_delaunay,0,4010,242,623,75
2026-10-03T02:19:48.217170+00:00,1904600011464,24.7,Aceptable,29.45,Bueno,interpolacion_delaunay,0,3269,192,527,50
2026-10-03T02:19:48.217170+00:00,1904600011479,22.01,Aceptable,25.9,Bueno,interpolacion_delaunay,0,2267,102,540,81
2026-10-03T02:19:48.217170+00:00,1904600011500,17.25,Aceptable,19.7,Bueno,interpolacion_delaunay,0,4575,375,784,254
2026-10-03T02:19:48.217170+00:00,1904600011515,17.49,Aceptable,20.02,Bueno,interpolacion_delaunay,0,1791,111,314,102
2026-10-03T02:19:48.217170+00:00,190460001152A,17.61,Aceptable,20.11,Bueno,interpolacion_delaunay,0,3396,254,719,167
2026-10-03T02:19:48.217170+00:00,1904600011534,17.63,Aceptable,20.08,Bueno,interpolacion_delaunay,0,5740,487,560,132
2026-10-03T02:19:48.217170+00:00,1904600011549,18.56,Aceptable,21.72,Bueno,interpolacion_delaunay,0,4515,263,831,205
2026-10-03T02:19:48.217170+00:00,1904600011568,18.17,Aceptable,20.67,Bueno,interpolacion_delaunay,0,4996,283,463,138
2026-10-03T02:19:48.217170+00:00,1904600011572,18.18,Aceptable,20.64,Bueno,interpolacion_delaunay,0,4541,345,482,121
2026-10-03T02:19:48.217170+00:00,1904600011587,16.23,Aceptable,18.11,Bueno,interpolacion_delaunay,0,2786,153,244,33
2026-10-03T02:19:48.217170+00:00,1904600011591,16.35,Aceptable,18.24,Bueno,interpolacion_delaunay,0,3387,245,335,48
2026-10-03T02:19:48.217170+00:00,1904600011604,18.61,Aceptable,21.4,Bueno,interpolacion_delaunay,0,3298,256,771,245
2026-10-03T02:19:48.217170+00:00,1904600011619,18.28,Aceptable,20.93,Bueno,interpolacion_delaunay,0,3765,260,958,269
2026-10-03T02:19:48.217170+00:00,1904600011657,20.67,Aceptable,24.67,Bueno,interpolacion_delaunay,0,3567,176,481,50
2026-10-03T02:19:48.217170+00:00,1904600011661,16.97,Aceptable,19.28,Bueno,interpolacion_delaunay,0,282,11,66,6
2026-10-03T02:19:48.217170+00:00,1904600011727,15.55,Aceptable,17.59,Bueno,interpolacion_delaunay,0,3412,179,655,144
2026-10-03T02:19:48.217170+00:00,1904600011746,18.78,Aceptable,22.01,Bueno,interpolacion_delaunay,0,3218,196,815,117
2026-10-03T02:19:48.217170+00:00,1904600011750,18.44,Aceptable,21.57,Bueno,interpolacion_delaunay,0,4162,197,210,54
2026-10-03T02:19:48.217170+00:00,1904600011765,24.41,Aceptable,29.26,Bueno,interpolacion_delaunay,0,3860,405,397,208
2026-10-03T02:19:48.217170+00:00,1904600010663,19.07,Aceptable,22.06,Bueno,interpolacion_delaunay,0,198,8,27,0
2026-10-03T02:19:48.217170+00:00,1904600010926,17.03,Aceptable,19.34,Bueno,interpolacion_delaunay,0,5007,437,867,291
2026-10-03T02:19:48.217170+00:00,1904600010339,17.34,Aceptable,19.89,Bueno,interpolacion_delaunay,0,1314,68,335,78
2026-10-03T02:19:48.217170+00:00,1904600011267,17.55,Aceptable,20.09,Bueno,interpolacion_delaunay,0,3908,248,1102,331
2026-10-03T02:19:48.217170+00:00,1904600011712,17.61,Aceptable,19.58,Bueno,interpolacion_delaunay,0,3272,182,300,58
2026-10-03T02:19:48.217170+00:00,1904600010447,16.32,Aceptable,18.61,Bueno,interpolacion_delaunay,0,4132,230,437,113
2026-10-03T02:19:48.217170+00:00,1904600011498,14.99,Bueno,16.78,Bueno,interpolacion_delaunay,0,3212,141,667,65
2026-10-03T02:19:48.217170+00:00,1904600010682,18.44,Aceptable,20.9,Bueno,interpolacion_delaunay,0,6498,485,714,113
2026-10-03T02:19:48.217170+00:00,1903100450393,11.55,Bueno,13.72,Bueno,interpolacion_delaunay,0,4470,331,183,115
2026-10-03T02:19:48.217170+00:00,1903100451090,12.23,Bueno,14.42,Bueno,interpolacion_delaunay,0,3117,391,133,67
2026-10-03T02:19:48.217170+00:00,1903100010340,13.64,Bueno,15.59,Bueno,interpolacion_delaunay,0,3444,349,252,192
2026-10-03T02:19:48.217170+00:00,1903100450641,10.6,Bueno,12.9,Bueno,interpolacion_delaunay,0,1572,92,57,77
2026-10-03T02:19:48.217170+00:00,1903100451086,11.69,Bueno,13.95,Bueno,interpolacion_delaunay,0,3582,470,173,24
2026-10-03T02:19:48.217170+00:00,190310311171A,13.36,Bueno,15.47,Bueno,interpolacion_delaunay,0,1226,184,39,41
2026-10-03T02:19:48.217170+00:00,1903100450088,9.5,Bueno,11.56,Bueno,interpolacion_delaunay,0,106,4,27,5
2026-10-03T02:19:48.217170+00:00,1903100450321,11.12,Bueno,13.45,Bueno,interpolacion_delaunay,0,781,65,43,66
2026-10-03T02:19:48.217170+00:00,1903100450656,12.12,Bueno,14.2,Bueno,interpolacion_delaunay,0,6656,512,216,203
2026-10-03T02:19:48.217170+00:00,1903100451461,11.19,Bueno,13.07,Bueno,interpolacion_delaunay,0,215,36,0,4
2026-10-03T02:19:48.217170+00:00,1903100451391,11.92,Bueno,13.85,Bueno,interpolacion_delaunay,0,400,41,11,20
2026-10-03T02:19:48.217170+00:00,190310001068A,12.5,Bueno,14.4,Bueno,promedio_sensores,1,5585,402,158,107
2026-10-03T02:19:48.217170+00:00,1903100010872,12.27,Bueno,14.27,Bueno,interpolacion_delaunay,0,2902,333,115,45
2026-10-03T02:19:48.217170+00:00,1903100450266,10.54,Bueno,12.53,Bueno,interpolacion_delaunay,0,3518,300,297,140
2026-10-03T02:19:48.217170+00:00,1903100451211,11.92,Bueno,14.29,Bueno,interpolacion_delaunay,0,318,31,15,12
2026-10-03T02:19:48.217170+00:00,1903100450105,9.58,Bueno,11.56,Bueno,interpolacion_delaunay,0,617,53,101,42
2026-10-03T02:19:48.217170+00:00,1903100450533,10.59,Bueno,12.46,Bueno,interpolacion_delaunay,0,112,19,4,0
2026-10-03T02:19:48.217170+00:00,1903100450834,11.23,Bueno,13.18,Bueno,interpolacion_delaunay,0,5335,620,158,133
2026-10-03T02:19:48.217170+00:00,1903100451122,12.88,Bueno,14.95,Bueno,interpolacion_delaunay,0,4196,367,129,124
2026-10-03T02:19:48.217170+00:00,1903100451118,11.52,Bueno,13.42,Bueno,interpolacion_delaunay,0,1143,149,65,58
2026-10-03T02:19:48.217170+00:00,1903100450092,10.39,Bueno,12.56,Bueno,interpolacion_delaunay,0,5801,601,614,240
2026-10-03T02:19:48.217170+00:00,190310001036A,13.45,Bueno,15.46,Bueno,interpolacion_delaunay,0,2196,166,139,77
2026-10-03T02:19:48.217170+00:00,1903100011264,12.6,Bueno,14.6,Bueno,interpolacion_delaunay,0,166,15,10,4
2026-10-03T02:19:48.217170+00:00,1903100011692,12.35,Bueno,14.49,Bueno,interpolacion_delaunay,0,1994,254,42,57
2026-10-03T02:19:48.217170+00:00,1903100450675,11.85,Bueno,13.97,Bueno,interpolacion_delaunay,0,2985,254,121,65
2026-10-03T02:19:48.217170+00:00,1903100450815,11.32,Bueno,13.65,Bueno,interpolacion_delaunay,0,5183,452,347,124
2026-10-03T02:19:48.217170+00:00,1903100450887,11.78,Bueno,14.06,Bueno,interpolacion_delaunay,0,626,73,50,23
2026-10-03T02:19:48.217170+00:00,1903100450891,12.75,Bueno,15.09,Bueno,interpolacion_delaunay,0,3371,329,210,148
2026-10-03T02:19:48.217170+00:00,1903100450904,13.0,Bueno,15.32,Bueno,interpolacion_delaunay,0,2284,216,156,77
2026-10-03T02:19:48.217170+00:00,1903100451438,11.0,Bueno,13.4,Bueno,promedio_sensores,1,489,62,15,5
2026-10-03T02:19:48.217170+00:00,1903100451442,13.6,Bueno,15.93,Bueno,interpolacion_delaunay,0,530,59,19,6
2026-10-03T02:19:48.217170+00:00,1903100451828,13.01,Bueno,15.38,Bueno,interpolacion_delaunay,0,1268,201,24,22
2026-10-03T02:19:48.217170+00:00,1903103131616,14.93,Bueno,17.19,Bueno,interpolacion_delaunay,0,3396,460,75,104
2026-10-03T02:19:48.217170+00:00,1903100451103,13.24,Bueno,15.5,Bueno,interpolacion_delaunay,0,1939,184,111,81
2026-10-03T02:19:48.217170+00:00,1903103131601,14.77,Bueno,17.07,Bueno,interpolacion_delaunay,0,3536,417,97,62
2026-10-03T02:19:48.217170+00:00,1903100451226,13.13,Bueno,15.29,Bueno,interpolacion_delaunay,0,2587,267,90,42
2026-10-03T02:19:48.217170+00:00,1903103111512,13.82,Bueno,16.16,Bueno,interpolacion_delaunay,0,2486,240,126,82
2026-10-03T02:19:48.217170+00:00,1903100451635,11.55,Bueno,13.39,Bueno,interpolacion_delaunay,0,3621,518,70,103
2026-10-03T02:19:48.217170+00:00,1903103131300,16.0,Aceptable,18.4,Bueno,promedio_sensores,1,4074,495,120,80
2026-10-03T02:19:48.217170+00:00,1903103111508,13.96,Bueno,16.11,Bueno,interpolacion_delaunay,0,3724,412,113,64
2026-10-03T02:19:48.217170+00:00,1903100451387,11.66,Bueno,13.61,Bueno,interpolacion_delaunay,0,1540,218,34,55
2026-10-03T02:19:48.217170+00:00,1903100452101,11.02,Bueno,12.76,Bueno,interpolacion_delaunay,0,1249,214,20,18
2026-10-03T02:19:48.217170+00:00,1903100451283,12.42,Bueno,14.34,Bueno,interpolacion_delaunay,0,3230,373,88,78
2026-10-03T02:19:48.217170+00:00,1903103111527,13.89,Bueno,16.15,Bueno,interpolacion_delaunay,0,1682,145,143,89
2026-10-03T02:19:48.217170+00:00,1903100452402,11.92,Bueno,13.74,Bueno,interpolacion_delaunay,0,0,0,0,0
2026-10-03T08:18:00.399552+00:00,1900601740121,6.6,Bueno,7.4,Bueno,promedio_sensores,1,2694,310,73,36
2026-10-03T08:18:00.399552+00:00,1900601740155,10.63,Bueno,11.67,Bueno,interpolacion_delaunay,0,1820,285,54,16
2026-10-03T08:18:00.399552+00:00,1900600781948,12.64,Bueno,14.68,Bueno,interpolacion_delaunay,0,1170,93,69,32
2026-10-03T08:18:00.399552+00:00,1900600012236,16.27,Aceptable,17.66,Bueno,interpolacion_delaunay,0,264,28,6,0
2026-10-03T08:18:00.399552+00:00,1900600010225,8.69,Bueno,9.75,Bueno,interpolacion_delaunay,0,1,0,0,0
2026-10-03T08:18:00.399552+00:00,1900600010206,13.0,Bueno,14.38,Bueno,interpolacion_delaunay,0,6646,747,526,177
2026-10-03T08:18:00.399552+00:00,1900600010210,9.0,Bueno,10.1,Bueno,interpolacion_delaunay,0,0,0,0,0
2026-10-03T08:18:00.399552+00:00,1900600010244,13.68,Bueno,15.03,Bueno,interpolacion_delaunay,0,90,3,14,3
2026-10-03T08:18:00.399552+00:00,1900600010259,14.66,Bueno,16.09,Bueno,interpolacion_delaunay,0,3329,268,159,53
2026-10-03T08:18:00.399552+00:00,1900600010278,13.62,Bueno,14.95,Bueno,interpolacion_delaunay,0,486,52,18,8
2026-10-03T08:18:00.399552+00:00,1900600010297,9.88,Bueno,10.94,Bueno,interpolacion_delaunay,0,5850,524,288,225
2026-10-03T08:18:00.399552+00:00,1900600010475,12.68,Bueno,13.95,Bueno,interpolacion_delaunay,0,4729,407,844,249
2026-10-03T08:18:00.399552+00:00,190060001030A,9.49,Bueno,10.52,Bueno,interpolacion_delaunay,0,4134,431,170,127
2026-10-03T08:18:00.399552+00:00,1900600010348,17.54,Aceptable,19.05,Bueno,interpolacion_delaunay,0,7877,871,609,196
2026-10-03T08:18:00.399552+00:00,1900600010460,13.9,Bueno,15.24,Bueno,interpolacion_delaunay,0,4909,343,1088,217
2026-10-03T08:18:00.399552+00:00,1900600010352,17.2,Aceptable,18.67,Bueno,interpolacion_delaunay,0,1017,63,153,80
2026-10-03T08:18:00.399552+00:00,1900600010367,18.56,Aceptable,20.11,Bueno,interpolacion_delaunay,0,469,45,60,46
2026-10-03T08:18:00.399552+00:00,1900600010403,10.39,Bueno,11.68,Bueno,interpolacion_delaunay,0,4726,352,972,196
2026-10-03T08:18:00.399552+00:00,190060001055A,10.08,Bueno,11.34,Bueno,interpolacion_delaunay,0,4579,363,547,197
2026-10-03T08:18:00.399552+00:00,1900600010583,10.99,Bueno,12.18,Bueno,interpolacion_delaunay,0,4964,382,425,153
2026-10-03T08:18:00.399552+00:00,1900600010598,9.53,Bueno,10.62,Bueno,interpolacion_delaunay,0,5332,416,338,212
2026-10-03T08:18:00.399552+00:00,1900600010723,9.91,Bueno,10.96,Bueno,interpolacion_delaunay,0,5109,353,1039,281
2026-10-03T08:18:00.399552+00:00,1900600010780,12.74,Bueno,13.97,Bueno,interpolacion_delaunay,0,3755,348,382,222
2026-10-03T08:18:00.399552+00:00,1900600010795,14.21,Bueno,15.52,Bueno,interpolacion_delaunay,0,5270,506,424,204
2026-10-03T08:18:00.399552+00:00,1900600010808,15.78,Aceptable,17.18,Bueno,interpolacion_delaunay,0,3443,304,372,102
2026-10-03T08:18:00.399552+00:00,1900600010920,10.1,Bueno,11.4,Bueno,promedio_sensores,1,5729,316,496,128
2026-10-03T08:18:00.399552+00:00,1900600011011,12.68,Bueno,14.01,Bueno,interpolacion_delaunay,0,0,0,0,0
2026-10-03T08:18:00.399552+00:00,1900600011026,12.23,Bueno,13.51,Bueno,interpolacion_delaunay,0,0,0,0,0
2026-10-03T08:18:00.399552+00:00,1900600011064,11.16,Bueno,12.49,Bueno,interpolacion_delaunay,0,4513,371,370,162
2026-10-03T08:18:00.399552+00:00,1900600011098,8.34,Bueno,9.48,Bueno,interpolacion_delaunay,0,5772,542,419,165
2026-10-03T08:18:00.399552+00:00,1900600011149,17.75,Aceptable,19.24,Bueno,interpolacion_delaunay,0,1140,100,87,38
2026-10-03T08:18:00.399552+00:00,1900600011350,11.25,Bueno,12.58,Bueno,interpolacion_delaunay,0,3323,233,353,93
2026-10-03T08:18:00.399552+00:00,1900600011365,11.83,Bueno,13.18,Bueno,interpolacion_delaunay,0,3259,285,225,87
2026-10-03T08:18:00.399552+00:00,190060001137A,10.72,Bueno,11.87,Bueno,interpolacion_delaunay,0,2748,223,522,132
2026-10-03T08:18:00.399552+00:00,1900600011632,7.91,Bueno,8.83,Bueno,interpolacion_delaunay,0,5931,475,161,144
2026-10-03T08:18:00.399552+00:00,1900600011384,11.71,Bueno,12.96,Bueno,interpolacion_delaunay,0,3359,263,352,73
2026-10-03T08:18:00.399552+00:00,1900600011399,11.89,Bueno,13.23,Bueno,interpolacion_delaunay,0,2371,274,284,91
2026-10-03T08:18:00.399552+00:00,1900600011469,7.93,Bueno,8.86,Bueno,interpolacion_delaunay,0,1932,125,131,96
2026-10-03T08:18:00.399552+00:00,1900600011401,13.5,Bueno,14.92,Bueno,interpolacion_delaunay,0,3593,269,468,144
2026-10-03T08:18:00.399552+00:00,190060001144A,8.12,Bueno,9.09,Bueno,interpolacion_delaunay,0,6239,575,321,95
2026-10-03T08:18:00.399552+00:00,1900600011473,10.53,Bueno,11.68,Bueno,interpolacion_delaunay,0,2826,209,259,107
2026-10-03T08:18:00.399552+00:00,1900600011488,11.49,Bueno,12.7,Bueno,interpolacion_delaunay,0,2922,234,293,96
2026-10-03T08:18:00.399552+00:00,1900600011492,12.79,Bueno,14.05,Bueno,interpolacion_delaunay,0,1725,134,78,56
2026-10-03T08:18:00.399552+00:00,1900600011505,11.52,Bueno,12.7,Bueno,interpolacion_delaunay,0,2030,151,78,103
2026-10-03T08:18:00.399552+00:00,190060001151A,11.5,Bueno,12.66,Bueno,interpolacion_delaunay,0,4650,413,187,145
2026-10-03T08:18:00.399552+00:00,1900600011524,11.84,Bueno,13.0,Bueno,interpolacion_delaunay,0,3658,279,744,150
2026-10-03T08:18:00.399552+00:00,1900600011539,13.47,Bueno,14.73,Bueno,interpolacion_delaunay,0,3879,269,179,190
2026-10-03T08:18:00.399552+00:00,1900600011543,15.61,Aceptable,16.99,Bueno,interpolacion_delaunay,0,3926,372,127,91
2026-10-03T08:18:00.399552+00:00,1900600011844,9.75,Bueno,10.77,Bueno,interpolacion_delaunay,0,1922,166,57,23
2026-10-03T08:18:00.399552+00:00,1900600011666,8.79,Bueno,9.76,Bueno,interpolacion_delaunay,0,2454,221,74,68
2026-10-03T08:18:00.399552+00:00,1900600011859,10.66,Bueno,11.73,Bueno,interpolacion_delaunay,0,1533,143,46,34
2026-10-03T08:18:00.399552+00:00,1900600011863,14.73,Bueno,16.05,Bueno,interpolacion_delaunay,0,1050,130,36,5
2026-10-03T08:18:00.399552+00:00,1900600011878,15.27,Aceptable,16.6,Bueno,interpolacion_delaunay,0,5255,440,206,130
2026-10-03T08:18:00.399552+00:00,1900600011882,14.75,Bueno,16.04,Bueno,interpolacion_delaunay,0,5356,444,208,243
2026-10-03T08:18:00.399552+00:00,190060001190A,17.07,Aceptable,18.5,Bueno,interpolacion_delaunay,0,3346,296,126,99
2026-10-03T08:18:00.399552+00:00,1900600011914,16.24,Aceptable,17.86,Bueno,interpolacion_delaunay,0,5844,518,215,189
2026-10-03T08:18:00.399552+00:00,1900600011929,15.51,Aceptable,17.8,Bueno,interpolacion_delaunay,0,5690,426,232,211
2026-10-03T08:18:00.399552+00:00,1900600012043,12.65,Bueno,13.82,Bueno,interpolacion_delaunay,0,3660,375,120,69
2026-10-03T08:18:00.399552+00:00,1900600012109,10.72,Bueno,11.8,Bueno,interpolacion_delaunay,0,1488,155,32,33
2026-10-03T08:18:00.399552+00:00,1900600012128,13.96,Bueno,15.24,Bueno,interpolacion_delaunay,0,1714,168,66,31
2026-10-03T08:18:00.399552+00:00,190060001226A,12.21,Bueno,13.44,Bueno,interpolacion_delaunay,0,4528,324,328,117
2026-10-03T08:18:00.399552+00:00,1900600012274,10.14,Bueno,11.24,Bueno,interpolacion_delaunay,0,5782,615,191,106
2026-10-03T08:18:00.399552+00:00,190060001233A,10.94,Bueno,12.02,Bueno,interpolacion_delaunay,0,2449,267,53,48
2026-10-03T08:18:00.399552+00:00,1900600012414,12.1,Bueno,13.26,Bueno,interpolacion_delaunay,0,2297,332,39,45
2026-10-03T08:18:00.399552+00:00,1900600012429,13.0,Bueno,14.21,Bueno,interpolacion_delaunay,0,3283,479,97,39
2026-10-03T08:18:00.399552+00:00,1900600012734,15.51,Aceptable,16.86,Bueno,interpolacion_delaunay,0,961,146,24,13
2026-10-03T08:18:00.399552+00:00,1900600010992,10.97,Bueno,12.2,Bueno,interpolacion_delaunay,0,0,0,0,0
2026-10-03T08:18:00.399552+00:00,1900600012804,10.64,Bueno,11.88,Bueno,interpolacion_delaunay,0,705,129,13,7
2026-10-03T08:18:00.399552+00:00,1900600011897,14.33,Bueno,16.61,Bueno,interpolacion_delaunay,0,3063,294,202,149
2026-10-03T08:18:00.399552+00:00,1900600012202,13.46,Bueno,14.83,Bueno,interpolacion_delaunay,0,372,48,3,8
2026-10-03T08:18:00.399552+00:00,1900600012039,14.56,Bueno,16.18,Bueno,interpolacion_delaunay,0,2684,242,90,67
2026-10-03T08:18:00.399552+00:00,1900601740047,7.48,Bueno,8.35,Bueno,interpolacion_delaunay,0,1719,266,38,40
2026-10-03T08:18:00.399552+00:00,190190001005A,11.82,Bueno,13.5,Bueno,interpolacion_delaunay,0,2404,108,693,69
2026-10-03T08:18:00.399552+00:00,1901900010064,16.35,Aceptable,17.55,Bueno,promedio_sensores,4,2721,181,677,58
2026-10-03T08:18:00.399552+00:00,1901900010079,11.6,Bueno,12.1,Bueno,promedio_sensores,1,4464,212,1159,127
2026-10-03T08:18:00.399552+00:00,1901900010083,9.57,Bueno,9.93,Bueno,promedio_sensores,3,1374,63,441,45
2026-10-03T08:18:00.399552+00:00,1901900010098,8.5,Bueno,8.7,Bueno,promedio_sensores,1,1854,103,460,42
2026-10-03T08:18:00.399552+00:00,1901900010100,13.1,Bueno,13.6,Bueno,promedio_sensores,1,1944,129,547,21
2026-10-03T08:18:00.399552+00:00,1901900010149,8.2,Bueno,9.8,Bueno,promedio_sensores,1,1163,75,215,15
2026-10-03T08:18:00.399552+00:00,1901900010153,10.2,Bueno,11.2,Bueno,promedio_sensores,1,1800,134,430,81
2026-10-03T08:18:00.399552+00:00,1901900010168,24.0,Aceptable,28.6,Bueno,promedio_sensores,1,1570,81,416,43
2026-10-03T08:18:00.399552+00:00,1901900010172,11.48,Bueno,12.23,Bueno,interpolacion_delaunay,0,1335,59,357,29
2026-10-03T08:18:00.399552+00:00,1901900010187,6.97,Bueno,7.56,Bueno,interpolacion_delaunay,0,4463,306,999,93
2026-10-03T08:18:00.399552+00:00,1901900010191,3.2,Bueno,3.3,Bueno,promedio_sensores,1,2824,172,637,108
2026-10-03T08:18:00.399552+00:00,1901900010204,7.56,Bueno,8.39,Bueno,interpolacion_delaunay,0,3926,317,736,119
2026-10-03T08:18:00.399552+00:00,1901900010223,8.09,Bueno,8.58,Bueno,interpolacion_delaunay,0,2979,89,503,54
2026-10-03T08:18:00.399552+00:00,1901900010238,6.2,Bueno,6.5,Bueno,promedio_sensores,1,1904,73,302,23
2026-10-03T08:18:00.399552+00:00,1901900010242,5.8,Bueno,6.17,Bueno,promedio_sensores,3,2717,143,729,92
2026-10-03T08:18:00.399552+00:00,1901900010257,12.0,Bueno,13.4,Bueno,promedio_sensores,1,1307,56,361,13
2026-10-03T08:18:00.399552+00:00,1901900010261,3.55,Bueno,3.75,Bueno,promedio_sensores,2,2240,113,567,42
2026-10-03T08:18:00.399552+00:00,1901900010280,6.64,Bueno,7.05,Bueno,interpolacion_delaunay,0,2690,79,360,43
2026-10-03T08:18:00.399552+00:00,1901900010350,12.79,Bueno,13.33,Bueno,interpolacion_delaunay,0,2768,148,592,68
2026-10-03T08:18:00.399552+00:00,1901900010365,19.0,Aceptable,19.3,Bueno,promedio_sensores,1,3419,327,293,61
2026-10-03T08:18:00.399552+00:00,1901900010399,14.25,Bueno,14.55,Bueno,promedio_sensores,2,1162,6,68,0
2026-10-03T08:18:00.399552+00:00,1901900010401,8.3,Bueno,9.1,Bueno,promedio_sensores,1,2375,247,392,86
2026-10-03T08:18:00.399552+00:00,1901900010416,2.53,Bueno,2.85,Bueno,interpolacion_delaunay,0,700,19,105,4
2026-10-03T08:18:00.399552+00:00,1901900010420,7.9,Bueno,8.3,Bueno,promedio_sensores,1,1696,93,408,47
2026-10-03T08:18:00.399552+00:00,1901900010435,9.2,Bueno,9.9,Bueno,promedio_sensores,1,4494,346,601,54
2026-10-03T08:18:00.399552+00:00,190190001044A,9.8,Bueno,10.5,Bueno,promedio_sensores,3,4383,354,439,56
2026-10-03T08:18:00.399552+00:00,1901900010454,10.25,Bueno,10.7,Bueno,promedio_sensores,2,557,26,114,11
2026-10-03T08:18:00.399552+00:00,1901900010469,4.4,Bueno,4.8,Bueno,promedio_sensores,1,3112,170,568,37
2026-10-03T08:18:00.399552+00:00,1901900010473,6.05,Bueno,6.52,Bueno,interpolacion_delaunay,0,983,46,182,19
2026-10-03T08:18:00.399552+00:00,1901900010488,4.75,Bueno,5.5,Bueno,promedio_sensores,2,2757,295,371,102
2026-10-03T08:18:00.399552+00:00,1901900010492,4.9,Bueno,5.55,Bueno,promedio_sensores,2,2848,173,697,71
2026-10-03T08:18:00.399552+00:00,1901900010505,4.75,Bueno,5.0,Bueno,interpolacion_delaunay,0,2494,111,512,19
2026-10-03T08:18:00.399552+00:00,190190001051A,4.9,Bueno,5.4,Bueno,promedio_sensores,1,1899,111,507,36
2026-10-03T08:18:00.399552+00:00,1901900010558,2.57,Bueno,2.8,Bueno,promedio_sensores,3,1349,87,230,21
2026-10-03T08:18:00.399552+00:00,1901900010613,3.5,Bueno,3.66,Bueno,interpolacion_delaunay,0,132,0,20,0
2026-10-03T08:18:00.399552+00:00,1901900010384,10.24,Bueno,11.01,Bueno,interpolacion_delaunay,0,1111,19,119,15
2026-10-03T08:18:00.399552+00:00,1901900010219,8.91,Bueno,9.92,Bueno,interpolacion_delaunay,0,1954,106,555,58
2026-10-03T08:18:00.399552+00:00,1902100011338,9.73,Bueno,11.1,Bueno,interpolacion_delaunay,0,2800,219,134,55
2026-10-03T08:18:00.399552+00:00,1902100011817,6.5,Bueno,7.6,Bueno,promedio_sensores,1,583,52,40,11
2026-10-03T08:18:00.399552+00:00,1902100010293,7.67,Bueno,8.67,Bueno,interpolacion_delaunay,0,2008,84,165,35
2026-10-03T08:18:00.399552+00:00,190210001033A,7.47,Bueno,8.52,Bueno,interpolacion_delaunay,0,4000,286,440,91
2026-10-03T08:18:00.399552+00:00,1902100011060,11.87,Bueno,13.08,Bueno,interpolacion_delaunay,0,3355,278,195,95
2026-10-03T08:18:00.399552+00:00,1902100010289,8.0,Bueno,9.01,Bueno,interpolacion_delaunay,0,1352,78,109,44
2026-10-03T08:18:00.399552+00:00,1902100010325,8.81,Bueno,9.73,Bueno,interpolacion_delaunay,0,1,0,0,0
2026-10-03T08:18:00.399552+00:00,1902100011412,9.2,Bueno,10.2,Bueno,promedio_sensores,1,3239,228,156,27
2026-10-03T08:18:00.399552+00:00,1902100011427,7.22,Bueno,8.31,Bueno,interpolacion_delaunay,0,4126,302,227,21
2026-10-03T08:18:00.399552+00:00,1902100011408,7.77,Bueno,8.94,Bueno,interpolacion_delaunay,0,6781,377,571,69
2026-10-03T08:18:00.399552+00:00,1902100011342,10.44,Bueno,11.85,Bueno,interpolacion_delaunay,0,4655,261,185,126
2026-10-03T08:18:00.399552+00:00,1902100010043,11.08,Bueno,12.08,Bueno,interpolacion_delaunay,0,4208,322,819,334
2026-10-03T08:18:00.399552+00:00,1902100010255,11.47,Bueno,12.85,Bueno,interpolacion_delaunay,0,6704,625,410,194
2026-10-03T08:18:00.399552+00:00,1902100010378,9.7,Bueno,10.5,Bueno,promedio_sensores,1,4134,262,294,72
2026-10-03T08:18:00.399552+00:00,1902100011075,13.18,Bueno,14.47,Bueno,interpolacion_delaunay,0,8122,855,320,248
2026-10-03T08:18:00.399552+00:00,1902600011832,16.88,Aceptable,18.37,Bueno,interpolacion_delaunay,0,3764,305,386,174
2026-10-03T08:18:00.399552+00:00,1902600010035,14.63,Bueno,15.97,Bueno,interpolacion_delaunay,0,1597,156,285,106
2026-10-03T08:18:00.399552+00:00,1902600012332,15.65,Aceptable,16.83,Bueno,interpolacion_delaunay,0,5634,507,898,399
2026-10-03T08:18:00.399552+00:00,1902600010020,15.29,Aceptable,16.7,Bueno,interpolacion_delaunay,0,1825,174,355,160
2026-10-03T08:18:00.399552+00:00,1902600011279,14.34,Bueno,15.69,Bueno,interpolacion_delaunay,0,4324,384,731,269
2026-10-03T08:18:00.399552+00:00,1902600011283,13.93,Bueno,15.24,Bueno,interpolacion_delaunay,0,3719,341,754,207
2026-10-03T08:18:00.399552+00:00,1902600012440,17.37,Aceptable,18.92,Bueno,interpolacion_delaunay,0,2604,133,153,35
2026-10-03T08:18:00.399552+00:00,1902600012667,26.7,Aceptable,28.95,Bueno,interpolacion_delaunay,0,778,73,30,14
2026-10-03T08:18:00.399552+00:00,1902600012811,9.65,Bueno,10.47,Bueno,interpolacion_delaunay,0,26,4,0,0
2026-10-03T08:18:00.399552+00:00,1902600010459,9.0,Bueno,9.73,Bueno,interpolacion_delaunay,0,3039,123,850,229
2026-10-03T08:18:00.399552+00:00,1902600010317,12.14,Bueno,13.05,Bueno,interpolacion_delaunay,0,4084,275,902,321
2026-10-03T08:18:00.399552+00:00,1902600010957,15.56,Aceptable,16.97,Bueno,interpolacion_delaunay,0,5841,533,1121,336
2026-10-03T08:18:00.399552+00:00,1902600011103,27.86,Aceptable,32.51,Bueno,interpolacion_delaunay,0,950,69,80,47
2026-10-03T08:18:00.399552+00:00,1902600011457,15.64,Aceptable,16.92,Bueno,interpolacion_delaunay,0,2279,129,466,94
2026-10-03T08:18:00.399552+00:00,1902600011404,6.78,Bueno,7.19,Bueno,interpolacion_delaunay,0,3115,227,702,219
2026-10-03T08:18:00.399552+00:00,1902600011508,27.95,Aceptable,32.18,Bueno,interpolacion_delaunay,0,1978,175,250,90
2026-10-03T08:18:00.399552+00:00,1902600011828,15.69,Aceptable,17.13,Bueno,interpolacion_delaunay,0,2175,178,266,60
2026-10-03T08:18:00.399552+00:00,1902600011847,17.95,Aceptable,19.5,Bueno,interpolacion_delaunay,0,4488,374,407,157
2026-10-03T08:18:00.399552+00:00,1902600012402,24.27,Aceptable,26.07,Bueno,interpolacion_delaunay,0,2699,234,353,170
2026-10-03T08:18:00.399552+00:00,1902600012205,24.61,Aceptable,27.57,Bueno,interpolacion_delaunay,0,4435,432,502,204
2026-10-03T08:18:00.399552+00:00,1902600012258,25.73,Aceptable,28.95,Bueno,interpolacion_delaunay,0,1006,77,102,40
2026-10-03T08:18:00.399552+00:00,1902600012296,20.77,Aceptable,22.44,Bueno,interpolacion_delaunay,0,4398,237,919,190
2026-10-03T08:18:00.399552+00:00,1902600012455,17.69,Aceptable,19.24,Bueno,interpolacion_delaunay,0,4962,328,296,118
2026-10-03T08:18:00.399552+00:00,1902600010302,11.09,Bueno,11.93,Bueno,interpolacion_delaunay,0,2790,166,675,209
2026-10-03T08:18:00.399552+00:00,1902600010425,10.61,Bueno,11.27,Bueno,interpolacion_delaunay,0,3687,235,843,230
2026-10-03T08:18:00.399552+00:00,1902600010533,11.59,Bueno,12.3,Bueno,interpolacion_delaunay,0,1681,81,395,96
2026-10-03T08:18:00.399552+00:00,1902600011813,15.94,Aceptable,17.4,Bueno,interpolacion_delaunay,0,5250,447,545,129
2026-10-03T08:18:00.399552+00:00,1902600011851,19.02,Aceptable,20.62,Bueno,interpolacion_delaunay,0,4115,305,359,155
2026-10-03T08:18:00.399552+00:00,1902600012436,16.09,Aceptable,17.57,Bueno,interpolacion_delaunay,0,3242,185,145,20
2026-10-03T08:18:00.399552+00:00,1902600012686,24.18,Aceptable,26.87,Bueno,interpolacion_delaunay,0,40,3,7,5
2026-10-03T08:18:00.399552+00:00,1902600010124,20.12,Aceptable,21.77,Bueno,interpolacion_delaunay,0,2665,140,749,113
2026-10-03T08:18:00.399552+00:00,1902600012417,20.28,Aceptable,21.93,Bueno,interpolacion_delaunay,0,2073,147,228,128
2026-10-03T08:18:00.399552+00:00,1902600012347,17.03,Aceptable,18.25,Bueno,interpolacion_delaunay,0,4440,433,247,105
2026-10-03T08:18:00.399552+00:00,190260001239A,21.55,Aceptable,23.15,Bueno,interpolacion_delaunay,0,2697,236,207,88
2026-10-03T08:18:00.399552+00:00,190260001260A,24.89,Aceptable,27.64,Bueno,interpolacion_delaunay,0,979,82,21,36
2026-10-03T08:18:00.399552+00:00,1902600011391,19.68,Aceptable,21.16,Bueno,interpolacion_delaunay,0,3747,280,1036,286
2026-10-03T08:18:00.399552+00:00,1902600010251,21.94,Aceptable,23.62,Bueno,interpolacion_delaunay,0,6072,581,994,581
2026-10-03T08:18:00.399552+00:00,1902600010707,10.45,Bueno,11.43,Bueno,interpolacion_delaunay,0,4261,296,986,365
2026-10-03T08:18:00.399552+00:00,190260001157A,10.38,Bueno,11.37,Bueno,interpolacion_delaunay,0,2161,148,444,126
2026-10-03T08:18:00.399552+00:00,1902600011654,24.69,Aceptable,27.3,Bueno,interpolacion_delaunay,0,3737,309,535,205
2026-10-03T08:18:00.399552+00:00,1902600012385,9.79,Bueno,10.62,Bueno,interpolacion_delaunay,0,108,11,8,5
2026-10-03T08:18:00.399552+00:00,1902600011495,29.04,Aceptable,33.09,Bueno,interpolacion_delaunay,0,2675,203,421,91
2026-10-03T08:18:00.399552+00:00,1902600012525,17.83,Aceptable,19.1,Bueno,interpolacion_delaunay,0,6162,464,363,124
2026-10-03T08:18:00.399552+00:00,1902600010995,19.37,Aceptable,20.99,Bueno,interpolacion_delaunay,0,1016,61,224,56
2026-10-03T08:18:00.399552+00:00,1902600011866,18.54,Aceptable,20.09,Bueno,interpolacion_delaunay,0,3064,167,548,67
2026-10-03T08:18:00.399552+00:00,190260001207A,8.13,Bueno,8.85,Bueno,interpolacion_delaunay,0,2199,99,452,47
2026-10-03T08:18:00.399552+00:00,1902600012120,7.96,Bueno,8.24,Bueno,interpolacion_delaunay,0,1092,33,384,28
2026-10-03T08:18:00.399552+00:00,1902600012135,11.37,Bueno,11.51,Bueno,interpolacion_delaunay,0,1356,47,414,29
2026-10-03T08:18:00.399552+00:00,1902600012544,21.17,Aceptable,23.22,Bueno,interpolacion_delaunay,0,2171,187,206,83
2026-10-03T08:18:00.399552+00:00,1902600010069,14.62,Bueno,15.76,Bueno,interpolacion_delaunay,0,1920,94,579,107
2026-10-03T08:18:00.399552+00:00,1902600010073,15.32,Aceptable,16.53,Bueno,interpolacion_delaunay,0,3137,159,955,77
2026-10-03T08:18:00.399552+00:00,1902600010088,16.09,Aceptable,17.4,Bueno,interpolacion_delaunay,0,2870,157,722,160
2026-10-03T08:18:00.399552+00:00,1902600010158,13.7,Bueno,14.65,Bueno,interpolacion_delaunay,0,1517,70,502,83
2026-10-03T08:18:00.399552+00:00,190260001029A,9.46,Bueno,10.18,Bueno,interpolacion_delaunay,0,1809,94,461,133
2026-10-03T08:18:00.399552+00:00,1902600011885,13.89,Bueno,14.97,Bueno,interpolacion_delaunay,0,1944,100,497,103
2026-10-03T08:18:00.399552+00:00,1902600012192,25.52,Aceptable,28.86,Bueno,interpolacion_delaunay,0,2742,217,241,94
2026-10-03T08:18:00.399552+00:00,1902600012243,14.64,Bueno,15.71,Bueno,interpolacion_delaunay,0,316,37,21,22
2026-10-03T08:18:00.399552+00:00,1902600012421,20.57,Aceptable,22.23,Bueno,interpolacion_delaunay,0,2385,134,120,49
2026-10-03T08:18:00.399552+00:00,1902600012597,26.67,Aceptable,29.32,Bueno,interpolacion_delaunay,0,3539,244,126,97
2026-10-03T08:18:00.399552+00:00,1902600011029,20.26,Aceptable,21.94,Bueno,interpolacion_delaunay,0,1109,94,97,45
2026-10-03T08:18:00.399552+00:00,190260001189A,13.81,Bueno,14.85,Bueno,interpolacion_delaunay,0,2117,131,543,112
2026-10-03T08:18:00.399552+00:00,1902600012703,9.91,Bueno,10.77,Bueno,interpolacion_delaunay,0,632,49,33,14
2026-10-03T08:18:00.399552+00:00,1902600011372,19.89,Aceptable,21.33,Bueno,interpolacion_delaunay,0,2451,168,520,192
2026-10-03T08:18:00.399552+00:00,1902600012366,24.71,Aceptable,27.66,Bueno,interpolacion_delaunay,0,350,28,12,6
2026-10-03T08:18:00.399552+00:00,1902600010321,14.9,Bueno,15.98,Bueno,interpolacion_delaunay,0,5159,259,1483,335
2026-10-03T08:18:00.399552+00:00,1902600010336,15.86,Aceptable,17.01,Bueno,interpolacion_delaunay,0,3112,150,945,118
2026-10-03T08:18:00.399552+00:00,1902600010340,17.53,Aceptable,18.78,Bueno,interpolacion_delaunay,0,5009,289,1452,316
2026-10-03T08:18:00.399552+00:00,1902600010355,18.34,Aceptable,19.67,Bueno,interpolacion_delaunay,0,2172,143,527,123
2026-10-03T08:18:00.399552+00:00,1902600010389,20.72,Aceptable,22.24,Bueno,interpolacion_delaunay,0,3485,223,809,188
2026-10-03T08:18:00.399552+00:00,1902600010393,21.15,Aceptable,22.73,Bueno,interpolacion_delaunay,0,4293,274,932,186
2026-10-03T08:18:00.399552+00:00,1902600010618,13.82,Bueno,14.98,Bueno,interpolacion_delaunay,0,3420,248,733,217
2026-10-03T08:18:00.399552+00:00,1902600010730,12.93,Bueno,13.77,Bueno,interpolacion_delaunay,0,4610,359,992,364
2026-10-03T08:18:00.399552+00:00,1902600011033,23.66,Aceptable,25.53,Bueno,interpolacion_delaunay,0,5199,444,572,162
2026-10-03T08:18:00.399552+00:00,1902600011122,21.92,Aceptable,23.53,Bueno,interpolacion_delaunay,0,6940,637,766,300
2026-10-03T08:18:00.399552+00:00,1902600011546,8.63,Bueno,9.46,Bueno,interpolacion_delaunay,0,3715,209,870,202
2026-10-03T08:18:00.399552+00:00,1902600011461,16.47,Aceptable,17.83,Bueno,interpolacion_delaunay,0,3227,233,684,198
2026-10-03T08:18:00.399552+00:00,190260001132A,16.65,Aceptable,17.86,Bueno,interpolacion_delaunay,0,2713,152,488,78
2026-10-03T08:18:00.399552+00:00,1902600011334,23.84,Aceptable,25.69,Bueno,interpolacion_delaunay,0,3525,289,683,240
2026-10-03T08:18:00.399552+00:00,1902600011349,24.4,Aceptable,26.27,Bueno,interpolacion_delaunay,0,2716,239,484,222
2026-10-03T08:18:00.399552+00:00,1902600011368,19.27,Aceptable,20.67,Bueno,interpolacion_delaunay,0,3348,226,652,119
2026-10-03T08:18:00.399552+00:00,1902600011419,11.76,Bueno,12.68,Bueno,interpolacion_delaunay,0,2833,144,728,158
2026-10-03T08:18:00.399552+00:00,1902600011442,14.06,Bueno,15.26,Bueno,interpolacion_delaunay,0,3169,182,598,174
2026-10-03T08:18:00.399552+00:00,1902600011565,9.7,Bueno,10.62,Bueno,interpolacion_delaunay,0,4076,290,816,263
2026-10-03T08:18:00.399552+00:00,1902600011584,11.19,Bueno,12.12,Bueno,interpolacion_delaunay,0,4255,317,895,221
2026-10-03T08:18:00.399552+00:00,1902600011599,12.9,Bueno,13.91,Bueno,interpolacion_delaunay,0,2923,228,572,152
2026-10-03T08:18:00.399552+00:00,1902600011601,11.3,Bueno,12.0,Bueno,promedio_sensores,1,3474,261,775,299
2026-10-03T08:18:00.399552+00:00,1902600011688,14.5,Bueno,15.48,Bueno,interpolacion_delaunay,0,3727,240,688,249
2026-10-03T08:18:00.399552+00:00,190260001171A,13.76,Bueno,14.73,Bueno,interpolacion_delaunay,0,4383,321,770,213
2026-10-03T08:18:00.399552+00:00,1902600012008,7.2,Bueno,7.6,Bueno,interpolacion_delaunay,0,1064,52,278,35
2026-10-03T08:18:00.399552+00:00,1902600011781,6.47,Bueno,7.17,Bueno,interpolacion_delaunay,0,260,22,25,0
2026-10-03T08:18:00.399552+00:00,1902600011989,10.17,Bueno,11.1,Bueno,interpolacion_delaunay,0,3336,217,653,151
2026-10-03T08:18:00.399552+00:00,1902600012027,15.3,Aceptable,16.35,Bueno,interpolacion_delaunay,0,5601,339,676,195
2026-10-03T08:18:00.399552+00:00,1902600012116,12.76,Bueno,13.78,Bueno,interpolacion_delaunay,0,2265,174,319,64
2026-10-03T08:18:00.399552+00:00,1902600012328,25.63,Aceptable,28.59,Bueno,interpolacion_delaunay,0,2737,200,173,54
2026-10-03T08:18:00.399552+00:00,1902600012510,19.46,Aceptable,20.87,Bueno,interpolacion_delaunay,0,3466,257,269,90
2026-10-03T08:18:00.399552+00:00,1902600012578,14.69,Bueno,15.81,Bueno,interpolacion_delaunay,0,2465,185,298,196
2026-10-03T08:18:00.399552+00:00,1902600012582,14.07,Bueno,15.17,Bueno,interpolacion_delaunay,0,2739,201,423,283
2026-10-03T08:18:00.399552+00:00,1902600012614,27.26,Aceptable,30.51,Bueno,interpolacion_delaunay,0,3024,272,68,36
2026-10-03T08:18:00.399552+00:00,1902600010177,14.83,Bueno,15.91,Bueno,interpolacion_delaunay,0,1769,60,559,90
2026-10-03T08:18:00.399552+00:00,1902600010444,7.36,Bueno,7.89,Bueno,interpolacion_delaunay,0,2474,121,665,111
2026-10-03T08:18:00.399552+00:00,1902600011531,8.69,Bueno,9.5,Bueno,interpolacion_delaunay,0,3594,235,816,160
2026-10-03T08:18:00.399552+00:00,1902600010232,20.49,Aceptable,22.07,Bueno,interpolacion_delaunay,0,2521,162,744,110
2026-10-03T08:18:00.399552+00:00,1902600010196,15.54,Aceptable,16.69,Bueno,interpolacion_delaunay,0,1557,66,485,73
2026-10-03T08:18:00.399552+00:00,1902600010213,19.13,Aceptable,20.61,Bueno,interpolacion_delaunay,0,2063,114,530,142
2026-10-03T08:18:00.399552+00:00,190260001011A,19.42,Aceptable,21.0,Bueno,interpolacion_delaunay,0,3115,155,816,154
2026-10-03T08:18:00.399552+00:00,1902600010162,14.22,Bueno,15.24,Bueno,interpolacion_delaunay,0,1624,64,473,65
2026-10-03T08:18:00.399552+00:00,1902600010181,14.21,Bueno,15.2,Bueno,interpolacion_delaunay,0,1561,63,499,94
2026-10-03T08:18:00.399552+00:00,1902600010228,19.27,Aceptable,20.72,Bueno,interpolacion_delaunay,0,1619,140,316,120
2026-10-03T08:18:00.399552+00:00,1902600010603,13.46,Bueno,14.59,Bueno,interpolacion_delaunay,0,1632,93,346,132
2026-10-03T08:18:00.399552+00:00,1902600010745,13.65,Bueno,14.55,Bueno,interpolacion_delaunay,0,1565,113,330,126
2026-10-03T08:18:00.399552+00:00,1902600010798,8.0,Bueno,8.84,Bueno,interpolacion_delaunay,0,3364,210,732,231
2026-10-03T08:18:00.399552+00:00,1902600010815,10.05,Bueno,10.97,Bueno,interpolacion_delaunay,0,4739,363,1000,268
2026-10-03T08:18:00.399552+00:00,1902600011438,8.34,Bueno,8.84,Bueno,interpolacion_delaunay,0,1771,89,459,85
2026-10-03T08:18:00.399552+00:00,1902600011476,14.62,Bueno,15.83,Bueno,interpolacion_delaunay,0,3270,215,839,209
2026-10-03T08:18:00.399552+00:00,1902600011777,6.43,Bueno,7.17,Bueno,interpolacion_delaunay,0,3599,312,366,80
2026-10-03T08:18:00.399552+00:00,1902600012031,16.54,Aceptable,17.7,Bueno,interpolacion_delaunay,0,4385,273,421,152
2026-10-03T08:18:00.399552+00:00,1902600012173,4.47,Bueno,4.91,Bueno,interpolacion_delaunay,0,108,5,10,3
2026-10-03T08:18:00.399552+00:00,1902600012474,20.73,Aceptable,22.46,Bueno,interpolacion_delaunay,0,3828,248,138,120
2026-10-03T08:18:00.399552+00:00,190260001253A,22.99,Aceptable,25.33,Bueno,interpolacion_delaunay,0,1418,134,74,37
2026-10-03T08:18:00.399552+00:00,1902600012648,17.06,Aceptable,18.25,Bueno,interpolacion_delaunay,0,1998,125,415,138
2026-10-03T08:18:00.399552+00:00,1902600012794,25.11,Aceptable,26.99,Bueno,interpolacion_delaunay,0,776,83,32,8
2026-10-03T08:18:00.399552+00:00,1902600012775,26.68,Aceptable,29.03,Bueno,interpolacion_delaunay,0,1381,194,42,36
2026-10-03T08:18:00.399552+00:00,1902600012898,4.84,Bueno,5.08,Bueno,interpolacion_delaunay,0,21,3,0,0
2026-10-03T08:18:00.399552+00:00,1902600010849,12.61,Bueno,13.59,Bueno,interpolacion_delaunay,0,1926,132,278,87
2026-10-03T08:18:00.399552+00:00,1902600012262,21.86,Aceptable,23.61,Bueno,interpolacion_delaunay,0,2668,227,217,83
2026-10-03T08:18:00.399552+00:00,1902600010266,23.0,Aceptable,24.8,Bueno,interpolacion_delaunay,0,427,58,19,0
2026-10-03T08:18:00.399552+00:00,1902600010779,5.1,Bueno,5.6,Bueno,interpolacion_delaunay,0,677,45,131,66
2026-10-03T08:18:00.399552+00:00,1902600010872,6.93,Bueno,7.14,Bueno,interpolacion_delaunay,0,3088,114,989,72
2026-10-03T08:18:00.399552+00:00,1902600011902,20.84,Aceptable,22.49,Bueno,interpolacion_delaunay,0,2434,191,435,71
2026-10-03T08:18:00.399552+00:00,1902600011993,8.33,Bueno,9.16,Bueno,interpolacion_delaunay,0,3528,203,521,147
2026-10-03T08:18:00.399552+00:00,1902600012012,7.35,Bueno,7.83,Bueno,interpolacion_delaunay,0,2227,119,600,34
2026-10-03T08:18:00.399552+00:00,1902600012084,5.56,Bueno,6.06,Bueno,interpolacion_delaunay,0,1461,49,516,49
2026-10-03T08:18:00.399552+00:00,1902600012188,4.09,Bueno,4.39,Bueno,interpolacion_delaunay,0,460,18,82,4
2026-10-03T08:18:00.399552+00:00,1902600012277,21.61,Aceptable,23.31,Bueno,interpolacion_delaunay,0,3597,281,616,228
2026-10-03T08:18:00.399552+00:00,190260001246A,19.1,Aceptable,20.74,Bueno,interpolacion_delaunay,0,4546,358,308,145
2026-10-03T08:18:00.399552+00:00,1902600012559,12.08,Bueno,13.07,Bueno,interpolacion_delaunay,0,4248,285,324,114
2026-10-03T08:18:00.399552+00:00,1902600012652,26.02,Aceptable,27.98,Bueno,interpolacion_delaunay,0,3158,323,113,122
2026-10-03T08:18:00.399552+00:00,1902600012671,25.18,Aceptable,27.05,Bueno,interpolacion_delaunay,0,1647,122,65,34
2026-10-03T08:18:00.399552+00:00,1902600012718,13.93,Bueno,14.95,Bueno,interpolacion_delaunay,0,2829,290,123,131
2026-10-03T08:18:00.399552+00:00,1902600012741,6.77,Bueno,7.53,Bueno,interpolacion_delaunay,0,1897,119,345,52
2026-10-03T08:18:00.399552+00:00,1902600012879,26.7,Aceptable,28.7,Bueno,promedio_sensores,1,2144,300,65,16
2026-10-03T08:18:00.399552+00:00,1902600010285,8.33,Bueno,8.86,Bueno,interpolacion_delaunay,0,2844,174,613,185
2026-10-03T08:18:00.399552+00:00,1902600012690,9.65,Bueno,10.47,Bueno,interpolacion_delaunay,0,79,0,3,0
2026-10-03T08:18:00.399552+00:00,1902600012099,8.76,Bueno,9.57,Bueno,interpolacion_delaunay,0,5241,599,554,189
2026-10-03T08:18:00.399552+00:00,1902600011936,24.24,Aceptable,26.13,Bueno,interpolacion_delaunay,0,2951,267,407,119
2026-10-03T08:18:00.399552+00:00,1902600012169,3.5,Bueno,3.72,Bueno,interpolacion_delaunay,0,1023,50,158,14
2026-10-03T08:18:00.399552+00:00,190260001118A,4.9,Bueno,5.33,Bueno,interpolacion_delaunay,0,3453,227,320,71
2026-10-03T08:18:00.399552+00:00,1902600012050,11.21,Bueno,12.14,Bueno,interpolacion_delaunay,0,4134,320,745,263
2026-10-03T08:18:00.399552+00:00,1902600012101,10.47,Bueno,11.36,Bueno,interpolacion_delaunay,0,3626,381,484,119
2026-10-03T08:18:00.399552+00:00,1902600012563,11.35,Bueno,12.27,Bueno,interpolacion_delaunay,0,2676,291,133,25
2026-10-03T08:18:00.399552+00:00,190260001278A,19.23,Aceptable,20.78,Bueno,interpolacion_delaunay,0,3558,402,98,36
2026-10-03T08:18:00.399552+00:00,1902600011921,22.97,Aceptable,24.78,Bueno,interpolacion_delaunay,0,2594,223,377,76
2026-10-03T08:18:00.399552+00:00,1902600010092,17.27,Aceptable,18.68,Bueno,interpolacion_delaunay,0,4183,262,1039,106
2026-10-03T08:18:00.399552+00:00,1902600011300,21.02,Aceptable,22.72,Bueno,interpolacion_delaunay,0,2915,163,792,188
2026-10-03T08:18:00.399552+00:00,1902600010143,22.16,Aceptable,23.95,Bueno,interpolacion_delaunay,0,2245,273,113,55
2026-10-03T08:18:00.399552+00:00,1902600011870,18.34,Aceptable,19.83,Bueno,interpolacion_delaunay,0,3271,173,768,82
2026-10-03T08:18:00.399552+00:00,1902600011315,17.0,Aceptable,18.32,Bueno,interpolacion_delaunay,0,3497,230,464,42
2026-10-03T08:18:00.399552+00:00,1902600011014,20.85,Aceptable,22.57,Bueno,interpolacion_delaunay,0,2155,150,459,98
2026-10-03T08:18:00.399552+00:00,1902600011616,17.61,Aceptable,18.85,Bueno,interpolacion_delaunay,0,3883,311,769,201
2026-10-03T08:18:00.399552+00:00,1902600011620,18.7,Aceptable,20.03,Bueno,interpolacion_delaunay,0,4814,356,1024,301
2026-10-03T08:18:00.399552+00:00,1902600011480,20.48,Aceptable,21.96,Bueno,interpolacion_delaunay,0,4784,390,737,223
2026-10-03T08:18:00.399552+00:00,1902600010641,17.42,Aceptable,18.77,Bueno,interpolacion_delaunay,0,2917,240,627,202
2026-10-03T08:18:00.399552+00:00,1902600012633,16.14,Aceptable,17.25,Bueno,interpolacion_delaunay,0,2429,188,313,91
2026-10-03T08:18:00.399552+00:00,190260001164A,20.72,Aceptable,22.23,Bueno,interpolacion_delaunay,0,2101,168,367,57
2026-10-03T08:18:00.399552+00:00,1902600011635,19.21,Aceptable,20.59,Bueno,interpolacion_delaunay,0,4695,347,639,204
2026-10-03T08:18:00.399552+00:00,1902600010961,19.02,Aceptable,20.66,Bueno,interpolacion_delaunay,0,1353,81,150,34
2026-10-03T08:18:00.399552+00:00,1902600011226,7.61,Bueno,8.4,Bueno,interpolacion_delaunay,0,4831,444,615,226
2026-10-03T08:18:00.399552+00:00,1902600012807,5.37,Bueno,6.05,Bueno,interpolacion_delaunay,0,51,0,0,0
2026-10-03T08:18:00.399552+00:00,1902600012737,5.5,Bueno,6.19,Bueno,interpolacion_delaunay,0,153,17,4,4
2026-10-03T08:18:00.399552+00:00,1902600012046,9.1,Bueno,9.94,Bueno,interpolacion_delaunay,0,5116,376,649,199
2026-10-03T08:18:00.399552+00:00,1902600012756,5.5,Bueno,6.2,Bueno,promedio_sensores,1,2572,282,124,24
2026-10-03T08:18:00.399552+00:00,1902600010783,5.41,Bueno,6.04,Bueno,interpolacion_delaunay,0,1477,145,264,42
2026-10-03T08:18:00.399552+00:00,1902600011230,8.22,Bueno,9.04,Bueno,interpolacion_delaunay,0,3324,362,242,132
2026-10-03T08:18:00.399552+00:00,1902600011758,2.7,Bueno,2.8,Bueno,promedio_sensores,1,2105,92,408,43
2026-10-03T08:18:00.399552+00:00,1902600011141,26.41,Aceptable,30.18,Bueno,interpolacion_delaunay,0,9036,1161,432,363
2026-10-03T08:18:00.399552+00:00,1902600011743,14.52,Bueno,15.62,Bueno,interpolacion_delaunay,0,7461,709,958,323
2026-10-03T08:18:00.399552+00:00,1902600012629,13.33,Bueno,14.32,Bueno,interpolacion_delaunay,0,1943,149,74,66
2026-10-03T08:18:00.399552+00:00,1902600011762,6.57,Bueno,7.34,Bueno,interpolacion_delaunay,0,2427,183,512,77
2026-10-03T08:18:00.399552+00:00,1902600011194,5.4,Bueno,5.98,Bueno,interpolacion_delaunay,0,4669,300,960,201
2026-10-03T08:18:00.399552+00:00,1902600011052,20.19,Aceptable,21.81,Bueno,interpolacion_delaunay,0,7318,799,917,451
2026-10-03T08:18:00.399552+00:00,1902600012722,20.56,Aceptable,22.51,Bueno,interpolacion_delaunay,0,1673,182,35,23
2026-10-03T08:18:00.399552+00:00,1902600010209,18.02,Aceptable,19.9,Bueno,interpolacion_delaunay,0,0,0,0,0
2026-10-03T08:18:00.399552+00:00,1902600012883,18.53,Aceptable,20.7,Bueno,interpolacion_delaunay,0,2693,391,65,39
2026-10-03T08:18:00.399552+00:00,1902600011512,12.57,Bueno,13.33,Bueno,interpolacion_delaunay,0,1411,83,448,118
2026-10-03T08:18:00.399552+00:00,1902600011527,11.55,Bueno,12.26,Bueno,interpolacion_delaunay,0,2114,99,718,127
2026-10-03T08:18:00.399552+00:00,1902600010853,12.11,Bueno,12.92,Bueno,interpolacion_delaunay,0,4562,382,755,151
2026-10-03T08:18:00.399552+00:00,1902600011160,11.6,Bueno,12.3,Bueno,promedio_sensores,1,3568,186,796,79
2026-10-03T08:18:00.399552+00:00,1902600011423,12.41,Bueno,13.39,Bueno,interpolacion_delaunay,0,2358,121,643,149
2026-10-03T08:18:00.399552+00:00,1902600011118,7.17,Bueno,7.82,Bueno,interpolacion_delaunay,0,0,0,0,0
2026-10-03T08:18:00.399552+00:00,1902600010552,8.14,Bueno,8.85,Bueno,interpolacion_delaunay,0,1358,197,299,91
2026-10-03T08:18:00.399552+00:00,1902600010567,9.33,Bueno,10.16,Bueno,interpolacion_delaunay,0,3469,239,807,212
2026-10-03T08:18:00.399552+00:00,1902600010478,14.71,Bueno,15.82,Bueno,interpolacion_delaunay,0,3451,258,686,179
2026-10-03T08:18:00.399552+00:00,1902600012493,12.22,Bueno,13.23,Bueno,interpolacion_delaunay,0,3047,231,451,139
2026-10-03T08:18:00.399552+00:00,1902600012506,11.44,Bueno,12.39,Bueno,interpolacion_delaunay,0,1875,122,448,96
2026-10-03T08:18:00.399552+00:00,1902600011387,18.1,Aceptable,19.47,Bueno,interpolacion_delaunay,0,4018,279,697,181
2026-10-03T08:18:00.399552+00:00,1902600010482,16.27,Aceptable,17.5,Bueno,interpolacion_delaunay,0,4004,197,1191,226
2026-10-03T08:18:00.399552+00:00,1902600010586,13.06,Bueno,14.14,Bueno,interpolacion_delaunay,0,4983,369,1196,317
2026-10-03T08:18:00.399552+00:00,1902600010590,13.65,Bueno,14.77,Bueno,interpolacion_delaunay,0,3794,290,817,254
2026-10-03T08:18:00.399552+00:00,1902600011940,21.42,Aceptable,23.03,Bueno,interpolacion_delaunay,0,3450,256,773,184
2026-10-03T08:18:00.399552+00:00,1902600012224,16.88,Aceptable,18.2,Bueno,interpolacion_delaunay,0,1986,122,533,118
2026-10-03T08:18:00.399552+00:00,1902600012239,17.96,Aceptable,19.36,Bueno,interpolacion_delaunay,0,2664,206,487,219
2026-10-03T08:18:00.399552+00:00,1902600010548,5.24,Bueno,5.55,Bueno,interpolacion_delaunay,0,4149,203,1177,258
2026-10-03T08:18:00.399552+00:00,1902600012489,21.71,Aceptable,23.43,Bueno,interpolacion_delaunay,0,2798,203,290,77
2026-10-03T08:18:00.399552+00:00,1902600011353,18.75,Aceptable,20.11,Bueno,interpolacion_delaunay,0,1952,125,417,157
2026-10-03T08:18:00.399552+00:00,1902600012760,25.31,Aceptable,27.24,Bueno,interpolacion_delaunay,0,3619,397,120,87
2026-10-03T08:18:00.399552+00:00,1902600011264,21.54,Aceptable,23.25,Bueno,interpolacion_delaunay,0,1708,151,158,100
2026-10-03T08:18:00.399552+00:00,190260001285A,24.76,Aceptable,26.65,Bueno,interpolacion_delaunay,0,1850,298,50,26
2026-10-03T08:18:00.399552+00:00,1902600010270,22.96,Aceptable,26.03,Bueno,interpolacion_delaunay,0,0,0,0,0
2026-10-03T08:18:00.399552+00:00,1902600010406,22.44,Aceptable,24.11,Bueno,interpolacion_delaunay,0,2889,225,550,115
2026-10-03T08:18:00.399552+00:00,1902600011067,23.89,Aceptable,25.7,Bueno,interpolacion_delaunay,0,4252,360,451,270
2026-10-03T08:18:00.399552+00:00,1902600011086,28.05,Aceptable,31.46,Bueno,interpolacion_delaunay,0,3224,245,126,84
2026-10-03T08:18:00.399552+00:00,1902600012313,29.43,Aceptable,34.69,Bueno,interpolacion_delaunay,0,2567,202,407,174
2026-10-03T08:18:00.399552+00:00,1902600012309,29.5,Aceptable,34.11,Bueno,interpolacion_delaunay,0,2125,241,150,88
2026-10-03T08:18:00.399552+00:00,1902600011809,24.86,Aceptable,26.74,Bueno,interpolacion_delaunay,0,2127,251,117,120
2026-10-03T08:18:00.399552+00:00,1902600012864,23.92,Aceptable,25.75,Bueno,interpolacion_delaunay,0,1168,168,40,16
2026-10-03T08:18:00.399552+00:00,190260001125A,10.5,Bueno,10.66,Bueno,interpolacion_delaunay,0,541,13,170,22
2026-10-03T08:18:00.399552+00:00,1902600011071,26.25,Aceptable,30.34,Bueno,interpolacion_delaunay,0,3143,264,264,89
2026-10-03T08:18:00.399552+00:00,190260001196A,24.6,Aceptable,28.83,Bueno,interpolacion_delaunay,0,3349,324,262,100
2026-10-03T08:18:00.399552+00:00,1902600011955,23.36,Aceptable,25.1,Bueno,interpolacion_delaunay,0,3582,349,216,97
2026-10-03T08:18:00.399552+00:00,190260001050A,19.87,Aceptable,21.42,Bueno,interpolacion_delaunay,0,2022,217,309,73
2026-10-03T08:18:00.399552+00:00,1903900012400,16.7,Aceptable,18.8,Bueno,promedio_sensores,1,4517,429,723,304
2026-10-03T08:18:00.399552+00:00,1903900014657,13.77,Bueno,14.36,Bueno,interpolacion_delaunay,0,2491,234,438,138
2026-10-03T08:18:00.399552+00:00,1903900013682,5.8,Bueno,6.08,Bueno,interpolacion_delaunay,0,4499,398,653,181
2026-10-03T08:18:00.399552+00:00,1903900010832,14.12,Bueno,15.44,Bueno,interpolacion_delaunay,0,543,31,158,26
2026-10-03T08:18:00.399552+00:00,1903900011120,12.74,Bueno,13.7,Bueno,interpolacion_delaunay,0,2607,94,831,149
2026-10-03T08:18:00.399552+00:00,1903900012129,8.37,Bueno,9.08,Bueno,interpolacion_delaunay,0,4074,318,790,255
2026-10-03T08:18:00.399552+00:00,190390001363A,14.14,Bueno,14.59,Bueno,interpolacion_delaunay,0,3850,324,618,201
2026-10-03T08:18:00.399552+00:00,1903900014163,9.89,Bueno,10.53,Bueno,interpolacion_delaunay,0,3563,376,476,178
2026-10-03T08:18:00.399552+00:00,1903900014642,13.55,Bueno,14.26,Bueno,interpolacion_delaunay,0,2137,227,313,125
2026-10-03T08:18:00.399552+00:00,1903900013589,19.84,Aceptable,21.95,Bueno,interpolacion_delaunay,0,1971,102,595,95
2026-10-03T08:18:00.399552+00:00,1903900011370,12.89,Bueno,13.79,Bueno,interpolacion_delaunay,0,1287,71,218,39
2026-10-03T08:18:00.399552+00:00,1903900012114,9.83,Bueno,10.77,Bueno,interpolacion_delaunay,0,2387,84,816,136
2026-10-03T08:18:00.399552+00:00,1903900012203,4.9,Bueno,5.5,Bueno,promedio_sensores,1,2974,126,1034,191
2026-10-03T08:18:00.399552+00:00,1903900013574,18.29,Aceptable,20.65,Bueno,interpolacion_delaunay,0,832,37,276,93
2026-10-03T08:18:00.399552+00:00,1903900012792,4.58,Bueno,4.9,Bueno,interpolacion_delaunay,0,1,0,0,0
2026-10-03T08:18:00.399552+00:00,190390001445A,12.75,Bueno,13.73,Bueno,interpolacion_delaunay,0,5563,304,1118,197
2026-10-03T08:18:00.399552+00:00,1903900014638,12.68,Bueno,13.56,Bueno,interpolacion_delaunay,0,3811,381,571,142
2026-10-03T08:18:00.399552+00:00,1903900012063,10.99,Bueno,11.5,Bueno,interpolacion_delaunay,0,2407,98,743,119
2026-10-03T08:18:00.399552+00:00,1903900011690,8.52,Bueno,9.18,Bueno,interpolacion_delaunay,0,228,12,56,11
2026-10-03T08:18:00.399552+00:00,1903900011760,11.29,Bueno,11.98,Bueno,interpolacion_delaunay,0,1986,129,443,117
2026-10-03T08:18:00.399552+00:00,1903900011934,9.47,Bueno,10.03,Bueno,promedio_sensores,3,2171,83,550,105
2026-10-03T08:18:00.399552+00:00,190390001192A,14.27,Bueno,15.02,Bueno,interpolacion_delaunay,0,2553,117,796,121
2026-10-03T08:18:00.399552+00:00,1903900012044,11.69,Bueno,12.24,Bueno,interpolacion_delaunay,0,1920,122,427,109
2026-10-03T08:18:00.399552+00:00,1903900012078,10.99,Bueno,11.48,Bueno,interpolacion_delaunay,0,2179,136,538,60
2026-10-03T08:18:00.399552+00:00,1903900011525,8.82,Bueno,9.78,Bueno,interpolacion_delaunay,0,590,39,143,33
2026-10-03T08:18:00.399552+00:00,1903900011991,11.8,Bueno,12.3,Bueno,promedio_sensores,1,3236,192,703,201
2026-10-03T08:18:00.399552+00:00,1903900012006,13.28,Bueno,13.99,Bueno,interpolacion_delaunay,0,1972,70,504,136
2026-10-03T08:18:00.399552+00:00,1903900010673,22.59,Aceptable,24.25,Bueno,interpolacion_delaunay,0,2155,174,396,142
2026-10-03T08:18:00.399552+00:00,1903900010298,18.45,Aceptable,19.91,Bueno,interpolacion_delaunay,0,3499,233,739,152
2026-10-03T08:18:00.399552+00:00,1903900010404,18.3,Aceptable,19.71,Bueno,interpolacion_delaunay,0,2835,189,560,150
2026-10-03T08:18:00.399552+00:00,1903900011012,11.81,Bueno,13.08,Bueno,interpolacion_delaunay,0,1216,101,235,35
2026-10-03T08:18:00.399552+00:00,1903900011065,10.94,Bueno,11.92,Bueno,interpolacion_delaunay,0,1981,192,428,144
2026-10-03T08:18:00.399552+00:00,1903900010175,17.63,Aceptable,19.22,Bueno,interpolacion_delaunay,0,1294,70,318,45
2026-10-03T08:18:00.399552+00:00,190390001018A,17.83,Aceptable,19.47,Bueno,interpolacion_delaunay,0,3618,299,750,219
2026-10-03T08:18:00.399552+00:00,1903900010194,17.95,Aceptable,19.54,Bueno,interpolacion_delaunay,0,2850,223,604,173
2026-10-03T08:18:00.399552+00:00,1903900010226,18.69,Aceptable,20.22,Bueno,interpolacion_delaunay,0,4934,461,799,274
2026-10-03T08:18:00.399552+00:00,1903900014229,5.12,Bueno,5.59,Bueno,interpolacion_delaunay,0,2852,249,505,184
2026-10-03T08:18:00.399552+00:00,1903900010353,11.07,Bueno,12.38,Bueno,interpolacion_delaunay,0,3313,167,981,325
2026-10-03T08:18:00.399552+00:00,1903900010936,21.44,Aceptable,22.97,Bueno,interpolacion_delaunay,0,2121,128,459,101
2026-10-03T08:18:00.399552+00:00,1903900011173,9.1,Bueno,9.4,Bueno,promedio_sensores,1,2108,71,659,126
2026-10-03T08:18:00.399552+00:00,1903900011188,18.02,Aceptable,19.24,Bueno,interpolacion_delaunay,0,3322,231,794,185
2026-10-03T08:18:00.399552+00:00,1903900011224,18.32,Aceptable,19.83,Bueno,interpolacion_delaunay,0,3487,327,636,198
2026-10-03T08:18:00.399552+00:00,1903900011328,13.59,Bueno,14.69,Bueno,interpolacion_delaunay,0,1300,73,364,78
2026-10-03T08:18:00.399552+00:00,1903900011332,11.27,Bueno,12.21,Bueno,interpolacion_delaunay,0,2976,208,686,165
2026-10-03T08:18:00.399552+00:00,1903900011493,5.4,Bueno,6.2,Bueno,promedio_sensores,1,498,32,117,21
2026-10-03T08:18:00.399552+00:00,1903900011506,8.23,Bueno,9.21,Bueno,interpolacion_delaunay,0,218,10,60,5
2026-10-03T08:18:00.399552+00:00,1903900011510,7.8,Bueno,8.77,Bueno,interpolacion_delaunay,0,370,18,99,43
2026-10-03T08:18:00.399552+00:00,1903900011563,10.29,Bueno,11.29,Bueno,interpolacion_delaunay,0,1016,57,324,41
2026-10-03T08:18:00.399552+00:00,1903900011652,4.43,Bueno,5.29,Bueno,interpolacion_delaunay,0,1408,46,412,99
2026-10-03T08:18:00.399552+00:00,1903900011667,6.55,Bueno,7.18,Bueno,interpolacion_delaunay,0,811,38,222,38
2026-10-03T08:18:00.399552+00:00,1903900011671,7.07,Bueno,7.81,Bueno,interpolacion_delaunay,0,2135,120,546,122
2026-10-03T08:18:00.399552+00:00,1903900011775,15.52,Aceptable,16.35,Bueno,interpolacion_delaunay,0,3247,195,753,173
2026-10-03T08:18:00.399552+00:00,190390001178A,13.12,Bueno,13.86,Bueno,interpolacion_delaunay,0,2085,91,638,124
2026-10-03T08:18:00.399552+00:00,1903900011811,14.06,Bueno,14.91,Bueno,interpolacion_delaunay,0,3726,195,960,140
2026-10-03T08:18:00.399552+00:00,190390001210A,14.3,Bueno,15.7,Bueno,promedio_sensores,1,2790,113,700,150
2026-10-03T08:18:00.399552+00:00,1903900012186,5.79,Bueno,6.2,Bueno,interpolacion_delaunay,0,4169,44,257,49
2026-10-03T08:18:00.399552+00:00,1903900011559,8.2,Bueno,8.8,Bueno,promedio_sensores,1,854,32,232,42
2026-10-03T08:18:00.399552+00:00,1903900013428,18.19,Aceptable,19.74,Bueno,interpolacion_delaunay,0,3351,320,515,172
2026-10-03T08:18:00.399552+00:00,1903900014214,3.63,Bueno,4.04,Bueno,interpolacion_delaunay,0,4120,374,689,171
2026-10-03T08:18:00.399552+00:00,1903900014712,5.66,Bueno,6.0,Bueno,interpolacion_delaunay,0,3085,299,499,125
2026-10-03T08:18:00.399552+00:00,1903900014727,4.79,Bueno,5.17,Bueno,interpolacion_delaunay,0,2574,237,418,75
2026-10-03T08:18:00.399552+00:00,1903900011544,7.34,Bueno,8.06,Bueno,interpolacion_delaunay,0,484,17,104,17
2026-10-03T08:18:00.399552+00:00,1903900011347,10.8,Bueno,11.5,Bueno,promedio_sensores,1,3767,228,949,230
2026-10-03T08:18:00.399552+00:00,1903900011101,10.64,Bueno,11.41,Bueno,interpolacion_delaunay,0,2340,171,499,101
2026-10-03T08:18:00.399552+00:00,1903900010692,18.22,Aceptable,20.17,Bueno,interpolacion_delaunay,0,1264,56,294,43
2026-10-03T08:18:00.399552+00:00,190390001071A,8.9,Bueno,9.9,Bueno,promedio_sensores,1,2092,89,717,121
2026-10-03T08:18:00.399552+00:00,190390001153A,6.23,Bueno,6.98,Bueno,interpolacion_delaunay,0,283,20,33,8
2026-10-03T08:18:00.399552+00:00,1903900012222,4.19,Bueno,4.51,Bueno,interpolacion_delaunay,0,2481,214,440,130
2026-10-03T08:18:00.399552+00:00,1903900010048,17.3,Aceptable,19.15,Bueno,interpolacion_delaunay,0,2757,231,541,184
2026-10-03T08:18:00.399552+00:00,1903900010160,17.53,Aceptable,19.08,Bueno,interpolacion_delaunay,0,1233,55,334,97
2026-10-03T08:18:00.399552+00:00,1903900011915,11.65,Bueno,12.3,Bueno,interpolacion_delaunay,0,1171,52,296,69
2026-10-03T08:18:00.399552+00:00,1903900012824,2.29,Bueno,2.46,Bueno,interpolacion_delaunay,0,0,0,0,0
2026-10-03T08:18:00.399552+00:00,1903900010103,17.25,Aceptable,18.88,Bueno,interpolacion_delaunay,0,2537,115,733,107
2026-10-03T08:18:00.399552+00:00,1903900010122,17.82,Aceptable,19.5,Bueno,interpolacion_delaunay,0,3875,316,762,228
2026-10-03T08:18:00.399552+00:00,1903900010207,18.16,Aceptable,19.81,Bueno,interpolacion_delaunay,0,2935,264,476,100
2026-10-03T08:18:00.399552+00:00,190390001089A,22.87,Aceptable,25.02,Bueno,interpolacion_delaunay,0,2450,84,735,103
2026-10-03T08:18:00.399552+00:00,1903900010813,16.1,Aceptable,17.5,Bueno,interpolacion_delaunay,0,1266,76,281,65
2026-10-03T08:18:00.399552+00:00,190390001096A,20.37,Aceptable,21.98,Bueno,interpolacion_delaunay,0,735,52,175,36
2026-10-03T08:18:00.399552+00:00,190390001107A,11.1,Bueno,12.08,Bueno,interpolacion_delaunay,0,2056,191,358,98
2026-10-03T08:18:00.399552+00:00,1903900011099,10.52,Bueno,11.29,Bueno,interpolacion_delaunay,0,1728,108,401,82
2026-10-03T08:18:00.399552+00:00,1903900011281,10.44,Bueno,11.56,Bueno,interpolacion_delaunay,0,162,9,42,10
2026-10-03T08:18:00.399552+00:00,190390001146A,7.62,Bueno,8.02,Bueno,interpolacion_delaunay,0,1878,94,425,114
2026-10-03T08:18:00.399552+00:00,1903900011474,10.0,Bueno,10.81,Bueno,interpolacion_delaunay,0,1482,65,348,91
2026-10-03T08:18:00.399552+00:00,1903900011648,6.17,Bueno,6.89,Bueno,interpolacion_delaunay,0,1275,46,383,92
2026-10-03T08:18:00.399552+00:00,1903900011953,10.53,Bueno,11.5,Bueno,interpolacion_delaunay,0,4331,383,782,275
2026-10-03T08:18:00.399552+00:00,1903900011968,10.53,Bueno,11.4,Bueno,interpolacion_delaunay,0,2452,198,521,139
2026-10-03T08:18:00.399552+00:00,1903900011972,10.76,Bueno,11.44,Bueno,interpolacion_delaunay,0,2152,173,501,93
2026-10-03T08:18:00.399552+00:00,1903900011987,11.03,Bueno,11.59,Bueno,interpolacion_delaunay,0,2330,153,564,186
2026-10-03T08:18:00.399552+00:00,1903900012010,12.03,Bueno,12.9,Bueno,promedio_sensores,3,377,6,32,6
2026-10-03T08:18:00.399552+00:00,1903900012025,12.69,Bueno,13.87,Bueno,interpolacion_delaunay,0,4868,169,1336,220
2026-10-03T08:18:00.399552+00:00,1903900012608,15.37,Aceptable,17.15,Bueno,interpolacion_delaunay,0,3563,325,452,140
2026-10-03T08:18:00.399552+00:00,1903900012260,3.73,Bueno,4.08,Bueno,interpolacion_delaunay,0,2549,128,738,140
2026-10-03T08:18:00.399552+00:00,1903900012523,16.99,Aceptable,18.92,Bueno,interpolacion_delaunay,0,5883,502,863,210
2026-10-03T08:18:00.399552+00:00,1903900012576,15.37,Aceptable,17.31,Bueno,interpolacion_delaunay,0,3643,363,363,152
2026-10-03T08:18:00.399552+00:00,1903900012612,16.98,Aceptable,18.8,Bueno,interpolacion_delaunay,0,3707,369,423,217
2026-10-03T08:18:00.399552+00:00,1903900013339,17.26,Aceptable,19.2,Bueno,interpolacion_delaunay,0,3291,330,562,149
2026-10-03T08:18:00.399552+00:00,1903900013432,18.41,Aceptable,20.0,Bueno,interpolacion_delaunay,0,3283,331,497,186
2026-10-03T08:18:00.399552+00:00,1903900013381,17.44,Aceptable,19.18,Bueno,interpolacion_delaunay,0,3469,305,681,259
2026-10-03T08:18:00.399552+00:00,1903900013324,17.0,Aceptable,19.0,Bueno,interpolacion_delaunay,0,2714,268,458,83
2026-10-03T08:18:00.399552+00:00,1903900014587,12.65,Bueno,13.95,Bueno,interpolacion_delaunay,0,1315,68,368,60
2026-10-03T08:18:00.399552+00:00,1903900014604,1.45,Bueno,1.55,Bueno,interpolacion_delaunay,0,2075,111,610,109
2026-10-03T08:18:00.399552+00:00,1903900014661,12.67,Bueno,13.53,Bueno,interpolacion_delaunay,0,2902,69,608,127
2026-10-03T08:18:00.399552+00:00,1903900014680,19.95,Aceptable,21.34,Bueno,interpolacion_delaunay,0,2293,96,745,94
2026-10-03T08:18:00.399552+00:00,1903900011239,18.11,Aceptable,19.64,Bueno,interpolacion_delaunay,0,3332,293,662,233
2026-10-03T08:18:00.399552+00:00,1903900011489,6.3,Bueno,6.8,Bueno,promedio_sensores,1,1608,86,419,74
2026-10-03T08:18:00.399552+00:00,1903900010279,17.71,Aceptable,19.22,Bueno,interpolacion_delaunay,0,2220,107,580,282
2026-10-03T08:18:00.399552+00:00,1903900010531,19.39,Aceptable,20.77,Bueno,interpolacion_delaunay,0,5417,419,1156,491
2026-10-03T08:18:00.399552+00:00,1903900010635,20.93,Aceptable,22.39,Bueno,interpolacion_delaunay,0,2264,78,723,158
2026-10-03T08:18:00.399552+00:00,1903900011686,8.42,Bueno,9.26,Bueno,interpolacion_delaunay,0,153,7,36,5
2026-10-03T08:18:00.399552+00:00,1903900011807,14.71,Bueno,15.62,Bueno,interpolacion_delaunay,0,2430,99,765,107
2026-10-03T08:18:00.399552+00:00,1903900011830,2.3,Bueno,2.7,Bueno,promedio_sensores,1,898,35,265,16
2026-10-03T08:18:00.399552+00:00,1903900012097,9.7,Bueno,10.0,Bueno,promedio_sensores,1,4087,88,440,163
2026-10-03T08:18:00.399552+00:00,1903900012256,3.66,Bueno,3.89,Bueno,interpolacion_delaunay,0,4590,303,1006,320
2026-10-03T08:18:00.399552+00:00,1903900012307,12.47,Bueno,12.97,Bueno,promedio_sensores,3,2986,141,683,94
2026-10-03T08:18:00.399552+00:00,1903900012453,11.45,Bueno,12.11,Bueno,interpolacion_delaunay,0,2219,109,403,76
2026-10-03T08:18:00.399552+00:00,1903900012716,14.79,Bueno,15.68,Bueno,interpolacion_delaunay,0,78,3,14,8
2026-10-03T08:18:00.399552+00:00,1903900012735,14.31,Bueno,15.17,Bueno,interpolacion_delaunay,0,0,0,0,0
2026-10-03T08:18:00.399552+00:00,1903900012769,16.54,Aceptable,19.91,Bueno,interpolacion_delaunay,0,279,15,54,0
2026-10-03T08:18:00.399552+00:00,1903900012773,8.55,Bueno,9.64,Bueno,interpolacion_delaunay,0,0,0,0,0
2026-10-03T08:18:00.399552+00:00,1903900014040,18.14,Aceptable,19.92,Bueno,interpolacion_delaunay,0,3042,337,450,116
2026-10-03T08:18:00.399552+00:00,1903900014178,10.07,Bueno,10.64,Bueno,interpolacion_delaunay,0,4610,493,538,196
2026-10-03T08:18:00.399552+00:00,1903900010156,17.35,Aceptable,18.91,Bueno,interpolacion_delaunay,0,2930,146,830,151
2026-10-03T08:18:00.399552+00:00,1903900010264,17.28,Aceptable,18.67,Bueno,interpolacion_delaunay,0,4282,326,814,272
2026-10-03T08:18:00.399552+00:00,1903900010283,17.9,Aceptable,19.38,Bueno,interpolacion_delaunay,0,2911,218,619,83
2026-10-03T08:18:00.399552+00:00,1903900010315,19.15,Aceptable,20.67,Bueno,interpolacion_delaunay,0,3515,316,654,216
2026-10-03T08:18:00.399552+00:00,190390001032A,19.31,Aceptable,20.91,Bueno,interpolacion_delaunay,0,4173,426,573,279
2026-10-03T08:18:00.399552+00:00,1903900010349,19.99,Aceptable,21.48,Bueno,interpolacion_delaunay,0,2637,166,677,132
2026-10-03T08:18:00.399552+00:00,1903900010391,18.09,Aceptable,19.47,Bueno,interpolacion_delaunay,0,3850,295,727,205
2026-10-03T08:18:00.399552+00:00,1903900010438,19.55,Aceptable,20.97,Bueno,interpolacion_delaunay,0,3338,313,521,73
2026-10-03T08:18:00.399552+00:00,1903900010442,20.44,Aceptable,21.94,Bueno,interpolacion_delaunay,0,2676,239,533,136
2026-10-03T08:18:00.399552+00:00,1903900010457,16.12,Aceptable,17.3,Bueno,interpolacion_delaunay,0,3408,175,1149,225
2026-10-03T08:18:00.399552+00:00,1903900010480,17.86,Aceptable,19.09,Bueno,interpolacion_delaunay,0,1388,64,440,114
2026-10-03T08:18:00.399552+00:00,1903900010512,19.41,Aceptable,20.76,Bueno,interpolacion_delaunay,0,2980,202,741,168
2026-10-03T08:18:00.399552+00:00,1903900010546,20.16,Aceptable,21.59,Bueno,interpolacion_delaunay,0,2660,141,683,117
2026-10-03T08:18:00.399552+00:00,1903900010550,20.39,Aceptable,21.86,Bueno,interpolacion_delaunay,0,2279,182,478,160
2026-10-03T08:18:00.399552+00:00,1903900010565,20.5,Aceptable,22.0,Bueno,interpolacion_delaunay,0,2608,254,432,94
2026-10-03T08:18:00.399552+00:00,190390001057A,21.63,Aceptable,23.21,Bueno,interpolacion_delaunay,0,1514,131,335,33
2026-10-03T08:18:00.399552+00:00,1903900010599,9.23,Bueno,10.36,Bueno,interpolacion_delaunay,0,2808,125,1047,137
2026-10-03T08:18:00.399552+00:00,1903900010601,17.66,Aceptable,19.15,Bueno,interpolacion_delaunay,0,5314,412,1126,426
2026-10-03T08:18:00.399552+00:00,1903900010620,20.93,Aceptable,22.38,Bueno,interpolacion_delaunay,0,2515,85,744,131
2026-10-03T08:18:00.399552+00:00,190390001064A,21.22,Aceptable,22.72,Bueno,interpolacion_delaunay,0,2719,125,702,154
2026-10-03T08:18:00.399552+00:00,1903900010654,21.27,Aceptable,22.8,Bueno,interpolacion_delaunay,0,2609,119,783,144
2026-10-03T08:18:00.399552+00:00,1903900010705,11.96,Bueno,13.05,Bueno,interpolacion_delaunay,0,1996,93,661,76
2026-10-03T08:18:00.399552+00:00,1903900010739,22.11,Aceptable,23.68,Bueno,interpolacion_delaunay,0,1701,60,561,127
2026-10-03T08:18:00.399552+00:00,1903900010743,22.48,Aceptable,24.08,Bueno,interpolacion_delaunay,0,1991,112,552,108
2026-10-03T08:18:00.399552+00:00,1903900010758,22.69,Aceptable,24.31,Bueno,interpolacion_delaunay,0,1207,67,324,54
2026-10-03T08:18:00.399552+00:00,1903900010796,17.96,Aceptable,19.43,Bueno,interpolacion_delaunay,0,0,0,0,0
2026-10-03T08:18:00.399552+00:00,1903900010828,14.98,Bueno,16.34,Bueno,interpolacion_delaunay,0,1085,46,363,57
2026-10-03T08:18:00.399552+00:00,1903900010866,17.69,Aceptable,19.75,Bueno,interpolacion_delaunay,0,1678,49,570,85
2026-10-03T08:18:00.399552+00:00,1903900010870,20.7,Aceptable,23.26,Bueno,interpolacion_delaunay,0,3879,268,842,254
2026-10-03T08:18:00.399552+00:00,1903900010885,22.29,Aceptable,24.83,Bueno,interpolacion_delaunay,0,1668,63,493,70
2026-10-03T08:18:00.399552+00:00,1903900010940,22.28,Aceptable,23.97,Bueno,interpolacion_delaunay,0,3419,259,605,213
2026-10-03T08:18:00.399552+00:00,1903900011046,11.57,Bueno,12.75,Bueno,interpolacion_delaunay,0,1800,151,355,99
2026-10-03T08:18:00.399552+00:00,1903900011135,20.72,Aceptable,23.0,Bueno,interpolacion_delaunay,0,1752,62,519,67
2026-10-03T08:18:00.399552+00:00,190390001114A,20.5,Aceptable,23.6,Bueno,promedio_sensores,1,1380,53,428,34
2026-10-03T08:18:00.399552+00:00,1903900011154,15.09,Aceptable,16.7,Bueno,interpolacion_delaunay,0,1623,62,444,64
2026-10-03T08:18:00.399552+00:00,1903900011169,12.55,Bueno,13.35,Bueno,promedio_sensores,2,2880,73,732,160
2026-10-03T08:18:00.399552+00:00,1903900011192,14.03,Bueno,14.92,Bueno,interpolacion_delaunay,0,2657,175,674,141
2026-10-03T08:18:00.399552+00:00,1903900011205,12.33,Bueno,13.2,Bueno,interpolacion_delaunay,0,122,13,22,0
2026-10-03T08:18:00.399552+00:00,1903900011243,13.05,Bueno,14.27,Bueno,interpolacion_delaunay,0,475,45,76,44
2026-10-03T08:18:00.399552+00:00,1903900011258,13.31,Bueno,14.57,Bueno,interpolacion_delaunay,0,1048,106,166,35
2026-10-03T08:18:00.399552+00:00,1903900011262,16.31,Aceptable,17.77,Bueno,interpolacion_delaunay,0,1756,114,447,140
2026-10-03T08:18:00.399552+00:00,1903900011277,13.27,Bueno,14.57,Bueno,interpolacion_delaunay,0,2024,136,529,164
2026-10-03T08:18:00.399552+00:00,1903900011309,12.2,Bueno,13.5,Bueno,promedio_sensores,1,1761,123,433,90
2026-10-03T08:18:00.399552+00:00,1903900011351,11.39,Bueno,12.16,Bueno,interpolacion_delaunay,0,2734,167,651,175
2026-10-03T08:18:00.399552+00:00,1903900011366,12.08,Bueno,12.91,Bueno,interpolacion_delaunay,0,0,0,0,0
2026-10-03T08:18:00.399552+00:00,1903900011421,13.9,Bueno,15.1,Bueno,promedio_sensores,1,3327,204,738,54
2026-10-03T08:18:00.399552+00:00,1903900011436,16.23,Aceptable,18.04,Bueno,interpolacion_delaunay,0,1869,83,431,69
2026-10-03T08:18:00.399552+00:00,1903900011440,15.49,Aceptable,16.9,Bueno,interpolacion_delaunay,0,1644,76,453,82
2026-10-03T08:18:00.399552+00:00,1903900011455,16.99,Aceptable,19.27,Bueno,interpolacion_delaunay,0,1330,38,379,65
2026-10-03T08:18:00.399552+00:00,1903900011578,12.41,Bueno,13.02,Bueno,interpolacion_delaunay,0,1668,78,469,55
2026-10-03T08:18:00.399552+00:00,1903900011582,14.9,Bueno,15.5,Bueno,promedio_sensores,1,1943,98,485,98
2026-10-03T08:18:00.399552+00:00,190390001160A,14.34,Bueno,15.2,Bueno,interpolacion_delaunay,0,1878,106,479,110
2026-10-03T08:18:00.399552+00:00,1903900011614,13.98,Bueno,14.82,Bueno,interpolacion_delaunay,0,2516,127,727,95
2026-10-03T08:18:00.399552+00:00,1903900011633,16.48,Aceptable,19.44,Bueno,interpolacion_delaunay,0,810,34,225,59
2026-10-03T08:18:00.399552+00:00,1903900011703,10.71,Bueno,11.34,Bueno,interpolacion_delaunay,0,3184,63,372,52
2026-10-03T08:18:00.399552+00:00,1903900011722,7.14,Bueno,8.0,Bueno,interpolacion_delaunay,0,511,20,136,16
2026-10-03T08:18:00.399552+00:00,1903900011737,8.05,Bueno,9.02,Bueno,interpolacion_delaunay,0,377,25,76,21
2026-10-03T08:18:00.399552+00:00,1903900011741,9.19,Bueno,9.9,Bueno,interpolacion_delaunay,0,179,8,28,10
2026-10-03T08:18:00.399552+00:00,1903900011756,9.49,Bueno,10.06,Bueno,interpolacion_delaunay,0,191,3,61,18
2026-10-03T08:18:00.399552+00:00,1903900011794,15.29,Aceptable,16.25,Bueno,interpolacion_delaunay,0,2555,160,623,167
2026-10-03T08:18:00.399552+00:00,1903900011845,12.5,Bueno,13.1,Bueno,promedio_sensores,1,2750,133,527,66
2026-10-03T08:18:00.399552+00:00,190390001185A,10.18,Bueno,11.22,Bueno,interpolacion_delaunay,0,2718,189,497,75
2026-10-03T08:18:00.399552+00:00,1903900011879,9.52,Bueno,10.53,Bueno,interpolacion_delaunay,0,2302,190,467,160
2026-10-03T08:18:00.399552+00:00,1903900011883,9.89,Bueno,10.76,Bueno,interpolacion_delaunay,0,2653,217,567,162
2026-10-03T08:18:00.399552+00:00,1903900011898,10.53,Bueno,11.29,Bueno,interpolacion_delaunay,0,2466,163,572,128
2026-10-03T08:18:00.399552+00:00,1903900011900,10.35,Bueno,10.93,Bueno,interpolacion_delaunay,0,1274,99,333,108
2026-10-03T08:18:00.399552+00:00,1903900012167,7.83,Bueno,8.16,Bueno,interpolacion_delaunay,0,2883,124,813,123
2026-10-03T08:18:00.399552+00:00,1903900012190,6.25,Bueno,6.72,Bueno,interpolacion_delaunay,0,1182,41,455,89
2026-10-03T08:18:00.399552+00:00,1903900012218,5.03,Bueno,5.58,Bueno,interpolacion_delaunay,0,1788,87,512,71
2026-10-03T08:18:00.399552+00:00,1903900012241,9.17,Bueno,9.8,Bueno,interpolacion_delaunay,0,1136,46,404,79
2026-10-03T08:18:00.399552+00:00,1903900012275,7.5,Bueno,7.97,Bueno,interpolacion_delaunay,0,3740,200,896,144
2026-10-03T08:18:00.399552+00:00,1903900012472,7.1,Bueno,7.7,Bueno,promedio_sensores,1,4662,342,773,243
2026-10-03T08:18:00.399552+00:00,190390001267A,9.92,Bueno,11.19,Bueno,interpolacion_delaunay,0,3909,249,1025,191
2026-10-03T08:18:00.399552+00:00,1903900012684,8.91,Bueno,10.12,Bueno,interpolacion_delaunay,0,2186,73,687,43
2026-10-03T08:18:00.399552+00:00,1903900012720,19.0,Aceptable,20.1,Bueno,promedio_sensores,1,970,52,170,37
2026-10-03T08:18:00.399552+00:00,190390001274A,16.95,Aceptable,17.92,Bueno,interpolacion_delaunay,0,10,0,0,0
2026-10-03T08:18:00.399552+00:00,1903900012754,16.36,Aceptable,17.34,Bueno,interpolacion_delaunay,0,3205,214,714,184
2026-10-03T08:18:00.399552+00:00,1903900012788,9.7,Bueno,10.31,Bueno,interpolacion_delaunay,0,0,0,0,0
2026-10-03T08:18:00.399552+00:00,190390001281A,3.4,Bueno,3.6,Bueno,promedio_sensores,1,327,0,0,0
2026-10-03T08:18:00.399552+00:00,1903900012877,1.09,Bueno,1.17,Bueno,interpolacion_delaunay,0,0,0,0,0
2026-10-03T08:18:00.399552+00:00,1903900013451,18.87,Aceptable,20.41,Bueno,interpolacion_delaunay,0,4308,421,672,304
2026-10-03T08:18:00.399552+00:00,1903900013555,10.64,Bueno,12.04,Bueno,interpolacion_delaunay,0,4663,290,902,166
2026-10-03T08:18:00.399552+00:00,1903900013593,19.99,Aceptable,21.55,Bueno,interpolacion_delaunay,0,2322,237,355,231
2026-10-03T08:18:00.399552+00:00,1903900013606,16.65,Aceptable,17.92,Bueno,interpolacion_delaunay,0,2907,266,482,206
2026-10-03T08:18:00.399552+00:00,1903900013610,15.39,Aceptable,16.71,Bueno,interpolacion_delaunay,0,2513,260,368,178
2026-10-03T08:18:00.399552+00:00,1903900013659,8.51,Bueno,9.08,Bueno,interpolacion_delaunay,0,1885,176,371,95
2026-10-03T08:18:00.399552+00:00,190390001406A,18.85,Aceptable,20.49,Bueno,interpolacion_delaunay,0,4196,447,516,257
2026-10-03T08:18:00.399552+00:00,1903900014093,17.57,Aceptable,18.99,Bueno,interpolacion_delaunay,0,3096,303,444,145
2026-10-03T08:18:00.399552+00:00,1903900014144,18.9,Aceptable,23.41,Bueno,interpolacion_delaunay,0,883,38,360,125
2026-10-03T08:18:00.399552+00:00,1903900014159,1.6,Bueno,2.3,Bueno,promedio_sensores,1,620,20,142,55
2026-10-03T08:18:00.399552+00:00,1903900014500,17.78,Aceptable,19.16,Bueno,interpolacion_delaunay,0,3056,353,283,111
2026-10-03T08:18:00.399552+00:00,1903900014515,17.82,Aceptable,19.1,Bueno,interpolacion_delaunay,0,3391,252,688,180
2026-10-03T08:18:00.399552+00:00,1903900014549,18.8,Aceptable,20.18,Bueno,interpolacion_delaunay,0,4319,365,785,218
2026-10-03T08:18:00.399552+00:00,1903900014553,19.07,Aceptable,20.49,Bueno,interpolacion_delaunay,0,3885,315,748,307
2026-10-03T08:18:00.399552+00:00,1903900014619,0.79,Bueno,0.85,Bueno,interpolacion_delaunay,0,2679,137,355,34
2026-10-03T08:18:00.399552+00:00,1903900014623,9.3,Bueno,10.5,Bueno,promedio_sensores,1,1853,99,476,133
2026-10-03T08:18:00.399552+00:00,1903900014731,13.28,Bueno,14.08,Bueno,interpolacion_delaunay,0,2772,164,687,112
2026-10-03T08:18:00.399552+00:00,1903900014905,15.83,Aceptable,16.93,Bueno,interpolacion_delaunay,0,2280,182,284,44
2026-10-03T08:18:00.399552+00:00,190390001491A,7.79,Bueno,8.71,Bueno,interpolacion_delaunay,0,897,47,73,0
2026-10-03T08:18:00.399552+00:00,1903900014924,23.0,Aceptable,24.0,Bueno,promedio_sensores,1,2425,136,485,38
2026-10-03T08:18:00.399552+00:00,1903900014939,21.12,Aceptable,22.75,Bueno,interpolacion_delaunay,0,1974,92,485,50
2026-10-03T08:18:00.399552+00:00,1903900015142,8.22,Bueno,9.04,Bueno,interpolacion_delaunay,0,2839,330,193,45
2026-10-03T08:18:00.399552+00:00,1903900011385,13.14,Bueno,13.95,Bueno,interpolacion_delaunay,0,1585,87,442,107
2026-10-03T08:18:00.399552+00:00,1903900012805,4.54,Bueno,4.9,Bueno,interpolacion_delaunay,0,3258,186,362,30
2026-10-03T08:18:00.399552+00:00,1903900011826,9.11,Bueno,9.97,Bueno,interpolacion_delaunay,0,1966,181,300,39
2026-10-03T08:18:00.399552+00:00,1903900012468,6.37,Bueno,6.93,Bueno,interpolacion_delaunay,0,3979,370,451,75
2026-10-03T08:18:00.399552+00:00,1903900012133,9.69,Bueno,10.24,Bueno,interpolacion_delaunay,0,3643,409,514,130
2026-10-03T08:18:00.399552+00:00,1903900014182,9.79,Bueno,10.25,Bueno,interpolacion_delaunay,0,2164,180,491,80
2026-10-03T08:18:00.399552+00:00,1903900012152,8.24,Bueno,8.58,Bueno,interpolacion_delaunay,0,2360,140,519,93
2026-10-03T08:18:00.399552+00:00,1903900012082,10.02,Bueno,10.4,Bueno,interpolacion_delaunay,0,2402,95,700,143
2026-10-03T08:18:00.399552+00:00,1903900013663,7.0,Bueno,7.3,Bueno,interpolacion_delaunay,0,4832,422,675,278
2026-10-03T08:18:00.399552+00:00,1903900013714,9.37,Bueno,9.47,Bueno,interpolacion_delaunay,0,4743,468,751,239
2026-10-03T08:18:00.399552+00:00,1903900012858,3.7,Bueno,3.91,Bueno,interpolacion_delaunay,0,0,0,0,0
2026-10-03T08:18:00.399552+00:00,1903900012839,2.36,Bueno,2.51,Bueno,interpolacion_delaunay,0,426,30,39,0
2026-10-03T08:18:00.399552+00:00,1903900012843,2.1,Bueno,2.3,Bueno,promedio_sensores,1,3288,154,618,59
2026-10-03T08:18:00.399552+00:00,1903900012862,1.83,Bueno,1.94,Bueno,interpolacion_delaunay,0,0,0,0,0
2026-10-03T08:18:00.399552+00:00,1903900013733,7.03,Bueno,7.1,Bueno,interpolacion_delaunay,0,1895,90,465,59
2026-10-03T08:18:00.399552+00:00,1903900012294,6.31,Bueno,6.63,Bueno,interpolacion_delaunay,0,3104,120,1010,138
2026-10-03T08:18:00.399552+00:00,190390001228A,4.35,Bueno,4.63,Bueno,interpolacion_delaunay,0,2430,94,799,56
2026-10-03T08:18:00.399552+00:00,1903900010423,19.44,Aceptable,20.91,Bueno,interpolacion_delaunay,0,3542,305,682,134
2026-10-03T08:18:00.399552+00:00,1903900010334,19.6,Aceptable,21.15,Bueno,interpolacion_delaunay,0,878,76,200,70
2026-10-03T08:18:00.399552+00:00,1903900010071,17.01,Aceptable,18.64,Bueno,interpolacion_delaunay,0,2520,129,682,146
2026-10-03T08:18:00.399552+00:00,1903900014869,1.14,Bueno,1.26,Bueno,interpolacion_delaunay,0,4404,353,307,53
2026-10-03T08:18:00.399552+00:00,1903900013748,4.87,Bueno,4.99,Bueno,interpolacion_delaunay,0,3552,225,627,97
2026-10-03T08:18:00.399552+00:00,1903900011050,10.88,Bueno,11.89,Bueno,interpolacion_delaunay,0,1589,135,342,104
2026-10-03T08:18:00.399552+00:00,1903900011116,11.54,Bueno,12.42,Bueno,interpolacion_delaunay,0,0,0,0,0
2026-10-03T08:18:00.399552+00:00,1903900010809,16.79,Aceptable,18.21,Bueno,interpolacion_delaunay,0,59,3,14,3
2026-10-03T08:18:00.399552+00:00,1903900010989,16.26,Aceptable,17.69,Bueno,interpolacion_delaunay,0,6061,564,591,133
2026-10-03T08:18:00.399552+00:00,1903900010851,10.68,Bueno,11.67,Bueno,interpolacion_delaunay,0,1601,105,413,68
2026-10-03T08:18:00.399552+00:00,1903900013413,12.93,Bueno,14.58,Bueno,interpolacion_delaunay,0,7251,522,1316,316
2026-10-03T08:18:00.399552+00:00,1903900010033,14.22,Bueno,16.05,Bueno,interpolacion_delaunay,0,3321,285,588,124
2026-10-03T08:18:00.399552+00:00,1903900010137,12.05,Bueno,13.64,Bueno,interpolacion_delaunay,0,4478,279,1202,320
2026-10-03T08:18:00.399552+00:00,1903900010141,16.04,Aceptable,17.52,Bueno,interpolacion_delaunay,0,4273,225,965,185
2026-10-03T08:18:00.399552+00:00,1903900010762,21.84,Aceptable,23.49,Bueno,interpolacion_delaunay,0,1600,114,337,68
2026-10-03T08:18:00.399552+00:00,1903900014106,17.39,Aceptable,18.72,Bueno,interpolacion_delaunay,0,4189,248,1019,177
2026-10-03T08:18:00.399552+00:00,1903900014110,17.41,Aceptable,18.6,Bueno,interpolacion_delaunay,0,2699,161,643,225
2026-10-03T08:18:00.399552+00:00,1903900010921,23.2,Aceptable,24.93,Bueno,interpolacion_delaunay,0,2388,213,393,106
2026-10-03T08:18:00.399552+00:00,1903900010669,23.08,Aceptable,24.76,Bueno,interpolacion_delaunay,0,2152,159,463,119
2026-10-03T08:18:00.399552+00:00,1903900010067,16.88,Aceptable,18.56,Bueno,interpolacion_delaunay,0,2799,155,819,158
2026-10-03T08:18:00.399552+00:00,1903900010688,20.09,Aceptable,21.64,Bueno,interpolacion_delaunay,0,2838,195,394,149
2026-10-03T08:18:00.399552+00:00,1903900010584,21.07,Aceptable,22.63,Bueno,interpolacion_delaunay,0,3226,273,587,141
2026-10-03T08:18:00.399552+00:00,1903900011417,17.4,Aceptable,18.51,Bueno,interpolacion_delaunay,0,3077,152,970,79
2026-10-03T08:18:00.399552+00:00,1903900013837,16.32,Aceptable,17.38,Bueno,interpolacion_delaunay,0,3561,193,908,77
2026-10-03T08:18:00.399552+00:00,1903900013930,18.36,Aceptable,20.17,Bueno,interpolacion_delaunay,0,1431,202,111,73
2026-10-03T08:18:00.399552+00:00,1903900014055,18.59,Aceptable,20.29,Bueno,interpolacion_delaunay,0,4222,525,372,136
2026-10-03T08:18:00.399552+00:00,190390001420A,8.71,Bueno,9.21,Bueno,interpolacion_delaunay,0,3029,320,382,97
2026-10-03T08:18:00.399552+00:00,1903900014197,9.17,Bueno,9.64,Bueno,interpolacion_delaunay,0,2456,248,321,138
2026-10-03T08:18:00.399552+00:00,1903900010974,18.35,Aceptable,19.87,Bueno,interpolacion_delaunay,0,781,39,192,50
2026-10-03T08:18:00.399552+00:00,1903900011084,10.47,Bueno,11.27,Bueno,interpolacion_delaunay,0,1782,162,338,82
2026-10-03T08:18:00.399552+00:00,1903900010847,12.62,Bueno,13.9,Bueno,interpolacion_delaunay,0,1023,82,199,53
2026-10-03T08:18:00.399552+00:00,1903900010993,13.76,Bueno,15.1,Bueno,interpolacion_delaunay,0,1086,95,211,53
2026-10-03T08:18:00.399552+00:00,1903900010372,17.58,Aceptable,18.87,Bueno,interpolacion_delaunay,0,2524,139,785,102
2026-10-03T08:18:00.399552+00:00,1903900011031,11.27,Bueno,12.43,Bueno,interpolacion_delaunay,0,1190,84,257,58
2026-10-03T08:18:00.399552+00:00,1903900010902,23.0,Aceptable,24.94,Bueno,interpolacion_delaunay,0,3066,119,898,183
2026-10-03T08:18:00.399552+00:00,1903900010777,20.38,Aceptable,21.97,Bueno,interpolacion_delaunay,0,1329,106,264,76
2026-10-03T08:18:00.399552+00:00,1903900010781,19.22,Aceptable,20.76,Bueno,interpolacion_delaunay,0,242,8,54,15
2026-10-03T08:18:00.399552+00:00,1903900014572,13.49,Bueno,14.84,Bueno,interpolacion_delaunay,0,1442,81,389,93
2026-10-03T08:18:00.399552+00:00,1903900014676,19.17,Aceptable,20.47,Bueno,interpolacion_delaunay,0,2120,102,506,104
2026-10-03T08:18:00.399552+00:00,190390001025A,17.08,Aceptable,18.5,Bueno,interpolacion_delaunay,0,3942,258,986,278
2026-10-03T08:18:00.399552+00:00,1903900010495,18.77,Aceptable,20.05,Bueno,interpolacion_delaunay,0,1812,109,420,98
2026-10-03T08:18:00.399552+00:00,1903900010917,24.8,Aceptable,26.6,Bueno,promedio_sensores,1,2843,155,698,133
2026-10-03T08:18:00.399552+00:00,1903900010955,20.79,Aceptable,22.41,Bueno,interpolacion_delaunay,0,288,25,64,22
2026-10-03T08:18:00.399552+00:00,1903900013697,11.31,Bueno,11.45,Bueno,interpolacion_delaunay,0,1977,183,341,77
2026-10-03T08:18:00.399552+00:00,1903900013860,18.38,Aceptable,20.09,Bueno,interpolacion_delaunay,0,3174,344,383,184
2026-10-03T08:18:00.399552+00:00,1903900015439,9.51,Bueno,10.49,Bueno,interpolacion_delaunay,0,627,97,12,5
2026-10-03T08:18:00.399552+00:00,1903900011027,12.36,Bueno,13.65,Bueno,interpolacion_delaunay,0,509,36,115,25
2026-10-03T08:18:00.399552+00:00,1903900013998,16.67,Aceptable,18.65,Bueno,interpolacion_delaunay,0,5766,706,558,248
2026-10-03T08:18:00.399552+00:00,190390001477A,18.32,Aceptable,19.32,Bueno,interpolacion_delaunay,0,550,33,68,4
2026-10-03T08:18:00.399552+00:00,1903900014002,17.42,Aceptable,19.39,Bueno,interpolacion_delaunay,0,5494,669,668,240
2026-10-03T08:18:00.399552+00:00,1903900014873,0.83,Bueno,0.89,Bueno,interpolacion_delaunay,0,2383,154,261,52
2026-10-03T08:18:00.399552+00:00,1903900011008,14.29,Bueno,15.66,Bueno,interpolacion_delaunay,0,1877,145,377,135
2026-10-03T08:18:00.399552+00:00,1903900011313,11.87,Bueno,13.08,Bueno,interpolacion_delaunay,0,5055,336,882,185
2026-10-03T08:18:00.399552+00:00,190390001139A,9.9,Bueno,10.57,Bueno,interpolacion_delaunay,0,1079,59,290,49
2026-10-03T08:18:00.399552+00:00,1903900011402,11.35,Bueno,12.15,Bueno,interpolacion_delaunay,0,681,31,196,23
2026-10-03T08:18:00.399552+00:00,1903900012519,16.2,Aceptable,18.19,Bueno,interpolacion_delaunay,0,5642,661,498,241
2026-10-03T08:18:00.399552+00:00,1903900013822,17.55,Aceptable,18.51,Bueno,interpolacion_delaunay,0,6050,361,890,140
2026-10-03T08:18:00.399552+00:00,1903900013964,13.5,Bueno,14.34,Bueno,interpolacion_delaunay,0,728,55,70,19
2026-10-03T08:18:00.399552+00:00,1903900014125,17.98,Aceptable,19.18,Bueno,interpolacion_delaunay,0,1881,174,361,63
2026-10-03T08:18:00.399552+00:00,190390001452A,17.01,Aceptable,18.53,Bueno,interpolacion_delaunay,0,2471,240,363,186
2026-10-03T08:18:00.399552+00:00,190390001413A,18.39,Aceptable,19.61,Bueno,interpolacion_delaunay,0,2082,180,339,126
2026-10-03T08:18:00.399552+00:00,1903900010461,17.1,Aceptable,18.2,Bueno,promedio_sensores,1,3422,173,1112,139
2026-10-03T08:18:00.399552+00:00,1903900014534,18.72,Aceptable,20.23,Bueno,interpolacion_delaunay,0,1267,111,229,29
2026-10-03T08:18:00.399552+00:00,1903900013767,2.5,Bueno,2.63,Bueno,interpolacion_delaunay,0,2308,117,605,127
2026-10-03T08:18:00.399552+00:00,1903900012345,4.13,Bueno,4.16,Bueno,interpolacion_delaunay,0,2632,98,737,80
2026-10-03T08:18:00.399552+00:00,1903900012364,0.0,Bueno,0.0,Bueno,promedio_sensores,1,2327,116,787,61
2026-10-03T08:18:00.399552+00:00,1903900011629,30.2,Aceptable,37.5,Bueno,promedio_sensores,1,2881,196,402,58
2026-10-03T08:18:00.399552+00:00,1903900013396,17.76,Aceptable,19.53,Bueno,interpolacion_delaunay,0,4014,389,664,275
2026-10-03T08:18:00.399552+00:00,1903900010245,11.44,Bueno,12.83,Bueno,interpolacion_delaunay,0,2709,131,764,208
2026-10-03T08:18:00.399552+00:00,1903900015284,9.51,Bueno,10.45,Bueno,interpolacion_delaunay,0,513,29,60,13
2026-10-03T08:18:00.399552+00:00,1903900010118,17.75,Aceptable,19.46,Bueno,interpolacion_delaunay,0,4580,383,955,302
2026-10-03T08:18:00.399552+00:00,1903900010052,17.5,Aceptable,19.32,Bueno,interpolacion_delaunay,0,3869,304,717,323
2026-10-03T08:18:00.399552+00:00,1903900015123,17.72,Aceptable,19.63,Bueno,interpolacion_delaunay,0,68,3,4,3
2026-10-03T08:18:00.399552+00:00,1903900014036,17.92,Aceptable,19.75,Bueno,interpolacion_delaunay,0,4679,569,514,263
2026-10-03T08:18:00.399552+00:00,1903900010508,18.33,Aceptable,19.6,Bueno,interpolacion_delaunay,0,3451,202,579,150
2026-10-03T08:18:00.399552+00:00,1903900010527,18.86,Aceptable,20.18,Bueno,interpolacion_delaunay,0,1779,95,454,127
2026-10-03T08:18:00.399552+00:00,1903900013729,6.87,Bueno,7.04,Bueno,interpolacion_delaunay,0,3410,392,357,136
2026-10-03T08:18:00.399552+00:00,190390001370A,9.26,Bueno,9.43,Bueno,interpolacion_delaunay,0,4006,357,563,228
2026-10-03T08:18:00.399552+00:00,1904600010362,13.58,Bueno,14.7,Bueno,interpolacion_delaunay,0,5505,271,1291,301
2026-10-03T08:18:00.399552+00:00,1904600011483,8.27,Bueno,9.29,Bueno,interpolacion_delaunay,0,2026,111,597,94
2026-10-03T08:18:00.399552+00:00,1904600011638,17.4,Aceptable,18.9,Bueno,interpolacion_delaunay,0,4053,248,498,114
2026-10-03T08:18:00.399552+00:00,1904600010998,13.06,Bueno,14.32,Bueno,interpolacion_delaunay,0,5855,449,1099,257
2026-10-03T08:18:00.399552+00:00,1904600011676,13.64,Bueno,14.94,Bueno,interpolacion_delaunay,0,362,30,69,27
2026-10-03T08:18:00.399552+00:00,1904600010216,20.2,Aceptable,21.7,Bueno,promedio_sensores,1,2042,50,546,50
2026-10-03T08:18:00.399552+00:00,1904600010536,13.97,Bueno,15.26,Bueno,interpolacion_delaunay,0,4997,504,603,104
2026-10-03T08:18:00.399552+00:00,1904600011708,19.36,Aceptable,20.96,Bueno,interpolacion_delaunay,0,1763,89,284,44
2026-10-03T08:18:00.399552+00:00,190460001070A,18.23,Aceptable,19.84,Bueno,interpolacion_delaunay,0,1273,69,137,48
2026-10-03T08:18:00.399552+00:00,1904600011375,18.54,Aceptable,20.11,Bueno,interpolacion_delaunay,0,5964,475,946,326
2026-10-03T08:18:00.399552+00:00,1904600011286,14.58,Bueno,15.78,Bueno,interpolacion_delaunay,0,2603,117,839,196
2026-10-03T08:18:00.399552+00:00,1904600011623,17.34,Aceptable,18.85,Bueno,interpolacion_delaunay,0,4225,248,423,136
2026-10-03T08:18:00.399552+00:00,1904600010786,18.16,Aceptable,19.7,Bueno,interpolacion_delaunay,0,4690,309,1009,269
2026-10-03T08:18:00.399552+00:00,190460001024A,12.97,Bueno,14.22,Bueno,interpolacion_delaunay,0,2748,75,850,176
2026-10-03T08:18:00.399552+00:00,1904600010875,9.25,Bueno,10.3,Bueno,interpolacion_delaunay,0,3785,202,993,129
2026-10-03T08:18:00.399552+00:00,1904600010324,10.27,Bueno,11.16,Bueno,interpolacion_delaunay,0,2214,97,651,92
2026-10-03T08:18:00.399552+00:00,1904600011233,11.84,Bueno,12.94,Bueno,interpolacion_delaunay,0,3010,241,577,204
2026-10-03T08:18:00.399552+00:00,1904600010131,14.04,Bueno,15.21,Bueno,interpolacion_delaunay,0,4113,160,1393,177
2026-10-03T08:18:00.399552+00:00,1904600010184,15.51,Aceptable,16.79,Bueno,interpolacion_delaunay,0,3438,93,1132,126
2026-10-03T08:18:00.399552+00:00,1904600010235,15.19,Aceptable,16.52,Bueno,interpolacion_delaunay,0,2765,104,711,111
2026-10-03T08:18:00.399552+00:00,1904600010466,15.29,Aceptable,16.47,Bueno,interpolacion_delaunay,0,2212,113,500,58
2026-10-03T08:18:00.399552+00:00,190460001049A,17.47,Aceptable,18.8,Bueno,interpolacion_delaunay,0,2827,123,674,44
2026-10-03T08:18:00.399552+00:00,1904600011407,12.83,Bueno,14.04,Bueno,interpolacion_delaunay,0,3464,317,610,173
2026-10-03T08:18:00.399552+00:00,1904600011642,13.43,Bueno,14.67,Bueno,interpolacion_delaunay,0,2601,116,623,113
2026-10-03T08:18:00.399552+00:00,1904600011731,9.14,Bueno,10.18,Bueno,interpolacion_delaunay,0,3017,207,561,120
2026-10-03T08:18:00.399552+00:00,1904600010108,9.66,Bueno,10.69,Bueno,interpolacion_delaunay,0,2483,125,582,112
2026-10-03T08:18:00.399552+00:00,1904600010127,10.3,Bueno,11.42,Bueno,interpolacion_delaunay,0,4270,186,1281,297
2026-10-03T08:18:00.399552+00:00,1904600010292,15.16,Aceptable,16.5,Bueno,interpolacion_delaunay,0,0,0,0,0
2026-10-03T08:18:00.399552+00:00,1904600010714,14.04,Bueno,15.32,Bueno,interpolacion_delaunay,0,3666,266,947,309
2026-10-03T08:18:00.399552+00:00,1904600010860,10.8,Bueno,11.91,Bueno,interpolacion_delaunay,0,3290,227,721,158
2026-10-03T08:18:00.399552+00:00,1904600011002,14.31,Bueno,15.62,Bueno,interpolacion_delaunay,0,3262,289,695,194
2026-10-03T08:18:00.399552+00:00,190460001120A,11.09,Bueno,12.15,Bueno,interpolacion_delaunay,0,3141,265,631,179
2026-10-03T08:18:00.399552+00:00,1904600011341,16.54,Aceptable,17.96,Bueno,interpolacion_delaunay,0,3608,289,555,127
2026-10-03T08:18:00.399552+00:00,1904600011426,12.23,Bueno,13.45,Bueno,interpolacion_delaunay,0,3335,302,691,164
2026-10-03T08:18:00.399552+00:00,190460001177A,15.53,Aceptable,16.8,Bueno,interpolacion_delaunay,0,2611,224,320,95
2026-10-03T08:18:00.399552+00:00,1904600010042,9.12,Bueno,10.1,Bueno,interpolacion_delaunay,0,1646,90,422,69
2026-10-03T08:18:00.399552+00:00,1904600010057,9.13,Bueno,10.13,Bueno,interpolacion_delaunay,0,1216,61,388,100
2026-10-03T08:18:00.399552+00:00,1904600010076,10.03,Bueno,11.12,Bueno,interpolacion_delaunay,0,3762,199,1053,215
2026-10-03T08:18:00.399552+00:00,1904600010095,9.31,Bueno,10.32,Bueno,interpolacion_delaunay,0,1199,53,337,85
2026-10-03T08:18:00.399552+00:00,1904600010146,11.2,Bueno,12.31,Bueno,interpolacion_delaunay,0,2987,160,749,104
2026-10-03T08:18:00.399552+00:00,190460001017A,10.33,Bueno,11.46,Bueno,interpolacion_delaunay,0,4101,180,1201,211
2026-10-03T08:18:00.399552+00:00,1904600010201,11.18,Bueno,12.34,Bueno,interpolacion_delaunay,0,3988,173,1242,253
2026-10-03T08:18:00.399552+00:00,1904600010220,18.36,Aceptable,19.8,Bueno,interpolacion_delaunay,0,1869,61,495,59
2026-10-03T08:18:00.399552+00:00,190460001031A,10.75,Bueno,11.71,Bueno,interpolacion_delaunay,0,2149,134,353,62
2026-10-03T08:18:00.399552+00:00,1904600010343,13.55,Bueno,14.74,Bueno,interpolacion_delaunay,0,5532,394,1335,345
2026-10-03T08:18:00.399552+00:00,1904600010381,12.85,Bueno,13.88,Bueno,interpolacion_delaunay,0,3251,164,847,172
2026-10-03T08:18:00.399552+00:00,1904600010413,12.89,Bueno,13.91,Bueno,interpolacion_delaunay,0,4002,238,499,120
2026-10-03T08:18:00.399552+00:00,1904600010485,18.69,Aceptable,20.15,Bueno,interpolacion_delaunay,0,3150,144,1004,109
2026-10-03T08:18:00.399552+00:00,1904600010540,11.38,Bueno,12.57,Bueno,interpolacion_delaunay,0,4952,283,1289,225
2026-10-03T08:18:00.399552+00:00,1904600010555,15.5,Aceptable,16.89,Bueno,interpolacion_delaunay,0,0,0,0,0
2026-10-03T08:18:00.399552+00:00,1904600010593,12.76,Bueno,14.02,Bueno,interpolacion_delaunay,0,5785,417,488,81
2026-10-03T08:18:00.399552+00:00,1904600010610,16.58,Aceptable,18.15,Bueno,interpolacion_delaunay,0,4819,442,219,35
2026-10-03T08:18:00.399552+00:00,1904600010625,14.6,Bueno,15.94,Bueno,interpolacion_delaunay,0,684,56,110,22
2026-10-03T08:18:00.399552+00:00,1904600010659,13.51,Bueno,14.82,Bueno,interpolacion_delaunay,0,0,0,0,0
2026-10-03T08:18:00.399552+00:00,1904600010729,14.86,Bueno,16.22,Bueno,interpolacion_delaunay,0,0,0,0,0
2026-10-03T08:18:00.399552+00:00,1904600010752,15.17,Aceptable,16.47,Bueno,interpolacion_delaunay,0,2043,121,429,51
2026-10-03T08:18:00.399552+00:00,1904600010790,18.75,Aceptable,20.3,Bueno,interpolacion_delaunay,0,0,0,0,0
2026-10-03T08:18:00.399552+00:00,1904600010822,11.41,Bueno,12.54,Bueno,interpolacion_delaunay,0,1808,142,329,116
2026-10-03T08:18:00.399552+00:00,1904600010841,10.18,Bueno,11.25,Bueno,interpolacion_delaunay,0,2675,196,623,119
2026-10-03T08:18:00.399552+00:00,1904600010856,9.89,Bueno,10.96,Bueno,interpolacion_delaunay,0,5049,305,900,195
2026-10-03T08:18:00.399552+00:00,190460001088A,8.02,Bueno,9.12,Bueno,interpolacion_delaunay,0,4232,220,1219,162
2026-10-03T08:18:00.399552+00:00,1904600010894,8.36,Bueno,9.45,Bueno,interpolacion_delaunay,0,2806,182,550,130
2026-10-03T08:18:00.399552+00:00,1904600010907,10.91,Bueno,12.04,Bueno,interpolacion_delaunay,0,3550,247,722,168
2026-10-03T08:18:00.399552+00:00,1904600010930,11.75,Bueno,12.79,Bueno,interpolacion_delaunay,0,3021,143,721,82
2026-10-03T08:18:00.399552+00:00,1904600010945,11.89,Bueno,12.97,Bueno,interpolacion_delaunay,0,3597,162,944,129
2026-10-03T08:18:00.399552+00:00,190460001095A,12.31,Bueno,13.52,Bueno,interpolacion_delaunay,0,3265,234,654,254
2026-10-03T08:18:00.399552+00:00,1904600010979,10.07,Bueno,11.2,Bueno,interpolacion_delaunay,0,2747,114,869,151
2026-10-03T08:18:00.399552+00:00,1904600011017,13.7,Bueno,14.99,Bueno,interpolacion_delaunay,0,4599,402,752,199
2026-10-03T08:18:00.399552+00:00,1904600011021,10.77,Bueno,11.94,Bueno,interpolacion_delaunay,0,4072,223,1090,178
2026-10-03T08:18:00.399552+00:00,1904600011040,10.97,Bueno,12.12,Bueno,interpolacion_delaunay,0,3276,150,902,88
2026-10-03T08:18:00.399552+00:00,1904600011055,11.76,Bueno,12.97,Bueno,interpolacion_delaunay,0,7096,477,1425,285
2026-10-03T08:18:00.399552+00:00,190460001106A,10.52,Bueno,11.69,Bueno,interpolacion_delaunay,0,1152,61,261,64
2026-10-03T08:18:00.399552+00:00,1904600011074,10.28,Bueno,11.33,Bueno,interpolacion_delaunay,0,4901,241,744,96
2026-10-03T08:18:00.399552+00:00,1904600011089,11.93,Bueno,13.12,Bueno,interpolacion_delaunay,0,3306,318,659,199
2026-10-03T08:18:00.399552+00:00,1904600011093,16.03,Aceptable,17.45,Bueno,interpolacion_delaunay,0,3302,217,861,180
2026-10-03T08:18:00.399552+00:00,1904600011106,17.8,Aceptable,19.29,Bueno,interpolacion_delaunay,0,3881,243,712,89
2026-10-03T08:18:00.399552+00:00,1904600011110,18.22,Aceptable,19.85,Bueno,interpolacion_delaunay,0,3018,178,738,133
2026-10-03T08:18:00.399552+00:00,1904600011125,10.93,Bueno,12.02,Bueno,interpolacion_delaunay,0,3318,323,549,240
2026-10-03T08:18:00.399552+00:00,190460001113A,11.71,Bueno,12.84,Bueno,interpolacion_delaunay,0,3513,294,662,255
2026-10-03T08:18:00.399552+00:00,1904600011144,12.42,Bueno,13.6,Bueno,interpolacion_delaunay,0,3223,294,460,148
2026-10-03T08:18:00.399552+00:00,1904600011159,15.36,Aceptable,16.77,Bueno,interpolacion_delaunay,0,4682,317,917,254
2026-10-03T08:18:00.399552+00:00,1904600011163,15.86,Aceptable,17.29,Bueno,interpolacion_delaunay,0,4463,291,849,173
2026-10-03T08:18:00.399552+00:00,1904600011178,16.82,Aceptable,18.29,Bueno,interpolacion_delaunay,0,2288,137,771,142
2026-10-03T08:18:00.399552+00:00,1904600011182,16.22,Aceptable,17.66,Bueno,interpolacion_delaunay,0,2567,158,877,192
2026-10-03T08:18:00.399552+00:00,1904600011197,16.66,Aceptable,18.14,Bueno,interpolacion_delaunay,0,2285,129,707,149
2026-10-03T08:18:00.399552+00:00,1904600011214,10.54,Bueno,11.54,Bueno,interpolacion_delaunay,0,2395,153,608,159
2026-10-03T08:18:00.399552+00:00,1904600011229,11.23,Bueno,12.26,Bueno,interpolacion_delaunay,0,3808,341,729,252
2026-10-03T08:18:00.399552+00:00,1904600011248,13.11,Bueno,14.31,Bueno,interpolacion_delaunay,0,3448,233,731,165
2026-10-03T08:18:00.399552+00:00,1904600011252,12.7,Bueno,13.8,Bueno,interpolacion_delaunay,0,3638,249,902,255
2026-10-03T08:18:00.399552+00:00,1904600011271,15.14,Aceptable,16.4,Bueno,interpolacion_delaunay,0,3393,200,1049,183
2026-10-03T08:18:00.399552+00:00,1904600011290,11.12,Bueno,12.28,Bueno,interpolacion_delaunay,0,3613,204,959,164
2026-10-03T08:18:00.399552+00:00,1904600011303,11.75,Bueno,12.93,Bueno,interpolacion_delaunay,0,4255,296,730,120
2026-10-03T08:18:00.399552+00:00,1904600011318,9.3,Bueno,10.4,Bueno,promedio_sensores,1,2617,117,712,78
2026-10-03T08:18:00.399552+00:00,1904600011322,9.58,Bueno,10.69,Bueno,interpolacion_delaunay,0,3209,131,1071,177
2026-10-03T08:18:00.399552+00:00,1904600011356,15.07,Aceptable,16.45,Bueno,interpolacion_delaunay,0,5344,302,754,186
2026-10-03T08:18:00.399552+00:00,190460001138A,9.09,Bueno,10.16,Bueno,interpolacion_delaunay,0,2330,116,772,143
2026-10-03T08:18:00.399552+00:00,1904600011394,8.85,Bueno,9.94,Bueno,interpolacion_delaunay,0,2495,152,536,127
2026-10-03T08:18:00.399552+00:00,1904600011430,12.06,Bueno,13.28,Bueno,interpolacion_delaunay,0,4835,297,977,195
2026-10-03T08:18:00.399552+00:00,1904600011445,16.41,Aceptable,17.84,Bueno,interpolacion_delaunay,0,2396,140,277,35
2026-10-03T08:18:00.399552+00:00,190460001145A,15.88,Aceptable,17.23,Bueno,interpolacion_delaunay,0,4010,242,623,75
2026-10-03T08:18:00.399552+00:00,1904600011464,10.08,Bueno,11.0,Bueno,interpolacion_delaunay,0,3269,192,527,50
2026-10-03T08:18:00.399552+00:00,1904600011479,9.04,Bueno,9.98,Bueno,interpolacion_delaunay,0,2267,102,540,81
2026-10-03T08:18:00.399552+00:00,1904600011500,11.6,Bueno,12.75,Bueno,interpolacion_delaunay,0,4575,375,784,254
2026-10-03T08:18:00.399552+00:00,1904600011515,11.82,Bueno,12.99,Bueno,interpolacion_delaunay,0,1791,111,314,102
2026-10-03T08:18:00.399552+00:00,190460001152A,12.75,Bueno,13.97,Bueno,interpolacion_delaunay,0,3396,254,719,167
2026-10-03T08:18:00.399552+00:00,1904600011534,13.42,Bueno,14.67,Bueno,interpolacion_delaunay,0,5740,487,560,132
2026-10-03T08:18:00.399552+00:00,1904600011549,9.62,Bueno,10.75,Bueno,interpolacion_delaunay,0,4515,263,831,205
2026-10-03T08:18:00.399552+00:00,1904600011568,15.36,Aceptable,16.73,Bueno,interpolacion_delaunay,0,4996,283,463,138
2026-10-03T08:18:00.399552+00:00,1904600011572,16.0,Aceptable,17.4,Bueno,interpolacion_delaunay,0,4541,345,482,121
2026-10-03T08:18:00.399552+00:00,1904600011587,16.35,Aceptable,17.89,Bueno,interpolacion_delaunay,0,2786,153,244,33
2026-10-03T08:18:00.399552+00:00,1904600011591,16.64,Aceptable,18.18,Bueno,interpolacion_delaunay,0,3387,245,335,48
2026-10-03T08:18:00.399552+00:00,1904600011604,14.29,Bueno,15.56,Bueno,interpolacion_delaunay,0,3298,256,771,245
2026-10-03T08:18:00.399552+00:00,1904600011619,14.3,Bueno,15.52,Bueno,interpolacion_delaunay,0,3765,260,958,269
2026-10-03T08:18:00.399552+00:00,1904600011657,12.7,Bueno,13.94,Bueno,interpolacion_delaunay,0,3567,176,481,50
2026-10-03T08:18:00.399552+00:00,1904600011661,10.6,Bueno,11.76,Bueno,interpolacion_delaunay,0,282,11,66,6
2026-10-03T08:18:00.399552+00:00,1904600011727,8.24,Bueno,9.31,Bueno,interpolacion_delaunay,0,3412,179,655,144
2026-10-03T08:18:00.399552+00:00,1904600011746,10.19,Bueno,11.3,Bueno,interpolacion_delaunay,0,3218,196,815,117
2026-10-03T08:18:00.399552+00:00,1904600011750,9.6,Bueno,10.63,Bueno,interpolacion_delaunay,0,4162,197,210,54
2026-10-03T08:18:00.399552+00:00,1904600011765,15.03,Aceptable,16.38,Bueno,interpolacion_delaunay,0,3860,405,397,208
2026-10-03T08:18:00.399552+00:00,1904600010663,14.21,Bueno,15.56,Bueno,interpolacion_delaunay,0,198,8,27,0
2026-10-03T08:18:00.399552+00:00,1904600010926,12.11,Bueno,13.28,Bueno,interpolacion_delaunay,0,5007,437,867,291
2026-10-03T08:18:00.399552+00:00,1904600010339,10.93,Bueno,11.87,Bueno,interpolacion_delaunay,0,1314,68,335,78
2026-10-03T08:18:00.399552+00:00,1904600011267,12.13,Bueno,13.14,Bueno,interpolacion_delaunay,0,3908,248,1102,331
2026-10-03T08:18:00.399552+00:00,1904600011712,20.47,Aceptable,22.21,Bueno,interpolacion_delaunay,0,3272,182,300,58
2026-10-03T08:18:00.399552+00:00,1904600010447,8.92,Bueno,9.95,Bueno,interpolacion_delaunay,0,4132,230,437,113
2026-10-03T08:18:00.399552+00:00,1904600011498,7.69,Bueno,8.78,Bueno,interpolacion_delaunay,0,3212,141,667,65
2026-10-03T08:18:00.399552+00:00,1904600010682,17.2,Aceptable,18.67,Bueno,interpolacion_delaunay,0,6498,485,714,113
2026-10-03T08:18:00.399552+00:00,1903100450393,15.23,Aceptable,16.22,Bueno,interpolacion_delaunay,0,4470,331,183,115
2026-10-03T08:18:00.399552+00:00,1903100451090,23.25,Aceptable,26.52,Bueno,interpolacion_delaunay,0,3117,391,133,67
2026-10-03T08:18:00.399552+00:00,1903100010340,30.91,Aceptable,36.56,Bueno,interpolacion_delaunay,0,3444,349,252,192
2026-10-03T08:18:00.399552+00:00,1903100450641,17.23,Aceptable,18.48,Bueno,interpolacion_delaunay,0,1572,92,57,77
2026-10-03T08:18:00.399552+00:00,1903100451086,21.97,Aceptable,24.74,Bueno,interpolacion_delaunay,0,3582,470,173,24
2026-10-03T08:18:00.399552+00:00,190310311171A,24.99,Aceptable,29.01,Bueno,interpolacion_delaunay,0,1226,184,39,41
2026-10-03T08:18:00.399552+00:00,1903100450088,15.35,Aceptable,16.47,Bueno,interpolacion_delaunay,0,106,4,27,5
2026-10-03T08:18:00.399552+00:00,1903100450321,17.17,Aceptable,18.37,Bueno,interpolacion_delaunay,0,781,65,43,66
2026-10-03T08:18:00.399552+00:00,1903100450656,13.82,Bueno,14.63,Bueno,interpolacion_delaunay,0,6656,512,216,203
2026-10-03T08:18:00.399552+00:00,1903100451461,12.32,Bueno,13.03,Bueno,interpolacion_delaunay,0,215,36,0,4
2026-10-03T08:18:00.399552+00:00,1903100451391,12.31,Bueno,12.97,Bueno,interpolacion_delaunay,0,400,41,11,20
2026-10-03T08:18:00.399552+00:00,190310001068A,32.1,Aceptable,38.5,Bueno,promedio_sensores,1,5585,402,158,107
2026-10-03T08:18:00.399552+00:00,1903100010872,29.06,Aceptable,34.37,Bueno,interpolacion_delaunay,0,2902,333,115,45
2026-10-03T08:18:00.399552+00:00,1903100450266,13.92,Bueno,14.83,Bueno,interpolacion_delaunay,0,3518,300,297,140
2026-10-03T08:18:00.399552+00:00,1903100451211,17.04,Aceptable,18.2,Bueno,interpolacion_delaunay,0,318,31,15,12
2026-10-03T08:18:00.399552+00:00,1903100450105,14.49,Bueno,15.5,Bueno,interpolacion_delaunay,0,617,53,101,42
2026-10-03T08:18:00.399552+00:00,1903100450533,12.69,Bueno,13.47,Bueno,interpolacion_delaunay,0,112,19,4,0
2026-10-03T08:18:00.399552+00:00,1903100450834,13.11,Bueno,13.9,Bueno,interpolacion_delaunay,0,5335,620,158,133
2026-10-03T08:18:00.399552+00:00,1903100451122,13.29,Bueno,14.02,Bueno,interpolacion_delaunay,0,4196,367,129,124
2026-10-03T08:18:00.399552+00:00,1903100451118,12.37,Bueno,13.06,Bueno,interpolacion_delaunay,0,1143,149,65,58
2026-10-03T08:18:00.399552+00:00,1903100450092,16.02,Aceptable,17.14,Bueno,interpolacion_delaunay,0,5801,601,614,240
2026-10-03T08:18:00.399552+00:00,190310001036A,29.57,Aceptable,34.68,Bueno,interpolacion_delaunay,0,2196,166,139,77
2026-10-03T08:18:00.399552+00:00,1903100011264,29.08,Aceptable,34.43,Bueno,interpolacion_delaunay,0,166,15,10,4
2026-10-03T08:18:00.399552+00:00,1903100011692,25.63,Aceptable,29.52,Bueno,interpolacion_delaunay,0,1994,254,42,57
2026-10-03T08:18:00.399552+00:00,1903100450675,14.51,Bueno,15.41,Bueno,interpolacion_delaunay,0,2985,254,121,65
2026-10-03T08:18:00.399552+00:00,1903100450815,19.83,Aceptable,21.81,Bueno,interpolacion_delaunay,0,5183,452,347,124
2026-10-03T08:18:00.399552+00:00,1903100450887,16.21,Aceptable,17.29,Bueno,interpolacion_delaunay,0,626,73,50,23
2026-10-03T08:18:00.399552+00:00,1903100450891,16.27,Aceptable,17.3,Bueno,interpolacion_delaunay,0,3371,329,210,148
2026-10-03T08:18:00.399552+00:00,1903100450904,15.73,Aceptable,16.7,Bueno,interpolacion_delaunay,0,2284,216,156,77
2026-10-03T08:18:00.399552+00:00,1903100451438,18.0,Aceptable,19.3,Bueno,promedio_sensores,1,489,62,15,5
2026-10-03T08:18:00.399552+00:00,1903100451442,15.49,Aceptable,16.4,Bueno,interpolacion_delaunay,0,530,59,19,6
2026-10-03T08:18:00.399552+00:00,1903100451828,17.41,Aceptable,18.75,Bueno,interpolacion_delaunay,0,1268,201,24,22
2026-10-03T08:18:00.399552+00:00,1903103131616,13.87,Bueno,14.54,Bueno,interpolacion_delaunay,0,3396,460,75,104
2026-10-03T08:18:00.399552+00:00,1903100451103,15.04,Aceptable,15.92,Bueno,interpolacion_delaunay,0,1939,184,111,81
2026-10-03T08:18:00.399552+00:00,1903103131601,14.34,Bueno,15.07,Bueno,interpolacion_delaunay,0,3536,417,97,62
2026-10-03T08:18:00.399552+00:00,1903100451226,14.05,Bueno,14.83,Bueno,interpolacion_delaunay,0,2587,267,90,42
2026-10-03T08:18:00.399552+00:00,1903103111512,17.62,Aceptable,19.12,Bueno,interpolacion_delaunay,0,2486,240,126,82
2026-10-03T08:18:00.399552+00:00,1903100451635,11.69,Bueno,12.31,Bueno,interpolacion_delaunay,0,3621,518,70,103
2026-10-03T08:18:00.399552+00:00,1903103131300,14.6,Bueno,15.3,Bueno,promedio_sensores,1,4074,495,120,80
2026-10-03T08:18:00.399552+00:00,1903103111508,23.74,Aceptable,27.39,Bueno,interpolacion_delaunay,0,3724,412,113,64
2026-10-03T08:18:00.399552+00:00,1903100451387,12.78,Bueno,13.51,Bueno,interpolacion_delaunay,0,1540,218,34,55
2026-10-03T08:18:00.399552+00:00,1903100452101,11.03,Bueno,11.62,Bueno,interpolacion_delaunay,0,1249,214,20,18
2026-10-03T08:18:00.399552+00:00,1903100451283,11.94,Bueno,12.55,Bueno,interpolacion_delaunay,0,3230,373,88,78
2026-10-03T08:18:00.399552+00:00,1903103111527,20.38,Aceptable,22.85,Bueno,interpolacion_delaunay,0,1682,145,143,89
2026-10-03T08:18:00.399552+00:00,1903100452402,11.19,Bueno,11.74,Bueno,interpolacion_delaunay,0,0,0,0,0
