timestamp,cvegeo,pm25_interpolado,calidad_pm25,pm10_interpolado,calidad_pm10,metodo,n_sensores,poblacion_total,ninos_0a5,adultos_mayores,personas_discapacidad
2026-09-30T05:04:47.686910+00:00,1900601740121,7.9,Bueno,8.5,Bueno,promedio_sensores,1,2694,310,73,36
2026-09-30T05:04:47.686910+00:00,1900601740155,7.75,Bueno,8.35,Bueno,interpolacion_delaunay,0,1820,285,54,16
2026-09-30T05:04:47.686910+00:00,1900600781948,7.49,Bueno,8.22,Bueno,interpolacion_delaunay,0,1170,93,69,32
2026-09-30T05:04:47.686910+00:00,1900600012236,7.64,Bueno,8.26,Bueno,interpolacion_delaunay,0,264,28,6,0
2026-09-30T05:04:47.686910+00:00,1900600010225,8.73,Bueno,9.55,Bueno,interpolacion_delaunay,0,1,0,0,0
2026-09-30T05:04:47.686910+00:00,1900600010206,9.02,Bueno,9.95,Bueno,interpolacion_delaunay,0,6646,747,526,177
2026-09-30T05:04:47.686910+00:00,1900600010210,8.85,Bueno,9.7,Bueno,interpolacion_delaunay,0,0,0,0,0
2026-09-30T05:04:47.686910+00:00,1900600010244,8.52,Bueno,9.34,Bueno,interpolacion_delaunay,0,90,3,14,3
2026-09-30T05:04:47.686910+00:00,1900600010259,8.68,Bueno,9.55,Bueno,interpolacion_delaunay,0,3329,268,159,53
2026-09-30T05:04:47.686910+00:00,1900600010278,8.43,Bueno,9.23,Bueno,interpolacion_delaunay,0,486,52,18,8
2026-09-30T05:04:47.686910+00:00,1900600010297,8.23,Bueno,8.94,Bueno,interpolacion_delaunay,0,5850,524,288,225
2026-09-30T05:04:47.686910+00:00,1900600010475,8.37,Bueno,9.14,Bueno,interpolacion_delaunay,0,4729,407,844,249
2026-09-30T05:04:47.686910+00:00,190060001030A,8.17,Bueno,8.87,Bueno,interpolacion_delaunay,0,4134,431,170,127
2026-09-30T05:04:47.686910+00:00,1900600010348,7.83,Bueno,8.52,Bueno,interpolacion_delaunay,0,7877,871,609,196
2026-09-30T05:04:47.686910+00:00,1900600010460,8.35,Bueno,9.14,Bueno,interpolacion_delaunay,0,4909,343,1088,217
2026-09-30T05:04:47.686910+00:00,1900600010352,7.7,Bueno,8.36,Bueno,interpolacion_delaunay,0,1017,63,153,80
2026-09-30T05:04:47.686910+00:00,1900600010367,7.68,Bueno,8.34,Bueno,interpolacion_delaunay,0,469,45,60,46
2026-09-30T05:04:47.686910+00:00,1900600010403,9.64,Bueno,10.7,Bueno,interpolacion_delaunay,0,4726,352,972,196
2026-09-30T05:04:47.686910+00:00,190060001055A,9.51,Bueno,10.54,Bueno,interpolacion_delaunay,0,4579,363,547,197
2026-09-30T05:04:47.686910+00:00,1900600010583,8.61,Bueno,9.43,Bueno,interpolacion_delaunay,0,4964,382,425,153
2026-09-30T05:04:47.686910+00:00,1900600010598,8.54,Bueno,9.32,Bueno,interpolacion_delaunay,0,5332,416,338,212
2026-09-30T05:04:47.686910+00:00,1900600010723,8.51,Bueno,9.49,Bueno,interpolacion_delaunay,0,5109,353,1039,281
2026-09-30T05:04:47.686910+00:00,1900600010780,8.1,Bueno,8.81,Bueno,interpolacion_delaunay,0,3755,348,382,222
2026-09-30T05:04:47.686910+00:00,1900600010795,8.0,Bueno,8.7,Bueno,interpolacion_delaunay,0,5270,506,424,204
2026-09-30T05:04:47.686910+00:00,1900600010808,7.91,Bueno,8.6,Bueno,interpolacion_delaunay,0,3443,304,372,102
2026-09-30T05:04:47.686910+00:00,1900600010920,9.8,Bueno,10.9,Bueno,promedio_sensores,1,5729,316,496,128
2026-09-30T05:04:47.686910+00:00,1900600011011,8.82,Bueno,9.7,Bueno,interpolacion_delaunay,0,0,0,0,0
2026-09-30T05:04:47.686910+00:00,1900600011026,8.7,Bueno,9.56,Bueno,interpolacion_delaunay,0,0,0,0,0
2026-09-30T05:04:47.686910+00:00,1900600011064,9.55,Bueno,10.6,Bueno,interpolacion_delaunay,0,4513,371,370,162
2026-09-30T05:04:47.686910+00:00,1900600011098,12.85,Bueno,13.97,Bueno,interpolacion_delaunay,0,5772,542,419,165
2026-09-30T05:04:47.686910+00:00,1900600011149,7.59,Bueno,8.23,Bueno,interpolacion_delaunay,0,1140,100,87,38
2026-09-30T05:04:47.686910+00:00,1900600011350,9.48,Bueno,10.51,Bueno,interpolacion_delaunay,0,3323,233,353,93
2026-09-30T05:04:47.686910+00:00,1900600011365,9.36,Bueno,10.37,Bueno,interpolacion_delaunay,0,3259,285,225,87
2026-09-30T05:04:47.686910+00:00,190060001137A,8.78,Bueno,9.77,Bueno,interpolacion_delaunay,0,2748,223,522,132
2026-09-30T05:04:47.686910+00:00,1900600011632,8.17,Bueno,8.84,Bueno,interpolacion_delaunay,0,5931,475,161,144
2026-09-30T05:04:47.686910+00:00,1900600011384,8.89,Bueno,9.88,Bueno,interpolacion_delaunay,0,3359,263,352,73
2026-09-30T05:04:47.686910+00:00,1900600011399,9.25,Bueno,10.23,Bueno,interpolacion_delaunay,0,2371,274,284,91
2026-09-30T05:04:47.686910+00:00,1900600011469,8.23,Bueno,8.92,Bueno,interpolacion_delaunay,0,1932,125,131,96
2026-09-30T05:04:47.686910+00:00,1900600011401,9.12,Bueno,10.09,Bueno,interpolacion_delaunay,0,3593,269,468,144
2026-09-30T05:04:47.686910+00:00,190060001144A,8.4,Bueno,9.14,Bueno,interpolacion_delaunay,0,6239,575,321,95
2026-09-30T05:04:47.686910+00:00,1900600011473,8.55,Bueno,9.35,Bueno,interpolacion_delaunay,0,2826,209,259,107
2026-09-30T05:04:47.686910+00:00,1900600011488,8.49,Bueno,9.29,Bueno,interpolacion_delaunay,0,2922,234,293,96
2026-09-30T05:04:47.686910+00:00,1900600011492,8.23,Bueno,8.97,Bueno,interpolacion_delaunay,0,1725,134,78,56
2026-09-30T05:04:47.686910+00:00,1900600011505,8.25,Bueno,8.99,Bueno,interpolacion_delaunay,0,2030,151,78,103
2026-09-30T05:04:47.686910+00:00,190060001151A,8.19,Bueno,8.91,Bueno,interpolacion_delaunay,0,4650,413,187,145
2026-09-30T05:04:47.686910+00:00,1900600011524,8.05,Bueno,8.74,Bueno,interpolacion_delaunay,0,3658,279,744,150
2026-09-30T05:04:47.686910+00:00,1900600011539,7.94,Bueno,8.61,Bueno,interpolacion_delaunay,0,3879,269,179,190
2026-09-30T05:04:47.686910+00:00,1900600011543,7.83,Bueno,8.5,Bueno,interpolacion_delaunay,0,3926,372,127,91
2026-09-30T05:04:47.686910+00:00,1900600011844,8.0,Bueno,8.66,Bueno,interpolacion_delaunay,0,1922,166,57,23
2026-09-30T05:04:47.686910+00:00,1900600011666,8.07,Bueno,8.73,Bueno,interpolacion_delaunay,0,2454,221,74,68
2026-09-30T05:04:47.686910+00:00,1900600011859,7.94,Bueno,8.58,Bueno,interpolacion_delaunay,0,1533,143,46,34
2026-09-30T05:04:47.686910+00:00,1900600011863,7.8,Bueno,8.46,Bueno,interpolacion_delaunay,0,1050,130,36,5
2026-09-30T05:04:47.686910+00:00,1900600011878,7.63,Bueno,8.25,Bueno,interpolacion_delaunay,0,5255,440,206,130
2026-09-30T05:04:47.686910+00:00,1900600011882,7.6,Bueno,8.21,Bueno,interpolacion_delaunay,0,5356,444,208,243
2026-09-30T05:04:47.686910+00:00,190060001190A,7.57,Bueno,8.19,Bueno,interpolacion_delaunay,0,3346,296,126,99
2026-09-30T05:04:47.686910+00:00,1900600011914,7.47,Bueno,8.11,Bueno,interpolacion_delaunay,0,5844,518,215,189
2026-09-30T05:04:47.686910+00:00,1900600011929,7.36,Bueno,8.1,Bueno,interpolacion_delaunay,0,5690,426,232,211
2026-09-30T05:04:47.686910+00:00,1900600012043,7.72,Bueno,8.34,Bueno,interpolacion_delaunay,0,3660,375,120,69
2026-09-30T05:04:47.686910+00:00,1900600012109,7.98,Bueno,8.64,Bueno,interpolacion_delaunay,0,1488,155,32,33
2026-09-30T05:04:47.686910+00:00,1900600012128,7.85,Bueno,8.5,Bueno,interpolacion_delaunay,0,1714,168,66,31
2026-09-30T05:04:47.686910+00:00,190060001226A,8.34,Bueno,9.1,Bueno,interpolacion_delaunay,0,4528,324,328,117
2026-09-30T05:04:47.686910+00:00,1900600012274,8.37,Bueno,9.12,Bueno,interpolacion_delaunay,0,5782,615,191,106
2026-09-30T05:04:47.686910+00:00,190060001233A,7.87,Bueno,8.5,Bueno,interpolacion_delaunay,0,2449,267,53,48
2026-09-30T05:04:47.686910+00:00,1900600012414,7.92,Bueno,8.57,Bueno,interpolacion_delaunay,0,2297,332,39,45
2026-09-30T05:04:47.686910+00:00,1900600012429,7.8,Bueno,8.44,Bueno,interpolacion_delaunay,0,3283,479,97,39
2026-09-30T05:04:47.686910+00:00,1900600012734,7.7,Bueno,8.33,Bueno,interpolacion_delaunay,0,961,146,24,13
2026-09-30T05:04:47.686910+00:00,1900600010992,8.96,Bueno,9.87,Bueno,interpolacion_delaunay,0,0,0,0,0
2026-09-30T05:04:47.686910+00:00,1900600012804,9.14,Bueno,10.08,Bueno,interpolacion_delaunay,0,705,129,13,7
2026-09-30T05:04:47.686910+00:00,1900600011897,7.4,Bueno,8.15,Bueno,interpolacion_delaunay,0,3063,294,202,149
2026-09-30T05:04:47.686910+00:00,1900600012202,7.6,Bueno,8.22,Bueno,interpolacion_delaunay,0,372,48,3,8
2026-09-30T05:04:47.686910+00:00,1900600012039,7.52,Bueno,8.17,Bueno,interpolacion_delaunay,0,2684,242,90,67
2026-09-30T05:04:47.686910+00:00,1900601740047,8.0,Bueno,8.63,Bueno,interpolacion_delaunay,0,1719,266,38,40
2026-09-30T05:04:47.686910+00:00,190190001005A,12.21,Bueno,12.74,Bueno,interpolacion_delaunay,0,2404,108,693,69
2026-09-30T05:04:47.686910+00:00,1901900010064,12.35,Bueno,12.8,Bueno,promedio_sensores,4,2721,181,677,58
2026-09-30T05:04:47.686910+00:00,1901900010079,13.9,Bueno,14.1,Bueno,promedio_sensores,1,4464,212,1159,127
2026-09-30T05:04:47.686910+00:00,1901900010083,8.13,Bueno,8.67,Bueno,promedio_sensores,3,1374,63,441,45
2026-09-30T05:04:47.686910+00:00,1901900010098,9.0,Bueno,9.3,Bueno,promedio_sensores,1,1854,103,460,42
2026-09-30T05:04:47.686910+00:00,1901900010100,13.9,Bueno,14.5,Bueno,promedio_sensores,1,1944,129,547,21
2026-09-30T05:04:47.686910+00:00,1901900010149,10.9,Bueno,11.8,Bueno,promedio_sensores,1,1163,75,215,15
2026-09-30T05:04:47.686910+00:00,1901900010153,12.9,Bueno,13.5,Bueno,promedio_sensores,1,1800,134,430,81
2026-09-30T05:04:47.686910+00:00,1901900010168,13.8,Bueno,14.2,Bueno,promedio_sensores,1,1570,81,416,43
2026-09-30T05:04:47.686910+00:00,1901900010172,12.35,Bueno,12.87,Bueno,interpolacion_delaunay,0,1335,59,357,29
2026-09-30T05:04:47.686910+00:00,1901900010187,10.7,Bueno,11.29,Bueno,interpolacion_delaunay,0,4463,306,999,93
2026-09-30T05:04:47.686910+00:00,1901900010191,8.0,Bueno,8.6,Bueno,promedio_sensores,1,2824,172,637,108
2026-09-30T05:04:47.686910+00:00,1901900010204,10.99,Bueno,11.61,Bueno,interpolacion_delaunay,0,3926,317,736,119
2026-09-30T05:04:47.686910+00:00,1901900010223,12.25,Bueno,12.94,Bueno,interpolacion_delaunay,0,2979,89,503,54
2026-09-30T05:04:47.686910+00:00,1901900010238,12.6,Bueno,13.3,Bueno,promedio_sensores,1,1904,73,302,23
2026-09-30T05:04:47.686910+00:00,1901900010242,7.73,Bueno,8.13,Bueno,promedio_sensores,3,2717,143,729,92
2026-09-30T05:04:47.686910+00:00,1901900010257,10.4,Bueno,11.5,Bueno,promedio_sensores,1,1307,56,361,13
2026-09-30T05:04:47.686910+00:00,1901900010261,7.1,Bueno,7.4,Bueno,promedio_sensores,2,2240,113,567,42
2026-09-30T05:04:47.686910+00:00,1901900010280,11.58,Bueno,12.19,Bueno,interpolacion_delaunay,0,2690,79,360,43
2026-09-30T05:04:47.686910+00:00,1901900010350,13.25,Bueno,13.77,Bueno,interpolacion_delaunay,0,2768,148,592,68
2026-09-30T05:04:47.686910+00:00,1901900010365,19.0,Aceptable,19.1,Bueno,promedio_sensores,1,3419,327,293,61
2026-09-30T05:04:47.686910+00:00,1901900010399,13.15,Bueno,14.2,Bueno,promedio_sensores,2,1162,6,68,0
2026-09-30T05:04:47.686910+00:00,1901900010401,11.8,Bueno,13.1,Bueno,promedio_sensores,1,2375,247,392,86
2026-09-30T05:04:47.686910+00:00,1901900010416,9.09,Bueno,9.48,Bueno,interpolacion_delaunay,0,700,19,105,4
2026-09-30T05:04:47.686910+00:00,1901900010420,12.5,Bueno,13.5,Bueno,promedio_sensores,1,1696,93,408,47
2026-09-30T05:04:47.686910+00:00,1901900010435,15.1,Aceptable,15.6,Bueno,promedio_sensores,1,4494,346,601,54
2026-09-30T05:04:47.686910+00:00,190190001044A,9.7,Bueno,10.57,Bueno,promedio_sensores,3,4383,354,439,56
2026-09-30T05:04:47.686910+00:00,1901900010454,11.9,Bueno,12.6,Bueno,promedio_sensores,2,557,26,114,11
2026-09-30T05:04:47.686910+00:00,1901900010469,10.7,Bueno,11.7,Bueno,promedio_sensores,1,3112,170,568,37
2026-09-30T05:04:47.686910+00:00,1901900010473,11.66,Bueno,12.59,Bueno,interpolacion_delaunay,0,983,46,182,19
2026-09-30T05:04:47.686910+00:00,1901900010488,10.5,Bueno,11.2,Bueno,promedio_sensores,2,2757,295,371,102
2026-09-30T05:04:47.686910+00:00,1901900010492,12.95,Bueno,16.05,Bueno,promedio_sensores,2,2848,173,697,71
2026-09-30T05:04:47.686910+00:00,1901900010505,9.78,Bueno,10.3,Bueno,interpolacion_delaunay,0,2494,111,512,19
2026-09-30T05:04:47.686910+00:00,190190001051A,11.2,Bueno,11.7,Bueno,promedio_sensores,1,1899,111,507,36
2026-09-30T05:04:47.686910+00:00,1901900010558,11.3,Bueno,11.63,Bueno,promedio_sensores,3,1349,87,230,21
2026-09-30T05:04:47.686910+00:00,1901900010613,9.13,Bueno,9.61,Bueno,interpolacion_delaunay,0,132,0,20,0
2026-09-30T05:04:47.686910+00:00,1901900010384,11.42,Bueno,12.34,Bueno,interpolacion_delaunay,0,1111,19,119,15
2026-09-30T05:04:47.686910+00:00,1901900010219,12.28,Bueno,12.92,Bueno,interpolacion_delaunay,0,1954,106,555,58
2026-09-30T05:04:47.686910+00:00,1902100011338,17.58,Aceptable,18.83,Bueno,interpolacion_delaunay,0,2800,219,134,55
2026-09-30T05:04:47.686910+00:00,1902100011817,21.4,Aceptable,22.9,Bueno,promedio_sensores,1,583,52,40,11
2026-09-30T05:04:47.686910+00:00,1902100010293,16.68,Aceptable,18.08,Bueno,interpolacion_delaunay,0,2008,84,165,35
2026-09-30T05:04:47.686910+00:00,190210001033A,17.15,Aceptable,18.53,Bueno,interpolacion_delaunay,0,4000,286,440,91
2026-09-30T05:04:47.686910+00:00,1902100011060,9.78,Bueno,10.9,Bueno,interpolacion_delaunay,0,3355,278,195,95
2026-09-30T05:04:47.686910+00:00,1902100010289,16.31,Aceptable,17.71,Bueno,interpolacion_delaunay,0,1352,78,109,44
2026-09-30T05:04:47.686910+00:00,1902100010325,11.96,Bueno,13.27,Bueno,interpolacion_delaunay,0,1,0,0,0
2026-09-30T05:04:47.686910+00:00,1902100011412,8.6,Bueno,9.6,Bueno,promedio_sensores,1,3239,228,156,27
2026-09-30T05:04:47.686910+00:00,1902100011427,17.87,Aceptable,19.22,Bueno,interpolacion_delaunay,0,4126,302,227,21
2026-09-30T05:04:47.686910+00:00,1902100011408,17.06,Aceptable,18.41,Bueno,interpolacion_delaunay,0,6781,377,571,69
2026-09-30T05:04:47.686910+00:00,1902100011342,16.46,Aceptable,17.66,Bueno,interpolacion_delaunay,0,4655,261,185,126
2026-09-30T05:04:47.686910+00:00,1902100010043,9.27,Bueno,10.5,Bueno,interpolacion_delaunay,0,4208,322,819,334
2026-09-30T05:04:47.686910+00:00,1902100010255,13.41,Bueno,14.54,Bueno,interpolacion_delaunay,0,6704,625,410,194
2026-09-30T05:04:47.686910+00:00,1902100010378,8.9,Bueno,10.2,Bueno,promedio_sensores,1,4134,262,294,72
2026-09-30T05:04:47.686910+00:00,1902100011075,9.8,Bueno,10.93,Bueno,interpolacion_delaunay,0,8122,855,320,248
2026-09-30T05:04:47.686910+00:00,1902600011832,8.01,Bueno,8.73,Bueno,interpolacion_delaunay,0,3764,305,386,174
2026-09-30T05:04:47.686910+00:00,1902600010035,8.05,Bueno,8.76,Bueno,interpolacion_delaunay,0,1597,156,285,106
2026-09-30T05:04:47.686910+00:00,1902600012332,6.92,Bueno,7.99,Bueno,interpolacion_delaunay,0,5634,507,898,399
2026-09-30T05:04:47.686910+00:00,1902600010020,8.19,Bueno,8.95,Bueno,interpolacion_delaunay,0,1825,174,355,160
2026-09-30T05:04:47.686910+00:00,1902600011279,8.18,Bueno,8.93,Bueno,interpolacion_delaunay,0,4324,384,731,269
2026-09-30T05:04:47.686910+00:00,1902600011283,8.13,Bueno,8.86,Bueno,interpolacion_delaunay,0,3719,341,754,207
2026-09-30T05:04:47.686910+00:00,1902600012440,8.22,Bueno,9.01,Bueno,interpolacion_delaunay,0,2604,133,153,35
2026-09-30T05:04:47.686910+00:00,1902600012667,7.05,Bueno,7.69,Bueno,interpolacion_delaunay,0,778,73,30,14
2026-09-30T05:04:47.686910+00:00,1902600012811,6.28,Bueno,7.02,Bueno,interpolacion_delaunay,0,26,4,0,0
2026-09-30T05:04:47.686910+00:00,1902600010459,8.92,Bueno,9.91,Bueno,interpolacion_delaunay,0,3039,123,850,229
2026-09-30T05:04:47.686910+00:00,1902600010317,8.96,Bueno,9.99,Bueno,interpolacion_delaunay,0,4084,275,902,321
2026-09-30T05:04:47.686910+00:00,1902600010957,8.07,Bueno,8.8,Bueno,interpolacion_delaunay,0,5841,533,1121,336
2026-09-30T05:04:47.686910+00:00,1902600011103,6.56,Bueno,7.54,Bueno,interpolacion_delaunay,0,950,69,80,47
2026-09-30T05:04:47.686910+00:00,1902600011457,7.71,Bueno,8.39,Bueno,interpolacion_delaunay,0,2279,129,466,94
2026-09-30T05:04:47.686910+00:00,1902600011404,7.34,Bueno,8.15,Bueno,interpolacion_delaunay,0,3115,227,702,219
2026-09-30T05:04:47.686910+00:00,1902600011508,6.64,Bueno,7.55,Bueno,interpolacion_delaunay,0,1978,175,250,90
2026-09-30T05:04:47.686910+00:00,1902600011828,8.21,Bueno,8.97,Bueno,interpolacion_delaunay,0,2175,178,266,60
2026-09-30T05:04:47.686910+00:00,1902600011847,7.95,Bueno,8.67,Bueno,interpolacion_delaunay,0,4488,374,407,157
2026-09-30T05:04:47.686910+00:00,1902600012402,7.12,Bueno,7.88,Bueno,interpolacion_delaunay,0,2699,234,353,170
2026-09-30T05:04:47.686910+00:00,1902600012205,6.82,Bueno,7.84,Bueno,interpolacion_delaunay,0,4435,432,502,204
2026-09-30T05:04:47.686910+00:00,1902600012258,6.89,Bueno,7.68,Bueno,interpolacion_delaunay,0,1006,77,102,40
2026-09-30T05:04:47.686910+00:00,1902600012296,7.44,Bueno,8.16,Bueno,interpolacion_delaunay,0,4398,237,919,190
2026-09-30T05:04:47.686910+00:00,1902600012455,8.08,Bueno,8.83,Bueno,interpolacion_delaunay,0,4962,328,296,118
2026-09-30T05:04:47.686910+00:00,1902600010302,9.09,Bueno,10.14,Bueno,interpolacion_delaunay,0,2790,166,675,209
2026-09-30T05:04:47.686910+00:00,1902600010425,10.7,Bueno,11.63,Bueno,interpolacion_delaunay,0,3687,235,843,230
2026-09-30T05:04:47.686910+00:00,1902600010533,11.65,Bueno,12.47,Bueno,interpolacion_delaunay,0,1681,81,395,96
2026-09-30T05:04:47.686910+00:00,1902600011813,8.25,Bueno,9.02,Bueno,interpolacion_delaunay,0,5250,447,545,129
2026-09-30T05:04:47.686910+00:00,1902600011851,7.88,Bueno,8.6,Bueno,interpolacion_delaunay,0,4115,305,359,155
2026-09-30T05:04:47.686910+00:00,1902600012436,8.33,Bueno,9.13,Bueno,interpolacion_delaunay,0,3242,185,145,20
2026-09-30T05:04:47.686910+00:00,1902600012686,7.04,Bueno,7.76,Bueno,interpolacion_delaunay,0,40,3,7,5
2026-09-30T05:04:47.686910+00:00,1902600010124,7.21,Bueno,7.93,Bueno,interpolacion_delaunay,0,2665,140,749,113
2026-09-30T05:04:47.686910+00:00,1902600012417,7.46,Bueno,8.19,Bueno,interpolacion_delaunay,0,2073,147,228,128
2026-09-30T05:04:47.686910+00:00,1902600012347,7.67,Bueno,8.78,Bueno,interpolacion_delaunay,0,4440,433,247,105
2026-09-30T05:04:47.686910+00:00,190260001239A,7.85,Bueno,8.52,Bueno,interpolacion_delaunay,0,2697,236,207,88
2026-09-30T05:04:47.686910+00:00,190260001260A,7.01,Bueno,7.73,Bueno,interpolacion_delaunay,0,979,82,21,36
2026-09-30T05:04:47.686910+00:00,1902600011391,7.98,Bueno,8.78,Bueno,interpolacion_delaunay,0,3747,280,1036,286
2026-09-30T05:04:47.686910+00:00,1902600010251,7.53,Bueno,8.28,Bueno,interpolacion_delaunay,0,6072,581,994,581
2026-09-30T05:04:47.686910+00:00,1902600010707,7.78,Bueno,8.42,Bueno,interpolacion_delaunay,0,4261,296,986,365
2026-09-30T05:04:47.686910+00:00,190260001157A,7.75,Bueno,8.37,Bueno,interpolacion_delaunay,0,2161,148,444,126
2026-09-30T05:04:47.686910+00:00,1902600011654,6.9,Bueno,7.83,Bueno,interpolacion_delaunay,0,3737,309,535,205
2026-09-30T05:04:47.686910+00:00,1902600012385,6.23,Bueno,6.98,Bueno,interpolacion_delaunay,0,108,11,8,5
2026-09-30T05:04:47.686910+00:00,1902600011495,6.64,Bueno,7.52,Bueno,interpolacion_delaunay,0,2675,203,421,91
2026-09-30T05:04:47.686910+00:00,1902600012525,7.7,Bueno,8.76,Bueno,interpolacion_delaunay,0,6162,464,363,124
2026-09-30T05:04:47.686910+00:00,1902600010995,7.76,Bueno,8.45,Bueno,interpolacion_delaunay,0,1016,61,224,56
2026-09-30T05:04:47.686910+00:00,1902600011866,7.29,Bueno,8.06,Bueno,interpolacion_delaunay,0,3064,167,548,67
2026-09-30T05:04:47.686910+00:00,190260001207A,7.63,Bueno,7.95,Bueno,interpolacion_delaunay,0,2199,99,452,47
2026-09-30T05:04:47.686910+00:00,1902600012120,11.08,Bueno,13.05,Bueno,interpolacion_delaunay,0,1092,33,384,28
2026-09-30T05:04:47.686910+00:00,1902600012135,17.48,Aceptable,21.13,Bueno,interpolacion_delaunay,0,1356,47,414,29
2026-09-30T05:04:47.686910+00:00,1902600012544,6.98,Bueno,8.08,Bueno,interpolacion_delaunay,0,2171,187,206,83
2026-09-30T05:04:47.686910+00:00,1902600010069,8.5,Bueno,9.51,Bueno,interpolacion_delaunay,0,1920,94,579,107
2026-09-30T05:04:47.686910+00:00,1902600010073,8.34,Bueno,9.32,Bueno,interpolacion_delaunay,0,3137,159,955,77
2026-09-30T05:04:47.686910+00:00,1902600010088,8.0,Bueno,8.91,Bueno,interpolacion_delaunay,0,2870,157,722,160
2026-09-30T05:04:47.686910+00:00,1902600010158,9.31,Bueno,10.47,Bueno,interpolacion_delaunay,0,1517,70,502,83
2026-09-30T05:04:47.686910+00:00,190260001029A,9.24,Bueno,10.32,Bueno,interpolacion_delaunay,0,1809,94,461,133
2026-09-30T05:04:47.686910+00:00,1902600011885,8.62,Bueno,9.67,Bueno,interpolacion_delaunay,0,1944,100,497,103
2026-09-30T05:04:47.686910+00:00,1902600012192,6.88,Bueno,7.68,Bueno,interpolacion_delaunay,0,2742,217,241,94
2026-09-30T05:04:47.686910+00:00,1902600012243,6.01,Bueno,6.99,Bueno,interpolacion_delaunay,0,316,37,21,22
2026-09-30T05:04:47.686910+00:00,1902600012421,7.65,Bueno,8.39,Bueno,interpolacion_delaunay,0,2385,134,120,49
2026-09-30T05:04:47.686910+00:00,1902600012597,6.98,Bueno,7.67,Bueno,interpolacion_delaunay,0,3539,244,126,97
2026-09-30T05:04:47.686910+00:00,1902600011029,7.81,Bueno,8.52,Bueno,interpolacion_delaunay,0,1109,94,97,45
2026-09-30T05:04:47.686910+00:00,190260001189A,8.83,Bueno,9.91,Bueno,interpolacion_delaunay,0,2117,131,543,112
2026-09-30T05:04:47.686910+00:00,1902600012703,6.53,Bueno,7.3,Bueno,interpolacion_delaunay,0,632,49,33,14
2026-09-30T05:04:47.686910+00:00,1902600011372,8.29,Bueno,9.19,Bueno,interpolacion_delaunay,0,2451,168,520,192
2026-09-30T05:04:47.686910+00:00,1902600012366,6.97,Bueno,7.73,Bueno,interpolacion_delaunay,0,350,28,12,6
2026-09-30T05:04:47.686910+00:00,1902600010321,8.89,Bueno,9.92,Bueno,interpolacion_delaunay,0,5159,259,1483,335
2026-09-30T05:04:47.686910+00:00,1902600010336,8.75,Bueno,9.75,Bueno,interpolacion_delaunay,0,3112,150,945,118
2026-09-30T05:04:47.686910+00:00,1902600010340,8.66,Bueno,9.65,Bueno,interpolacion_delaunay,0,5009,289,1452,316
2026-09-30T05:04:47.686910+00:00,1902600010355,8.47,Bueno,9.42,Bueno,interpolacion_delaunay,0,2172,143,527,123
2026-09-30T05:04:47.686910+00:00,1902600010389,8.14,Bueno,9.01,Bueno,interpolacion_delaunay,0,3485,223,809,188
2026-09-30T05:04:47.686910+00:00,1902600010393,7.9,Bueno,8.71,Bueno,interpolacion_delaunay,0,4293,274,932,186
2026-09-30T05:04:47.686910+00:00,1902600010618,7.89,Bueno,8.61,Bueno,interpolacion_delaunay,0,3420,248,733,217
2026-09-30T05:04:47.686910+00:00,1902600010730,9.62,Bueno,10.51,Bueno,interpolacion_delaunay,0,4610,359,992,364
2026-09-30T05:04:47.686910+00:00,1902600011033,7.57,Bueno,8.25,Bueno,interpolacion_delaunay,0,5199,444,572,162
2026-09-30T05:04:47.686910+00:00,1902600011122,7.11,Bueno,8.04,Bueno,interpolacion_delaunay,0,6940,637,766,300
2026-09-30T05:04:47.686910+00:00,1902600011546,8.18,Bueno,8.93,Bueno,interpolacion_delaunay,0,3715,209,870,202
2026-09-30T05:04:47.686910+00:00,1902600011461,7.54,Bueno,8.18,Bueno,interpolacion_delaunay,0,3227,233,684,198
2026-09-30T05:04:47.686910+00:00,190260001132A,8.68,Bueno,9.69,Bueno,interpolacion_delaunay,0,2713,152,488,78
2026-09-30T05:04:47.686910+00:00,1902600011334,7.13,Bueno,7.78,Bueno,interpolacion_delaunay,0,3525,289,683,240
2026-09-30T05:04:47.686910+00:00,1902600011349,7.2,Bueno,7.84,Bueno,interpolacion_delaunay,0,2716,239,484,222
2026-09-30T05:04:47.686910+00:00,1902600011368,8.33,Bueno,9.25,Bueno,interpolacion_delaunay,0,3348,226,652,119
2026-09-30T05:04:47.686910+00:00,1902600011419,8.76,Bueno,9.72,Bueno,interpolacion_delaunay,0,2833,144,728,158
2026-09-30T05:04:47.686910+00:00,1902600011442,7.74,Bueno,8.4,Bueno,interpolacion_delaunay,0,3169,182,598,174
2026-09-30T05:04:47.686910+00:00,1902600011565,7.91,Bueno,8.59,Bueno,interpolacion_delaunay,0,4076,290,816,263
2026-09-30T05:04:47.686910+00:00,1902600011584,8.44,Bueno,9.14,Bueno,interpolacion_delaunay,0,4255,317,895,221
2026-09-30T05:04:47.686910+00:00,1902600011599,8.5,Bueno,9.22,Bueno,interpolacion_delaunay,0,2923,228,572,152
2026-09-30T05:04:47.686910+00:00,1902600011601,10.0,Bueno,10.9,Bueno,promedio_sensores,1,3474,261,775,299
2026-09-30T05:04:47.686910+00:00,1902600011688,9.08,Bueno,10.0,Bueno,interpolacion_delaunay,0,3727,240,688,249
2026-09-30T05:04:47.686910+00:00,190260001171A,8.43,Bueno,9.43,Bueno,interpolacion_delaunay,0,4383,321,770,213
2026-09-30T05:04:47.686910+00:00,1902600012008,8.56,Bueno,9.04,Bueno,interpolacion_delaunay,0,1064,52,278,35
2026-09-30T05:04:47.686910+00:00,1902600011781,6.93,Bueno,7.54,Bueno,interpolacion_delaunay,0,260,22,25,0
2026-09-30T05:04:47.686910+00:00,1902600011989,8.08,Bueno,8.81,Bueno,interpolacion_delaunay,0,3336,217,653,151
2026-09-30T05:04:47.686910+00:00,1902600012027,8.73,Bueno,9.69,Bueno,interpolacion_delaunay,0,5601,339,676,195
2026-09-30T05:04:47.686910+00:00,1902600012116,6.93,Bueno,7.86,Bueno,interpolacion_delaunay,0,2265,174,319,64
2026-09-30T05:04:47.686910+00:00,1902600012328,6.95,Bueno,7.7,Bueno,interpolacion_delaunay,0,2737,200,173,54
2026-09-30T05:04:47.686910+00:00,1902600012510,7.52,Bueno,8.51,Bueno,interpolacion_delaunay,0,3466,257,269,90
2026-09-30T05:04:47.686910+00:00,1902600012578,7.47,Bueno,8.51,Bueno,interpolacion_delaunay,0,2465,185,298,196
2026-09-30T05:04:47.686910+00:00,1902600012582,7.43,Bueno,8.44,Bueno,interpolacion_delaunay,0,2739,201,423,283
2026-09-30T05:04:47.686910+00:00,1902600012614,6.84,Bueno,7.62,Bueno,interpolacion_delaunay,0,3024,272,68,36
2026-09-30T05:04:47.686910+00:00,1902600010177,8.86,Bueno,9.93,Bueno,interpolacion_delaunay,0,1769,60,559,90
2026-09-30T05:04:47.686910+00:00,1902600010444,7.97,Bueno,8.83,Bueno,interpolacion_delaunay,0,2474,121,665,111
2026-09-30T05:04:47.686910+00:00,1902600011531,8.31,Bueno,9.09,Bueno,interpolacion_delaunay,0,3594,235,816,160
2026-09-30T05:04:47.686910+00:00,1902600010232,7.66,Bueno,8.45,Bueno,interpolacion_delaunay,0,2521,162,744,110
2026-09-30T05:04:47.686910+00:00,1902600010196,8.7,Bueno,9.73,Bueno,interpolacion_delaunay,0,1557,66,485,73
2026-09-30T05:04:47.686910+00:00,1902600010213,7.84,Bueno,8.67,Bueno,interpolacion_delaunay,0,2063,114,530,142
2026-09-30T05:04:47.686910+00:00,190260001011A,7.38,Bueno,8.14,Bueno,interpolacion_delaunay,0,3115,155,816,154
2026-09-30T05:04:47.686910+00:00,1902600010162,9.04,Bueno,10.15,Bueno,interpolacion_delaunay,0,1624,64,473,65
2026-09-30T05:04:47.686910+00:00,1902600010181,9.21,Bueno,10.34,Bueno,interpolacion_delaunay,0,1561,63,499,94
2026-09-30T05:04:47.686910+00:00,1902600010228,8.06,Bueno,8.94,Bueno,interpolacion_delaunay,0,1619,140,316,120
2026-09-30T05:04:47.686910+00:00,1902600010603,7.98,Bueno,8.71,Bueno,interpolacion_delaunay,0,1632,93,346,132
2026-09-30T05:04:47.686910+00:00,1902600010745,9.37,Bueno,10.27,Bueno,interpolacion_delaunay,0,1565,113,330,126
2026-09-30T05:04:47.686910+00:00,1902600010798,7.81,Bueno,8.42,Bueno,interpolacion_delaunay,0,3364,210,732,231
2026-09-30T05:04:47.686910+00:00,1902600010815,7.55,Bueno,8.37,Bueno,interpolacion_delaunay,0,4739,363,1000,268
2026-09-30T05:04:47.686910+00:00,1902600011438,9.03,Bueno,9.76,Bueno,interpolacion_delaunay,0,1771,89,459,85
2026-09-30T05:04:47.686910+00:00,1902600011476,7.79,Bueno,8.42,Bueno,interpolacion_delaunay,0,3270,215,839,209
2026-09-30T05:04:47.686910+00:00,1902600011777,7.68,Bueno,8.33,Bueno,interpolacion_delaunay,0,3599,312,366,80
2026-09-30T05:04:47.686910+00:00,1902600012031,8.3,Bueno,9.28,Bueno,interpolacion_delaunay,0,4385,273,421,152
2026-09-30T05:04:47.686910+00:00,1902600012173,6.73,Bueno,7.28,Bueno,interpolacion_delaunay,0,108,5,10,3
2026-09-30T05:04:47.686910+00:00,1902600012474,7.96,Bueno,8.72,Bueno,interpolacion_delaunay,0,3828,248,138,120
2026-09-30T05:04:47.686910+00:00,190260001253A,6.94,Bueno,7.95,Bueno,interpolacion_delaunay,0,1418,134,74,37
2026-09-30T05:04:47.686910+00:00,1902600012648,8.73,Bueno,9.57,Bueno,interpolacion_delaunay,0,1998,125,415,138
2026-09-30T05:04:47.686910+00:00,1902600012794,7.24,Bueno,7.87,Bueno,interpolacion_delaunay,0,776,83,32,8
2026-09-30T05:04:47.686910+00:00,1902600012775,7.01,Bueno,7.7,Bueno,interpolacion_delaunay,0,1381,194,42,36
2026-09-30T05:04:47.686910+00:00,1902600012898,6.76,Bueno,7.59,Bueno,interpolacion_delaunay,0,21,3,0,0
2026-09-30T05:04:47.686910+00:00,1902600010849,6.21,Bueno,7.1,Bueno,interpolacion_delaunay,0,1926,132,278,87
2026-09-30T05:04:47.686910+00:00,1902600012262,7.15,Bueno,7.84,Bueno,interpolacion_delaunay,0,2668,227,217,83
2026-09-30T05:04:47.686910+00:00,1902600010266,7.19,Bueno,7.85,Bueno,interpolacion_delaunay,0,427,58,19,0
2026-09-30T05:04:47.686910+00:00,1902600010779,6.99,Bueno,7.56,Bueno,interpolacion_delaunay,0,677,45,131,66
2026-09-30T05:04:47.686910+00:00,1902600010872,10.16,Bueno,11.9,Bueno,interpolacion_delaunay,0,3088,114,989,72
2026-09-30T05:04:47.686910+00:00,1902600011902,7.4,Bueno,8.15,Bueno,interpolacion_delaunay,0,2434,191,435,71
2026-09-30T05:04:47.686910+00:00,1902600011993,7.99,Bueno,8.68,Bueno,interpolacion_delaunay,0,3528,203,521,147
2026-09-30T05:04:47.686910+00:00,1902600012012,8.27,Bueno,8.68,Bueno,interpolacion_delaunay,0,2227,119,600,34
2026-09-30T05:04:47.686910+00:00,1902600012084,5.68,Bueno,5.91,Bueno,interpolacion_delaunay,0,1461,49,516,49
2026-09-30T05:04:47.686910+00:00,1902600012188,5.21,Bueno,5.48,Bueno,interpolacion_delaunay,0,460,18,82,4
2026-09-30T05:04:47.686910+00:00,1902600012277,7.38,Bueno,8.1,Bueno,interpolacion_delaunay,0,3597,281,616,228
2026-09-30T05:04:47.686910+00:00,190260001246A,8.01,Bueno,8.75,Bueno,interpolacion_delaunay,0,4546,358,308,145
2026-09-30T05:04:47.686910+00:00,1902600012559,7.65,Bueno,8.57,Bueno,interpolacion_delaunay,0,4248,285,324,114
2026-09-30T05:04:47.686910+00:00,1902600012652,7.14,Bueno,7.75,Bueno,interpolacion_delaunay,0,3158,323,113,122
2026-09-30T05:04:47.686910+00:00,1902600012671,7.36,Bueno,8.0,Bueno,interpolacion_delaunay,0,1647,122,65,34
2026-09-30T05:04:47.686910+00:00,1902600012718,5.74,Bueno,6.68,Bueno,interpolacion_delaunay,0,2829,290,123,131
2026-09-30T05:04:47.686910+00:00,1902600012741,7.92,Bueno,8.57,Bueno,interpolacion_delaunay,0,1897,119,345,52
2026-09-30T05:04:47.686910+00:00,1902600012879,7.1,Bueno,7.7,Bueno,promedio_sensores,1,2144,300,65,16
2026-09-30T05:04:47.686910+00:00,1902600010285,8.36,Bueno,9.36,Bueno,interpolacion_delaunay,0,2844,174,613,185
2026-09-30T05:04:47.686910+00:00,1902600012690,6.12,Bueno,6.86,Bueno,interpolacion_delaunay,0,79,0,3,0
2026-09-30T05:04:47.686910+00:00,1902600012099,6.71,Bueno,7.43,Bueno,interpolacion_delaunay,0,5241,599,554,189
2026-09-30T05:04:47.686910+00:00,1902600011936,7.44,Bueno,8.1,Bueno,interpolacion_delaunay,0,2951,267,407,119
2026-09-30T05:04:47.686910+00:00,1902600012169,5.42,Bueno,5.81,Bueno,interpolacion_delaunay,0,1023,50,158,14
2026-09-30T05:04:47.686910+00:00,190260001118A,6.67,Bueno,7.22,Bueno,interpolacion_delaunay,0,3453,227,320,71
2026-09-30T05:04:47.686910+00:00,1902600012050,7.88,Bueno,8.76,Bueno,interpolacion_delaunay,0,4134,320,745,263
2026-09-30T05:04:47.686910+00:00,1902600012101,6.58,Bueno,7.38,Bueno,interpolacion_delaunay,0,3626,381,484,119
2026-09-30T05:04:47.686910+00:00,1902600012563,6.46,Bueno,7.3,Bueno,interpolacion_delaunay,0,2676,291,133,25
2026-09-30T05:04:47.686910+00:00,190260001278A,7.4,Bueno,8.0,Bueno,interpolacion_delaunay,0,3558,402,98,36
2026-09-30T05:04:47.686910+00:00,1902600011921,7.51,Bueno,8.18,Bueno,interpolacion_delaunay,0,2594,223,377,76
2026-09-30T05:04:47.686910+00:00,1902600010092,7.68,Bueno,8.53,Bueno,interpolacion_delaunay,0,4183,262,1039,106
2026-09-30T05:04:47.686910+00:00,1902600011300,7.25,Bueno,7.96,Bueno,interpolacion_delaunay,0,2915,163,792,188
2026-09-30T05:04:47.686910+00:00,1902600010143,7.7,Bueno,8.41,Bueno,interpolacion_delaunay,0,2245,273,113,55
2026-09-30T05:04:47.686910+00:00,1902600011870,7.57,Bueno,8.39,Bueno,interpolacion_delaunay,0,3271,173,768,82
2026-09-30T05:04:47.686910+00:00,1902600011315,8.18,Bueno,9.11,Bueno,interpolacion_delaunay,0,3497,230,464,42
2026-09-30T05:04:47.686910+00:00,1902600011014,7.85,Bueno,8.57,Bueno,interpolacion_delaunay,0,2155,150,459,98
2026-09-30T05:04:47.686910+00:00,1902600011616,8.52,Bueno,9.37,Bueno,interpolacion_delaunay,0,3883,311,769,201
2026-09-30T05:04:47.686910+00:00,1902600011620,8.21,Bueno,9.07,Bueno,interpolacion_delaunay,0,4814,356,1024,301
2026-09-30T05:04:47.686910+00:00,1902600011480,8.01,Bueno,8.8,Bueno,interpolacion_delaunay,0,4784,390,737,223
2026-09-30T05:04:47.686910+00:00,1902600010641,7.93,Bueno,8.6,Bueno,interpolacion_delaunay,0,2917,240,627,202
2026-09-30T05:04:47.686910+00:00,1902600012633,9.07,Bueno,9.88,Bueno,interpolacion_delaunay,0,2429,188,313,91
2026-09-30T05:04:47.686910+00:00,190260001164A,7.61,Bueno,8.49,Bueno,interpolacion_delaunay,0,2101,168,367,57
2026-09-30T05:04:47.686910+00:00,1902600011635,7.93,Bueno,8.83,Bueno,interpolacion_delaunay,0,4695,347,639,204
2026-09-30T05:04:47.686910+00:00,1902600010961,8.1,Bueno,8.87,Bueno,interpolacion_delaunay,0,1353,81,150,34
2026-09-30T05:04:47.686910+00:00,1902600011226,7.41,Bueno,8.11,Bueno,interpolacion_delaunay,0,4831,444,615,226
2026-09-30T05:04:47.686910+00:00,1902600012807,7.57,Bueno,8.16,Bueno,interpolacion_delaunay,0,51,0,0,0
2026-09-30T05:04:47.686910+00:00,1902600012737,7.61,Bueno,8.2,Bueno,interpolacion_delaunay,0,153,17,4,4
2026-09-30T05:04:47.686910+00:00,1902600012046,7.84,Bueno,8.62,Bueno,interpolacion_delaunay,0,5116,376,649,199
2026-09-30T05:04:47.686910+00:00,1902600012756,7.8,Bueno,8.4,Bueno,promedio_sensores,1,2572,282,124,24
2026-09-30T05:04:47.686910+00:00,1902600010783,7.52,Bueno,8.12,Bueno,interpolacion_delaunay,0,1477,145,264,42
2026-09-30T05:04:47.686910+00:00,1902600011230,7.43,Bueno,8.15,Bueno,interpolacion_delaunay,0,3324,362,242,132
2026-09-30T05:04:47.686910+00:00,1902600011758,4.7,Bueno,5.0,Bueno,promedio_sensores,1,2105,92,408,43
2026-09-30T05:04:47.686910+00:00,1902600011141,6.65,Bueno,7.71,Bueno,interpolacion_delaunay,0,9036,1161,432,363
2026-09-30T05:04:47.686910+00:00,1902600011743,6.61,Bueno,7.62,Bueno,interpolacion_delaunay,0,7461,709,958,323
2026-09-30T05:04:47.686910+00:00,1902600012629,5.84,Bueno,6.76,Bueno,interpolacion_delaunay,0,1943,149,74,66
2026-09-30T05:04:47.686910+00:00,1902600011762,7.77,Bueno,8.37,Bueno,interpolacion_delaunay,0,2427,183,512,77
2026-09-30T05:04:47.686910+00:00,1902600011194,7.37,Bueno,7.97,Bueno,interpolacion_delaunay,0,4669,300,960,201
2026-09-30T05:04:47.686910+00:00,1902600011052,7.42,Bueno,8.04,Bueno,interpolacion_delaunay,0,7318,799,917,451
2026-09-30T05:04:47.686910+00:00,1902600012722,7.28,Bueno,7.93,Bueno,interpolacion_delaunay,0,1673,182,35,23
2026-09-30T05:04:47.686910+00:00,1902600010209,7.37,Bueno,8.03,Bueno,interpolacion_delaunay,0,0,0,0,0
2026-09-30T05:04:47.686910+00:00,1902600012883,7.3,Bueno,8.0,Bueno,interpolacion_delaunay,0,2693,391,65,39
2026-09-30T05:04:47.686910+00:00,1902600011512,12.06,Bueno,12.77,Bueno,interpolacion_delaunay,0,1411,83,448,118
2026-09-30T05:04:47.686910+00:00,1902600011527,12.2,Bueno,12.88,Bueno,interpolacion_delaunay,0,2114,99,718,127
2026-09-30T05:04:47.686910+00:00,1902600010853,12.09,Bueno,12.66,Bueno,interpolacion_delaunay,0,4562,382,755,151
2026-09-30T05:04:47.686910+00:00,1902600011160,12.5,Bueno,13.1,Bueno,promedio_sensores,1,3568,186,796,79
2026-09-30T05:04:47.686910+00:00,1902600011423,8.61,Bueno,9.52,Bueno,interpolacion_delaunay,0,2358,121,643,149
2026-09-30T05:04:47.686910+00:00,1902600011118,8.3,Bueno,9.13,Bueno,interpolacion_delaunay,0,0,0,0,0
2026-09-30T05:04:47.686910+00:00,1902600010552,8.81,Bueno,9.75,Bueno,interpolacion_delaunay,0,1358,197,299,91
2026-09-30T05:04:47.686910+00:00,1902600010567,8.43,Bueno,9.26,Bueno,interpolacion_delaunay,0,3469,239,807,212
2026-09-30T05:04:47.686910+00:00,1902600010478,8.54,Bueno,9.47,Bueno,interpolacion_delaunay,0,3451,258,686,179
2026-09-30T05:04:47.686910+00:00,1902600012493,8.33,Bueno,9.16,Bueno,interpolacion_delaunay,0,3047,231,451,139
2026-09-30T05:04:47.686910+00:00,1902600012506,8.42,Bueno,9.27,Bueno,interpolacion_delaunay,0,1875,122,448,96
2026-09-30T05:04:47.686910+00:00,1902600011387,8.07,Bueno,8.88,Bueno,interpolacion_delaunay,0,4018,279,697,181
2026-09-30T05:04:47.686910+00:00,1902600010482,8.34,Bueno,9.22,Bueno,interpolacion_delaunay,0,4004,197,1191,226
2026-09-30T05:04:47.686910+00:00,1902600010586,8.18,Bueno,8.97,Bueno,interpolacion_delaunay,0,4983,369,1196,317
2026-09-30T05:04:47.686910+00:00,1902600010590,8.09,Bueno,8.86,Bueno,interpolacion_delaunay,0,3794,290,817,254
2026-09-30T05:04:47.686910+00:00,1902600011940,7.76,Bueno,8.51,Bueno,interpolacion_delaunay,0,3450,256,773,184
2026-09-30T05:04:47.686910+00:00,1902600012224,8.0,Bueno,8.77,Bueno,interpolacion_delaunay,0,1986,122,533,118
2026-09-30T05:04:47.686910+00:00,1902600012239,7.8,Bueno,8.53,Bueno,interpolacion_delaunay,0,2664,206,487,219
2026-09-30T05:04:47.686910+00:00,1902600010548,6.41,Bueno,7.02,Bueno,interpolacion_delaunay,0,4149,203,1177,258
2026-09-30T05:04:47.686910+00:00,1902600012489,7.51,Bueno,8.23,Bueno,interpolacion_delaunay,0,2798,203,290,77
2026-09-30T05:04:47.686910+00:00,1902600011353,8.47,Bueno,9.41,Bueno,interpolacion_delaunay,0,1952,125,417,157
2026-09-30T05:04:47.686910+00:00,1902600012760,7.29,Bueno,7.92,Bueno,interpolacion_delaunay,0,3619,397,120,87
2026-09-30T05:04:47.686910+00:00,1902600011264,7.44,Bueno,8.07,Bueno,interpolacion_delaunay,0,1708,151,158,100
2026-09-30T05:04:47.686910+00:00,190260001285A,7.2,Bueno,7.8,Bueno,interpolacion_delaunay,0,1850,298,50,26
2026-09-30T05:04:47.686910+00:00,1902600010270,7.0,Bueno,7.79,Bueno,interpolacion_delaunay,0,0,0,0,0
2026-09-30T05:04:47.686910+00:00,1902600010406,7.74,Bueno,8.51,Bueno,interpolacion_delaunay,0,2889,225,550,115
2026-09-30T05:04:47.686910+00:00,1902600011067,7.36,Bueno,8.05,Bueno,interpolacion_delaunay,0,4252,360,451,270
2026-09-30T05:04:47.686910+00:00,1902600011086,6.77,Bueno,7.6,Bueno,interpolacion_delaunay,0,3224,245,126,84
2026-09-30T05:04:47.686910+00:00,1902600012313,6.39,Bueno,7.45,Bueno,interpolacion_delaunay,0,2567,202,407,174
2026-09-30T05:04:47.686910+00:00,1902600012309,6.5,Bueno,7.49,Bueno,interpolacion_delaunay,0,2125,241,150,88
2026-09-30T05:04:47.686910+00:00,1902600011809,7.25,Bueno,7.91,Bueno,interpolacion_delaunay,0,2127,251,117,120
2026-09-30T05:04:47.686910+00:00,1902600012864,7.2,Bueno,7.8,Bueno,interpolacion_delaunay,0,1168,168,40,16
2026-09-30T05:04:47.686910+00:00,190260001125A,16.15,Aceptable,19.43,Bueno,interpolacion_delaunay,0,541,13,170,22
2026-09-30T05:04:47.686910+00:00,1902600011071,6.71,Bueno,7.62,Bueno,interpolacion_delaunay,0,3143,264,264,89
2026-09-30T05:04:47.686910+00:00,190260001196A,6.73,Bueno,7.68,Bueno,interpolacion_delaunay,0,3349,324,262,100
2026-09-30T05:04:47.686910+00:00,1902600011955,7.53,Bueno,8.23,Bueno,interpolacion_delaunay,0,3582,349,216,97
2026-09-30T05:04:47.686910+00:00,190260001050A,7.55,Bueno,8.22,Bueno,interpolacion_delaunay,0,2022,217,309,73
2026-09-30T05:04:47.686910+00:00,1903900012400,11.4,Bueno,12.1,Bueno,promedio_sensores,1,4517,429,723,304
2026-09-30T05:04:47.686910+00:00,1903900014657,14.81,Bueno,15.24,Bueno,interpolacion_delaunay,0,2491,234,438,138
2026-09-30T05:04:47.686910+00:00,1903900013682,12.6,Bueno,13.54,Bueno,interpolacion_delaunay,0,4499,398,653,181
2026-09-30T05:04:47.686910+00:00,1903900010832,9.12,Bueno,10.06,Bueno,interpolacion_delaunay,0,543,31,158,26
2026-09-30T05:04:47.686910+00:00,1903900011120,8.99,Bueno,10.12,Bueno,interpolacion_delaunay,0,2607,94,831,149
2026-09-30T05:04:47.686910+00:00,1903900012129,12.22,Bueno,13.49,Bueno,interpolacion_delaunay,0,4074,318,790,255
2026-09-30T05:04:47.686910+00:00,190390001363A,15.09,Aceptable,15.52,Bueno,interpolacion_delaunay,0,3850,324,618,201
2026-09-30T05:04:47.686910+00:00,1903900014163,12.5,Bueno,13.48,Bueno,interpolacion_delaunay,0,3563,376,476,178
2026-09-30T05:04:47.686910+00:00,1903900014642,14.66,Bueno,15.07,Bueno,interpolacion_delaunay,0,2137,227,313,125
2026-09-30T05:04:47.686910+00:00,1903900013589,12.87,Bueno,14.26,Bueno,interpolacion_delaunay,0,1971,102,595,95
2026-09-30T05:04:47.686910+00:00,1903900011370,9.38,Bueno,10.56,Bueno,interpolacion_delaunay,0,1287,71,218,39
2026-09-30T05:04:47.686910+00:00,1903900012114,8.15,Bueno,8.54,Bueno,interpolacion_delaunay,0,2387,84,816,136
2026-09-30T05:04:47.686910+00:00,1903900012203,4.1,Bueno,4.2,Bueno,promedio_sensores,1,2974,126,1034,191
2026-09-30T05:04:47.686910+00:00,1903900013574,12.11,Bueno,13.4,Bueno,interpolacion_delaunay,0,832,37,276,93
2026-09-30T05:04:47.686910+00:00,1903900012792,8.86,Bueno,10.24,Bueno,interpolacion_delaunay,0,1,0,0,0
2026-09-30T05:04:47.686910+00:00,190390001445A,11.72,Bueno,12.29,Bueno,interpolacion_delaunay,0,5563,304,1118,197
2026-09-30T05:04:47.686910+00:00,1903900014638,13.91,Bueno,14.37,Bueno,interpolacion_delaunay,0,3811,381,571,142
2026-09-30T05:04:47.686910+00:00,1903900012063,12.24,Bueno,12.83,Bueno,interpolacion_delaunay,0,2407,98,743,119
2026-09-30T05:04:47.686910+00:00,1903900011690,6.29,Bueno,6.47,Bueno,interpolacion_delaunay,0,228,12,56,11
2026-09-30T05:04:47.686910+00:00,1903900011760,7.21,Bueno,7.49,Bueno,interpolacion_delaunay,0,1986,129,443,117
2026-09-30T05:04:47.686910+00:00,1903900011934,9.87,Bueno,10.27,Bueno,promedio_sensores,3,2171,83,550,105
2026-09-30T05:04:47.686910+00:00,190390001192A,8.4,Bueno,8.87,Bueno,interpolacion_delaunay,0,2553,117,796,121
2026-09-30T05:04:47.686910+00:00,1903900012044,13.12,Bueno,13.71,Bueno,interpolacion_delaunay,0,1920,122,427,109
2026-09-30T05:04:47.686910+00:00,1903900012078,12.92,Bueno,13.68,Bueno,interpolacion_delaunay,0,2179,136,538,60
2026-09-30T05:04:47.686910+00:00,1903900011525,6.93,Bueno,7.54,Bueno,interpolacion_delaunay,0,590,39,143,33
2026-09-30T05:04:47.686910+00:00,1903900011991,13.2,Bueno,13.8,Bueno,promedio_sensores,1,3236,192,703,201
2026-09-30T05:04:47.686910+00:00,1903900012006,9.49,Bueno,9.93,Bueno,interpolacion_delaunay,0,1972,70,504,136
2026-09-30T05:04:47.686910+00:00,1903900010673,10.54,Bueno,11.76,Bueno,interpolacion_delaunay,0,2155,174,396,142
2026-09-30T05:04:47.686910+00:00,1903900010298,11.3,Bueno,12.61,Bueno,interpolacion_delaunay,0,3499,233,739,152
2026-09-30T05:04:47.686910+00:00,1903900010404,11.5,Bueno,12.85,Bueno,interpolacion_delaunay,0,2835,189,560,150
2026-09-30T05:04:47.686910+00:00,1903900011012,8.78,Bueno,9.55,Bueno,interpolacion_delaunay,0,1216,101,235,35
2026-09-30T05:04:47.686910+00:00,1903900011065,9.12,Bueno,10.14,Bueno,interpolacion_delaunay,0,1981,192,428,144
2026-09-30T05:04:47.686910+00:00,1903900010175,11.66,Bueno,12.82,Bueno,interpolacion_delaunay,0,1294,70,318,45
2026-09-30T05:04:47.686910+00:00,190390001018A,11.42,Bueno,12.55,Bueno,interpolacion_delaunay,0,3618,299,750,219
2026-09-30T05:04:47.686910+00:00,1903900010194,11.43,Bueno,12.61,Bueno,interpolacion_delaunay,0,2850,223,604,173
2026-09-30T05:04:47.686910+00:00,1903900010226,11.02,Bueno,12.3,Bueno,interpolacion_delaunay,0,4934,461,799,274
2026-09-30T05:04:47.686910+00:00,1903900014229,7.82,Bueno,8.12,Bueno,interpolacion_delaunay,0,2852,249,505,184
2026-09-30T05:04:47.686910+00:00,1903900010353,5.41,Bueno,5.83,Bueno,interpolacion_delaunay,0,3313,167,981,325
2026-09-30T05:04:47.686910+00:00,1903900010936,11.16,Bueno,12.15,Bueno,interpolacion_delaunay,0,2121,128,459,101
2026-09-30T05:04:47.686910+00:00,1903900011173,10.5,Bueno,11.0,Bueno,promedio_sensores,1,2108,71,659,126
2026-09-30T05:04:47.686910+00:00,1903900011188,11.22,Bueno,12.09,Bueno,interpolacion_delaunay,0,3322,231,794,185
2026-09-30T05:04:47.686910+00:00,1903900011224,9.69,Bueno,10.63,Bueno,interpolacion_delaunay,0,3487,327,636,198
2026-09-30T05:04:47.686910+00:00,1903900011328,9.89,Bueno,10.79,Bueno,interpolacion_delaunay,0,1300,73,364,78
2026-09-30T05:04:47.686910+00:00,1903900011332,9.54,Bueno,10.6,Bueno,interpolacion_delaunay,0,2976,208,686,165
2026-09-30T05:04:47.686910+00:00,1903900011493,5.4,Bueno,6.2,Bueno,promedio_sensores,1,498,32,117,21
2026-09-30T05:04:47.686910+00:00,1903900011506,6.57,Bueno,7.37,Bueno,interpolacion_delaunay,0,218,10,60,5
2026-09-30T05:04:47.686910+00:00,1903900011510,6.7,Bueno,7.47,Bueno,interpolacion_delaunay,0,370,18,99,43
2026-09-30T05:04:47.686910+00:00,1903900011563,7.45,Bueno,7.92,Bueno,interpolacion_delaunay,0,1016,57,324,41
2026-09-30T05:04:47.686910+00:00,1903900011652,4.29,Bueno,5.21,Bueno,interpolacion_delaunay,0,1408,46,412,99
2026-09-30T05:04:47.686910+00:00,1903900011667,11.91,Bueno,12.54,Bueno,interpolacion_delaunay,0,811,38,222,38
2026-09-30T05:04:47.686910+00:00,1903900011671,11.78,Bueno,12.4,Bueno,interpolacion_delaunay,0,2135,120,546,122
2026-09-30T05:04:47.686910+00:00,1903900011775,9.12,Bueno,9.72,Bueno,interpolacion_delaunay,0,3247,195,753,173
2026-09-30T05:04:47.686910+00:00,190390001178A,10.67,Bueno,11.2,Bueno,interpolacion_delaunay,0,2085,91,638,124
2026-09-30T05:04:47.686910+00:00,1903900011811,11.93,Bueno,12.59,Bueno,interpolacion_delaunay,0,3726,195,960,140
2026-09-30T05:04:47.686910+00:00,190390001210A,10.8,Bueno,11.4,Bueno,promedio_sensores,1,2790,113,700,150
2026-09-30T05:04:47.686910+00:00,1903900012186,8.58,Bueno,9.14,Bueno,interpolacion_delaunay,0,4169,44,257,49
2026-09-30T05:04:47.686910+00:00,1903900011559,5.2,Bueno,5.3,Bueno,promedio_sensores,1,854,32,232,42
2026-09-30T05:04:47.686910+00:00,1903900013428,11.33,Bueno,12.55,Bueno,interpolacion_delaunay,0,3351,320,515,172
2026-09-30T05:04:47.686910+00:00,1903900014214,8.76,Bueno,9.15,Bueno,interpolacion_delaunay,0,4120,374,689,171
2026-09-30T05:04:47.686910+00:00,1903900014712,10.35,Bueno,11.05,Bueno,interpolacion_delaunay,0,3085,299,499,125
2026-09-30T05:04:47.686910+00:00,1903900014727,9.41,Bueno,9.95,Bueno,interpolacion_delaunay,0,2574,237,418,75
2026-09-30T05:04:47.686910+00:00,1903900011544,5.53,Bueno,5.95,Bueno,interpolacion_delaunay,0,484,17,104,17
2026-09-30T05:04:47.686910+00:00,1903900011347,9.9,Bueno,11.2,Bueno,promedio_sensores,1,3767,228,949,230
2026-09-30T05:04:47.686910+00:00,1903900011101,9.54,Bueno,10.77,Bueno,interpolacion_delaunay,0,2340,171,499,101
2026-09-30T05:04:47.686910+00:00,1903900010692,12.76,Bueno,14.17,Bueno,interpolacion_delaunay,0,1264,56,294,43
2026-09-30T05:04:47.686910+00:00,190390001071A,3.0,Bueno,3.3,Bueno,promedio_sensores,1,2092,89,717,121
2026-09-30T05:04:47.686910+00:00,190390001153A,5.42,Bueno,6.03,Bueno,interpolacion_delaunay,0,283,20,33,8
2026-09-30T05:04:47.686910+00:00,1903900012222,10.91,Bueno,11.53,Bueno,interpolacion_delaunay,0,2481,214,440,130
2026-09-30T05:04:47.686910+00:00,1903900010048,11.42,Bueno,12.35,Bueno,interpolacion_delaunay,0,2757,231,541,184
2026-09-30T05:04:47.686910+00:00,1903900010160,11.8,Bueno,12.98,Bueno,interpolacion_delaunay,0,1233,55,334,97
2026-09-30T05:04:47.686910+00:00,1903900011915,8.96,Bueno,9.34,Bueno,interpolacion_delaunay,0,1171,52,296,69
2026-09-30T05:04:47.686910+00:00,1903900012824,6.58,Bueno,7.68,Bueno,interpolacion_delaunay,0,0,0,0,0
2026-09-30T05:04:47.686910+00:00,1903900010103,11.84,Bueno,12.94,Bueno,interpolacion_delaunay,0,2537,115,733,107
2026-09-30T05:04:47.686910+00:00,1903900010122,11.35,Bueno,12.45,Bueno,interpolacion_delaunay,0,3875,316,762,228
2026-09-30T05:04:47.686910+00:00,1903900010207,11.18,Bueno,12.32,Bueno,interpolacion_delaunay,0,2935,264,476,100
2026-09-30T05:04:47.686910+00:00,190390001089A,11.92,Bueno,13.14,Bueno,interpolacion_delaunay,0,2450,84,735,103
2026-09-30T05:04:47.686910+00:00,1903900010813,9.6,Bueno,10.63,Bueno,interpolacion_delaunay,0,1266,76,281,65
2026-09-30T05:04:47.686910+00:00,190390001096A,10.34,Bueno,11.33,Bueno,interpolacion_delaunay,0,735,52,175,36
2026-09-30T05:04:47.686910+00:00,190390001107A,9.27,Bueno,10.3,Bueno,interpolacion_delaunay,0,2056,191,358,98
2026-09-30T05:04:47.686910+00:00,1903900011099,9.39,Bueno,10.62,Bueno,interpolacion_delaunay,0,1728,108,401,82
2026-09-30T05:04:47.686910+00:00,1903900011281,7.64,Bueno,8.43,Bueno,interpolacion_delaunay,0,162,9,42,10
2026-09-30T05:04:47.686910+00:00,190390001146A,11.32,Bueno,11.87,Bueno,interpolacion_delaunay,0,1878,94,425,114
2026-09-30T05:04:47.686910+00:00,1903900011474,11.82,Bueno,12.55,Bueno,interpolacion_delaunay,0,1482,65,348,91
2026-09-30T05:04:47.686910+00:00,1903900011648,6.44,Bueno,7.28,Bueno,interpolacion_delaunay,0,1275,46,383,92
2026-09-30T05:04:47.686910+00:00,1903900011953,12.26,Bueno,12.83,Bueno,interpolacion_delaunay,0,4331,383,782,275
2026-09-30T05:04:47.686910+00:00,1903900011968,12.24,Bueno,12.83,Bueno,interpolacion_delaunay,0,2452,198,521,139
2026-09-30T05:04:47.686910+00:00,1903900011972,11.72,Bueno,12.26,Bueno,interpolacion_delaunay,0,2152,173,501,93
2026-09-30T05:04:47.686910+00:00,1903900011987,11.7,Bueno,12.22,Bueno,interpolacion_delaunay,0,2330,153,564,186
2026-09-30T05:04:47.686910+00:00,1903900012010,10.07,Bueno,10.53,Bueno,promedio_sensores,3,377,6,32,6
2026-09-30T05:04:47.686910+00:00,1903900012025,10.29,Bueno,10.83,Bueno,interpolacion_delaunay,0,4868,169,1336,220
2026-09-30T05:04:47.686910+00:00,1903900012608,10.09,Bueno,10.82,Bueno,interpolacion_delaunay,0,3563,325,452,140
2026-09-30T05:04:47.686910+00:00,1903900012260,10.61,Bueno,11.09,Bueno,interpolacion_delaunay,0,2549,128,738,140
2026-09-30T05:04:47.686910+00:00,1903900012523,11.5,Bueno,12.35,Bueno,interpolacion_delaunay,0,5883,502,863,210
2026-09-30T05:04:47.686910+00:00,1903900012576,10.8,Bueno,11.45,Bueno,interpolacion_delaunay,0,3643,363,363,152
2026-09-30T05:04:47.686910+00:00,1903900012612,11.7,Bueno,12.64,Bueno,interpolacion_delaunay,0,3707,369,423,217
2026-09-30T05:04:47.686910+00:00,1903900013339,11.29,Bueno,12.15,Bueno,interpolacion_delaunay,0,3291,330,562,149
2026-09-30T05:04:47.686910+00:00,1903900013432,11.1,Bueno,12.31,Bueno,interpolacion_delaunay,0,3283,331,497,186
2026-09-30T05:04:47.686910+00:00,1903900013381,11.52,Bueno,12.55,Bueno,interpolacion_delaunay,0,3469,305,681,259
2026-09-30T05:04:47.686910+00:00,1903900013324,11.38,Bueno,12.18,Bueno,interpolacion_delaunay,0,2714,268,458,83
2026-09-30T05:04:47.686910+00:00,1903900014587,8.99,Bueno,9.73,Bueno,interpolacion_delaunay,0,1315,68,368,60
2026-09-30T05:04:47.686910+00:00,1903900014604,5.45,Bueno,5.71,Bueno,interpolacion_delaunay,0,2075,111,610,109
2026-09-30T05:04:47.686910+00:00,1903900014661,11.56,Bueno,12.01,Bueno,interpolacion_delaunay,0,2902,69,608,127
2026-09-30T05:04:47.686910+00:00,1903900014680,12.22,Bueno,13.58,Bueno,interpolacion_delaunay,0,2293,96,745,94
2026-09-30T05:04:47.686910+00:00,1903900011239,10.0,Bueno,10.89,Bueno,interpolacion_delaunay,0,3332,293,662,233
2026-09-30T05:04:47.686910+00:00,1903900011489,13.3,Bueno,13.9,Bueno,promedio_sensores,1,1608,86,419,74
2026-09-30T05:04:47.686910+00:00,1903900010279,11.74,Bueno,12.96,Bueno,interpolacion_delaunay,0,2220,107,580,282
2026-09-30T05:04:47.686910+00:00,1903900010531,11.05,Bueno,12.47,Bueno,interpolacion_delaunay,0,5417,419,1156,491
2026-09-30T05:04:47.686910+00:00,1903900010635,11.66,Bueno,12.97,Bueno,interpolacion_delaunay,0,2264,78,723,158
2026-09-30T05:04:47.686910+00:00,1903900011686,7.51,Bueno,7.84,Bueno,interpolacion_delaunay,0,153,7,36,5
2026-09-30T05:04:47.686910+00:00,1903900011807,11.64,Bueno,12.28,Bueno,interpolacion_delaunay,0,2430,99,765,107
2026-09-30T05:04:47.686910+00:00,1903900011830,10.1,Bueno,10.8,Bueno,promedio_sensores,1,898,35,265,16
2026-09-30T05:04:47.686910+00:00,1903900012097,11.0,Bueno,12.1,Bueno,promedio_sensores,1,4087,88,440,163
2026-09-30T05:04:47.686910+00:00,1903900012256,13.24,Bueno,14.01,Bueno,interpolacion_delaunay,0,4590,303,1006,320
2026-09-30T05:04:47.686910+00:00,1903900012307,13.43,Bueno,15.17,Bueno,promedio_sensores,3,2986,141,683,94
2026-09-30T05:04:47.686910+00:00,1903900012453,6.9,Bueno,7.21,Bueno,interpolacion_delaunay,0,2219,109,403,76
2026-09-30T05:04:47.686910+00:00,1903900012716,10.89,Bueno,11.9,Bueno,interpolacion_delaunay,0,78,3,14,8
2026-09-30T05:04:47.686910+00:00,1903900012735,11.19,Bueno,12.13,Bueno,interpolacion_delaunay,0,0,0,0,0
2026-09-30T05:04:47.686910+00:00,1903900012769,14.08,Bueno,17.67,Bueno,interpolacion_delaunay,0,279,15,54,0
2026-09-30T05:04:47.686910+00:00,1903900012773,9.86,Bueno,10.46,Bueno,interpolacion_delaunay,0,0,0,0,0
2026-09-30T05:04:47.686910+00:00,1903900014040,10.96,Bueno,12.01,Bueno,interpolacion_delaunay,0,3042,337,450,116
2026-09-30T05:04:47.686910+00:00,1903900014178,12.87,Bueno,13.81,Bueno,interpolacion_delaunay,0,4610,493,538,196
2026-09-30T05:04:47.686910+00:00,1903900010156,11.9,Bueno,13.06,Bueno,interpolacion_delaunay,0,2930,146,830,151
2026-09-30T05:04:47.686910+00:00,1903900010264,12.25,Bueno,13.53,Bueno,interpolacion_delaunay,0,4282,326,814,272
2026-09-30T05:04:47.686910+00:00,1903900010283,11.66,Bueno,12.93,Bueno,interpolacion_delaunay,0,2911,218,619,83
2026-09-30T05:04:47.686910+00:00,1903900010315,10.71,Bueno,12.02,Bueno,interpolacion_delaunay,0,3515,316,654,216
2026-09-30T05:04:47.686910+00:00,190390001032A,10.46,Bueno,11.73,Bueno,interpolacion_delaunay,0,4173,426,573,279
2026-09-30T05:04:47.686910+00:00,1903900010349,10.16,Bueno,11.55,Bueno,interpolacion_delaunay,0,2637,166,677,132
2026-09-30T05:04:47.686910+00:00,1903900010391,11.7,Bueno,13.05,Bueno,interpolacion_delaunay,0,3850,295,727,205
2026-09-30T05:04:47.686910+00:00,1903900010438,10.66,Bueno,12.08,Bueno,interpolacion_delaunay,0,3338,313,521,73
2026-09-30T05:04:47.686910+00:00,1903900010442,10.31,Bueno,11.68,Bueno,interpolacion_delaunay,0,2676,239,533,136
2026-09-30T05:04:47.686910+00:00,1903900010457,11.63,Bueno,12.93,Bueno,interpolacion_delaunay,0,3408,175,1149,225
2026-09-30T05:04:47.686910+00:00,1903900010480,12.14,Bueno,13.59,Bueno,interpolacion_delaunay,0,1388,64,440,114
2026-09-30T05:04:47.686910+00:00,1903900010512,11.6,Bueno,13.0,Bueno,interpolacion_delaunay,0,2980,202,741,168
2026-09-30T05:04:47.686910+00:00,1903900010546,11.24,Bueno,12.61,Bueno,interpolacion_delaunay,0,2660,141,683,117
2026-09-30T05:04:47.686910+00:00,1903900010550,10.92,Bueno,12.28,Bueno,interpolacion_delaunay,0,2279,182,478,160
2026-09-30T05:04:47.686910+00:00,1903900010565,10.58,Bueno,11.95,Bueno,interpolacion_delaunay,0,2608,254,432,94
2026-09-30T05:04:47.686910+00:00,190390001057A,10.56,Bueno,11.86,Bueno,interpolacion_delaunay,0,1514,131,335,33
2026-09-30T05:04:47.686910+00:00,1903900010599,5.35,Bueno,5.72,Bueno,interpolacion_delaunay,0,2808,125,1047,137
2026-09-30T05:04:47.686910+00:00,1903900010601,12.89,Bueno,14.36,Bueno,interpolacion_delaunay,0,5314,412,1126,426
2026-09-30T05:04:47.686910+00:00,1903900010620,11.93,Bueno,13.23,Bueno,interpolacion_delaunay,0,2515,85,744,131
2026-09-30T05:04:47.686910+00:00,190390001064A,11.39,Bueno,12.69,Bueno,interpolacion_delaunay,0,2719,125,702,154
2026-09-30T05:04:47.686910+00:00,1903900010654,11.0,Bueno,12.31,Bueno,interpolacion_delaunay,0,2609,119,783,144
2026-09-30T05:04:47.686910+00:00,1903900010705,4.67,Bueno,4.98,Bueno,interpolacion_delaunay,0,1996,93,661,76
2026-09-30T05:04:47.686910+00:00,1903900010739,11.67,Bueno,12.91,Bueno,interpolacion_delaunay,0,1701,60,561,127
2026-09-30T05:04:47.686910+00:00,1903900010743,11.39,Bueno,12.62,Bueno,interpolacion_delaunay,0,1991,112,552,108
2026-09-30T05:04:47.686910+00:00,1903900010758,11.2,Bueno,12.42,Bueno,interpolacion_delaunay,0,1207,67,324,54
2026-09-30T05:04:47.686910+00:00,1903900010796,9.87,Bueno,10.95,Bueno,interpolacion_delaunay,0,0,0,0,0
2026-09-30T05:04:47.686910+00:00,1903900010828,9.31,Bueno,10.3,Bueno,interpolacion_delaunay,0,1085,46,363,57
2026-09-30T05:04:47.686910+00:00,1903900010866,9.7,Bueno,10.51,Bueno,interpolacion_delaunay,0,1678,49,570,85
2026-09-30T05:04:47.686910+00:00,1903900010870,12.98,Bueno,14.34,Bueno,interpolacion_delaunay,0,3879,268,842,254
2026-09-30T05:04:47.686910+00:00,1903900010885,12.45,Bueno,13.72,Bueno,interpolacion_delaunay,0,1668,63,493,70
2026-09-30T05:04:47.686910+00:00,1903900010940,10.6,Bueno,11.62,Bueno,interpolacion_delaunay,0,3419,259,605,213
2026-09-30T05:04:47.686910+00:00,1903900011046,9.01,Bueno,9.83,Bueno,interpolacion_delaunay,0,1800,151,355,99
2026-09-30T05:04:47.686910+00:00,1903900011135,12.17,Bueno,13.09,Bueno,interpolacion_delaunay,0,1752,62,519,67
2026-09-30T05:04:47.686910+00:00,190390001114A,13.5,Bueno,14.9,Bueno,promedio_sensores,1,1380,53,428,34
2026-09-30T05:04:47.686910+00:00,1903900011154,11.77,Bueno,12.67,Bueno,interpolacion_delaunay,0,1623,62,444,64
2026-09-30T05:04:47.686910+00:00,1903900011169,10.9,Bueno,11.5,Bueno,promedio_sensores,2,2880,73,732,160
2026-09-30T05:04:47.686910+00:00,1903900011192,11.36,Bueno,12.1,Bueno,interpolacion_delaunay,0,2657,175,674,141
2026-09-30T05:04:47.686910+00:00,1903900011205,12.18,Bueno,12.92,Bueno,interpolacion_delaunay,0,122,13,22,0
2026-09-30T05:04:47.686910+00:00,1903900011243,7.94,Bueno,8.82,Bueno,interpolacion_delaunay,0,475,45,76,44
2026-09-30T05:04:47.686910+00:00,1903900011258,8.35,Bueno,9.2,Bueno,interpolacion_delaunay,0,1048,106,166,35
2026-09-30T05:04:47.686910+00:00,1903900011262,9.74,Bueno,10.58,Bueno,interpolacion_delaunay,0,1756,114,447,140
2026-09-30T05:04:47.686910+00:00,1903900011277,8.86,Bueno,9.65,Bueno,interpolacion_delaunay,0,2024,136,529,164
2026-09-30T05:04:47.686910+00:00,1903900011309,9.2,Bueno,9.9,Bueno,promedio_sensores,1,1761,123,433,90
2026-09-30T05:04:47.686910+00:00,1903900011351,9.69,Bueno,10.95,Bueno,interpolacion_delaunay,0,2734,167,651,175
2026-09-30T05:04:47.686910+00:00,1903900011366,9.56,Bueno,10.78,Bueno,interpolacion_delaunay,0,0,0,0,0
2026-09-30T05:04:47.686910+00:00,1903900011421,11.8,Bueno,12.4,Bueno,promedio_sensores,1,3327,204,738,54
2026-09-30T05:04:47.686910+00:00,1903900011436,12.32,Bueno,13.17,Bueno,interpolacion_delaunay,0,1869,83,431,69
2026-09-30T05:04:47.686910+00:00,1903900011440,11.87,Bueno,12.55,Bueno,interpolacion_delaunay,0,1644,76,453,82
2026-09-30T05:04:47.686910+00:00,1903900011455,12.75,Bueno,14.91,Bueno,interpolacion_delaunay,0,1330,38,379,65
2026-09-30T05:04:47.686910+00:00,1903900011578,7.34,Bueno,7.81,Bueno,interpolacion_delaunay,0,1668,78,469,55
2026-09-30T05:04:47.686910+00:00,1903900011582,8.6,Bueno,9.3,Bueno,promedio_sensores,1,1943,98,485,98
2026-09-30T05:04:47.686910+00:00,190390001160A,11.46,Bueno,12.32,Bueno,interpolacion_delaunay,0,1878,106,479,110
2026-09-30T05:04:47.686910+00:00,1903900011614,11.65,Bueno,12.46,Bueno,interpolacion_delaunay,0,2516,127,727,95
2026-09-30T05:04:47.686910+00:00,1903900011633,12.76,Bueno,15.98,Bueno,interpolacion_delaunay,0,810,34,225,59
2026-09-30T05:04:47.686910+00:00,1903900011703,6.5,Bueno,6.78,Bueno,interpolacion_delaunay,0,3184,63,372,52
2026-09-30T05:04:47.686910+00:00,1903900011722,10.76,Bueno,11.38,Bueno,interpolacion_delaunay,0,511,20,136,16
2026-09-30T05:04:47.686910+00:00,1903900011737,8.51,Bueno,9.07,Bueno,interpolacion_delaunay,0,377,25,76,21
2026-09-30T05:04:47.686910+00:00,1903900011741,8.2,Bueno,8.52,Bueno,interpolacion_delaunay,0,179,8,28,10
2026-09-30T05:04:47.686910+00:00,1903900011756,8.03,Bueno,8.31,Bueno,interpolacion_delaunay,0,191,3,61,18
2026-09-30T05:04:47.686910+00:00,1903900011794,11.39,Bueno,12.02,Bueno,interpolacion_delaunay,0,2555,160,623,167
2026-09-30T05:04:47.686910+00:00,1903900011845,12.4,Bueno,12.8,Bueno,promedio_sensores,1,2750,133,527,66
2026-09-30T05:04:47.686910+00:00,190390001185A,11.7,Bueno,12.26,Bueno,interpolacion_delaunay,0,2718,189,497,75
2026-09-30T05:04:47.686910+00:00,1903900011879,10.7,Bueno,11.23,Bueno,interpolacion_delaunay,0,2302,190,467,160
2026-09-30T05:04:47.686910+00:00,1903900011883,10.76,Bueno,11.27,Bueno,interpolacion_delaunay,0,2653,217,567,162
2026-09-30T05:04:47.686910+00:00,1903900011898,11.69,Bueno,12.24,Bueno,interpolacion_delaunay,0,2466,163,572,128
2026-09-30T05:04:47.686910+00:00,1903900011900,10.23,Bueno,10.65,Bueno,interpolacion_delaunay,0,1274,99,333,108
2026-09-30T05:04:47.686910+00:00,1903900012167,10.51,Bueno,11.41,Bueno,interpolacion_delaunay,0,2883,124,813,123
2026-09-30T05:04:47.686910+00:00,1903900012190,7.12,Bueno,7.59,Bueno,interpolacion_delaunay,0,1182,41,455,89
2026-09-30T05:04:47.686910+00:00,1903900012218,5.64,Bueno,5.82,Bueno,interpolacion_delaunay,0,1788,87,512,71
2026-09-30T05:04:47.686910+00:00,1903900012241,8.9,Bueno,9.84,Bueno,interpolacion_delaunay,0,1136,46,404,79
2026-09-30T05:04:47.686910+00:00,1903900012275,9.06,Bueno,9.38,Bueno,interpolacion_delaunay,0,3740,200,896,144
2026-09-30T05:04:47.686910+00:00,1903900012472,12.7,Bueno,14.2,Bueno,promedio_sensores,1,4662,342,773,243
2026-09-30T05:04:47.686910+00:00,190390001267A,6.99,Bueno,7.43,Bueno,interpolacion_delaunay,0,3909,249,1025,191
2026-09-30T05:04:47.686910+00:00,1903900012684,7.87,Bueno,8.32,Bueno,interpolacion_delaunay,0,2186,73,687,43
2026-09-30T05:04:47.686910+00:00,1903900012720,11.2,Bueno,12.1,Bueno,promedio_sensores,1,970,52,170,37
2026-09-30T05:04:47.686910+00:00,190390001274A,10.6,Bueno,11.35,Bueno,interpolacion_delaunay,0,10,0,0,0
2026-09-30T05:04:47.686910+00:00,1903900012754,11.44,Bueno,12.18,Bueno,interpolacion_delaunay,0,3205,214,714,184
2026-09-30T05:04:47.686910+00:00,1903900012788,8.83,Bueno,9.17,Bueno,interpolacion_delaunay,0,0,0,0,0
2026-09-30T05:04:47.686910+00:00,190390001281A,7.6,Bueno,9.1,Bueno,promedio_sensores,1,327,0,0,0
2026-09-30T05:04:47.686910+00:00,1903900012877,2.99,Bueno,3.5,Bueno,interpolacion_delaunay,0,0,0,0,0
2026-09-30T05:04:47.686910+00:00,1903900013451,10.88,Bueno,12.16,Bueno,interpolacion_delaunay,0,4308,421,672,304
2026-09-30T05:04:47.686910+00:00,1903900013555,8.37,Bueno,8.87,Bueno,interpolacion_delaunay,0,4663,290,902,166
2026-09-30T05:04:47.686910+00:00,1903900013593,9.71,Bueno,10.72,Bueno,interpolacion_delaunay,0,2322,237,355,231
2026-09-30T05:04:47.686910+00:00,1903900013606,11.08,Bueno,11.98,Bueno,interpolacion_delaunay,0,2907,266,482,206
2026-09-30T05:04:47.686910+00:00,1903900013610,8.39,Bueno,9.33,Bueno,interpolacion_delaunay,0,2513,260,368,178
2026-09-30T05:04:47.686910+00:00,1903900013659,12.83,Bueno,14.06,Bueno,interpolacion_delaunay,0,1885,176,371,95
2026-09-30T05:04:47.686910+00:00,190390001406A,10.71,Bueno,11.91,Bueno,interpolacion_delaunay,0,4196,447,516,257
2026-09-30T05:04:47.686910+00:00,1903900014093,12.0,Bueno,13.29,Bueno,interpolacion_delaunay,0,3096,303,444,145
2026-09-30T05:04:47.686910+00:00,1903900014144,12.05,Bueno,16.8,Bueno,interpolacion_delaunay,0,883,38,360,125
2026-09-30T05:04:47.686910+00:00,1903900014159,1.6,Bueno,2.3,Bueno,promedio_sensores,1,620,20,142,55
2026-09-30T05:04:47.686910+00:00,1903900014500,11.92,Bueno,13.24,Bueno,interpolacion_delaunay,0,3056,353,283,111
2026-09-30T05:04:47.686910+00:00,1903900014515,12.07,Bueno,13.47,Bueno,interpolacion_delaunay,0,3391,252,688,180
2026-09-30T05:04:47.686910+00:00,1903900014549,11.21,Bueno,12.61,Bueno,interpolacion_delaunay,0,4319,365,785,218
2026-09-30T05:04:47.686910+00:00,1903900014553,10.94,Bueno,12.33,Bueno,interpolacion_delaunay,0,3885,315,748,307
2026-09-30T05:04:47.686910+00:00,1903900014619,1.94,Bueno,2.3,Bueno,interpolacion_delaunay,0,2679,137,355,34
2026-09-30T05:04:47.686910+00:00,1903900014623,11.3,Bueno,11.9,Bueno,promedio_sensores,1,1853,99,476,133
2026-09-30T05:04:47.686910+00:00,1903900014731,12.12,Bueno,12.77,Bueno,interpolacion_delaunay,0,2772,164,687,112
2026-09-30T05:04:47.686910+00:00,1903900014905,6.53,Bueno,6.79,Bueno,interpolacion_delaunay,0,2280,182,284,44
2026-09-30T05:04:47.686910+00:00,190390001491A,5.79,Bueno,6.12,Bueno,interpolacion_delaunay,0,897,47,73,0
2026-09-30T05:04:47.686910+00:00,1903900014924,9.7,Bueno,9.8,Bueno,promedio_sensores,1,2425,136,485,38
2026-09-30T05:04:47.686910+00:00,1903900014939,11.07,Bueno,11.61,Bueno,interpolacion_delaunay,0,1974,92,485,50
2026-09-30T05:04:47.686910+00:00,1903900015142,9.92,Bueno,10.38,Bueno,interpolacion_delaunay,0,2839,330,193,45
2026-09-30T05:04:47.686910+00:00,1903900011385,10.33,Bueno,11.5,Bueno,interpolacion_delaunay,0,1585,87,442,107
2026-09-30T05:04:47.686910+00:00,1903900012805,11.37,Bueno,12.66,Bueno,interpolacion_delaunay,0,3258,186,362,30
2026-09-30T05:04:47.686910+00:00,1903900011826,11.71,Bueno,12.38,Bueno,interpolacion_delaunay,0,1966,181,300,39
2026-09-30T05:04:47.686910+00:00,1903900012468,10.42,Bueno,11.82,Bueno,interpolacion_delaunay,0,3979,370,451,75
2026-09-30T05:04:47.686910+00:00,1903900012133,12.97,Bueno,13.97,Bueno,interpolacion_delaunay,0,3643,409,514,130
2026-09-30T05:04:47.686910+00:00,1903900014182,12.31,Bueno,13.33,Bueno,interpolacion_delaunay,0,2164,180,491,80
2026-09-30T05:04:47.686910+00:00,1903900012152,11.7,Bueno,12.81,Bueno,interpolacion_delaunay,0,2360,140,519,93
2026-09-30T05:04:47.686910+00:00,1903900012082,11.76,Bueno,12.76,Bueno,interpolacion_delaunay,0,2402,95,700,143
2026-09-30T05:04:47.686910+00:00,1903900013663,12.15,Bueno,13.17,Bueno,interpolacion_delaunay,0,4832,422,675,278
2026-09-30T05:04:47.686910+00:00,1903900013714,14.35,Bueno,17.41,Bueno,interpolacion_delaunay,0,4743,468,751,239
2026-09-30T05:04:47.686910+00:00,1903900012858,8.28,Bueno,8.65,Bueno,interpolacion_delaunay,0,0,0,0,0
2026-09-30T05:04:47.686910+00:00,1903900012839,6.62,Bueno,7.63,Bueno,interpolacion_delaunay,0,426,30,39,0
2026-09-30T05:04:47.686910+00:00,1903900012843,14.0,Bueno,14.7,Bueno,promedio_sensores,1,3288,154,618,59
2026-09-30T05:04:47.686910+00:00,1903900012862,4.64,Bueno,5.43,Bueno,interpolacion_delaunay,0,0,0,0,0
2026-09-30T05:04:47.686910+00:00,1903900013733,10.78,Bueno,13.09,Bueno,interpolacion_delaunay,0,1895,90,465,59
2026-09-30T05:04:47.686910+00:00,1903900012294,10.86,Bueno,11.31,Bueno,interpolacion_delaunay,0,3104,120,1010,138
2026-09-30T05:04:47.686910+00:00,190390001228A,12.7,Bueno,13.28,Bueno,interpolacion_delaunay,0,2430,94,799,56
2026-09-30T05:04:47.686910+00:00,1903900010423,10.59,Bueno,11.96,Bueno,interpolacion_delaunay,0,3542,305,682,134
2026-09-30T05:04:47.686910+00:00,1903900010334,10.34,Bueno,11.67,Bueno,interpolacion_delaunay,0,878,76,200,70
2026-09-30T05:04:47.686910+00:00,1903900010071,12.01,Bueno,13.09,Bueno,interpolacion_delaunay,0,2520,129,682,146
2026-09-30T05:04:47.686910+00:00,1903900014869,1.1,Bueno,1.2,Bueno,interpolacion_delaunay,0,4404,353,307,53
2026-09-30T05:04:47.686910+00:00,1903900013748,7.41,Bueno,8.89,Bueno,interpolacion_delaunay,0,3552,225,627,97
2026-09-30T05:04:47.686910+00:00,1903900011050,8.97,Bueno,9.97,Bueno,interpolacion_delaunay,0,1589,135,342,104
2026-09-30T05:04:47.686910+00:00,1903900011116,9.08,Bueno,10.24,Bueno,interpolacion_delaunay,0,0,0,0,0
2026-09-30T05:04:47.686910+00:00,1903900010809,9.67,Bueno,10.76,Bueno,interpolacion_delaunay,0,59,3,14,3
2026-09-30T05:04:47.686910+00:00,1903900010989,9.71,Bueno,10.63,Bueno,interpolacion_delaunay,0,6061,564,591,133
2026-09-30T05:04:47.686910+00:00,1903900010851,8.85,Bueno,9.87,Bueno,interpolacion_delaunay,0,1601,105,413,68
2026-09-30T05:04:47.686910+00:00,1903900013413,9.22,Bueno,9.78,Bueno,interpolacion_delaunay,0,7251,522,1316,316
2026-09-30T05:04:47.686910+00:00,1903900010033,10.81,Bueno,11.44,Bueno,interpolacion_delaunay,0,3321,285,588,124
2026-09-30T05:04:47.686910+00:00,1903900010137,9.88,Bueno,10.45,Bueno,interpolacion_delaunay,0,4478,279,1202,320
2026-09-30T05:04:47.686910+00:00,1903900010141,11.23,Bueno,12.28,Bueno,interpolacion_delaunay,0,4273,225,965,185
2026-09-30T05:04:47.686910+00:00,1903900010762,10.49,Bueno,11.61,Bueno,interpolacion_delaunay,0,1600,114,337,68
2026-09-30T05:04:47.686910+00:00,1903900014106,12.29,Bueno,13.64,Bueno,interpolacion_delaunay,0,4189,248,1019,177
2026-09-30T05:04:47.686910+00:00,1903900014110,12.51,Bueno,13.96,Bueno,interpolacion_delaunay,0,2699,161,643,225
2026-09-30T05:04:47.686910+00:00,1903900010921,10.74,Bueno,11.83,Bueno,interpolacion_delaunay,0,2388,213,393,106
2026-09-30T05:04:47.686910+00:00,1903900010669,10.86,Bueno,12.07,Bueno,interpolacion_delaunay,0,2152,159,463,119
2026-09-30T05:04:47.686910+00:00,1903900010067,12.01,Bueno,13.04,Bueno,interpolacion_delaunay,0,2799,155,819,158
2026-09-30T05:04:47.686910+00:00,1903900010688,10.14,Bueno,11.33,Bueno,interpolacion_delaunay,0,2838,195,394,149
2026-09-30T05:04:47.686910+00:00,1903900010584,10.21,Bueno,11.52,Bueno,interpolacion_delaunay,0,3226,273,587,141
2026-09-30T05:04:47.686910+00:00,1903900011417,10.95,Bueno,11.36,Bueno,interpolacion_delaunay,0,3077,152,970,79
2026-09-30T05:04:47.686910+00:00,1903900013837,10.97,Bueno,11.43,Bueno,interpolacion_delaunay,0,3561,193,908,77
2026-09-30T05:04:47.686910+00:00,1903900013930,10.73,Bueno,11.76,Bueno,interpolacion_delaunay,0,1431,202,111,73
2026-09-30T05:04:47.686910+00:00,1903900014055,10.77,Bueno,11.91,Bueno,interpolacion_delaunay,0,4222,525,372,136
2026-09-30T05:04:47.686910+00:00,190390001420A,12.34,Bueno,13.56,Bueno,interpolacion_delaunay,0,3029,320,382,97
2026-09-30T05:04:47.686910+00:00,1903900014197,12.25,Bueno,13.39,Bueno,interpolacion_delaunay,0,2456,248,321,138
2026-09-30T05:04:47.686910+00:00,1903900010974,10.02,Bueno,10.99,Bueno,interpolacion_delaunay,0,781,39,192,50
2026-09-30T05:04:47.686910+00:00,1903900011084,9.25,Bueno,10.45,Bueno,interpolacion_delaunay,0,1782,162,338,82
2026-09-30T05:04:47.686910+00:00,1903900010847,8.81,Bueno,9.66,Bueno,interpolacion_delaunay,0,1023,82,199,53
2026-09-30T05:04:47.686910+00:00,1903900010993,9.28,Bueno,10.14,Bueno,interpolacion_delaunay,0,1086,95,211,53
2026-09-30T05:04:47.686910+00:00,1903900010372,12.23,Bueno,13.62,Bueno,interpolacion_delaunay,0,2524,139,785,102
2026-09-30T05:04:47.686910+00:00,1903900011031,8.82,Bueno,9.66,Bueno,interpolacion_delaunay,0,1190,84,257,58
2026-09-30T05:04:47.686910+00:00,1903900010902,11.4,Bueno,12.52,Bueno,interpolacion_delaunay,0,3066,119,898,183
2026-09-30T05:04:47.686910+00:00,1903900010777,10.26,Bueno,11.36,Bueno,interpolacion_delaunay,0,1329,106,264,76
2026-09-30T05:04:47.686910+00:00,1903900010781,10.09,Bueno,11.16,Bueno,interpolacion_delaunay,0,242,8,54,15
2026-09-30T05:04:47.686910+00:00,1903900014572,9.38,Bueno,10.13,Bueno,interpolacion_delaunay,0,1442,81,389,93
2026-09-30T05:04:47.686910+00:00,1903900014676,12.17,Bueno,13.57,Bueno,interpolacion_delaunay,0,2120,102,506,104
2026-09-30T05:04:47.686910+00:00,190390001025A,12.35,Bueno,13.61,Bueno,interpolacion_delaunay,0,3942,258,986,278
2026-09-30T05:04:47.686910+00:00,1903900010495,11.96,Bueno,13.39,Bueno,interpolacion_delaunay,0,1812,109,420,98
2026-09-30T05:04:47.686910+00:00,1903900010917,11.0,Bueno,12.1,Bueno,promedio_sensores,1,2843,155,698,133
2026-09-30T05:04:47.686910+00:00,1903900010955,10.37,Bueno,11.42,Bueno,interpolacion_delaunay,0,288,25,64,22
2026-09-30T05:04:47.686910+00:00,1903900013697,17.32,Aceptable,20.99,Bueno,interpolacion_delaunay,0,1977,183,341,77
2026-09-30T05:04:47.686910+00:00,1903900013860,10.92,Bueno,12.04,Bueno,interpolacion_delaunay,0,3174,344,383,184
2026-09-30T05:04:47.686910+00:00,1903900015439,4.5,Bueno,4.79,Bueno,interpolacion_delaunay,0,627,97,12,5
2026-09-30T05:04:47.686910+00:00,1903900011027,9.04,Bueno,9.8,Bueno,interpolacion_delaunay,0,509,36,115,25
2026-09-30T05:04:47.686910+00:00,1903900013998,11.15,Bueno,11.94,Bueno,interpolacion_delaunay,0,5766,706,558,248
2026-09-30T05:04:47.686910+00:00,190390001477A,7.5,Bueno,7.67,Bueno,interpolacion_delaunay,0,550,33,68,4
2026-09-30T05:04:47.686910+00:00,1903900014002,11.09,Bueno,11.94,Bueno,interpolacion_delaunay,0,5494,669,668,240
2026-09-30T05:04:47.686910+00:00,1903900014873,0.42,Bueno,0.47,Bueno,interpolacion_delaunay,0,2383,154,261,52
2026-09-30T05:04:47.686910+00:00,1903900011008,9.46,Bueno,10.27,Bueno,interpolacion_delaunay,0,1877,145,377,135
2026-09-30T05:04:47.686910+00:00,1903900011313,9.19,Bueno,9.98,Bueno,interpolacion_delaunay,0,5055,336,882,185
2026-09-30T05:04:47.686910+00:00,190390001139A,9.44,Bueno,10.63,Bueno,interpolacion_delaunay,0,1079,59,290,49
2026-09-30T05:04:47.686910+00:00,1903900011402,9.43,Bueno,10.59,Bueno,interpolacion_delaunay,0,681,31,196,23
2026-09-30T05:04:47.686910+00:00,1903900012519,11.18,Bueno,11.94,Bueno,interpolacion_delaunay,0,5642,661,498,241
2026-09-30T05:04:47.686910+00:00,1903900013822,10.46,Bueno,10.84,Bueno,interpolacion_delaunay,0,6050,361,890,140
2026-09-30T05:04:47.686910+00:00,1903900013964,10.75,Bueno,11.34,Bueno,interpolacion_delaunay,0,728,55,70,19
2026-09-30T05:04:47.686910+00:00,1903900014125,12.44,Bueno,13.9,Bueno,interpolacion_delaunay,0,1881,174,361,63
2026-09-30T05:04:47.686910+00:00,190390001452A,10.17,Bueno,11.35,Bueno,interpolacion_delaunay,0,2471,240,363,186
2026-09-30T05:04:47.686910+00:00,190390001413A,12.46,Bueno,13.9,Bueno,interpolacion_delaunay,0,2082,180,339,126
2026-09-30T05:04:47.686910+00:00,1903900010461,12.9,Bueno,14.4,Bueno,promedio_sensores,1,3422,173,1112,139
2026-09-30T05:04:47.686910+00:00,1903900014534,10.09,Bueno,11.39,Bueno,interpolacion_delaunay,0,1267,111,229,29
2026-09-30T05:04:47.686910+00:00,1903900013767,4.42,Bueno,4.61,Bueno,interpolacion_delaunay,0,2308,117,605,127
2026-09-30T05:04:47.686910+00:00,1903900012345,6.32,Bueno,7.69,Bueno,interpolacion_delaunay,0,2632,98,737,80
2026-09-30T05:04:47.686910+00:00,1903900012364,0.0,Bueno,0.0,Bueno,promedio_sensores,1,2327,116,787,61
2026-09-30T05:04:47.686910+00:00,1903900011629,18.2,Aceptable,25.9,Bueno,promedio_sensores,1,2881,196,402,58
2026-09-30T05:04:47.686910+00:00,1903900013396,11.24,Bueno,12.26,Bueno,interpolacion_delaunay,0,4014,389,664,275
2026-09-30T05:04:47.686910+00:00,1903900010245,6.59,Bueno,7.04,Bueno,interpolacion_delaunay,0,2709,131,764,208
2026-09-30T05:04:47.686910+00:00,1903900015284,5.69,Bueno,5.99,Bueno,interpolacion_delaunay,0,513,29,60,13
2026-09-30T05:04:47.686910+00:00,1903900010118,11.35,Bueno,12.42,Bueno,interpolacion_delaunay,0,4580,383,955,302
2026-09-30T05:04:47.686910+00:00,1903900010052,11.34,Bueno,12.31,Bueno,interpolacion_delaunay,0,3869,304,717,323
2026-09-30T05:04:47.686910+00:00,1903900015123,11.02,Bueno,11.93,Bueno,interpolacion_delaunay,0,68,3,4,3
2026-09-30T05:04:47.686910+00:00,1903900014036,11.01,Bueno,12.0,Bueno,interpolacion_delaunay,0,4679,569,514,263
2026-09-30T05:04:47.686910+00:00,1903900010508,11.73,Bueno,13.19,Bueno,interpolacion_delaunay,0,3451,202,579,150
2026-09-30T05:04:47.686910+00:00,1903900010527,11.48,Bueno,12.92,Bueno,interpolacion_delaunay,0,1779,95,454,127
2026-09-30T05:04:47.686910+00:00,1903900013729,10.43,Bueno,12.5,Bueno,interpolacion_delaunay,0,3410,392,357,136
2026-09-30T05:04:47.686910+00:00,190390001370A,14.1,Bueno,16.99,Bueno,interpolacion_delaunay,0,4006,357,563,228
2026-09-30T05:04:47.686910+00:00,1904600010362,8.3,Bueno,9.3,Bueno,interpolacion_delaunay,0,5505,271,1291,301
2026-09-30T05:04:47.686910+00:00,1904600011483,13.36,Bueno,14.6,Bueno,interpolacion_delaunay,0,2026,111,597,94
2026-09-30T05:04:47.686910+00:00,1904600011638,7.3,Bueno,8.08,Bueno,interpolacion_delaunay,0,4053,248,498,114
2026-09-30T05:04:47.686910+00:00,1904600010998,7.73,Bueno,8.61,Bueno,interpolacion_delaunay,0,5855,449,1099,257
2026-09-30T05:04:47.686910+00:00,1904600011676,8.88,Bueno,9.83,Bueno,interpolacion_delaunay,0,362,30,69,27
2026-09-30T05:04:47.686910+00:00,1904600010216,10.0,Bueno,11.4,Bueno,promedio_sensores,1,2042,50,546,50
2026-09-30T05:04:47.686910+00:00,1904600010536,8.26,Bueno,9.16,Bueno,interpolacion_delaunay,0,4997,504,603,104
2026-09-30T05:04:47.686910+00:00,1904600011708,7.51,Bueno,8.27,Bueno,interpolacion_delaunay,0,1763,89,284,44
2026-09-30T05:04:47.686910+00:00,190460001070A,8.28,Bueno,9.09,Bueno,interpolacion_delaunay,0,1273,69,137,48
2026-09-30T05:04:47.686910+00:00,1904600011375,7.21,Bueno,7.95,Bueno,interpolacion_delaunay,0,5964,475,946,326
2026-09-30T05:04:47.686910+00:00,1904600011286,8.16,Bueno,9.13,Bueno,interpolacion_delaunay,0,2603,117,839,196
2026-09-30T05:04:47.686910+00:00,1904600011623,7.26,Bueno,8.02,Bueno,interpolacion_delaunay,0,4225,248,423,136
2026-09-30T05:04:47.686910+00:00,1904600010786,7.42,Bueno,8.18,Bueno,interpolacion_delaunay,0,4690,309,1009,269
2026-09-30T05:04:47.686910+00:00,190460001024A,8.41,Bueno,9.41,Bueno,interpolacion_delaunay,0,2748,75,850,176
2026-09-30T05:04:47.686910+00:00,1904600010875,7.99,Bueno,8.94,Bueno,interpolacion_delaunay,0,3785,202,993,129
2026-09-30T05:04:47.686910+00:00,1904600010324,8.64,Bueno,9.75,Bueno,interpolacion_delaunay,0,2214,97,651,92
2026-09-30T05:04:47.686910+00:00,1904600011233,7.95,Bueno,8.93,Bueno,interpolacion_delaunay,0,3010,241,577,204
2026-09-30T05:04:47.686910+00:00,1904600010131,8.91,Bueno,10.14,Bueno,interpolacion_delaunay,0,4113,160,1393,177
2026-09-30T05:04:47.686910+00:00,1904600010184,9.05,Bueno,10.3,Bueno,interpolacion_delaunay,0,3438,93,1132,126
2026-09-30T05:04:47.686910+00:00,1904600010235,8.85,Bueno,9.98,Bueno,interpolacion_delaunay,0,2765,104,711,111
2026-09-30T05:04:47.686910+00:00,1904600010466,9.44,Bueno,10.78,Bueno,interpolacion_delaunay,0,2212,113,500,58
2026-09-30T05:04:47.686910+00:00,190460001049A,9.67,Bueno,11.03,Bueno,interpolacion_delaunay,0,2827,123,674,44
2026-09-30T05:04:47.686910+00:00,1904600011407,8.25,Bueno,9.17,Bueno,interpolacion_delaunay,0,3464,317,610,173
2026-09-30T05:04:47.686910+00:00,1904600011642,8.34,Bueno,9.45,Bueno,interpolacion_delaunay,0,2601,116,623,113
2026-09-30T05:04:47.686910+00:00,1904600011731,8.58,Bueno,9.57,Bueno,interpolacion_delaunay,0,3017,207,561,120
2026-09-30T05:04:47.686910+00:00,1904600010108,7.71,Bueno,8.73,Bueno,interpolacion_delaunay,0,2483,125,582,112
2026-09-30T05:04:47.686910+00:00,1904600010127,7.71,Bueno,8.62,Bueno,interpolacion_delaunay,0,4270,186,1281,297
2026-09-30T05:04:47.686910+00:00,1904600010292,9.1,Bueno,10.16,Bueno,interpolacion_delaunay,0,0,0,0,0
2026-09-30T05:04:47.686910+00:00,1904600010714,7.49,Bueno,8.36,Bueno,interpolacion_delaunay,0,3666,266,947,309
2026-09-30T05:04:47.686910+00:00,1904600010860,8.3,Bueno,9.25,Bueno,interpolacion_delaunay,0,3290,227,721,158
2026-09-30T05:04:47.686910+00:00,1904600011002,7.89,Bueno,8.76,Bueno,interpolacion_delaunay,0,3262,289,695,194
2026-09-30T05:04:47.686910+00:00,190460001120A,7.9,Bueno,8.88,Bueno,interpolacion_delaunay,0,3141,265,631,179
2026-09-30T05:04:47.686910+00:00,1904600011341,7.87,Bueno,8.7,Bueno,interpolacion_delaunay,0,3608,289,555,127
2026-09-30T05:04:47.686910+00:00,1904600011426,7.68,Bueno,8.56,Bueno,interpolacion_delaunay,0,3335,302,691,164
2026-09-30T05:04:47.686910+00:00,190460001177A,9.68,Bueno,10.97,Bueno,interpolacion_delaunay,0,2611,224,320,95
2026-09-30T05:04:47.686910+00:00,1904600010042,9.64,Bueno,10.78,Bueno,interpolacion_delaunay,0,1646,90,422,69
2026-09-30T05:04:47.686910+00:00,1904600010057,9.28,Bueno,10.37,Bueno,interpolacion_delaunay,0,1216,61,388,100
2026-09-30T05:04:47.686910+00:00,1904600010076,7.92,Bueno,8.86,Bueno,interpolacion_delaunay,0,3762,199,1053,215
2026-09-30T05:04:47.686910+00:00,1904600010095,8.28,Bueno,9.33,Bueno,interpolacion_delaunay,0,1199,53,337,85
2026-09-30T05:04:47.686910+00:00,1904600010146,7.99,Bueno,9.05,Bueno,interpolacion_delaunay,0,2987,160,749,104
2026-09-30T05:04:47.686910+00:00,190460001017A,7.54,Bueno,8.45,Bueno,interpolacion_delaunay,0,4101,180,1201,211
2026-09-30T05:04:47.686910+00:00,1904600010201,7.72,Bueno,8.71,Bueno,interpolacion_delaunay,0,3988,173,1242,253
2026-09-30T05:04:47.686910+00:00,1904600010220,9.66,Bueno,10.94,Bueno,interpolacion_delaunay,0,1869,61,495,59
2026-09-30T05:04:47.686910+00:00,190460001031A,8.45,Bueno,9.52,Bueno,interpolacion_delaunay,0,2149,134,353,62
2026-09-30T05:04:47.686910+00:00,1904600010343,7.88,Bueno,8.82,Bueno,interpolacion_delaunay,0,5532,394,1335,345
2026-09-30T05:04:47.686910+00:00,1904600010381,8.63,Bueno,9.69,Bueno,interpolacion_delaunay,0,3251,164,847,172
2026-09-30T05:04:47.686910+00:00,1904600010413,9.19,Bueno,10.51,Bueno,interpolacion_delaunay,0,4002,238,499,120
2026-09-30T05:04:47.686910+00:00,1904600010485,9.98,Bueno,11.31,Bueno,interpolacion_delaunay,0,3150,144,1004,109
2026-09-30T05:04:47.686910+00:00,1904600010540,7.49,Bueno,8.38,Bueno,interpolacion_delaunay,0,4952,283,1289,225
2026-09-30T05:04:47.686910+00:00,1904600010555,8.21,Bueno,9.08,Bueno,interpolacion_delaunay,0,0,0,0,0
2026-09-30T05:04:47.686910+00:00,1904600010593,7.37,Bueno,8.22,Bueno,interpolacion_delaunay,0,5785,417,488,81
2026-09-30T05:04:47.686910+00:00,1904600010610,8.67,Bueno,9.55,Bueno,interpolacion_delaunay,0,4819,442,219,35
2026-09-30T05:04:47.686910+00:00,1904600010625,7.69,Bueno,8.54,Bueno,interpolacion_delaunay,0,684,56,110,22
2026-09-30T05:04:47.686910+00:00,1904600010659,7.24,Bueno,8.07,Bueno,interpolacion_delaunay,0,0,0,0,0
2026-09-30T05:04:47.686910+00:00,1904600010729,7.34,Bueno,8.17,Bueno,interpolacion_delaunay,0,0,0,0,0
2026-09-30T05:04:47.686910+00:00,1904600010752,7.71,Bueno,8.59,Bueno,interpolacion_delaunay,0,2043,121,429,51
2026-09-30T05:04:47.686910+00:00,1904600010790,7.62,Bueno,8.39,Bueno,interpolacion_delaunay,0,0,0,0,0
2026-09-30T05:04:47.686910+00:00,1904600010822,8.36,Bueno,9.31,Bueno,interpolacion_delaunay,0,1808,142,329,116
2026-09-30T05:04:47.686910+00:00,1904600010841,8.29,Bueno,9.26,Bueno,interpolacion_delaunay,0,2675,196,623,119
2026-09-30T05:04:47.686910+00:00,1904600010856,8.16,Bueno,9.12,Bueno,interpolacion_delaunay,0,5049,305,900,195
2026-09-30T05:04:47.686910+00:00,190460001088A,13.74,Bueno,14.93,Bueno,interpolacion_delaunay,0,4232,220,1219,162
2026-09-30T05:04:47.686910+00:00,1904600010894,12.1,Bueno,13.22,Bueno,interpolacion_delaunay,0,2806,182,550,130
2026-09-30T05:04:47.686910+00:00,1904600010907,8.05,Bueno,8.98,Bueno,interpolacion_delaunay,0,3550,247,722,168
2026-09-30T05:04:47.686910+00:00,1904600010930,8.62,Bueno,9.83,Bueno,interpolacion_delaunay,0,3021,143,721,82
2026-09-30T05:04:47.686910+00:00,1904600010945,8.47,Bueno,9.63,Bueno,interpolacion_delaunay,0,3597,162,944,129
2026-09-30T05:04:47.686910+00:00,190460001095A,7.92,Bueno,8.81,Bueno,interpolacion_delaunay,0,3265,234,654,254
2026-09-30T05:04:47.686910+00:00,1904600010979,7.31,Bueno,8.21,Bueno,interpolacion_delaunay,0,2747,114,869,151
2026-09-30T05:04:47.686910+00:00,1904600011017,7.7,Bueno,8.56,Bueno,interpolacion_delaunay,0,4599,402,752,199
2026-09-30T05:04:47.686910+00:00,1904600011021,7.23,Bueno,8.11,Bueno,interpolacion_delaunay,0,4072,223,1090,178
2026-09-30T05:04:47.686910+00:00,1904600011040,7.38,Bueno,8.28,Bueno,interpolacion_delaunay,0,3276,150,902,88
2026-09-30T05:04:47.686910+00:00,1904600011055,7.29,Bueno,8.16,Bueno,interpolacion_delaunay,0,7096,477,1425,285
2026-09-30T05:04:47.686910+00:00,190460001106A,7.87,Bueno,8.73,Bueno,interpolacion_delaunay,0,1152,61,261,64
2026-09-30T05:04:47.686910+00:00,1904600011074,7.75,Bueno,8.72,Bueno,interpolacion_delaunay,0,4901,241,744,96
2026-09-30T05:04:47.686910+00:00,1904600011089,7.43,Bueno,8.33,Bueno,interpolacion_delaunay,0,3306,318,659,199
2026-09-30T05:04:47.686910+00:00,1904600011093,7.56,Bueno,8.37,Bueno,interpolacion_delaunay,0,3302,217,861,180
2026-09-30T05:04:47.686910+00:00,1904600011106,7.83,Bueno,8.63,Bueno,interpolacion_delaunay,0,3881,243,712,89
2026-09-30T05:04:47.686910+00:00,1904600011110,8.39,Bueno,9.23,Bueno,interpolacion_delaunay,0,3018,178,738,133
2026-09-30T05:04:47.686910+00:00,1904600011125,7.75,Bueno,8.71,Bueno,interpolacion_delaunay,0,3318,323,549,240
2026-09-30T05:04:47.686910+00:00,190460001113A,7.69,Bueno,8.63,Bueno,interpolacion_delaunay,0,3513,294,662,255
2026-09-30T05:04:47.686910+00:00,1904600011144,7.64,Bueno,8.56,Bueno,interpolacion_delaunay,0,3223,294,460,148
2026-09-30T05:04:47.686910+00:00,1904600011159,7.21,Bueno,8.0,Bueno,interpolacion_delaunay,0,4682,317,917,254
2026-09-30T05:04:47.686910+00:00,1904600011163,7.28,Bueno,8.07,Bueno,interpolacion_delaunay,0,4463,291,849,173
2026-09-30T05:04:47.686910+00:00,1904600011178,7.47,Bueno,8.26,Bueno,interpolacion_delaunay,0,2288,137,771,142
2026-09-30T05:04:47.686910+00:00,1904600011182,7.41,Bueno,8.2,Bueno,interpolacion_delaunay,0,2567,158,877,192
2026-09-30T05:04:47.686910+00:00,1904600011197,7.29,Bueno,8.08,Bueno,interpolacion_delaunay,0,2285,129,707,149
2026-09-30T05:04:47.686910+00:00,1904600011214,8.12,Bueno,9.14,Bueno,interpolacion_delaunay,0,2395,153,608,159
2026-09-30T05:04:47.686910+00:00,1904600011229,8.17,Bueno,9.19,Bueno,interpolacion_delaunay,0,3808,341,729,252
2026-09-30T05:04:47.686910+00:00,1904600011248,7.72,Bueno,8.63,Bueno,interpolacion_delaunay,0,3448,233,731,165
2026-09-30T05:04:47.686910+00:00,1904600011252,8.21,Bueno,9.21,Bueno,interpolacion_delaunay,0,3638,249,902,255
2026-09-30T05:04:47.686910+00:00,1904600011271,7.98,Bueno,8.9,Bueno,interpolacion_delaunay,0,3393,200,1049,183
2026-09-30T05:04:47.686910+00:00,1904600011290,7.77,Bueno,8.68,Bueno,interpolacion_delaunay,0,3613,204,959,164
2026-09-30T05:04:47.686910+00:00,1904600011303,7.88,Bueno,8.78,Bueno,interpolacion_delaunay,0,4255,296,730,120
2026-09-30T05:04:47.686910+00:00,1904600011318,7.2,Bueno,8.1,Bueno,promedio_sensores,1,2617,117,712,78
2026-09-30T05:04:47.686910+00:00,1904600011322,7.25,Bueno,8.15,Bueno,interpolacion_delaunay,0,3209,131,1071,177
2026-09-30T05:04:47.686910+00:00,1904600011356,7.48,Bueno,8.3,Bueno,interpolacion_delaunay,0,5344,302,754,186
2026-09-30T05:04:47.686910+00:00,190460001138A,8.56,Bueno,9.53,Bueno,interpolacion_delaunay,0,2330,116,772,143
2026-09-30T05:04:47.686910+00:00,1904600011394,9.53,Bueno,10.53,Bueno,interpolacion_delaunay,0,2495,152,536,127
2026-09-30T05:04:47.686910+00:00,1904600011430,7.46,Bueno,8.34,Bueno,interpolacion_delaunay,0,4835,297,977,195
2026-09-30T05:04:47.686910+00:00,1904600011445,7.43,Bueno,8.25,Bueno,interpolacion_delaunay,0,2396,140,277,35
2026-09-30T05:04:47.686910+00:00,190460001145A,7.66,Bueno,8.52,Bueno,interpolacion_delaunay,0,4010,242,623,75
2026-09-30T05:04:47.686910+00:00,1904600011464,8.44,Bueno,9.62,Bueno,interpolacion_delaunay,0,3269,192,527,50
2026-09-30T05:04:47.686910+00:00,1904600011479,10.44,Bueno,11.65,Bueno,interpolacion_delaunay,0,2267,102,540,81
2026-09-30T05:04:47.686910+00:00,1904600011500,8.19,Bueno,9.12,Bueno,interpolacion_delaunay,0,4575,375,784,254
2026-09-30T05:04:47.686910+00:00,1904600011515,8.06,Bueno,8.98,Bueno,interpolacion_delaunay,0,1791,111,314,102
2026-09-30T05:04:47.686910+00:00,190460001152A,8.02,Bueno,8.92,Bueno,interpolacion_delaunay,0,3396,254,719,167
2026-09-30T05:04:47.686910+00:00,1904600011534,8.02,Bueno,8.91,Bueno,interpolacion_delaunay,0,5740,487,560,132
2026-09-30T05:04:47.686910+00:00,1904600011549,7.41,Bueno,8.29,Bueno,interpolacion_delaunay,0,4515,263,831,205
2026-09-30T05:04:47.686910+00:00,1904600011568,7.77,Bueno,8.6,Bueno,interpolacion_delaunay,0,4996,283,463,138
2026-09-30T05:04:47.686910+00:00,1904600011572,7.77,Bueno,8.6,Bueno,interpolacion_delaunay,0,4541,345,482,121
2026-09-30T05:04:47.686910+00:00,1904600011587,8.56,Bueno,9.42,Bueno,interpolacion_delaunay,0,2786,153,244,33
2026-09-30T05:04:47.686910+00:00,1904600011591,8.48,Bueno,9.32,Bueno,interpolacion_delaunay,0,3387,245,335,48
2026-09-30T05:04:47.686910+00:00,1904600011604,7.69,Bueno,8.58,Bueno,interpolacion_delaunay,0,3298,256,771,245
2026-09-30T05:04:47.686910+00:00,1904600011619,7.96,Bueno,8.9,Bueno,interpolacion_delaunay,0,3765,260,958,269
2026-09-30T05:04:47.686910+00:00,1904600011657,8.16,Bueno,9.19,Bueno,interpolacion_delaunay,0,3567,176,481,50
2026-09-30T05:04:47.686910+00:00,1904600011661,8.19,Bueno,9.03,Bueno,interpolacion_delaunay,0,282,11,66,6
2026-09-30T05:04:47.686910+00:00,1904600011727,12.81,Bueno,13.95,Bueno,interpolacion_delaunay,0,3412,179,655,144
2026-09-30T05:04:47.686910+00:00,1904600011746,7.41,Bueno,8.33,Bueno,interpolacion_delaunay,0,3218,196,815,117
2026-09-30T05:04:47.686910+00:00,1904600011750,7.68,Bueno,8.65,Bueno,interpolacion_delaunay,0,4162,197,210,54
2026-09-30T05:04:47.686910+00:00,1904600011765,9.87,Bueno,11.06,Bueno,interpolacion_delaunay,0,3860,405,397,208
2026-09-30T05:04:47.686910+00:00,1904600010663,7.26,Bueno,8.08,Bueno,interpolacion_delaunay,0,198,8,27,0
2026-09-30T05:04:47.686910+00:00,1904600010926,8.32,Bueno,9.25,Bueno,interpolacion_delaunay,0,5007,437,867,291
2026-09-30T05:04:47.686910+00:00,1904600010339,8.62,Bueno,9.72,Bueno,interpolacion_delaunay,0,1314,68,335,78
2026-09-30T05:04:47.686910+00:00,1904600011267,8.49,Bueno,9.55,Bueno,interpolacion_delaunay,0,3908,248,1102,331
2026-09-30T05:04:47.686910+00:00,1904600011712,8.1,Bueno,8.89,Bueno,interpolacion_delaunay,0,3272,182,300,58
2026-09-30T05:04:47.686910+00:00,1904600010447,9.75,Bueno,10.79,Bueno,interpolacion_delaunay,0,4132,230,437,113
2026-09-30T05:04:47.686910+00:00,1904600011498,15.53,Aceptable,16.8,Bueno,interpolacion_delaunay,0,3212,141,667,65
2026-09-30T05:04:47.686910+00:00,1904600010682,7.65,Bueno,8.45,Bueno,interpolacion_delaunay,0,6498,485,714,113
2026-09-30T05:04:47.686910+00:00,1903100450393,10.93,Bueno,12.23,Bueno,interpolacion_delaunay,0,4470,331,183,115
2026-09-30T05:04:47.686910+00:00,1903100451090,8.47,Bueno,9.75,Bueno,interpolacion_delaunay,0,3117,391,133,67
2026-09-30T05:04:47.686910+00:00,1903100010340,6.28,Bueno,7.38,Bueno,interpolacion_delaunay,0,3444,349,252,192
2026-09-30T05:04:47.686910+00:00,1903100450641,6.97,Bueno,8.13,Bueno,interpolacion_delaunay,0,1572,92,57,77
2026-09-30T05:04:47.686910+00:00,1903100451086,7.52,Bueno,8.76,Bueno,interpolacion_delaunay,0,3582,470,173,24
2026-09-30T05:04:47.686910+00:00,190310311171A,10.8,Bueno,12.21,Bueno,interpolacion_delaunay,0,1226,184,39,41
2026-09-30T05:04:47.686910+00:00,1903100450088,6.36,Bueno,7.39,Bueno,interpolacion_delaunay,0,106,4,27,5
2026-09-30T05:04:47.686910+00:00,1903100450321,8.16,Bueno,9.38,Bueno,interpolacion_delaunay,0,781,65,43,66
2026-09-30T05:04:47.686910+00:00,1903100450656,13.53,Bueno,14.93,Bueno,interpolacion_delaunay,0,6656,512,216,203
2026-09-30T05:04:47.686910+00:00,1903100451461,12.9,Bueno,14.2,Bueno,interpolacion_delaunay,0,215,36,0,4
2026-09-30T05:04:47.686910+00:00,1903100451391,14.52,Bueno,15.92,Bueno,interpolacion_delaunay,0,400,41,11,20
2026-09-30T05:04:47.686910+00:00,190310001068A,6.1,Bueno,7.3,Bueno,promedio_sensores,1,5585,402,158,107
2026-09-30T05:04:47.686910+00:00,1903100010872,6.55,Bueno,7.76,Bueno,interpolacion_delaunay,0,2902,333,115,45
2026-09-30T05:04:47.686910+00:00,1903100450266,9.96,Bueno,11.16,Bueno,interpolacion_delaunay,0,3518,300,297,140
2026-09-30T05:04:47.686910+00:00,1903100451211,10.03,Bueno,11.36,Bueno,interpolacion_delaunay,0,318,31,15,12
2026-09-30T05:04:47.686910+00:00,1903100450105,7.31,Bueno,8.37,Bueno,interpolacion_delaunay,0,617,53,101,42
2026-09-30T05:04:47.686910+00:00,1903100450533,11.23,Bueno,12.44,Bueno,interpolacion_delaunay,0,112,19,4,0
2026-09-30T05:04:47.686910+00:00,1903100450834,12.23,Bueno,13.53,Bueno,interpolacion_delaunay,0,5335,620,158,133
2026-09-30T05:04:47.686910+00:00,1903100451122,15.68,Aceptable,17.19,Bueno,interpolacion_delaunay,0,4196,367,129,124
2026-09-30T05:04:47.686910+00:00,1903100451118,13.57,Bueno,14.91,Bueno,interpolacion_delaunay,0,1143,149,65,58
2026-09-30T05:04:47.686910+00:00,1903100450092,7.64,Bueno,8.78,Bueno,interpolacion_delaunay,0,5801,601,614,240
2026-09-30T05:04:47.686910+00:00,190310001036A,6.38,Bueno,7.48,Bueno,interpolacion_delaunay,0,2196,166,139,77
2026-09-30T05:04:47.686910+00:00,1903100011264,7.41,Bueno,8.66,Bueno,interpolacion_delaunay,0,166,15,10,4
2026-09-30T05:04:47.686910+00:00,1903100011692,6.6,Bueno,7.76,Bueno,interpolacion_delaunay,0,1994,254,42,57
2026-09-30T05:04:47.686910+00:00,1903100450675,12.26,Bueno,13.62,Bueno,interpolacion_delaunay,0,2985,254,121,65
2026-09-30T05:04:47.686910+00:00,1903100450815,7.3,Bueno,8.52,Bueno,interpolacion_delaunay,0,5183,452,347,124
2026-09-30T05:04:47.686910+00:00,1903100450887,10.5,Bueno,11.82,Bueno,interpolacion_delaunay,0,626,73,50,23
2026-09-30T05:04:47.686910+00:00,1903100450891,12.57,Bueno,14.03,Bueno,interpolacion_delaunay,0,3371,329,210,148
2026-09-30T05:04:47.686910+00:00,1903100450904,13.65,Bueno,15.14,Bueno,interpolacion_delaunay,0,2284,216,156,77
2026-09-30T05:04:47.686910+00:00,1903100451438,7.1,Bueno,8.3,Bueno,promedio_sensores,1,489,62,15,5
2026-09-30T05:04:47.686910+00:00,1903100451442,15.19,Aceptable,16.77,Bueno,interpolacion_delaunay,0,530,59,19,6
2026-09-30T05:04:47.686910+00:00,1903100451828,12.53,Bueno,14.0,Bueno,interpolacion_delaunay,0,1268,201,24,22
2026-09-30T05:04:47.686910+00:00,1903103131616,19.65,Aceptable,21.42,Bueno,interpolacion_delaunay,0,3396,460,75,104
2026-09-30T05:04:47.686910+00:00,1903100451103,14.82,Bueno,16.35,Bueno,interpolacion_delaunay,0,1939,184,111,81
2026-09-30T05:04:47.686910+00:00,1903103131601,18.84,Aceptable,20.59,Bueno,interpolacion_delaunay,0,3536,417,97,62
2026-09-30T05:04:47.686910+00:00,1903100451226,15.52,Aceptable,17.05,Bueno,interpolacion_delaunay,0,2587,267,90,42
2026-09-30T05:04:47.686910+00:00,1903103111512,14.56,Bueno,16.13,Bueno,interpolacion_delaunay,0,2486,240,126,82
2026-09-30T05:04:47.686910+00:00,1903100451635,14.28,Bueno,15.64,Bueno,interpolacion_delaunay,0,3621,518,70,103
2026-09-30T05:04:47.686910+00:00,1903103131300,21.3,Aceptable,23.2,Bueno,promedio_sensores,1,4074,495,120,80
2026-09-30T05:04:47.686910+00:00,1903103111508,12.82,Bueno,14.33,Bueno,interpolacion_delaunay,0,3724,412,113,64
2026-09-30T05:04:47.686910+00:00,1903100451387,13.49,Bueno,14.84,Bueno,interpolacion_delaunay,0,1540,218,34,55
2026-09-30T05:04:47.686910+00:00,1903100452101,13.73,Bueno,15.03,Bueno,interpolacion_delaunay,0,1249,214,20,18
2026-09-30T05:04:47.686910+00:00,1903100451283,15.96,Aceptable,17.42,Bueno,interpolacion_delaunay,0,3230,373,88,78
2026-09-30T05:04:47.686910+00:00,1903103111527,13.81,Bueno,15.35,Bueno,interpolacion_delaunay,0,1682,145,143,89
2026-09-30T05:04:47.686910+00:00,1903100452402,15.58,Aceptable,16.99,Bueno,interpolacion_delaunay,0,0,0,0,0
2026-09-30T11:05:12.982572+00:00,1900601740121,14.6,Bueno,15.2,Bueno,promedio_sensores,1,2694,310,73,36
2026-09-30T11:05:12.982572+00:00,1900601740155,14.83,Bueno,15.39,Bueno,interpolacion_delaunay,0,1820,285,54,16
2026-09-30T11:05:12.982572+00:00,1900600781948,14.42,Bueno,15.12,Bueno,interpolacion_delaunay,0,1170,93,69,32
2026-09-30T11:05:12.982572+00:00,1900600012236,15.24,Aceptable,15.78,Bueno,interpolacion_delaunay,0,264,28,6,0
2026-09-30T11:05:12.982572+00:00,1900600010225,15.57,Aceptable,16.39,Bueno,interpolacion_delaunay,0,1,0,0,0
2026-09-30T11:05:12.982572+00:00,1900600010206,16.23,Aceptable,17.13,Bueno,interpolacion_delaunay,0,6646,747,526,177
2026-09-30T11:05:12.982572+00:00,1900600010210,15.71,Aceptable,16.56,Bueno,interpolacion_delaunay,0,0,0,0,0
2026-09-30T11:05:12.982572+00:00,1900600010244,15.83,Aceptable,16.6,Bueno,interpolacion_delaunay,0,90,3,14,3
2026-09-30T11:05:12.982572+00:00,1900600010259,16.07,Aceptable,16.88,Bueno,interpolacion_delaunay,0,3329,268,159,53
2026-09-30T11:05:12.982572+00:00,1900600010278,15.74,Aceptable,16.49,Bueno,interpolacion_delaunay,0,486,52,18,8
2026-09-30T11:05:12.982572+00:00,1900600010297,15.21,Aceptable,15.89,Bueno,interpolacion_delaunay,0,5850,524,288,225
2026-09-30T11:05:12.982572+00:00,1900600010475,15.6,Aceptable,16.32,Bueno,interpolacion_delaunay,0,4729,407,844,249
2026-09-30T11:05:12.982572+00:00,190060001030A,15.12,Aceptable,15.8,Bueno,interpolacion_delaunay,0,4134,431,170,127
2026-09-30T11:05:12.982572+00:00,1900600010348,15.54,Aceptable,16.12,Bueno,interpolacion_delaunay,0,7877,871,609,196
2026-09-30T11:05:12.982572+00:00,1900600010460,15.7,Aceptable,16.42,Bueno,interpolacion_delaunay,0,4909,343,1088,217
2026-09-30T11:05:12.982572+00:00,1900600010352,15.39,Aceptable,15.94,Bueno,interpolacion_delaunay,0,1017,63,153,80
2026-09-30T11:05:12.982572+00:00,1900600010367,15.49,Aceptable,16.04,Bueno,interpolacion_delaunay,0,469,45,60,46
2026-09-30T11:05:12.982572+00:00,1900600010403,16.58,Aceptable,17.64,Bueno,interpolacion_delaunay,0,4726,352,972,196
2026-09-30T11:05:12.982572+00:00,190060001055A,16.43,Aceptable,17.45,Bueno,interpolacion_delaunay,0,4579,363,547,197
2026-09-30T11:05:12.982572+00:00,1900600010583,15.67,Aceptable,16.46,Bueno,interpolacion_delaunay,0,4964,382,425,153
2026-09-30T11:05:12.982572+00:00,1900600010598,15.47,Aceptable,16.23,Bueno,interpolacion_delaunay,0,5332,416,338,212
2026-09-30T11:05:12.982572+00:00,1900600010723,15.41,Aceptable,15.91,Bueno,interpolacion_delaunay,0,5109,353,1039,281
2026-09-30T11:05:12.982572+00:00,1900600010780,15.35,Aceptable,16.01,Bueno,interpolacion_delaunay,0,3755,348,382,222
2026-09-30T11:05:12.982572+00:00,1900600010795,15.39,Aceptable,16.02,Bueno,interpolacion_delaunay,0,5270,506,424,204
2026-09-30T11:05:12.982572+00:00,1900600010808,15.45,Aceptable,16.06,Bueno,interpolacion_delaunay,0,3443,304,372,102
2026-09-30T11:05:12.982572+00:00,1900600010920,16.7,Aceptable,17.8,Bueno,promedio_sensores,1,5729,316,496,128
2026-09-30T11:05:12.982572+00:00,1900600011011,16.02,Aceptable,16.86,Bueno,interpolacion_delaunay,0,0,0,0,0
2026-09-30T11:05:12.982572+00:00,1900600011026,15.87,Aceptable,16.68,Bueno,interpolacion_delaunay,0,0,0,0,0
2026-09-30T11:05:12.982572+00:00,1900600011064,16.56,Aceptable,17.6,Bueno,interpolacion_delaunay,0,4513,371,370,162
2026-09-30T11:05:12.982572+00:00,1900600011098,14.72,Bueno,15.51,Bueno,interpolacion_delaunay,0,5772,542,419,165
2026-09-30T11:05:12.982572+00:00,1900600011149,15.34,Aceptable,15.86,Bueno,interpolacion_delaunay,0,1140,100,87,38
2026-09-30T11:05:12.982572+00:00,1900600011350,16.51,Aceptable,17.52,Bueno,interpolacion_delaunay,0,3323,233,353,93
2026-09-30T11:05:12.982572+00:00,1900600011365,16.45,Aceptable,17.44,Bueno,interpolacion_delaunay,0,3259,285,225,87
2026-09-30T11:05:12.982572+00:00,190060001137A,15.74,Aceptable,16.37,Bueno,interpolacion_delaunay,0,2748,223,522,132
2026-09-30T11:05:12.982572+00:00,1900600011632,14.97,Bueno,15.64,Bueno,interpolacion_delaunay,0,5931,475,161,144
2026-09-30T11:05:12.982572+00:00,1900600011384,15.95,Aceptable,16.68,Bueno,interpolacion_delaunay,0,3359,263,352,73
2026-09-30T11:05:12.982572+00:00,1900600011399,16.35,Aceptable,17.31,Bueno,interpolacion_delaunay,0,2371,274,284,91
2026-09-30T11:05:12.982572+00:00,1900600011469,15.03,Aceptable,15.72,Bueno,interpolacion_delaunay,0,1932,125,131,96
2026-09-30T11:05:12.982572+00:00,1900600011401,16.38,Aceptable,17.3,Bueno,interpolacion_delaunay,0,3593,269,468,144
2026-09-30T11:05:12.982572+00:00,190060001144A,15.21,Aceptable,15.94,Bueno,interpolacion_delaunay,0,6239,575,321,95
2026-09-30T11:05:12.982572+00:00,1900600011473,15.57,Aceptable,16.34,Bueno,interpolacion_delaunay,0,2826,209,259,107
2026-09-30T11:05:12.982572+00:00,1900600011488,15.61,Aceptable,16.36,Bueno,interpolacion_delaunay,0,2922,234,293,96
2026-09-30T11:05:12.982572+00:00,1900600011492,15.48,Aceptable,16.17,Bueno,interpolacion_delaunay,0,1725,134,78,56
2026-09-30T11:05:12.982572+00:00,1900600011505,15.38,Aceptable,16.08,Bueno,interpolacion_delaunay,0,2030,151,78,103
2026-09-30T11:05:12.982572+00:00,190060001151A,15.33,Aceptable,16.01,Bueno,interpolacion_delaunay,0,4650,413,187,145
2026-09-30T11:05:12.982572+00:00,1900600011524,15.22,Aceptable,15.86,Bueno,interpolacion_delaunay,0,3658,279,744,150
2026-09-30T11:05:12.982572+00:00,1900600011539,15.27,Aceptable,15.88,Bueno,interpolacion_delaunay,0,3879,269,179,190
2026-09-30T11:05:12.982572+00:00,1900600011543,15.36,Aceptable,15.95,Bueno,interpolacion_delaunay,0,3926,372,127,91
2026-09-30T11:05:12.982572+00:00,1900600011844,14.99,Bueno,15.61,Bueno,interpolacion_delaunay,0,1922,166,57,23
2026-09-30T11:05:12.982572+00:00,1900600011666,14.96,Bueno,15.61,Bueno,interpolacion_delaunay,0,2454,221,74,68
2026-09-30T11:05:12.982572+00:00,1900600011859,15.01,Aceptable,15.62,Bueno,interpolacion_delaunay,0,1533,143,46,34
2026-09-30T11:05:12.982572+00:00,1900600011863,15.26,Aceptable,15.83,Bueno,interpolacion_delaunay,0,1050,130,36,5
2026-09-30T11:05:12.982572+00:00,1900600011878,15.15,Aceptable,15.68,Bueno,interpolacion_delaunay,0,5255,440,206,130
2026-09-30T11:05:12.982572+00:00,1900600011882,15.07,Aceptable,15.6,Bueno,interpolacion_delaunay,0,5356,444,208,243
2026-09-30T11:05:12.982572+00:00,190060001190A,15.26,Aceptable,15.78,Bueno,interpolacion_delaunay,0,3346,296,126,99
2026-09-30T11:05:12.982572+00:00,1900600011914,14.98,Bueno,15.53,Bueno,interpolacion_delaunay,0,5844,518,215,189
2026-09-30T11:05:12.982572+00:00,1900600011929,14.52,Bueno,15.21,Bueno,interpolacion_delaunay,0,5690,426,232,211
2026-09-30T11:05:12.982572+00:00,1900600012043,14.99,Bueno,15.55,Bueno,interpolacion_delaunay,0,3660,375,120,69
2026-09-30T11:05:12.982572+00:00,1900600012109,15.05,Aceptable,15.68,Bueno,interpolacion_delaunay,0,1488,155,32,33
2026-09-30T11:05:12.982572+00:00,1900600012128,15.23,Aceptable,15.82,Bueno,interpolacion_delaunay,0,1714,168,66,31
2026-09-30T11:05:12.982572+00:00,190060001226A,15.53,Aceptable,16.25,Bueno,interpolacion_delaunay,0,4528,324,328,117
2026-09-30T11:05:12.982572+00:00,1900600012274,15.37,Aceptable,16.09,Bueno,interpolacion_delaunay,0,5782,615,191,106
2026-09-30T11:05:12.982572+00:00,190060001233A,14.97,Bueno,15.56,Bueno,interpolacion_delaunay,0,2449,267,53,48
2026-09-30T11:05:12.982572+00:00,1900600012414,15.12,Aceptable,15.73,Bueno,interpolacion_delaunay,0,2297,332,39,45
2026-09-30T11:05:12.982572+00:00,1900600012429,15.09,Aceptable,15.67,Bueno,interpolacion_delaunay,0,3283,479,97,39
2026-09-30T11:05:12.982572+00:00,1900600012734,15.23,Aceptable,15.78,Bueno,interpolacion_delaunay,0,961,146,24,13
2026-09-30T11:05:12.982572+00:00,1900600010992,16.0,Aceptable,16.88,Bueno,interpolacion_delaunay,0,0,0,0,0
2026-09-30T11:05:12.982572+00:00,1900600012804,16.13,Aceptable,17.05,Bueno,interpolacion_delaunay,0,705,129,13,7
2026-09-30T11:05:12.982572+00:00,1900600011897,14.43,Bueno,15.14,Bueno,interpolacion_delaunay,0,3063,294,202,149
2026-09-30T11:05:12.982572+00:00,1900600012202,14.88,Bueno,15.44,Bueno,interpolacion_delaunay,0,372,48,3,8
2026-09-30T11:05:12.982572+00:00,1900600012039,14.84,Bueno,15.42,Bueno,interpolacion_delaunay,0,2684,242,90,67
2026-09-30T11:05:12.982572+00:00,1900601740047,14.77,Bueno,15.4,Bueno,interpolacion_delaunay,0,1719,266,38,40
2026-09-30T11:05:12.982572+00:00,190190001005A,27.31,Aceptable,28.87,Bueno,interpolacion_delaunay,0,2404,108,693,69
2026-09-30T11:05:12.982572+00:00,1901900010064,29.27,Aceptable,31.3,Bueno,promedio_sensores,4,2721,181,677,58
2026-09-30T11:05:12.982572+00:00,1901900010079,31.6,Aceptable,34.6,Bueno,promedio_sensores,1,4464,212,1159,127
2026-09-30T11:05:12.982572+00:00,1901900010083,18.5,Aceptable,19.27,Bueno,promedio_sensores,3,1374,63,441,45
2026-09-30T11:05:12.982572+00:00,1901900010098,17.9,Aceptable,18.3,Bueno,promedio_sensores,1,1854,103,460,42
2026-09-30T11:05:12.982572+00:00,1901900010100,25.3,Aceptable,25.8,Bueno,promedio_sensores,1,1944,129,547,21
2026-09-30T11:05:12.982572+00:00,1901900010149,25.8,Aceptable,28.3,Bueno,promedio_sensores,1,1163,75,215,15
2026-09-30T11:05:12.982572+00:00,1901900010153,29.4,Aceptable,31.2,Bueno,promedio_sensores,1,1800,134,430,81
2026-09-30T11:05:12.982572+00:00,1901900010168,31.2,Aceptable,34.6,Bueno,promedio_sensores,1,1570,81,416,43
2026-09-30T11:05:12.982572+00:00,1901900010172,24.92,Aceptable,26.48,Bueno,interpolacion_delaunay,0,1335,59,357,29
2026-09-30T11:05:12.982572+00:00,1901900010187,24.74,Aceptable,26.08,Bueno,interpolacion_delaunay,0,4463,306,999,93
2026-09-30T11:05:12.982572+00:00,1901900010191,18.9,Aceptable,19.7,Bueno,promedio_sensores,1,2824,172,637,108
2026-09-30T11:05:12.982572+00:00,1901900010204,22.48,Aceptable,24.45,Bueno,interpolacion_delaunay,0,3926,317,736,119
2026-09-30T11:05:12.982572+00:00,1901900010223,22.29,Aceptable,24.12,Bueno,interpolacion_delaunay,0,2979,89,503,54
2026-09-30T11:05:12.982572+00:00,1901900010238,22.8,Aceptable,25.3,Bueno,promedio_sensores,1,1904,73,302,23
2026-09-30T11:05:12.982572+00:00,1901900010242,12.9,Bueno,13.2,Bueno,promedio_sensores,3,2717,143,729,92
2026-09-30T11:05:12.982572+00:00,1901900010257,21.3,Aceptable,21.9,Bueno,promedio_sensores,1,1307,56,361,13
2026-09-30T11:05:12.982572+00:00,1901900010261,11.1,Bueno,11.85,Bueno,promedio_sensores,2,2240,113,567,42
2026-09-30T11:05:12.982572+00:00,1901900010280,22.51,Aceptable,23.83,Bueno,interpolacion_delaunay,0,2690,79,360,43
2026-09-30T11:05:12.982572+00:00,1901900010350,20.41,Aceptable,20.94,Bueno,interpolacion_delaunay,0,2768,148,592,68
2026-09-30T11:05:12.982572+00:00,1901900010365,30.4,Aceptable,33.6,Bueno,promedio_sensores,1,3419,327,293,61
2026-09-30T11:05:12.982572+00:00,1901900010399,25.15,Aceptable,26.05,Bueno,promedio_sensores,2,1162,6,68,0
2026-09-30T11:05:12.982572+00:00,1901900010401,16.5,Aceptable,17.5,Bueno,promedio_sensores,1,2375,247,392,86
2026-09-30T11:05:12.982572+00:00,1901900010416,22.73,Aceptable,23.45,Bueno,interpolacion_delaunay,0,700,19,105,4
2026-09-30T11:05:12.982572+00:00,1901900010420,20.4,Aceptable,21.3,Bueno,promedio_sensores,1,1696,93,408,47
2026-09-30T11:05:12.982572+00:00,1901900010435,25.1,Aceptable,26.5,Bueno,promedio_sensores,1,4494,346,601,54
2026-09-30T11:05:12.982572+00:00,190190001044A,16.9,Aceptable,18.03,Bueno,promedio_sensores,3,4383,354,439,56
2026-09-30T11:05:12.982572+00:00,1901900010454,22.1,Aceptable,23.0,Bueno,promedio_sensores,2,557,26,114,11
2026-09-30T11:05:12.982572+00:00,1901900010469,13.6,Bueno,14.0,Bueno,promedio_sensores,1,3112,170,568,37
2026-09-30T11:05:12.982572+00:00,1901900010473,17.53,Aceptable,18.31,Bueno,interpolacion_delaunay,0,983,46,182,19
2026-09-30T11:05:12.982572+00:00,1901900010488,23.0,Aceptable,24.0,Bueno,promedio_sensores,2,2757,295,371,102
2026-09-30T11:05:12.982572+00:00,1901900010492,15.0,Bueno,17.6,Bueno,promedio_sensores,2,2848,173,697,71
2026-09-30T11:05:12.982572+00:00,1901900010505,21.65,Aceptable,22.95,Bueno,interpolacion_delaunay,0,2494,111,512,19
2026-09-30T11:05:12.982572+00:00,190190001051A,16.0,Aceptable,16.8,Bueno,promedio_sensores,1,1899,111,507,36
2026-09-30T11:05:12.982572+00:00,1901900010558,33.43,Mala,39.03,Bueno,promedio_sensores,3,1349,87,230,21
2026-09-30T11:05:12.982572+00:00,1901900010613,22.64,Aceptable,24.29,Bueno,interpolacion_delaunay,0,132,0,20,0
2026-09-30T11:05:12.982572+00:00,1901900010384,20.05,Aceptable,20.76,Bueno,interpolacion_delaunay,0,1111,19,119,15
2026-09-30T11:05:12.982572+00:00,1901900010219,23.8,Aceptable,26.26,Bueno,interpolacion_delaunay,0,1954,106,555,58
2026-09-30T11:05:12.982572+00:00,1902100011338,19.05,Aceptable,20.99,Bueno,interpolacion_delaunay,0,2800,219,134,55
2026-09-30T11:05:12.982572+00:00,1902100011817,11.4,Bueno,11.8,Bueno,promedio_sensores,1,583,52,40,11
2026-09-30T11:05:12.982572+00:00,1902100010293,14.82,Bueno,15.53,Bueno,interpolacion_delaunay,0,2008,84,165,35
2026-09-30T11:05:12.982572+00:00,190210001033A,13.75,Bueno,14.35,Bueno,interpolacion_delaunay,0,4000,286,440,91
2026-09-30T11:05:12.982572+00:00,1902100011060,25.65,Aceptable,28.23,Bueno,interpolacion_delaunay,0,3355,278,195,95
2026-09-30T11:05:12.982572+00:00,1902100010289,15.92,Aceptable,16.79,Bueno,interpolacion_delaunay,0,1352,78,109,44
2026-09-30T11:05:12.982572+00:00,1902100010325,18.05,Aceptable,19.04,Bueno,interpolacion_delaunay,0,1,0,0,0
2026-09-30T11:05:12.982572+00:00,1902100011412,15.4,Aceptable,15.9,Bueno,promedio_sensores,1,3239,228,156,27
2026-09-30T11:05:12.982572+00:00,1902100011427,12.41,Bueno,12.86,Bueno,interpolacion_delaunay,0,4126,302,227,21
2026-09-30T11:05:12.982572+00:00,1902100011408,13.33,Bueno,13.98,Bueno,interpolacion_delaunay,0,6781,377,571,69
2026-09-30T11:05:12.982572+00:00,1902100011342,20.82,Aceptable,23.07,Bueno,interpolacion_delaunay,0,4655,261,185,126
2026-09-30T11:05:12.982572+00:00,1902100010043,23.17,Aceptable,24.98,Bueno,interpolacion_delaunay,0,4208,322,819,334
2026-09-30T11:05:12.982572+00:00,1902100010255,23.79,Aceptable,26.4,Bueno,interpolacion_delaunay,0,6704,625,410,194
2026-09-30T11:05:12.982572+00:00,1902100010378,21.5,Aceptable,22.8,Bueno,promedio_sensores,1,4134,262,294,72
2026-09-30T11:05:12.982572+00:00,1902100011075,25.33,Aceptable,27.8,Bueno,interpolacion_delaunay,0,8122,855,320,248
2026-09-30T11:05:12.982572+00:00,1902600011832,15.64,Aceptable,16.28,Bueno,interpolacion_delaunay,0,3764,305,386,174
2026-09-30T11:05:12.982572+00:00,1902600010035,15.48,Aceptable,16.12,Bueno,interpolacion_delaunay,0,1597,156,285,106
2026-09-30T11:05:12.982572+00:00,1902600012332,12.76,Bueno,13.88,Bueno,interpolacion_delaunay,0,5634,507,898,399
2026-09-30T11:05:12.982572+00:00,1902600010020,15.67,Aceptable,16.35,Bueno,interpolacion_delaunay,0,1825,174,355,160
2026-09-30T11:05:12.982572+00:00,1902600011279,15.58,Aceptable,16.26,Bueno,interpolacion_delaunay,0,4324,384,731,269
2026-09-30T11:05:12.982572+00:00,1902600011283,15.49,Aceptable,16.15,Bueno,interpolacion_delaunay,0,3719,341,754,207
2026-09-30T11:05:12.982572+00:00,1902600012440,15.89,Aceptable,16.58,Bueno,interpolacion_delaunay,0,2604,133,153,35
2026-09-30T11:05:12.982572+00:00,1902600012667,15.55,Aceptable,16.0,Bueno,interpolacion_delaunay,0,778,73,30,14
2026-09-30T11:05:12.982572+00:00,1902600012811,12.03,Bueno,13.4,Bueno,interpolacion_delaunay,0,26,4,0,0
2026-09-30T11:05:12.982572+00:00,1902600010459,18.55,Aceptable,20.64,Bueno,interpolacion_delaunay,0,3039,123,850,229
2026-09-30T11:05:12.982572+00:00,1902600010317,18.89,Aceptable,20.74,Bueno,interpolacion_delaunay,0,4084,275,902,321
2026-09-30T11:05:12.982572+00:00,1902600010957,15.59,Aceptable,16.24,Bueno,interpolacion_delaunay,0,5841,533,1121,336
2026-09-30T11:05:12.982572+00:00,1902600011103,14.25,Bueno,15.11,Bueno,interpolacion_delaunay,0,950,69,80,47
2026-09-30T11:05:12.982572+00:00,1902600011457,16.23,Aceptable,17.61,Bueno,interpolacion_delaunay,0,2279,129,466,94
2026-09-30T11:05:12.982572+00:00,1902600011404,17.07,Aceptable,19.08,Bueno,interpolacion_delaunay,0,3115,227,702,219
2026-09-30T11:05:12.982572+00:00,1902600011508,14.5,Bueno,15.29,Bueno,interpolacion_delaunay,0,1978,175,250,90
2026-09-30T11:05:12.982572+00:00,1902600011828,15.72,Aceptable,16.41,Bueno,interpolacion_delaunay,0,2175,178,266,60
2026-09-30T11:05:12.982572+00:00,1902600011847,15.69,Aceptable,16.31,Bueno,interpolacion_delaunay,0,4488,374,407,157
2026-09-30T11:05:12.982572+00:00,1902600012402,14.95,Bueno,15.52,Bueno,interpolacion_delaunay,0,2699,234,353,170
2026-09-30T11:05:12.982572+00:00,1902600012205,13.94,Bueno,14.79,Bueno,interpolacion_delaunay,0,4435,432,502,204
2026-09-30T11:05:12.982572+00:00,1902600012258,14.9,Bueno,15.54,Bueno,interpolacion_delaunay,0,1006,77,102,40
2026-09-30T11:05:12.982572+00:00,1902600012296,15.56,Aceptable,16.02,Bueno,interpolacion_delaunay,0,4398,237,919,190
2026-09-30T11:05:12.982572+00:00,1902600012455,15.79,Aceptable,16.44,Bueno,interpolacion_delaunay,0,4962,328,296,118
2026-09-30T11:05:12.982572+00:00,1902600010302,19.1,Aceptable,21.06,Bueno,interpolacion_delaunay,0,2790,166,675,209
2026-09-30T11:05:12.982572+00:00,1902600010425,20.6,Aceptable,22.2,Bueno,interpolacion_delaunay,0,3687,235,843,230
2026-09-30T11:05:12.982572+00:00,1902600010533,21.18,Aceptable,22.53,Bueno,interpolacion_delaunay,0,1681,81,395,96
2026-09-30T11:05:12.982572+00:00,1902600011813,15.78,Aceptable,16.48,Bueno,interpolacion_delaunay,0,5250,447,545,129
2026-09-30T11:05:12.982572+00:00,1902600011851,15.72,Aceptable,16.32,Bueno,interpolacion_delaunay,0,4115,305,359,155
2026-09-30T11:05:12.982572+00:00,1902600012436,15.88,Aceptable,16.6,Bueno,interpolacion_delaunay,0,3242,185,145,20
2026-09-30T11:05:12.982572+00:00,1902600012686,15.07,Aceptable,15.65,Bueno,interpolacion_delaunay,0,40,3,7,5
2026-09-30T11:05:12.982572+00:00,1902600010124,15.49,Aceptable,15.99,Bueno,interpolacion_delaunay,0,2665,140,749,113
2026-09-30T11:05:12.982572+00:00,1902600012417,15.55,Aceptable,16.01,Bueno,interpolacion_delaunay,0,2073,147,228,128
2026-09-30T11:05:12.982572+00:00,1902600012347,13.87,Bueno,14.83,Bueno,interpolacion_delaunay,0,4440,433,247,105
2026-09-30T11:05:12.982572+00:00,190260001239A,16.08,Aceptable,16.72,Bueno,interpolacion_delaunay,0,2697,236,207,88
2026-09-30T11:05:12.982572+00:00,190260001260A,15.1,Aceptable,15.67,Bueno,interpolacion_delaunay,0,979,82,21,36
2026-09-30T11:05:12.982572+00:00,1902600011391,17.2,Aceptable,18.3,Bueno,interpolacion_delaunay,0,3747,280,1036,286
2026-09-30T11:05:12.982572+00:00,1902600010251,16.41,Aceptable,17.11,Bueno,interpolacion_delaunay,0,6072,581,994,581
2026-09-30T11:05:12.982572+00:00,1902600010707,15.96,Aceptable,17.76,Bueno,interpolacion_delaunay,0,4261,296,986,365
2026-09-30T11:05:12.982572+00:00,190260001157A,15.7,Aceptable,17.45,Bueno,interpolacion_delaunay,0,2161,148,444,126
2026-09-30T11:05:12.982572+00:00,1902600011654,14.3,Bueno,15.05,Bueno,interpolacion_delaunay,0,3737,309,535,205
2026-09-30T11:05:12.982572+00:00,1902600012385,11.91,Bueno,13.25,Bueno,interpolacion_delaunay,0,108,11,8,5
2026-09-30T11:05:12.982572+00:00,1902600011495,14.71,Bueno,15.44,Bueno,interpolacion_delaunay,0,2675,203,421,91
2026-09-30T11:05:12.982572+00:00,1902600012525,14.21,Bueno,15.1,Bueno,interpolacion_delaunay,0,6162,464,363,124
2026-09-30T11:05:12.982572+00:00,1902600010995,15.64,Aceptable,16.21,Bueno,interpolacion_delaunay,0,1016,61,224,56
2026-09-30T11:05:12.982572+00:00,1902600011866,15.73,Aceptable,16.35,Bueno,interpolacion_delaunay,0,3064,167,548,67
2026-09-30T11:05:12.982572+00:00,190260001207A,15.15,Aceptable,15.96,Bueno,interpolacion_delaunay,0,2199,99,452,47
2026-09-30T11:05:12.982572+00:00,1902600012120,11.77,Bueno,12.41,Bueno,interpolacion_delaunay,0,1092,33,384,28
2026-09-30T11:05:12.982572+00:00,1902600012135,13.09,Bueno,13.51,Bueno,interpolacion_delaunay,0,1356,47,414,29
2026-09-30T11:05:12.982572+00:00,1902600012544,13.44,Bueno,14.36,Bueno,interpolacion_delaunay,0,2171,187,206,83
2026-09-30T11:05:12.982572+00:00,1902600010069,18.15,Aceptable,19.46,Bueno,interpolacion_delaunay,0,1920,94,579,107
2026-09-30T11:05:12.982572+00:00,1902600010073,17.84,Aceptable,19.05,Bueno,interpolacion_delaunay,0,3137,159,955,77
2026-09-30T11:05:12.982572+00:00,1902600010088,17.15,Aceptable,18.17,Bueno,interpolacion_delaunay,0,2870,157,722,160
2026-09-30T11:05:12.982572+00:00,1902600010158,19.87,Aceptable,21.62,Bueno,interpolacion_delaunay,0,1517,70,502,83
2026-09-30T11:05:12.982572+00:00,190260001029A,19.32,Aceptable,21.42,Bueno,interpolacion_delaunay,0,1809,94,461,133
2026-09-30T11:05:12.982572+00:00,1902600011885,18.38,Aceptable,19.76,Bueno,interpolacion_delaunay,0,1944,100,497,103
2026-09-30T11:05:12.982572+00:00,1902600012192,14.81,Bueno,15.48,Bueno,interpolacion_delaunay,0,2742,217,241,94
2026-09-30T11:05:12.982572+00:00,1902600012243,10.97,Bueno,11.86,Bueno,interpolacion_delaunay,0,316,37,21,22
2026-09-30T11:05:12.982572+00:00,1902600012421,15.62,Aceptable,16.07,Bueno,interpolacion_delaunay,0,2385,134,120,49
2026-09-30T11:05:12.982572+00:00,1902600012597,15.31,Aceptable,15.83,Bueno,interpolacion_delaunay,0,3539,244,126,97
2026-09-30T11:05:12.982572+00:00,1902600011029,15.77,Aceptable,16.35,Bueno,interpolacion_delaunay,0,1109,94,97,45
2026-09-30T11:05:12.982572+00:00,190260001189A,18.83,Aceptable,20.32,Bueno,interpolacion_delaunay,0,2117,131,543,112
2026-09-30T11:05:12.982572+00:00,1902600012703,12.52,Bueno,13.96,Bueno,interpolacion_delaunay,0,632,49,33,14
2026-09-30T11:05:12.982572+00:00,1902600011372,17.95,Aceptable,19.07,Bueno,interpolacion_delaunay,0,2451,168,520,192
2026-09-30T11:05:12.982572+00:00,1902600012366,14.96,Bueno,15.58,Bueno,interpolacion_delaunay,0,350,28,12,6
2026-09-30T11:05:12.982572+00:00,1902600010321,18.96,Aceptable,20.58,Bueno,interpolacion_delaunay,0,5159,259,1483,335
2026-09-30T11:05:12.982572+00:00,1902600010336,18.71,Aceptable,20.23,Bueno,interpolacion_delaunay,0,3112,150,945,118
2026-09-30T11:05:12.982572+00:00,1902600010340,18.62,Aceptable,20.0,Bueno,interpolacion_delaunay,0,5009,289,1452,316
2026-09-30T11:05:12.982572+00:00,1902600010355,18.26,Aceptable,19.5,Bueno,interpolacion_delaunay,0,2172,143,527,123
2026-09-30T11:05:12.982572+00:00,1902600010389,17.67,Aceptable,18.71,Bueno,interpolacion_delaunay,0,3485,223,809,188
2026-09-30T11:05:12.982572+00:00,1902600010393,17.16,Aceptable,18.06,Bueno,interpolacion_delaunay,0,4293,274,932,186
2026-09-30T11:05:12.982572+00:00,1902600010618,16.51,Aceptable,18.06,Bueno,interpolacion_delaunay,0,3420,248,733,217
2026-09-30T11:05:12.982572+00:00,1902600010730,16.97,Aceptable,17.83,Bueno,interpolacion_delaunay,0,4610,359,992,364
2026-09-30T11:05:12.982572+00:00,1902600011033,15.86,Aceptable,16.38,Bueno,interpolacion_delaunay,0,5199,444,572,162
2026-09-30T11:05:12.982572+00:00,1902600011122,14.19,Bueno,14.92,Bueno,interpolacion_delaunay,0,6940,637,766,300
2026-09-30T11:05:12.982572+00:00,1902600011546,16.76,Aceptable,18.77,Bueno,interpolacion_delaunay,0,3715,209,870,202
2026-09-30T11:05:12.982572+00:00,1902600011461,15.9,Aceptable,17.19,Bueno,interpolacion_delaunay,0,3227,233,684,198
2026-09-30T11:05:12.982572+00:00,190260001132A,18.63,Aceptable,20.0,Bueno,interpolacion_delaunay,0,2713,152,488,78
2026-09-30T11:05:12.982572+00:00,1902600011334,15.64,Aceptable,16.09,Bueno,interpolacion_delaunay,0,3525,289,683,240
2026-09-30T11:05:12.982572+00:00,1902600011349,15.64,Aceptable,16.07,Bueno,interpolacion_delaunay,0,2716,239,484,222
2026-09-30T11:05:12.982572+00:00,1902600011368,18.01,Aceptable,19.17,Bueno,interpolacion_delaunay,0,3348,226,652,119
2026-09-30T11:05:12.982572+00:00,1902600011419,18.39,Aceptable,20.24,Bueno,interpolacion_delaunay,0,2833,144,728,158
2026-09-30T11:05:12.982572+00:00,1902600011442,16.16,Aceptable,17.67,Bueno,interpolacion_delaunay,0,3169,182,598,174
2026-09-30T11:05:12.982572+00:00,1902600011565,16.21,Aceptable,18.09,Bueno,interpolacion_delaunay,0,4076,290,816,263
2026-09-30T11:05:12.982572+00:00,1902600011584,16.21,Aceptable,17.64,Bueno,interpolacion_delaunay,0,4255,317,895,221
2026-09-30T11:05:12.982572+00:00,1902600011599,16.29,Aceptable,17.55,Bueno,interpolacion_delaunay,0,2923,228,572,152
2026-09-30T11:05:12.982572+00:00,1902600011601,17.3,Aceptable,18.2,Bueno,promedio_sensores,1,3474,261,775,299
2026-09-30T11:05:12.982572+00:00,1902600011688,16.24,Aceptable,17.1,Bueno,interpolacion_delaunay,0,3727,240,688,249
2026-09-30T11:05:12.982572+00:00,190260001171A,15.09,Aceptable,16.18,Bueno,interpolacion_delaunay,0,4383,321,770,213
2026-09-30T11:05:12.982572+00:00,1902600012008,17.26,Aceptable,18.75,Bueno,interpolacion_delaunay,0,1064,52,278,35
2026-09-30T11:05:12.982572+00:00,1902600011781,13.7,Bueno,15.53,Bueno,interpolacion_delaunay,0,260,22,25,0
2026-09-30T11:05:12.982572+00:00,1902600011989,16.65,Aceptable,18.52,Bueno,interpolacion_delaunay,0,3336,217,653,151
2026-09-30T11:05:12.982572+00:00,1902600012027,15.72,Aceptable,16.59,Bueno,interpolacion_delaunay,0,5601,339,676,195
2026-09-30T11:05:12.982572+00:00,1902600012116,13.08,Bueno,14.42,Bueno,interpolacion_delaunay,0,2265,174,319,64
2026-09-30T11:05:12.982572+00:00,1902600012328,15.04,Aceptable,15.64,Bueno,interpolacion_delaunay,0,2737,200,173,54
2026-09-30T11:05:12.982572+00:00,1902600012510,14.32,Bueno,15.14,Bueno,interpolacion_delaunay,0,3466,257,269,90
2026-09-30T11:05:12.982572+00:00,1902600012578,13.83,Bueno,15.09,Bueno,interpolacion_delaunay,0,2465,185,298,196
2026-09-30T11:05:12.982572+00:00,1902600012582,13.88,Bueno,15.22,Bueno,interpolacion_delaunay,0,2739,201,423,283
2026-09-30T11:05:12.982572+00:00,1902600012614,15.02,Aceptable,15.64,Bueno,interpolacion_delaunay,0,3024,272,68,36
2026-09-30T11:05:12.982572+00:00,1902600010177,18.95,Aceptable,20.45,Bueno,interpolacion_delaunay,0,1769,60,559,90
2026-09-30T11:05:12.982572+00:00,1902600010444,17.6,Aceptable,19.66,Bueno,interpolacion_delaunay,0,2474,121,665,111
2026-09-30T11:05:12.982572+00:00,1902600011531,17.06,Aceptable,19.08,Bueno,interpolacion_delaunay,0,3594,235,816,160
2026-09-30T11:05:12.982572+00:00,1902600010232,16.61,Aceptable,17.4,Bueno,interpolacion_delaunay,0,2521,162,744,110
2026-09-30T11:05:12.982572+00:00,1902600010196,18.62,Aceptable,20.02,Bueno,interpolacion_delaunay,0,1557,66,485,73
2026-09-30T11:05:12.982572+00:00,1902600010213,16.93,Aceptable,17.83,Bueno,interpolacion_delaunay,0,2063,114,530,142
2026-09-30T11:05:12.982572+00:00,190260001011A,15.95,Aceptable,16.6,Bueno,interpolacion_delaunay,0,3115,155,816,154
2026-09-30T11:05:12.982572+00:00,1902600010162,19.3,Aceptable,20.9,Bueno,interpolacion_delaunay,0,1624,64,473,65
2026-09-30T11:05:12.982572+00:00,1902600010181,19.66,Aceptable,21.38,Bueno,interpolacion_delaunay,0,1561,63,499,94
2026-09-30T11:05:12.982572+00:00,1902600010228,17.43,Aceptable,18.45,Bueno,interpolacion_delaunay,0,1619,140,316,120
2026-09-30T11:05:12.982572+00:00,1902600010603,16.67,Aceptable,18.27,Bueno,interpolacion_delaunay,0,1632,93,346,132
2026-09-30T11:05:12.982572+00:00,1902600010745,16.62,Aceptable,17.48,Bueno,interpolacion_delaunay,0,1565,113,330,126
2026-09-30T11:05:12.982572+00:00,1902600010798,15.68,Aceptable,17.63,Bueno,interpolacion_delaunay,0,3364,210,732,231
2026-09-30T11:05:12.982572+00:00,1902600010815,14.63,Bueno,16.39,Bueno,interpolacion_delaunay,0,4739,363,1000,268
2026-09-30T11:05:12.982572+00:00,1902600011438,18.44,Aceptable,20.1,Bueno,interpolacion_delaunay,0,1771,89,459,85
2026-09-30T11:05:12.982572+00:00,1902600011476,15.84,Aceptable,17.17,Bueno,interpolacion_delaunay,0,3270,215,839,209
2026-09-30T11:05:12.982572+00:00,1902600011777,15.27,Aceptable,17.36,Bueno,interpolacion_delaunay,0,3599,312,366,80
2026-09-30T11:05:12.982572+00:00,1902600012031,15.14,Aceptable,16.01,Bueno,interpolacion_delaunay,0,4385,273,421,152
2026-09-30T11:05:12.982572+00:00,1902600012173,14.51,Bueno,16.54,Bueno,interpolacion_delaunay,0,108,5,10,3
2026-09-30T11:05:12.982572+00:00,1902600012474,15.96,Aceptable,16.58,Bueno,interpolacion_delaunay,0,3828,248,138,120
2026-09-30T11:05:12.982572+00:00,190260001253A,13.88,Bueno,14.71,Bueno,interpolacion_delaunay,0,1418,134,74,37
2026-09-30T11:05:12.982572+00:00,1902600012648,16.29,Aceptable,17.04,Bueno,interpolacion_delaunay,0,1998,125,415,138
2026-09-30T11:05:12.982572+00:00,1902600012794,15.9,Aceptable,16.45,Bueno,interpolacion_delaunay,0,776,83,32,8
2026-09-30T11:05:12.982572+00:00,1902600012775,15.35,Aceptable,15.85,Bueno,interpolacion_delaunay,0,1381,194,42,36
2026-09-30T11:05:12.982572+00:00,1902600012898,12.09,Bueno,13.35,Bueno,interpolacion_delaunay,0,21,3,0,0
2026-09-30T11:05:12.982572+00:00,1902600010849,11.59,Bueno,12.7,Bueno,interpolacion_delaunay,0,1926,132,278,87
2026-09-30T11:05:12.982572+00:00,1902600012262,15.58,Aceptable,16.08,Bueno,interpolacion_delaunay,0,2668,227,217,83
2026-09-30T11:05:12.982572+00:00,1902600010266,15.59,Aceptable,16.04,Bueno,interpolacion_delaunay,0,427,58,19,0
2026-09-30T11:05:12.982572+00:00,1902600010779,15.31,Aceptable,17.4,Bueno,interpolacion_delaunay,0,677,45,131,66
2026-09-30T11:05:12.982572+00:00,1902600010872,12.32,Bueno,13.28,Bueno,interpolacion_delaunay,0,3088,114,989,72
2026-09-30T11:05:12.982572+00:00,1902600011902,16.08,Aceptable,16.72,Bueno,interpolacion_delaunay,0,2434,191,435,71
2026-09-30T11:05:12.982572+00:00,1902600011993,16.29,Aceptable,18.29,Bueno,interpolacion_delaunay,0,3528,203,521,147
2026-09-30T11:05:12.982572+00:00,1902600012012,16.31,Aceptable,17.52,Bueno,interpolacion_delaunay,0,2227,119,600,34
2026-09-30T11:05:12.982572+00:00,1902600012084,12.45,Bueno,13.42,Bueno,interpolacion_delaunay,0,1461,49,516,49
2026-09-30T11:05:12.982572+00:00,1902600012188,12.87,Bueno,14.32,Bueno,interpolacion_delaunay,0,460,18,82,4
2026-09-30T11:05:12.982572+00:00,1902600012277,16.06,Aceptable,16.68,Bueno,interpolacion_delaunay,0,3597,281,616,228
2026-09-30T11:05:12.982572+00:00,190260001246A,15.85,Aceptable,16.48,Bueno,interpolacion_delaunay,0,4546,358,308,145
2026-09-30T11:05:12.982572+00:00,1902600012559,14.44,Bueno,15.94,Bueno,interpolacion_delaunay,0,4248,285,324,114
2026-09-30T11:05:12.982572+00:00,1902600012652,15.74,Aceptable,16.2,Bueno,interpolacion_delaunay,0,3158,323,113,122
2026-09-30T11:05:12.982572+00:00,1902600012671,15.8,Aceptable,16.26,Bueno,interpolacion_delaunay,0,1647,122,65,34
2026-09-30T11:05:12.982572+00:00,1902600012718,10.49,Bueno,11.35,Bueno,interpolacion_delaunay,0,2829,290,123,131
2026-09-30T11:05:12.982572+00:00,1902600012741,15.99,Aceptable,18.11,Bueno,interpolacion_delaunay,0,1897,119,345,52
2026-09-30T11:05:12.982572+00:00,1902600012879,15.7,Aceptable,16.1,Bueno,promedio_sensores,1,2144,300,65,16
2026-09-30T11:05:12.982572+00:00,1902600010285,18.58,Aceptable,20.63,Bueno,interpolacion_delaunay,0,2844,174,613,185
2026-09-30T11:05:12.982572+00:00,1902600012690,11.71,Bueno,13.02,Bueno,interpolacion_delaunay,0,79,0,3,0
2026-09-30T11:05:12.982572+00:00,1902600012099,13.02,Bueno,14.6,Bueno,interpolacion_delaunay,0,5241,599,554,189
2026-09-30T11:05:12.982572+00:00,1902600011936,15.8,Aceptable,16.28,Bueno,interpolacion_delaunay,0,2951,267,407,119
2026-09-30T11:05:12.982572+00:00,1902600012169,13.84,Bueno,15.8,Bueno,interpolacion_delaunay,0,1023,50,158,14
2026-09-30T11:05:12.982572+00:00,190260001118A,15.14,Aceptable,17.2,Bueno,interpolacion_delaunay,0,3453,227,320,71
2026-09-30T11:05:12.982572+00:00,1902600012050,14.84,Bueno,16.37,Bueno,interpolacion_delaunay,0,4134,320,745,263
2026-09-30T11:05:12.982572+00:00,1902600012101,12.58,Bueno,13.99,Bueno,interpolacion_delaunay,0,3626,381,484,119
2026-09-30T11:05:12.982572+00:00,1902600012563,12.24,Bueno,13.53,Bueno,interpolacion_delaunay,0,2676,291,133,25
2026-09-30T11:05:12.982572+00:00,190260001278A,15.3,Aceptable,15.77,Bueno,interpolacion_delaunay,0,3558,402,98,36
2026-09-30T11:05:12.982572+00:00,1902600011921,15.74,Aceptable,16.25,Bueno,interpolacion_delaunay,0,2594,223,377,76
2026-09-30T11:05:12.982572+00:00,1902600010092,16.51,Aceptable,17.35,Bueno,interpolacion_delaunay,0,4183,262,1039,106
2026-09-30T11:05:12.982572+00:00,1902600011300,15.53,Aceptable,16.01,Bueno,interpolacion_delaunay,0,2915,163,792,188
2026-09-30T11:05:12.982572+00:00,1902600010143,15.85,Aceptable,16.4,Bueno,interpolacion_delaunay,0,2245,273,113,55
2026-09-30T11:05:12.982572+00:00,1902600011870,16.33,Aceptable,17.1,Bueno,interpolacion_delaunay,0,3271,173,768,82
2026-09-30T11:05:12.982572+00:00,1902600011315,17.58,Aceptable,18.69,Bueno,interpolacion_delaunay,0,3497,230,464,42
2026-09-30T11:05:12.982572+00:00,1902600011014,15.86,Aceptable,16.46,Bueno,interpolacion_delaunay,0,2155,150,459,98
2026-09-30T11:05:12.982572+00:00,1902600011616,15.98,Aceptable,16.73,Bueno,interpolacion_delaunay,0,3883,311,769,201
2026-09-30T11:05:12.982572+00:00,1902600011620,15.63,Aceptable,16.37,Bueno,interpolacion_delaunay,0,4814,356,1024,301
2026-09-30T11:05:12.982572+00:00,1902600011480,15.76,Aceptable,16.42,Bueno,interpolacion_delaunay,0,4784,390,737,223
2026-09-30T11:05:12.982572+00:00,1902600010641,16.03,Aceptable,17.04,Bueno,interpolacion_delaunay,0,2917,240,627,202
2026-09-30T11:05:12.982572+00:00,1902600012633,16.76,Aceptable,17.5,Bueno,interpolacion_delaunay,0,2429,188,313,91
2026-09-30T11:05:12.982572+00:00,190260001164A,14.93,Bueno,15.64,Bueno,interpolacion_delaunay,0,2101,168,367,57
2026-09-30T11:05:12.982572+00:00,1902600011635,15.18,Aceptable,15.93,Bueno,interpolacion_delaunay,0,4695,347,639,204
2026-09-30T11:05:12.982572+00:00,1902600010961,15.93,Aceptable,16.59,Bueno,interpolacion_delaunay,0,1353,81,150,34
2026-09-30T11:05:12.982572+00:00,1902600011226,14.59,Bueno,16.5,Bueno,interpolacion_delaunay,0,4831,444,615,226
2026-09-30T11:05:12.982572+00:00,1902600012807,15.15,Aceptable,17.28,Bueno,interpolacion_delaunay,0,51,0,0,0
2026-09-30T11:05:12.982572+00:00,1902600012737,15.2,Aceptable,17.33,Bueno,interpolacion_delaunay,0,153,17,4,4
2026-09-30T11:05:12.982572+00:00,1902600012046,15.11,Aceptable,16.89,Bueno,interpolacion_delaunay,0,5116,376,649,199
2026-09-30T11:05:12.982572+00:00,1902600012756,15.6,Aceptable,17.8,Bueno,promedio_sensores,1,2572,282,124,24
2026-09-30T11:05:12.982572+00:00,1902600010783,15.56,Aceptable,17.71,Bueno,interpolacion_delaunay,0,1477,145,264,42
2026-09-30T11:05:12.982572+00:00,1902600011230,14.55,Bueno,16.42,Bueno,interpolacion_delaunay,0,3324,362,242,132
2026-09-30T11:05:12.982572+00:00,1902600011758,13.1,Bueno,15.0,Bueno,promedio_sensores,1,2105,92,408,43
2026-09-30T11:05:12.982572+00:00,1902600011141,13.88,Bueno,14.78,Bueno,interpolacion_delaunay,0,9036,1161,432,363
2026-09-30T11:05:12.982572+00:00,1902600011743,12.24,Bueno,13.35,Bueno,interpolacion_delaunay,0,7461,709,958,323
2026-09-30T11:05:12.982572+00:00,1902600012629,10.77,Bueno,11.7,Bueno,interpolacion_delaunay,0,1943,149,74,66
2026-09-30T11:05:12.982572+00:00,1902600011762,15.62,Aceptable,17.73,Bueno,interpolacion_delaunay,0,2427,183,512,77
2026-09-30T11:05:12.982572+00:00,1902600011194,15.57,Aceptable,17.7,Bueno,interpolacion_delaunay,0,4669,300,960,201
2026-09-30T11:05:12.982572+00:00,1902600011052,15.41,Aceptable,15.89,Bueno,interpolacion_delaunay,0,7318,799,917,451
2026-09-30T11:05:12.982572+00:00,1902600012722,15.18,Aceptable,15.7,Bueno,interpolacion_delaunay,0,1673,182,35,23
2026-09-30T11:05:12.982572+00:00,1902600010209,14.99,Bueno,15.55,Bueno,interpolacion_delaunay,0,0,0,0,0
2026-09-30T11:05:12.982572+00:00,1902600012883,14.87,Bueno,15.47,Bueno,interpolacion_delaunay,0,2693,391,65,39
2026-09-30T11:05:12.982572+00:00,1902600011512,21.14,Aceptable,22.28,Bueno,interpolacion_delaunay,0,1411,83,448,118
2026-09-30T11:05:12.982572+00:00,1902600011527,21.26,Aceptable,22.39,Bueno,interpolacion_delaunay,0,2114,99,718,127
2026-09-30T11:05:12.982572+00:00,1902600010853,22.7,Aceptable,23.76,Bueno,interpolacion_delaunay,0,4562,382,755,151
2026-09-30T11:05:12.982572+00:00,1902600011160,21.3,Aceptable,22.3,Bueno,promedio_sensores,1,3568,186,796,79
2026-09-30T11:05:12.982572+00:00,1902600011423,18.08,Aceptable,19.85,Bueno,interpolacion_delaunay,0,2358,121,643,149
2026-09-30T11:05:12.982572+00:00,1902600011118,17.33,Aceptable,19.47,Bueno,interpolacion_delaunay,0,0,0,0,0
2026-09-30T11:05:12.982572+00:00,1902600010552,18.21,Aceptable,20.35,Bueno,interpolacion_delaunay,0,1358,197,299,91
2026-09-30T11:05:12.982572+00:00,1902600010567,17.4,Aceptable,19.39,Bueno,interpolacion_delaunay,0,3469,239,807,212
2026-09-30T11:05:12.982572+00:00,1902600010478,18.12,Aceptable,19.7,Bueno,interpolacion_delaunay,0,3451,258,686,179
2026-09-30T11:05:12.982572+00:00,1902600012493,17.41,Aceptable,19.16,Bueno,interpolacion_delaunay,0,3047,231,451,139
2026-09-30T11:05:12.982572+00:00,1902600012506,17.55,Aceptable,19.38,Bueno,interpolacion_delaunay,0,1875,122,448,96
2026-09-30T11:05:12.982572+00:00,1902600011387,17.28,Aceptable,18.51,Bueno,interpolacion_delaunay,0,4018,279,697,181
2026-09-30T11:05:12.982572+00:00,1902600010482,17.77,Aceptable,19.19,Bueno,interpolacion_delaunay,0,4004,197,1191,226
2026-09-30T11:05:12.982572+00:00,1902600010586,17.12,Aceptable,18.77,Bueno,interpolacion_delaunay,0,4983,369,1196,317
2026-09-30T11:05:12.982572+00:00,1902600010590,16.96,Aceptable,18.55,Bueno,interpolacion_delaunay,0,3794,290,817,254
2026-09-30T11:05:12.982572+00:00,1902600011940,16.83,Aceptable,17.75,Bueno,interpolacion_delaunay,0,3450,256,773,184
2026-09-30T11:05:12.982572+00:00,1902600012224,17.01,Aceptable,18.33,Bueno,interpolacion_delaunay,0,1986,122,533,118
2026-09-30T11:05:12.982572+00:00,1902600012239,16.63,Aceptable,17.84,Bueno,interpolacion_delaunay,0,2664,206,487,219
2026-09-30T11:05:12.982572+00:00,1902600010548,15.56,Aceptable,17.54,Bueno,interpolacion_delaunay,0,4149,203,1177,258
2026-09-30T11:05:12.982572+00:00,1902600012489,15.61,Aceptable,16.04,Bueno,interpolacion_delaunay,0,2798,203,290,77
2026-09-30T11:05:12.982572+00:00,1902600011353,18.28,Aceptable,19.51,Bueno,interpolacion_delaunay,0,1952,125,417,157
2026-09-30T11:05:12.982572+00:00,1902600012760,15.75,Aceptable,16.19,Bueno,interpolacion_delaunay,0,3619,397,120,87
2026-09-30T11:05:12.982572+00:00,1902600011264,15.54,Aceptable,16.03,Bueno,interpolacion_delaunay,0,1708,151,158,100
2026-09-30T11:05:12.982572+00:00,190260001285A,15.61,Aceptable,16.04,Bueno,interpolacion_delaunay,0,1850,298,50,26
2026-09-30T11:05:12.982572+00:00,1902600010270,14.74,Bueno,15.41,Bueno,interpolacion_delaunay,0,0,0,0,0
2026-09-30T11:05:12.982572+00:00,1902600010406,16.88,Aceptable,17.68,Bueno,interpolacion_delaunay,0,2889,225,550,115
2026-09-30T11:05:12.982572+00:00,1902600011067,16.13,Aceptable,16.71,Bueno,interpolacion_delaunay,0,4252,360,451,270
2026-09-30T11:05:12.982572+00:00,1902600011086,14.88,Bueno,15.54,Bueno,interpolacion_delaunay,0,3224,245,126,84
2026-09-30T11:05:12.982572+00:00,1902600012313,14.03,Bueno,14.97,Bueno,interpolacion_delaunay,0,2567,202,407,174
2026-09-30T11:05:12.982572+00:00,1902600012309,14.3,Bueno,15.15,Bueno,interpolacion_delaunay,0,2125,241,150,88
2026-09-30T11:05:12.982572+00:00,1902600011809,15.95,Aceptable,16.45,Bueno,interpolacion_delaunay,0,2127,251,117,120
2026-09-30T11:05:12.982572+00:00,1902600012864,15.7,Aceptable,16.34,Bueno,interpolacion_delaunay,0,1168,168,40,16
2026-09-30T11:05:12.982572+00:00,190260001125A,13.2,Bueno,13.8,Bueno,interpolacion_delaunay,0,541,13,170,22
2026-09-30T11:05:12.982572+00:00,1902600011071,14.43,Bueno,15.23,Bueno,interpolacion_delaunay,0,3143,264,264,89
2026-09-30T11:05:12.982572+00:00,190260001196A,14.2,Bueno,15.06,Bueno,interpolacion_delaunay,0,3349,324,262,100
2026-09-30T11:05:12.982572+00:00,1902600011955,16.45,Aceptable,17.18,Bueno,interpolacion_delaunay,0,3582,349,216,97
2026-09-30T11:05:12.982572+00:00,190260001050A,16.2,Aceptable,17.22,Bueno,interpolacion_delaunay,0,2022,217,309,73
2026-09-30T11:05:12.982572+00:00,1903900012400,35.0,Mala,40.4,Bueno,promedio_sensores,1,4517,429,723,304
2026-09-30T11:05:12.982572+00:00,1903900014657,28.1,Aceptable,30.57,Bueno,interpolacion_delaunay,0,2491,234,438,138
2026-09-30T11:05:12.982572+00:00,1903900013682,23.74,Aceptable,24.41,Bueno,interpolacion_delaunay,0,4499,398,653,181
2026-09-30T11:05:12.982572+00:00,1903900010832,20.89,Aceptable,22.16,Bueno,interpolacion_delaunay,0,543,31,158,26
2026-09-30T11:05:12.982572+00:00,1903900011120,19.13,Aceptable,20.72,Bueno,interpolacion_delaunay,0,2607,94,831,149
2026-09-30T11:05:12.982572+00:00,1903900012129,20.62,Aceptable,21.8,Bueno,interpolacion_delaunay,0,4074,318,790,255
2026-09-30T11:05:12.982572+00:00,190390001363A,29.72,Aceptable,32.61,Bueno,interpolacion_delaunay,0,3850,324,618,201
2026-09-30T11:05:12.982572+00:00,1903900014163,23.11,Aceptable,24.95,Bueno,interpolacion_delaunay,0,3563,376,476,178
2026-09-30T11:05:12.982572+00:00,1903900014642,26.67,Aceptable,28.77,Bueno,interpolacion_delaunay,0,2137,227,313,125
2026-09-30T11:05:12.982572+00:00,1903900013589,21.47,Aceptable,22.6,Bueno,interpolacion_delaunay,0,1971,102,595,95
2026-09-30T11:05:12.982572+00:00,1903900011370,19.96,Aceptable,21.76,Bueno,interpolacion_delaunay,0,1287,71,218,39
2026-09-30T11:05:12.982572+00:00,1903900012114,17.61,Aceptable,18.61,Bueno,interpolacion_delaunay,0,2387,84,816,136
2026-09-30T11:05:12.982572+00:00,1903900012203,9.7,Bueno,10.3,Bueno,promedio_sensores,1,2974,126,1034,191
2026-09-30T11:05:12.982572+00:00,1903900013574,19.11,Aceptable,19.99,Bueno,interpolacion_delaunay,0,832,37,276,93
2026-09-30T11:05:12.982572+00:00,1903900012792,13.16,Bueno,13.66,Bueno,interpolacion_delaunay,0,1,0,0,0
2026-09-30T11:05:12.982572+00:00,190390001445A,23.24,Aceptable,24.39,Bueno,interpolacion_delaunay,0,5563,304,1118,197
2026-09-30T11:05:12.982572+00:00,1903900014638,24.69,Aceptable,26.2,Bueno,interpolacion_delaunay,0,3811,381,571,142
2026-09-30T11:05:12.982572+00:00,1903900012063,27.67,Aceptable,29.85,Bueno,interpolacion_delaunay,0,2407,98,743,119
2026-09-30T11:05:12.982572+00:00,1903900011690,18.7,Aceptable,19.1,Bueno,interpolacion_delaunay,0,228,12,56,11
2026-09-30T11:05:12.982572+00:00,1903900011760,17.84,Aceptable,18.33,Bueno,interpolacion_delaunay,0,1986,129,443,117
2026-09-30T11:05:12.982572+00:00,1903900011934,23.43,Aceptable,24.17,Bueno,promedio_sensores,3,2171,83,550,105
2026-09-30T11:05:12.982572+00:00,190390001192A,17.71,Aceptable,18.25,Bueno,interpolacion_delaunay,0,2553,117,796,121
2026-09-30T11:05:12.982572+00:00,1903900012044,28.98,Aceptable,31.62,Bueno,interpolacion_delaunay,0,1920,122,427,109
2026-09-30T11:05:12.982572+00:00,1903900012078,28.5,Aceptable,30.85,Bueno,interpolacion_delaunay,0,2179,136,538,60
2026-09-30T11:05:12.982572+00:00,1903900011525,15.38,Aceptable,16.43,Bueno,interpolacion_delaunay,0,590,39,143,33
2026-09-30T11:05:12.982572+00:00,1903900011991,29.6,Aceptable,32.4,Bueno,promedio_sensores,1,3236,192,703,201
2026-09-30T11:05:12.982572+00:00,1903900012006,20.03,Aceptable,21.11,Bueno,interpolacion_delaunay,0,1972,70,504,136
2026-09-30T11:05:12.982572+00:00,1903900010673,21.52,Aceptable,22.46,Bueno,interpolacion_delaunay,0,2155,174,396,142
2026-09-30T11:05:12.982572+00:00,1903900010298,23.71,Aceptable,25.7,Bueno,interpolacion_delaunay,0,3499,233,739,152
2026-09-30T11:05:12.982572+00:00,1903900010404,23.45,Aceptable,25.36,Bueno,interpolacion_delaunay,0,2835,189,560,150
2026-09-30T11:05:12.982572+00:00,1903900011012,21.3,Aceptable,22.75,Bueno,interpolacion_delaunay,0,1216,101,235,35
2026-09-30T11:05:12.982572+00:00,1903900011065,20.5,Aceptable,22.18,Bueno,interpolacion_delaunay,0,1981,192,428,144
2026-09-30T11:05:12.982572+00:00,1903900010175,27.06,Aceptable,30.07,Bueno,interpolacion_delaunay,0,1294,70,318,45
2026-09-30T11:05:12.982572+00:00,190390001018A,27.19,Aceptable,30.24,Bueno,interpolacion_delaunay,0,3618,299,750,219
2026-09-30T11:05:12.982572+00:00,1903900010194,26.27,Aceptable,29.04,Bueno,interpolacion_delaunay,0,2850,223,604,173
2026-09-30T11:05:12.982572+00:00,1903900010226,23.77,Aceptable,25.79,Bueno,interpolacion_delaunay,0,4934,461,799,274
2026-09-30T11:05:12.982572+00:00,1903900014229,14.81,Bueno,15.51,Bueno,interpolacion_delaunay,0,2852,249,505,184
2026-09-30T11:05:12.982572+00:00,1903900010353,15.64,Aceptable,17.53,Bueno,interpolacion_delaunay,0,3313,167,981,325
2026-09-30T11:05:12.982572+00:00,1903900010936,22.84,Aceptable,23.89,Bueno,interpolacion_delaunay,0,2121,128,459,101
2026-09-30T11:05:12.982572+00:00,1903900011173,19.2,Aceptable,20.0,Bueno,promedio_sensores,1,2108,71,659,126
2026-09-30T11:05:12.982572+00:00,1903900011188,22.64,Aceptable,23.7,Bueno,interpolacion_delaunay,0,3322,231,794,185
2026-09-30T11:05:12.982572+00:00,1903900011224,20.51,Aceptable,21.7,Bueno,interpolacion_delaunay,0,3487,327,636,198
2026-09-30T11:05:12.982572+00:00,1903900011328,21.93,Aceptable,23.6,Bueno,interpolacion_delaunay,0,1300,73,364,78
2026-09-30T11:05:12.982572+00:00,1903900011332,21.61,Aceptable,23.51,Bueno,interpolacion_delaunay,0,2976,208,686,165
2026-09-30T11:05:12.982572+00:00,1903900011493,5.4,Bueno,6.2,Bueno,promedio_sensores,1,498,32,117,21
2026-09-30T11:05:12.982572+00:00,1903900011506,10.16,Bueno,11.14,Bueno,interpolacion_delaunay,0,218,10,60,5
2026-09-30T11:05:12.982572+00:00,1903900011510,11.41,Bueno,12.51,Bueno,interpolacion_delaunay,0,370,18,99,43
2026-09-30T11:05:12.982572+00:00,1903900011563,20.09,Aceptable,21.16,Bueno,interpolacion_delaunay,0,1016,57,324,41
2026-09-30T11:05:12.982572+00:00,1903900011652,6.13,Bueno,7.03,Bueno,interpolacion_delaunay,0,1408,46,412,99
2026-09-30T11:05:12.982572+00:00,1903900011667,24.09,Aceptable,25.61,Bueno,interpolacion_delaunay,0,811,38,222,38
2026-09-30T11:05:12.982572+00:00,1903900011671,23.57,Aceptable,24.93,Bueno,interpolacion_delaunay,0,2135,120,546,122
2026-09-30T11:05:12.982572+00:00,1903900011775,18.59,Aceptable,19.31,Bueno,interpolacion_delaunay,0,3247,195,753,173
2026-09-30T11:05:12.982572+00:00,190390001178A,23.2,Aceptable,24.24,Bueno,interpolacion_delaunay,0,2085,91,638,124
2026-09-30T11:05:12.982572+00:00,1903900011811,21.82,Aceptable,22.9,Bueno,interpolacion_delaunay,0,3726,195,960,140
2026-09-30T11:05:12.982572+00:00,190390001210A,24.5,Aceptable,25.9,Bueno,promedio_sensores,1,2790,113,700,150
2026-09-30T11:05:12.982572+00:00,1903900012186,17.3,Aceptable,17.94,Bueno,interpolacion_delaunay,0,4169,44,257,49
2026-09-30T11:05:12.982572+00:00,1903900011559,17.6,Aceptable,17.8,Bueno,promedio_sensores,1,854,32,232,42
2026-09-30T11:05:12.982572+00:00,1903900013428,25.29,Aceptable,27.76,Bueno,interpolacion_delaunay,0,3351,320,515,172
2026-09-30T11:05:12.982572+00:00,1903900014214,16.28,Aceptable,16.88,Bueno,interpolacion_delaunay,0,4120,374,689,171
2026-09-30T11:05:12.982572+00:00,1903900014712,20.02,Aceptable,20.65,Bueno,interpolacion_delaunay,0,3085,299,499,125
2026-09-30T11:05:12.982572+00:00,1903900014727,18.0,Aceptable,18.62,Bueno,interpolacion_delaunay,0,2574,237,418,75
2026-09-30T11:05:12.982572+00:00,1903900011544,13.1,Bueno,13.64,Bueno,interpolacion_delaunay,0,484,17,104,17
2026-09-30T11:05:12.982572+00:00,1903900011347,21.0,Aceptable,23.1,Bueno,promedio_sensores,1,3767,228,949,230
2026-09-30T11:05:12.982572+00:00,1903900011101,20.3,Aceptable,22.21,Bueno,interpolacion_delaunay,0,2340,171,499,101
2026-09-30T11:05:12.982572+00:00,1903900010692,20.98,Aceptable,22.22,Bueno,interpolacion_delaunay,0,1264,56,294,43
2026-09-30T11:05:12.982572+00:00,190390001071A,7.9,Bueno,8.4,Bueno,promedio_sensores,1,2092,89,717,121
2026-09-30T11:05:12.982572+00:00,190390001153A,9.02,Bueno,9.65,Bueno,interpolacion_delaunay,0,283,20,33,8
2026-09-30T11:05:12.982572+00:00,1903900012222,20.01,Aceptable,20.62,Bueno,interpolacion_delaunay,0,2481,214,440,130
2026-09-30T11:05:12.982572+00:00,1903900010048,30.81,Aceptable,34.95,Bueno,interpolacion_delaunay,0,2757,231,541,184
2026-09-30T11:05:12.982572+00:00,1903900010160,26.88,Aceptable,29.84,Bueno,interpolacion_delaunay,0,1233,55,334,97
2026-09-30T11:05:12.982572+00:00,1903900011915,21.01,Aceptable,22.15,Bueno,interpolacion_delaunay,0,1171,52,296,69
2026-09-30T11:05:12.982572+00:00,1903900012824,12.72,Bueno,16.13,Bueno,interpolacion_delaunay,0,0,0,0,0
2026-09-30T11:05:12.982572+00:00,1903900010103,28.52,Aceptable,31.98,Bueno,interpolacion_delaunay,0,2537,115,733,107
2026-09-30T11:05:12.982572+00:00,1903900010122,27.66,Aceptable,30.85,Bueno,interpolacion_delaunay,0,3875,316,762,228
2026-09-30T11:05:12.982572+00:00,1903900010207,26.44,Aceptable,29.26,Bueno,interpolacion_delaunay,0,2935,264,476,100
2026-09-30T11:05:12.982572+00:00,190390001089A,21.8,Aceptable,22.73,Bueno,interpolacion_delaunay,0,2450,84,735,103
2026-09-30T11:05:12.982572+00:00,1903900010813,21.66,Aceptable,22.94,Bueno,interpolacion_delaunay,0,1266,76,281,65
2026-09-30T11:05:12.982572+00:00,190390001096A,22.65,Aceptable,23.87,Bueno,interpolacion_delaunay,0,735,52,175,36
2026-09-30T11:05:12.982572+00:00,190390001107A,20.98,Aceptable,22.75,Bueno,interpolacion_delaunay,0,2056,191,358,98
2026-09-30T11:05:12.982572+00:00,1903900011099,19.89,Aceptable,21.73,Bueno,interpolacion_delaunay,0,1728,108,401,82
2026-09-30T11:05:12.982572+00:00,1903900011281,14.89,Bueno,16.1,Bueno,interpolacion_delaunay,0,162,9,42,10
2026-09-30T11:05:12.982572+00:00,190390001146A,22.27,Aceptable,23.49,Bueno,interpolacion_delaunay,0,1878,94,425,114
2026-09-30T11:05:12.982572+00:00,1903900011474,24.16,Aceptable,25.67,Bueno,interpolacion_delaunay,0,1482,65,348,91
2026-09-30T11:05:12.982572+00:00,1903900011648,10.5,Bueno,11.4,Bueno,interpolacion_delaunay,0,1275,46,383,92
2026-09-30T11:05:12.982572+00:00,1903900011953,24.14,Aceptable,25.51,Bueno,interpolacion_delaunay,0,4331,383,782,275
2026-09-30T11:05:12.982572+00:00,1903900011968,25.4,Aceptable,27.1,Bueno,interpolacion_delaunay,0,2452,198,521,139
2026-09-30T11:05:12.982572+00:00,1903900011972,26.22,Aceptable,28.21,Bueno,interpolacion_delaunay,0,2152,173,501,93
2026-09-30T11:05:12.982572+00:00,1903900011987,27.07,Aceptable,29.3,Bueno,interpolacion_delaunay,0,2330,153,564,186
2026-09-30T11:05:12.982572+00:00,1903900012010,23.3,Aceptable,24.53,Bueno,promedio_sensores,3,377,6,32,6
2026-09-30T11:05:12.982572+00:00,1903900012025,22.15,Aceptable,23.38,Bueno,interpolacion_delaunay,0,4868,169,1336,220
2026-09-30T11:05:12.982572+00:00,1903900012608,28.74,Aceptable,32.84,Bueno,interpolacion_delaunay,0,3563,325,452,140
2026-09-30T11:05:12.982572+00:00,1903900012260,18.78,Aceptable,19.43,Bueno,interpolacion_delaunay,0,2549,128,738,140
2026-09-30T11:05:12.982572+00:00,1903900012523,32.41,Aceptable,37.03,Bueno,interpolacion_delaunay,0,5883,502,863,210
2026-09-30T11:05:12.982572+00:00,1903900012576,32.59,Aceptable,37.44,Bueno,interpolacion_delaunay,0,3643,363,363,152
2026-09-30T11:05:12.982572+00:00,1903900012612,31.22,Aceptable,35.48,Bueno,interpolacion_delaunay,0,3707,369,423,217
2026-09-30T11:05:12.982572+00:00,1903900013339,31.88,Aceptable,36.34,Bueno,interpolacion_delaunay,0,3291,330,562,149
2026-09-30T11:05:12.982572+00:00,1903900013432,25.2,Aceptable,27.64,Bueno,interpolacion_delaunay,0,3283,331,497,186
2026-09-30T11:05:12.982572+00:00,1903900013381,29.19,Aceptable,32.84,Bueno,interpolacion_delaunay,0,3469,305,681,259
2026-09-30T11:05:12.982572+00:00,1903900013324,33.07,Mala,37.89,Bueno,interpolacion_delaunay,0,2714,268,458,83
2026-09-30T11:05:12.982572+00:00,1903900014587,21.4,Aceptable,22.95,Bueno,interpolacion_delaunay,0,1315,68,368,60
2026-09-30T11:05:12.982572+00:00,1903900014604,9.22,Bueno,9.5,Bueno,interpolacion_delaunay,0,2075,111,610,109
2026-09-30T11:05:12.982572+00:00,1903900014661,25.55,Aceptable,26.63,Bueno,interpolacion_delaunay,0,2902,69,608,127
2026-09-30T11:05:12.982572+00:00,1903900014680,22.83,Aceptable,24.32,Bueno,interpolacion_delaunay,0,2293,96,745,94
2026-09-30T11:05:12.982572+00:00,1903900011239,22.7,Aceptable,24.05,Bueno,interpolacion_delaunay,0,3332,293,662,233
2026-09-30T11:05:12.982572+00:00,1903900011489,28.2,Aceptable,30.0,Bueno,promedio_sensores,1,1608,86,419,74
2026-09-30T11:05:12.982572+00:00,1903900010279,26.06,Aceptable,28.77,Bueno,interpolacion_delaunay,0,2220,107,580,282
2026-09-30T11:05:12.982572+00:00,1903900010531,21.05,Aceptable,22.21,Bueno,interpolacion_delaunay,0,5417,419,1156,491
2026-09-30T11:05:12.982572+00:00,1903900010635,22.42,Aceptable,23.73,Bueno,interpolacion_delaunay,0,2264,78,723,158
2026-09-30T11:05:12.982572+00:00,1903900011686,18.28,Aceptable,18.71,Bueno,interpolacion_delaunay,0,153,7,36,5
2026-09-30T11:05:12.982572+00:00,1903900011807,22.77,Aceptable,23.87,Bueno,interpolacion_delaunay,0,2430,99,765,107
2026-09-30T11:05:12.982572+00:00,1903900011830,25.2,Aceptable,25.8,Bueno,promedio_sensores,1,898,35,265,16
2026-09-30T11:05:12.982572+00:00,1903900012097,23.5,Aceptable,24.2,Bueno,promedio_sensores,1,4087,88,440,163
2026-09-30T11:05:12.982572+00:00,1903900012256,23.35,Aceptable,23.97,Bueno,interpolacion_delaunay,0,4590,303,1006,320
2026-09-30T11:05:12.982572+00:00,1903900012307,15.93,Aceptable,16.53,Bueno,promedio_sensores,3,2986,141,683,94
2026-09-30T11:05:12.982572+00:00,1903900012453,18.02,Aceptable,18.42,Bueno,interpolacion_delaunay,0,2219,109,403,76
2026-09-30T11:05:12.982572+00:00,1903900012716,20.76,Aceptable,22.28,Bueno,interpolacion_delaunay,0,78,3,14,8
2026-09-30T11:05:12.982572+00:00,1903900012735,20.85,Aceptable,22.26,Bueno,interpolacion_delaunay,0,0,0,0,0
2026-09-30T11:05:12.982572+00:00,1903900012769,17.38,Aceptable,19.92,Bueno,interpolacion_delaunay,0,279,15,54,0
2026-09-30T11:05:12.982572+00:00,1903900012773,18.5,Aceptable,19.19,Bueno,interpolacion_delaunay,0,0,0,0,0
2026-09-30T11:05:12.982572+00:00,1903900014040,27.89,Aceptable,31.14,Bueno,interpolacion_delaunay,0,3042,337,450,116
2026-09-30T11:05:12.982572+00:00,1903900014178,26.72,Aceptable,28.77,Bueno,interpolacion_delaunay,0,4610,493,538,196
2026-09-30T11:05:12.982572+00:00,1903900010156,27.46,Aceptable,30.59,Bueno,interpolacion_delaunay,0,2930,146,830,151
2026-09-30T11:05:12.982572+00:00,1903900010264,25.84,Aceptable,28.48,Bueno,interpolacion_delaunay,0,4282,326,814,272
2026-09-30T11:05:12.982572+00:00,1903900010283,25.17,Aceptable,27.6,Bueno,interpolacion_delaunay,0,2911,218,619,83
2026-09-30T11:05:12.982572+00:00,1903900010315,22.6,Aceptable,24.26,Bueno,interpolacion_delaunay,0,3515,316,654,216
2026-09-30T11:05:12.982572+00:00,190390001032A,23.01,Aceptable,24.78,Bueno,interpolacion_delaunay,0,4173,426,573,279
2026-09-30T11:05:12.982572+00:00,1903900010349,20.26,Aceptable,21.19,Bueno,interpolacion_delaunay,0,2637,166,677,132
2026-09-30T11:05:12.982572+00:00,1903900010391,23.68,Aceptable,25.67,Bueno,interpolacion_delaunay,0,3850,295,727,205
2026-09-30T11:05:12.982572+00:00,1903900010438,20.55,Aceptable,21.57,Bueno,interpolacion_delaunay,0,3338,313,521,73
2026-09-30T11:05:12.982572+00:00,1903900010442,20.32,Aceptable,21.21,Bueno,interpolacion_delaunay,0,2676,239,533,136
2026-09-30T11:05:12.982572+00:00,1903900010457,22.31,Aceptable,24.28,Bueno,interpolacion_delaunay,0,3408,175,1149,225
2026-09-30T11:05:12.982572+00:00,1903900010480,22.51,Aceptable,24.15,Bueno,interpolacion_delaunay,0,1388,64,440,114
2026-09-30T11:05:12.982572+00:00,1903900010512,21.85,Aceptable,23.18,Bueno,interpolacion_delaunay,0,2980,202,741,168
2026-09-30T11:05:12.982572+00:00,1903900010546,21.57,Aceptable,22.77,Bueno,interpolacion_delaunay,0,2660,141,683,117
2026-09-30T11:05:12.982572+00:00,1903900010550,21.18,Aceptable,22.27,Bueno,interpolacion_delaunay,0,2279,182,478,160
2026-09-30T11:05:12.982572+00:00,1903900010565,20.74,Aceptable,21.72,Bueno,interpolacion_delaunay,0,2608,254,432,94
2026-09-30T11:05:12.982572+00:00,190390001057A,21.07,Aceptable,22.01,Bueno,interpolacion_delaunay,0,1514,131,335,33
2026-09-30T11:05:12.982572+00:00,1903900010599,14.37,Bueno,15.76,Bueno,interpolacion_delaunay,0,2808,125,1047,137
2026-09-30T11:05:12.982572+00:00,1903900010601,22.17,Aceptable,23.72,Bueno,interpolacion_delaunay,0,5314,412,1126,426
2026-09-30T11:05:12.982572+00:00,1903900010620,22.81,Aceptable,24.2,Bueno,interpolacion_delaunay,0,2515,85,744,131
2026-09-30T11:05:12.982572+00:00,190390001064A,22.13,Aceptable,23.34,Bueno,interpolacion_delaunay,0,2719,125,702,154
2026-09-30T11:05:12.982572+00:00,1903900010654,21.58,Aceptable,22.67,Bueno,interpolacion_delaunay,0,2609,119,783,144
2026-09-30T11:05:12.982572+00:00,1903900010705,11.33,Bueno,11.81,Bueno,interpolacion_delaunay,0,1996,93,661,76
2026-09-30T11:05:12.982572+00:00,1903900010739,22.79,Aceptable,24.06,Bueno,interpolacion_delaunay,0,1701,60,561,127
2026-09-30T11:05:12.982572+00:00,1903900010743,22.53,Aceptable,23.72,Bueno,interpolacion_delaunay,0,1991,112,552,108
2026-09-30T11:05:12.982572+00:00,1903900010758,22.32,Aceptable,23.44,Bueno,interpolacion_delaunay,0,1207,67,324,54
2026-09-30T11:05:12.982572+00:00,1903900010796,21.58,Aceptable,22.76,Bueno,interpolacion_delaunay,0,0,0,0,0
2026-09-30T11:05:12.982572+00:00,1903900010828,21.11,Aceptable,22.37,Bueno,interpolacion_delaunay,0,1085,46,363,57
2026-09-30T11:05:12.982572+00:00,1903900010866,17.2,Aceptable,17.73,Bueno,interpolacion_delaunay,0,1678,49,570,85
2026-09-30T11:05:12.982572+00:00,1903900010870,20.74,Aceptable,21.6,Bueno,interpolacion_delaunay,0,3879,268,842,254
2026-09-30T11:05:12.982572+00:00,1903900010885,20.98,Aceptable,21.76,Bueno,interpolacion_delaunay,0,1668,63,493,70
2026-09-30T11:05:12.982572+00:00,1903900010940,22.55,Aceptable,23.67,Bueno,interpolacion_delaunay,0,3419,259,605,213
2026-09-30T11:05:12.982572+00:00,1903900011046,21.68,Aceptable,23.29,Bueno,interpolacion_delaunay,0,1800,151,355,99
2026-09-30T11:05:12.982572+00:00,1903900011135,21.94,Aceptable,22.66,Bueno,interpolacion_delaunay,0,1752,62,519,67
2026-09-30T11:05:12.982572+00:00,190390001114A,19.7,Aceptable,20.3,Bueno,promedio_sensores,1,1380,53,428,34
2026-09-30T11:05:12.982572+00:00,1903900011154,20.3,Aceptable,21.3,Bueno,interpolacion_delaunay,0,1623,62,444,64
2026-09-30T11:05:12.982572+00:00,1903900011169,21.35,Aceptable,22.6,Bueno,promedio_sensores,2,2880,73,732,160
2026-09-30T11:05:12.982572+00:00,1903900011192,22.65,Aceptable,23.76,Bueno,interpolacion_delaunay,0,2657,175,674,141
2026-09-30T11:05:12.982572+00:00,1903900011205,25.17,Aceptable,26.58,Bueno,interpolacion_delaunay,0,122,13,22,0
2026-09-30T11:05:12.982572+00:00,1903900011243,14.34,Bueno,15.37,Bueno,interpolacion_delaunay,0,475,45,76,44
2026-09-30T11:05:12.982572+00:00,1903900011258,16.74,Aceptable,17.92,Bueno,interpolacion_delaunay,0,1048,106,166,35
2026-09-30T11:05:12.982572+00:00,1903900011262,22.76,Aceptable,24.21,Bueno,interpolacion_delaunay,0,1756,114,447,140
2026-09-30T11:05:12.982572+00:00,1903900011277,19.99,Aceptable,21.4,Bueno,interpolacion_delaunay,0,2024,136,529,164
2026-09-30T11:05:12.982572+00:00,1903900011309,23.2,Aceptable,24.9,Bueno,promedio_sensores,1,1761,123,433,90
2026-09-30T11:05:12.982572+00:00,1903900011351,20.58,Aceptable,22.56,Bueno,interpolacion_delaunay,0,2734,167,651,175
2026-09-30T11:05:12.982572+00:00,1903900011366,20.32,Aceptable,22.22,Bueno,interpolacion_delaunay,0,0,0,0,0
2026-09-30T11:05:12.982572+00:00,1903900011421,30.2,Aceptable,33.0,Bueno,promedio_sensores,1,3327,204,738,54
2026-09-30T11:05:12.982572+00:00,1903900011436,25.94,Aceptable,27.82,Bueno,interpolacion_delaunay,0,1869,83,431,69
2026-09-30T11:05:12.982572+00:00,1903900011440,25.26,Aceptable,26.94,Bueno,interpolacion_delaunay,0,1644,76,453,82
2026-09-30T11:05:12.982572+00:00,1903900011455,20.68,Aceptable,22.81,Bueno,interpolacion_delaunay,0,1330,38,379,65
2026-09-30T11:05:12.982572+00:00,1903900011578,19.78,Aceptable,20.29,Bueno,interpolacion_delaunay,0,1668,78,469,55
2026-09-30T11:05:12.982572+00:00,1903900011582,21.2,Aceptable,21.9,Bueno,promedio_sensores,1,1943,98,485,98
2026-09-30T11:05:12.982572+00:00,190390001160A,20.89,Aceptable,22.19,Bueno,interpolacion_delaunay,0,1878,106,479,110
2026-09-30T11:05:12.982572+00:00,1903900011614,20.95,Aceptable,22.19,Bueno,interpolacion_delaunay,0,2516,127,727,95
2026-09-30T11:05:12.982572+00:00,1903900011633,15.98,Aceptable,18.42,Bueno,interpolacion_delaunay,0,810,34,225,59
2026-09-30T11:05:12.982572+00:00,1903900011703,18.14,Aceptable,18.5,Bueno,interpolacion_delaunay,0,3184,63,372,52
2026-09-30T11:05:12.982572+00:00,1903900011722,21.43,Aceptable,22.55,Bueno,interpolacion_delaunay,0,511,20,136,16
2026-09-30T11:05:12.982572+00:00,1903900011737,16.5,Aceptable,17.13,Bueno,interpolacion_delaunay,0,377,25,76,21
2026-09-30T11:05:12.982572+00:00,1903900011741,20.98,Aceptable,21.83,Bueno,interpolacion_delaunay,0,179,8,28,10
2026-09-30T11:05:12.982572+00:00,1903900011756,21.82,Aceptable,22.94,Bueno,interpolacion_delaunay,0,191,3,61,18
2026-09-30T11:05:12.982572+00:00,1903900011794,23.55,Aceptable,24.68,Bueno,interpolacion_delaunay,0,2555,160,623,167
2026-09-30T11:05:12.982572+00:00,1903900011845,12.5,Bueno,13.1,Bueno,promedio_sensores,1,2750,133,527,66
2026-09-30T11:05:12.982572+00:00,190390001185A,20.17,Aceptable,20.83,Bueno,interpolacion_delaunay,0,2718,189,497,75
2026-09-30T11:05:12.982572+00:00,1903900011879,22.24,Aceptable,23.19,Bueno,interpolacion_delaunay,0,2302,190,467,160
2026-09-30T11:05:12.982572+00:00,1903900011883,23.41,Aceptable,24.69,Bueno,interpolacion_delaunay,0,2653,217,567,162
2026-09-30T11:05:12.982572+00:00,1903900011898,25.48,Aceptable,27.26,Bueno,interpolacion_delaunay,0,2466,163,572,128
2026-09-30T11:05:12.982572+00:00,1903900011900,24.79,Aceptable,26.52,Bueno,interpolacion_delaunay,0,1274,99,333,108
2026-09-30T11:05:12.982572+00:00,1903900012167,21.59,Aceptable,22.26,Bueno,interpolacion_delaunay,0,2883,124,813,123
2026-09-30T11:05:12.982572+00:00,1903900012190,15.28,Aceptable,15.91,Bueno,interpolacion_delaunay,0,1182,41,455,89
2026-09-30T11:05:12.982572+00:00,1903900012218,11.81,Bueno,12.46,Bueno,interpolacion_delaunay,0,1788,87,512,71
2026-09-30T11:05:12.982572+00:00,1903900012241,13.11,Bueno,13.6,Bueno,interpolacion_delaunay,0,1136,46,404,79
2026-09-30T11:05:12.982572+00:00,1903900012275,16.33,Aceptable,17.22,Bueno,interpolacion_delaunay,0,3740,200,896,144
2026-09-30T11:05:12.982572+00:00,1903900012472,25.7,Aceptable,26.6,Bueno,promedio_sensores,1,4662,342,773,243
2026-09-30T11:05:12.982572+00:00,190390001267A,19.15,Aceptable,21.29,Bueno,interpolacion_delaunay,0,3909,249,1025,191
2026-09-30T11:05:12.982572+00:00,1903900012684,20.91,Aceptable,23.08,Bueno,interpolacion_delaunay,0,2186,73,687,43
2026-09-30T11:05:12.982572+00:00,1903900012720,20.4,Aceptable,21.6,Bueno,promedio_sensores,1,970,52,170,37
2026-09-30T11:05:12.982572+00:00,190390001274A,20.2,Aceptable,21.25,Bueno,interpolacion_delaunay,0,10,0,0,0
2026-09-30T11:05:12.982572+00:00,1903900012754,22.0,Aceptable,23.14,Bueno,interpolacion_delaunay,0,3205,214,714,184
2026-09-30T11:05:12.982572+00:00,1903900012788,22.62,Aceptable,23.88,Bueno,interpolacion_delaunay,0,0,0,0,0
2026-09-30T11:05:12.982572+00:00,190390001281A,11.1,Bueno,11.4,Bueno,promedio_sensores,1,327,0,0,0
2026-09-30T11:05:12.982572+00:00,1903900012877,5.52,Bueno,6.81,Bueno,interpolacion_delaunay,0,0,0,0,0
2026-09-30T11:05:12.982572+00:00,1903900013451,23.41,Aceptable,25.3,Bueno,interpolacion_delaunay,0,4308,421,672,304
2026-09-30T11:05:12.982572+00:00,1903900013555,23.28,Aceptable,26.08,Bueno,interpolacion_delaunay,0,4663,290,902,166
2026-09-30T11:05:12.982572+00:00,1903900013593,19.03,Aceptable,20.02,Bueno,interpolacion_delaunay,0,2322,237,355,231
2026-09-30T11:05:12.982572+00:00,1903900013606,22.43,Aceptable,23.66,Bueno,interpolacion_delaunay,0,2907,266,482,206
2026-09-30T11:05:12.982572+00:00,1903900013610,15.0,Bueno,15.95,Bueno,interpolacion_delaunay,0,2513,260,368,178
2026-09-30T11:05:12.982572+00:00,1903900013659,26.82,Aceptable,28.27,Bueno,interpolacion_delaunay,0,1885,176,371,95
2026-09-30T11:05:12.982572+00:00,190390001406A,24.62,Aceptable,26.88,Bueno,interpolacion_delaunay,0,4196,447,516,257
2026-09-30T11:05:12.982572+00:00,1903900014093,25.34,Aceptable,27.83,Bueno,interpolacion_delaunay,0,3096,303,444,145
2026-09-30T11:05:12.982572+00:00,1903900014144,10.32,Bueno,13.64,Bueno,interpolacion_delaunay,0,883,38,360,125
2026-09-30T11:05:12.982572+00:00,1903900014159,1.6,Bueno,2.3,Bueno,promedio_sensores,1,620,20,142,55
2026-09-30T11:05:12.982572+00:00,1903900014500,24.44,Aceptable,26.66,Bueno,interpolacion_delaunay,0,3056,353,283,111
2026-09-30T11:05:12.982572+00:00,1903900014515,23.26,Aceptable,25.13,Bueno,interpolacion_delaunay,0,3391,252,688,180
2026-09-30T11:05:12.982572+00:00,1903900014549,21.87,Aceptable,23.3,Bueno,interpolacion_delaunay,0,4319,365,785,218
2026-09-30T11:05:12.982572+00:00,1903900014553,21.66,Aceptable,23.04,Bueno,interpolacion_delaunay,0,3885,315,748,307
2026-09-30T11:05:12.982572+00:00,1903900014619,3.17,Bueno,3.59,Bueno,interpolacion_delaunay,0,2679,137,355,34
2026-09-30T11:05:12.982572+00:00,1903900014623,21.6,Aceptable,22.3,Bueno,promedio_sensores,1,1853,99,476,133
2026-09-30T11:05:12.982572+00:00,1903900014731,21.59,Aceptable,22.64,Bueno,interpolacion_delaunay,0,2772,164,687,112
2026-09-30T11:05:12.982572+00:00,1903900014905,15.75,Aceptable,16.21,Bueno,interpolacion_delaunay,0,2280,182,284,44
2026-09-30T11:05:12.982572+00:00,190390001491A,14.12,Bueno,14.95,Bueno,interpolacion_delaunay,0,897,47,73,0
2026-09-30T11:05:12.982572+00:00,1903900014924,24.0,Aceptable,24.4,Bueno,promedio_sensores,1,2425,136,485,38
2026-09-30T11:05:12.982572+00:00,1903900014939,23.54,Aceptable,24.3,Bueno,interpolacion_delaunay,0,1974,92,485,50
2026-09-30T11:05:12.982572+00:00,1903900015142,22.83,Aceptable,23.86,Bueno,interpolacion_delaunay,0,2839,330,193,45
2026-09-30T11:05:12.982572+00:00,1903900011385,20.84,Aceptable,22.66,Bueno,interpolacion_delaunay,0,1585,87,442,107
2026-09-30T11:05:12.982572+00:00,1903900012805,20.33,Aceptable,20.95,Bueno,interpolacion_delaunay,0,3258,186,362,30
2026-09-30T11:05:12.982572+00:00,1903900011826,26.78,Aceptable,28.19,Bueno,interpolacion_delaunay,0,1966,181,300,39
2026-09-30T11:05:12.982572+00:00,1903900012468,15.87,Aceptable,16.6,Bueno,interpolacion_delaunay,0,3979,370,451,75
2026-09-30T11:05:12.982572+00:00,1903900012133,27.78,Aceptable,29.72,Bueno,interpolacion_delaunay,0,3643,409,514,130
2026-09-30T11:05:12.982572+00:00,1903900014182,26.45,Aceptable,28.01,Bueno,interpolacion_delaunay,0,2164,180,491,80
2026-09-30T11:05:12.982572+00:00,1903900012152,23.9,Aceptable,24.62,Bueno,interpolacion_delaunay,0,2360,140,519,93
2026-09-30T11:05:12.982572+00:00,1903900012082,25.36,Aceptable,26.65,Bueno,interpolacion_delaunay,0,2402,95,700,143
2026-09-30T11:05:12.982572+00:00,1903900013663,23.8,Aceptable,24.49,Bueno,interpolacion_delaunay,0,4832,422,675,278
2026-09-30T11:05:12.982572+00:00,1903900013714,9.88,Bueno,10.07,Bueno,interpolacion_delaunay,0,4743,468,751,239
2026-09-30T11:05:12.982572+00:00,1903900012858,14.07,Bueno,14.62,Bueno,interpolacion_delaunay,0,0,0,0,0
2026-09-30T11:05:12.982572+00:00,1903900012839,10.12,Bueno,10.39,Bueno,interpolacion_delaunay,0,426,30,39,0
2026-09-30T11:05:12.982572+00:00,1903900012843,23.6,Aceptable,24.2,Bueno,promedio_sensores,1,3288,154,618,59
2026-09-30T11:05:12.982572+00:00,1903900012862,6.96,Bueno,7.15,Bueno,interpolacion_delaunay,0,0,0,0,0
2026-09-30T11:05:12.982572+00:00,1903900013733,7.29,Bueno,7.41,Bueno,interpolacion_delaunay,0,1895,90,465,59
2026-09-30T11:05:12.982572+00:00,1903900012294,18.52,Aceptable,19.35,Bueno,interpolacion_delaunay,0,3104,120,1010,138
2026-09-30T11:05:12.982572+00:00,190390001228A,21.61,Aceptable,22.35,Bueno,interpolacion_delaunay,0,2430,94,799,56
2026-09-30T11:05:12.982572+00:00,1903900010423,21.35,Aceptable,22.62,Bueno,interpolacion_delaunay,0,3542,305,682,134
2026-09-30T11:05:12.982572+00:00,1903900010334,21.76,Aceptable,23.15,Bueno,interpolacion_delaunay,0,878,76,200,70
2026-09-30T11:05:12.982572+00:00,1903900010071,29.12,Aceptable,32.75,Bueno,interpolacion_delaunay,0,2520,129,682,146
2026-09-30T11:05:12.982572+00:00,1903900014869,2.16,Bueno,2.45,Bueno,interpolacion_delaunay,0,4404,353,307,53
2026-09-30T11:05:12.982572+00:00,1903900013748,6.02,Bueno,6.3,Bueno,interpolacion_delaunay,0,3552,225,627,97
2026-09-30T11:05:12.982572+00:00,1903900011050,20.22,Aceptable,21.83,Bueno,interpolacion_delaunay,0,1589,135,342,104
2026-09-30T11:05:12.982572+00:00,1903900011116,19.26,Aceptable,20.91,Bueno,interpolacion_delaunay,0,0,0,0,0
2026-09-30T11:05:12.982572+00:00,1903900010809,21.36,Aceptable,22.56,Bueno,interpolacion_delaunay,0,59,3,14,3
2026-09-30T11:05:12.982572+00:00,1903900010989,22.42,Aceptable,23.8,Bueno,interpolacion_delaunay,0,6061,564,591,133
2026-09-30T11:05:12.982572+00:00,1903900010851,19.68,Aceptable,21.23,Bueno,interpolacion_delaunay,0,1601,105,413,68
2026-09-30T11:05:12.982572+00:00,1903900013413,26.91,Aceptable,30.59,Bueno,interpolacion_delaunay,0,7251,522,1316,316
2026-09-30T11:05:12.982572+00:00,1903900010033,31.93,Aceptable,36.49,Bueno,interpolacion_delaunay,0,3321,285,588,124
2026-09-30T11:05:12.982572+00:00,1903900010137,28.17,Aceptable,31.84,Bueno,interpolacion_delaunay,0,4478,279,1202,320
2026-09-30T11:05:12.982572+00:00,1903900010141,26.02,Aceptable,29.08,Bueno,interpolacion_delaunay,0,4273,225,965,185
2026-09-30T11:05:12.982572+00:00,1903900010762,22.01,Aceptable,23.06,Bueno,interpolacion_delaunay,0,1600,114,337,68
2026-09-30T11:05:12.982572+00:00,1903900014106,24.78,Aceptable,27.11,Bueno,interpolacion_delaunay,0,4189,248,1019,177
2026-09-30T11:05:12.982572+00:00,1903900014110,23.3,Aceptable,25.18,Bueno,interpolacion_delaunay,0,2699,161,643,225
2026-09-30T11:05:12.982572+00:00,1903900010921,22.48,Aceptable,23.52,Bueno,interpolacion_delaunay,0,2388,213,393,106
2026-09-30T11:05:12.982572+00:00,1903900010669,21.95,Aceptable,22.95,Bueno,interpolacion_delaunay,0,2152,159,463,119
2026-09-30T11:05:12.982572+00:00,1903900010067,30.03,Aceptable,33.93,Bueno,interpolacion_delaunay,0,2799,155,819,158
2026-09-30T11:05:12.982572+00:00,1903900010688,21.23,Aceptable,22.25,Bueno,interpolacion_delaunay,0,2838,195,394,149
2026-09-30T11:05:12.982572+00:00,1903900010584,20.58,Aceptable,21.45,Bueno,interpolacion_delaunay,0,3226,273,587,141
2026-09-30T11:05:12.982572+00:00,1903900011417,27.59,Aceptable,29.38,Bueno,interpolacion_delaunay,0,3077,152,970,79
2026-09-30T11:05:12.982572+00:00,1903900013837,27.04,Aceptable,28.64,Bueno,interpolacion_delaunay,0,3561,193,908,77
2026-09-30T11:05:12.982572+00:00,1903900013930,27.71,Aceptable,30.9,Bueno,interpolacion_delaunay,0,1431,202,111,73
2026-09-30T11:05:12.982572+00:00,1903900014055,25.98,Aceptable,28.65,Bueno,interpolacion_delaunay,0,4222,525,372,136
2026-09-30T11:05:12.982572+00:00,190390001420A,25.87,Aceptable,27.09,Bueno,interpolacion_delaunay,0,3029,320,382,97
2026-09-30T11:05:12.982572+00:00,1903900014197,25.94,Aceptable,27.26,Bueno,interpolacion_delaunay,0,2456,248,321,138
2026-09-30T11:05:12.982572+00:00,1903900010974,22.41,Aceptable,23.68,Bueno,interpolacion_delaunay,0,781,39,192,50
2026-09-30T11:05:12.982572+00:00,1903900011084,19.57,Aceptable,21.34,Bueno,interpolacion_delaunay,0,1782,162,338,82
2026-09-30T11:05:12.982572+00:00,1903900010847,20.68,Aceptable,22.0,Bueno,interpolacion_delaunay,0,1023,82,199,53
2026-09-30T11:05:12.982572+00:00,1903900010993,22.13,Aceptable,23.59,Bueno,interpolacion_delaunay,0,1086,95,211,53
2026-09-30T11:05:12.982572+00:00,1903900010372,23.88,Aceptable,25.94,Bueno,interpolacion_delaunay,0,2524,139,785,102
2026-09-30T11:05:12.982572+00:00,1903900011031,20.88,Aceptable,22.39,Bueno,interpolacion_delaunay,0,1190,84,257,58
2026-09-30T11:05:12.982572+00:00,1903900010902,21.86,Aceptable,22.8,Bueno,interpolacion_delaunay,0,3066,119,898,183
2026-09-30T11:05:12.982572+00:00,1903900010777,21.93,Aceptable,23.04,Bueno,interpolacion_delaunay,0,1329,106,264,76
2026-09-30T11:05:12.982572+00:00,1903900010781,21.91,Aceptable,23.07,Bueno,interpolacion_delaunay,0,242,8,54,15
2026-09-30T11:05:12.982572+00:00,1903900014572,23.07,Aceptable,24.69,Bueno,interpolacion_delaunay,0,1442,81,389,93
2026-09-30T11:05:12.982572+00:00,1903900014676,22.61,Aceptable,24.12,Bueno,interpolacion_delaunay,0,2120,102,506,104
2026-09-30T11:05:12.982572+00:00,190390001025A,26.51,Aceptable,29.36,Bueno,interpolacion_delaunay,0,3942,258,986,278
2026-09-30T11:05:12.982572+00:00,1903900010495,22.17,Aceptable,23.63,Bueno,interpolacion_delaunay,0,1812,109,420,98
2026-09-30T11:05:12.982572+00:00,1903900010917,22.7,Aceptable,23.7,Bueno,promedio_sensores,1,2843,155,698,133
2026-09-30T11:05:12.982572+00:00,1903900010955,22.37,Aceptable,23.52,Bueno,interpolacion_delaunay,0,288,25,64,22
2026-09-30T11:05:12.982572+00:00,1903900013697,12.08,Bueno,12.34,Bueno,interpolacion_delaunay,0,1977,183,341,77
2026-09-30T11:05:12.982572+00:00,1903900013860,26.52,Aceptable,29.36,Bueno,interpolacion_delaunay,0,3174,344,383,184
2026-09-30T11:05:12.982572+00:00,1903900015439,11.33,Bueno,11.94,Bueno,interpolacion_delaunay,0,627,97,12,5
2026-09-30T11:05:12.982572+00:00,1903900011027,22.19,Aceptable,23.74,Bueno,interpolacion_delaunay,0,509,36,115,25
2026-09-30T11:05:12.982572+00:00,1903900013998,32.96,Aceptable,37.74,Bueno,interpolacion_delaunay,0,5766,706,558,248
2026-09-30T11:05:12.982572+00:00,190390001477A,18.71,Aceptable,19.15,Bueno,interpolacion_delaunay,0,550,33,68,4
2026-09-30T11:05:12.982572+00:00,1903900014002,31.67,Aceptable,36.07,Bueno,interpolacion_delaunay,0,5494,669,668,240
2026-09-30T11:05:12.982572+00:00,1903900014873,0.78,Bueno,0.85,Bueno,interpolacion_delaunay,0,2383,154,261,52
2026-09-30T11:05:12.982572+00:00,1903900011008,22.81,Aceptable,24.35,Bueno,interpolacion_delaunay,0,1877,145,377,135
2026-09-30T11:05:12.982572+00:00,1903900011313,22.5,Aceptable,24.21,Bueno,interpolacion_delaunay,0,5055,336,882,185
2026-09-30T11:05:12.982572+00:00,190390001139A,20.1,Aceptable,22.2,Bueno,interpolacion_delaunay,0,1079,59,290,49
2026-09-30T11:05:12.982572+00:00,1903900011402,19.93,Aceptable,21.92,Bueno,interpolacion_delaunay,0,681,31,196,23
2026-09-30T11:05:12.982572+00:00,1903900012519,33.7,Mala,38.71,Bueno,interpolacion_delaunay,0,5642,661,498,241
2026-09-30T11:05:12.982572+00:00,1903900013822,24.9,Aceptable,25.69,Bueno,interpolacion_delaunay,0,6050,361,890,140
2026-09-30T11:05:12.982572+00:00,1903900013964,24.08,Aceptable,24.61,Bueno,interpolacion_delaunay,0,728,55,70,19
2026-09-30T11:05:12.982572+00:00,1903900014125,22.61,Aceptable,24.24,Bueno,interpolacion_delaunay,0,1881,174,361,63
2026-09-30T11:05:12.982572+00:00,190390001452A,24.51,Aceptable,26.73,Bueno,interpolacion_delaunay,0,2471,240,363,186
2026-09-30T11:05:12.982572+00:00,190390001413A,22.77,Aceptable,24.4,Bueno,interpolacion_delaunay,0,2082,180,339,126
2026-09-30T11:05:12.982572+00:00,1903900010461,23.0,Aceptable,24.8,Bueno,promedio_sensores,1,3422,173,1112,139
2026-09-30T11:05:12.982572+00:00,1903900014534,22.12,Aceptable,23.61,Bueno,interpolacion_delaunay,0,1267,111,229,29
2026-09-30T11:05:12.982572+00:00,1903900013767,7.54,Bueno,7.87,Bueno,interpolacion_delaunay,0,2308,117,605,127
2026-09-30T11:05:12.982572+00:00,1903900012345,4.24,Bueno,4.29,Bueno,interpolacion_delaunay,0,2632,98,737,80
2026-09-30T11:05:12.982572+00:00,1903900012364,0.0,Bueno,0.0,Bueno,promedio_sensores,1,2327,116,787,61
2026-09-30T11:05:12.982572+00:00,1903900011629,13.9,Bueno,19.1,Bueno,promedio_sensores,1,2881,196,402,58
2026-09-30T11:05:12.982572+00:00,1903900013396,28.78,Aceptable,32.31,Bueno,interpolacion_delaunay,0,4014,389,664,275
2026-09-30T11:05:12.982572+00:00,1903900010245,19.0,Aceptable,21.39,Bueno,interpolacion_delaunay,0,2709,131,764,208
2026-09-30T11:05:12.982572+00:00,1903900015284,14.02,Bueno,14.75,Bueno,interpolacion_delaunay,0,513,29,60,13
2026-09-30T11:05:12.982572+00:00,1903900010118,28.14,Aceptable,31.47,Bueno,interpolacion_delaunay,0,4580,383,955,302
2026-09-30T11:05:12.982572+00:00,1903900010052,29.92,Aceptable,33.79,Bueno,interpolacion_delaunay,0,3869,304,717,323
2026-09-30T11:05:12.982572+00:00,1903900015123,30.41,Aceptable,34.42,Bueno,interpolacion_delaunay,0,68,3,4,3
2026-09-30T11:05:12.982572+00:00,1903900014036,29.11,Aceptable,32.73,Bueno,interpolacion_delaunay,0,4679,569,514,263
2026-09-30T11:05:12.982572+00:00,1903900010508,21.8,Aceptable,23.23,Bueno,interpolacion_delaunay,0,3451,202,579,150
2026-09-30T11:05:12.982572+00:00,1903900010527,21.51,Aceptable,22.81,Bueno,interpolacion_delaunay,0,1779,95,454,127
2026-09-30T11:05:12.982572+00:00,1903900013729,8.64,Bueno,9.07,Bueno,interpolacion_delaunay,0,3410,392,357,136
2026-09-30T11:05:12.982572+00:00,190390001370A,10.88,Bueno,11.3,Bueno,interpolacion_delaunay,0,4006,357,563,228
2026-09-30T11:05:12.982572+00:00,1904600010362,17.67,Aceptable,18.89,Bueno,interpolacion_delaunay,0,5505,271,1291,301
2026-09-30T11:05:12.982572+00:00,1904600011483,15.18,Aceptable,15.91,Bueno,interpolacion_delaunay,0,2026,111,597,94
2026-09-30T11:05:12.982572+00:00,1904600011638,15.7,Aceptable,16.33,Bueno,interpolacion_delaunay,0,4053,248,498,114
2026-09-30T11:05:12.982572+00:00,1904600010998,15.35,Aceptable,15.91,Bueno,interpolacion_delaunay,0,5855,449,1099,257
2026-09-30T11:05:12.982572+00:00,1904600011676,20.05,Aceptable,21.23,Bueno,interpolacion_delaunay,0,362,30,69,27
2026-09-30T11:05:12.982572+00:00,1904600010216,19.8,Aceptable,20.6,Bueno,promedio_sensores,1,2042,50,546,50
2026-09-30T11:05:12.982572+00:00,1904600010536,15.55,Aceptable,16.06,Bueno,interpolacion_delaunay,0,4997,504,603,104
2026-09-30T11:05:12.982572+00:00,1904600011708,15.53,Aceptable,16.0,Bueno,interpolacion_delaunay,0,1763,89,284,44
2026-09-30T11:05:12.982572+00:00,190460001070A,16.03,Aceptable,16.73,Bueno,interpolacion_delaunay,0,1273,69,137,48
2026-09-30T11:05:12.982572+00:00,1904600011375,15.43,Aceptable,15.96,Bueno,interpolacion_delaunay,0,5964,475,946,326
2026-09-30T11:05:12.982572+00:00,1904600011286,17.43,Aceptable,18.56,Bueno,interpolacion_delaunay,0,2603,117,839,196
2026-09-30T11:05:12.982572+00:00,1904600011623,15.4,Aceptable,15.95,Bueno,interpolacion_delaunay,0,4225,248,423,136
2026-09-30T11:05:12.982572+00:00,1904600010786,15.46,Aceptable,15.97,Bueno,interpolacion_delaunay,0,4690,309,1009,269
2026-09-30T11:05:12.982572+00:00,190460001024A,18.13,Aceptable,19.07,Bueno,interpolacion_delaunay,0,2748,75,850,176
2026-09-30T11:05:12.982572+00:00,1904600010875,15.27,Aceptable,15.86,Bueno,interpolacion_delaunay,0,3785,202,993,129
2026-09-30T11:05:12.982572+00:00,1904600010324,18.25,Aceptable,19.7,Bueno,interpolacion_delaunay,0,2214,97,651,92
2026-09-30T11:05:12.982572+00:00,1904600011233,16.84,Aceptable,17.9,Bueno,interpolacion_delaunay,0,3010,241,577,204
2026-09-30T11:05:12.982572+00:00,1904600010131,19.06,Aceptable,19.99,Bueno,interpolacion_delaunay,0,4113,160,1393,177
2026-09-30T11:05:12.982572+00:00,1904600010184,18.77,Aceptable,19.62,Bueno,interpolacion_delaunay,0,3438,93,1132,126
2026-09-30T11:05:12.982572+00:00,1904600010235,18.39,Aceptable,19.25,Bueno,interpolacion_delaunay,0,2765,104,711,111
2026-09-30T11:05:12.982572+00:00,1904600010466,20.41,Aceptable,21.43,Bueno,interpolacion_delaunay,0,2212,113,500,58
2026-09-30T11:05:12.982572+00:00,190460001049A,20.06,Aceptable,20.98,Bueno,interpolacion_delaunay,0,2827,123,674,44
2026-09-30T11:05:12.982572+00:00,1904600011407,15.45,Aceptable,15.94,Bueno,interpolacion_delaunay,0,3464,317,610,173
2026-09-30T11:05:12.982572+00:00,1904600011642,17.19,Aceptable,17.96,Bueno,interpolacion_delaunay,0,2601,116,623,113
2026-09-30T11:05:12.982572+00:00,1904600011731,15.17,Aceptable,15.73,Bueno,interpolacion_delaunay,0,3017,207,561,120
2026-09-30T11:05:12.982572+00:00,1904600010108,16.9,Aceptable,17.76,Bueno,interpolacion_delaunay,0,2483,125,582,112
2026-09-30T11:05:12.982572+00:00,1904600010127,15.25,Aceptable,15.85,Bueno,interpolacion_delaunay,0,4270,186,1281,297
2026-09-30T11:05:12.982572+00:00,1904600010292,19.77,Aceptable,20.83,Bueno,interpolacion_delaunay,0,0,0,0,0
2026-09-30T11:05:12.982572+00:00,1904600010714,15.96,Aceptable,16.75,Bueno,interpolacion_delaunay,0,3666,266,947,309
2026-09-30T11:05:12.982572+00:00,1904600010860,15.39,Aceptable,15.91,Bueno,interpolacion_delaunay,0,3290,227,721,158
2026-09-30T11:05:12.982572+00:00,1904600011002,15.43,Aceptable,15.94,Bueno,interpolacion_delaunay,0,3262,289,695,194
2026-09-30T11:05:12.982572+00:00,190460001120A,16.7,Aceptable,17.74,Bueno,interpolacion_delaunay,0,3141,265,631,179
2026-09-30T11:05:12.982572+00:00,1904600011341,15.5,Aceptable,15.98,Bueno,interpolacion_delaunay,0,3608,289,555,127
2026-09-30T11:05:12.982572+00:00,1904600011426,15.31,Aceptable,15.89,Bueno,interpolacion_delaunay,0,3335,302,691,164
2026-09-30T11:05:12.982572+00:00,190460001177A,21.99,Aceptable,23.44,Bueno,interpolacion_delaunay,0,2611,224,320,95
2026-09-30T11:05:12.982572+00:00,1904600010042,17.27,Aceptable,18.18,Bueno,interpolacion_delaunay,0,1646,90,422,69
2026-09-30T11:05:12.982572+00:00,1904600010057,16.8,Aceptable,17.67,Bueno,interpolacion_delaunay,0,1216,61,388,100
2026-09-30T11:05:12.982572+00:00,1904600010076,15.28,Aceptable,15.86,Bueno,interpolacion_delaunay,0,3762,199,1053,215
2026-09-30T11:05:12.982572+00:00,1904600010095,16.91,Aceptable,17.78,Bueno,interpolacion_delaunay,0,1199,53,337,85
2026-09-30T11:05:12.982572+00:00,1904600010146,17.09,Aceptable,17.92,Bueno,interpolacion_delaunay,0,2987,160,749,104
2026-09-30T11:05:12.982572+00:00,190460001017A,15.21,Aceptable,15.84,Bueno,interpolacion_delaunay,0,4101,180,1201,211
2026-09-30T11:05:12.982572+00:00,1904600010201,16.05,Aceptable,16.78,Bueno,interpolacion_delaunay,0,3988,173,1242,253
2026-09-30T11:05:12.982572+00:00,1904600010220,19.75,Aceptable,20.64,Bueno,interpolacion_delaunay,0,1869,61,495,59
2026-09-30T11:05:12.982572+00:00,190460001031A,17.87,Aceptable,19.2,Bueno,interpolacion_delaunay,0,2149,134,353,62
2026-09-30T11:05:12.982572+00:00,1904600010343,16.77,Aceptable,17.76,Bueno,interpolacion_delaunay,0,5532,394,1335,345
2026-09-30T11:05:12.982572+00:00,1904600010381,18.34,Aceptable,19.75,Bueno,interpolacion_delaunay,0,3251,164,847,172
2026-09-30T11:05:12.982572+00:00,1904600010413,20.83,Aceptable,21.96,Bueno,interpolacion_delaunay,0,4002,238,499,120
2026-09-30T11:05:12.982572+00:00,1904600010485,21.18,Aceptable,22.4,Bueno,interpolacion_delaunay,0,3150,144,1004,109
2026-09-30T11:05:12.982572+00:00,1904600010540,15.24,Aceptable,15.86,Bueno,interpolacion_delaunay,0,4952,283,1289,225
2026-09-30T11:05:12.982572+00:00,1904600010555,15.66,Aceptable,16.2,Bueno,interpolacion_delaunay,0,0,0,0,0
2026-09-30T11:05:12.982572+00:00,1904600010593,15.26,Aceptable,15.87,Bueno,interpolacion_delaunay,0,5785,417,488,81
2026-09-30T11:05:12.982572+00:00,1904600010610,16.24,Aceptable,17.04,Bueno,interpolacion_delaunay,0,4819,442,219,35
2026-09-30T11:05:12.982572+00:00,1904600010625,15.4,Aceptable,15.93,Bueno,interpolacion_delaunay,0,684,56,110,22
2026-09-30T11:05:12.982572+00:00,1904600010659,15.26,Aceptable,15.88,Bueno,interpolacion_delaunay,0,0,0,0,0
2026-09-30T11:05:12.982572+00:00,1904600010729,15.67,Aceptable,16.36,Bueno,interpolacion_delaunay,0,0,0,0,0
2026-09-30T11:05:12.982572+00:00,1904600010752,16.47,Aceptable,17.35,Bueno,interpolacion_delaunay,0,2043,121,429,51
2026-09-30T11:05:12.982572+00:00,1904600010790,15.53,Aceptable,16.0,Bueno,interpolacion_delaunay,0,0,0,0,0
2026-09-30T11:05:12.982572+00:00,1904600010822,15.43,Aceptable,15.92,Bueno,interpolacion_delaunay,0,1808,142,329,116
2026-09-30T11:05:12.982572+00:00,1904600010841,15.37,Aceptable,15.9,Bueno,interpolacion_delaunay,0,2675,196,623,119
2026-09-30T11:05:12.982572+00:00,1904600010856,15.33,Aceptable,15.88,Bueno,interpolacion_delaunay,0,5049,305,900,195
2026-09-30T11:05:12.982572+00:00,190460001088A,13.5,Bueno,14.07,Bueno,interpolacion_delaunay,0,4232,220,1219,162
2026-09-30T11:05:12.982572+00:00,1904600010894,14.1,Bueno,14.73,Bueno,interpolacion_delaunay,0,2806,182,550,130
2026-09-30T11:05:12.982572+00:00,1904600010907,15.34,Aceptable,15.89,Bueno,interpolacion_delaunay,0,3550,247,722,168
2026-09-30T11:05:12.982572+00:00,1904600010930,19.25,Aceptable,20.27,Bueno,interpolacion_delaunay,0,3021,143,721,82
2026-09-30T11:05:12.982572+00:00,1904600010945,18.56,Aceptable,19.51,Bueno,interpolacion_delaunay,0,3597,162,944,129
2026-09-30T11:05:12.982572+00:00,190460001095A,15.36,Aceptable,15.91,Bueno,interpolacion_delaunay,0,3265,234,654,254
2026-09-30T11:05:12.982572+00:00,1904600010979,15.15,Aceptable,15.82,Bueno,interpolacion_delaunay,0,2747,114,869,151
2026-09-30T11:05:12.982572+00:00,1904600011017,15.37,Aceptable,15.91,Bueno,interpolacion_delaunay,0,4599,402,752,199
2026-09-30T11:05:12.982572+00:00,1904600011021,15.16,Aceptable,15.83,Bueno,interpolacion_delaunay,0,4072,223,1090,178
2026-09-30T11:05:12.982572+00:00,1904600011040,15.56,Aceptable,16.33,Bueno,interpolacion_delaunay,0,3276,150,902,88
2026-09-30T11:05:12.982572+00:00,1904600011055,15.4,Aceptable,16.11,Bueno,interpolacion_delaunay,0,7096,477,1425,285
2026-09-30T11:05:12.982572+00:00,190460001106A,17.56,Aceptable,18.55,Bueno,interpolacion_delaunay,0,1152,61,261,64
2026-09-30T11:05:12.982572+00:00,1904600011074,16.33,Aceptable,17.3,Bueno,interpolacion_delaunay,0,4901,241,744,96
2026-09-30T11:05:12.982572+00:00,1904600011089,15.73,Aceptable,16.51,Bueno,interpolacion_delaunay,0,3306,318,659,199
2026-09-30T11:05:12.982572+00:00,1904600011093,15.42,Aceptable,15.95,Bueno,interpolacion_delaunay,0,3302,217,861,180
2026-09-30T11:05:12.982572+00:00,1904600011106,15.54,Aceptable,16.0,Bueno,interpolacion_delaunay,0,3881,243,712,89
2026-09-30T11:05:12.982572+00:00,1904600011110,16.13,Aceptable,16.86,Bueno,interpolacion_delaunay,0,3018,178,738,133
2026-09-30T11:05:12.982572+00:00,1904600011125,16.37,Aceptable,17.34,Bueno,interpolacion_delaunay,0,3318,323,549,240
2026-09-30T11:05:12.982572+00:00,190460001113A,16.27,Aceptable,17.19,Bueno,interpolacion_delaunay,0,3513,294,662,255
2026-09-30T11:05:12.982572+00:00,1904600011144,16.2,Aceptable,17.09,Bueno,interpolacion_delaunay,0,3223,294,460,148
2026-09-30T11:05:12.982572+00:00,1904600011159,15.32,Aceptable,15.91,Bueno,interpolacion_delaunay,0,4682,317,917,254
2026-09-30T11:05:12.982572+00:00,1904600011163,15.35,Aceptable,15.92,Bueno,interpolacion_delaunay,0,4463,291,849,173
2026-09-30T11:05:12.982572+00:00,1904600011178,15.43,Aceptable,15.95,Bueno,interpolacion_delaunay,0,2288,137,771,142
2026-09-30T11:05:12.982572+00:00,1904600011182,15.39,Aceptable,15.94,Bueno,interpolacion_delaunay,0,2567,158,877,192
2026-09-30T11:05:12.982572+00:00,1904600011197,15.38,Aceptable,15.94,Bueno,interpolacion_delaunay,0,2285,129,707,149
2026-09-30T11:05:12.982572+00:00,1904600011214,17.14,Aceptable,18.3,Bueno,interpolacion_delaunay,0,2395,153,608,159
2026-09-30T11:05:12.982572+00:00,1904600011229,17.29,Aceptable,18.47,Bueno,interpolacion_delaunay,0,3808,341,729,252
2026-09-30T11:05:12.982572+00:00,1904600011248,16.39,Aceptable,17.31,Bueno,interpolacion_delaunay,0,3448,233,731,165
2026-09-30T11:05:12.982572+00:00,1904600011252,17.43,Aceptable,18.62,Bueno,interpolacion_delaunay,0,3638,249,902,255
2026-09-30T11:05:12.982572+00:00,1904600011271,17.05,Aceptable,18.08,Bueno,interpolacion_delaunay,0,3393,200,1049,183
2026-09-30T11:05:12.982572+00:00,1904600011290,15.29,Aceptable,15.87,Bueno,interpolacion_delaunay,0,3613,204,959,164
2026-09-30T11:05:12.982572+00:00,1904600011303,15.33,Aceptable,15.89,Bueno,interpolacion_delaunay,0,4255,296,730,120
2026-09-30T11:05:12.982572+00:00,1904600011318,15.1,Aceptable,15.8,Bueno,promedio_sensores,1,2617,117,712,78
2026-09-30T11:05:12.982572+00:00,1904600011322,15.12,Aceptable,15.81,Bueno,interpolacion_delaunay,0,3209,131,1071,177
2026-09-30T11:05:12.982572+00:00,1904600011356,15.37,Aceptable,15.92,Bueno,interpolacion_delaunay,0,5344,302,754,186
2026-09-30T11:05:12.982572+00:00,190460001138A,14.98,Bueno,15.59,Bueno,interpolacion_delaunay,0,2330,116,772,143
2026-09-30T11:05:12.982572+00:00,1904600011394,14.52,Bueno,15.17,Bueno,interpolacion_delaunay,0,2495,152,536,127
2026-09-30T11:05:12.982572+00:00,1904600011430,15.26,Aceptable,15.87,Bueno,interpolacion_delaunay,0,4835,297,977,195
2026-09-30T11:05:12.982572+00:00,1904600011445,15.93,Aceptable,16.65,Bueno,interpolacion_delaunay,0,2396,140,277,35
2026-09-30T11:05:12.982572+00:00,190460001145A,16.4,Aceptable,17.25,Bueno,interpolacion_delaunay,0,4010,242,623,75
2026-09-30T11:05:12.982572+00:00,1904600011464,19.47,Aceptable,20.57,Bueno,interpolacion_delaunay,0,3269,192,527,50
2026-09-30T11:05:12.982572+00:00,1904600011479,17.77,Aceptable,18.73,Bueno,interpolacion_delaunay,0,2267,102,540,81
2026-09-30T11:05:12.982572+00:00,1904600011500,15.4,Aceptable,15.91,Bueno,interpolacion_delaunay,0,4575,375,784,254
2026-09-30T11:05:12.982572+00:00,1904600011515,15.38,Aceptable,15.91,Bueno,interpolacion_delaunay,0,1791,111,314,102
2026-09-30T11:05:12.982572+00:00,190460001152A,15.4,Aceptable,15.92,Bueno,interpolacion_delaunay,0,3396,254,719,167
2026-09-30T11:05:12.982572+00:00,1904600011534,15.42,Aceptable,15.93,Bueno,interpolacion_delaunay,0,5740,487,560,132
2026-09-30T11:05:12.982572+00:00,1904600011549,15.95,Aceptable,16.75,Bueno,interpolacion_delaunay,0,4515,263,831,205
2026-09-30T11:05:12.982572+00:00,1904600011568,15.44,Aceptable,15.95,Bueno,interpolacion_delaunay,0,4996,283,463,138
2026-09-30T11:05:12.982572+00:00,1904600011572,15.46,Aceptable,15.96,Bueno,interpolacion_delaunay,0,4541,345,482,121
2026-09-30T11:05:12.982572+00:00,1904600011587,16.12,Aceptable,16.9,Bueno,interpolacion_delaunay,0,2786,153,244,33
2026-09-30T11:05:12.982572+00:00,1904600011591,16.07,Aceptable,16.83,Bueno,interpolacion_delaunay,0,3387,245,335,48
2026-09-30T11:05:12.982572+00:00,1904600011604,16.39,Aceptable,17.27,Bueno,interpolacion_delaunay,0,3298,256,771,245
2026-09-30T11:05:12.982572+00:00,1904600011619,16.97,Aceptable,18.0,Bueno,interpolacion_delaunay,0,3765,260,958,269
2026-09-30T11:05:12.982572+00:00,1904600011657,17.04,Aceptable,17.84,Bueno,interpolacion_delaunay,0,3567,176,481,50
2026-09-30T11:05:12.982572+00:00,1904600011661,18.83,Aceptable,20.03,Bueno,interpolacion_delaunay,0,282,11,66,6
2026-09-30T11:05:12.982572+00:00,1904600011727,13.81,Bueno,14.35,Bueno,interpolacion_delaunay,0,3412,179,655,144
2026-09-30T11:05:12.982572+00:00,1904600011746,15.59,Aceptable,16.39,Bueno,interpolacion_delaunay,0,3218,196,815,117
2026-09-30T11:05:12.982572+00:00,1904600011750,16.14,Aceptable,17.09,Bueno,interpolacion_delaunay,0,4162,197,210,54
2026-09-30T11:05:12.982572+00:00,1904600011765,24.04,Aceptable,26.12,Bueno,interpolacion_delaunay,0,3860,405,397,208
2026-09-30T11:05:12.982572+00:00,1904600010663,15.29,Aceptable,15.89,Bueno,interpolacion_delaunay,0,198,8,27,0
2026-09-30T11:05:12.982572+00:00,1904600010926,15.44,Aceptable,15.93,Bueno,interpolacion_delaunay,0,5007,437,867,291
2026-09-30T11:05:12.982572+00:00,1904600010339,18.25,Aceptable,19.68,Bueno,interpolacion_delaunay,0,1314,68,335,78
2026-09-30T11:05:12.982572+00:00,1904600011267,18.02,Aceptable,19.36,Bueno,interpolacion_delaunay,0,3908,248,1102,331
2026-09-30T11:05:12.982572+00:00,1904600011712,16.07,Aceptable,16.72,Bueno,interpolacion_delaunay,0,3272,182,300,58
2026-09-30T11:05:12.982572+00:00,1904600010447,14.91,Bueno,15.44,Bueno,interpolacion_delaunay,0,4132,230,437,113
2026-09-30T11:05:12.982572+00:00,1904600011498,13.22,Bueno,13.77,Bueno,interpolacion_delaunay,0,3212,141,667,65
2026-09-30T11:05:12.982572+00:00,1904600010682,15.48,Aceptable,15.97,Bueno,interpolacion_delaunay,0,6498,485,714,113
2026-09-30T11:05:12.982572+00:00,1903100450393,15.33,Aceptable,17.59,Bueno,interpolacion_delaunay,0,4470,331,183,115
2026-09-30T11:05:12.982572+00:00,1903100451090,14.61,Bueno,16.19,Bueno,interpolacion_delaunay,0,3117,391,133,67
2026-09-30T11:05:12.982572+00:00,1903100010340,13.94,Bueno,14.92,Bueno,interpolacion_delaunay,0,3444,349,252,192
2026-09-30T11:05:12.982572+00:00,1903100450641,12.71,Bueno,13.72,Bueno,interpolacion_delaunay,0,1572,92,57,77
2026-09-30T11:05:12.982572+00:00,1903100451086,13.69,Bueno,14.93,Bueno,interpolacion_delaunay,0,3582,470,173,24
2026-09-30T11:05:12.982572+00:00,190310311171A,16.75,Aceptable,19.1,Bueno,interpolacion_delaunay,0,1226,184,39,41
2026-09-30T11:05:12.982572+00:00,1903100450088,11.63,Bueno,12.59,Bueno,interpolacion_delaunay,0,106,4,27,5
2026-09-30T11:05:12.982572+00:00,1903100450321,13.54,Bueno,14.9,Bueno,interpolacion_delaunay,0,781,65,43,66
2026-09-30T11:05:12.982572+00:00,1903100450656,17.15,Aceptable,20.25,Bueno,interpolacion_delaunay,0,6656,512,216,203
2026-09-30T11:05:12.982572+00:00,1903100451461,16.04,Aceptable,19.04,Bueno,interpolacion_delaunay,0,215,36,0,4
2026-09-30T11:05:12.982572+00:00,1903100451391,17.49,Aceptable,20.96,Bueno,interpolacion_delaunay,0,400,41,11,20
2026-09-30T11:05:12.982572+00:00,190310001068A,13.6,Bueno,14.7,Bueno,promedio_sensores,1,5585,402,158,107
2026-09-30T11:05:12.982572+00:00,1903100010872,13.64,Bueno,14.79,Bueno,interpolacion_delaunay,0,2902,333,115,45
2026-09-30T11:05:12.982572+00:00,1903100450266,13.99,Bueno,16.05,Bueno,interpolacion_delaunay,0,3518,300,297,140
2026-09-30T11:05:12.982572+00:00,1903100451211,15.18,Aceptable,17.08,Bueno,interpolacion_delaunay,0,318,31,15,12
2026-09-30T11:05:12.982572+00:00,1903100450105,11.82,Bueno,13.08,Bueno,interpolacion_delaunay,0,617,53,101,42
2026-09-30T11:05:12.982572+00:00,1903100450533,14.68,Bueno,17.18,Bueno,interpolacion_delaunay,0,112,19,4,0
2026-09-30T11:05:12.982572+00:00,1903100450834,15.73,Aceptable,18.5,Bueno,interpolacion_delaunay,0,5335,620,158,133
2026-09-30T11:05:12.982572+00:00,1903100451122,18.89,Aceptable,22.64,Bueno,interpolacion_delaunay,0,4196,367,129,124
2026-09-30T11:05:12.982572+00:00,1903100451118,16.66,Aceptable,19.85,Bueno,interpolacion_delaunay,0,1143,149,65,58
2026-09-30T11:05:12.982572+00:00,1903100450092,12.66,Bueno,13.93,Bueno,interpolacion_delaunay,0,5801,601,614,240
2026-09-30T11:05:12.982572+00:00,190310001036A,13.84,Bueno,14.82,Bueno,interpolacion_delaunay,0,2196,166,139,77
2026-09-30T11:05:12.982572+00:00,1903100011264,14.37,Bueno,15.78,Bueno,interpolacion_delaunay,0,166,15,10,4
2026-09-30T11:05:12.982572+00:00,1903100011692,13.44,Bueno,14.45,Bueno,interpolacion_delaunay,0,1994,254,42,57
2026-09-30T11:05:12.982572+00:00,1903100450675,16.26,Aceptable,18.96,Bueno,interpolacion_delaunay,0,2985,254,121,65
2026-09-30T11:05:12.982572+00:00,1903100450815,13.27,Bueno,14.38,Bueno,interpolacion_delaunay,0,5183,452,347,124
2026-09-30T11:05:12.982572+00:00,1903100450887,15.3,Aceptable,17.39,Bueno,interpolacion_delaunay,0,626,73,50,23
2026-09-30T11:05:12.982572+00:00,1903100450891,17.18,Aceptable,19.86,Bueno,interpolacion_delaunay,0,3371,329,210,148
2026-09-30T11:05:12.982572+00:00,1903100450904,17.95,Aceptable,20.97,Bueno,interpolacion_delaunay,0,2284,216,156,77
2026-09-30T11:05:12.982572+00:00,1903100451438,12.9,Bueno,13.9,Bueno,promedio_sensores,1,489,62,15,5
2026-09-30T11:05:12.982572+00:00,1903100451442,19.25,Aceptable,22.73,Bueno,interpolacion_delaunay,0,530,59,19,6
2026-09-30T11:05:12.982572+00:00,1903100451828,17.37,Aceptable,20.04,Bueno,interpolacion_delaunay,0,1268,201,24,22
2026-09-30T11:05:12.982572+00:00,1903103131616,22.65,Aceptable,27.52,Bueno,interpolacion_delaunay,0,3396,460,75,104
2026-09-30T11:05:12.982572+00:00,1903100451103,18.75,Aceptable,22.15,Bueno,interpolacion_delaunay,0,1939,184,111,81
2026-09-30T11:05:12.982572+00:00,1903103131601,22.1,Aceptable,26.71,Bueno,interpolacion_delaunay,0,3536,417,97,62
2026-09-30T11:05:12.982572+00:00,1903100451226,19.02,Aceptable,22.68,Bueno,interpolacion_delaunay,0,2587,267,90,42
2026-09-30T11:05:12.982572+00:00,1903103111512,19.1,Aceptable,22.4,Bueno,interpolacion_delaunay,0,2486,240,126,82
2026-09-30T11:05:12.982572+00:00,1903100451635,17.05,Aceptable,20.49,Bueno,interpolacion_delaunay,0,3621,518,70,103
2026-09-30T11:05:12.982572+00:00,1903103131300,24.4,Aceptable,29.7,Bueno,promedio_sensores,1,4074,495,120,80
2026-09-30T11:05:12.982572+00:00,1903103111508,18.31,Aceptable,21.25,Bueno,interpolacion_delaunay,0,3724,412,113,64
2026-09-30T11:05:12.982572+00:00,1903100451387,16.73,Aceptable,19.88,Bueno,interpolacion_delaunay,0,1540,218,34,55
2026-09-30T11:05:12.982572+00:00,1903100452101,16.32,Aceptable,19.64,Bueno,interpolacion_delaunay,0,1249,214,20,18
2026-09-30T11:05:12.982572+00:00,1903100451283,18.64,Aceptable,22.56,Bueno,interpolacion_delaunay,0,3230,373,88,78
2026-09-30T11:05:12.982572+00:00,1903103111527,18.77,Aceptable,21.91,Bueno,interpolacion_delaunay,0,1682,145,143,89
2026-09-30T11:05:12.982572+00:00,1903100452402,18.03,Aceptable,21.88,Bueno,interpolacion_delaunay,0,0,0,0,0
2026-09-30T16:47:36.616907+00:00,1900601740121,33.8,Mala,39.9,Bueno,promedio_sensores,1,2694,310,73,36
2026-09-30T16:47:36.616907+00:00,1900601740155,35.27,Mala,42.22,Bueno,interpolacion_delaunay,0,1820,285,54,16
2026-09-30T16:47:36.616907+00:00,1900600781948,34.71,Mala,42.37,Bueno,interpolacion_delaunay,0,1170,93,69,32
2026-09-30T16:47:36.616907+00:00,1900600012236,37.49,Mala,45.68,Aceptable,interpolacion_delaunay,0,264,28,6,0
2026-09-30T16:47:36.616907+00:00,1900600010225,35.91,Mala,43.02,Bueno,interpolacion_delaunay,0,1,0,0,0
2026-09-30T16:47:36.616907+00:00,1900600010206,38.16,Mala,46.45,Aceptable,interpolacion_delaunay,0,6646,747,526,177
2026-09-30T16:47:36.616907+00:00,1900600010210,36.22,Mala,43.47,Bueno,interpolacion_delaunay,0,0,0,0,0
2026-09-30T16:47:36.616907+00:00,1900600010244,37.71,Mala,45.85,Aceptable,interpolacion_delaunay,0,90,3,14,3
2026-09-30T16:47:36.616907+00:00,1900600010259,38.36,Mala,46.83,Aceptable,interpolacion_delaunay,0,3329,268,159,53
2026-09-30T16:47:36.616907+00:00,1900600010278,37.56,Mala,45.63,Aceptable,interpolacion_delaunay,0,486,52,18,8
2026-09-30T16:47:36.616907+00:00,1900600010297,35.67,Mala,42.74,Bueno,interpolacion_delaunay,0,5850,524,288,225
2026-09-30T16:47:36.616907+00:00,1900600010475,37.06,Mala,44.87,Bueno,interpolacion_delaunay,0,4729,407,844,249
2026-09-30T16:47:36.616907+00:00,190060001030A,35.43,Mala,42.37,Bueno,interpolacion_delaunay,0,4134,431,170,127
2026-09-30T16:47:36.616907+00:00,1900600010348,38.31,Mala,46.92,Aceptable,interpolacion_delaunay,0,7877,871,609,196
2026-09-30T16:47:36.616907+00:00,1900600010460,37.56,Mala,45.65,Aceptable,interpolacion_delaunay,0,4909,343,1088,217
2026-09-30T16:47:36.616907+00:00,1900600010352,37.98,Mala,46.43,Aceptable,interpolacion_delaunay,0,1017,63,153,80
2026-09-30T16:47:36.616907+00:00,1900600010367,38.52,Mala,47.27,Aceptable,interpolacion_delaunay,0,469,45,60,46
2026-09-30T16:47:36.616907+00:00,1900600010403,37.98,Mala,46.05,Aceptable,interpolacion_delaunay,0,4726,352,972,196
2026-09-30T16:47:36.616907+00:00,190060001055A,37.66,Mala,45.58,Aceptable,interpolacion_delaunay,0,4579,363,547,197
2026-09-30T16:47:36.616907+00:00,1900600010583,36.71,Mala,44.28,Bueno,interpolacion_delaunay,0,4964,382,425,153
2026-09-30T16:47:36.616907+00:00,1900600010598,35.98,Mala,43.17,Bueno,interpolacion_delaunay,0,5332,416,338,212
2026-09-30T16:47:36.616907+00:00,1900600010723,35.21,Mala,42.05,Bueno,interpolacion_delaunay,0,5109,353,1039,281
2026-09-30T16:47:36.616907+00:00,1900600010780,36.69,Mala,44.35,Bueno,interpolacion_delaunay,0,3755,348,382,222
2026-09-30T16:47:36.616907+00:00,1900600010795,37.16,Mala,45.1,Aceptable,interpolacion_delaunay,0,5270,506,424,204
2026-09-30T16:47:36.616907+00:00,1900600010808,37.69,Mala,45.94,Aceptable,interpolacion_delaunay,0,3443,304,372,102
2026-09-30T16:47:36.616907+00:00,1900600010920,38.1,Mala,46.2,Aceptable,promedio_sensores,1,5729,316,496,128
2026-09-30T16:47:36.616907+00:00,1900600011011,37.73,Mala,45.83,Aceptable,interpolacion_delaunay,0,0,0,0,0
2026-09-30T16:47:36.616907+00:00,1900600011026,37.37,Mala,45.29,Aceptable,interpolacion_delaunay,0,0,0,0,0
2026-09-30T16:47:36.616907+00:00,1900600011064,38.17,Mala,46.37,Aceptable,interpolacion_delaunay,0,4513,371,370,162
2026-09-30T16:47:36.616907+00:00,1900600011098,61.68,Mala,69.09,Mala,interpolacion_delaunay,0,5772,542,419,165
2026-09-30T16:47:36.616907+00:00,1900600011149,38.05,Mala,46.57,Aceptable,interpolacion_delaunay,0,1140,100,87,38
2026-09-30T16:47:36.616907+00:00,1900600011350,38.11,Mala,46.28,Aceptable,interpolacion_delaunay,0,3323,233,353,93
2026-09-30T16:47:36.616907+00:00,1900600011365,38.18,Mala,46.42,Aceptable,interpolacion_delaunay,0,3259,285,225,87
2026-09-30T16:47:36.616907+00:00,190060001137A,36.2,Mala,43.51,Bueno,interpolacion_delaunay,0,2748,223,522,132
2026-09-30T16:47:36.616907+00:00,1900600011632,34.75,Mala,41.32,Bueno,interpolacion_delaunay,0,5931,475,161,144
2026-09-30T16:47:36.616907+00:00,1900600011384,36.99,Mala,44.69,Bueno,interpolacion_delaunay,0,3359,263,352,73
2026-09-30T16:47:36.616907+00:00,1900600011399,38.04,Mala,46.21,Aceptable,interpolacion_delaunay,0,2371,274,284,91
2026-09-30T16:47:36.616907+00:00,1900600011469,34.85,Mala,41.47,Bueno,interpolacion_delaunay,0,1932,125,131,96
2026-09-30T16:47:36.616907+00:00,1900600011401,38.53,Mala,47.0,Aceptable,interpolacion_delaunay,0,3593,269,468,144
2026-09-30T16:47:36.616907+00:00,190060001144A,35.18,Mala,41.95,Bueno,interpolacion_delaunay,0,6239,575,321,95
2026-09-30T16:47:36.616907+00:00,1900600011473,36.42,Mala,43.85,Bueno,interpolacion_delaunay,0,2826,209,259,107
2026-09-30T16:47:36.616907+00:00,1900600011488,36.75,Mala,44.36,Bueno,interpolacion_delaunay,0,2922,234,293,96
2026-09-30T16:47:36.616907+00:00,1900600011492,36.91,Mala,44.66,Bueno,interpolacion_delaunay,0,1725,134,78,56
2026-09-30T16:47:36.616907+00:00,1900600011505,36.41,Mala,43.88,Bueno,interpolacion_delaunay,0,2030,151,78,103
2026-09-30T16:47:36.616907+00:00,190060001151A,36.3,Mala,43.73,Bueno,interpolacion_delaunay,0,4650,413,187,145
2026-09-30T16:47:36.616907+00:00,1900600011524,36.23,Mala,43.65,Bueno,interpolacion_delaunay,0,3658,279,744,150
2026-09-30T16:47:36.616907+00:00,1900600011539,36.76,Mala,44.49,Bueno,interpolacion_delaunay,0,3879,269,179,190
2026-09-30T16:47:36.616907+00:00,1900600011543,37.5,Mala,45.66,Aceptable,interpolacion_delaunay,0,3926,372,127,91
2026-09-30T16:47:36.616907+00:00,1900600011844,35.28,Mala,42.18,Bueno,interpolacion_delaunay,0,1922,166,57,23
2026-09-30T16:47:36.616907+00:00,1900600011666,34.98,Mala,41.7,Bueno,interpolacion_delaunay,0,2454,221,74,68
2026-09-30T16:47:36.616907+00:00,1900600011859,35.57,Mala,42.64,Bueno,interpolacion_delaunay,0,1533,143,46,34
2026-09-30T16:47:36.616907+00:00,1900600011863,37.09,Mala,45.03,Aceptable,interpolacion_delaunay,0,1050,130,36,5
2026-09-30T16:47:36.616907+00:00,1900600011878,37.06,Mala,45.02,Aceptable,interpolacion_delaunay,0,5255,440,206,130
2026-09-30T16:47:36.616907+00:00,1900600011882,36.8,Mala,44.62,Bueno,interpolacion_delaunay,0,5356,444,208,243
2026-09-30T16:47:36.616907+00:00,190060001190A,37.73,Mala,46.08,Aceptable,interpolacion_delaunay,0,3346,296,126,99
2026-09-30T16:47:36.616907+00:00,1900600011914,36.94,Mala,45.14,Aceptable,interpolacion_delaunay,0,5844,518,215,189
2026-09-30T16:47:36.616907+00:00,1900600011929,35.64,Mala,43.92,Bueno,interpolacion_delaunay,0,5690,426,232,211
2026-09-30T16:47:36.616907+00:00,1900600012043,36.09,Mala,43.5,Bueno,interpolacion_delaunay,0,3660,375,120,69
2026-09-30T16:47:36.616907+00:00,1900600012109,35.66,Mala,42.77,Bueno,interpolacion_delaunay,0,1488,155,32,33
2026-09-30T16:47:36.616907+00:00,1900600012128,36.83,Mala,44.62,Bueno,interpolacion_delaunay,0,1714,168,66,31
2026-09-30T16:47:36.616907+00:00,190060001226A,36.82,Mala,44.51,Bueno,interpolacion_delaunay,0,4528,324,328,117
2026-09-30T16:47:36.616907+00:00,1900600012274,35.99,Mala,43.21,Bueno,interpolacion_delaunay,0,5782,615,191,106
2026-09-30T16:47:36.616907+00:00,190060001233A,35.58,Mala,42.67,Bueno,interpolacion_delaunay,0,2449,267,53,48
2026-09-30T16:47:36.616907+00:00,1900600012414,36.15,Mala,43.54,Bueno,interpolacion_delaunay,0,2297,332,39,45
2026-09-30T16:47:36.616907+00:00,1900600012429,36.35,Mala,43.89,Bueno,interpolacion_delaunay,0,3283,479,97,39
2026-09-30T16:47:36.616907+00:00,1900600012734,37.26,Mala,45.31,Aceptable,interpolacion_delaunay,0,961,146,24,13
2026-09-30T16:47:36.616907+00:00,1900600010992,37.22,Mala,45.01,Aceptable,interpolacion_delaunay,0,0,0,0,0
2026-09-30T16:47:36.616907+00:00,1900600012804,37.34,Mala,45.16,Aceptable,interpolacion_delaunay,0,705,129,13,7
2026-09-30T16:47:36.616907+00:00,1900600011897,35.13,Mala,43.18,Bueno,interpolacion_delaunay,0,3063,294,202,149
2026-09-30T16:47:36.616907+00:00,1900600012202,36.06,Mala,43.65,Bueno,interpolacion_delaunay,0,372,48,3,8
2026-09-30T16:47:36.616907+00:00,1900600012039,36.2,Mala,44.08,Bueno,interpolacion_delaunay,0,2684,242,90,67
2026-09-30T16:47:36.616907+00:00,1900601740047,34.32,Mala,40.69,Bueno,interpolacion_delaunay,0,1719,266,38,40
2026-09-30T16:47:36.616907+00:00,190190001005A,47.54,Mala,59.03,Aceptable,interpolacion_delaunay,0,2404,108,693,69
2026-09-30T16:47:36.616907+00:00,1901900010064,47.12,Mala,58.2,Aceptable,promedio_sensores,4,2721,181,677,58
2026-09-30T16:47:36.616907+00:00,1901900010079,48.7,Mala,61.3,Mala,promedio_sensores,1,4464,212,1159,127
2026-09-30T16:47:36.616907+00:00,1901900010083,32.2,Aceptable,39.97,Bueno,promedio_sensores,3,1374,63,441,45
2026-09-30T16:47:36.616907+00:00,1901900010098,41.6,Mala,50.5,Aceptable,promedio_sensores,1,1854,103,460,42
2026-09-30T16:47:36.616907+00:00,1901900010100,49.6,Mala,60.8,Mala,promedio_sensores,1,1944,129,547,21
2026-09-30T16:47:36.616907+00:00,1901900010149,48.4,Mala,62.4,Mala,promedio_sensores,1,1163,75,215,15
2026-09-30T16:47:36.616907+00:00,1901900010153,50.6,Mala,62.8,Mala,promedio_sensores,1,1800,134,430,81
2026-09-30T16:47:36.616907+00:00,1901900010168,50.9,Mala,64.2,Mala,promedio_sensores,1,1570,81,416,43
2026-09-30T16:47:36.616907+00:00,1901900010172,47.16,Mala,59.04,Aceptable,interpolacion_delaunay,0,1335,59,357,29
2026-09-30T16:47:36.616907+00:00,1901900010187,45.88,Mala,56.52,Aceptable,interpolacion_delaunay,0,4463,306,999,93
2026-09-30T16:47:36.616907+00:00,1901900010191,40.0,Mala,48.7,Aceptable,promedio_sensores,1,2824,172,637,108
2026-09-30T16:47:36.616907+00:00,1901900010204,44.75,Mala,55.61,Aceptable,interpolacion_delaunay,0,3926,317,736,119
2026-09-30T16:47:36.616907+00:00,1901900010223,46.3,Mala,58.01,Aceptable,interpolacion_delaunay,0,2979,89,503,54
2026-09-30T16:47:36.616907+00:00,1901900010238,46.8,Mala,58.7,Aceptable,promedio_sensores,1,1904,73,302,23
2026-09-30T16:47:36.616907+00:00,1901900010242,29.83,Aceptable,37.2,Bueno,promedio_sensores,3,2717,143,729,92
2026-09-30T16:47:36.616907+00:00,1901900010257,43.1,Mala,54.8,Aceptable,promedio_sensores,1,1307,56,361,13
2026-09-30T16:47:36.616907+00:00,1901900010261,24.55,Aceptable,30.35,Bueno,promedio_sensores,2,2240,113,567,42
2026-09-30T16:47:36.616907+00:00,1901900010280,47.81,Mala,60.44,Mala,interpolacion_delaunay,0,2690,79,360,43
2026-09-30T16:47:36.616907+00:00,1901900010350,35.66,Mala,42.88,Bueno,interpolacion_delaunay,0,2768,148,592,68
2026-09-30T16:47:36.616907+00:00,1901900010365,44.1,Mala,53.2,Aceptable,promedio_sensores,1,3419,327,293,61
2026-09-30T16:47:36.616907+00:00,1901900010399,43.25,Mala,52.15,Aceptable,promedio_sensores,2,1162,6,68,0
2026-09-30T16:47:36.616907+00:00,1901900010401,33.4,Mala,40.0,Bueno,promedio_sensores,1,2375,247,392,86
2026-09-30T16:47:36.616907+00:00,1901900010416,43.49,Mala,53.56,Aceptable,interpolacion_delaunay,0,700,19,105,4
2026-09-30T16:47:36.616907+00:00,1901900010420,45.8,Mala,57.7,Aceptable,promedio_sensores,1,1696,93,408,47
2026-09-30T16:47:36.616907+00:00,1901900010435,44.5,Mala,55.7,Aceptable,promedio_sensores,1,4494,346,601,54
2026-09-30T16:47:36.616907+00:00,190190001044A,30.13,Aceptable,37.7,Bueno,promedio_sensores,3,4383,354,439,56
2026-09-30T16:47:36.616907+00:00,1901900010454,46.05,Mala,56.65,Aceptable,promedio_sensores,2,557,26,114,11
2026-09-30T16:47:36.616907+00:00,1901900010469,41.2,Mala,50.5,Aceptable,promedio_sensores,1,3112,170,568,37
2026-09-30T16:47:36.616907+00:00,1901900010473,42.97,Mala,52.72,Aceptable,interpolacion_delaunay,0,983,46,182,19
2026-09-30T16:47:36.616907+00:00,1901900010488,43.75,Mala,54.85,Aceptable,promedio_sensores,2,2757,295,371,102
2026-09-30T16:47:36.616907+00:00,1901900010492,29.05,Aceptable,37.35,Bueno,promedio_sensores,2,2848,173,697,71
2026-09-30T16:47:36.616907+00:00,1901900010505,44.74,Mala,55.68,Aceptable,interpolacion_delaunay,0,2494,111,512,19
2026-09-30T16:47:36.616907+00:00,190190001051A,43.8,Mala,55.8,Aceptable,promedio_sensores,1,1899,111,507,36
2026-09-30T16:47:36.616907+00:00,1901900010558,52.8,Mala,66.37,Mala,promedio_sensores,3,1349,87,230,21
2026-09-30T16:47:36.616907+00:00,1901900010613,43.74,Mala,53.88,Aceptable,interpolacion_delaunay,0,132,0,20,0
2026-09-30T16:47:36.616907+00:00,1901900010384,44.09,Mala,55.18,Aceptable,interpolacion_delaunay,0,1111,19,119,15
2026-09-30T16:47:36.616907+00:00,1901900010219,46.73,Mala,58.51,Aceptable,interpolacion_delaunay,0,1954,106,555,58
2026-09-30T16:47:36.616907+00:00,1902100011338,107.9,Muy alta,116.7,Mala,interpolacion_delaunay,0,2800,219,134,55
2026-09-30T16:47:36.616907+00:00,1902100011817,120.8,Muy alta,127.9,Mala,promedio_sensores,1,583,52,40,11
2026-09-30T16:47:36.616907+00:00,1902100010293,89.99,Muy alta,98.26,Mala,interpolacion_delaunay,0,2008,84,165,35
2026-09-30T16:47:36.616907+00:00,190210001033A,93.56,Muy alta,101.27,Mala,interpolacion_delaunay,0,4000,286,440,91
2026-09-30T16:47:36.616907+00:00,1902100011060,57.37,Mala,68.52,Mala,interpolacion_delaunay,0,3355,278,195,95
2026-09-30T16:47:36.616907+00:00,1902100010289,88.35,Muy alta,97.01,Mala,interpolacion_delaunay,0,1352,78,109,44
2026-09-30T16:47:36.616907+00:00,1902100010325,59.36,Mala,68.68,Mala,interpolacion_delaunay,0,1,0,0,0
2026-09-30T16:47:36.616907+00:00,1902100011412,35.0,Mala,41.7,Bueno,promedio_sensores,1,3239,228,156,27
2026-09-30T16:47:36.616907+00:00,1902100011427,98.08,Muy alta,105.08,Mala,interpolacion_delaunay,0,4126,302,227,21
2026-09-30T16:47:36.616907+00:00,1902100011408,90.05,Muy alta,97.49,Mala,interpolacion_delaunay,0,6781,377,571,69
2026-09-30T16:47:36.616907+00:00,1902100011342,102.87,Muy alta,112.11,Mala,interpolacion_delaunay,0,4655,261,185,126
2026-09-30T16:47:36.616907+00:00,1902100010043,46.12,Mala,57.02,Aceptable,interpolacion_delaunay,0,4208,322,819,334
2026-09-30T16:47:36.616907+00:00,1902100010255,84.12,Muy alta,94.32,Mala,interpolacion_delaunay,0,6704,625,410,194
2026-09-30T16:47:36.616907+00:00,1902100010378,38.5,Mala,49.3,Aceptable,promedio_sensores,1,4134,262,294,72
2026-09-30T16:47:36.616907+00:00,1902100011075,56.24,Mala,67.23,Mala,interpolacion_delaunay,0,8122,855,320,248
2026-09-30T16:47:36.616907+00:00,1902600011832,38.3,Mala,46.86,Aceptable,interpolacion_delaunay,0,3764,305,386,174
2026-09-30T16:47:36.616907+00:00,1902600010035,37.41,Mala,45.48,Aceptable,interpolacion_delaunay,0,1597,156,285,106
2026-09-30T16:47:36.616907+00:00,1902600012332,31.55,Aceptable,35.98,Bueno,interpolacion_delaunay,0,5634,507,898,399
2026-09-30T16:47:36.616907+00:00,1902600010020,37.9,Mala,46.22,Aceptable,interpolacion_delaunay,0,1825,174,355,160
2026-09-30T16:47:36.616907+00:00,1902600011279,37.49,Mala,45.57,Aceptable,interpolacion_delaunay,0,4324,384,731,269
2026-09-30T16:47:36.616907+00:00,1902600011283,37.24,Mala,45.19,Aceptable,interpolacion_delaunay,0,3719,341,754,207
2026-09-30T16:47:36.616907+00:00,1902600012440,38.83,Mala,47.65,Aceptable,interpolacion_delaunay,0,2604,133,153,35
2026-09-30T16:47:36.616907+00:00,1902600012667,40.73,Mala,51.12,Aceptable,interpolacion_delaunay,0,778,73,30,14
2026-09-30T16:47:36.616907+00:00,1902600012811,29.29,Aceptable,34.63,Bueno,interpolacion_delaunay,0,26,4,0,0
2026-09-30T16:47:36.616907+00:00,1902600010459,39.15,Mala,48.41,Aceptable,interpolacion_delaunay,0,3039,123,850,229
2026-09-30T16:47:36.616907+00:00,1902600010317,39.86,Mala,49.44,Aceptable,interpolacion_delaunay,0,4084,275,902,321
2026-09-30T16:47:36.616907+00:00,1902600010957,37.84,Mala,46.14,Aceptable,interpolacion_delaunay,0,5841,533,1121,336
2026-09-30T16:47:36.616907+00:00,1902600011103,37.75,Mala,49.16,Aceptable,interpolacion_delaunay,0,950,69,80,47
2026-09-30T16:47:36.616907+00:00,1902600011457,39.36,Mala,48.81,Aceptable,interpolacion_delaunay,0,2279,129,466,94
2026-09-30T16:47:36.616907+00:00,1902600011404,33.72,Mala,39.34,Bueno,interpolacion_delaunay,0,3115,227,702,219
2026-09-30T16:47:36.616907+00:00,1902600011508,38.4,Mala,49.69,Aceptable,interpolacion_delaunay,0,1978,175,250,90
2026-09-30T16:47:36.616907+00:00,1902600011828,38.1,Mala,46.51,Aceptable,interpolacion_delaunay,0,2175,178,266,60
2026-09-30T16:47:36.616907+00:00,1902600011847,38.66,Mala,47.45,Aceptable,interpolacion_delaunay,0,4488,374,407,157
2026-09-30T16:47:36.616907+00:00,1902600012402,38.67,Mala,47.26,Aceptable,interpolacion_delaunay,0,2699,234,353,170
2026-09-30T16:47:36.616907+00:00,1902600012205,36.23,Mala,44.62,Bueno,interpolacion_delaunay,0,4435,432,502,204
2026-09-30T16:47:36.616907+00:00,1902600012258,38.88,Mala,49.41,Aceptable,interpolacion_delaunay,0,1006,77,102,40
2026-09-30T16:47:36.616907+00:00,1902600012296,38.76,Mala,47.83,Aceptable,interpolacion_delaunay,0,4398,237,919,190
2026-09-30T16:47:36.616907+00:00,1902600012455,38.75,Mala,47.55,Aceptable,interpolacion_delaunay,0,4962,328,296,118
2026-09-30T16:47:36.616907+00:00,1902600010302,39.76,Mala,49.28,Aceptable,interpolacion_delaunay,0,2790,166,675,209
2026-09-30T16:47:36.616907+00:00,1902600010425,38.19,Mala,47.02,Aceptable,interpolacion_delaunay,0,3687,235,843,230
2026-09-30T16:47:36.616907+00:00,1902600010533,38.42,Mala,47.6,Aceptable,interpolacion_delaunay,0,1681,81,395,96
2026-09-30T16:47:36.616907+00:00,1902600011813,38.26,Mala,46.75,Aceptable,interpolacion_delaunay,0,5250,447,545,129
2026-09-30T16:47:36.616907+00:00,1902600011851,39.01,Mala,48.0,Aceptable,interpolacion_delaunay,0,4115,305,359,155
2026-09-30T16:47:36.616907+00:00,1902600012436,38.45,Mala,47.04,Aceptable,interpolacion_delaunay,0,3242,185,145,20
2026-09-30T16:47:36.616907+00:00,1902600012686,38.96,Mala,49.02,Aceptable,interpolacion_delaunay,0,40,3,7,5
2026-09-30T16:47:36.616907+00:00,1902600010124,38.08,Mala,47.02,Aceptable,interpolacion_delaunay,0,2665,140,749,113
2026-09-30T16:47:36.616907+00:00,1902600012417,38.56,Mala,47.54,Aceptable,interpolacion_delaunay,0,2073,147,228,128
2026-09-30T16:47:36.616907+00:00,1902600012347,34.33,Mala,39.36,Bueno,interpolacion_delaunay,0,4440,433,247,105
2026-09-30T16:47:36.616907+00:00,190260001239A,40.99,Mala,50.61,Aceptable,interpolacion_delaunay,0,2697,236,207,88
2026-09-30T16:47:36.616907+00:00,190260001260A,39.19,Mala,49.4,Aceptable,interpolacion_delaunay,0,979,82,21,36
2026-09-30T16:47:36.616907+00:00,1902600011391,40.48,Mala,50.43,Aceptable,interpolacion_delaunay,0,3747,280,1036,286
2026-09-30T16:47:36.616907+00:00,1902600010251,39.87,Mala,49.61,Aceptable,interpolacion_delaunay,0,6072,581,994,581
2026-09-30T16:47:36.616907+00:00,1902600010707,38.33,Mala,47.3,Aceptable,interpolacion_delaunay,0,4261,296,986,365
2026-09-30T16:47:36.616907+00:00,190260001157A,38.33,Mala,47.2,Aceptable,interpolacion_delaunay,0,2161,148,444,126
2026-09-30T16:47:36.616907+00:00,1902600011654,37.14,Mala,45.71,Aceptable,interpolacion_delaunay,0,3737,309,535,205
2026-09-30T16:47:36.616907+00:00,1902600012385,29.01,Aceptable,34.24,Bueno,interpolacion_delaunay,0,108,11,8,5
2026-09-30T16:47:36.616907+00:00,1902600011495,39.16,Mala,50.59,Aceptable,interpolacion_delaunay,0,2675,203,421,91
2026-09-30T16:47:36.616907+00:00,1902600012525,35.36,Mala,41.08,Bueno,interpolacion_delaunay,0,6162,464,363,124
2026-09-30T16:47:36.616907+00:00,1902600010995,38.98,Mala,47.98,Aceptable,interpolacion_delaunay,0,1016,61,224,56
2026-09-30T16:47:36.616907+00:00,1902600011866,37.58,Mala,46.34,Aceptable,interpolacion_delaunay,0,3064,167,548,67
2026-09-30T16:47:36.616907+00:00,190260001207A,32.75,Aceptable,38.41,Bueno,interpolacion_delaunay,0,2199,99,452,47
2026-09-30T16:47:36.616907+00:00,1902600012120,21.46,Aceptable,22.84,Bueno,interpolacion_delaunay,0,1092,33,384,28
2026-09-30T16:47:36.616907+00:00,1902600012135,15.86,Aceptable,16.61,Bueno,interpolacion_delaunay,0,1356,47,414,29
2026-09-30T16:47:36.616907+00:00,1902600012544,34.19,Mala,40.31,Bueno,interpolacion_delaunay,0,2171,187,206,83
2026-09-30T16:47:36.616907+00:00,1902600010069,38.76,Mala,47.93,Aceptable,interpolacion_delaunay,0,1920,94,579,107
2026-09-30T16:47:36.616907+00:00,1902600010073,38.69,Mala,47.84,Aceptable,interpolacion_delaunay,0,3137,159,955,77
2026-09-30T16:47:36.616907+00:00,1902600010088,38.2,Mala,47.17,Aceptable,interpolacion_delaunay,0,2870,157,722,160
2026-09-30T16:47:36.616907+00:00,1902600010158,40.41,Mala,50.22,Aceptable,interpolacion_delaunay,0,1517,70,502,83
2026-09-30T16:47:36.616907+00:00,190260001029A,39.56,Mala,48.98,Aceptable,interpolacion_delaunay,0,1809,94,461,133
2026-09-30T16:47:36.616907+00:00,1902600011885,38.72,Mala,47.85,Aceptable,interpolacion_delaunay,0,1944,100,497,103
2026-09-30T16:47:36.616907+00:00,1902600012192,38.62,Mala,49.15,Aceptable,interpolacion_delaunay,0,2742,217,241,94
2026-09-30T16:47:36.616907+00:00,1902600012243,27.26,Aceptable,30.81,Bueno,interpolacion_delaunay,0,316,37,21,22
2026-09-30T16:47:36.616907+00:00,1902600012421,39.02,Mala,48.08,Aceptable,interpolacion_delaunay,0,2385,134,120,49
2026-09-30T16:47:36.616907+00:00,1902600012597,40.13,Mala,50.64,Aceptable,interpolacion_delaunay,0,3539,244,126,97
2026-09-30T16:47:36.616907+00:00,1902600011029,39.43,Mala,48.66,Aceptable,interpolacion_delaunay,0,1109,94,97,45
2026-09-30T16:47:36.616907+00:00,190260001189A,39.22,Mala,48.55,Aceptable,interpolacion_delaunay,0,2117,131,543,112
2026-09-30T16:47:36.616907+00:00,1902600012703,30.47,Aceptable,36.06,Bueno,interpolacion_delaunay,0,632,49,33,14
2026-09-30T16:47:36.616907+00:00,1902600011372,40.83,Mala,50.92,Aceptable,interpolacion_delaunay,0,2451,168,520,192
2026-09-30T16:47:36.616907+00:00,1902600012366,38.82,Mala,49.06,Aceptable,interpolacion_delaunay,0,350,28,12,6
2026-09-30T16:47:36.616907+00:00,1902600010321,40.37,Mala,50.19,Aceptable,interpolacion_delaunay,0,5159,259,1483,335
2026-09-30T16:47:36.616907+00:00,1902600010336,40.44,Mala,50.3,Aceptable,interpolacion_delaunay,0,3112,150,945,118
2026-09-30T16:47:36.616907+00:00,1902600010340,40.7,Mala,50.69,Aceptable,interpolacion_delaunay,0,5009,289,1452,316
2026-09-30T16:47:36.616907+00:00,1902600010355,40.52,Mala,50.45,Aceptable,interpolacion_delaunay,0,2172,143,527,123
2026-09-30T16:47:36.616907+00:00,1902600010389,40.85,Mala,50.95,Aceptable,interpolacion_delaunay,0,3485,223,809,188
2026-09-30T16:47:36.616907+00:00,1902600010393,40.43,Mala,50.37,Aceptable,interpolacion_delaunay,0,4293,274,932,186
2026-09-30T16:47:36.616907+00:00,1902600010618,39.15,Mala,48.5,Aceptable,interpolacion_delaunay,0,3420,248,733,217
2026-09-30T16:47:36.616907+00:00,1902600010730,41.22,Mala,49.25,Aceptable,interpolacion_delaunay,0,4610,359,992,364
2026-09-30T16:47:36.616907+00:00,1902600011033,40.51,Mala,50.39,Aceptable,interpolacion_delaunay,0,5199,444,572,162
2026-09-30T16:47:36.616907+00:00,1902600011122,36.23,Mala,43.11,Bueno,interpolacion_delaunay,0,6940,637,766,300
2026-09-30T16:47:36.616907+00:00,1902600011546,38.34,Mala,47.29,Aceptable,interpolacion_delaunay,0,3715,209,870,202
2026-09-30T16:47:36.616907+00:00,1902600011461,39.37,Mala,48.84,Aceptable,interpolacion_delaunay,0,3227,233,684,198
2026-09-30T16:47:36.616907+00:00,190260001132A,40.22,Mala,50.0,Aceptable,interpolacion_delaunay,0,2713,152,488,78
2026-09-30T16:47:36.616907+00:00,1902600011334,39.78,Mala,49.5,Aceptable,interpolacion_delaunay,0,3525,289,683,240
2026-09-30T16:47:36.616907+00:00,1902600011349,40.14,Mala,49.96,Aceptable,interpolacion_delaunay,0,2716,239,484,222
2026-09-30T16:47:36.616907+00:00,1902600011368,40.62,Mala,50.61,Aceptable,interpolacion_delaunay,0,3348,226,652,119
2026-09-30T16:47:36.616907+00:00,1902600011419,39.58,Mala,49.05,Aceptable,interpolacion_delaunay,0,2833,144,728,158
2026-09-30T16:47:36.616907+00:00,1902600011442,39.05,Mala,48.36,Aceptable,interpolacion_delaunay,0,3169,182,598,174
2026-09-30T16:47:36.616907+00:00,1902600011565,38.3,Mala,47.25,Aceptable,interpolacion_delaunay,0,4076,290,816,263
2026-09-30T16:47:36.616907+00:00,1902600011584,39.48,Mala,48.12,Aceptable,interpolacion_delaunay,0,4255,317,895,221
2026-09-30T16:47:36.616907+00:00,1902600011599,39.95,Mala,48.69,Aceptable,interpolacion_delaunay,0,2923,228,572,152
2026-09-30T16:47:36.616907+00:00,1902600011601,41.7,Mala,49.7,Aceptable,promedio_sensores,1,3474,261,775,299
2026-09-30T16:47:36.616907+00:00,1902600011688,39.75,Mala,47.25,Aceptable,interpolacion_delaunay,0,3727,240,688,249
2026-09-30T16:47:36.616907+00:00,190260001171A,36.8,Mala,43.01,Bueno,interpolacion_delaunay,0,4383,321,770,213
2026-09-30T16:47:36.616907+00:00,1902600012008,32.23,Aceptable,37.39,Bueno,interpolacion_delaunay,0,1064,52,278,35
2026-09-30T16:47:36.616907+00:00,1902600011781,32.91,Aceptable,40.0,Bueno,interpolacion_delaunay,0,260,22,25,0
2026-09-30T16:47:36.616907+00:00,1902600011989,38.57,Mala,47.63,Aceptable,interpolacion_delaunay,0,3336,217,653,151
2026-09-30T16:47:36.616907+00:00,1902600012027,38.6,Mala,45.63,Aceptable,interpolacion_delaunay,0,5601,339,676,195
2026-09-30T16:47:36.616907+00:00,1902600012116,32.03,Aceptable,37.32,Bueno,interpolacion_delaunay,0,2265,174,319,64
2026-09-30T16:47:36.616907+00:00,1902600012328,39.21,Mala,49.64,Aceptable,interpolacion_delaunay,0,2737,200,173,54
2026-09-30T16:47:36.616907+00:00,1902600012510,36.01,Mala,42.36,Bueno,interpolacion_delaunay,0,3466,257,269,90
2026-09-30T16:47:36.616907+00:00,1902600012578,33.96,Mala,39.27,Bueno,interpolacion_delaunay,0,2465,185,298,196
2026-09-30T16:47:36.616907+00:00,1902600012582,34.03,Mala,39.51,Bueno,interpolacion_delaunay,0,2739,201,423,283
2026-09-30T16:47:36.616907+00:00,1902600012614,39.53,Mala,50.36,Aceptable,interpolacion_delaunay,0,3024,272,68,36
2026-09-30T16:47:36.616907+00:00,1902600010177,39.81,Mala,49.39,Aceptable,interpolacion_delaunay,0,1769,60,559,90
2026-09-30T16:47:36.616907+00:00,1902600010444,35.83,Mala,42.89,Bueno,interpolacion_delaunay,0,2474,121,665,111
2026-09-30T16:47:36.616907+00:00,1902600011531,38.48,Mala,47.48,Aceptable,interpolacion_delaunay,0,3594,235,816,160
2026-09-30T16:47:36.616907+00:00,1902600010232,39.48,Mala,49.04,Aceptable,interpolacion_delaunay,0,2521,162,744,110
2026-09-30T16:47:36.616907+00:00,1902600010196,39.73,Mala,49.29,Aceptable,interpolacion_delaunay,0,1557,66,485,73
2026-09-30T16:47:36.616907+00:00,1902600010213,39.27,Mala,48.72,Aceptable,interpolacion_delaunay,0,2063,114,530,142
2026-09-30T16:47:36.616907+00:00,190260001011A,38.23,Mala,47.26,Aceptable,interpolacion_delaunay,0,3115,155,816,154
2026-09-30T16:47:36.616907+00:00,1902600010162,39.96,Mala,49.6,Aceptable,interpolacion_delaunay,0,1624,64,473,65
2026-09-30T16:47:36.616907+00:00,1902600010181,40.54,Mala,50.42,Aceptable,interpolacion_delaunay,0,1561,63,499,94
2026-09-30T16:47:36.616907+00:00,1902600010228,39.93,Mala,49.64,Aceptable,interpolacion_delaunay,0,1619,140,316,120
2026-09-30T16:47:36.616907+00:00,1902600010603,39.16,Mala,48.5,Aceptable,interpolacion_delaunay,0,1632,93,346,132
2026-09-30T16:47:36.616907+00:00,1902600010745,40.52,Mala,48.29,Aceptable,interpolacion_delaunay,0,1565,113,330,126
2026-09-30T16:47:36.616907+00:00,1902600010798,37.88,Mala,46.55,Aceptable,interpolacion_delaunay,0,3364,210,732,231
2026-09-30T16:47:36.616907+00:00,1902600010815,35.43,Mala,42.29,Bueno,interpolacion_delaunay,0,4739,363,1000,268
2026-09-30T16:47:36.616907+00:00,1902600011438,34.77,Mala,41.36,Bueno,interpolacion_delaunay,0,1771,89,459,85
2026-09-30T16:47:36.616907+00:00,1902600011476,39.34,Mala,48.49,Aceptable,interpolacion_delaunay,0,3270,215,839,209
2026-09-30T16:47:36.616907+00:00,1902600011777,36.6,Mala,44.68,Bueno,interpolacion_delaunay,0,3599,312,366,80
2026-09-30T16:47:36.616907+00:00,1902600012031,37.43,Mala,44.03,Bueno,interpolacion_delaunay,0,4385,273,421,152
2026-09-30T16:47:36.616907+00:00,1902600012173,32.38,Aceptable,37.68,Bueno,interpolacion_delaunay,0,108,5,10,3
2026-09-30T16:47:36.616907+00:00,1902600012474,39.86,Mala,49.3,Aceptable,interpolacion_delaunay,0,3828,248,138,120
2026-09-30T16:47:36.616907+00:00,190260001253A,35.7,Mala,43.08,Bueno,interpolacion_delaunay,0,1418,134,74,37
2026-09-30T16:47:36.616907+00:00,1902600012648,40.45,Mala,48.76,Aceptable,interpolacion_delaunay,0,1998,125,415,138
2026-09-30T16:47:36.616907+00:00,1902600012794,40.9,Mala,51.1,Aceptable,interpolacion_delaunay,0,776,83,32,8
2026-09-30T16:47:36.616907+00:00,1902600012775,40.21,Mala,50.37,Aceptable,interpolacion_delaunay,0,1381,194,42,36
2026-09-30T16:47:36.616907+00:00,1902600012898,25.24,Aceptable,26.79,Bueno,interpolacion_delaunay,0,21,3,0,0
2026-09-30T16:47:36.616907+00:00,1902600010849,28.52,Aceptable,32.92,Bueno,interpolacion_delaunay,0,1926,132,278,87
2026-09-30T16:47:36.616907+00:00,1902600012262,38.85,Mala,48.18,Aceptable,interpolacion_delaunay,0,2668,227,217,83
2026-09-30T16:47:36.616907+00:00,1902600010266,39.44,Mala,48.97,Aceptable,interpolacion_delaunay,0,427,58,19,0
2026-09-30T16:47:36.616907+00:00,1902600010779,34.09,Mala,40.32,Bueno,interpolacion_delaunay,0,677,45,131,66
2026-09-30T16:47:36.616907+00:00,1902600010872,22.01,Aceptable,23.18,Bueno,interpolacion_delaunay,0,3088,114,989,72
2026-09-30T16:47:36.616907+00:00,1902600011902,38.99,Mala,48.36,Aceptable,interpolacion_delaunay,0,2434,191,435,71
2026-09-30T16:47:36.616907+00:00,1902600011993,38.09,Mala,46.94,Aceptable,interpolacion_delaunay,0,3528,203,521,147
2026-09-30T16:47:36.616907+00:00,1902600012012,32.17,Aceptable,37.37,Bueno,interpolacion_delaunay,0,2227,119,600,34
2026-09-30T16:47:36.616907+00:00,1902600012084,29.84,Aceptable,33.45,Bueno,interpolacion_delaunay,0,1461,49,516,49
2026-09-30T16:47:36.616907+00:00,1902600012188,28.19,Aceptable,30.57,Bueno,interpolacion_delaunay,0,460,18,82,4
2026-09-30T16:47:36.616907+00:00,1902600012277,39.31,Mala,48.82,Aceptable,interpolacion_delaunay,0,3597,281,616,228
2026-09-30T16:47:36.616907+00:00,190260001246A,39.24,Mala,48.32,Aceptable,interpolacion_delaunay,0,4546,358,308,145
2026-09-30T16:47:36.616907+00:00,1902600012559,35.16,Mala,41.43,Bueno,interpolacion_delaunay,0,4248,285,324,114
2026-09-30T16:47:36.616907+00:00,1902600012652,41.0,Mala,51.25,Aceptable,interpolacion_delaunay,0,3158,323,113,122
2026-09-30T16:47:36.616907+00:00,1902600012671,41.02,Mala,51.02,Aceptable,interpolacion_delaunay,0,1647,122,65,34
2026-09-30T16:47:36.616907+00:00,1902600012718,26.06,Aceptable,29.48,Bueno,interpolacion_delaunay,0,2829,290,123,131
2026-09-30T16:47:36.616907+00:00,1902600012741,37.69,Mala,46.36,Aceptable,interpolacion_delaunay,0,1897,119,345,52
2026-09-30T16:47:36.616907+00:00,1902600012879,41.1,Mala,51.4,Aceptable,promedio_sensores,1,2144,300,65,16
2026-09-30T16:47:36.616907+00:00,1902600010285,36.47,Mala,43.81,Bueno,interpolacion_delaunay,0,2844,174,613,185
2026-09-30T16:47:36.616907+00:00,1902600012690,28.52,Aceptable,33.66,Bueno,interpolacion_delaunay,0,79,0,3,0
2026-09-30T16:47:36.616907+00:00,1902600012099,31.54,Aceptable,37.69,Bueno,interpolacion_delaunay,0,5241,599,554,189
2026-09-30T16:47:36.616907+00:00,1902600011936,40.57,Mala,50.51,Aceptable,interpolacion_delaunay,0,2951,267,407,119
2026-09-30T16:47:36.616907+00:00,1902600012169,28.9,Aceptable,31.64,Bueno,interpolacion_delaunay,0,1023,50,158,14
2026-09-30T16:47:36.616907+00:00,190260001118A,32.9,Aceptable,38.28,Bueno,interpolacion_delaunay,0,3453,227,320,71
2026-09-30T16:47:36.616907+00:00,1902600012050,36.02,Mala,42.72,Bueno,interpolacion_delaunay,0,4134,320,745,263
2026-09-30T16:47:36.616907+00:00,1902600012101,30.66,Aceptable,36.16,Bueno,interpolacion_delaunay,0,3626,381,484,119
2026-09-30T16:47:36.616907+00:00,1902600012563,29.93,Aceptable,35.01,Bueno,interpolacion_delaunay,0,2676,291,133,25
2026-09-30T16:47:36.616907+00:00,190260001278A,38.39,Mala,47.13,Aceptable,interpolacion_delaunay,0,3558,402,98,36
2026-09-30T16:47:36.616907+00:00,1902600011921,40.14,Mala,49.82,Aceptable,interpolacion_delaunay,0,2594,223,377,76
2026-09-30T16:47:36.616907+00:00,1902600010092,37.96,Mala,46.85,Aceptable,interpolacion_delaunay,0,4183,262,1039,106
2026-09-30T16:47:36.616907+00:00,1902600011300,38.59,Mala,47.72,Aceptable,interpolacion_delaunay,0,2915,163,792,188
2026-09-30T16:47:36.616907+00:00,1902600010143,40.08,Mala,49.69,Aceptable,interpolacion_delaunay,0,2245,273,113,55
2026-09-30T16:47:36.616907+00:00,1902600011870,38.21,Mala,47.22,Aceptable,interpolacion_delaunay,0,3271,173,768,82
2026-09-30T16:47:36.616907+00:00,1902600011315,39.12,Mala,48.47,Aceptable,interpolacion_delaunay,0,3497,230,464,42
2026-09-30T16:47:36.616907+00:00,1902600011014,39.74,Mala,49.14,Aceptable,interpolacion_delaunay,0,2155,150,459,98
2026-09-30T16:47:36.616907+00:00,1902600011616,39.77,Mala,47.81,Aceptable,interpolacion_delaunay,0,3883,311,769,201
2026-09-30T16:47:36.616907+00:00,1902600011620,39.15,Mala,47.04,Aceptable,interpolacion_delaunay,0,4814,356,1024,301
2026-09-30T16:47:36.616907+00:00,1902600011480,39.88,Mala,48.46,Aceptable,interpolacion_delaunay,0,4784,390,737,223
2026-09-30T16:47:36.616907+00:00,1902600010641,40.18,Mala,49.47,Aceptable,interpolacion_delaunay,0,2917,240,627,202
2026-09-30T16:47:36.616907+00:00,1902600012633,41.41,Mala,50.08,Aceptable,interpolacion_delaunay,0,2429,188,313,91
2026-09-30T16:47:36.616907+00:00,190260001164A,37.83,Mala,45.36,Aceptable,interpolacion_delaunay,0,2101,168,367,57
2026-09-30T16:47:36.616907+00:00,1902600011635,38.11,Mala,45.54,Aceptable,interpolacion_delaunay,0,4695,347,639,204
2026-09-30T16:47:36.616907+00:00,1902600010961,39.35,Mala,48.47,Aceptable,interpolacion_delaunay,0,1353,81,150,34
2026-09-30T16:47:36.616907+00:00,1902600011226,35.12,Mala,42.52,Bueno,interpolacion_delaunay,0,4831,444,615,226
2026-09-30T16:47:36.616907+00:00,1902600012807,36.22,Mala,44.46,Bueno,interpolacion_delaunay,0,51,0,0,0
2026-09-30T16:47:36.616907+00:00,1902600012737,36.35,Mala,44.6,Bueno,interpolacion_delaunay,0,153,17,4,4
2026-09-30T16:47:36.616907+00:00,1902600012046,36.46,Mala,43.82,Bueno,interpolacion_delaunay,0,5116,376,649,199
2026-09-30T16:47:36.616907+00:00,1902600012756,37.3,Mala,45.8,Aceptable,promedio_sensores,1,2572,282,124,24
2026-09-30T16:47:36.616907+00:00,1902600010783,36.14,Mala,43.81,Bueno,interpolacion_delaunay,0,1477,145,264,42
2026-09-30T16:47:36.616907+00:00,1902600011230,35.09,Mala,42.32,Bueno,interpolacion_delaunay,0,3324,362,242,132
2026-09-30T16:47:36.616907+00:00,1902600011758,26.6,Aceptable,27.8,Bueno,promedio_sensores,1,2105,92,408,43
2026-09-30T16:47:36.616907+00:00,1902600011141,36.48,Mala,45.94,Aceptable,interpolacion_delaunay,0,9036,1161,432,363
2026-09-30T16:47:36.616907+00:00,1902600011743,30.23,Aceptable,34.6,Bueno,interpolacion_delaunay,0,7461,709,958,323
2026-09-30T16:47:36.616907+00:00,1902600012629,26.65,Aceptable,30.37,Bueno,interpolacion_delaunay,0,1943,149,74,66
2026-09-30T16:47:36.616907+00:00,1902600011762,37.5,Mala,46.09,Aceptable,interpolacion_delaunay,0,2427,183,512,77
2026-09-30T16:47:36.616907+00:00,1902600011194,35.49,Mala,42.69,Bueno,interpolacion_delaunay,0,4669,300,960,201
2026-09-30T16:47:36.616907+00:00,1902600011052,38.83,Mala,47.82,Aceptable,interpolacion_delaunay,0,7318,799,917,451
2026-09-30T16:47:36.616907+00:00,1902600012722,38.4,Mala,47.53,Aceptable,interpolacion_delaunay,0,1673,182,35,23
2026-09-30T16:47:36.616907+00:00,1902600010209,37.36,Mala,45.98,Aceptable,interpolacion_delaunay,0,0,0,0,0
2026-09-30T16:47:36.616907+00:00,1902600012883,37.18,Mala,45.99,Aceptable,interpolacion_delaunay,0,2693,391,65,39
2026-09-30T16:47:36.616907+00:00,1902600011512,37.92,Mala,46.92,Aceptable,interpolacion_delaunay,0,1411,83,448,118
2026-09-30T16:47:36.616907+00:00,1902600011527,37.76,Mala,46.76,Aceptable,interpolacion_delaunay,0,2114,99,718,127
2026-09-30T16:47:36.616907+00:00,1902600010853,38.0,Mala,47.05,Aceptable,interpolacion_delaunay,0,4562,382,755,151
2026-09-30T16:47:36.616907+00:00,1902600011160,37.4,Mala,46.3,Aceptable,promedio_sensores,1,3568,186,796,79
2026-09-30T16:47:36.616907+00:00,1902600011423,39.56,Mala,49.04,Aceptable,interpolacion_delaunay,0,2358,121,643,149
2026-09-30T16:47:36.616907+00:00,1902600011118,37.58,Mala,45.96,Aceptable,interpolacion_delaunay,0,0,0,0,0
2026-09-30T16:47:36.616907+00:00,1902600010552,38.86,Mala,47.99,Aceptable,interpolacion_delaunay,0,1358,197,299,91
2026-09-30T16:47:36.616907+00:00,1902600010567,38.73,Mala,47.84,Aceptable,interpolacion_delaunay,0,3469,239,807,212
2026-09-30T16:47:36.616907+00:00,1902600010478,39.99,Mala,49.66,Aceptable,interpolacion_delaunay,0,3451,258,686,179
2026-09-30T16:47:36.616907+00:00,1902600012493,39.25,Mala,48.6,Aceptable,interpolacion_delaunay,0,3047,231,451,139
2026-09-30T16:47:36.616907+00:00,1902600012506,39.17,Mala,48.48,Aceptable,interpolacion_delaunay,0,1875,122,448,96
2026-09-30T16:47:36.616907+00:00,1902600011387,40.24,Mala,50.06,Aceptable,interpolacion_delaunay,0,4018,279,697,181
2026-09-30T16:47:36.616907+00:00,1902600010482,40.12,Mala,49.87,Aceptable,interpolacion_delaunay,0,4004,197,1191,226
2026-09-30T16:47:36.616907+00:00,1902600010586,39.28,Mala,48.65,Aceptable,interpolacion_delaunay,0,4983,369,1196,317
2026-09-30T16:47:36.616907+00:00,1902600010590,39.31,Mala,48.71,Aceptable,interpolacion_delaunay,0,3794,290,817,254
2026-09-30T16:47:36.616907+00:00,1902600011940,40.64,Mala,50.67,Aceptable,interpolacion_delaunay,0,3450,256,773,184
2026-09-30T16:47:36.616907+00:00,1902600012224,39.91,Mala,49.59,Aceptable,interpolacion_delaunay,0,1986,122,533,118
2026-09-30T16:47:36.616907+00:00,1902600012239,39.94,Mala,49.65,Aceptable,interpolacion_delaunay,0,2664,206,487,219
2026-09-30T16:47:36.616907+00:00,1902600010548,31.32,Aceptable,35.49,Bueno,interpolacion_delaunay,0,4149,203,1177,258
2026-09-30T16:47:36.616907+00:00,1902600012489,39.34,Mala,48.61,Aceptable,interpolacion_delaunay,0,2798,203,290,77
2026-09-30T16:47:36.616907+00:00,1902600011353,40.72,Mala,50.73,Aceptable,interpolacion_delaunay,0,1952,125,417,157
2026-09-30T16:47:36.616907+00:00,1902600012760,40.79,Mala,50.88,Aceptable,interpolacion_delaunay,0,3619,397,120,87
2026-09-30T16:47:36.616907+00:00,1902600011264,39.42,Mala,48.73,Aceptable,interpolacion_delaunay,0,1708,151,158,100
2026-09-30T16:47:36.616907+00:00,190260001285A,40.43,Mala,50.34,Aceptable,interpolacion_delaunay,0,1850,298,50,26
2026-09-30T16:47:36.616907+00:00,1902600010270,37.85,Mala,47.81,Aceptable,interpolacion_delaunay,0,0,0,0,0
2026-09-30T16:47:36.616907+00:00,1902600010406,40.66,Mala,50.71,Aceptable,interpolacion_delaunay,0,2889,225,550,115
2026-09-30T16:47:36.616907+00:00,1902600011067,40.39,Mala,50.36,Aceptable,interpolacion_delaunay,0,4252,360,451,270
2026-09-30T16:47:36.616907+00:00,1902600011086,39.37,Mala,50.19,Aceptable,interpolacion_delaunay,0,3224,245,126,84
2026-09-30T16:47:36.616907+00:00,1902600012313,37.55,Mala,49.47,Aceptable,interpolacion_delaunay,0,2567,202,407,174
2026-09-30T16:47:36.616907+00:00,1902600012309,38.25,Mala,49.73,Aceptable,interpolacion_delaunay,0,2125,241,150,88
2026-09-30T16:47:36.616907+00:00,1902600011809,40.59,Mala,50.66,Aceptable,interpolacion_delaunay,0,2127,251,117,120
2026-09-30T16:47:36.616907+00:00,1902600012864,40.61,Mala,50.67,Aceptable,interpolacion_delaunay,0,1168,168,40,16
2026-09-30T16:47:36.616907+00:00,190260001125A,17.54,Aceptable,18.65,Bueno,interpolacion_delaunay,0,541,13,170,22
2026-09-30T16:47:36.616907+00:00,1902600011071,37.85,Mala,48.77,Aceptable,interpolacion_delaunay,0,3143,264,264,89
2026-09-30T16:47:36.616907+00:00,190260001196A,36.9,Mala,47.56,Aceptable,interpolacion_delaunay,0,3349,324,262,100
2026-09-30T16:47:36.616907+00:00,1902600011955,40.82,Mala,50.96,Aceptable,interpolacion_delaunay,0,3582,349,216,97
2026-09-30T16:47:36.616907+00:00,190260001050A,40.1,Mala,49.9,Aceptable,interpolacion_delaunay,0,2022,217,309,73
2026-09-30T16:47:36.616907+00:00,1903900012400,96.6,Muy alta,108.6,Mala,promedio_sensores,1,4517,429,723,304
2026-09-30T16:47:36.616907+00:00,1903900014657,41.81,Mala,51.23,Aceptable,interpolacion_delaunay,0,2491,234,438,138
2026-09-30T16:47:36.616907+00:00,1903900013682,48.49,Mala,60.2,Mala,interpolacion_delaunay,0,4499,398,653,181
2026-09-30T16:47:36.616907+00:00,1903900010832,40.14,Mala,49.46,Aceptable,interpolacion_delaunay,0,543,31,158,26
2026-09-30T16:47:36.616907+00:00,1903900011120,39.11,Mala,48.38,Aceptable,interpolacion_delaunay,0,2607,94,831,149
2026-09-30T16:47:36.616907+00:00,1903900012129,36.28,Mala,44.65,Bueno,interpolacion_delaunay,0,4074,318,790,255
2026-09-30T16:47:36.616907+00:00,190390001363A,41.82,Mala,51.32,Aceptable,interpolacion_delaunay,0,3850,324,618,201
2026-09-30T16:47:36.616907+00:00,1903900014163,37.18,Mala,45.49,Aceptable,interpolacion_delaunay,0,3563,376,476,178
2026-09-30T16:47:36.616907+00:00,1903900014642,41.84,Mala,51.19,Aceptable,interpolacion_delaunay,0,2137,227,313,125
2026-09-30T16:47:36.616907+00:00,1903900013589,42.24,Mala,53.47,Aceptable,interpolacion_delaunay,0,1971,102,595,95
2026-09-30T16:47:36.616907+00:00,1903900011370,40.17,Mala,49.88,Aceptable,interpolacion_delaunay,0,1287,71,218,39
2026-09-30T16:47:36.616907+00:00,1903900012114,34.14,Mala,40.69,Bueno,interpolacion_delaunay,0,2387,84,816,136
2026-09-30T16:47:36.616907+00:00,1903900012203,28.9,Aceptable,31.9,Bueno,promedio_sensores,1,2974,126,1034,191
2026-09-30T16:47:36.616907+00:00,1903900013574,40.32,Mala,50.73,Aceptable,interpolacion_delaunay,0,832,37,276,93
2026-09-30T16:47:36.616907+00:00,1903900012792,41.98,Mala,50.21,Aceptable,interpolacion_delaunay,0,1,0,0,0
2026-09-30T16:47:36.616907+00:00,190390001445A,38.12,Mala,47.27,Aceptable,interpolacion_delaunay,0,5563,304,1118,197
2026-09-30T16:47:36.616907+00:00,1903900014638,41.67,Mala,50.95,Aceptable,interpolacion_delaunay,0,3811,381,571,142
2026-09-30T16:47:36.616907+00:00,1903900012063,42.05,Mala,51.89,Aceptable,interpolacion_delaunay,0,2407,98,743,119
2026-09-30T16:47:36.616907+00:00,1903900011690,32.27,Aceptable,39.34,Bueno,interpolacion_delaunay,0,228,12,56,11
2026-09-30T16:47:36.616907+00:00,1903900011760,24.1,Aceptable,28.63,Bueno,interpolacion_delaunay,0,1986,129,443,117
2026-09-30T16:47:36.616907+00:00,1903900011934,36.7,Mala,43.93,Bueno,promedio_sensores,3,2171,83,550,105
2026-09-30T16:47:36.616907+00:00,190390001192A,20.31,Aceptable,23.4,Bueno,interpolacion_delaunay,0,2553,117,796,121
2026-09-30T16:47:36.616907+00:00,1903900012044,40.71,Mala,50.38,Aceptable,interpolacion_delaunay,0,1920,122,427,109
2026-09-30T16:47:36.616907+00:00,1903900012078,42.36,Mala,52.82,Aceptable,interpolacion_delaunay,0,2179,136,538,60
2026-09-30T16:47:36.616907+00:00,1903900011525,25.97,Aceptable,31.82,Bueno,interpolacion_delaunay,0,590,39,143,33
2026-09-30T16:47:36.616907+00:00,1903900011991,40.7,Mala,50.4,Aceptable,promedio_sensores,1,3236,192,703,201
2026-09-30T16:47:36.616907+00:00,1903900012006,22.93,Aceptable,27.09,Bueno,interpolacion_delaunay,0,1972,70,504,136
2026-09-30T16:47:36.616907+00:00,1903900010673,42.43,Mala,52.95,Aceptable,interpolacion_delaunay,0,2155,174,396,142
2026-09-30T16:47:36.616907+00:00,1903900010298,51.43,Mala,61.96,Mala,interpolacion_delaunay,0,3499,233,739,152
2026-09-30T16:47:36.616907+00:00,1903900010404,49.6,Mala,60.18,Mala,interpolacion_delaunay,0,2835,189,560,150
2026-09-30T16:47:36.616907+00:00,1903900011012,39.92,Mala,49.18,Aceptable,interpolacion_delaunay,0,1216,101,235,35
2026-09-30T16:47:36.616907+00:00,1903900011065,39.4,Mala,48.62,Aceptable,interpolacion_delaunay,0,1981,192,428,144
2026-09-30T16:47:36.616907+00:00,1903900010175,63.58,Mala,74.68,Mala,interpolacion_delaunay,0,1294,70,318,45
2026-09-30T16:47:36.616907+00:00,190390001018A,65.04,Mala,76.06,Mala,interpolacion_delaunay,0,3618,299,750,219
2026-09-30T16:47:36.616907+00:00,1903900010194,61.28,Mala,72.19,Mala,interpolacion_delaunay,0,2850,223,604,173
2026-09-30T16:47:36.616907+00:00,1903900010226,52.8,Mala,63.22,Mala,interpolacion_delaunay,0,4934,461,799,274
2026-09-30T16:47:36.616907+00:00,1903900014229,33.45,Mala,38.66,Bueno,interpolacion_delaunay,0,2852,249,505,184
2026-09-30T16:47:36.616907+00:00,1903900010353,48.31,Mala,54.76,Aceptable,interpolacion_delaunay,0,3313,167,981,325
2026-09-30T16:47:36.616907+00:00,1903900010936,43.35,Mala,54.43,Aceptable,interpolacion_delaunay,0,2121,128,459,101
2026-09-30T16:47:36.616907+00:00,1903900011173,41.2,Mala,49.7,Aceptable,promedio_sensores,1,2108,71,659,126
2026-09-30T16:47:36.616907+00:00,1903900011188,42.91,Mala,53.64,Aceptable,interpolacion_delaunay,0,3322,231,794,185
2026-09-30T16:47:36.616907+00:00,1903900011224,38.0,Mala,47.48,Aceptable,interpolacion_delaunay,0,3487,327,636,198
2026-09-30T16:47:36.616907+00:00,1903900011328,40.83,Mala,50.52,Aceptable,interpolacion_delaunay,0,1300,73,364,78
2026-09-30T16:47:36.616907+00:00,1903900011332,40.78,Mala,50.54,Aceptable,interpolacion_delaunay,0,2976,208,686,165
2026-09-30T16:47:36.616907+00:00,1903900011493,5.4,Bueno,6.2,Bueno,promedio_sensores,1,498,32,117,21
2026-09-30T16:47:36.616907+00:00,1903900011506,15.4,Aceptable,18.78,Bueno,interpolacion_delaunay,0,218,10,60,5
2026-09-30T16:47:36.616907+00:00,1903900011510,17.78,Aceptable,21.7,Bueno,interpolacion_delaunay,0,370,18,99,43
2026-09-30T16:47:36.616907+00:00,1903900011563,35.68,Mala,43.88,Bueno,interpolacion_delaunay,0,1016,57,324,41
2026-09-30T16:47:36.616907+00:00,1903900011652,12.33,Bueno,15.19,Bueno,interpolacion_delaunay,0,1408,46,412,99
2026-09-30T16:47:36.616907+00:00,1903900011667,37.03,Mala,47.23,Aceptable,interpolacion_delaunay,0,811,38,222,38
2026-09-30T16:47:36.616907+00:00,1903900011671,37.58,Mala,47.61,Aceptable,interpolacion_delaunay,0,2135,120,546,122
2026-09-30T16:47:36.616907+00:00,1903900011775,25.6,Aceptable,30.31,Bueno,interpolacion_delaunay,0,3247,195,753,173
2026-09-30T16:47:36.616907+00:00,190390001178A,38.26,Mala,46.48,Aceptable,interpolacion_delaunay,0,2085,91,638,124
2026-09-30T16:47:36.616907+00:00,1903900011811,38.23,Mala,47.24,Aceptable,interpolacion_delaunay,0,3726,195,960,140
2026-09-30T16:47:36.616907+00:00,190390001210A,38.4,Mala,47.8,Aceptable,promedio_sensores,1,2790,113,700,150
2026-09-30T16:47:36.616907+00:00,1903900012186,41.04,Mala,49.21,Aceptable,interpolacion_delaunay,0,4169,44,257,49
2026-09-30T16:47:36.616907+00:00,1903900011559,30.7,Aceptable,37.3,Bueno,promedio_sensores,1,854,32,232,42
2026-09-30T16:47:36.616907+00:00,1903900013428,57.7,Mala,68.44,Mala,interpolacion_delaunay,0,3351,320,515,172
2026-09-30T16:47:36.616907+00:00,1903900014214,35.07,Mala,40.86,Bueno,interpolacion_delaunay,0,4120,374,689,171
2026-09-30T16:47:36.616907+00:00,1903900014712,44.42,Mala,54.06,Aceptable,interpolacion_delaunay,0,3085,299,499,125
2026-09-30T16:47:36.616907+00:00,1903900014727,39.87,Mala,47.62,Aceptable,interpolacion_delaunay,0,2574,237,418,75
2026-09-30T16:47:36.616907+00:00,1903900011544,21.35,Aceptable,25.86,Bueno,interpolacion_delaunay,0,484,17,104,17
2026-09-30T16:47:36.616907+00:00,1903900011347,40.5,Mala,50.3,Aceptable,promedio_sensores,1,3767,228,949,230
2026-09-30T16:47:36.616907+00:00,1903900011101,39.55,Mala,48.96,Aceptable,interpolacion_delaunay,0,2340,171,499,101
2026-09-30T16:47:36.616907+00:00,1903900010692,41.53,Mala,52.43,Aceptable,interpolacion_delaunay,0,1264,56,294,43
2026-09-30T16:47:36.616907+00:00,190390001071A,29.2,Aceptable,33.4,Bueno,promedio_sensores,1,2092,89,717,121
2026-09-30T16:47:36.616907+00:00,190390001153A,12.92,Bueno,15.45,Bueno,interpolacion_delaunay,0,283,20,33,8
2026-09-30T16:47:36.616907+00:00,1903900012222,41.29,Mala,49.72,Aceptable,interpolacion_delaunay,0,2481,214,440,130
2026-09-30T16:47:36.616907+00:00,1903900010048,79.63,Muy alta,91.11,Mala,interpolacion_delaunay,0,2757,231,541,184
2026-09-30T16:47:36.616907+00:00,1903900010160,62.33,Mala,73.47,Mala,interpolacion_delaunay,0,1233,55,334,97
2026-09-30T16:47:36.616907+00:00,1903900011915,28.08,Aceptable,33.85,Bueno,interpolacion_delaunay,0,1171,52,296,69
2026-09-30T16:47:36.616907+00:00,1903900012824,34.58,Mala,41.54,Bueno,interpolacion_delaunay,0,0,0,0,0
2026-09-30T16:47:36.616907+00:00,1903900010103,68.77,Mala,80.13,Mala,interpolacion_delaunay,0,2537,115,733,107
2026-09-30T16:47:36.616907+00:00,1903900010122,67.17,Mala,78.23,Mala,interpolacion_delaunay,0,3875,316,762,228
2026-09-30T16:47:36.616907+00:00,1903900010207,62.94,Mala,73.76,Mala,interpolacion_delaunay,0,2935,264,476,100
2026-09-30T16:47:36.616907+00:00,190390001089A,42.95,Mala,54.23,Aceptable,interpolacion_delaunay,0,2450,84,735,103
2026-09-30T16:47:36.616907+00:00,1903900010813,41.46,Mala,51.26,Aceptable,interpolacion_delaunay,0,1266,76,281,65
2026-09-30T16:47:36.616907+00:00,190390001096A,42.93,Mala,53.68,Aceptable,interpolacion_delaunay,0,735,52,175,36
2026-09-30T16:47:36.616907+00:00,190390001107A,39.98,Mala,49.42,Aceptable,interpolacion_delaunay,0,2056,191,358,98
2026-09-30T16:47:36.616907+00:00,1903900011099,39.05,Mala,48.27,Aceptable,interpolacion_delaunay,0,1728,108,401,82
2026-09-30T16:47:36.616907+00:00,1903900011281,25.22,Aceptable,31.1,Bueno,interpolacion_delaunay,0,162,9,42,10
2026-09-30T16:47:36.616907+00:00,190390001146A,40.24,Mala,49.98,Aceptable,interpolacion_delaunay,0,1878,94,425,114
2026-09-30T16:47:36.616907+00:00,1903900011474,38.16,Mala,48.72,Aceptable,interpolacion_delaunay,0,1482,65,348,91
2026-09-30T16:47:36.616907+00:00,1903900011648,22.08,Aceptable,26.85,Bueno,interpolacion_delaunay,0,1275,46,383,92
2026-09-30T16:47:36.616907+00:00,1903900011953,40.64,Mala,50.1,Aceptable,interpolacion_delaunay,0,4331,383,782,275
2026-09-30T16:47:36.616907+00:00,1903900011968,40.51,Mala,50.05,Aceptable,interpolacion_delaunay,0,2452,198,521,139
2026-09-30T16:47:36.616907+00:00,1903900011972,39.3,Mala,48.53,Aceptable,interpolacion_delaunay,0,2152,173,501,93
2026-09-30T16:47:36.616907+00:00,1903900011987,38.94,Mala,48.08,Aceptable,interpolacion_delaunay,0,2330,153,564,186
2026-09-30T16:47:36.616907+00:00,1903900012010,30.27,Aceptable,36.03,Bueno,promedio_sensores,3,377,6,32,6
2026-09-30T16:47:36.616907+00:00,1903900012025,37.08,Mala,45.62,Aceptable,interpolacion_delaunay,0,4868,169,1336,220
2026-09-30T16:47:36.616907+00:00,1903900012608,78.08,Mala,88.59,Mala,interpolacion_delaunay,0,3563,325,452,140
2026-09-30T16:47:36.616907+00:00,1903900012260,37.18,Mala,44.01,Bueno,interpolacion_delaunay,0,2549,128,738,140
2026-09-30T16:47:36.616907+00:00,1903900012523,85.77,Muy alta,97.48,Mala,interpolacion_delaunay,0,5883,502,863,210
2026-09-30T16:47:36.616907+00:00,1903900012576,88.98,Muy alta,100.46,Mala,interpolacion_delaunay,0,3643,363,363,152
2026-09-30T16:47:36.616907+00:00,1903900012612,80.17,Muy alta,91.81,Mala,interpolacion_delaunay,0,3707,369,423,217
2026-09-30T16:47:36.616907+00:00,1903900013339,84.46,Muy alta,96.02,Mala,interpolacion_delaunay,0,3291,330,562,149
2026-09-30T16:47:36.616907+00:00,1903900013432,58.25,Mala,68.89,Mala,interpolacion_delaunay,0,3283,331,497,186
2026-09-30T16:47:36.616907+00:00,1903900013381,72.71,Mala,84.02,Mala,interpolacion_delaunay,0,3469,305,681,259
2026-09-30T16:47:36.616907+00:00,1903900013324,88.93,Muy alta,100.67,Mala,interpolacion_delaunay,0,2714,268,458,83
2026-09-30T16:47:36.616907+00:00,1903900014587,38.54,Mala,47.75,Aceptable,interpolacion_delaunay,0,1315,68,368,60
2026-09-30T16:47:36.616907+00:00,1903900014604,16.62,Aceptable,20.07,Bueno,interpolacion_delaunay,0,2075,111,610,109
2026-09-30T16:47:36.616907+00:00,1903900014661,39.42,Mala,48.7,Aceptable,interpolacion_delaunay,0,2902,69,608,127
2026-09-30T16:47:36.616907+00:00,1903900014680,42.86,Mala,54.03,Aceptable,interpolacion_delaunay,0,2293,96,745,94
2026-09-30T16:47:36.616907+00:00,1903900011239,42.27,Mala,52.75,Aceptable,interpolacion_delaunay,0,3332,293,662,233
2026-09-30T16:47:36.616907+00:00,1903900011489,42.7,Mala,54.9,Aceptable,promedio_sensores,1,1608,86,419,74
2026-09-30T16:47:36.616907+00:00,1903900010279,59.25,Mala,70.26,Mala,interpolacion_delaunay,0,2220,107,580,282
2026-09-30T16:47:36.616907+00:00,1903900010531,41.44,Mala,51.59,Aceptable,interpolacion_delaunay,0,5417,419,1156,491
2026-09-30T16:47:36.616907+00:00,1903900010635,42.74,Mala,53.7,Aceptable,interpolacion_delaunay,0,2264,78,723,158
2026-09-30T16:47:36.616907+00:00,1903900011686,32.61,Aceptable,39.87,Bueno,interpolacion_delaunay,0,153,7,36,5
2026-09-30T16:47:36.616907+00:00,1903900011807,38.79,Mala,47.89,Aceptable,interpolacion_delaunay,0,2430,99,765,107
2026-09-30T16:47:36.616907+00:00,1903900011830,46.9,Mala,59.8,Aceptable,promedio_sensores,1,898,35,265,16
2026-09-30T16:47:36.616907+00:00,1903900012097,57.7,Mala,72.7,Mala,promedio_sensores,1,4087,88,440,163
2026-09-30T16:47:36.616907+00:00,1903900012256,44.68,Mala,54.62,Aceptable,interpolacion_delaunay,0,4590,303,1006,320
2026-09-30T16:47:36.616907+00:00,1903900012307,27.67,Aceptable,32.57,Bueno,promedio_sensores,3,2986,141,683,94
2026-09-30T16:47:36.616907+00:00,1903900012453,26.68,Aceptable,31.81,Bueno,interpolacion_delaunay,0,2219,109,403,76
2026-09-30T16:47:36.616907+00:00,1903900012716,39.29,Mala,48.59,Aceptable,interpolacion_delaunay,0,78,3,14,8
2026-09-30T16:47:36.616907+00:00,1903900012735,38.94,Mala,48.15,Aceptable,interpolacion_delaunay,0,0,0,0,0
2026-09-30T16:47:36.616907+00:00,1903900012769,37.01,Mala,45.83,Aceptable,interpolacion_delaunay,0,279,15,54,0
2026-09-30T16:47:36.616907+00:00,1903900012773,33.56,Mala,41.27,Bueno,interpolacion_delaunay,0,0,0,0,0
2026-09-30T16:47:36.616907+00:00,1903900014040,69.61,Mala,80.53,Mala,interpolacion_delaunay,0,3042,337,450,116
2026-09-30T16:47:36.616907+00:00,1903900014178,39.64,Mala,49.41,Aceptable,interpolacion_delaunay,0,4610,493,538,196
2026-09-30T16:47:36.616907+00:00,1903900010156,64.25,Mala,75.5,Mala,interpolacion_delaunay,0,2930,146,830,151
2026-09-30T16:47:36.616907+00:00,1903900010264,56.37,Mala,67.56,Mala,interpolacion_delaunay,0,4282,326,814,272
2026-09-30T16:47:36.616907+00:00,1903900010283,55.92,Mala,66.78,Mala,interpolacion_delaunay,0,2911,218,619,83
2026-09-30T16:47:36.616907+00:00,1903900010315,49.28,Mala,59.43,Aceptable,interpolacion_delaunay,0,3515,316,654,216
2026-09-30T16:47:36.616907+00:00,190390001032A,51.88,Mala,61.97,Mala,interpolacion_delaunay,0,4173,426,573,279
2026-09-30T16:47:36.616907+00:00,1903900010349,41.92,Mala,51.54,Aceptable,interpolacion_delaunay,0,2637,166,677,132
2026-09-30T16:47:36.616907+00:00,1903900010391,49.79,Mala,60.48,Mala,interpolacion_delaunay,0,3850,295,727,205
2026-09-30T16:47:36.616907+00:00,1903900010438,41.11,Mala,50.99,Aceptable,interpolacion_delaunay,0,3338,313,521,73
2026-09-30T16:47:36.616907+00:00,1903900010442,41.12,Mala,50.92,Aceptable,interpolacion_delaunay,0,2676,239,533,136
2026-09-30T16:47:36.616907+00:00,1903900010457,45.6,Mala,55.99,Aceptable,interpolacion_delaunay,0,3408,175,1149,225
2026-09-30T16:47:36.616907+00:00,1903900010480,43.36,Mala,54.08,Aceptable,interpolacion_delaunay,0,1388,64,440,114
2026-09-30T16:47:36.616907+00:00,1903900010512,42.03,Mala,52.61,Aceptable,interpolacion_delaunay,0,2980,202,741,168
2026-09-30T16:47:36.616907+00:00,1903900010546,41.97,Mala,52.44,Aceptable,interpolacion_delaunay,0,2660,141,683,117
2026-09-30T16:47:36.616907+00:00,1903900010550,41.74,Mala,52.0,Aceptable,interpolacion_delaunay,0,2279,182,478,160
2026-09-30T16:47:36.616907+00:00,1903900010565,41.44,Mala,51.46,Aceptable,interpolacion_delaunay,0,2608,254,432,94
2026-09-30T16:47:36.616907+00:00,190390001057A,41.9,Mala,52.16,Aceptable,interpolacion_delaunay,0,1514,131,335,33
2026-09-30T16:47:36.616907+00:00,1903900010599,41.4,Mala,47.88,Aceptable,interpolacion_delaunay,0,2808,125,1047,137
2026-09-30T16:47:36.616907+00:00,1903900010601,42.08,Mala,53.13,Aceptable,interpolacion_delaunay,0,5314,412,1126,426
2026-09-30T16:47:36.616907+00:00,1903900010620,43.02,Mala,54.19,Aceptable,interpolacion_delaunay,0,2515,85,744,131
2026-09-30T16:47:36.616907+00:00,190390001064A,42.58,Mala,53.4,Aceptable,interpolacion_delaunay,0,2719,125,702,154
2026-09-30T16:47:36.616907+00:00,1903900010654,42.2,Mala,52.72,Aceptable,interpolacion_delaunay,0,2609,119,783,144
2026-09-30T16:47:36.616907+00:00,1903900010705,31.88,Aceptable,37.02,Bueno,interpolacion_delaunay,0,1996,93,661,76
2026-09-30T16:47:36.616907+00:00,1903900010739,43.24,Mala,54.47,Aceptable,interpolacion_delaunay,0,1701,60,561,127
2026-09-30T16:47:36.616907+00:00,1903900010743,43.12,Mala,54.22,Aceptable,interpolacion_delaunay,0,1991,112,552,108
2026-09-30T16:47:36.616907+00:00,1903900010758,43.01,Mala,54.0,Aceptable,interpolacion_delaunay,0,1207,67,324,54
2026-09-30T16:47:36.616907+00:00,1903900010796,41.7,Mala,51.7,Aceptable,interpolacion_delaunay,0,0,0,0,0
2026-09-30T16:47:36.616907+00:00,1903900010828,40.61,Mala,50.1,Aceptable,interpolacion_delaunay,0,1085,46,363,57
2026-09-30T16:47:36.616907+00:00,1903900010866,37.91,Mala,46.43,Aceptable,interpolacion_delaunay,0,1678,49,570,85
2026-09-30T16:47:36.616907+00:00,1903900010870,42.09,Mala,53.36,Aceptable,interpolacion_delaunay,0,3879,268,842,254
2026-09-30T16:47:36.616907+00:00,1903900010885,42.49,Mala,53.79,Aceptable,interpolacion_delaunay,0,1668,63,493,70
2026-09-30T16:47:36.616907+00:00,1903900010940,42.87,Mala,53.79,Aceptable,interpolacion_delaunay,0,3419,259,605,213
2026-09-30T16:47:36.616907+00:00,1903900011046,40.42,Mala,49.91,Aceptable,interpolacion_delaunay,0,1800,151,355,99
2026-09-30T16:47:36.616907+00:00,1903900011135,41.91,Mala,52.25,Aceptable,interpolacion_delaunay,0,1752,62,519,67
2026-09-30T16:47:36.616907+00:00,190390001114A,41.6,Mala,52.9,Aceptable,promedio_sensores,1,1380,53,428,34
2026-09-30T16:47:36.616907+00:00,1903900011154,40.88,Mala,51.29,Aceptable,interpolacion_delaunay,0,1623,62,444,64
2026-09-30T16:47:36.616907+00:00,1903900011169,41.05,Mala,51.25,Aceptable,promedio_sensores,2,2880,73,732,160
2026-09-30T16:47:36.616907+00:00,1903900011192,42.46,Mala,52.86,Aceptable,interpolacion_delaunay,0,2657,175,674,141
2026-09-30T16:47:36.616907+00:00,1903900011205,42.78,Mala,54.14,Aceptable,interpolacion_delaunay,0,122,13,22,0
2026-09-30T16:47:36.616907+00:00,1903900011243,24.69,Aceptable,30.63,Bueno,interpolacion_delaunay,0,475,45,76,44
2026-09-30T16:47:36.616907+00:00,1903900011258,29.47,Aceptable,36.57,Bueno,interpolacion_delaunay,0,1048,106,166,35
2026-09-30T16:47:36.616907+00:00,1903900011262,42.0,Mala,52.29,Aceptable,interpolacion_delaunay,0,1756,114,447,140
2026-09-30T16:47:36.616907+00:00,1903900011277,35.88,Mala,44.5,Bueno,interpolacion_delaunay,0,2024,136,529,164
2026-09-30T16:47:36.616907+00:00,1903900011309,42.0,Mala,52.0,Aceptable,promedio_sensores,1,1761,123,433,90
2026-09-30T16:47:36.616907+00:00,1903900011351,40.25,Mala,49.96,Aceptable,interpolacion_delaunay,0,2734,167,651,175
2026-09-30T16:47:36.616907+00:00,1903900011366,40.25,Mala,49.97,Aceptable,interpolacion_delaunay,0,0,0,0,0
2026-09-30T16:47:36.616907+00:00,1903900011421,47.5,Mala,60.7,Mala,promedio_sensores,1,3327,204,738,54
2026-09-30T16:47:36.616907+00:00,1903900011436,45.02,Mala,57.35,Aceptable,interpolacion_delaunay,0,1869,83,431,69
2026-09-30T16:47:36.616907+00:00,1903900011440,44.36,Mala,56.27,Aceptable,interpolacion_delaunay,0,1644,76,453,82
2026-09-30T16:47:36.616907+00:00,1903900011455,42.83,Mala,53.26,Aceptable,interpolacion_delaunay,0,1330,38,379,65
2026-09-30T16:47:36.616907+00:00,1903900011578,32.46,Aceptable,38.97,Bueno,interpolacion_delaunay,0,1668,78,469,55
2026-09-30T16:47:36.616907+00:00,1903900011582,34.1,Mala,40.7,Bueno,promedio_sensores,1,1943,98,485,98
2026-09-30T16:47:36.616907+00:00,190390001160A,38.62,Mala,47.74,Aceptable,interpolacion_delaunay,0,1878,106,479,110
2026-09-30T16:47:36.616907+00:00,1903900011614,38.4,Mala,47.47,Aceptable,interpolacion_delaunay,0,2516,127,727,95
2026-09-30T16:47:36.616907+00:00,1903900011633,39.1,Mala,47.69,Aceptable,interpolacion_delaunay,0,810,34,225,59
2026-09-30T16:47:36.616907+00:00,1903900011703,28.51,Aceptable,34.21,Bueno,interpolacion_delaunay,0,3184,63,372,52
2026-09-30T16:47:36.616907+00:00,1903900011722,36.05,Mala,45.35,Aceptable,interpolacion_delaunay,0,511,20,136,16
2026-09-30T16:47:36.616907+00:00,1903900011737,29.12,Aceptable,35.68,Bueno,interpolacion_delaunay,0,377,25,76,21
2026-09-30T16:47:36.616907+00:00,1903900011741,34.89,Mala,42.75,Bueno,interpolacion_delaunay,0,179,8,28,10
2026-09-30T16:47:36.616907+00:00,1903900011756,34.15,Mala,41.82,Bueno,interpolacion_delaunay,0,191,3,61,18
2026-09-30T16:47:36.616907+00:00,1903900011794,39.26,Mala,48.43,Aceptable,interpolacion_delaunay,0,2555,160,623,167
2026-09-30T16:47:36.616907+00:00,1903900011845,12.5,Bueno,13.1,Bueno,promedio_sensores,1,2750,133,527,66
2026-09-30T16:47:36.616907+00:00,190390001185A,35.78,Mala,43.66,Bueno,interpolacion_delaunay,0,2718,189,497,75
2026-09-30T16:47:36.616907+00:00,1903900011879,38.95,Mala,47.99,Aceptable,interpolacion_delaunay,0,2302,190,467,160
2026-09-30T16:47:36.616907+00:00,1903900011883,38.63,Mala,47.6,Aceptable,interpolacion_delaunay,0,2653,217,567,162
2026-09-30T16:47:36.616907+00:00,1903900011898,39.52,Mala,48.79,Aceptable,interpolacion_delaunay,0,2466,163,572,128
2026-09-30T16:47:36.616907+00:00,1903900011900,37.12,Mala,45.7,Aceptable,interpolacion_delaunay,0,1274,99,333,108
2026-09-30T16:47:36.616907+00:00,1903900012167,51.17,Mala,63.52,Mala,interpolacion_delaunay,0,2883,124,813,123
2026-09-30T16:47:36.616907+00:00,1903900012190,39.29,Mala,46.66,Aceptable,interpolacion_delaunay,0,1182,41,455,89
2026-09-30T16:47:36.616907+00:00,1903900012218,30.78,Aceptable,34.69,Bueno,interpolacion_delaunay,0,1788,87,512,71
2026-09-30T16:47:36.616907+00:00,1903900012241,28.74,Aceptable,33.13,Bueno,interpolacion_delaunay,0,1136,46,404,79
2026-09-30T16:47:36.616907+00:00,1903900012275,34.52,Mala,40.49,Bueno,interpolacion_delaunay,0,3740,200,896,144
2026-09-30T16:47:36.616907+00:00,1903900012472,40.6,Mala,52.2,Aceptable,promedio_sensores,1,4662,342,773,243
2026-09-30T16:47:36.616907+00:00,190390001267A,51.56,Mala,59.6,Aceptable,interpolacion_delaunay,0,3909,249,1025,191
2026-09-30T16:47:36.616907+00:00,1903900012684,52.08,Mala,61.03,Mala,interpolacion_delaunay,0,2186,73,687,43
2026-09-30T16:47:36.616907+00:00,1903900012720,38.9,Mala,47.9,Aceptable,promedio_sensores,1,970,52,170,37
2026-09-30T16:47:36.616907+00:00,190390001274A,34.97,Mala,42.6,Bueno,interpolacion_delaunay,0,10,0,0,0
2026-09-30T16:47:36.616907+00:00,1903900012754,38.89,Mala,47.96,Aceptable,interpolacion_delaunay,0,3205,214,714,184
2026-09-30T16:47:36.616907+00:00,1903900012788,35.4,Mala,43.44,Bueno,interpolacion_delaunay,0,0,0,0,0
2026-09-30T16:47:36.616907+00:00,190390001281A,43.0,Mala,51.1,Aceptable,promedio_sensores,1,327,0,0,0
2026-09-30T16:47:36.616907+00:00,1903900012877,15.98,Aceptable,19.14,Bueno,interpolacion_delaunay,0,0,0,0,0
2026-09-30T16:47:36.616907+00:00,1903900013451,51.85,Mala,62.17,Mala,interpolacion_delaunay,0,4308,421,672,304
2026-09-30T16:47:36.616907+00:00,1903900013555,60.65,Mala,70.0,Mala,interpolacion_delaunay,0,4663,290,902,166
2026-09-30T16:47:36.616907+00:00,1903900013593,35.42,Mala,44.4,Bueno,interpolacion_delaunay,0,2322,237,355,231
2026-09-30T16:47:36.616907+00:00,1903900013606,38.91,Mala,49.27,Aceptable,interpolacion_delaunay,0,2907,266,482,206
2026-09-30T16:47:36.616907+00:00,1903900013610,26.48,Aceptable,33.01,Bueno,interpolacion_delaunay,0,2513,260,368,178
2026-09-30T16:47:36.616907+00:00,1903900013659,40.84,Mala,51.93,Aceptable,interpolacion_delaunay,0,1885,176,371,95
2026-09-30T16:47:36.616907+00:00,190390001406A,57.42,Mala,67.82,Mala,interpolacion_delaunay,0,4196,447,516,257
2026-09-30T16:47:36.616907+00:00,1903900014093,55.29,Mala,66.32,Mala,interpolacion_delaunay,0,3096,303,444,145
2026-09-30T16:47:36.616907+00:00,1903900014144,29.19,Aceptable,36.11,Bueno,interpolacion_delaunay,0,883,38,360,125
2026-09-30T16:47:36.616907+00:00,1903900014159,1.6,Bueno,2.3,Bueno,promedio_sensores,1,620,20,142,55
2026-09-30T16:47:36.616907+00:00,1903900014500,52.0,Mala,62.88,Mala,interpolacion_delaunay,0,3056,353,283,111
2026-09-30T16:47:36.616907+00:00,1903900014515,46.69,Mala,57.48,Aceptable,interpolacion_delaunay,0,3391,252,688,180
2026-09-30T16:47:36.616907+00:00,1903900014549,44.37,Mala,54.63,Aceptable,interpolacion_delaunay,0,4319,365,785,218
2026-09-30T16:47:36.616907+00:00,1903900014553,44.57,Mala,54.7,Aceptable,interpolacion_delaunay,0,3885,315,748,307
2026-09-30T16:47:36.616907+00:00,1903900014619,10.74,Bueno,12.8,Bueno,interpolacion_delaunay,0,2679,137,355,34
2026-09-30T16:47:36.616907+00:00,1903900014623,40.3,Mala,49.7,Aceptable,promedio_sensores,1,1853,99,476,133
2026-09-30T16:47:36.616907+00:00,1903900014731,37.94,Mala,46.91,Aceptable,interpolacion_delaunay,0,2772,164,687,112
2026-09-30T16:47:36.616907+00:00,1903900014905,35.13,Mala,41.25,Bueno,interpolacion_delaunay,0,2280,182,284,44
2026-09-30T16:47:36.616907+00:00,190390001491A,34.42,Mala,41.27,Bueno,interpolacion_delaunay,0,897,47,73,0
2026-09-30T16:47:36.616907+00:00,1903900014924,41.0,Mala,48.7,Aceptable,promedio_sensores,1,2425,136,485,38
2026-09-30T16:47:36.616907+00:00,1903900014939,42.0,Mala,51.44,Aceptable,interpolacion_delaunay,0,1974,92,485,50
2026-09-30T16:47:36.616907+00:00,1903900015142,42.26,Mala,52.51,Aceptable,interpolacion_delaunay,0,2839,330,193,45
2026-09-30T16:47:36.616907+00:00,1903900011385,39.98,Mala,49.53,Aceptable,interpolacion_delaunay,0,1585,87,442,107
2026-09-30T16:47:36.616907+00:00,1903900012805,41.69,Mala,51.38,Aceptable,interpolacion_delaunay,0,3258,186,362,30
2026-09-30T16:47:36.616907+00:00,1903900011826,46.7,Mala,58.38,Aceptable,interpolacion_delaunay,0,1966,181,300,39
2026-09-30T16:47:36.616907+00:00,1903900012468,37.87,Mala,45.71,Aceptable,interpolacion_delaunay,0,3979,370,451,75
2026-09-30T16:47:36.616907+00:00,1903900012133,40.6,Mala,51.12,Aceptable,interpolacion_delaunay,0,3643,409,514,130
2026-09-30T16:47:36.616907+00:00,1903900014182,46.48,Mala,58.51,Aceptable,interpolacion_delaunay,0,2164,180,491,80
2026-09-30T16:47:36.616907+00:00,1903900012152,52.59,Mala,66.17,Mala,interpolacion_delaunay,0,2360,140,519,93
2026-09-30T16:47:36.616907+00:00,1903900012082,51.46,Mala,64.7,Mala,interpolacion_delaunay,0,2402,95,700,143
2026-09-30T16:47:36.616907+00:00,1903900013663,50.62,Mala,63.26,Mala,interpolacion_delaunay,0,4832,422,675,278
2026-09-30T16:47:36.616907+00:00,1903900013714,11.02,Bueno,11.52,Bueno,interpolacion_delaunay,0,4743,468,751,239
2026-09-30T16:47:36.616907+00:00,1903900012858,25.98,Aceptable,31.27,Bueno,interpolacion_delaunay,0,0,0,0,0
2026-09-30T16:47:36.616907+00:00,1903900012839,32.06,Aceptable,38.23,Bueno,interpolacion_delaunay,0,426,30,39,0
2026-09-30T16:47:36.616907+00:00,1903900012843,41.7,Mala,50.5,Aceptable,promedio_sensores,1,3288,154,618,59
2026-09-30T16:47:36.616907+00:00,1903900012862,24.05,Aceptable,28.63,Bueno,interpolacion_delaunay,0,0,0,0,0
2026-09-30T16:47:36.616907+00:00,1903900013733,7.9,Bueno,8.18,Bueno,interpolacion_delaunay,0,1895,90,465,59
2026-09-30T16:47:36.616907+00:00,1903900012294,34.77,Mala,41.75,Bueno,interpolacion_delaunay,0,3104,120,1010,138
2026-09-30T16:47:36.616907+00:00,190390001228A,39.64,Mala,47.71,Aceptable,interpolacion_delaunay,0,2430,94,799,56
2026-09-30T16:47:36.616907+00:00,1903900010423,44.68,Mala,54.62,Aceptable,interpolacion_delaunay,0,3542,305,682,134
2026-09-30T16:47:36.616907+00:00,1903900010334,47.26,Mala,57.15,Aceptable,interpolacion_delaunay,0,878,76,200,70
2026-09-30T16:47:36.616907+00:00,1903900010071,70.5,Mala,82.01,Mala,interpolacion_delaunay,0,2520,129,682,146
2026-09-30T16:47:36.616907+00:00,1903900014869,5.3,Bueno,6.39,Bueno,interpolacion_delaunay,0,4404,353,307,53
2026-09-30T16:47:36.616907+00:00,1903900013748,8.53,Bueno,9.53,Bueno,interpolacion_delaunay,0,3552,225,627,97
2026-09-30T16:47:36.616907+00:00,1903900011050,39.03,Mala,48.1,Aceptable,interpolacion_delaunay,0,1589,135,342,104
2026-09-30T16:47:36.616907+00:00,1903900011116,38.74,Mala,47.85,Aceptable,interpolacion_delaunay,0,0,0,0,0
2026-09-30T16:47:36.616907+00:00,1903900010809,41.34,Mala,51.1,Aceptable,interpolacion_delaunay,0,59,3,14,3
2026-09-30T16:47:36.616907+00:00,1903900010989,42.07,Mala,52.22,Aceptable,interpolacion_delaunay,0,6061,564,591,133
2026-09-30T16:47:36.616907+00:00,1903900010851,38.42,Mala,47.28,Aceptable,interpolacion_delaunay,0,1601,105,413,68
2026-09-30T16:47:36.616907+00:00,1903900013413,72.83,Mala,82.89,Mala,interpolacion_delaunay,0,7251,522,1316,316
2026-09-30T16:47:36.616907+00:00,1903900010033,84.91,Muy alta,96.46,Mala,interpolacion_delaunay,0,3321,285,588,124
2026-09-30T16:47:36.616907+00:00,1903900010137,72.79,Mala,83.55,Mala,interpolacion_delaunay,0,4478,279,1202,320
2026-09-30T16:47:36.616907+00:00,1903900010141,62.08,Mala,72.77,Mala,interpolacion_delaunay,0,4273,225,965,185
2026-09-30T16:47:36.616907+00:00,1903900010762,42.68,Mala,53.33,Aceptable,interpolacion_delaunay,0,1600,114,337,68
2026-09-30T16:47:36.616907+00:00,1903900014106,51.94,Mala,63.02,Mala,interpolacion_delaunay,0,4189,248,1019,177
2026-09-30T16:47:36.616907+00:00,1903900014110,45.09,Mala,56.07,Aceptable,interpolacion_delaunay,0,2699,161,643,225
2026-09-30T16:47:36.616907+00:00,1903900010921,43.26,Mala,54.27,Aceptable,interpolacion_delaunay,0,2388,213,393,106
2026-09-30T16:47:36.616907+00:00,1903900010669,42.82,Mala,53.63,Aceptable,interpolacion_delaunay,0,2152,159,463,119
2026-09-30T16:47:36.616907+00:00,1903900010067,74.18,Mala,85.8,Mala,interpolacion_delaunay,0,2799,155,819,158
2026-09-30T16:47:36.616907+00:00,1903900010688,41.79,Mala,51.89,Aceptable,interpolacion_delaunay,0,2838,195,394,149
2026-09-30T16:47:36.616907+00:00,1903900010584,41.44,Mala,51.38,Aceptable,interpolacion_delaunay,0,3226,273,587,141
2026-09-30T16:47:36.616907+00:00,1903900011417,44.86,Mala,55.81,Aceptable,interpolacion_delaunay,0,3077,152,970,79
2026-09-30T16:47:36.616907+00:00,1903900013837,44.85,Mala,55.73,Aceptable,interpolacion_delaunay,0,3561,193,908,77
2026-09-30T16:47:36.616907+00:00,1903900013930,69.77,Mala,80.57,Mala,interpolacion_delaunay,0,1431,202,111,73
2026-09-30T16:47:36.616907+00:00,1903900014055,62.62,Mala,73.22,Mala,interpolacion_delaunay,0,4222,525,372,136
2026-09-30T16:47:36.616907+00:00,190390001420A,45.18,Mala,57.31,Aceptable,interpolacion_delaunay,0,3029,320,382,97
2026-09-30T16:47:36.616907+00:00,1903900014197,46.41,Mala,58.68,Aceptable,interpolacion_delaunay,0,2456,248,321,138
2026-09-30T16:47:36.616907+00:00,1903900010974,42.41,Mala,52.8,Aceptable,interpolacion_delaunay,0,781,39,192,50
2026-09-30T16:47:36.616907+00:00,1903900011084,38.65,Mala,47.71,Aceptable,interpolacion_delaunay,0,1782,162,338,82
2026-09-30T16:47:36.616907+00:00,1903900010847,39.5,Mala,48.6,Aceptable,interpolacion_delaunay,0,1023,82,199,53
2026-09-30T16:47:36.616907+00:00,1903900010993,41.32,Mala,51.07,Aceptable,interpolacion_delaunay,0,1086,95,211,53
2026-09-30T16:47:36.616907+00:00,1903900010372,48.57,Mala,59.5,Aceptable,interpolacion_delaunay,0,2524,139,785,102
2026-09-30T16:47:36.616907+00:00,1903900011031,39.52,Mala,48.68,Aceptable,interpolacion_delaunay,0,1190,84,257,58
2026-09-30T16:47:36.616907+00:00,1903900010902,42.96,Mala,54.1,Aceptable,interpolacion_delaunay,0,3066,119,898,183
2026-09-30T16:47:36.616907+00:00,1903900010777,42.38,Mala,52.82,Aceptable,interpolacion_delaunay,0,1329,106,264,76
2026-09-30T16:47:36.616907+00:00,1903900010781,42.17,Mala,52.46,Aceptable,interpolacion_delaunay,0,242,8,54,15
2026-09-30T16:47:36.616907+00:00,1903900014572,42.12,Mala,52.22,Aceptable,interpolacion_delaunay,0,1442,81,389,93
2026-09-30T16:47:36.616907+00:00,1903900014676,42.52,Mala,53.5,Aceptable,interpolacion_delaunay,0,2120,102,506,104
2026-09-30T16:47:36.616907+00:00,190390001025A,58.69,Mala,70.01,Mala,interpolacion_delaunay,0,3942,258,986,278
2026-09-30T16:47:36.616907+00:00,1903900010495,42.13,Mala,52.86,Aceptable,interpolacion_delaunay,0,1812,109,420,98
2026-09-30T16:47:36.616907+00:00,1903900010917,43.7,Mala,55.0,Aceptable,promedio_sensores,1,2843,155,698,133
2026-09-30T16:47:36.616907+00:00,1903900010955,42.78,Mala,53.46,Aceptable,interpolacion_delaunay,0,288,25,64,22
2026-09-30T16:47:36.616907+00:00,1903900013697,13.75,Bueno,14.48,Bueno,interpolacion_delaunay,0,1977,183,341,77
2026-09-30T16:47:36.616907+00:00,1903900013860,64.27,Mala,75.0,Mala,interpolacion_delaunay,0,3174,344,383,184
2026-09-30T16:47:36.616907+00:00,1903900015439,31.95,Aceptable,37.37,Bueno,interpolacion_delaunay,0,627,97,12,5
2026-09-30T16:47:36.616907+00:00,1903900011027,41.0,Mala,50.64,Aceptable,interpolacion_delaunay,0,509,36,115,25
2026-09-30T16:47:36.616907+00:00,1903900013998,88.68,Muy alta,100.4,Mala,interpolacion_delaunay,0,5766,706,558,248
2026-09-30T16:47:36.616907+00:00,190390001477A,37.13,Mala,43.69,Bueno,interpolacion_delaunay,0,550,33,68,4
2026-09-30T16:47:36.616907+00:00,1903900014002,84.33,Muy alta,95.79,Mala,interpolacion_delaunay,0,5494,669,668,240
2026-09-30T16:47:36.616907+00:00,1903900014873,2.01,Bueno,2.3,Bueno,interpolacion_delaunay,0,2383,154,261,52
2026-09-30T16:47:36.616907+00:00,1903900011008,42.05,Mala,52.13,Aceptable,interpolacion_delaunay,0,1877,145,377,135
2026-09-30T16:47:36.616907+00:00,1903900011313,41.34,Mala,51.15,Aceptable,interpolacion_delaunay,0,5055,336,882,185
2026-09-30T16:47:36.616907+00:00,190390001139A,39.51,Mala,48.76,Aceptable,interpolacion_delaunay,0,1079,59,290,49
2026-09-30T16:47:36.616907+00:00,1903900011402,40.15,Mala,49.83,Aceptable,interpolacion_delaunay,0,681,31,196,23
2026-09-30T16:47:36.616907+00:00,1903900012519,91.16,Muy alta,103.03,Mala,interpolacion_delaunay,0,5642,661,498,241
2026-09-30T16:47:36.616907+00:00,1903900013822,43.18,Mala,52.58,Aceptable,interpolacion_delaunay,0,6050,361,890,140
2026-09-30T16:47:36.616907+00:00,1903900013964,43.88,Mala,53.7,Aceptable,interpolacion_delaunay,0,728,55,70,19
2026-09-30T16:47:36.616907+00:00,1903900014125,42.29,Mala,53.22,Aceptable,interpolacion_delaunay,0,1881,174,361,63
2026-09-30T16:47:36.616907+00:00,190390001452A,56.26,Mala,66.75,Mala,interpolacion_delaunay,0,2471,240,363,186
2026-09-30T16:47:36.616907+00:00,190390001413A,42.49,Mala,53.53,Aceptable,interpolacion_delaunay,0,2082,180,339,126
2026-09-30T16:47:36.616907+00:00,1903900010461,42.4,Mala,53.5,Aceptable,promedio_sensores,1,3422,173,1112,139
2026-09-30T16:47:36.616907+00:00,1903900014534,48.42,Mala,58.4,Aceptable,interpolacion_delaunay,0,1267,111,229,29
2026-09-30T16:47:36.616907+00:00,1903900013767,14.19,Bueno,17.02,Bueno,interpolacion_delaunay,0,2308,117,605,127
2026-09-30T16:47:36.616907+00:00,1903900012345,4.54,Bueno,4.67,Bueno,interpolacion_delaunay,0,2632,98,737,80
2026-09-30T16:47:36.616907+00:00,1903900012364,0.1,Bueno,0.1,Bueno,promedio_sensores,1,2327,116,787,61
2026-09-30T16:47:36.616907+00:00,1903900011629,43.0,Mala,53.2,Aceptable,promedio_sensores,1,2881,196,402,58
2026-09-30T16:47:36.616907+00:00,1903900013396,72.15,Mala,83.3,Mala,interpolacion_delaunay,0,4014,389,664,275
2026-09-30T16:47:36.616907+00:00,1903900010245,55.15,Mala,62.72,Mala,interpolacion_delaunay,0,2709,131,764,208
2026-09-30T16:47:36.616907+00:00,1903900015284,34.17,Mala,40.64,Bueno,interpolacion_delaunay,0,513,29,60,13
2026-09-30T16:47:36.616907+00:00,1903900010118,69.11,Mala,80.22,Mala,interpolacion_delaunay,0,4580,383,955,302
2026-09-30T16:47:36.616907+00:00,1903900010052,76.35,Mala,87.68,Mala,interpolacion_delaunay,0,3869,304,717,323
2026-09-30T16:47:36.616907+00:00,1903900015123,79.55,Muy alta,90.81,Mala,interpolacion_delaunay,0,68,3,4,3
2026-09-30T16:47:36.616907+00:00,1903900014036,74.34,Mala,85.44,Mala,interpolacion_delaunay,0,4679,569,514,263
2026-09-30T16:47:36.616907+00:00,1903900010508,42.08,Mala,52.55,Aceptable,interpolacion_delaunay,0,3451,202,579,150
2026-09-30T16:47:36.616907+00:00,1903900010527,41.67,Mala,52.04,Aceptable,interpolacion_delaunay,0,1779,95,454,127
2026-09-30T16:47:36.616907+00:00,1903900013729,12.48,Bueno,14.02,Bueno,interpolacion_delaunay,0,3410,392,357,136
2026-09-30T16:47:36.616907+00:00,190390001370A,14.4,Bueno,15.83,Bueno,interpolacion_delaunay,0,4006,357,563,228
2026-09-30T16:47:36.616907+00:00,1904600010362,37.73,Mala,46.47,Aceptable,interpolacion_delaunay,0,5505,271,1291,301
2026-09-30T16:47:36.616907+00:00,1904600011483,69.8,Mala,77.67,Mala,interpolacion_delaunay,0,2026,111,597,94
2026-09-30T16:47:36.616907+00:00,1904600011638,37.04,Mala,45.57,Aceptable,interpolacion_delaunay,0,4053,248,498,114
2026-09-30T16:47:36.616907+00:00,1904600010998,35.49,Mala,42.97,Bueno,interpolacion_delaunay,0,5855,449,1099,257
2026-09-30T16:47:36.616907+00:00,1904600011676,39.13,Mala,48.1,Aceptable,interpolacion_delaunay,0,362,30,69,27
2026-09-30T16:47:36.616907+00:00,1904600010216,40.7,Mala,50.2,Aceptable,promedio_sensores,1,2042,50,546,50
2026-09-30T16:47:36.616907+00:00,1904600010536,36.81,Mala,44.56,Bueno,interpolacion_delaunay,0,4997,504,603,104
2026-09-30T16:47:36.616907+00:00,1904600011708,38.2,Mala,46.98,Aceptable,interpolacion_delaunay,0,1763,89,284,44
2026-09-30T16:47:36.616907+00:00,190460001070A,39.28,Mala,48.33,Aceptable,interpolacion_delaunay,0,1273,69,137,48
2026-09-30T16:47:36.616907+00:00,1904600011375,37.31,Mala,45.92,Aceptable,interpolacion_delaunay,0,5964,475,946,326
2026-09-30T16:47:36.616907+00:00,1904600011286,37.88,Mala,46.69,Aceptable,interpolacion_delaunay,0,2603,117,839,196
2026-09-30T16:47:36.616907+00:00,1904600011623,36.8,Mala,45.16,Aceptable,interpolacion_delaunay,0,4225,248,423,136
2026-09-30T16:47:36.616907+00:00,1904600010786,37.46,Mala,46.0,Aceptable,interpolacion_delaunay,0,4690,309,1009,269
2026-09-30T16:47:36.616907+00:00,190460001024A,36.96,Mala,45.14,Aceptable,interpolacion_delaunay,0,2748,75,850,176
2026-09-30T16:47:36.616907+00:00,1904600010875,34.04,Mala,40.74,Bueno,interpolacion_delaunay,0,3785,202,993,129
2026-09-30T16:47:36.616907+00:00,1904600010324,36.99,Mala,45.37,Aceptable,interpolacion_delaunay,0,2214,97,651,92
2026-09-30T16:47:36.616907+00:00,1904600011233,35.99,Mala,44.0,Bueno,interpolacion_delaunay,0,3010,241,577,204
2026-09-30T16:47:36.616907+00:00,1904600010131,37.9,Mala,47.05,Aceptable,interpolacion_delaunay,0,4113,160,1393,177
2026-09-30T16:47:36.616907+00:00,1904600010184,38.16,Mala,47.1,Aceptable,interpolacion_delaunay,0,3438,93,1132,126
2026-09-30T16:47:36.616907+00:00,1904600010235,37.84,Mala,46.34,Aceptable,interpolacion_delaunay,0,2765,104,711,111
2026-09-30T16:47:36.616907+00:00,1904600010466,39.51,Mala,49.5,Aceptable,interpolacion_delaunay,0,2212,113,500,58
2026-09-30T16:47:36.616907+00:00,190460001049A,39.97,Mala,49.69,Aceptable,interpolacion_delaunay,0,2827,123,674,44
2026-09-30T16:47:36.616907+00:00,1904600011407,36.21,Mala,43.65,Bueno,interpolacion_delaunay,0,3464,317,610,173
2026-09-30T16:47:36.616907+00:00,1904600011642,36.06,Mala,44.02,Bueno,interpolacion_delaunay,0,2601,116,623,113
2026-09-30T16:47:36.616907+00:00,1904600011731,37.19,Mala,43.91,Bueno,interpolacion_delaunay,0,3017,207,561,120
2026-09-30T16:47:36.616907+00:00,1904600010108,34.49,Mala,42.33,Bueno,interpolacion_delaunay,0,2483,125,582,112
2026-09-30T16:47:36.616907+00:00,1904600010127,34.1,Mala,41.02,Bueno,interpolacion_delaunay,0,4270,186,1281,297
2026-09-30T16:47:36.616907+00:00,1904600010292,39.27,Mala,48.27,Aceptable,interpolacion_delaunay,0,0,0,0,0
2026-09-30T16:47:36.616907+00:00,1904600010714,35.89,Mala,43.9,Bueno,interpolacion_delaunay,0,3666,266,947,309
2026-09-30T16:47:36.616907+00:00,1904600010860,35.29,Mala,42.32,Bueno,interpolacion_delaunay,0,3290,227,721,158
2026-09-30T16:47:36.616907+00:00,1904600011002,36.35,Mala,44.09,Bueno,interpolacion_delaunay,0,3262,289,695,194
2026-09-30T16:47:36.616907+00:00,190460001120A,35.49,Mala,43.29,Bueno,interpolacion_delaunay,0,3141,265,631,179
2026-09-30T16:47:36.616907+00:00,1904600011341,37.4,Mala,45.61,Aceptable,interpolacion_delaunay,0,3608,289,555,127
2026-09-30T16:47:36.616907+00:00,1904600011426,34.99,Mala,42.3,Bueno,interpolacion_delaunay,0,3335,302,691,164
2026-09-30T16:47:36.616907+00:00,190460001177A,45.26,Mala,55.54,Aceptable,interpolacion_delaunay,0,2611,224,320,95
2026-09-30T16:47:36.616907+00:00,1904600010042,45.95,Mala,54.39,Aceptable,interpolacion_delaunay,0,1646,90,422,69
2026-09-30T16:47:36.616907+00:00,1904600010057,44.07,Mala,52.16,Aceptable,interpolacion_delaunay,0,1216,61,388,100
2026-09-30T16:47:36.616907+00:00,1904600010076,34.31,Mala,41.17,Bueno,interpolacion_delaunay,0,3762,199,1053,215
2026-09-30T16:47:36.616907+00:00,1904600010095,38.03,Mala,46.01,Aceptable,interpolacion_delaunay,0,1199,53,337,85
2026-09-30T16:47:36.616907+00:00,1904600010146,35.2,Mala,43.14,Bueno,interpolacion_delaunay,0,2987,160,749,104
2026-09-30T16:47:36.616907+00:00,190460001017A,33.85,Mala,40.77,Bueno,interpolacion_delaunay,0,4101,180,1201,211
2026-09-30T16:47:36.616907+00:00,1904600010201,34.28,Mala,41.55,Bueno,interpolacion_delaunay,0,3988,173,1242,253
2026-09-30T16:47:36.616907+00:00,1904600010220,40.14,Mala,49.45,Aceptable,interpolacion_delaunay,0,1869,61,495,59
2026-09-30T16:47:36.616907+00:00,190460001031A,36.74,Mala,45.03,Aceptable,interpolacion_delaunay,0,2149,134,353,62
2026-09-30T16:47:36.616907+00:00,1904600010343,36.64,Mala,44.95,Bueno,interpolacion_delaunay,0,5532,394,1335,345
2026-09-30T16:47:36.616907+00:00,1904600010381,38.22,Mala,47.15,Aceptable,interpolacion_delaunay,0,3251,164,847,172
2026-09-30T16:47:36.616907+00:00,1904600010413,39.03,Mala,49.34,Aceptable,interpolacion_delaunay,0,4002,238,499,120
2026-09-30T16:47:36.616907+00:00,1904600010485,44.79,Mala,54.64,Aceptable,interpolacion_delaunay,0,3150,144,1004,109
2026-09-30T16:47:36.616907+00:00,1904600010540,34.29,Mala,41.42,Bueno,interpolacion_delaunay,0,4952,283,1289,225
2026-09-30T16:47:36.616907+00:00,1904600010555,37.53,Mala,45.67,Aceptable,interpolacion_delaunay,0,0,0,0,0
2026-09-30T16:47:36.616907+00:00,1904600010593,34.75,Mala,42.17,Bueno,interpolacion_delaunay,0,5785,417,488,81
2026-09-30T16:47:36.616907+00:00,1904600010610,39.16,Mala,48.07,Aceptable,interpolacion_delaunay,0,4819,442,219,35
2026-09-30T16:47:36.616907+00:00,1904600010625,36.17,Mala,43.98,Bueno,interpolacion_delaunay,0,684,56,110,22
2026-09-30T16:47:36.616907+00:00,1904600010659,34.91,Mala,42.48,Bueno,interpolacion_delaunay,0,0,0,0,0
2026-09-30T16:47:36.616907+00:00,1904600010729,35.9,Mala,43.93,Bueno,interpolacion_delaunay,0,0,0,0,0
2026-09-30T16:47:36.616907+00:00,1904600010752,36.99,Mala,45.46,Aceptable,interpolacion_delaunay,0,2043,121,429,51
2026-09-30T16:47:36.616907+00:00,1904600010790,38.07,Mala,46.73,Aceptable,interpolacion_delaunay,0,0,0,0,0
2026-09-30T16:47:36.616907+00:00,1904600010822,35.69,Mala,42.84,Bueno,interpolacion_delaunay,0,1808,142,329,116
2026-09-30T16:47:36.616907+00:00,1904600010841,34.98,Mala,41.88,Bueno,interpolacion_delaunay,0,2675,196,623,119
2026-09-30T16:47:36.616907+00:00,1904600010856,34.64,Mala,41.47,Bueno,interpolacion_delaunay,0,5049,305,900,195
2026-09-30T16:47:36.616907+00:00,190460001088A,73.28,Mala,80.23,Mala,interpolacion_delaunay,0,4232,220,1219,162
2026-09-30T16:47:36.616907+00:00,1904600010894,62.99,Mala,69.99,Mala,interpolacion_delaunay,0,2806,182,550,130
2026-09-30T16:47:36.616907+00:00,1904600010907,34.95,Mala,42.0,Bueno,interpolacion_delaunay,0,3550,247,722,168
2026-09-30T16:47:36.616907+00:00,1904600010930,37.27,Mala,46.59,Aceptable,interpolacion_delaunay,0,3021,143,721,82
2026-09-30T16:47:36.616907+00:00,1904600010945,36.72,Mala,45.59,Aceptable,interpolacion_delaunay,0,3597,162,944,129
2026-09-30T16:47:36.616907+00:00,190460001095A,35.41,Mala,42.75,Bueno,interpolacion_delaunay,0,3265,234,654,254
2026-09-30T16:47:36.616907+00:00,1904600010979,33.36,Mala,40.22,Bueno,interpolacion_delaunay,0,2747,114,869,151
2026-09-30T16:47:36.616907+00:00,1904600011017,35.74,Mala,43.36,Bueno,interpolacion_delaunay,0,4599,402,752,199
2026-09-30T16:47:36.616907+00:00,1904600011021,33.57,Mala,40.57,Bueno,interpolacion_delaunay,0,4072,223,1090,178
2026-09-30T16:47:36.616907+00:00,1904600011040,34.08,Mala,41.31,Bueno,interpolacion_delaunay,0,3276,150,902,88
2026-09-30T16:47:36.616907+00:00,1904600011055,34.23,Mala,41.55,Bueno,interpolacion_delaunay,0,7096,477,1425,285
2026-09-30T16:47:36.616907+00:00,190460001106A,35.69,Mala,43.42,Bueno,interpolacion_delaunay,0,1152,61,261,64
2026-09-30T16:47:36.616907+00:00,1904600011074,34.69,Mala,42.17,Bueno,interpolacion_delaunay,0,4901,241,744,96
2026-09-30T16:47:36.616907+00:00,1904600011089,34.69,Mala,42.19,Bueno,interpolacion_delaunay,0,3306,318,659,199
2026-09-30T16:47:36.616907+00:00,1904600011093,36.65,Mala,44.75,Bueno,interpolacion_delaunay,0,3302,217,861,180
2026-09-30T16:47:36.616907+00:00,1904600011106,37.94,Mala,46.4,Aceptable,interpolacion_delaunay,0,3881,243,712,89
2026-09-30T16:47:36.616907+00:00,1904600011110,39.44,Mala,48.56,Aceptable,interpolacion_delaunay,0,3018,178,738,133
2026-09-30T16:47:36.616907+00:00,1904600011125,35.03,Mala,42.64,Bueno,interpolacion_delaunay,0,3318,323,549,240
2026-09-30T16:47:36.616907+00:00,190460001113A,35.25,Mala,42.96,Bueno,interpolacion_delaunay,0,3513,294,662,255
2026-09-30T16:47:36.616907+00:00,1904600011144,35.48,Mala,43.3,Bueno,interpolacion_delaunay,0,3223,294,460,148
2026-09-30T16:47:36.616907+00:00,1904600011159,35.75,Mala,43.71,Bueno,interpolacion_delaunay,0,4682,317,917,254
2026-09-30T16:47:36.616907+00:00,1904600011163,36.11,Mala,44.17,Bueno,interpolacion_delaunay,0,4463,291,849,173
2026-09-30T16:47:36.616907+00:00,1904600011178,36.89,Mala,45.15,Aceptable,interpolacion_delaunay,0,2288,137,771,142
2026-09-30T16:47:36.616907+00:00,1904600011182,36.49,Mala,44.63,Bueno,interpolacion_delaunay,0,2567,158,877,192
2026-09-30T16:47:36.616907+00:00,1904600011197,36.53,Mala,44.75,Bueno,interpolacion_delaunay,0,2285,129,707,149
2026-09-30T16:47:36.616907+00:00,1904600011214,35.77,Mala,43.68,Bueno,interpolacion_delaunay,0,2395,153,608,159
2026-09-30T16:47:36.616907+00:00,1904600011229,36.26,Mala,44.37,Bueno,interpolacion_delaunay,0,3808,341,729,252
2026-09-30T16:47:36.616907+00:00,1904600011248,36.0,Mala,44.04,Bueno,interpolacion_delaunay,0,3448,233,731,165
2026-09-30T16:47:36.616907+00:00,1904600011252,37.07,Mala,45.53,Aceptable,interpolacion_delaunay,0,3638,249,902,255
2026-09-30T16:47:36.616907+00:00,1904600011271,37.68,Mala,46.42,Aceptable,interpolacion_delaunay,0,3393,200,1049,183
2026-09-30T16:47:36.616907+00:00,1904600011290,34.61,Mala,41.69,Bueno,interpolacion_delaunay,0,3613,204,959,164
2026-09-30T16:47:36.616907+00:00,1904600011303,35.08,Mala,42.3,Bueno,interpolacion_delaunay,0,4255,296,730,120
2026-09-30T16:47:36.616907+00:00,1904600011318,32.8,Aceptable,39.5,Bueno,promedio_sensores,1,2617,117,712,78
2026-09-30T16:47:36.616907+00:00,1904600011322,33.01,Mala,39.77,Bueno,interpolacion_delaunay,0,3209,131,1071,177
2026-09-30T16:47:36.616907+00:00,1904600011356,36.06,Mala,43.96,Bueno,interpolacion_delaunay,0,5344,302,754,186
2026-09-30T16:47:36.616907+00:00,190460001138A,38.99,Mala,45.72,Aceptable,interpolacion_delaunay,0,2330,116,772,143
2026-09-30T16:47:36.616907+00:00,1904600011394,46.93,Mala,53.7,Aceptable,interpolacion_delaunay,0,2495,152,536,127
2026-09-30T16:47:36.616907+00:00,1904600011430,34.57,Mala,41.84,Bueno,interpolacion_delaunay,0,4835,297,977,195
2026-09-30T16:47:36.616907+00:00,1904600011445,36.89,Mala,45.34,Aceptable,interpolacion_delaunay,0,2396,140,277,35
2026-09-30T16:47:36.616907+00:00,190460001145A,37.22,Mala,45.8,Aceptable,interpolacion_delaunay,0,4010,242,623,75
2026-09-30T16:47:36.616907+00:00,1904600011464,36.87,Mala,46.36,Aceptable,interpolacion_delaunay,0,3269,192,527,50
2026-09-30T16:47:36.616907+00:00,1904600011479,50.42,Mala,59.29,Aceptable,interpolacion_delaunay,0,2267,102,540,81
2026-09-30T16:47:36.616907+00:00,1904600011500,35.5,Mala,42.69,Bueno,interpolacion_delaunay,0,4575,375,784,254
2026-09-30T16:47:36.616907+00:00,1904600011515,35.41,Mala,42.64,Bueno,interpolacion_delaunay,0,1791,111,314,102
2026-09-30T16:47:36.616907+00:00,190460001152A,35.79,Mala,43.22,Bueno,interpolacion_delaunay,0,3396,254,719,167
2026-09-30T16:47:36.616907+00:00,1904600011534,36.11,Mala,43.68,Bueno,interpolacion_delaunay,0,5740,487,560,132
2026-09-30T16:47:36.616907+00:00,1904600011549,33.77,Mala,40.82,Bueno,interpolacion_delaunay,0,4515,263,831,205
2026-09-30T16:47:36.616907+00:00,1904600011568,36.65,Mala,44.62,Bueno,interpolacion_delaunay,0,4996,283,463,138
2026-09-30T16:47:36.616907+00:00,1904600011572,36.97,Mala,45.07,Aceptable,interpolacion_delaunay,0,4541,345,482,121
2026-09-30T16:47:36.616907+00:00,1904600011587,38.9,Mala,47.7,Aceptable,interpolacion_delaunay,0,2786,153,244,33
2026-09-30T16:47:36.616907+00:00,1904600011591,38.91,Mala,47.72,Aceptable,interpolacion_delaunay,0,3387,245,335,48
2026-09-30T16:47:36.616907+00:00,1904600011604,36.51,Mala,44.78,Bueno,interpolacion_delaunay,0,3298,256,771,245
2026-09-30T16:47:36.616907+00:00,1904600011619,37.22,Mala,45.76,Aceptable,interpolacion_delaunay,0,3765,260,958,269
2026-09-30T16:47:36.616907+00:00,1904600011657,35.75,Mala,43.5,Bueno,interpolacion_delaunay,0,3567,176,481,50
2026-09-30T16:47:36.616907+00:00,1904600011661,37.1,Mala,45.36,Aceptable,interpolacion_delaunay,0,282,11,66,6
2026-09-30T16:47:36.616907+00:00,1904600011727,65.85,Mala,72.7,Mala,interpolacion_delaunay,0,3412,179,655,144
2026-09-30T16:47:36.616907+00:00,1904600011746,33.77,Mala,40.87,Bueno,interpolacion_delaunay,0,3218,196,815,117
2026-09-30T16:47:36.616907+00:00,1904600011750,34.17,Mala,41.42,Bueno,interpolacion_delaunay,0,4162,197,210,54
2026-09-30T16:47:36.616907+00:00,1904600011765,52.79,Mala,63.41,Mala,interpolacion_delaunay,0,3860,405,397,208
2026-09-30T16:47:36.616907+00:00,1904600010663,35.28,Mala,43.0,Bueno,interpolacion_delaunay,0,198,8,27,0
2026-09-30T16:47:36.616907+00:00,1904600010926,35.96,Mala,43.26,Bueno,interpolacion_delaunay,0,5007,437,867,291
2026-09-30T16:47:36.616907+00:00,1904600010339,37.28,Mala,45.79,Aceptable,interpolacion_delaunay,0,1314,68,335,78
2026-09-30T16:47:36.616907+00:00,1904600011267,37.52,Mala,46.14,Aceptable,interpolacion_delaunay,0,3908,248,1102,331
2026-09-30T16:47:36.616907+00:00,1904600011712,39.96,Mala,49.42,Aceptable,interpolacion_delaunay,0,3272,182,300,58
2026-09-30T16:47:36.616907+00:00,1904600010447,43.98,Mala,50.72,Aceptable,interpolacion_delaunay,0,4132,230,437,113
2026-09-30T16:47:36.616907+00:00,1904600011498,84.23,Muy alta,91.34,Mala,interpolacion_delaunay,0,3212,141,667,65
2026-09-30T16:47:36.616907+00:00,1904600010682,37.37,Mala,45.71,Aceptable,interpolacion_delaunay,0,6498,485,714,113
2026-09-30T16:47:36.616907+00:00,1903100450393,28.49,Aceptable,33.15,Bueno,interpolacion_delaunay,0,4470,331,183,115
2026-09-30T16:47:36.616907+00:00,1903100451090,33.87,Mala,41.82,Bueno,interpolacion_delaunay,0,3117,391,133,67
2026-09-30T16:47:36.616907+00:00,1903100010340,37.67,Mala,49.99,Aceptable,interpolacion_delaunay,0,3444,349,252,192
2026-09-30T16:47:36.616907+00:00,1903100450641,31.58,Aceptable,35.63,Bueno,interpolacion_delaunay,0,1572,92,57,77
2026-09-30T16:47:36.616907+00:00,1903100451086,33.47,Mala,40.22,Bueno,interpolacion_delaunay,0,3582,470,173,24
2026-09-30T16:47:36.616907+00:00,190310311171A,34.37,Mala,44.36,Bueno,interpolacion_delaunay,0,1226,184,39,41
2026-09-30T16:47:36.616907+00:00,1903100450088,28.87,Aceptable,32.67,Bueno,interpolacion_delaunay,0,106,4,27,5
2026-09-30T16:47:36.616907+00:00,1903100450321,30.99,Aceptable,35.16,Bueno,interpolacion_delaunay,0,781,65,43,66
2026-09-30T16:47:36.616907+00:00,1903100450656,26.82,Aceptable,32.0,Bueno,interpolacion_delaunay,0,6656,512,216,203
2026-09-30T16:47:36.616907+00:00,1903100451461,24.15,Aceptable,28.98,Bueno,interpolacion_delaunay,0,215,36,0,4
2026-09-30T16:47:36.616907+00:00,1903100451391,24.56,Aceptable,29.81,Bueno,interpolacion_delaunay,0,400,41,11,20
2026-09-30T16:47:36.616907+00:00,190310001068A,37.1,Mala,49.9,Aceptable,promedio_sensores,1,5585,402,158,107
2026-09-30T16:47:36.616907+00:00,1903100010872,36.01,Mala,47.0,Aceptable,interpolacion_delaunay,0,2902,333,115,45
2026-09-30T16:47:36.616907+00:00,1903100450266,26.04,Aceptable,30.3,Bueno,interpolacion_delaunay,0,3518,300,297,140
2026-09-30T16:47:36.616907+00:00,1903100451211,31.28,Aceptable,35.93,Bueno,interpolacion_delaunay,0,318,31,15,12
2026-09-30T16:47:36.616907+00:00,1903100450105,26.29,Aceptable,29.93,Bueno,interpolacion_delaunay,0,617,53,101,42
2026-09-30T16:47:36.616907+00:00,1903100450533,24.32,Aceptable,28.77,Bueno,interpolacion_delaunay,0,112,19,4,0
2026-09-30T16:47:36.616907+00:00,1903100450834,25.3,Aceptable,30.05,Bueno,interpolacion_delaunay,0,5335,620,158,133
2026-09-30T16:47:36.616907+00:00,1903100451122,26.52,Aceptable,32.19,Bueno,interpolacion_delaunay,0,4196,367,129,124
2026-09-30T16:47:36.616907+00:00,1903100451118,24.41,Aceptable,29.42,Bueno,interpolacion_delaunay,0,1143,149,65,58
2026-09-30T16:47:36.616907+00:00,1903100450092,28.92,Aceptable,32.83,Bueno,interpolacion_delaunay,0,5801,601,614,240
2026-09-30T16:47:36.616907+00:00,190310001036A,37.12,Mala,48.48,Aceptable,interpolacion_delaunay,0,2196,166,139,77
2026-09-30T16:47:36.616907+00:00,1903100011264,35.97,Mala,47.31,Aceptable,interpolacion_delaunay,0,166,15,10,4
2026-09-30T16:47:36.616907+00:00,1903100011692,35.21,Mala,44.03,Bueno,interpolacion_delaunay,0,1994,254,42,57
2026-09-30T16:47:36.616907+00:00,1903100450675,27.64,Aceptable,32.57,Bueno,interpolacion_delaunay,0,2985,254,121,65
2026-09-30T16:47:36.616907+00:00,1903100450815,32.73,Aceptable,38.0,Bueno,interpolacion_delaunay,0,5183,452,347,124
2026-09-30T16:47:36.616907+00:00,1903100450887,30.02,Aceptable,34.69,Bueno,interpolacion_delaunay,0,626,73,50,23
2026-09-30T16:47:36.616907+00:00,1903100450891,30.66,Aceptable,35.89,Bueno,interpolacion_delaunay,0,3371,329,210,148
2026-09-30T16:47:36.616907+00:00,1903100450904,30.05,Aceptable,35.49,Bueno,interpolacion_delaunay,0,2284,216,156,77
2026-09-30T16:47:36.616907+00:00,1903100451438,32.1,Aceptable,36.1,Bueno,promedio_sensores,1,489,62,15,5
2026-09-30T16:47:36.616907+00:00,1903100451442,30.06,Aceptable,35.87,Bueno,interpolacion_delaunay,0,530,59,19,6
2026-09-30T16:47:36.616907+00:00,1903100451828,31.62,Aceptable,37.35,Bueno,interpolacion_delaunay,0,1268,201,24,22
2026-09-30T16:47:36.616907+00:00,1903103131616,28.53,Aceptable,35.31,Bueno,interpolacion_delaunay,0,3396,460,75,104
2026-09-30T16:47:36.616907+00:00,1903100451103,29.21,Aceptable,34.87,Bueno,interpolacion_delaunay,0,1939,184,111,81
2026-09-30T16:47:36.616907+00:00,1903103131601,29.11,Aceptable,35.74,Bueno,interpolacion_delaunay,0,3536,417,97,62
2026-09-30T16:47:36.616907+00:00,1903100451226,27.74,Aceptable,33.46,Bueno,interpolacion_delaunay,0,2587,267,90,42
2026-09-30T16:47:36.616907+00:00,1903103111512,31.6,Aceptable,38.25,Bueno,interpolacion_delaunay,0,2486,240,126,82
2026-09-30T16:47:36.616907+00:00,1903100451635,23.46,Aceptable,28.58,Bueno,interpolacion_delaunay,0,3621,518,70,103
2026-09-30T16:47:36.616907+00:00,1903103131300,30.2,Aceptable,37.5,Bueno,promedio_sensores,1,4074,495,120,80
2026-09-30T16:47:36.616907+00:00,1903103111508,33.83,Mala,43.79,Bueno,interpolacion_delaunay,0,3724,412,113,64
2026-09-30T16:47:36.616907+00:00,1903100451387,25.08,Aceptable,30.12,Bueno,interpolacion_delaunay,0,1540,218,34,55
2026-09-30T16:47:36.616907+00:00,1903100452101,22.22,Aceptable,27.12,Bueno,interpolacion_delaunay,0,1249,214,20,18
2026-09-30T16:47:36.616907+00:00,1903100451283,24.33,Aceptable,29.92,Bueno,interpolacion_delaunay,0,3230,373,88,78
2026-09-30T16:47:36.616907+00:00,1903103111527,32.6,Aceptable,40.76,Bueno,interpolacion_delaunay,0,1682,145,143,89
2026-09-30T16:47:36.616907+00:00,1903100452402,22.97,Aceptable,28.37,Bueno,interpolacion_delaunay,0,0,0,0,0
2026-09-30T21:21:09.272978+00:00,1900601740121,45.8,Mala,57.3,Aceptable,promedio_sensores,1,2694,310,73,36
2026-09-30T21:21:09.272978+00:00,1900601740155,45.75,Mala,57.38,Aceptable,interpolacion_delaunay,0,1820,285,54,16
2026-09-30T21:21:09.272978+00:00,1900600781948,47.15,Mala,63.27,Mala,interpolacion_delaunay,0,1170,93,69,32
2026-09-30T21:21:09.272978+00:00,1900600012236,45.89,Mala,57.85,Aceptable,interpolacion_delaunay,0,264,28,6,0
2026-09-30T21:21:09.272978+00:00,1900600010225,47.54,Mala,60.4,Mala,interpolacion_delaunay,0,1,0,0,0
2026-09-30T21:21:09.272978+00:00,1900600010206,48.36,Mala,62.0,Mala,interpolacion_delaunay,0,6646,747,526,177
2026-09-30T21:21:09.272978+00:00,1900600010210,47.79,Mala,60.84,Mala,interpolacion_delaunay,0,0,0,0,0
2026-09-30T21:21:09.272978+00:00,1900600010244,47.44,Mala,60.43,Mala,interpolacion_delaunay,0,90,3,14,3
2026-09-30T21:21:09.272978+00:00,1900600010259,47.82,Mala,61.12,Mala,interpolacion_delaunay,0,3329,268,159,53
2026-09-30T21:21:09.272978+00:00,1900600010278,47.27,Mala,60.13,Mala,interpolacion_delaunay,0,486,52,18,8
2026-09-30T21:21:09.272978+00:00,1900600010297,46.63,Mala,58.88,Aceptable,interpolacion_delaunay,0,5850,524,288,225
2026-09-30T21:21:09.272978+00:00,1900600010475,47.08,Mala,59.77,Aceptable,interpolacion_delaunay,0,4729,407,844,249
2026-09-30T21:21:09.272978+00:00,190060001030A,46.51,Mala,58.65,Aceptable,interpolacion_delaunay,0,4134,431,170,127
2026-09-30T21:21:09.272978+00:00,1900600010348,46.34,Mala,58.68,Aceptable,interpolacion_delaunay,0,7877,871,609,196
2026-09-30T21:21:09.272978+00:00,1900600010460,47.14,Mala,59.91,Aceptable,interpolacion_delaunay,0,4909,343,1088,217
2026-09-30T21:21:09.272978+00:00,1900600010352,46.07,Mala,58.21,Aceptable,interpolacion_delaunay,0,1017,63,153,80
2026-09-30T21:21:09.272978+00:00,1900600010367,46.11,Mala,58.32,Aceptable,interpolacion_delaunay,0,469,45,60,46
2026-09-30T21:21:09.272978+00:00,1900600010403,49.41,Mala,63.71,Mala,interpolacion_delaunay,0,4726,352,972,196
2026-09-30T21:21:09.272978+00:00,190060001055A,49.14,Mala,63.22,Mala,interpolacion_delaunay,0,4579,363,547,197
2026-09-30T21:21:09.272978+00:00,1900600010583,47.46,Mala,60.35,Mala,interpolacion_delaunay,0,4964,382,425,153
2026-09-30T21:21:09.272978+00:00,1900600010598,47.22,Mala,59.87,Aceptable,interpolacion_delaunay,0,5332,416,338,212
2026-09-30T21:21:09.272978+00:00,1900600010723,45.93,Mala,59.53,Aceptable,interpolacion_delaunay,0,5109,353,1039,281
2026-09-30T21:21:09.272978+00:00,1900600010780,46.57,Mala,58.89,Aceptable,interpolacion_delaunay,0,3755,348,382,222
2026-09-30T21:21:09.272978+00:00,1900600010795,46.47,Mala,58.77,Aceptable,interpolacion_delaunay,0,5270,506,424,204
2026-09-30T21:21:09.272978+00:00,1900600010808,46.39,Mala,58.69,Aceptable,interpolacion_delaunay,0,3443,304,372,102
2026-09-30T21:21:09.272978+00:00,1900600010920,49.7,Mala,64.2,Mala,promedio_sensores,1,5729,316,496,128
2026-09-30T21:21:09.272978+00:00,1900600011011,47.96,Mala,61.29,Mala,interpolacion_delaunay,0,0,0,0,0
2026-09-30T21:21:09.272978+00:00,1900600011026,47.71,Mala,60.84,Mala,interpolacion_delaunay,0,0,0,0,0
2026-09-30T21:21:09.272978+00:00,1900600011064,49.28,Mala,63.52,Mala,interpolacion_delaunay,0,4513,371,370,162
2026-09-30T21:21:09.272978+00:00,1900600011098,62.13,Mala,74.47,Mala,interpolacion_delaunay,0,5772,542,419,165
2026-09-30T21:21:09.272978+00:00,1900600011149,45.9,Mala,57.92,Aceptable,interpolacion_delaunay,0,1140,100,87,38
2026-09-30T21:21:09.272978+00:00,1900600011350,49.15,Mala,63.3,Mala,interpolacion_delaunay,0,3323,233,353,93
2026-09-30T21:21:09.272978+00:00,1900600011365,48.96,Mala,62.99,Mala,interpolacion_delaunay,0,3259,285,225,87
2026-09-30T21:21:09.272978+00:00,190060001137A,46.86,Mala,60.63,Mala,interpolacion_delaunay,0,2748,223,522,132
2026-09-30T21:21:09.272978+00:00,1900600011632,46.4,Mala,58.39,Aceptable,interpolacion_delaunay,0,5931,475,161,144
2026-09-30T21:21:09.272978+00:00,1900600011384,47.41,Mala,61.23,Mala,interpolacion_delaunay,0,3359,263,352,73
2026-09-30T21:21:09.272978+00:00,1900600011399,48.74,Mala,62.62,Mala,interpolacion_delaunay,0,2371,274,284,91
2026-09-30T21:21:09.272978+00:00,1900600011469,46.52,Mala,58.61,Aceptable,interpolacion_delaunay,0,1932,125,131,96
2026-09-30T21:21:09.272978+00:00,1900600011401,48.6,Mala,62.43,Mala,interpolacion_delaunay,0,3593,269,468,144
2026-09-30T21:21:09.272978+00:00,190060001144A,46.87,Mala,59.21,Aceptable,interpolacion_delaunay,0,6239,575,321,95
2026-09-30T21:21:09.272978+00:00,1900600011473,47.3,Mala,60.06,Mala,interpolacion_delaunay,0,2826,209,259,107
2026-09-30T21:21:09.272978+00:00,1900600011488,47.26,Mala,60.02,Mala,interpolacion_delaunay,0,2922,234,293,96
2026-09-30T21:21:09.272978+00:00,1900600011492,46.83,Mala,59.33,Aceptable,interpolacion_delaunay,0,1725,134,78,56
2026-09-30T21:21:09.272978+00:00,1900600011505,46.79,Mala,59.22,Aceptable,interpolacion_delaunay,0,2030,151,78,103
2026-09-30T21:21:09.272978+00:00,190060001151A,46.67,Mala,59.02,Aceptable,interpolacion_delaunay,0,4650,413,187,145
2026-09-30T21:21:09.272978+00:00,1900600011524,46.42,Mala,58.58,Aceptable,interpolacion_delaunay,0,3658,279,744,150
2026-09-30T21:21:09.272978+00:00,1900600011539,46.3,Mala,58.45,Aceptable,interpolacion_delaunay,0,3879,269,179,190
2026-09-30T21:21:09.272978+00:00,1900600011543,46.22,Mala,58.4,Aceptable,interpolacion_delaunay,0,3926,372,127,91
2026-09-30T21:21:09.272978+00:00,1900600011844,46.19,Mala,58.11,Aceptable,interpolacion_delaunay,0,1922,166,57,23
2026-09-30T21:21:09.272978+00:00,1900600011666,46.27,Mala,58.2,Aceptable,interpolacion_delaunay,0,2454,221,74,68
2026-09-30T21:21:09.272978+00:00,1900600011859,46.12,Mala,58.02,Aceptable,interpolacion_delaunay,0,1533,143,46,34
2026-09-30T21:21:09.272978+00:00,1900600011863,46.12,Mala,58.18,Aceptable,interpolacion_delaunay,0,1050,130,36,5
2026-09-30T21:21:09.272978+00:00,1900600011878,45.82,Mala,57.69,Aceptable,interpolacion_delaunay,0,5255,440,206,130
2026-09-30T21:21:09.272978+00:00,1900600011882,45.73,Mala,57.51,Aceptable,interpolacion_delaunay,0,5356,444,208,243
2026-09-30T21:21:09.272978+00:00,190060001190A,45.82,Mala,57.76,Aceptable,interpolacion_delaunay,0,3346,296,126,99
2026-09-30T21:21:09.272978+00:00,1900600011914,46.06,Mala,59.09,Aceptable,interpolacion_delaunay,0,5844,518,215,189
2026-09-30T21:21:09.272978+00:00,1900600011929,47.24,Mala,63.85,Mala,interpolacion_delaunay,0,5690,426,232,211
2026-09-30T21:21:09.272978+00:00,1900600012043,45.84,Mala,57.61,Aceptable,interpolacion_delaunay,0,3660,375,120,69
2026-09-30T21:21:09.272978+00:00,1900600012109,46.21,Mala,58.18,Aceptable,interpolacion_delaunay,0,1488,155,32,33
2026-09-30T21:21:09.272978+00:00,1900600012128,46.15,Mala,58.21,Aceptable,interpolacion_delaunay,0,1714,168,66,31
2026-09-30T21:21:09.272978+00:00,190060001226A,47.0,Mala,59.62,Aceptable,interpolacion_delaunay,0,4528,324,328,117
2026-09-30T21:21:09.272978+00:00,1900600012274,46.93,Mala,59.41,Aceptable,interpolacion_delaunay,0,5782,615,191,106
2026-09-30T21:21:09.272978+00:00,190060001233A,46.0,Mala,57.83,Aceptable,interpolacion_delaunay,0,2449,267,53,48
2026-09-30T21:21:09.272978+00:00,1900600012414,46.17,Mala,58.17,Aceptable,interpolacion_delaunay,0,2297,332,39,45
2026-09-30T21:21:09.272978+00:00,1900600012429,46.0,Mala,57.91,Aceptable,interpolacion_delaunay,0,3283,479,97,39
2026-09-30T21:21:09.272978+00:00,1900600012734,45.96,Mala,57.94,Aceptable,interpolacion_delaunay,0,961,146,24,13
2026-09-30T21:21:09.272978+00:00,1900600010992,48.13,Mala,61.52,Mala,interpolacion_delaunay,0,0,0,0,0
2026-09-30T21:21:09.272978+00:00,1900600012804,48.45,Mala,62.05,Mala,interpolacion_delaunay,0,705,129,13,7
2026-09-30T21:21:09.272978+00:00,1900600011897,47.35,Mala,64.21,Mala,interpolacion_delaunay,0,3063,294,202,149
2026-09-30T21:21:09.272978+00:00,1900600012202,45.96,Mala,58.46,Aceptable,interpolacion_delaunay,0,372,48,3,8
2026-09-30T21:21:09.272978+00:00,1900600012039,46.23,Mala,59.67,Aceptable,interpolacion_delaunay,0,2684,242,90,67
2026-09-30T21:21:09.272978+00:00,1900601740047,46.05,Mala,57.76,Aceptable,interpolacion_delaunay,0,1719,266,38,40
2026-09-30T21:21:09.272978+00:00,190190001005A,49.91,Mala,62.55,Mala,interpolacion_delaunay,0,2404,108,693,69
2026-09-30T21:21:09.272978+00:00,1901900010064,48.53,Mala,60.47,Mala,promedio_sensores,4,2721,181,677,58
2026-09-30T21:21:09.272978+00:00,1901900010079,50.1,Mala,62.9,Mala,promedio_sensores,1,4464,212,1159,127
2026-09-30T21:21:09.272978+00:00,1901900010083,31.6,Aceptable,39.53,Bueno,promedio_sensores,3,1374,63,441,45
2026-09-30T21:21:09.272978+00:00,1901900010098,44.1,Mala,54.5,Aceptable,promedio_sensores,1,1854,103,460,42
2026-09-30T21:21:09.272978+00:00,1901900010100,54.5,Mala,70.0,Mala,promedio_sensores,1,1944,129,547,21
2026-09-30T21:21:09.272978+00:00,1901900010149,49.1,Mala,64.2,Mala,promedio_sensores,1,1163,75,215,15
2026-09-30T21:21:09.272978+00:00,1901900010153,50.2,Mala,62.5,Mala,promedio_sensores,1,1800,134,430,81
2026-09-30T21:21:09.272978+00:00,1901900010168,55.4,Mala,71.2,Mala,promedio_sensores,1,1570,81,416,43
2026-09-30T21:21:09.272978+00:00,1901900010172,49.08,Mala,61.9,Mala,interpolacion_delaunay,0,1335,59,357,29
2026-09-30T21:21:09.272978+00:00,1901900010187,46.97,Mala,58.32,Aceptable,interpolacion_delaunay,0,4463,306,999,93
2026-09-30T21:21:09.272978+00:00,1901900010191,43.0,Mala,53.2,Aceptable,promedio_sensores,1,2824,172,637,108
2026-09-30T21:21:09.272978+00:00,1901900010204,49.09,Mala,62.44,Mala,interpolacion_delaunay,0,3926,317,736,119
2026-09-30T21:21:09.272978+00:00,1901900010223,50.58,Mala,64.87,Mala,interpolacion_delaunay,0,2979,89,503,54
2026-09-30T21:21:09.272978+00:00,1901900010238,52.2,Mala,67.4,Mala,promedio_sensores,1,1904,73,302,23
2026-09-30T21:21:09.272978+00:00,1901900010242,33.3,Mala,42.6,Bueno,promedio_sensores,3,2717,143,729,92
2026-09-30T21:21:09.272978+00:00,1901900010257,47.5,Mala,60.6,Mala,promedio_sensores,1,1307,56,361,13
2026-09-30T21:21:09.272978+00:00,1901900010261,26.65,Aceptable,34.2,Bueno,promedio_sensores,2,2240,113,567,42
2026-09-30T21:21:09.272978+00:00,1901900010280,50.95,Mala,64.97,Mala,interpolacion_delaunay,0,2690,79,360,43
2026-09-30T21:21:09.272978+00:00,1901900010350,38.7,Mala,48.56,Aceptable,interpolacion_delaunay,0,2768,148,592,68
2026-09-30T21:21:09.272978+00:00,1901900010365,57.5,Mala,66.6,Mala,promedio_sensores,1,3419,327,293,61
2026-09-30T21:21:09.272978+00:00,1901900010399,51.4,Mala,64.0,Mala,promedio_sensores,2,1162,6,68,0
2026-09-30T21:21:09.272978+00:00,1901900010401,42.6,Mala,54.9,Aceptable,promedio_sensores,1,2375,247,392,86
2026-09-30T21:21:09.272978+00:00,1901900010416,44.84,Mala,55.67,Aceptable,interpolacion_delaunay,0,700,19,105,4
2026-09-30T21:21:09.272978+00:00,1901900010420,51.8,Mala,67.2,Mala,promedio_sensores,1,1696,93,408,47
2026-09-30T21:21:09.272978+00:00,1901900010435,52.5,Mala,67.6,Mala,promedio_sensores,1,4494,346,601,54
2026-09-30T21:21:09.272978+00:00,190190001044A,35.1,Mala,44.57,Bueno,promedio_sensores,3,4383,354,439,56
2026-09-30T21:21:09.272978+00:00,1901900010454,48.65,Mala,60.45,Mala,promedio_sensores,2,557,26,114,11
2026-09-30T21:21:09.272978+00:00,1901900010469,47.9,Mala,61.9,Mala,promedio_sensores,1,3112,170,568,37
2026-09-30T21:21:09.272978+00:00,1901900010473,48.38,Mala,61.11,Mala,interpolacion_delaunay,0,983,46,182,19
2026-09-30T21:21:09.272978+00:00,1901900010488,45.25,Mala,58.0,Aceptable,promedio_sensores,2,2757,295,371,102
2026-09-30T21:21:09.272978+00:00,1901900010492,56.05,Mala,61.2,Mala,promedio_sensores,2,2848,173,697,71
2026-09-30T21:21:09.272978+00:00,1901900010505,47.18,Mala,59.15,Aceptable,interpolacion_delaunay,0,2494,111,512,19
2026-09-30T21:21:09.272978+00:00,190190001051A,49.6,Mala,64.2,Mala,promedio_sensores,1,1899,111,507,36
2026-09-30T21:21:09.272978+00:00,1901900010558,51.73,Mala,65.43,Mala,promedio_sensores,3,1349,87,230,21
2026-09-30T21:21:09.272978+00:00,1901900010613,45.82,Mala,56.84,Aceptable,interpolacion_delaunay,0,132,0,20,0
2026-09-30T21:21:09.272978+00:00,1901900010384,48.78,Mala,61.94,Mala,interpolacion_delaunay,0,1111,19,119,15
2026-09-30T21:21:09.272978+00:00,1901900010219,51.71,Mala,66.44,Mala,interpolacion_delaunay,0,1954,106,555,58
2026-09-30T21:21:09.272978+00:00,1902100011338,78.26,Mala,89.25,Mala,interpolacion_delaunay,0,2800,219,134,55
2026-09-30T21:21:09.272978+00:00,1902100011817,94.4,Muy alta,103.6,Mala,promedio_sensores,1,583,52,40,11
2026-09-30T21:21:09.272978+00:00,1902100010293,77.65,Mala,88.73,Mala,interpolacion_delaunay,0,2008,84,165,35
2026-09-30T21:21:09.272978+00:00,190210001033A,79.22,Muy alta,89.79,Mala,interpolacion_delaunay,0,4000,286,440,91
2026-09-30T21:21:09.272978+00:00,1902100011060,50.53,Mala,64.89,Mala,interpolacion_delaunay,0,3355,278,195,95
2026-09-30T21:21:09.272978+00:00,1902100010289,76.16,Mala,87.57,Mala,interpolacion_delaunay,0,1352,78,109,44
2026-09-30T21:21:09.272978+00:00,1902100010325,60.91,Mala,73.77,Mala,interpolacion_delaunay,0,1,0,0,0
2026-09-30T21:21:09.272978+00:00,1902100011412,46.0,Mala,59.7,Aceptable,promedio_sensores,1,3239,228,156,27
2026-09-30T21:21:09.272978+00:00,1902100011427,81.38,Muy alta,91.53,Mala,interpolacion_delaunay,0,4126,302,227,21
2026-09-30T21:21:09.272978+00:00,1902100011408,77.75,Mala,88.87,Mala,interpolacion_delaunay,0,6781,377,571,69
2026-09-30T21:21:09.272978+00:00,1902100011342,73.82,Mala,85.32,Mala,interpolacion_delaunay,0,4655,261,185,126
2026-09-30T21:21:09.272978+00:00,1902100010043,50.24,Mala,64.8,Mala,interpolacion_delaunay,0,4208,322,819,334
2026-09-30T21:21:09.272978+00:00,1902100010255,62.73,Mala,75.57,Mala,interpolacion_delaunay,0,6704,625,410,194
2026-09-30T21:21:09.272978+00:00,1902100010378,50.2,Mala,64.8,Mala,promedio_sensores,1,4134,262,294,72
2026-09-30T21:21:09.272978+00:00,1902100011075,50.33,Mala,64.87,Mala,interpolacion_delaunay,0,8122,855,320,248
2026-09-30T21:21:09.272978+00:00,1902600011832,46.64,Mala,59.18,Aceptable,interpolacion_delaunay,0,3764,305,386,174
2026-09-30T21:21:09.272978+00:00,1902600010035,46.58,Mala,58.99,Aceptable,interpolacion_delaunay,0,1597,156,285,106
2026-09-30T21:21:09.272978+00:00,1902600012332,42.97,Mala,56.03,Aceptable,interpolacion_delaunay,0,5634,507,898,399
2026-09-30T21:21:09.272978+00:00,1902600010020,46.91,Mala,59.57,Aceptable,interpolacion_delaunay,0,1825,174,355,160
2026-09-30T21:21:09.272978+00:00,1902600011279,46.83,Mala,59.4,Aceptable,interpolacion_delaunay,0,4324,384,731,269
2026-09-30T21:21:09.272978+00:00,1902600011283,46.7,Mala,59.16,Aceptable,interpolacion_delaunay,0,3719,341,754,207
2026-09-30T21:21:09.272978+00:00,1902600012440,47.1,Mala,59.99,Aceptable,interpolacion_delaunay,0,2604,133,153,35
2026-09-30T21:21:09.272978+00:00,1902600012667,45.91,Mala,59.29,Aceptable,interpolacion_delaunay,0,778,73,30,14
2026-09-30T21:21:09.272978+00:00,1902600012811,39.09,Mala,50.73,Aceptable,interpolacion_delaunay,0,26,4,0,0
2026-09-30T21:21:09.272978+00:00,1902600010459,47.58,Mala,61.32,Mala,interpolacion_delaunay,0,3039,123,850,229
2026-09-30T21:21:09.272978+00:00,1902600010317,47.28,Mala,60.77,Mala,interpolacion_delaunay,0,4084,275,902,321
2026-09-30T21:21:09.272978+00:00,1902600010957,46.69,Mala,59.21,Aceptable,interpolacion_delaunay,0,5841,533,1121,336
2026-09-30T21:21:09.272978+00:00,1902600011103,49.71,Mala,74.92,Mala,interpolacion_delaunay,0,950,69,80,47
2026-09-30T21:21:09.272978+00:00,1902600011457,46.7,Mala,59.76,Aceptable,interpolacion_delaunay,0,2279,129,466,94
2026-09-30T21:21:09.272978+00:00,1902600011404,41.67,Mala,51.61,Aceptable,interpolacion_delaunay,0,3115,227,702,219
2026-09-30T21:21:09.272978+00:00,1902600011508,49.01,Mala,72.05,Mala,interpolacion_delaunay,0,1978,175,250,90
2026-09-30T21:21:09.272978+00:00,1902600011828,46.96,Mala,59.68,Aceptable,interpolacion_delaunay,0,2175,178,266,60
2026-09-30T21:21:09.272978+00:00,1902600011847,46.6,Mala,59.14,Aceptable,interpolacion_delaunay,0,4488,374,407,157
2026-09-30T21:21:09.272978+00:00,1902600012402,45.15,Mala,57.63,Aceptable,interpolacion_delaunay,0,2699,234,353,170
2026-09-30T21:21:09.272978+00:00,1902600012205,46.79,Mala,65.37,Mala,interpolacion_delaunay,0,4435,432,502,204
2026-09-30T21:21:09.272978+00:00,1902600012258,47.6,Mala,66.13,Mala,interpolacion_delaunay,0,1006,77,102,40
2026-09-30T21:21:09.272978+00:00,1902600012296,45.32,Mala,57.76,Aceptable,interpolacion_delaunay,0,4398,237,919,190
2026-09-30T21:21:09.272978+00:00,1902600012455,46.84,Mala,59.55,Aceptable,interpolacion_delaunay,0,4962,328,296,118
2026-09-30T21:21:09.272978+00:00,1902600010302,47.41,Mala,61.0,Mala,interpolacion_delaunay,0,2790,166,675,209
2026-09-30T21:21:09.272978+00:00,1902600010425,46.46,Mala,59.42,Aceptable,interpolacion_delaunay,0,3687,235,843,230
2026-09-30T21:21:09.272978+00:00,1902600010533,47.18,Mala,60.66,Mala,interpolacion_delaunay,0,1681,81,395,96
2026-09-30T21:21:09.272978+00:00,1902600011813,47.05,Mala,59.85,Aceptable,interpolacion_delaunay,0,5250,447,545,129
2026-09-30T21:21:09.272978+00:00,1902600011851,46.53,Mala,59.08,Aceptable,interpolacion_delaunay,0,4115,305,359,155
2026-09-30T21:21:09.272978+00:00,1902600012436,47.23,Mala,60.16,Mala,interpolacion_delaunay,0,3242,185,145,20
2026-09-30T21:21:09.272978+00:00,1902600012686,46.91,Mala,63.16,Mala,interpolacion_delaunay,0,40,3,7,5
2026-09-30T21:21:09.272978+00:00,1902600010124,44.78,Mala,56.93,Aceptable,interpolacion_delaunay,0,2665,140,749,113
2026-09-30T21:21:09.272978+00:00,1902600012417,45.3,Mala,57.76,Aceptable,interpolacion_delaunay,0,2073,147,228,128
2026-09-30T21:21:09.272978+00:00,1902600012347,45.64,Mala,58.79,Aceptable,interpolacion_delaunay,0,4440,433,247,105
2026-09-30T21:21:09.272978+00:00,190260001239A,47.14,Mala,59.34,Aceptable,interpolacion_delaunay,0,2697,236,207,88
2026-09-30T21:21:09.272978+00:00,190260001260A,46.93,Mala,63.31,Mala,interpolacion_delaunay,0,979,82,21,36
2026-09-30T21:21:09.272978+00:00,1902600011391,46.36,Mala,59.12,Aceptable,interpolacion_delaunay,0,3747,280,1036,286
2026-09-30T21:21:09.272978+00:00,1902600010251,45.5,Mala,57.82,Aceptable,interpolacion_delaunay,0,6072,581,994,581
2026-09-30T21:21:09.272978+00:00,1902600010707,47.21,Mala,60.71,Mala,interpolacion_delaunay,0,4261,296,986,365
2026-09-30T21:21:09.272978+00:00,190260001157A,47.41,Mala,60.83,Mala,interpolacion_delaunay,0,2161,148,444,126
2026-09-30T21:21:09.272978+00:00,1902600011654,46.3,Mala,62.96,Mala,interpolacion_delaunay,0,3737,309,535,205
2026-09-30T21:21:09.272978+00:00,1902600012385,38.8,Mala,50.36,Aceptable,interpolacion_delaunay,0,108,11,8,5
2026-09-30T21:21:09.272978+00:00,1902600011495,48.59,Mala,70.43,Mala,interpolacion_delaunay,0,2675,203,421,91
2026-09-30T21:21:09.272978+00:00,1902600012525,45.88,Mala,58.87,Aceptable,interpolacion_delaunay,0,6162,464,363,124
2026-09-30T21:21:09.272978+00:00,1902600010995,46.32,Mala,58.72,Aceptable,interpolacion_delaunay,0,1016,61,224,56
2026-09-30T21:21:09.272978+00:00,1902600011866,44.65,Mala,56.79,Aceptable,interpolacion_delaunay,0,3064,167,548,67
2026-09-30T21:21:09.272978+00:00,190260001207A,40.03,Mala,49.22,Aceptable,interpolacion_delaunay,0,2199,99,452,47
2026-09-30T21:21:09.272978+00:00,1902600012120,25.33,Aceptable,28.77,Bueno,interpolacion_delaunay,0,1092,33,384,28
2026-09-30T21:21:09.272978+00:00,1902600012135,17.42,Aceptable,19.0,Bueno,interpolacion_delaunay,0,1356,47,414,29
2026-09-30T21:21:09.272978+00:00,1902600012544,45.32,Mala,61.01,Mala,interpolacion_delaunay,0,2171,187,206,83
2026-09-30T21:21:09.272978+00:00,1902600010069,45.96,Mala,58.82,Aceptable,interpolacion_delaunay,0,1920,94,579,107
2026-09-30T21:21:09.272978+00:00,1902600010073,45.81,Mala,58.58,Aceptable,interpolacion_delaunay,0,3137,159,955,77
2026-09-30T21:21:09.272978+00:00,1902600010088,45.4,Mala,57.96,Aceptable,interpolacion_delaunay,0,2870,157,722,160
2026-09-30T21:21:09.272978+00:00,1902600010158,47.1,Mala,60.46,Mala,interpolacion_delaunay,0,1517,70,502,83
2026-09-30T21:21:09.272978+00:00,190260001029A,47.6,Mala,61.33,Mala,interpolacion_delaunay,0,1809,94,461,133
2026-09-30T21:21:09.272978+00:00,1902600011885,46.05,Mala,58.98,Aceptable,interpolacion_delaunay,0,1944,100,497,103
2026-09-30T21:21:09.272978+00:00,1902600012192,47.82,Mala,66.99,Mala,interpolacion_delaunay,0,2742,217,241,94
2026-09-30T21:21:09.272978+00:00,1902600012243,37.7,Mala,49.2,Aceptable,interpolacion_delaunay,0,316,37,21,22
2026-09-30T21:21:09.272978+00:00,1902600012421,45.75,Mala,58.43,Aceptable,interpolacion_delaunay,0,2385,134,120,49
2026-09-30T21:21:09.272978+00:00,1902600012597,46.57,Mala,61.99,Mala,interpolacion_delaunay,0,3539,244,126,97
2026-09-30T21:21:09.272978+00:00,1902600011029,46.47,Mala,59.01,Aceptable,interpolacion_delaunay,0,1109,94,97,45
2026-09-30T21:21:09.272978+00:00,190260001189A,46.36,Mala,59.42,Aceptable,interpolacion_delaunay,0,2117,131,543,112
2026-09-30T21:21:09.272978+00:00,1902600012703,40.54,Mala,52.61,Aceptable,interpolacion_delaunay,0,632,49,33,14
2026-09-30T21:21:09.272978+00:00,1902600011372,46.4,Mala,59.18,Aceptable,interpolacion_delaunay,0,2451,168,520,192
2026-09-30T21:21:09.272978+00:00,1902600012366,47.28,Mala,64.73,Mala,interpolacion_delaunay,0,350,28,12,6
2026-09-30T21:21:09.272978+00:00,1902600010321,47.0,Mala,60.26,Mala,interpolacion_delaunay,0,5159,259,1483,335
2026-09-30T21:21:09.272978+00:00,1902600010336,46.88,Mala,60.04,Mala,interpolacion_delaunay,0,3112,150,945,118
2026-09-30T21:21:09.272978+00:00,1902600010340,46.7,Mala,59.72,Aceptable,interpolacion_delaunay,0,5009,289,1452,316
2026-09-30T21:21:09.272978+00:00,1902600010355,46.44,Mala,59.32,Aceptable,interpolacion_delaunay,0,2172,143,527,123
2026-09-30T21:21:09.272978+00:00,1902600010389,46.28,Mala,58.97,Aceptable,interpolacion_delaunay,0,3485,223,809,188
2026-09-30T21:21:09.272978+00:00,1902600010393,45.96,Mala,58.5,Aceptable,interpolacion_delaunay,0,4293,274,932,186
2026-09-30T21:21:09.272978+00:00,1902600010618,46.91,Mala,60.14,Mala,interpolacion_delaunay,0,3420,248,733,217
2026-09-30T21:21:09.272978+00:00,1902600010730,50.83,Mala,62.9,Mala,interpolacion_delaunay,0,4610,359,992,364
2026-09-30T21:21:09.272978+00:00,1902600011033,46.22,Mala,58.72,Aceptable,interpolacion_delaunay,0,5199,444,572,162
2026-09-30T21:21:09.272978+00:00,1902600011122,44.77,Mala,57.63,Aceptable,interpolacion_delaunay,0,6940,637,766,300
2026-09-30T21:21:09.272978+00:00,1902600011546,47.47,Mala,61.16,Mala,interpolacion_delaunay,0,3715,209,870,202
2026-09-30T21:21:09.272978+00:00,1902600011461,46.58,Mala,59.56,Aceptable,interpolacion_delaunay,0,3227,233,684,198
2026-09-30T21:21:09.272978+00:00,190260001132A,46.53,Mala,59.52,Aceptable,interpolacion_delaunay,0,2713,152,488,78
2026-09-30T21:21:09.272978+00:00,1902600011334,45.15,Mala,57.24,Aceptable,interpolacion_delaunay,0,3525,289,683,240
2026-09-30T21:21:09.272978+00:00,1902600011349,45.37,Mala,57.56,Aceptable,interpolacion_delaunay,0,2716,239,484,222
2026-09-30T21:21:09.272978+00:00,1902600011368,46.36,Mala,59.16,Aceptable,interpolacion_delaunay,0,3348,226,652,119
2026-09-30T21:21:09.272978+00:00,1902600011419,47.28,Mala,60.78,Mala,interpolacion_delaunay,0,2833,144,728,158
2026-09-30T21:21:09.272978+00:00,1902600011442,46.85,Mala,60.05,Mala,interpolacion_delaunay,0,3169,182,598,174
2026-09-30T21:21:09.272978+00:00,1902600011565,47.31,Mala,60.88,Mala,interpolacion_delaunay,0,4076,290,816,263
2026-09-30T21:21:09.272978+00:00,1902600011584,48.7,Mala,61.63,Mala,interpolacion_delaunay,0,4255,317,895,221
2026-09-30T21:21:09.272978+00:00,1902600011599,48.75,Mala,61.46,Mala,interpolacion_delaunay,0,2923,228,572,152
2026-09-30T21:21:09.272978+00:00,1902600011601,51.7,Mala,63.7,Mala,promedio_sensores,1,3474,261,775,299
2026-09-30T21:21:09.272978+00:00,1902600011688,49.45,Mala,61.76,Mala,interpolacion_delaunay,0,3727,240,688,249
2026-09-30T21:21:09.272978+00:00,190260001171A,47.76,Mala,60.66,Mala,interpolacion_delaunay,0,4383,321,770,213
2026-09-30T21:21:09.272978+00:00,1902600012008,41.24,Mala,50.87,Aceptable,interpolacion_delaunay,0,1064,52,278,35
2026-09-30T21:21:09.272978+00:00,1902600011781,42.72,Mala,55.24,Aceptable,interpolacion_delaunay,0,260,22,25,0
2026-09-30T21:21:09.272978+00:00,1902600011989,47.3,Mala,60.85,Mala,interpolacion_delaunay,0,3336,217,653,151
2026-09-30T21:21:09.272978+00:00,1902600012027,48.54,Mala,61.03,Mala,interpolacion_delaunay,0,5601,339,676,195
2026-09-30T21:21:09.272978+00:00,1902600012116,42.96,Mala,55.87,Aceptable,interpolacion_delaunay,0,2265,174,319,64
2026-09-30T21:21:09.272978+00:00,1902600012328,47.19,Mala,64.45,Mala,interpolacion_delaunay,0,2737,200,173,54
2026-09-30T21:21:09.272978+00:00,1902600012510,45.6,Mala,58.49,Aceptable,interpolacion_delaunay,0,3466,257,269,90
2026-09-30T21:21:09.272978+00:00,1902600012578,45.46,Mala,58.94,Aceptable,interpolacion_delaunay,0,2465,185,298,196
2026-09-30T21:21:09.272978+00:00,1902600012582,45.48,Mala,59.03,Aceptable,interpolacion_delaunay,0,2739,201,423,283
2026-09-30T21:21:09.272978+00:00,1902600012614,47.48,Mala,65.74,Mala,interpolacion_delaunay,0,3024,272,68,36
2026-09-30T21:21:09.272978+00:00,1902600010177,46.56,Mala,59.65,Aceptable,interpolacion_delaunay,0,1769,60,559,90
2026-09-30T21:21:09.272978+00:00,1902600010444,44.08,Mala,55.58,Aceptable,interpolacion_delaunay,0,2474,121,665,111
2026-09-30T21:21:09.272978+00:00,1902600011531,47.49,Mala,61.19,Mala,interpolacion_delaunay,0,3594,235,816,160
2026-09-30T21:21:09.272978+00:00,1902600010232,45.49,Mala,57.88,Aceptable,interpolacion_delaunay,0,2521,162,744,110
2026-09-30T21:21:09.272978+00:00,1902600010196,46.4,Mala,59.39,Aceptable,interpolacion_delaunay,0,1557,66,485,73
2026-09-30T21:21:09.272978+00:00,1902600010213,45.57,Mala,58.06,Aceptable,interpolacion_delaunay,0,2063,114,530,142
2026-09-30T21:21:09.272978+00:00,190260001011A,44.9,Mala,57.1,Aceptable,interpolacion_delaunay,0,3115,155,816,154
2026-09-30T21:21:09.272978+00:00,1902600010162,46.75,Mala,59.94,Aceptable,interpolacion_delaunay,0,1624,64,473,65
2026-09-30T21:21:09.272978+00:00,1902600010181,47.13,Mala,60.48,Mala,interpolacion_delaunay,0,1561,63,499,94
2026-09-30T21:21:09.272978+00:00,1902600010228,45.95,Mala,58.58,Aceptable,interpolacion_delaunay,0,1619,140,316,120
2026-09-30T21:21:09.272978+00:00,1902600010603,46.96,Mala,60.23,Mala,interpolacion_delaunay,0,1632,93,346,132
2026-09-30T21:21:09.272978+00:00,1902600010745,50.18,Mala,62.37,Mala,interpolacion_delaunay,0,1565,113,330,126
2026-09-30T21:21:09.272978+00:00,1902600010798,47.62,Mala,61.25,Mala,interpolacion_delaunay,0,3364,210,732,231
2026-09-30T21:21:09.272978+00:00,1902600010815,46.41,Mala,60.15,Mala,interpolacion_delaunay,0,4739,363,1000,268
2026-09-30T21:21:09.272978+00:00,1902600011438,43.22,Mala,54.12,Aceptable,interpolacion_delaunay,0,1771,89,459,85
2026-09-30T21:21:09.272978+00:00,1902600011476,47.31,Mala,60.26,Mala,interpolacion_delaunay,0,3270,215,839,209
2026-09-30T21:21:09.272978+00:00,1902600011777,47.06,Mala,60.83,Mala,interpolacion_delaunay,0,3599,312,366,80
2026-09-30T21:21:09.272978+00:00,1902600012031,47.45,Mala,60.12,Mala,interpolacion_delaunay,0,4385,273,421,152
2026-09-30T21:21:09.272978+00:00,1902600012173,41.88,Mala,52.18,Aceptable,interpolacion_delaunay,0,108,5,10,3
2026-09-30T21:21:09.272978+00:00,1902600012474,46.8,Mala,59.61,Aceptable,interpolacion_delaunay,0,3828,248,138,120
2026-09-30T21:21:09.272978+00:00,190260001253A,45.83,Mala,62.06,Mala,interpolacion_delaunay,0,1418,134,74,37
2026-09-30T21:21:09.272978+00:00,1902600012648,48.84,Mala,61.04,Mala,interpolacion_delaunay,0,1998,125,415,138
2026-09-30T21:21:09.272978+00:00,1902600012794,45.68,Mala,57.93,Aceptable,interpolacion_delaunay,0,776,83,32,8
2026-09-30T21:21:09.272978+00:00,1902600012775,46.01,Mala,60.06,Mala,interpolacion_delaunay,0,1381,194,42,36
2026-09-30T21:21:09.272978+00:00,1902600012898,31.85,Aceptable,36.95,Bueno,interpolacion_delaunay,0,21,3,0,0
2026-09-30T21:21:09.272978+00:00,1902600010849,38.79,Mala,50.49,Aceptable,interpolacion_delaunay,0,1926,132,278,87
2026-09-30T21:21:09.272978+00:00,1902600012262,44.9,Mala,56.98,Aceptable,interpolacion_delaunay,0,2668,227,217,83
2026-09-30T21:21:09.272978+00:00,1902600010266,45.14,Mala,57.3,Aceptable,interpolacion_delaunay,0,427,58,19,0
2026-09-30T21:21:09.272978+00:00,1902600010779,43.61,Mala,54.85,Aceptable,interpolacion_delaunay,0,677,45,131,66
2026-09-30T21:21:09.272978+00:00,1902600010872,26.91,Aceptable,30.7,Bueno,interpolacion_delaunay,0,3088,114,989,72
2026-09-30T21:21:09.272978+00:00,1902600011902,45.14,Mala,57.37,Aceptable,interpolacion_delaunay,0,2434,191,435,71
2026-09-30T21:21:09.272978+00:00,1902600011993,47.46,Mala,61.15,Mala,interpolacion_delaunay,0,3528,203,521,147
2026-09-30T21:21:09.272978+00:00,1902600012012,40.69,Mala,50.09,Aceptable,interpolacion_delaunay,0,2227,119,600,34
2026-09-30T21:21:09.272978+00:00,1902600012084,36.99,Mala,44.26,Bueno,interpolacion_delaunay,0,1461,49,516,49
2026-09-30T21:21:09.272978+00:00,1902600012188,36.17,Mala,42.77,Bueno,interpolacion_delaunay,0,460,18,82,4
2026-09-30T21:21:09.272978+00:00,1902600012277,45.21,Mala,57.44,Aceptable,interpolacion_delaunay,0,3597,281,616,228
2026-09-30T21:21:09.272978+00:00,190260001246A,46.78,Mala,59.51,Aceptable,interpolacion_delaunay,0,4546,358,308,145
2026-09-30T21:21:09.272978+00:00,1902600012559,46.3,Mala,59.84,Aceptable,interpolacion_delaunay,0,4248,285,324,114
2026-09-30T21:21:09.272978+00:00,1902600012652,45.57,Mala,57.73,Aceptable,interpolacion_delaunay,0,3158,323,113,122
2026-09-30T21:21:09.272978+00:00,1902600012671,46.04,Mala,58.15,Aceptable,interpolacion_delaunay,0,1647,122,65,34
2026-09-30T21:21:09.272978+00:00,1902600012718,36.15,Mala,47.17,Aceptable,interpolacion_delaunay,0,2829,290,123,131
2026-09-30T21:21:09.272978+00:00,1902600012741,47.6,Mala,61.41,Mala,interpolacion_delaunay,0,1897,119,345,52
2026-09-30T21:21:09.272978+00:00,1902600012879,45.5,Mala,57.6,Aceptable,promedio_sensores,1,2144,300,65,16
2026-09-30T21:21:09.272978+00:00,1902600010285,44.14,Mala,55.66,Aceptable,interpolacion_delaunay,0,2844,174,613,185
2026-09-30T21:21:09.272978+00:00,1902600012690,38.19,Mala,49.57,Aceptable,interpolacion_delaunay,0,79,0,3,0
2026-09-30T21:21:09.272978+00:00,1902600012099,41.56,Mala,53.87,Aceptable,interpolacion_delaunay,0,5241,599,554,189
2026-09-30T21:21:09.272978+00:00,1902600011936,46.01,Mala,58.39,Aceptable,interpolacion_delaunay,0,2951,267,407,119
2026-09-30T21:21:09.272978+00:00,1902600012169,37.8,Mala,45.31,Aceptable,interpolacion_delaunay,0,1023,50,158,14
2026-09-30T21:21:09.272978+00:00,190260001118A,42.13,Mala,52.42,Aceptable,interpolacion_delaunay,0,3453,227,320,71
2026-09-30T21:21:09.272978+00:00,1902600012050,46.96,Mala,60.41,Mala,interpolacion_delaunay,0,4134,320,745,263
2026-09-30T21:21:09.272978+00:00,1902600012101,40.88,Mala,53.07,Aceptable,interpolacion_delaunay,0,3626,381,484,119
2026-09-30T21:21:09.272978+00:00,1902600012563,40.19,Mala,52.23,Aceptable,interpolacion_delaunay,0,2676,291,133,25
2026-09-30T21:21:09.272978+00:00,190260001278A,45.62,Mala,57.5,Aceptable,interpolacion_delaunay,0,3558,402,98,36
2026-09-30T21:21:09.272978+00:00,1902600011921,46.07,Mala,58.43,Aceptable,interpolacion_delaunay,0,2594,223,377,76
2026-09-30T21:21:09.272978+00:00,1902600010092,45.07,Mala,57.44,Aceptable,interpolacion_delaunay,0,4183,262,1039,106
2026-09-30T21:21:09.272978+00:00,1902600011300,44.99,Mala,57.21,Aceptable,interpolacion_delaunay,0,2915,163,792,188
2026-09-30T21:21:09.272978+00:00,1902600010143,46.39,Mala,58.95,Aceptable,interpolacion_delaunay,0,2245,273,113,55
2026-09-30T21:21:09.272978+00:00,1902600011870,45.06,Mala,57.37,Aceptable,interpolacion_delaunay,0,3271,173,768,82
2026-09-30T21:21:09.272978+00:00,1902600011315,45.81,Mala,58.5,Aceptable,interpolacion_delaunay,0,3497,230,464,42
2026-09-30T21:21:09.272978+00:00,1902600011014,46.59,Mala,59.24,Aceptable,interpolacion_delaunay,0,2155,150,459,98
2026-09-30T21:21:09.272978+00:00,1902600011616,48.27,Mala,60.58,Mala,interpolacion_delaunay,0,3883,311,769,201
2026-09-30T21:21:09.272978+00:00,1902600011620,47.53,Mala,59.93,Aceptable,interpolacion_delaunay,0,4814,356,1024,301
2026-09-30T21:21:09.272978+00:00,1902600011480,47.24,Mala,59.52,Aceptable,interpolacion_delaunay,0,4784,390,737,223
2026-09-30T21:21:09.272978+00:00,1902600010641,47.48,Mala,60.06,Mala,interpolacion_delaunay,0,2917,240,627,202
2026-09-30T21:21:09.272978+00:00,1902600012633,49.7,Mala,61.75,Mala,interpolacion_delaunay,0,2429,188,313,91
2026-09-30T21:21:09.272978+00:00,190260001164A,46.07,Mala,58.68,Aceptable,interpolacion_delaunay,0,2101,168,367,57
2026-09-30T21:21:09.272978+00:00,1902600011635,46.79,Mala,59.36,Aceptable,interpolacion_delaunay,0,4695,347,639,204
2026-09-30T21:21:09.272978+00:00,1902600010961,46.97,Mala,59.83,Aceptable,interpolacion_delaunay,0,1353,81,150,34
2026-09-30T21:21:09.272978+00:00,1902600011226,45.56,Mala,58.95,Aceptable,interpolacion_delaunay,0,4831,444,615,226
2026-09-30T21:21:09.272978+00:00,1902600012807,46.4,Mala,59.91,Aceptable,interpolacion_delaunay,0,51,0,0,0
2026-09-30T21:21:09.272978+00:00,1902600012737,46.58,Mala,60.16,Mala,interpolacion_delaunay,0,153,17,4,4
2026-09-30T21:21:09.272978+00:00,1902600012046,47.21,Mala,60.83,Mala,interpolacion_delaunay,0,5116,376,649,199
2026-09-30T21:21:09.272978+00:00,1902600012756,47.7,Mala,61.6,Mala,promedio_sensores,1,2572,282,124,24
2026-09-30T21:21:09.272978+00:00,1902600010783,46.17,Mala,59.08,Aceptable,interpolacion_delaunay,0,1477,145,264,42
2026-09-30T21:21:09.272978+00:00,1902600011230,45.64,Mala,59.09,Aceptable,interpolacion_delaunay,0,3324,362,242,132
2026-09-30T21:21:09.272978+00:00,1902600011758,35.3,Mala,41.2,Bueno,promedio_sensores,1,2105,92,408,43
2026-09-30T21:21:09.272978+00:00,1902600011141,48.04,Mala,69.94,Mala,interpolacion_delaunay,0,9036,1161,432,363
2026-09-30T21:21:09.272978+00:00,1902600011743,41.19,Mala,53.67,Aceptable,interpolacion_delaunay,0,7461,709,958,323
2026-09-30T21:21:09.272978+00:00,1902600012629,36.72,Mala,47.87,Aceptable,interpolacion_delaunay,0,1943,149,74,66
2026-09-30T21:21:09.272978+00:00,1902600011762,47.59,Mala,61.4,Mala,interpolacion_delaunay,0,2427,183,512,77
2026-09-30T21:21:09.272978+00:00,1902600011194,45.29,Mala,57.62,Aceptable,interpolacion_delaunay,0,4669,300,960,201
2026-09-30T21:21:09.272978+00:00,1902600011052,45.72,Mala,57.72,Aceptable,interpolacion_delaunay,0,7318,799,917,451
2026-09-30T21:21:09.272978+00:00,1902600012722,46.11,Mala,59.65,Aceptable,interpolacion_delaunay,0,1673,182,35,23
2026-09-30T21:21:09.272978+00:00,1902600010209,46.29,Mala,60.16,Mala,interpolacion_delaunay,0,0,0,0,0
2026-09-30T21:21:09.272978+00:00,1902600012883,46.69,Mala,61.86,Mala,interpolacion_delaunay,0,2693,391,65,39
2026-09-30T21:21:09.272978+00:00,1902600011512,47.25,Mala,61.04,Mala,interpolacion_delaunay,0,1411,83,448,118
2026-09-30T21:21:09.272978+00:00,1902600011527,46.99,Mala,60.27,Mala,interpolacion_delaunay,0,2114,99,718,127
2026-09-30T21:21:09.272978+00:00,1902600010853,47.08,Mala,60.29,Mala,interpolacion_delaunay,0,4562,382,755,151
2026-09-30T21:21:09.272978+00:00,1902600011160,46.9,Mala,60.1,Mala,promedio_sensores,1,3568,186,796,79
2026-09-30T21:21:09.272978+00:00,1902600011423,47.19,Mala,60.61,Mala,interpolacion_delaunay,0,2358,121,643,149
2026-09-30T21:21:09.272978+00:00,1902600011118,46.67,Mala,59.86,Aceptable,interpolacion_delaunay,0,0,0,0,0
2026-09-30T21:21:09.272978+00:00,1902600010552,47.64,Mala,61.44,Mala,interpolacion_delaunay,0,1358,197,299,91
2026-09-30T21:21:09.272978+00:00,1902600010567,47.45,Mala,61.11,Mala,interpolacion_delaunay,0,3469,239,807,212
2026-09-30T21:21:09.272978+00:00,1902600010478,46.95,Mala,60.19,Mala,interpolacion_delaunay,0,3451,258,686,179
2026-09-30T21:21:09.272978+00:00,1902600012493,47.15,Mala,60.56,Mala,interpolacion_delaunay,0,3047,231,451,139
2026-09-30T21:21:09.272978+00:00,1902600012506,47.24,Mala,60.73,Mala,interpolacion_delaunay,0,1875,122,448,96
2026-09-30T21:21:09.272978+00:00,1902600011387,46.53,Mala,59.43,Aceptable,interpolacion_delaunay,0,4018,279,697,181
2026-09-30T21:21:09.272978+00:00,1902600010482,46.76,Mala,59.84,Aceptable,interpolacion_delaunay,0,4004,197,1191,226
2026-09-30T21:21:09.272978+00:00,1902600010586,47.04,Mala,60.37,Mala,interpolacion_delaunay,0,4983,369,1196,317
2026-09-30T21:21:09.272978+00:00,1902600010590,46.96,Mala,60.23,Mala,interpolacion_delaunay,0,3794,290,817,254
2026-09-30T21:21:09.272978+00:00,1902600011940,46.14,Mala,58.75,Aceptable,interpolacion_delaunay,0,3450,256,773,184
2026-09-30T21:21:09.272978+00:00,1902600012224,46.63,Mala,59.63,Aceptable,interpolacion_delaunay,0,1986,122,533,118
2026-09-30T21:21:09.272978+00:00,1902600012239,46.49,Mala,59.38,Aceptable,interpolacion_delaunay,0,2664,206,487,219
2026-09-30T21:21:09.272978+00:00,1902600010548,39.66,Mala,48.34,Aceptable,interpolacion_delaunay,0,4149,203,1177,258
2026-09-30T21:21:09.272978+00:00,1902600012489,45.61,Mala,58.15,Aceptable,interpolacion_delaunay,0,2798,203,290,77
2026-09-30T21:21:09.272978+00:00,1902600011353,46.5,Mala,59.38,Aceptable,interpolacion_delaunay,0,1952,125,417,157
2026-09-30T21:21:09.272978+00:00,1902600012760,45.78,Mala,58.02,Aceptable,interpolacion_delaunay,0,3619,397,120,87
2026-09-30T21:21:09.272978+00:00,1902600011264,45.84,Mala,57.97,Aceptable,interpolacion_delaunay,0,1708,151,158,100
2026-09-30T21:21:09.272978+00:00,190260001285A,45.57,Mala,57.64,Aceptable,interpolacion_delaunay,0,1850,298,50,26
2026-09-30T21:21:09.272978+00:00,1902600010270,47.67,Mala,66.2,Mala,interpolacion_delaunay,0,0,0,0,0
2026-09-30T21:21:09.272978+00:00,1902600010406,45.89,Mala,58.35,Aceptable,interpolacion_delaunay,0,2889,225,550,115
2026-09-30T21:21:09.272978+00:00,1902600011067,45.51,Mala,57.75,Aceptable,interpolacion_delaunay,0,4252,360,451,270
2026-09-30T21:21:09.272978+00:00,1902600011086,47.59,Mala,66.55,Mala,interpolacion_delaunay,0,3224,245,126,84
2026-09-30T21:21:09.272978+00:00,1902600012313,50.55,Mala,78.44,Mala,interpolacion_delaunay,0,2567,202,407,174
2026-09-30T21:21:09.272978+00:00,1902600012309,49.39,Mala,74.04,Mala,interpolacion_delaunay,0,2125,241,150,88
2026-09-30T21:21:09.272978+00:00,1902600011809,45.48,Mala,57.66,Aceptable,interpolacion_delaunay,0,2127,251,117,120
2026-09-30T21:21:09.272978+00:00,1902600012864,45.79,Mala,58.13,Aceptable,interpolacion_delaunay,0,1168,168,40,16
2026-09-30T21:21:09.272978+00:00,190260001125A,19.99,Aceptable,22.4,Bueno,interpolacion_delaunay,0,541,13,170,22
2026-09-30T21:21:09.272978+00:00,1902600011071,48.97,Mala,71.74,Mala,interpolacion_delaunay,0,3143,264,264,89
2026-09-30T21:21:09.272978+00:00,190260001196A,49.38,Mala,73.31,Mala,interpolacion_delaunay,0,3349,324,262,100
2026-09-30T21:21:09.272978+00:00,1902600011955,45.91,Mala,58.33,Aceptable,interpolacion_delaunay,0,3582,349,216,97
2026-09-30T21:21:09.272978+00:00,190260001050A,46.25,Mala,58.96,Aceptable,interpolacion_delaunay,0,2022,217,309,73
2026-09-30T21:21:09.272978+00:00,1903900012400,50.1,Mala,64.1,Mala,promedio_sensores,1,4517,429,723,304
2026-09-30T21:21:09.272978+00:00,1903900014657,52.45,Mala,64.23,Mala,interpolacion_delaunay,0,2491,234,438,138
2026-09-30T21:21:09.272978+00:00,1903900013682,46.97,Mala,59.44,Aceptable,interpolacion_delaunay,0,4499,398,653,181
2026-09-30T21:21:09.272978+00:00,1903900010832,48.51,Mala,62.42,Mala,interpolacion_delaunay,0,543,31,158,26
2026-09-30T21:21:09.272978+00:00,1903900011120,46.46,Mala,59.61,Aceptable,interpolacion_delaunay,0,2607,94,831,149
2026-09-30T21:21:09.272978+00:00,1903900012129,45.55,Mala,58.81,Aceptable,interpolacion_delaunay,0,4074,318,790,255
2026-09-30T21:21:09.272978+00:00,190390001363A,52.78,Mala,64.68,Mala,interpolacion_delaunay,0,3850,324,618,201
2026-09-30T21:21:09.272978+00:00,1903900014163,46.67,Mala,59.58,Aceptable,interpolacion_delaunay,0,3563,376,476,178
2026-09-30T21:21:09.272978+00:00,1903900014642,52.26,Mala,63.86,Mala,interpolacion_delaunay,0,2137,227,313,125
2026-09-30T21:21:09.272978+00:00,1903900013589,48.8,Mala,63.22,Mala,interpolacion_delaunay,0,1971,102,595,95
2026-09-30T21:21:09.272978+00:00,1903900011370,47.08,Mala,60.47,Mala,interpolacion_delaunay,0,1287,71,218,39
2026-09-30T21:21:09.272978+00:00,1903900012114,41.24,Mala,51.2,Aceptable,interpolacion_delaunay,0,2387,84,816,136
2026-09-30T21:21:09.272978+00:00,1903900012203,34.8,Mala,40.9,Bueno,promedio_sensores,1,2974,126,1034,191
2026-09-30T21:21:09.272978+00:00,1903900013574,46.6,Mala,60.34,Mala,interpolacion_delaunay,0,832,37,276,93
2026-09-30T21:21:09.272978+00:00,1903900012792,43.59,Mala,52.28,Aceptable,interpolacion_delaunay,0,1,0,0,0
2026-09-30T21:21:09.272978+00:00,190390001445A,46.74,Mala,59.84,Aceptable,interpolacion_delaunay,0,5563,304,1118,197
2026-09-30T21:21:09.272978+00:00,1903900014638,51.37,Mala,63.1,Mala,interpolacion_delaunay,0,3811,381,571,142
2026-09-30T21:21:09.272978+00:00,1903900012063,49.38,Mala,62.6,Mala,interpolacion_delaunay,0,2407,98,743,119
2026-09-30T21:21:09.272978+00:00,1903900011690,36.59,Mala,45.26,Aceptable,interpolacion_delaunay,0,228,12,56,11
2026-09-30T21:21:09.272978+00:00,1903900011760,39.68,Mala,49.39,Aceptable,interpolacion_delaunay,0,1986,129,443,117
2026-09-30T21:21:09.272978+00:00,1903900011934,45.27,Mala,57.27,Aceptable,promedio_sensores,3,2171,83,550,105
2026-09-30T21:21:09.272978+00:00,190390001192A,42.98,Mala,53.98,Aceptable,interpolacion_delaunay,0,2553,117,796,121
2026-09-30T21:21:09.272978+00:00,1903900012044,50.4,Mala,63.64,Mala,interpolacion_delaunay,0,1920,122,427,109
2026-09-30T21:21:09.272978+00:00,1903900012078,50.13,Mala,63.84,Mala,interpolacion_delaunay,0,2179,136,538,60
2026-09-30T21:21:09.272978+00:00,1903900011525,29.41,Aceptable,37.01,Bueno,interpolacion_delaunay,0,590,39,143,33
2026-09-30T21:21:09.272978+00:00,1903900011991,50.5,Mala,63.8,Mala,promedio_sensores,1,3236,192,703,201
2026-09-30T21:21:09.272978+00:00,1903900012006,44.93,Mala,56.44,Aceptable,interpolacion_delaunay,0,1972,70,504,136
2026-09-30T21:21:09.272978+00:00,1903900010673,50.65,Mala,65.31,Mala,interpolacion_delaunay,0,2155,174,396,142
2026-09-30T21:21:09.272978+00:00,1903900010298,50.19,Mala,65.16,Mala,interpolacion_delaunay,0,3499,233,739,152
2026-09-30T21:21:09.272978+00:00,1903900010404,50.0,Mala,64.97,Mala,interpolacion_delaunay,0,2835,189,560,150
2026-09-30T21:21:09.272978+00:00,1903900011012,47.42,Mala,60.73,Mala,interpolacion_delaunay,0,1216,101,235,35
2026-09-30T21:21:09.272978+00:00,1903900011065,46.98,Mala,60.3,Mala,interpolacion_delaunay,0,1981,192,428,144
2026-09-30T21:21:09.272978+00:00,1903900010175,49.86,Mala,64.5,Mala,interpolacion_delaunay,0,1294,70,318,45
2026-09-30T21:21:09.272978+00:00,190390001018A,50.08,Mala,64.74,Mala,interpolacion_delaunay,0,3618,299,750,219
2026-09-30T21:21:09.272978+00:00,1903900010194,50.07,Mala,64.8,Mala,interpolacion_delaunay,0,2850,223,604,173
2026-09-30T21:21:09.272978+00:00,1903900010226,50.45,Mala,65.46,Mala,interpolacion_delaunay,0,4934,461,799,274
2026-09-30T21:21:09.272978+00:00,1903900014229,39.18,Mala,46.81,Aceptable,interpolacion_delaunay,0,2852,249,505,184
2026-09-30T21:21:09.272978+00:00,1903900010353,37.6,Mala,48.12,Aceptable,interpolacion_delaunay,0,3313,167,981,325
2026-09-30T21:21:09.272978+00:00,1903900010936,49.67,Mala,63.37,Mala,interpolacion_delaunay,0,2121,128,459,101
2026-09-30T21:21:09.272978+00:00,1903900011173,45.2,Mala,55.5,Aceptable,promedio_sensores,1,2108,71,659,126
2026-09-30T21:21:09.272978+00:00,1903900011188,48.91,Mala,62.04,Mala,interpolacion_delaunay,0,3322,231,794,185
2026-09-30T21:21:09.272978+00:00,1903900011224,43.62,Mala,55.76,Aceptable,interpolacion_delaunay,0,3487,327,636,198
2026-09-30T21:21:09.272978+00:00,1903900011328,48.38,Mala,62.87,Mala,interpolacion_delaunay,0,1300,73,364,78
2026-09-30T21:21:09.272978+00:00,1903900011332,47.78,Mala,61.38,Mala,interpolacion_delaunay,0,2976,208,686,165
2026-09-30T21:21:09.272978+00:00,1903900011493,5.4,Bueno,6.2,Bueno,promedio_sensores,1,498,32,117,21
2026-09-30T21:21:09.272978+00:00,1903900011506,17.15,Aceptable,21.44,Bueno,interpolacion_delaunay,0,218,10,60,5
2026-09-30T21:21:09.272978+00:00,1903900011510,19.98,Aceptable,25.11,Bueno,interpolacion_delaunay,0,370,18,99,43
2026-09-30T21:21:09.272978+00:00,1903900011563,40.67,Mala,51.35,Aceptable,interpolacion_delaunay,0,1016,57,324,41
2026-09-30T21:21:09.272978+00:00,1903900011652,12.41,Bueno,15.86,Bueno,interpolacion_delaunay,0,1408,46,412,99
2026-09-30T21:21:09.272978+00:00,1903900011667,43.42,Mala,55.48,Aceptable,interpolacion_delaunay,0,811,38,222,38
2026-09-30T21:21:09.272978+00:00,1903900011671,44.25,Mala,56.49,Aceptable,interpolacion_delaunay,0,2135,120,546,122
2026-09-30T21:21:09.272978+00:00,1903900011775,44.42,Mala,56.9,Aceptable,interpolacion_delaunay,0,3247,195,753,173
2026-09-30T21:21:09.272978+00:00,190390001178A,47.2,Mala,61.02,Mala,interpolacion_delaunay,0,2085,91,638,124
2026-09-30T21:21:09.272978+00:00,1903900011811,47.73,Mala,62.15,Mala,interpolacion_delaunay,0,3726,195,960,140
2026-09-30T21:21:09.272978+00:00,190390001210A,45.9,Mala,58.7,Aceptable,promedio_sensores,1,2790,113,700,150
2026-09-30T21:21:09.272978+00:00,1903900012186,41.44,Mala,51.2,Aceptable,interpolacion_delaunay,0,4169,44,257,49
2026-09-30T21:21:09.272978+00:00,1903900011559,34.2,Mala,42.0,Bueno,promedio_sensores,1,854,32,232,42
2026-09-30T21:21:09.272978+00:00,1903900013428,50.16,Mala,65.0,Mala,interpolacion_delaunay,0,3351,320,515,172
2026-09-30T21:21:09.272978+00:00,1903900014214,40.06,Mala,47.95,Aceptable,interpolacion_delaunay,0,4120,374,689,171
2026-09-30T21:21:09.272978+00:00,1903900014712,43.7,Mala,54.47,Aceptable,interpolacion_delaunay,0,3085,299,499,125
2026-09-30T21:21:09.272978+00:00,1903900014727,41.8,Mala,51.16,Aceptable,interpolacion_delaunay,0,2574,237,418,75
2026-09-30T21:21:09.272978+00:00,1903900011544,23.65,Aceptable,29.04,Bueno,interpolacion_delaunay,0,484,17,104,17
2026-09-30T21:21:09.272978+00:00,1903900011347,47.6,Mala,61.3,Mala,promedio_sensores,1,3767,228,949,230
2026-09-30T21:21:09.272978+00:00,1903900011101,47.06,Mala,60.54,Mala,interpolacion_delaunay,0,2340,171,499,101
2026-09-30T21:21:09.272978+00:00,1903900010692,47.92,Mala,62.24,Mala,interpolacion_delaunay,0,1264,56,294,43
2026-09-30T21:21:09.272978+00:00,190390001071A,32.6,Aceptable,41.7,Bueno,promedio_sensores,1,2092,89,717,121
2026-09-30T21:21:09.272978+00:00,190390001153A,14.0,Bueno,16.92,Bueno,interpolacion_delaunay,0,283,20,33,8
2026-09-30T21:21:09.272978+00:00,1903900012222,43.35,Mala,53.12,Aceptable,interpolacion_delaunay,0,2481,214,440,130
2026-09-30T21:21:09.272978+00:00,1903900010048,50.08,Mala,64.44,Mala,interpolacion_delaunay,0,2757,231,541,184
2026-09-30T21:21:09.272978+00:00,1903900010160,49.73,Mala,64.36,Mala,interpolacion_delaunay,0,1233,55,334,97
2026-09-30T21:21:09.272978+00:00,1903900011915,42.98,Mala,53.79,Aceptable,interpolacion_delaunay,0,1171,52,296,69
2026-09-30T21:21:09.272978+00:00,1903900012824,34.15,Mala,40.74,Bueno,interpolacion_delaunay,0,0,0,0,0
2026-09-30T21:21:09.272978+00:00,1903900010103,49.69,Mala,64.17,Mala,interpolacion_delaunay,0,2537,115,733,107
2026-09-30T21:21:09.272978+00:00,1903900010122,50.14,Mala,64.77,Mala,interpolacion_delaunay,0,3875,316,762,228
2026-09-30T21:21:09.272978+00:00,1903900010207,50.31,Mala,65.07,Mala,interpolacion_delaunay,0,2935,264,476,100
2026-09-30T21:21:09.272978+00:00,190390001089A,49.53,Mala,63.71,Mala,interpolacion_delaunay,0,2450,84,735,103
2026-09-30T21:21:09.272978+00:00,1903900010813,49.84,Mala,64.31,Mala,interpolacion_delaunay,0,1266,76,281,65
2026-09-30T21:21:09.272978+00:00,190390001096A,49.73,Mala,63.77,Mala,interpolacion_delaunay,0,735,52,175,36
2026-09-30T21:21:09.272978+00:00,190390001107A,47.32,Mala,60.75,Mala,interpolacion_delaunay,0,2056,191,358,98
2026-09-30T21:21:09.272978+00:00,1903900011099,46.77,Mala,60.15,Mala,interpolacion_delaunay,0,1728,108,401,82
2026-09-30T21:21:09.272978+00:00,1903900011281,28.71,Aceptable,36.43,Bueno,interpolacion_delaunay,0,162,9,42,10
2026-09-30T21:21:09.272978+00:00,190390001146A,45.51,Mala,57.02,Aceptable,interpolacion_delaunay,0,1878,94,425,114
2026-09-30T21:21:09.272978+00:00,1903900011474,44.43,Mala,56.84,Aceptable,interpolacion_delaunay,0,1482,65,348,91
2026-09-30T21:21:09.272978+00:00,1903900011648,23.28,Aceptable,29.06,Bueno,interpolacion_delaunay,0,1275,46,383,92
2026-09-30T21:21:09.272978+00:00,1903900011953,49.36,Mala,62.25,Mala,interpolacion_delaunay,0,4331,383,782,275
2026-09-30T21:21:09.272978+00:00,1903900011968,49.33,Mala,62.5,Mala,interpolacion_delaunay,0,2452,198,521,139
2026-09-30T21:21:09.272978+00:00,1903900011972,47.85,Mala,60.38,Mala,interpolacion_delaunay,0,2152,173,501,93
2026-09-30T21:21:09.272978+00:00,1903900011987,47.54,Mala,59.87,Aceptable,interpolacion_delaunay,0,2330,153,564,186
2026-09-30T21:21:09.272978+00:00,1903900012010,46.5,Mala,58.47,Aceptable,promedio_sensores,3,377,6,32,6
2026-09-30T21:21:09.272978+00:00,1903900012025,44.74,Mala,56.8,Aceptable,interpolacion_delaunay,0,4868,169,1336,220
2026-09-30T21:21:09.272978+00:00,1903900012608,46.83,Mala,60.06,Mala,interpolacion_delaunay,0,3563,325,452,140
2026-09-30T21:21:09.272978+00:00,1903900012260,42.21,Mala,50.82,Aceptable,interpolacion_delaunay,0,2549,128,738,140
2026-09-30T21:21:09.272978+00:00,1903900012523,50.01,Mala,64.21,Mala,interpolacion_delaunay,0,5883,502,863,210
2026-09-30T21:21:09.272978+00:00,1903900012576,48.6,Mala,62.29,Mala,interpolacion_delaunay,0,3643,363,363,152
2026-09-30T21:21:09.272978+00:00,1903900012612,49.82,Mala,64.1,Mala,interpolacion_delaunay,0,3707,369,423,217
2026-09-30T21:21:09.272978+00:00,1903900013339,50.2,Mala,64.48,Mala,interpolacion_delaunay,0,3291,330,562,149
2026-09-30T21:21:09.272978+00:00,1903900013432,50.38,Mala,65.26,Mala,interpolacion_delaunay,0,3283,331,497,186
2026-09-30T21:21:09.272978+00:00,1903900013381,49.99,Mala,64.46,Mala,interpolacion_delaunay,0,3469,305,681,259
2026-09-30T21:21:09.272978+00:00,1903900013324,50.12,Mala,64.29,Mala,interpolacion_delaunay,0,2714,268,458,83
2026-09-30T21:21:09.272978+00:00,1903900014587,44.4,Mala,56.79,Aceptable,interpolacion_delaunay,0,1315,68,368,60
2026-09-30T21:21:09.272978+00:00,1903900014604,20.11,Aceptable,24.48,Bueno,interpolacion_delaunay,0,2075,111,610,109
2026-09-30T21:21:09.272978+00:00,1903900014661,48.09,Mala,61.6,Mala,interpolacion_delaunay,0,2902,69,608,127
2026-09-30T21:21:09.272978+00:00,1903900014680,49.24,Mala,63.77,Mala,interpolacion_delaunay,0,2293,96,745,94
2026-09-30T21:21:09.272978+00:00,1903900011239,48.67,Mala,62.32,Mala,interpolacion_delaunay,0,3332,293,662,233
2026-09-30T21:21:09.272978+00:00,1903900011489,50.1,Mala,64.2,Mala,promedio_sensores,1,1608,86,419,74
2026-09-30T21:21:09.272978+00:00,1903900010279,49.78,Mala,64.5,Mala,interpolacion_delaunay,0,2220,107,580,282
2026-09-30T21:21:09.272978+00:00,1903900010531,50.41,Mala,65.59,Mala,interpolacion_delaunay,0,5417,419,1156,491
2026-09-30T21:21:09.272978+00:00,1903900010635,49.74,Mala,64.32,Mala,interpolacion_delaunay,0,2264,78,723,158
2026-09-30T21:21:09.272978+00:00,1903900011686,37.52,Mala,46.85,Aceptable,interpolacion_delaunay,0,153,7,36,5
2026-09-30T21:21:09.272978+00:00,1903900011807,48.12,Mala,62.81,Mala,interpolacion_delaunay,0,2430,99,765,107
2026-09-30T21:21:09.272978+00:00,1903900011830,46.4,Mala,59.4,Aceptable,promedio_sensores,1,898,35,265,16
2026-09-30T21:21:09.272978+00:00,1903900012097,47.6,Mala,62.5,Mala,promedio_sensores,1,4087,88,440,163
2026-09-30T21:21:09.272978+00:00,1903900012256,46.06,Mala,56.81,Aceptable,interpolacion_delaunay,0,4590,303,1006,320
2026-09-30T21:21:09.272978+00:00,1903900012307,33.1,Mala,39.8,Bueno,promedio_sensores,3,2986,141,683,94
2026-09-30T21:21:09.272978+00:00,1903900012453,38.66,Mala,48.13,Aceptable,interpolacion_delaunay,0,2219,109,403,76
2026-09-30T21:21:09.272978+00:00,1903900012716,48.11,Mala,63.3,Mala,interpolacion_delaunay,0,78,3,14,8
2026-09-30T21:21:09.272978+00:00,1903900012735,47.91,Mala,62.78,Mala,interpolacion_delaunay,0,0,0,0,0
2026-09-30T21:21:09.272978+00:00,1903900012769,27.54,Aceptable,38.2,Bueno,interpolacion_delaunay,0,279,15,54,0
2026-09-30T21:21:09.272978+00:00,1903900012773,39.79,Mala,50.39,Aceptable,interpolacion_delaunay,0,0,0,0,0
2026-09-30T21:21:09.272978+00:00,1903900014040,50.51,Mala,65.18,Mala,interpolacion_delaunay,0,3042,337,450,116
2026-09-30T21:21:09.272978+00:00,1903900014178,49.2,Mala,62.89,Mala,interpolacion_delaunay,0,4610,493,538,196
2026-09-30T21:21:09.272978+00:00,1903900010156,49.63,Mala,64.2,Mala,interpolacion_delaunay,0,2930,146,830,151
2026-09-30T21:21:09.272978+00:00,1903900010264,49.31,Mala,63.97,Mala,interpolacion_delaunay,0,4282,326,814,272
2026-09-30T21:21:09.272978+00:00,1903900010283,49.85,Mala,64.65,Mala,interpolacion_delaunay,0,2911,218,619,83
2026-09-30T21:21:09.272978+00:00,1903900010315,50.74,Mala,65.9,Mala,interpolacion_delaunay,0,3515,316,654,216
2026-09-30T21:21:09.272978+00:00,190390001032A,50.97,Mala,66.13,Mala,interpolacion_delaunay,0,4173,426,573,279
2026-09-30T21:21:09.272978+00:00,1903900010349,51.25,Mala,66.69,Mala,interpolacion_delaunay,0,2637,166,677,132
2026-09-30T21:21:09.272978+00:00,1903900010391,49.82,Mala,64.74,Mala,interpolacion_delaunay,0,3850,295,727,205
2026-09-30T21:21:09.272978+00:00,1903900010438,50.78,Mala,66.11,Mala,interpolacion_delaunay,0,3338,313,521,73
2026-09-30T21:21:09.272978+00:00,1903900010442,51.09,Mala,66.4,Mala,interpolacion_delaunay,0,2676,239,533,136
2026-09-30T21:21:09.272978+00:00,1903900010457,46.97,Mala,61.05,Mala,interpolacion_delaunay,0,3408,175,1149,225
2026-09-30T21:21:09.272978+00:00,1903900010480,49.41,Mala,64.36,Mala,interpolacion_delaunay,0,1388,64,440,114
2026-09-30T21:21:09.272978+00:00,1903900010512,49.87,Mala,64.8,Mala,interpolacion_delaunay,0,2980,202,741,168
2026-09-30T21:21:09.272978+00:00,1903900010546,50.19,Mala,65.12,Mala,interpolacion_delaunay,0,2660,141,683,117
2026-09-30T21:21:09.272978+00:00,1903900010550,50.49,Mala,65.53,Mala,interpolacion_delaunay,0,2279,182,478,160
2026-09-30T21:21:09.272978+00:00,1903900010565,50.81,Mala,65.98,Mala,interpolacion_delaunay,0,2608,254,432,94
2026-09-30T21:21:09.272978+00:00,190390001057A,50.78,Mala,65.73,Mala,interpolacion_delaunay,0,1514,131,335,33
2026-09-30T21:21:09.272978+00:00,1903900010599,36.91,Mala,47.49,Aceptable,interpolacion_delaunay,0,2808,125,1047,137
2026-09-30T21:21:09.272978+00:00,1903900010601,48.44,Mala,63.05,Mala,interpolacion_delaunay,0,5314,412,1126,426
2026-09-30T21:21:09.272978+00:00,1903900010620,49.47,Mala,63.94,Mala,interpolacion_delaunay,0,2515,85,744,131
2026-09-30T21:21:09.272978+00:00,190390001064A,49.99,Mala,64.64,Mala,interpolacion_delaunay,0,2719,125,702,154
2026-09-30T21:21:09.272978+00:00,1903900010654,50.37,Mala,65.19,Mala,interpolacion_delaunay,0,2609,119,783,144
2026-09-30T21:21:09.272978+00:00,1903900010705,35.39,Mala,44.77,Bueno,interpolacion_delaunay,0,1996,93,661,76
2026-09-30T21:21:09.272978+00:00,1903900010739,49.67,Mala,64.01,Mala,interpolacion_delaunay,0,1701,60,561,127
2026-09-30T21:21:09.272978+00:00,1903900010743,49.92,Mala,64.32,Mala,interpolacion_delaunay,0,1991,112,552,108
2026-09-30T21:21:09.272978+00:00,1903900010758,50.1,Mala,64.54,Mala,interpolacion_delaunay,0,1207,67,324,54
2026-09-30T21:21:09.272978+00:00,1903900010796,50.1,Mala,64.64,Mala,interpolacion_delaunay,0,0,0,0,0
2026-09-30T21:21:09.272978+00:00,1903900010828,49.1,Mala,63.27,Mala,interpolacion_delaunay,0,1085,46,363,57
2026-09-30T21:21:09.272978+00:00,1903900010866,42.99,Mala,54.73,Aceptable,interpolacion_delaunay,0,1678,49,570,85
2026-09-30T21:21:09.272978+00:00,1903900010870,48.76,Mala,63.03,Mala,interpolacion_delaunay,0,3879,268,842,254
2026-09-30T21:21:09.272978+00:00,1903900010885,49.16,Mala,63.32,Mala,interpolacion_delaunay,0,1668,63,493,70
2026-09-30T21:21:09.272978+00:00,1903900010940,49.28,Mala,63.11,Mala,interpolacion_delaunay,0,3419,259,605,213
2026-09-30T21:21:09.272978+00:00,1903900011046,47.59,Mala,60.96,Mala,interpolacion_delaunay,0,1800,151,355,99
2026-09-30T21:21:09.272978+00:00,1903900011135,47.17,Mala,59.88,Aceptable,interpolacion_delaunay,0,1752,62,519,67
2026-09-30T21:21:09.272978+00:00,190390001114A,48.4,Mala,62.6,Mala,promedio_sensores,1,1380,53,428,34
2026-09-30T21:21:09.272978+00:00,1903900011154,46.86,Mala,60.27,Mala,interpolacion_delaunay,0,1623,62,444,64
2026-09-30T21:21:09.272978+00:00,1903900011169,46.6,Mala,59.7,Aceptable,promedio_sensores,2,2880,73,732,160
2026-09-30T21:21:09.272978+00:00,1903900011192,48.18,Mala,60.77,Mala,interpolacion_delaunay,0,2657,175,674,141
2026-09-30T21:21:09.272978+00:00,1903900011205,49.39,Mala,62.92,Mala,interpolacion_delaunay,0,122,13,22,0
2026-09-30T21:21:09.272978+00:00,1903900011243,28.02,Aceptable,35.53,Bueno,interpolacion_delaunay,0,475,45,76,44
2026-09-30T21:21:09.272978+00:00,1903900011258,33.66,Mala,42.86,Bueno,interpolacion_delaunay,0,1048,106,166,35
2026-09-30T21:21:09.272978+00:00,1903900011262,48.4,Mala,61.97,Mala,interpolacion_delaunay,0,1756,114,447,140
2026-09-30T21:21:09.272978+00:00,1903900011277,41.24,Mala,52.68,Aceptable,interpolacion_delaunay,0,2024,136,529,164
2026-09-30T21:21:09.272978+00:00,1903900011309,48.5,Mala,62.1,Mala,promedio_sensores,1,1761,123,433,90
2026-09-30T21:21:09.272978+00:00,1903900011351,47.36,Mala,60.93,Mala,interpolacion_delaunay,0,2734,167,651,175
2026-09-30T21:21:09.272978+00:00,1903900011366,47.25,Mala,60.75,Mala,interpolacion_delaunay,0,0,0,0,0
2026-09-30T21:21:09.272978+00:00,1903900011421,49.4,Mala,63.7,Mala,promedio_sensores,1,3327,204,738,54
2026-09-30T21:21:09.272978+00:00,1903900011436,49.04,Mala,63.23,Mala,interpolacion_delaunay,0,1869,83,431,69
2026-09-30T21:21:09.272978+00:00,1903900011440,49.12,Mala,63.08,Mala,interpolacion_delaunay,0,1644,76,453,82
2026-09-30T21:21:09.272978+00:00,1903900011455,41.74,Mala,54.81,Aceptable,interpolacion_delaunay,0,1330,38,379,65
2026-09-30T21:21:09.272978+00:00,1903900011578,38.91,Mala,48.67,Aceptable,interpolacion_delaunay,0,1668,78,469,55
2026-09-30T21:21:09.272978+00:00,1903900011582,41.6,Mala,52.5,Aceptable,promedio_sensores,1,1943,98,485,98
2026-09-30T21:21:09.272978+00:00,190390001160A,47.83,Mala,62.62,Mala,interpolacion_delaunay,0,1878,106,479,110
2026-09-30T21:21:09.272978+00:00,1903900011614,47.69,Mala,62.25,Mala,interpolacion_delaunay,0,2516,127,727,95
2026-09-30T21:21:09.272978+00:00,1903900011633,33.08,Mala,44.28,Bueno,interpolacion_delaunay,0,810,34,225,59
2026-09-30T21:21:09.272978+00:00,1903900011703,37.5,Mala,46.56,Aceptable,interpolacion_delaunay,0,3184,63,372,52
2026-09-30T21:21:09.272978+00:00,1903900011722,42.7,Mala,54.53,Aceptable,interpolacion_delaunay,0,511,20,136,16
2026-09-30T21:21:09.272978+00:00,1903900011737,34.04,Mala,42.82,Bueno,interpolacion_delaunay,0,377,25,76,21
2026-09-30T21:21:09.272978+00:00,1903900011741,40.66,Mala,50.77,Aceptable,interpolacion_delaunay,0,179,8,28,10
2026-09-30T21:21:09.272978+00:00,1903900011756,39.98,Mala,49.73,Aceptable,interpolacion_delaunay,0,191,3,61,18
2026-09-30T21:21:09.272978+00:00,1903900011794,48.45,Mala,63.4,Mala,interpolacion_delaunay,0,2555,160,623,167
2026-09-30T21:21:09.272978+00:00,1903900011845,12.5,Bueno,13.1,Bueno,promedio_sensores,1,2750,133,527,66
2026-09-30T21:21:09.272978+00:00,190390001185A,41.97,Mala,52.9,Aceptable,interpolacion_delaunay,0,2718,189,497,75
2026-09-30T21:21:09.272978+00:00,1903900011879,46.5,Mala,58.86,Aceptable,interpolacion_delaunay,0,2302,190,467,160
2026-09-30T21:21:09.272978+00:00,1903900011883,46.31,Mala,58.48,Aceptable,interpolacion_delaunay,0,2653,217,567,162
2026-09-30T21:21:09.272978+00:00,1903900011898,47.99,Mala,60.65,Mala,interpolacion_delaunay,0,2466,163,572,128
2026-09-30T21:21:09.272978+00:00,1903900011900,44.55,Mala,55.88,Aceptable,interpolacion_delaunay,0,1274,99,333,108
2026-09-30T21:21:09.272978+00:00,1903900012167,45.55,Mala,58.42,Aceptable,interpolacion_delaunay,0,2883,124,813,123
2026-09-30T21:21:09.272978+00:00,1903900012190,39.84,Mala,49.09,Aceptable,interpolacion_delaunay,0,1182,41,455,89
2026-09-30T21:21:09.272978+00:00,1903900012218,36.62,Mala,43.36,Bueno,interpolacion_delaunay,0,1788,87,512,71
2026-09-30T21:21:09.272978+00:00,1903900012241,34.65,Mala,41.55,Bueno,interpolacion_delaunay,0,1136,46,404,79
2026-09-30T21:21:09.272978+00:00,1903900012275,41.04,Mala,49.43,Aceptable,interpolacion_delaunay,0,3740,200,896,144
2026-09-30T21:21:09.272978+00:00,1903900012472,49.8,Mala,65.1,Mala,promedio_sensores,1,4662,342,773,243
2026-09-30T21:21:09.272978+00:00,190390001267A,40.06,Mala,51.65,Aceptable,interpolacion_delaunay,0,3909,249,1025,191
2026-09-30T21:21:09.272978+00:00,1903900012684,41.33,Mala,53.54,Aceptable,interpolacion_delaunay,0,2186,73,687,43
2026-09-30T21:21:09.272978+00:00,1903900012720,48.9,Mala,65.9,Mala,promedio_sensores,1,970,52,170,37
2026-09-30T21:21:09.272978+00:00,190390001274A,47.61,Mala,62.99,Mala,interpolacion_delaunay,0,10,0,0,0
2026-09-30T21:21:09.272978+00:00,1903900012754,48.45,Mala,64.02,Mala,interpolacion_delaunay,0,3205,214,714,184
2026-09-30T21:21:09.272978+00:00,1903900012788,41.72,Mala,52.11,Aceptable,interpolacion_delaunay,0,0,0,0,0
2026-09-30T21:21:09.272978+00:00,190390001281A,42.6,Mala,49.9,Aceptable,promedio_sensores,1,327,0,0,0
2026-09-30T21:21:09.272978+00:00,1903900012877,17.23,Aceptable,20.59,Bueno,interpolacion_delaunay,0,0,0,0,0
2026-09-30T21:21:09.272978+00:00,1903900013451,50.58,Mala,65.65,Mala,interpolacion_delaunay,0,4308,421,672,304
2026-09-30T21:21:09.272978+00:00,1903900013555,42.77,Mala,55.2,Aceptable,interpolacion_delaunay,0,4663,290,902,166
2026-09-30T21:21:09.272978+00:00,1903900013593,40.53,Mala,51.76,Aceptable,interpolacion_delaunay,0,2322,237,355,231
2026-09-30T21:21:09.272978+00:00,1903900013606,44.94,Mala,57.48,Aceptable,interpolacion_delaunay,0,2907,266,482,206
2026-09-30T21:21:09.272978+00:00,1903900013610,30.08,Aceptable,38.2,Bueno,interpolacion_delaunay,0,2513,260,368,178
2026-09-30T21:21:09.272978+00:00,1903900013659,49.98,Mala,64.69,Mala,interpolacion_delaunay,0,1885,176,371,95
2026-09-30T21:21:09.272978+00:00,190390001406A,50.74,Mala,65.73,Mala,interpolacion_delaunay,0,4196,447,516,257
2026-09-30T21:21:09.272978+00:00,1903900014093,49.54,Mala,64.27,Mala,interpolacion_delaunay,0,3096,303,444,145
2026-09-30T21:21:09.272978+00:00,1903900014144,16.75,Aceptable,26.33,Bueno,interpolacion_delaunay,0,883,38,360,125
2026-09-30T21:21:09.272978+00:00,1903900014159,1.6,Bueno,2.3,Bueno,promedio_sensores,1,620,20,142,55
2026-09-30T21:21:09.272978+00:00,1903900014500,49.62,Mala,64.44,Mala,interpolacion_delaunay,0,3056,353,283,111
2026-09-30T21:21:09.272978+00:00,1903900014515,49.48,Mala,64.38,Mala,interpolacion_delaunay,0,3391,252,688,180
2026-09-30T21:21:09.272978+00:00,1903900014549,50.28,Mala,65.42,Mala,interpolacion_delaunay,0,4319,365,785,218
2026-09-30T21:21:09.272978+00:00,1903900014553,50.52,Mala,65.72,Mala,interpolacion_delaunay,0,3885,315,748,307
2026-09-30T21:21:09.272978+00:00,1903900014619,12.53,Bueno,14.93,Bueno,interpolacion_delaunay,0,2679,137,355,34
2026-09-30T21:21:09.272978+00:00,1903900014623,48.2,Mala,61.3,Mala,promedio_sensores,1,1853,99,476,133
2026-09-30T21:21:09.272978+00:00,1903900014731,47.46,Mala,61.49,Mala,interpolacion_delaunay,0,2772,164,687,112
2026-09-30T21:21:09.272978+00:00,1903900014905,38.6,Mala,48.08,Aceptable,interpolacion_delaunay,0,2280,182,284,44
2026-09-30T21:21:09.272978+00:00,190390001491A,36.98,Mala,47.76,Aceptable,interpolacion_delaunay,0,897,47,73,0
2026-09-30T21:21:09.272978+00:00,1903900014924,44.2,Mala,53.6,Aceptable,promedio_sensores,1,2425,136,485,38
2026-09-30T21:21:09.272978+00:00,1903900014939,46.08,Mala,57.49,Aceptable,interpolacion_delaunay,0,1974,92,485,50
2026-09-30T21:21:09.272978+00:00,1903900015142,44.0,Mala,56.34,Aceptable,interpolacion_delaunay,0,2839,330,193,45
2026-09-30T21:21:09.272978+00:00,1903900011385,47.95,Mala,62.57,Mala,interpolacion_delaunay,0,1585,87,442,107
2026-09-30T21:21:09.272978+00:00,1903900012805,46.38,Mala,57.57,Aceptable,interpolacion_delaunay,0,3258,186,362,30
2026-09-30T21:21:09.272978+00:00,1903900011826,48.47,Mala,60.93,Mala,interpolacion_delaunay,0,1966,181,300,39
2026-09-30T21:21:09.272978+00:00,1903900012468,43.62,Mala,54.55,Aceptable,interpolacion_delaunay,0,3979,370,451,75
2026-09-30T21:21:09.272978+00:00,1903900012133,50.13,Mala,64.31,Mala,interpolacion_delaunay,0,3643,409,514,130
2026-09-30T21:21:09.272978+00:00,1903900014182,49.32,Mala,63.71,Mala,interpolacion_delaunay,0,2164,180,491,80
2026-09-30T21:21:09.272978+00:00,1903900012152,47.76,Mala,62.05,Mala,interpolacion_delaunay,0,2360,140,519,93
2026-09-30T21:21:09.272978+00:00,1903900012082,48.6,Mala,63.1,Mala,interpolacion_delaunay,0,2402,95,700,143
2026-09-30T21:21:09.272978+00:00,1903900013663,47.33,Mala,60.68,Mala,interpolacion_delaunay,0,4832,422,675,278
2026-09-30T21:21:09.272978+00:00,1903900013714,12.18,Bueno,13.13,Bueno,interpolacion_delaunay,0,4743,468,751,239
2026-09-30T21:21:09.272978+00:00,1903900012858,30.56,Aceptable,37.14,Bueno,interpolacion_delaunay,0,0,0,0,0
2026-09-30T21:21:09.272978+00:00,1903900012839,33.07,Mala,39.08,Bueno,interpolacion_delaunay,0,426,30,39,0
2026-09-30T21:21:09.272978+00:00,1903900012843,45.9,Mala,55.7,Aceptable,promedio_sensores,1,3288,154,618,59
2026-09-30T21:21:09.272978+00:00,1903900012862,25.24,Aceptable,29.79,Bueno,interpolacion_delaunay,0,0,0,0,0
2026-09-30T21:21:09.272978+00:00,1903900013733,9.32,Bueno,10.04,Bueno,interpolacion_delaunay,0,1895,90,465,59
2026-09-30T21:21:09.272978+00:00,1903900012294,40.58,Mala,49.28,Aceptable,interpolacion_delaunay,0,3104,120,1010,138
2026-09-30T21:21:09.272978+00:00,190390001228A,44.76,Mala,54.28,Aceptable,interpolacion_delaunay,0,2430,94,799,56
2026-09-30T21:21:09.272978+00:00,1903900010423,50.85,Mala,66.14,Mala,interpolacion_delaunay,0,3542,305,682,134
2026-09-30T21:21:09.272978+00:00,1903900010334,51.08,Mala,66.36,Mala,interpolacion_delaunay,0,878,76,200,70
2026-09-30T21:21:09.272978+00:00,1903900010071,49.53,Mala,63.94,Mala,interpolacion_delaunay,0,2520,129,682,146
2026-09-30T21:21:09.272978+00:00,1903900014869,9.06,Bueno,11.64,Bueno,interpolacion_delaunay,0,4404,353,307,53
2026-09-30T21:21:09.272978+00:00,1903900013748,11.16,Bueno,13.16,Bueno,interpolacion_delaunay,0,3552,225,627,97
2026-09-30T21:21:09.272978+00:00,1903900011050,46.77,Mala,60.0,Aceptable,interpolacion_delaunay,0,1589,135,342,104
2026-09-30T21:21:09.272978+00:00,1903900011116,46.43,Mala,59.62,Aceptable,interpolacion_delaunay,0,0,0,0,0
2026-09-30T21:21:09.272978+00:00,1903900010809,50.1,Mala,64.73,Mala,interpolacion_delaunay,0,59,3,14,3
2026-09-30T21:21:09.272978+00:00,1903900010989,49.41,Mala,63.49,Mala,interpolacion_delaunay,0,6061,564,591,133
2026-09-30T21:21:09.272978+00:00,1903900010851,46.42,Mala,59.55,Aceptable,interpolacion_delaunay,0,1601,105,413,68
2026-09-30T21:21:09.272978+00:00,1903900013413,45.0,Mala,57.83,Aceptable,interpolacion_delaunay,0,7251,522,1316,316
2026-09-30T21:21:09.272978+00:00,1903900010033,48.26,Mala,62.03,Mala,interpolacion_delaunay,0,3321,285,588,124
2026-09-30T21:21:09.272978+00:00,1903900010137,45.92,Mala,59.24,Aceptable,interpolacion_delaunay,0,4478,279,1202,320
2026-09-30T21:21:09.272978+00:00,1903900010141,47.48,Mala,61.34,Mala,interpolacion_delaunay,0,4273,225,965,185
2026-09-30T21:21:09.272978+00:00,1903900010762,50.27,Mala,64.67,Mala,interpolacion_delaunay,0,1600,114,337,68
2026-09-30T21:21:09.272978+00:00,1903900014106,49.27,Mala,64.0,Mala,interpolacion_delaunay,0,4189,248,1019,177
2026-09-30T21:21:09.272978+00:00,1903900014110,49.06,Mala,63.89,Mala,interpolacion_delaunay,0,2699,161,643,225
2026-09-30T21:21:09.272978+00:00,1903900010921,50.15,Mala,64.34,Mala,interpolacion_delaunay,0,2388,213,393,106
2026-09-30T21:21:09.272978+00:00,1903900010669,50.42,Mala,64.93,Mala,interpolacion_delaunay,0,2152,159,463,119
2026-09-30T21:21:09.272978+00:00,1903900010067,49.53,Mala,63.86,Mala,interpolacion_delaunay,0,2799,155,819,158
2026-09-30T21:21:09.272978+00:00,1903900010688,50.54,Mala,65.31,Mala,interpolacion_delaunay,0,2838,195,394,149
2026-09-30T21:21:09.272978+00:00,1903900010584,51.04,Mala,66.16,Mala,interpolacion_delaunay,0,3226,273,587,141
2026-09-30T21:21:09.272978+00:00,1903900011417,47.28,Mala,59.56,Aceptable,interpolacion_delaunay,0,3077,152,970,79
2026-09-30T21:21:09.272978+00:00,1903900013837,47.23,Mala,59.36,Aceptable,interpolacion_delaunay,0,3561,193,908,77
2026-09-30T21:21:09.272978+00:00,1903900013930,50.72,Mala,65.44,Mala,interpolacion_delaunay,0,1431,202,111,73
2026-09-30T21:21:09.272978+00:00,1903900014055,50.68,Mala,65.54,Mala,interpolacion_delaunay,0,4222,525,372,136
2026-09-30T21:21:09.272978+00:00,190390001420A,49.35,Mala,64.15,Mala,interpolacion_delaunay,0,3029,320,382,97
2026-09-30T21:21:09.272978+00:00,1903900014197,49.23,Mala,63.89,Mala,interpolacion_delaunay,0,2456,248,321,138
2026-09-30T21:21:09.272978+00:00,1903900010974,49.65,Mala,63.78,Mala,interpolacion_delaunay,0,781,39,192,50
2026-09-30T21:21:09.272978+00:00,1903900011084,46.54,Mala,59.83,Aceptable,interpolacion_delaunay,0,1782,162,338,82
2026-09-30T21:21:09.272978+00:00,1903900010847,47.58,Mala,61.05,Mala,interpolacion_delaunay,0,1023,82,199,53
2026-09-30T21:21:09.272978+00:00,1903900010993,48.88,Mala,62.81,Mala,interpolacion_delaunay,0,1086,95,211,53
2026-09-30T21:21:09.272978+00:00,1903900010372,49.33,Mala,64.15,Mala,interpolacion_delaunay,0,2524,139,785,102
2026-09-30T21:21:09.272978+00:00,1903900011031,47.06,Mala,60.29,Mala,interpolacion_delaunay,0,1190,84,257,58
2026-09-30T21:21:09.272978+00:00,1903900010902,49.44,Mala,63.44,Mala,interpolacion_delaunay,0,3066,119,898,183
2026-09-30T21:21:09.272978+00:00,1903900010777,50.16,Mala,64.57,Mala,interpolacion_delaunay,0,1329,106,264,76
2026-09-30T21:21:09.272978+00:00,1903900010781,50.04,Mala,64.44,Mala,interpolacion_delaunay,0,242,8,54,15
2026-09-30T21:21:09.272978+00:00,1903900014572,48.72,Mala,62.41,Mala,interpolacion_delaunay,0,1442,81,389,93
2026-09-30T21:21:09.272978+00:00,1903900014676,49.32,Mala,64.03,Mala,interpolacion_delaunay,0,2120,102,506,104
2026-09-30T21:21:09.272978+00:00,190390001025A,49.21,Mala,63.8,Mala,interpolacion_delaunay,0,3942,258,986,278
2026-09-30T21:21:09.272978+00:00,1903900010495,49.55,Mala,64.44,Mala,interpolacion_delaunay,0,1812,109,420,98
2026-09-30T21:21:09.272978+00:00,1903900010917,50.2,Mala,64.3,Mala,promedio_sensores,1,2843,155,698,133
2026-09-30T21:21:09.272978+00:00,1903900010955,49.95,Mala,64.14,Mala,interpolacion_delaunay,0,288,25,64,22
2026-09-30T21:21:09.272978+00:00,1903900013697,14.75,Bueno,15.95,Bueno,interpolacion_delaunay,0,1977,183,341,77
2026-09-30T21:21:09.272978+00:00,1903900013860,50.55,Mala,65.34,Mala,interpolacion_delaunay,0,3174,344,383,184
2026-09-30T21:21:09.272978+00:00,1903900015439,35.03,Mala,44.77,Bueno,interpolacion_delaunay,0,627,97,12,5
2026-09-30T21:21:09.272978+00:00,1903900011027,48.13,Mala,61.68,Mala,interpolacion_delaunay,0,509,36,115,25
2026-09-30T21:21:09.272978+00:00,1903900013998,50.22,Mala,64.39,Mala,interpolacion_delaunay,0,5766,706,558,248
2026-09-30T21:21:09.272978+00:00,190390001477A,40.39,Mala,49.7,Aceptable,interpolacion_delaunay,0,550,33,68,4
2026-09-30T21:21:09.272978+00:00,1903900014002,50.38,Mala,64.7,Mala,interpolacion_delaunay,0,5494,669,668,240
2026-09-30T21:21:09.272978+00:00,1903900014873,5.12,Bueno,6.55,Bueno,interpolacion_delaunay,0,2383,154,261,52
2026-09-30T21:21:09.272978+00:00,1903900011008,48.96,Mala,62.8,Mala,interpolacion_delaunay,0,1877,145,377,135
2026-09-30T21:21:09.272978+00:00,1903900011313,48.12,Mala,61.65,Mala,interpolacion_delaunay,0,5055,336,882,185
2026-09-30T21:21:09.272978+00:00,190390001139A,47.0,Mala,60.33,Mala,interpolacion_delaunay,0,1079,59,290,49
2026-09-30T21:21:09.272978+00:00,1903900011402,47.45,Mala,61.06,Mala,interpolacion_delaunay,0,681,31,196,23
2026-09-30T21:21:09.272978+00:00,1903900012519,50.13,Mala,64.2,Mala,interpolacion_delaunay,0,5642,661,498,241
2026-09-30T21:21:09.272978+00:00,1903900013822,45.86,Mala,56.58,Aceptable,interpolacion_delaunay,0,6050,361,890,140
2026-09-30T21:21:09.272978+00:00,1903900013964,46.31,Mala,57.18,Aceptable,interpolacion_delaunay,0,728,55,70,19
2026-09-30T21:21:09.272978+00:00,1903900014125,49.11,Mala,63.95,Mala,interpolacion_delaunay,0,1881,174,361,63
2026-09-30T21:21:09.272978+00:00,190390001452A,50.78,Mala,65.66,Mala,interpolacion_delaunay,0,2471,240,363,186
2026-09-30T21:21:09.272978+00:00,190390001413A,49.07,Mala,63.81,Mala,interpolacion_delaunay,0,2082,180,339,126
2026-09-30T21:21:09.272978+00:00,1903900010461,48.7,Mala,63.5,Mala,promedio_sensores,1,3422,173,1112,139
2026-09-30T21:21:09.272978+00:00,1903900014534,51.1,Mala,66.31,Mala,interpolacion_delaunay,0,1267,111,229,29
2026-09-30T21:21:09.272978+00:00,1903900013767,18.06,Aceptable,22.01,Bueno,interpolacion_delaunay,0,2308,117,605,127
2026-09-30T21:21:09.272978+00:00,1903900012345,6.41,Bueno,7.07,Bueno,interpolacion_delaunay,0,2632,98,737,80
2026-09-30T21:21:09.272978+00:00,1903900012364,2.7,Bueno,3.4,Bueno,promedio_sensores,1,2327,116,787,61
2026-09-30T21:21:09.272978+00:00,1903900011629,21.0,Aceptable,35.5,Bueno,promedio_sensores,1,2881,196,402,58
2026-09-30T21:21:09.272978+00:00,1903900013396,50.25,Mala,64.8,Mala,interpolacion_delaunay,0,4014,389,664,275
2026-09-30T21:21:09.272978+00:00,1903900010245,39.83,Mala,51.07,Aceptable,interpolacion_delaunay,0,2709,131,764,208
2026-09-30T21:21:09.272978+00:00,1903900015284,36.94,Mala,47.28,Aceptable,interpolacion_delaunay,0,513,29,60,13
2026-09-30T21:21:09.272978+00:00,1903900010118,50.14,Mala,64.74,Mala,interpolacion_delaunay,0,4580,383,955,302
2026-09-30T21:21:09.272978+00:00,1903900010052,50.15,Mala,64.59,Mala,interpolacion_delaunay,0,3869,304,717,323
2026-09-30T21:21:09.272978+00:00,1903900015123,50.45,Mala,64.9,Mala,interpolacion_delaunay,0,68,3,4,3
2026-09-30T21:21:09.272978+00:00,1903900014036,50.46,Mala,65.02,Mala,interpolacion_delaunay,0,4679,569,514,263
2026-09-30T21:21:09.272978+00:00,1903900010508,49.79,Mala,64.86,Mala,interpolacion_delaunay,0,3451,202,579,150
2026-09-30T21:21:09.272978+00:00,1903900010527,50.01,Mala,65.1,Mala,interpolacion_delaunay,0,1779,95,454,127
2026-09-30T21:21:09.272978+00:00,1903900013729,15.26,Aceptable,18.0,Bueno,interpolacion_delaunay,0,3410,392,357,136
2026-09-30T21:21:09.272978+00:00,190390001370A,16.57,Aceptable,19.0,Bueno,interpolacion_delaunay,0,4006,357,563,228
2026-09-30T21:21:09.272978+00:00,1904600010362,45.51,Mala,58.23,Aceptable,interpolacion_delaunay,0,5505,271,1291,301
2026-09-30T21:21:09.272978+00:00,1904600011483,65.64,Mala,77.14,Mala,interpolacion_delaunay,0,2026,111,597,94
2026-09-30T21:21:09.272978+00:00,1904600011638,44.5,Mala,56.64,Aceptable,interpolacion_delaunay,0,4053,248,498,114
2026-09-30T21:21:09.272978+00:00,1904600010998,44.81,Mala,57.51,Aceptable,interpolacion_delaunay,0,5855,449,1099,257
2026-09-30T21:21:09.272978+00:00,1904600011676,47.86,Mala,61.56,Mala,interpolacion_delaunay,0,362,30,69,27
2026-09-30T21:21:09.272978+00:00,1904600010216,51.4,Mala,66.9,Mala,promedio_sensores,1,2042,50,546,50
2026-09-30T21:21:09.272978+00:00,1904600010536,46.06,Mala,59.37,Aceptable,interpolacion_delaunay,0,4997,504,603,104
2026-09-30T21:21:09.272978+00:00,1904600011708,45.28,Mala,57.79,Aceptable,interpolacion_delaunay,0,1763,89,284,44
2026-09-30T21:21:09.272978+00:00,190460001070A,47.26,Mala,60.31,Mala,interpolacion_delaunay,0,1273,69,137,48
2026-09-30T21:21:09.272978+00:00,1904600011375,44.55,Mala,56.67,Aceptable,interpolacion_delaunay,0,5964,475,946,326
2026-09-30T21:21:09.272978+00:00,1904600011286,45.44,Mala,58.09,Aceptable,interpolacion_delaunay,0,2603,117,839,196
2026-09-30T21:21:09.272978+00:00,1904600011623,44.47,Mala,56.64,Aceptable,interpolacion_delaunay,0,4225,248,423,136
2026-09-30T21:21:09.272978+00:00,1904600010786,44.91,Mala,57.29,Aceptable,interpolacion_delaunay,0,4690,309,1009,269
2026-09-30T21:21:09.272978+00:00,190460001024A,46.62,Mala,59.94,Aceptable,interpolacion_delaunay,0,2748,75,850,176
2026-09-30T21:21:09.272978+00:00,1904600010875,44.78,Mala,57.73,Aceptable,interpolacion_delaunay,0,3785,202,993,129
2026-09-30T21:21:09.272978+00:00,1904600010324,45.57,Mala,58.48,Aceptable,interpolacion_delaunay,0,2214,97,651,92
2026-09-30T21:21:09.272978+00:00,1904600011233,44.72,Mala,57.22,Aceptable,interpolacion_delaunay,0,3010,241,577,204
2026-09-30T21:21:09.272978+00:00,1904600010131,48.83,Mala,63.11,Mala,interpolacion_delaunay,0,4113,160,1393,177
2026-09-30T21:21:09.272978+00:00,1904600010184,48.94,Mala,63.33,Mala,interpolacion_delaunay,0,3438,93,1132,126
2026-09-30T21:21:09.272978+00:00,1904600010235,47.97,Mala,61.94,Mala,interpolacion_delaunay,0,2765,104,711,111
2026-09-30T21:21:09.272978+00:00,1904600010466,50.64,Mala,65.65,Mala,interpolacion_delaunay,0,2212,113,500,58
2026-09-30T21:21:09.272978+00:00,190460001049A,50.89,Mala,66.09,Mala,interpolacion_delaunay,0,2827,123,674,44
2026-09-30T21:21:09.272978+00:00,1904600011407,45.82,Mala,59.15,Aceptable,interpolacion_delaunay,0,3464,317,610,173
2026-09-30T21:21:09.272978+00:00,1904600011642,46.64,Mala,60.09,Mala,interpolacion_delaunay,0,2601,116,623,113
2026-09-30T21:21:09.272978+00:00,1904600011731,46.74,Mala,59.74,Aceptable,interpolacion_delaunay,0,3017,207,561,120
2026-09-30T21:21:09.272978+00:00,1904600010108,45.24,Mala,58.01,Aceptable,interpolacion_delaunay,0,2483,125,582,112
2026-09-30T21:21:09.272978+00:00,1904600010127,44.36,Mala,56.99,Aceptable,interpolacion_delaunay,0,4270,186,1281,297
2026-09-30T21:21:09.272978+00:00,1904600010292,48.58,Mala,62.67,Mala,interpolacion_delaunay,0,0,0,0,0
2026-09-30T21:21:09.272978+00:00,1904600010714,44.33,Mala,56.55,Aceptable,interpolacion_delaunay,0,3666,266,947,309
2026-09-30T21:21:09.272978+00:00,1904600010860,45.62,Mala,58.97,Aceptable,interpolacion_delaunay,0,3290,227,721,158
2026-09-30T21:21:09.272978+00:00,1904600011002,45.31,Mala,58.21,Aceptable,interpolacion_delaunay,0,3262,289,695,194
2026-09-30T21:21:09.272978+00:00,190460001120A,44.54,Mala,56.99,Aceptable,interpolacion_delaunay,0,3141,265,631,179
2026-09-30T21:21:09.272978+00:00,1904600011341,45.59,Mala,58.5,Aceptable,interpolacion_delaunay,0,3608,289,555,127
2026-09-30T21:21:09.272978+00:00,1904600011426,44.58,Mala,57.2,Aceptable,interpolacion_delaunay,0,3335,302,691,164
2026-09-30T21:21:09.272978+00:00,190460001177A,50.78,Mala,65.76,Mala,interpolacion_delaunay,0,2611,224,320,95
2026-09-30T21:21:09.272978+00:00,1904600010042,52.36,Mala,65.09,Mala,interpolacion_delaunay,0,1646,90,422,69
2026-09-30T21:21:09.272978+00:00,1904600010057,50.97,Mala,63.52,Mala,interpolacion_delaunay,0,1216,61,388,100
2026-09-30T21:21:09.272978+00:00,1904600010076,44.75,Mala,57.63,Aceptable,interpolacion_delaunay,0,3762,199,1053,215
2026-09-30T21:21:09.272978+00:00,1904600010095,47.37,Mala,60.06,Mala,interpolacion_delaunay,0,1199,53,337,85
2026-09-30T21:21:09.272978+00:00,1904600010146,45.89,Mala,58.97,Aceptable,interpolacion_delaunay,0,2987,160,749,104
2026-09-30T21:21:09.272978+00:00,190460001017A,44.04,Mala,56.47,Aceptable,interpolacion_delaunay,0,4101,180,1201,211
2026-09-30T21:21:09.272978+00:00,1904600010201,44.76,Mala,57.42,Aceptable,interpolacion_delaunay,0,3988,173,1242,253
2026-09-30T21:21:09.272978+00:00,1904600010220,50.35,Mala,65.34,Mala,interpolacion_delaunay,0,1869,61,495,59
2026-09-30T21:21:09.272978+00:00,190460001031A,45.34,Mala,58.14,Aceptable,interpolacion_delaunay,0,2149,134,353,62
2026-09-30T21:21:09.272978+00:00,1904600010343,44.85,Mala,57.32,Aceptable,interpolacion_delaunay,0,5532,394,1335,345
2026-09-30T21:21:09.272978+00:00,1904600010381,45.91,Mala,58.84,Aceptable,interpolacion_delaunay,0,3251,164,847,172
2026-09-30T21:21:09.272978+00:00,1904600010413,50.4,Mala,65.21,Mala,interpolacion_delaunay,0,4002,238,499,120
2026-09-30T21:21:09.272978+00:00,1904600010485,51.16,Mala,66.43,Mala,interpolacion_delaunay,0,3150,144,1004,109
2026-09-30T21:21:09.272978+00:00,1904600010540,44.09,Mala,56.48,Aceptable,interpolacion_delaunay,0,4952,283,1289,225
2026-09-30T21:21:09.272978+00:00,1904600010555,46.26,Mala,59.49,Aceptable,interpolacion_delaunay,0,0,0,0,0
2026-09-30T21:21:09.272978+00:00,1904600010593,44.04,Mala,56.29,Aceptable,interpolacion_delaunay,0,5785,417,488,81
2026-09-30T21:21:09.272978+00:00,1904600010610,47.91,Mala,61.37,Mala,interpolacion_delaunay,0,4819,442,219,35
2026-09-30T21:21:09.272978+00:00,1904600010625,44.96,Mala,57.62,Aceptable,interpolacion_delaunay,0,684,56,110,22
2026-09-30T21:21:09.272978+00:00,1904600010659,43.89,Mala,55.99,Aceptable,interpolacion_delaunay,0,0,0,0,0
2026-09-30T21:21:09.272978+00:00,1904600010729,44.21,Mala,56.35,Aceptable,interpolacion_delaunay,0,0,0,0,0
2026-09-30T21:21:09.272978+00:00,1904600010752,44.81,Mala,57.18,Aceptable,interpolacion_delaunay,0,2043,121,429,51
2026-09-30T21:21:09.272978+00:00,1904600010790,45.41,Mala,58.04,Aceptable,interpolacion_delaunay,0,0,0,0,0
2026-09-30T21:21:09.272978+00:00,1904600010822,45.84,Mala,59.27,Aceptable,interpolacion_delaunay,0,1808,142,329,116
2026-09-30T21:21:09.272978+00:00,1904600010841,45.53,Mala,58.87,Aceptable,interpolacion_delaunay,0,2675,196,623,119
2026-09-30T21:21:09.272978+00:00,1904600010856,45.22,Mala,58.4,Aceptable,interpolacion_delaunay,0,5049,305,900,195
2026-09-30T21:21:09.272978+00:00,190460001088A,66.81,Mala,77.56,Mala,interpolacion_delaunay,0,4232,220,1219,162
2026-09-30T21:21:09.272978+00:00,1904600010894,60.91,Mala,72.07,Mala,interpolacion_delaunay,0,2806,182,550,130
2026-09-30T21:21:09.272978+00:00,1904600010907,45.14,Mala,58.19,Aceptable,interpolacion_delaunay,0,3550,247,722,168
2026-09-30T21:21:09.272978+00:00,1904600010930,48.38,Mala,62.39,Mala,interpolacion_delaunay,0,3021,143,721,82
2026-09-30T21:21:09.272978+00:00,1904600010945,47.67,Mala,61.43,Mala,interpolacion_delaunay,0,3597,162,944,129
2026-09-30T21:21:09.272978+00:00,190460001095A,45.07,Mala,57.98,Aceptable,interpolacion_delaunay,0,3265,234,654,254
2026-09-30T21:21:09.272978+00:00,1904600010979,43.54,Mala,55.69,Aceptable,interpolacion_delaunay,0,2747,114,869,151
2026-09-30T21:21:09.272978+00:00,1904600011017,44.83,Mala,57.49,Aceptable,interpolacion_delaunay,0,4599,402,752,199
2026-09-30T21:21:09.272978+00:00,1904600011021,43.48,Mala,55.54,Aceptable,interpolacion_delaunay,0,4072,223,1090,178
2026-09-30T21:21:09.272978+00:00,1904600011040,43.71,Mala,55.83,Aceptable,interpolacion_delaunay,0,3276,150,902,88
2026-09-30T21:21:09.272978+00:00,1904600011055,43.68,Mala,55.76,Aceptable,interpolacion_delaunay,0,7096,477,1425,285
2026-09-30T21:21:09.272978+00:00,190460001106A,45.0,Mala,57.58,Aceptable,interpolacion_delaunay,0,1152,61,261,64
2026-09-30T21:21:09.272978+00:00,1904600011074,44.19,Mala,56.54,Aceptable,interpolacion_delaunay,0,4901,241,744,96
2026-09-30T21:21:09.272978+00:00,1904600011089,43.93,Mala,56.1,Aceptable,interpolacion_delaunay,0,3306,318,659,199
2026-09-30T21:21:09.272978+00:00,1904600011093,44.89,Mala,57.42,Aceptable,interpolacion_delaunay,0,3302,217,861,180
2026-09-30T21:21:09.272978+00:00,1904600011106,45.68,Mala,58.55,Aceptable,interpolacion_delaunay,0,3881,243,712,89
2026-09-30T21:21:09.272978+00:00,1904600011110,47.48,Mala,60.68,Mala,interpolacion_delaunay,0,3018,178,738,133
2026-09-30T21:21:09.272978+00:00,1904600011125,44.29,Mala,56.65,Aceptable,interpolacion_delaunay,0,3318,323,549,240
2026-09-30T21:21:09.272978+00:00,190460001113A,44.3,Mala,56.63,Aceptable,interpolacion_delaunay,0,3513,294,662,255
2026-09-30T21:21:09.272978+00:00,1904600011144,44.33,Mala,56.63,Aceptable,interpolacion_delaunay,0,3223,294,460,148
2026-09-30T21:21:09.272978+00:00,1904600011159,44.08,Mala,56.17,Aceptable,interpolacion_delaunay,0,4682,317,917,254
2026-09-30T21:21:09.272978+00:00,1904600011163,44.3,Mala,56.47,Aceptable,interpolacion_delaunay,0,4463,291,849,173
2026-09-30T21:21:09.272978+00:00,1904600011178,44.82,Mala,57.24,Aceptable,interpolacion_delaunay,0,2288,137,771,142
2026-09-30T21:21:09.272978+00:00,1904600011182,44.61,Mala,56.95,Aceptable,interpolacion_delaunay,0,2567,158,877,192
2026-09-30T21:21:09.272978+00:00,1904600011197,44.44,Mala,56.65,Aceptable,interpolacion_delaunay,0,2285,129,707,149
2026-09-30T21:21:09.272978+00:00,1904600011214,44.8,Mala,57.38,Aceptable,interpolacion_delaunay,0,2395,153,608,159
2026-09-30T21:21:09.272978+00:00,1904600011229,44.98,Mala,57.61,Aceptable,interpolacion_delaunay,0,3808,341,729,252
2026-09-30T21:21:09.272978+00:00,1904600011248,44.54,Mala,56.89,Aceptable,interpolacion_delaunay,0,3448,233,731,165
2026-09-30T21:21:09.272978+00:00,1904600011252,45.24,Mala,57.9,Aceptable,interpolacion_delaunay,0,3638,249,902,255
2026-09-30T21:21:09.272978+00:00,1904600011271,45.23,Mala,57.77,Aceptable,interpolacion_delaunay,0,3393,200,1049,183
2026-09-30T21:21:09.272978+00:00,1904600011290,44.61,Mala,57.33,Aceptable,interpolacion_delaunay,0,3613,204,959,164
2026-09-30T21:21:09.272978+00:00,1904600011303,44.91,Mala,57.77,Aceptable,interpolacion_delaunay,0,4255,296,730,120
2026-09-30T21:21:09.272978+00:00,1904600011318,43.2,Mala,55.2,Aceptable,promedio_sensores,1,2617,117,712,78
2026-09-30T21:21:09.272978+00:00,1904600011322,43.34,Mala,55.4,Aceptable,interpolacion_delaunay,0,3209,131,1071,177
2026-09-30T21:21:09.272978+00:00,1904600011356,44.6,Mala,57.01,Aceptable,interpolacion_delaunay,0,5344,302,754,186
2026-09-30T21:21:09.272978+00:00,190460001138A,47.33,Mala,59.75,Aceptable,interpolacion_delaunay,0,2330,116,772,143
2026-09-30T21:21:09.272978+00:00,1904600011394,51.49,Mala,63.12,Mala,interpolacion_delaunay,0,2495,152,536,127
2026-09-30T21:21:09.272978+00:00,1904600011430,44.13,Mala,56.49,Aceptable,interpolacion_delaunay,0,4835,297,977,195
2026-09-30T21:21:09.272978+00:00,1904600011445,44.56,Mala,56.77,Aceptable,interpolacion_delaunay,0,2396,140,277,35
2026-09-30T21:21:09.272978+00:00,190460001145A,44.84,Mala,57.19,Aceptable,interpolacion_delaunay,0,4010,242,623,75
2026-09-30T21:21:09.272978+00:00,1904600011464,48.13,Mala,61.98,Mala,interpolacion_delaunay,0,3269,192,527,50
2026-09-30T21:21:09.272978+00:00,1904600011479,55.34,Mala,68.21,Mala,interpolacion_delaunay,0,2267,102,540,81
2026-09-30T21:21:09.272978+00:00,1904600011500,45.52,Mala,58.74,Aceptable,interpolacion_delaunay,0,4575,375,784,254
2026-09-30T21:21:09.272978+00:00,1904600011515,45.29,Mala,58.37,Aceptable,interpolacion_delaunay,0,1791,111,314,102
2026-09-30T21:21:09.272978+00:00,190460001152A,45.34,Mala,58.38,Aceptable,interpolacion_delaunay,0,3396,254,719,167
2026-09-30T21:21:09.272978+00:00,1904600011534,45.43,Mala,58.48,Aceptable,interpolacion_delaunay,0,5740,487,560,132
2026-09-30T21:21:09.272978+00:00,1904600011549,43.77,Mala,55.94,Aceptable,interpolacion_delaunay,0,4515,263,831,205
2026-09-30T21:21:09.272978+00:00,1904600011568,45.21,Mala,57.97,Aceptable,interpolacion_delaunay,0,4996,283,463,138
2026-09-30T21:21:09.272978+00:00,1904600011572,45.31,Mala,58.09,Aceptable,interpolacion_delaunay,0,4541,345,482,121
2026-09-30T21:21:09.272978+00:00,1904600011587,47.69,Mala,60.98,Mala,interpolacion_delaunay,0,2786,153,244,33
2026-09-30T21:21:09.272978+00:00,1904600011591,47.56,Mala,60.75,Mala,interpolacion_delaunay,0,3387,245,335,48
2026-09-30T21:21:09.272978+00:00,1904600011604,44.66,Mala,57.01,Aceptable,interpolacion_delaunay,0,3298,256,771,245
2026-09-30T21:21:09.272978+00:00,1904600011619,45.08,Mala,57.6,Aceptable,interpolacion_delaunay,0,3765,260,958,269
2026-09-30T21:21:09.272978+00:00,1904600011657,45.97,Mala,59.11,Aceptable,interpolacion_delaunay,0,3567,176,481,50
2026-09-30T21:21:09.272978+00:00,1904600011661,45.67,Mala,58.44,Aceptable,interpolacion_delaunay,0,282,11,66,6
2026-09-30T21:21:09.272978+00:00,1904600011727,62.83,Mala,74.24,Mala,interpolacion_delaunay,0,3412,179,655,144
2026-09-30T21:21:09.272978+00:00,1904600011746,43.65,Mala,55.78,Aceptable,interpolacion_delaunay,0,3218,196,815,117
2026-09-30T21:21:09.272978+00:00,1904600011750,43.98,Mala,56.28,Aceptable,interpolacion_delaunay,0,4162,197,210,54
2026-09-30T21:21:09.272978+00:00,1904600011765,50.6,Mala,65.38,Mala,interpolacion_delaunay,0,3860,405,397,208
2026-09-30T21:21:09.272978+00:00,1904600010663,44.02,Mala,56.15,Aceptable,interpolacion_delaunay,0,198,8,27,0
2026-09-30T21:21:09.272978+00:00,1904600010926,45.85,Mala,59.24,Aceptable,interpolacion_delaunay,0,5007,437,867,291
2026-09-30T21:21:09.272978+00:00,1904600010339,45.64,Mala,58.55,Aceptable,interpolacion_delaunay,0,1314,68,335,78
2026-09-30T21:21:09.272978+00:00,1904600011267,45.6,Mala,58.43,Aceptable,interpolacion_delaunay,0,3908,248,1102,331
2026-09-30T21:21:09.272978+00:00,1904600011712,47.05,Mala,60.04,Mala,interpolacion_delaunay,0,3272,182,300,58
2026-09-30T21:21:09.272978+00:00,1904600010447,50.79,Mala,63.71,Mala,interpolacion_delaunay,0,4132,230,437,113
2026-09-30T21:21:09.272978+00:00,1904600011498,73.28,Mala,83.76,Mala,interpolacion_delaunay,0,3212,141,667,65
2026-09-30T21:21:09.272978+00:00,1904600010682,45.25,Mala,57.9,Aceptable,interpolacion_delaunay,0,6498,485,714,113
2026-09-30T21:21:09.272978+00:00,1903100450393,35.81,Mala,46.14,Aceptable,interpolacion_delaunay,0,4470,331,183,115
2026-09-30T21:21:09.272978+00:00,1903100451090,45.59,Mala,66.11,Mala,interpolacion_delaunay,0,3117,391,133,67
2026-09-30T21:21:09.272978+00:00,1903100010340,51.0,Mala,80.41,Mala,interpolacion_delaunay,0,3444,349,252,192
2026-09-30T21:21:09.272978+00:00,1903100450641,43.33,Mala,56.57,Aceptable,interpolacion_delaunay,0,1572,92,57,77
2026-09-30T21:21:09.272978+00:00,1903100451086,45.75,Mala,64.63,Mala,interpolacion_delaunay,0,3582,470,173,24
2026-09-30T21:21:09.272978+00:00,190310311171A,44.47,Mala,67.13,Mala,interpolacion_delaunay,0,1226,184,39,41
2026-09-30T21:21:09.272978+00:00,1903100450088,39.75,Mala,51.87,Aceptable,interpolacion_delaunay,0,106,4,27,5
2026-09-30T21:21:09.272978+00:00,1903100450321,41.64,Mala,54.21,Aceptable,interpolacion_delaunay,0,781,65,43,66
2026-09-30T21:21:09.272978+00:00,1903100450656,31.32,Aceptable,39.88,Bueno,interpolacion_delaunay,0,6656,512,216,203
2026-09-30T21:21:09.272978+00:00,1903100451461,27.89,Aceptable,35.4,Bueno,interpolacion_delaunay,0,215,36,0,4
2026-09-30T21:21:09.272978+00:00,1903100451391,27.22,Aceptable,34.32,Bueno,interpolacion_delaunay,0,400,41,11,20
2026-09-30T21:21:09.272978+00:00,190310001068A,52.1,Mala,85.0,Mala,promedio_sensores,1,5585,402,158,107
2026-09-30T21:21:09.272978+00:00,1903100010872,50.17,Mala,78.86,Mala,interpolacion_delaunay,0,2902,333,115,45
2026-09-30T21:21:09.272978+00:00,1903100450266,32.97,Aceptable,42.48,Bueno,interpolacion_delaunay,0,3518,300,297,140
2026-09-30T21:21:09.272978+00:00,1903100451211,40.6,Mala,52.61,Aceptable,interpolacion_delaunay,0,318,31,15,12
2026-09-30T21:21:09.272978+00:00,1903100450105,35.41,Mala,46.03,Aceptable,interpolacion_delaunay,0,617,53,101,42
2026-09-30T21:21:09.272978+00:00,1903100450533,29.46,Aceptable,37.67,Bueno,interpolacion_delaunay,0,112,19,4,0
2026-09-30T21:21:09.272978+00:00,1903100450834,30.1,Aceptable,38.41,Bueno,interpolacion_delaunay,0,5335,620,158,133
2026-09-30T21:21:09.272978+00:00,1903100451122,29.19,Aceptable,36.8,Bueno,interpolacion_delaunay,0,4196,367,129,124
2026-09-30T21:21:09.272978+00:00,1903100451118,27.75,Aceptable,35.13,Bueno,interpolacion_delaunay,0,1143,149,65,58
2026-09-30T21:21:09.272978+00:00,1903100450092,39.02,Mala,50.79,Aceptable,interpolacion_delaunay,0,5801,601,614,240
2026-09-30T21:21:09.272978+00:00,190310001036A,50.12,Mala,77.46,Mala,interpolacion_delaunay,0,2196,166,139,77
2026-09-30T21:21:09.272978+00:00,1903100011264,49.45,Mala,78.07,Mala,interpolacion_delaunay,0,166,15,10,4
2026-09-30T21:21:09.272978+00:00,1903100011692,48.18,Mala,71.26,Mala,interpolacion_delaunay,0,1994,254,42,57
2026-09-30T21:21:09.272978+00:00,1903100450675,33.52,Mala,42.95,Bueno,interpolacion_delaunay,0,2985,254,121,65
2026-09-30T21:21:09.272978+00:00,1903100450815,44.86,Mala,60.84,Mala,interpolacion_delaunay,0,5183,452,347,124
2026-09-30T21:21:09.272978+00:00,1903100450887,38.39,Mala,49.62,Aceptable,interpolacion_delaunay,0,626,73,50,23
2026-09-30T21:21:09.272978+00:00,1903100450891,37.71,Mala,48.48,Aceptable,interpolacion_delaunay,0,3371,329,210,148
2026-09-30T21:21:09.272978+00:00,1903100450904,35.97,Mala,46.04,Aceptable,interpolacion_delaunay,0,2284,216,156,77
2026-09-30T21:21:09.272978+00:00,1903100451438,44.1,Mala,57.6,Aceptable,promedio_sensores,1,489,62,15,5
2026-09-30T21:21:09.272978+00:00,1903100451442,34.77,Mala,44.27,Bueno,interpolacion_delaunay,0,530,59,19,6
2026-09-30T21:21:09.272978+00:00,1903100451828,39.15,Mala,51.26,Aceptable,interpolacion_delaunay,0,1268,201,24,22
2026-09-30T21:21:09.272978+00:00,1903103131616,29.04,Aceptable,36.15,Bueno,interpolacion_delaunay,0,3396,460,75,104
2026-09-30T21:21:09.272978+00:00,1903100451103,33.82,Mala,43.05,Bueno,interpolacion_delaunay,0,1939,184,111,81
2026-09-30T21:21:09.272978+00:00,1903103131601,30.52,Aceptable,38.2,Bueno,interpolacion_delaunay,0,3536,417,97,62
2026-09-30T21:21:09.272978+00:00,1903100451226,31.11,Aceptable,39.37,Bueno,interpolacion_delaunay,0,2587,267,90,42
2026-09-30T21:21:09.272978+00:00,1903103111512,37.51,Mala,49.68,Aceptable,interpolacion_delaunay,0,2486,240,126,82
2026-09-30T21:21:09.272978+00:00,1903100451635,25.8,Aceptable,32.46,Bueno,interpolacion_delaunay,0,3621,518,70,103
2026-09-30T21:21:09.272978+00:00,1903103131300,30.2,Aceptable,37.5,Bueno,promedio_sensores,1,4074,495,120,80
2026-09-30T21:21:09.272978+00:00,1903103111508,42.1,Mala,62.82,Mala,interpolacion_delaunay,0,3724,412,113,64
2026-09-30T21:21:09.272978+00:00,1903100451387,28.79,Aceptable,36.53,Bueno,interpolacion_delaunay,0,1540,218,34,55
2026-09-30T21:21:09.272978+00:00,1903100452101,24.41,Aceptable,30.67,Bueno,interpolacion_delaunay,0,1249,214,20,18
2026-09-30T21:21:09.272978+00:00,1903100451283,25.77,Aceptable,32.22,Bueno,interpolacion_delaunay,0,3230,373,88,78
2026-09-30T21:21:09.272978+00:00,1903103111527,39.55,Mala,55.57,Aceptable,interpolacion_delaunay,0,1682,145,143,89
2026-09-30T21:21:09.272978+00:00,1903100452402,24.06,Aceptable,30.0,Bueno,interpolacion_delaunay,0,0,0,0,0
