timestamp,cvegeo,pm25_interpolado,calidad_pm25,pm10_interpolado,calidad_pm10,metodo,n_sensores,poblacion_total,ninos_0a5,adultos_mayores,personas_discapacidad
2026-10-08T00:06:27.936096+00:00,1900601740121,6.4,Bueno,8.0,Bueno,promedio_sensores,1,2694,310,73,36
2026-10-08T00:06:27.936096+00:00,1900601740155,7.23,Bueno,8.67,Bueno,interpolacion_delaunay,0,1820,285,54,16
2026-10-08T00:06:27.936096+00:00,1900600781948,6.94,Bueno,8.72,Bueno,interpolacion_delaunay,0,1170,93,69,32
2026-10-08T00:06:27.936096+00:00,1900600012236,8.45,Bueno,9.69,Bueno,interpolacion_delaunay,0,264,28,6,0
2026-10-08T00:06:27.936096+00:00,1900600010225,7.45,Bueno,9.12,Bueno,interpolacion_delaunay,0,1,0,0,0
2026-10-08T00:06:27.936096+00:00,1900600010206,8.64,Bueno,10.21,Bueno,interpolacion_delaunay,0,6646,747,526,177
2026-10-08T00:06:27.936096+00:00,1900600010210,7.6,Bueno,9.28,Bueno,interpolacion_delaunay,0,0,0,0,0
2026-10-08T00:06:27.936096+00:00,1900600010244,8.46,Bueno,9.92,Bueno,interpolacion_delaunay,0,90,3,14,3
2026-10-08T00:06:27.936096+00:00,1900600010259,8.79,Bueno,10.26,Bueno,interpolacion_delaunay,0,3329,268,159,53
2026-10-08T00:06:27.936096+00:00,1900600010278,8.38,Bueno,9.84,Bueno,interpolacion_delaunay,0,486,52,18,8
2026-10-08T00:06:27.936096+00:00,1900600010297,7.38,Bueno,8.92,Bueno,interpolacion_delaunay,0,5850,524,288,225
2026-10-08T00:06:27.936096+00:00,1900600010475,8.12,Bueno,9.6,Bueno,interpolacion_delaunay,0,4729,407,844,249
2026-10-08T00:06:27.936096+00:00,190060001030A,7.25,Bueno,8.8,Bueno,interpolacion_delaunay,0,4134,431,170,127
2026-10-08T00:06:27.936096+00:00,1900600010348,8.88,Bueno,10.1,Bueno,interpolacion_delaunay,0,7877,871,609,196
2026-10-08T00:06:27.936096+00:00,1900600010460,8.39,Bueno,9.83,Bueno,interpolacion_delaunay,0,4909,343,1088,217
2026-10-08T00:06:27.936096+00:00,1900600010352,8.71,Bueno,9.93,Bueno,interpolacion_delaunay,0,1017,63,153,80
2026-10-08T00:06:27.936096+00:00,1900600010367,9.01,Bueno,10.18,Bueno,interpolacion_delaunay,0,469,45,60,46
2026-10-08T00:06:27.936096+00:00,1900600010403,8.46,Bueno,10.22,Bueno,interpolacion_delaunay,0,4726,352,972,196
2026-10-08T00:06:27.936096+00:00,190060001055A,8.3,Bueno,10.05,Bueno,interpolacion_delaunay,0,4579,363,547,197
2026-10-08T00:06:27.936096+00:00,1900600010583,7.9,Bueno,9.47,Bueno,interpolacion_delaunay,0,4964,382,425,153
2026-10-08T00:06:27.936096+00:00,1900600010598,7.51,Bueno,9.12,Bueno,interpolacion_delaunay,0,5332,416,338,212
2026-10-08T00:06:27.936096+00:00,1900600010723,7.05,Bueno,9.19,Bueno,interpolacion_delaunay,0,5109,353,1039,281
2026-10-08T00:06:27.936096+00:00,1900600010780,7.95,Bueno,9.38,Bueno,interpolacion_delaunay,0,3755,348,382,222
2026-10-08T00:06:27.936096+00:00,1900600010795,8.23,Bueno,9.59,Bueno,interpolacion_delaunay,0,5270,506,424,204
2026-10-08T00:06:27.936096+00:00,1900600010808,8.53,Bueno,9.82,Bueno,interpolacion_delaunay,0,3443,304,372,102
2026-10-08T00:06:27.936096+00:00,1900600010920,8.5,Bueno,10.3,Bueno,promedio_sensores,1,5729,316,496,128
2026-10-08T00:06:27.936096+00:00,1900600011011,8.43,Bueno,9.98,Bueno,interpolacion_delaunay,0,0,0,0,0
2026-10-08T00:06:27.936096+00:00,1900600011026,8.25,Bueno,9.79,Bueno,interpolacion_delaunay,0,0,0,0,0
2026-10-08T00:06:27.936096+00:00,1900600011064,8.57,Bueno,10.3,Bueno,interpolacion_delaunay,0,4513,371,370,162
2026-10-08T00:06:27.936096+00:00,1900600011098,7.17,Bueno,8.63,Bueno,interpolacion_delaunay,0,5772,542,419,165
2026-10-08T00:06:27.936096+00:00,1900600011149,8.77,Bueno,9.95,Bueno,interpolacion_delaunay,0,1140,100,87,38
2026-10-08T00:06:27.936096+00:00,1900600011350,8.55,Bueno,10.26,Bueno,interpolacion_delaunay,0,3323,233,353,93
2026-10-08T00:06:27.936096+00:00,1900600011365,8.6,Bueno,10.27,Bueno,interpolacion_delaunay,0,3259,285,225,87
2026-10-08T00:06:27.936096+00:00,190060001137A,7.55,Bueno,9.55,Bueno,interpolacion_delaunay,0,2748,223,522,132
2026-10-08T00:06:27.936096+00:00,1900600011632,6.88,Bueno,8.48,Bueno,interpolacion_delaunay,0,5931,475,161,144
2026-10-08T00:06:27.936096+00:00,1900600011384,7.98,Bueno,9.85,Bueno,interpolacion_delaunay,0,3359,263,352,73
2026-10-08T00:06:27.936096+00:00,1900600011399,8.54,Bueno,10.19,Bueno,interpolacion_delaunay,0,2371,274,284,91
2026-10-08T00:06:27.936096+00:00,1900600011469,6.93,Bueno,8.54,Bueno,interpolacion_delaunay,0,1932,125,131,96
2026-10-08T00:06:27.936096+00:00,1900600011401,8.82,Bueno,10.4,Bueno,interpolacion_delaunay,0,3593,269,468,144
2026-10-08T00:06:27.936096+00:00,190060001144A,7.09,Bueno,8.72,Bueno,interpolacion_delaunay,0,6239,575,321,95
2026-10-08T00:06:27.936096+00:00,1900600011473,7.75,Bueno,9.33,Bueno,interpolacion_delaunay,0,2826,209,259,107
2026-10-08T00:06:27.936096+00:00,1900600011488,7.93,Bueno,9.47,Bueno,interpolacion_delaunay,0,2922,234,293,96
2026-10-08T00:06:27.936096+00:00,1900600011492,8.06,Bueno,9.51,Bueno,interpolacion_delaunay,0,1725,134,78,56
2026-10-08T00:06:27.936096+00:00,1900600011505,7.78,Bueno,9.27,Bueno,interpolacion_delaunay,0,2030,151,78,103
2026-10-08T00:06:27.936096+00:00,190060001151A,7.73,Bueno,9.22,Bueno,interpolacion_delaunay,0,4650,413,187,145
2026-10-08T00:06:27.936096+00:00,1900600011524,7.71,Bueno,9.16,Bueno,interpolacion_delaunay,0,3658,279,744,150
2026-10-08T00:06:27.936096+00:00,1900600011539,8.01,Bueno,9.39,Bueno,interpolacion_delaunay,0,3879,269,179,190
2026-10-08T00:06:27.936096+00:00,1900600011543,8.43,Bueno,9.72,Bueno,interpolacion_delaunay,0,3926,372,127,91
2026-10-08T00:06:27.936096+00:00,1900600011844,7.2,Bueno,8.71,Bueno,interpolacion_delaunay,0,1922,166,57,23
2026-10-08T00:06:27.936096+00:00,1900600011666,7.02,Bueno,8.58,Bueno,interpolacion_delaunay,0,2454,221,74,68
2026-10-08T00:06:27.936096+00:00,1900600011859,7.36,Bueno,8.83,Bueno,interpolacion_delaunay,0,1533,143,46,34
2026-10-08T00:06:27.936096+00:00,1900600011863,8.21,Bueno,9.53,Bueno,interpolacion_delaunay,0,1050,130,36,5
2026-10-08T00:06:27.936096+00:00,1900600011878,8.22,Bueno,9.49,Bueno,interpolacion_delaunay,0,5255,440,206,130
2026-10-08T00:06:27.936096+00:00,1900600011882,8.08,Bueno,9.36,Bueno,interpolacion_delaunay,0,5356,444,208,243
2026-10-08T00:06:27.936096+00:00,190060001190A,8.6,Bueno,9.79,Bueno,interpolacion_delaunay,0,3346,296,126,99
2026-10-08T00:06:27.936096+00:00,1900600011914,8.17,Bueno,9.5,Bueno,interpolacion_delaunay,0,5844,518,215,189
2026-10-08T00:06:27.936096+00:00,1900600011929,7.47,Bueno,9.16,Bueno,interpolacion_delaunay,0,5690,426,232,211
2026-10-08T00:06:27.936096+00:00,1900600012043,7.68,Bueno,9.05,Bueno,interpolacion_delaunay,0,3660,375,120,69
2026-10-08T00:06:27.936096+00:00,1900600012109,7.41,Bueno,8.88,Bueno,interpolacion_delaunay,0,1488,155,32,33
2026-10-08T00:06:27.936096+00:00,1900600012128,8.06,Bueno,9.41,Bueno,interpolacion_delaunay,0,1714,168,66,31
2026-10-08T00:06:27.936096+00:00,190060001226A,8.0,Bueno,9.48,Bueno,interpolacion_delaunay,0,4528,324,328,117
2026-10-08T00:06:27.936096+00:00,1900600012274,7.54,Bueno,9.1,Bueno,interpolacion_delaunay,0,5782,615,191,106
2026-10-08T00:06:27.936096+00:00,190060001233A,7.38,Bueno,8.83,Bueno,interpolacion_delaunay,0,2449,267,53,48
2026-10-08T00:06:27.936096+00:00,1900600012414,7.68,Bueno,9.1,Bueno,interpolacion_delaunay,0,2297,332,39,45
2026-10-08T00:06:27.936096+00:00,1900600012429,7.81,Bueno,9.18,Bueno,interpolacion_delaunay,0,3283,479,97,39
2026-10-08T00:06:27.936096+00:00,1900600012734,8.32,Bueno,9.59,Bueno,interpolacion_delaunay,0,961,146,24,13
2026-10-08T00:06:27.936096+00:00,1900600010992,8.13,Bueno,9.76,Bueno,interpolacion_delaunay,0,0,0,0,0
2026-10-08T00:06:27.936096+00:00,1900600012804,8.17,Bueno,9.85,Bueno,interpolacion_delaunay,0,705,129,13,7
2026-10-08T00:06:27.936096+00:00,1900600011897,7.18,Bueno,8.95,Bueno,interpolacion_delaunay,0,3063,294,202,149
2026-10-08T00:06:27.936096+00:00,1900600012202,7.68,Bueno,9.08,Bueno,interpolacion_delaunay,0,372,48,3,8
2026-10-08T00:06:27.936096+00:00,1900600012039,7.76,Bueno,9.2,Bueno,interpolacion_delaunay,0,2684,242,90,67
2026-10-08T00:06:27.936096+00:00,1900601740047,6.67,Bueno,8.26,Bueno,interpolacion_delaunay,0,1719,266,38,40
2026-10-08T00:06:27.936096+00:00,190190001005A,10.62,Bueno,11.11,Bueno,interpolacion_delaunay,0,2404,108,693,69
2026-10-08T00:06:27.936096+00:00,1901900010064,13.6,Bueno,14.43,Bueno,promedio_sensores,4,2721,181,677,58
2026-10-08T00:06:27.936096+00:00,1901900010079,14.4,Bueno,15.8,Bueno,promedio_sensores,1,4464,212,1159,127
2026-10-08T00:06:27.936096+00:00,1901900010083,8.37,Bueno,8.8,Bueno,promedio_sensores,3,1374,63,441,45
2026-10-08T00:06:27.936096+00:00,1901900010098,7.7,Bueno,8.5,Bueno,promedio_sensores,1,1854,103,460,42
2026-10-08T00:06:27.936096+00:00,1901900010100,10.7,Bueno,11.4,Bueno,promedio_sensores,1,1944,129,547,21
2026-10-08T00:06:27.936096+00:00,1901900010149,8.2,Bueno,8.9,Bueno,promedio_sensores,1,1163,75,215,15
2026-10-08T00:06:27.936096+00:00,1901900010153,9.2,Bueno,10.0,Bueno,promedio_sensores,1,1800,134,430,81
2026-10-08T00:06:27.936096+00:00,1901900010168,12.0,Bueno,12.6,Bueno,promedio_sensores,1,1570,81,416,43
2026-10-08T00:06:27.936096+00:00,1901900010172,11.8,Bueno,12.78,Bueno,interpolacion_delaunay,0,1335,59,357,29
2026-10-08T00:06:27.936096+00:00,1901900010187,10.94,Bueno,11.57,Bueno,interpolacion_delaunay,0,4463,306,999,93
2026-10-08T00:06:27.936096+00:00,1901900010191,13.2,Bueno,13.6,Bueno,promedio_sensores,1,2824,172,637,108
2026-10-08T00:06:27.936096+00:00,1901900010204,12.79,Bueno,13.74,Bueno,interpolacion_delaunay,0,3926,317,736,119
2026-10-08T00:06:27.936096+00:00,1901900010223,12.08,Bueno,13.41,Bueno,interpolacion_delaunay,0,2979,89,503,54
2026-10-08T00:06:27.936096+00:00,1901900010238,12.7,Bueno,14.2,Bueno,promedio_sensores,1,1904,73,302,23
2026-10-08T00:06:27.936096+00:00,1901900010242,7.67,Bueno,8.33,Bueno,promedio_sensores,3,2717,143,729,92
2026-10-08T00:06:27.936096+00:00,1901900010257,9.2,Bueno,9.8,Bueno,promedio_sensores,1,1307,56,361,13
2026-10-08T00:06:27.936096+00:00,1901900010261,4.6,Bueno,4.9,Bueno,promedio_sensores,2,2240,113,567,42
2026-10-08T00:06:27.936096+00:00,1901900010280,13.82,Bueno,14.74,Bueno,interpolacion_delaunay,0,2690,79,360,43
2026-10-08T00:06:27.936096+00:00,1901900010350,9.01,Bueno,9.56,Bueno,interpolacion_delaunay,0,2768,148,592,68
2026-10-08T00:06:27.936096+00:00,1901900010365,17.7,Aceptable,18.5,Bueno,promedio_sensores,1,3419,327,293,61
2026-10-08T00:06:27.936096+00:00,1901900010399,11.1,Bueno,11.65,Bueno,promedio_sensores,2,1162,6,68,0
2026-10-08T00:06:27.936096+00:00,1901900010401,6.7,Bueno,7.2,Bueno,promedio_sensores,1,2375,247,392,86
2026-10-08T00:06:27.936096+00:00,1901900010416,10.75,Bueno,11.29,Bueno,interpolacion_delaunay,0,700,19,105,4
2026-10-08T00:06:27.936096+00:00,1901900010420,13.7,Bueno,14.2,Bueno,promedio_sensores,1,1696,93,408,47
2026-10-08T00:06:27.936096+00:00,1901900010435,10.1,Bueno,10.4,Bueno,promedio_sensores,1,4494,346,601,54
2026-10-08T00:06:27.936096+00:00,190190001044A,9.73,Bueno,11.47,Bueno,promedio_sensores,3,4383,354,439,56
2026-10-08T00:06:27.936096+00:00,1901900010454,14.7,Bueno,15.55,Bueno,promedio_sensores,2,557,26,114,11
2026-10-08T00:06:27.936096+00:00,1901900010469,12.3,Bueno,13.1,Bueno,promedio_sensores,1,3112,170,568,37
2026-10-08T00:06:27.936096+00:00,1901900010473,9.62,Bueno,10.04,Bueno,interpolacion_delaunay,0,983,46,182,19
2026-10-08T00:06:27.936096+00:00,1901900010488,6.95,Bueno,7.2,Bueno,promedio_sensores,2,2757,295,371,102
2026-10-08T00:06:27.936096+00:00,1901900010492,10.8,Bueno,13.8,Bueno,promedio_sensores,2,2848,173,697,71
2026-10-08T00:06:27.936096+00:00,1901900010505,13.61,Bueno,14.46,Bueno,interpolacion_delaunay,0,2494,111,512,19
2026-10-08T00:06:27.936096+00:00,190190001051A,10.5,Bueno,10.9,Bueno,promedio_sensores,1,1899,111,507,36
2026-10-08T00:06:27.936096+00:00,1901900010558,15.7,Aceptable,16.47,Bueno,promedio_sensores,3,1349,87,230,21
2026-10-08T00:06:27.936096+00:00,1901900010613,14.0,Bueno,14.56,Bueno,interpolacion_delaunay,0,132,0,20,0
2026-10-08T00:06:27.936096+00:00,1901900010384,11.14,Bueno,12.12,Bueno,interpolacion_delaunay,0,1111,19,119,15
2026-10-08T00:06:27.936096+00:00,1901900010219,12.64,Bueno,13.86,Bueno,interpolacion_delaunay,0,1954,106,555,58
2026-10-08T00:06:27.936096+00:00,1902100011338,7.86,Bueno,9.5,Bueno,interpolacion_delaunay,0,2800,219,134,55
2026-10-08T00:06:27.936096+00:00,1902100011817,5.4,Bueno,6.2,Bueno,promedio_sensores,1,583,52,40,11
2026-10-08T00:06:27.936096+00:00,1902100010293,13.89,Bueno,18.33,Bueno,interpolacion_delaunay,0,2008,84,165,35
2026-10-08T00:06:27.936096+00:00,190210001033A,10.4,Bueno,13.35,Bueno,interpolacion_delaunay,0,4000,286,440,91
2026-10-08T00:06:27.936096+00:00,1902100011060,23.84,Aceptable,32.3,Bueno,interpolacion_delaunay,0,3355,278,195,95
2026-10-08T00:06:27.936096+00:00,1902100010289,15.59,Aceptable,20.72,Bueno,interpolacion_delaunay,0,1352,78,109,44
2026-10-08T00:06:27.936096+00:00,1902100010325,21.69,Aceptable,29.47,Bueno,interpolacion_delaunay,0,1,0,0,0
2026-10-08T00:06:27.936096+00:00,1902100011412,6.9,Bueno,9.1,Bueno,promedio_sensores,1,3239,228,156,27
2026-10-08T00:06:27.936096+00:00,1902100011427,5.83,Bueno,6.93,Bueno,interpolacion_delaunay,0,4126,302,227,21
2026-10-08T00:06:27.936096+00:00,1902100011408,6.51,Bueno,7.68,Bueno,interpolacion_delaunay,0,6781,377,571,69
2026-10-08T00:06:27.936096+00:00,1902100011342,9.15,Bueno,11.31,Bueno,interpolacion_delaunay,0,4655,261,185,126
2026-10-08T00:06:27.936096+00:00,1902100010043,27.63,Aceptable,37.74,Bueno,interpolacion_delaunay,0,4208,322,819,334
2026-10-08T00:06:27.936096+00:00,1902100010255,14.94,Bueno,19.55,Bueno,interpolacion_delaunay,0,6704,625,410,194
2026-10-08T00:06:27.936096+00:00,1902100010378,31.6,Aceptable,43.6,Bueno,promedio_sensores,1,4134,262,294,72
2026-10-08T00:06:27.936096+00:00,1902100011075,21.87,Aceptable,29.21,Bueno,interpolacion_delaunay,0,8122,855,320,248
2026-10-08T00:06:27.936096+00:00,1902600011832,8.85,Bueno,10.12,Bueno,interpolacion_delaunay,0,3764,305,386,174
2026-10-08T00:06:27.936096+00:00,1902600010035,8.35,Bueno,9.71,Bueno,interpolacion_delaunay,0,1597,156,285,106
2026-10-08T00:06:27.936096+00:00,1902600012332,6.61,Bueno,7.74,Bueno,interpolacion_delaunay,0,5634,507,898,399
2026-10-08T00:06:27.936096+00:00,1902600010020,8.61,Bueno,9.97,Bueno,interpolacion_delaunay,0,1825,174,355,160
2026-10-08T00:06:27.936096+00:00,1902600011279,8.38,Bueno,9.77,Bueno,interpolacion_delaunay,0,4324,384,731,269
2026-10-08T00:06:27.936096+00:00,1902600011283,8.25,Bueno,9.64,Bueno,interpolacion_delaunay,0,3719,341,754,207
2026-10-08T00:06:27.936096+00:00,1902600012440,9.11,Bueno,10.41,Bueno,interpolacion_delaunay,0,2604,133,153,35
2026-10-08T00:06:27.936096+00:00,1902600012667,10.3,Bueno,11.22,Bueno,interpolacion_delaunay,0,778,73,30,14
2026-10-08T00:06:27.936096+00:00,1902600012811,6.21,Bueno,7.13,Bueno,interpolacion_delaunay,0,26,4,0,0
2026-10-08T00:06:27.936096+00:00,1902600010459,9.38,Bueno,10.43,Bueno,interpolacion_delaunay,0,3039,123,850,229
2026-10-08T00:06:27.936096+00:00,1902600010317,9.86,Bueno,10.89,Bueno,interpolacion_delaunay,0,4084,275,902,321
2026-10-08T00:06:27.936096+00:00,1902600010957,8.59,Bueno,9.92,Bueno,interpolacion_delaunay,0,5841,533,1121,336
2026-10-08T00:06:27.936096+00:00,1902600011103,8.71,Bueno,10.68,Bueno,interpolacion_delaunay,0,950,69,80,47
2026-10-08T00:06:27.936096+00:00,1902600011457,9.39,Bueno,10.31,Bueno,interpolacion_delaunay,0,2279,129,466,94
2026-10-08T00:06:27.936096+00:00,1902600011404,6.25,Bueno,6.81,Bueno,interpolacion_delaunay,0,3115,227,702,219
2026-10-08T00:06:27.936096+00:00,1902600011508,9.06,Bueno,10.83,Bueno,interpolacion_delaunay,0,1978,175,250,90
2026-10-08T00:06:27.936096+00:00,1902600011828,8.71,Bueno,10.06,Bueno,interpolacion_delaunay,0,2175,178,266,60
2026-10-08T00:06:27.936096+00:00,1902600011847,9.06,Bueno,10.29,Bueno,interpolacion_delaunay,0,4488,374,407,157
2026-10-08T00:06:27.936096+00:00,1902600012402,9.48,Bueno,10.39,Bueno,interpolacion_delaunay,0,2699,234,353,170
2026-10-08T00:06:27.936096+00:00,1902600012205,8.33,Bueno,9.77,Bueno,interpolacion_delaunay,0,4435,432,502,204
2026-10-08T00:06:27.936096+00:00,1902600012258,9.3,Bueno,10.74,Bueno,interpolacion_delaunay,0,1006,77,102,40
2026-10-08T00:06:27.936096+00:00,1902600012296,9.31,Bueno,10.53,Bueno,interpolacion_delaunay,0,4398,237,919,190
2026-10-08T00:06:27.936096+00:00,1902600012455,9.08,Bueno,10.35,Bueno,interpolacion_delaunay,0,4962,328,296,118
2026-10-08T00:06:27.936096+00:00,1902600010302,9.81,Bueno,10.85,Bueno,interpolacion_delaunay,0,2790,166,675,209
2026-10-08T00:06:27.936096+00:00,1902600010425,8.9,Bueno,9.7,Bueno,interpolacion_delaunay,0,3687,235,843,230
2026-10-08T00:06:27.936096+00:00,1902600010533,9.0,Bueno,9.77,Bueno,interpolacion_delaunay,0,1681,81,395,96
2026-10-08T00:06:27.936096+00:00,1902600011813,8.79,Bueno,10.14,Bueno,interpolacion_delaunay,0,5250,447,545,129
2026-10-08T00:06:27.936096+00:00,1902600011851,9.25,Bueno,10.44,Bueno,interpolacion_delaunay,0,4115,305,359,155
2026-10-08T00:06:27.936096+00:00,1902600012436,8.89,Bueno,10.24,Bueno,interpolacion_delaunay,0,3242,185,145,20
2026-10-08T00:06:27.936096+00:00,1902600012686,9.33,Bueno,10.62,Bueno,interpolacion_delaunay,0,40,3,7,5
2026-10-08T00:06:27.936096+00:00,1902600010124,9.24,Bueno,10.4,Bueno,interpolacion_delaunay,0,2665,140,749,113
2026-10-08T00:06:27.936096+00:00,1902600012417,9.22,Bueno,10.46,Bueno,interpolacion_delaunay,0,2073,147,228,128
2026-10-08T00:06:27.936096+00:00,1902600012347,7.87,Bueno,8.95,Bueno,interpolacion_delaunay,0,4440,433,247,105
2026-10-08T00:06:27.936096+00:00,190260001239A,10.67,Bueno,11.46,Bueno,interpolacion_delaunay,0,2697,236,207,88
2026-10-08T00:06:27.936096+00:00,190260001260A,9.46,Bueno,10.73,Bueno,interpolacion_delaunay,0,979,82,21,36
2026-10-08T00:06:27.936096+00:00,1902600011391,10.18,Bueno,11.09,Bueno,interpolacion_delaunay,0,3747,280,1036,286
2026-10-08T00:06:27.936096+00:00,1902600010251,10.03,Bueno,11.0,Bueno,interpolacion_delaunay,0,6072,581,994,581
2026-10-08T00:06:27.936096+00:00,1902600010707,8.69,Bueno,9.66,Bueno,interpolacion_delaunay,0,4261,296,986,365
2026-10-08T00:06:27.936096+00:00,190260001157A,8.73,Bueno,9.67,Bueno,interpolacion_delaunay,0,2161,148,444,126
2026-10-08T00:06:27.936096+00:00,1902600011654,8.75,Bueno,10.02,Bueno,interpolacion_delaunay,0,3737,309,535,205
2026-10-08T00:06:27.936096+00:00,1902600012385,6.14,Bueno,7.06,Bueno,interpolacion_delaunay,0,108,11,8,5
2026-10-08T00:06:27.936096+00:00,1902600011495,9.48,Bueno,11.08,Bueno,interpolacion_delaunay,0,2675,203,421,91
2026-10-08T00:06:27.936096+00:00,1902600012525,8.32,Bueno,9.36,Bueno,interpolacion_delaunay,0,6162,464,363,124
2026-10-08T00:06:27.936096+00:00,1902600010995,9.25,Bueno,10.41,Bueno,interpolacion_delaunay,0,1016,61,224,56
2026-10-08T00:06:27.936096+00:00,1902600011866,9.11,Bueno,10.3,Bueno,interpolacion_delaunay,0,3064,167,548,67
2026-10-08T00:06:27.936096+00:00,190260001207A,6.79,Bueno,7.11,Bueno,interpolacion_delaunay,0,2199,99,452,47
2026-10-08T00:06:27.936096+00:00,1902600012120,8.06,Bueno,8.14,Bueno,interpolacion_delaunay,0,1092,33,384,28
2026-10-08T00:06:27.936096+00:00,1902600012135,11.45,Bueno,11.6,Bueno,interpolacion_delaunay,0,1356,47,414,29
2026-10-08T00:06:27.936096+00:00,1902600012544,7.53,Bueno,8.83,Bueno,interpolacion_delaunay,0,2171,187,206,83
2026-10-08T00:06:27.936096+00:00,1902600010069,9.64,Bueno,10.81,Bueno,interpolacion_delaunay,0,1920,94,579,107
2026-10-08T00:06:27.936096+00:00,1902600010073,9.6,Bueno,10.77,Bueno,interpolacion_delaunay,0,3137,159,955,77
2026-10-08T00:06:27.936096+00:00,1902600010088,9.39,Bueno,10.58,Bueno,interpolacion_delaunay,0,2870,157,722,160
2026-10-08T00:06:27.936096+00:00,1902600010158,10.34,Bueno,11.4,Bueno,interpolacion_delaunay,0,1517,70,502,83
2026-10-08T00:06:27.936096+00:00,190260001029A,9.69,Bueno,10.76,Bueno,interpolacion_delaunay,0,1809,94,461,133
2026-10-08T00:06:27.936096+00:00,1902600011885,9.63,Bueno,10.81,Bueno,interpolacion_delaunay,0,1944,100,497,103
2026-10-08T00:06:27.936096+00:00,1902600012192,9.16,Bueno,10.66,Bueno,interpolacion_delaunay,0,2742,217,241,94
2026-10-08T00:06:27.936096+00:00,1902600012243,5.69,Bueno,6.7,Bueno,interpolacion_delaunay,0,316,37,21,22
2026-10-08T00:06:27.936096+00:00,1902600012421,9.27,Bueno,10.55,Bueno,interpolacion_delaunay,0,2385,134,120,49
2026-10-08T00:06:27.936096+00:00,1902600012597,9.98,Bueno,11.09,Bueno,interpolacion_delaunay,0,3539,244,126,97
2026-10-08T00:06:27.936096+00:00,1902600011029,9.49,Bueno,10.62,Bueno,interpolacion_delaunay,0,1109,94,97,45
2026-10-08T00:06:27.936096+00:00,190260001189A,9.84,Bueno,10.98,Bueno,interpolacion_delaunay,0,2117,131,543,112
2026-10-08T00:06:27.936096+00:00,1902600012703,6.46,Bueno,7.41,Bueno,interpolacion_delaunay,0,632,49,33,14
2026-10-08T00:06:27.936096+00:00,1902600011372,10.45,Bueno,11.38,Bueno,interpolacion_delaunay,0,2451,168,520,192
2026-10-08T00:06:27.936096+00:00,1902600012366,9.26,Bueno,10.64,Bueno,interpolacion_delaunay,0,350,28,12,6
2026-10-08T00:06:27.936096+00:00,1902600010321,10.2,Bueno,11.21,Bueno,interpolacion_delaunay,0,5159,259,1483,335
2026-10-08T00:06:27.936096+00:00,1902600010336,10.23,Bueno,11.22,Bueno,interpolacion_delaunay,0,3112,150,945,118
2026-10-08T00:06:27.936096+00:00,1902600010340,10.4,Bueno,11.37,Bueno,interpolacion_delaunay,0,5009,289,1452,316
2026-10-08T00:06:27.936096+00:00,1902600010355,10.34,Bueno,11.31,Bueno,interpolacion_delaunay,0,2172,143,527,123
2026-10-08T00:06:27.936096+00:00,1902600010389,10.45,Bueno,11.37,Bueno,interpolacion_delaunay,0,3485,223,809,188
2026-10-08T00:06:27.936096+00:00,1902600010393,10.27,Bueno,11.21,Bueno,interpolacion_delaunay,0,4293,274,932,186
2026-10-08T00:06:27.936096+00:00,1902600010618,9.27,Bueno,10.21,Bueno,interpolacion_delaunay,0,3420,248,733,217
2026-10-08T00:06:27.936096+00:00,1902600010730,11.55,Bueno,12.28,Bueno,interpolacion_delaunay,0,4610,359,992,364
2026-10-08T00:06:27.936096+00:00,1902600011033,10.12,Bueno,11.1,Bueno,interpolacion_delaunay,0,5199,444,572,162
2026-10-08T00:06:27.936096+00:00,1902600011122,8.45,Bueno,9.46,Bueno,interpolacion_delaunay,0,6940,637,766,300
2026-10-08T00:06:27.936096+00:00,1902600011546,8.75,Bueno,9.75,Bueno,interpolacion_delaunay,0,3715,209,870,202
2026-10-08T00:06:27.936096+00:00,1902600011461,9.38,Bueno,10.28,Bueno,interpolacion_delaunay,0,3227,233,684,198
2026-10-08T00:06:27.936096+00:00,190260001132A,10.23,Bueno,11.25,Bueno,interpolacion_delaunay,0,2713,152,488,78
2026-10-08T00:06:27.936096+00:00,1902600011334,9.97,Bueno,10.92,Bueno,interpolacion_delaunay,0,3525,289,683,240
2026-10-08T00:06:27.936096+00:00,1902600011349,10.05,Bueno,11.0,Bueno,interpolacion_delaunay,0,2716,239,484,222
2026-10-08T00:06:27.936096+00:00,1902600011368,10.37,Bueno,11.33,Bueno,interpolacion_delaunay,0,3348,226,652,119
2026-10-08T00:06:27.936096+00:00,1902600011419,9.65,Bueno,10.67,Bueno,interpolacion_delaunay,0,2833,144,728,158
2026-10-08T00:06:27.936096+00:00,1902600011442,9.18,Bueno,10.12,Bueno,interpolacion_delaunay,0,3169,182,598,174
2026-10-08T00:06:27.936096+00:00,1902600011565,8.69,Bueno,9.67,Bueno,interpolacion_delaunay,0,4076,290,816,263
2026-10-08T00:06:27.936096+00:00,1902600011584,9.78,Bueno,10.64,Bueno,interpolacion_delaunay,0,4255,317,895,221
2026-10-08T00:06:27.936096+00:00,1902600011599,10.14,Bueno,10.98,Bueno,interpolacion_delaunay,0,2923,228,572,152
2026-10-08T00:06:27.936096+00:00,1902600011601,11.9,Bueno,12.6,Bueno,promedio_sensores,1,3474,261,775,299
2026-10-08T00:06:27.936096+00:00,1902600011688,10.71,Bueno,11.52,Bueno,interpolacion_delaunay,0,3727,240,688,249
2026-10-08T00:06:27.936096+00:00,190260001171A,9.08,Bueno,10.04,Bueno,interpolacion_delaunay,0,4383,321,770,213
2026-10-08T00:06:27.936096+00:00,1902600012008,5.25,Bueno,5.58,Bueno,interpolacion_delaunay,0,1064,52,278,35
2026-10-08T00:06:27.936096+00:00,1902600011781,7.03,Bueno,7.96,Bueno,interpolacion_delaunay,0,260,22,25,0
2026-10-08T00:06:27.936096+00:00,1902600011989,8.89,Bueno,9.88,Bueno,interpolacion_delaunay,0,3336,217,653,151
2026-10-08T00:06:27.936096+00:00,1902600012027,10.09,Bueno,10.96,Bueno,interpolacion_delaunay,0,5601,339,676,195
2026-10-08T00:06:27.936096+00:00,1902600012116,6.76,Bueno,7.82,Bueno,interpolacion_delaunay,0,2265,174,319,64
2026-10-08T00:06:27.936096+00:00,1902600012328,9.48,Bueno,10.8,Bueno,interpolacion_delaunay,0,2737,200,173,54
2026-10-08T00:06:27.936096+00:00,1902600012510,8.52,Bueno,9.53,Bueno,interpolacion_delaunay,0,3466,257,269,90
2026-10-08T00:06:27.936096+00:00,1902600012578,7.37,Bueno,8.49,Bueno,interpolacion_delaunay,0,2465,185,298,196
2026-10-08T00:06:27.936096+00:00,1902600012582,7.3,Bueno,8.42,Bueno,interpolacion_delaunay,0,2739,201,423,283
2026-10-08T00:06:27.936096+00:00,1902600012614,9.66,Bueno,11.01,Bueno,interpolacion_delaunay,0,3024,272,68,36
2026-10-08T00:06:27.936096+00:00,1902600010177,10.07,Bueno,11.16,Bueno,interpolacion_delaunay,0,1769,60,559,90
2026-10-08T00:06:27.936096+00:00,1902600010444,7.45,Bueno,8.22,Bueno,interpolacion_delaunay,0,2474,121,665,111
2026-10-08T00:06:27.936096+00:00,1902600011531,8.85,Bueno,9.86,Bueno,interpolacion_delaunay,0,3594,235,816,160
2026-10-08T00:06:27.936096+00:00,1902600010232,9.88,Bueno,10.91,Bueno,interpolacion_delaunay,0,2521,162,744,110
2026-10-08T00:06:27.936096+00:00,1902600010196,10.03,Bueno,11.11,Bueno,interpolacion_delaunay,0,1557,66,485,73
2026-10-08T00:06:27.936096+00:00,1902600010213,9.81,Bueno,10.87,Bueno,interpolacion_delaunay,0,2063,114,530,142
2026-10-08T00:06:27.936096+00:00,190260001011A,9.37,Bueno,10.5,Bueno,interpolacion_delaunay,0,3115,155,816,154
2026-10-08T00:06:27.936096+00:00,1902600010162,10.14,Bueno,11.23,Bueno,interpolacion_delaunay,0,1624,64,473,65
2026-10-08T00:06:27.936096+00:00,1902600010181,10.35,Bueno,11.38,Bueno,interpolacion_delaunay,0,1561,63,499,94
2026-10-08T00:06:27.936096+00:00,1902600010228,10.08,Bueno,11.09,Bueno,interpolacion_delaunay,0,1619,140,316,120
2026-10-08T00:06:27.936096+00:00,1902600010603,9.28,Bueno,10.24,Bueno,interpolacion_delaunay,0,1632,93,346,132
2026-10-08T00:06:27.936096+00:00,1902600010745,11.15,Bueno,11.92,Bueno,interpolacion_delaunay,0,1565,113,330,126
2026-10-08T00:06:27.936096+00:00,1902600010798,8.42,Bueno,9.38,Bueno,interpolacion_delaunay,0,3364,210,732,231
2026-10-08T00:06:27.936096+00:00,1902600010815,7.54,Bueno,8.61,Bueno,interpolacion_delaunay,0,4739,363,1000,268
2026-10-08T00:06:27.936096+00:00,1902600011438,6.82,Bueno,7.38,Bueno,interpolacion_delaunay,0,1771,89,459,85
2026-10-08T00:06:27.936096+00:00,1902600011476,9.46,Bueno,10.35,Bueno,interpolacion_delaunay,0,3270,215,839,209
2026-10-08T00:06:27.936096+00:00,1902600011777,7.84,Bueno,8.84,Bueno,interpolacion_delaunay,0,3599,312,366,80
2026-10-08T00:06:27.936096+00:00,1902600012031,9.42,Bueno,10.36,Bueno,interpolacion_delaunay,0,4385,273,421,152
2026-10-08T00:06:27.936096+00:00,1902600012173,5.55,Bueno,6.12,Bueno,interpolacion_delaunay,0,108,5,10,3
2026-10-08T00:06:27.936096+00:00,1902600012474,9.71,Bueno,10.85,Bueno,interpolacion_delaunay,0,3828,248,138,120
2026-10-08T00:06:27.936096+00:00,190260001253A,8.15,Bueno,9.44,Bueno,interpolacion_delaunay,0,1418,134,74,37
2026-10-08T00:06:27.936096+00:00,1902600012648,10.87,Bueno,11.66,Bueno,interpolacion_delaunay,0,1998,125,415,138
2026-10-08T00:06:27.936096+00:00,1902600012794,10.38,Bueno,11.2,Bueno,interpolacion_delaunay,0,776,83,32,8
2026-10-08T00:06:27.936096+00:00,1902600012775,10.09,Bueno,11.06,Bueno,interpolacion_delaunay,0,1381,194,42,36
2026-10-08T00:06:27.936096+00:00,1902600012898,4.59,Bueno,4.63,Bueno,interpolacion_delaunay,0,21,3,0,0
2026-10-08T00:06:27.936096+00:00,1902600010849,6.0,Bueno,6.98,Bueno,interpolacion_delaunay,0,1926,132,278,87
2026-10-08T00:06:27.936096+00:00,1902600012262,9.61,Bueno,10.65,Bueno,interpolacion_delaunay,0,2668,227,217,83
2026-10-08T00:06:27.936096+00:00,1902600010266,9.79,Bueno,10.8,Bueno,interpolacion_delaunay,0,427,58,19,0
2026-10-08T00:06:27.936096+00:00,1902600010779,6.23,Bueno,6.91,Bueno,interpolacion_delaunay,0,677,45,131,66
2026-10-08T00:06:27.936096+00:00,1902600010872,6.74,Bueno,6.8,Bueno,interpolacion_delaunay,0,3088,114,989,72
2026-10-08T00:06:27.936096+00:00,1902600011902,9.68,Bueno,10.73,Bueno,interpolacion_delaunay,0,2434,191,435,71
2026-10-08T00:06:27.936096+00:00,1902600011993,8.56,Bueno,9.55,Bueno,interpolacion_delaunay,0,3528,203,521,147
2026-10-08T00:06:27.936096+00:00,1902600012012,5.66,Bueno,5.97,Bueno,interpolacion_delaunay,0,2227,119,600,34
2026-10-08T00:06:27.936096+00:00,1902600012084,5.23,Bueno,5.4,Bueno,interpolacion_delaunay,0,1461,49,516,49
2026-10-08T00:06:27.936096+00:00,1902600012188,3.5,Bueno,3.58,Bueno,interpolacion_delaunay,0,460,18,82,4
2026-10-08T00:06:27.936096+00:00,1902600012277,9.8,Bueno,10.82,Bueno,interpolacion_delaunay,0,3597,281,616,228
2026-10-08T00:06:27.936096+00:00,190260001246A,9.36,Bueno,10.56,Bueno,interpolacion_delaunay,0,4546,358,308,145
2026-10-08T00:06:27.936096+00:00,1902600012559,7.71,Bueno,8.78,Bueno,interpolacion_delaunay,0,4248,285,324,114
2026-10-08T00:06:27.936096+00:00,1902600012652,10.43,Bueno,11.24,Bueno,interpolacion_delaunay,0,3158,323,113,122
2026-10-08T00:06:27.936096+00:00,1902600012671,10.57,Bueno,11.37,Bueno,interpolacion_delaunay,0,1647,122,65,34
2026-10-08T00:06:27.936096+00:00,1902600012718,5.45,Bueno,6.4,Bueno,interpolacion_delaunay,0,2829,290,123,131
2026-10-08T00:06:27.936096+00:00,1902600012741,8.28,Bueno,9.28,Bueno,interpolacion_delaunay,0,1897,119,345,52
2026-10-08T00:06:27.936096+00:00,1902600012879,10.5,Bueno,11.3,Bueno,promedio_sensores,1,2144,300,65,16
2026-10-08T00:06:27.936096+00:00,1902600010285,7.92,Bueno,8.71,Bueno,interpolacion_delaunay,0,2844,174,613,185
2026-10-08T00:06:27.936096+00:00,1902600012690,6.04,Bueno,6.94,Bueno,interpolacion_delaunay,0,79,0,3,0
2026-10-08T00:06:27.936096+00:00,1902600012099,6.7,Bueno,7.65,Bueno,interpolacion_delaunay,0,5241,599,554,189
2026-10-08T00:06:27.936096+00:00,1902600011936,10.17,Bueno,11.1,Bueno,interpolacion_delaunay,0,2951,267,407,119
2026-10-08T00:06:27.936096+00:00,1902600012169,3.24,Bueno,3.45,Bueno,interpolacion_delaunay,0,1023,50,158,14
2026-10-08T00:06:27.936096+00:00,190260001118A,5.56,Bueno,6.12,Bueno,interpolacion_delaunay,0,3453,227,320,71
2026-10-08T00:06:27.936096+00:00,1902600012050,8.13,Bueno,9.16,Bueno,interpolacion_delaunay,0,4134,320,745,263
2026-10-08T00:06:27.936096+00:00,1902600012101,6.49,Bueno,7.47,Bueno,interpolacion_delaunay,0,3626,381,484,119
2026-10-08T00:06:27.936096+00:00,1902600012563,6.32,Bueno,7.3,Bueno,interpolacion_delaunay,0,2676,291,133,25
2026-10-08T00:06:27.936096+00:00,190260001278A,8.98,Bueno,10.08,Bueno,interpolacion_delaunay,0,3558,402,98,36
2026-10-08T00:06:27.936096+00:00,1902600011921,9.92,Bueno,10.91,Bueno,interpolacion_delaunay,0,2594,223,377,76
2026-10-08T00:06:27.936096+00:00,1902600010092,9.28,Bueno,10.46,Bueno,interpolacion_delaunay,0,4183,262,1039,106
2026-10-08T00:06:27.936096+00:00,1902600011300,9.4,Bueno,10.54,Bueno,interpolacion_delaunay,0,2915,163,792,188
2026-10-08T00:06:27.936096+00:00,1902600010143,9.86,Bueno,10.91,Bueno,interpolacion_delaunay,0,2245,273,113,55
2026-10-08T00:06:27.936096+00:00,1902600011870,9.37,Bueno,10.52,Bueno,interpolacion_delaunay,0,3271,173,768,82
2026-10-08T00:06:27.936096+00:00,1902600011315,9.77,Bueno,10.87,Bueno,interpolacion_delaunay,0,3497,230,464,42
2026-10-08T00:06:27.936096+00:00,1902600011014,9.66,Bueno,10.78,Bueno,interpolacion_delaunay,0,2155,150,459,98
2026-10-08T00:06:27.936096+00:00,1902600011616,10.5,Bueno,11.32,Bueno,interpolacion_delaunay,0,3883,311,769,201
2026-10-08T00:06:27.936096+00:00,1902600011620,10.11,Bueno,10.97,Bueno,interpolacion_delaunay,0,4814,356,1024,301
2026-10-08T00:06:27.936096+00:00,1902600011480,10.34,Bueno,11.18,Bueno,interpolacion_delaunay,0,4784,390,737,223
2026-10-08T00:06:27.936096+00:00,1902600010641,10.12,Bueno,10.95,Bueno,interpolacion_delaunay,0,2917,240,627,202
2026-10-08T00:06:27.936096+00:00,1902600012633,11.41,Bueno,12.15,Bueno,interpolacion_delaunay,0,2429,188,313,91
2026-10-08T00:06:27.936096+00:00,190260001164A,9.32,Bueno,10.25,Bueno,interpolacion_delaunay,0,2101,168,367,57
2026-10-08T00:06:27.936096+00:00,1902600011635,9.57,Bueno,10.48,Bueno,interpolacion_delaunay,0,4695,347,639,204
2026-10-08T00:06:27.936096+00:00,1902600010961,9.41,Bueno,10.63,Bueno,interpolacion_delaunay,0,1353,81,150,34
2026-10-08T00:06:27.936096+00:00,1902600011226,7.5,Bueno,8.5,Bueno,interpolacion_delaunay,0,4831,444,615,226
2026-10-08T00:06:27.936096+00:00,1902600012807,7.77,Bueno,8.74,Bueno,interpolacion_delaunay,0,51,0,0,0
2026-10-08T00:06:27.936096+00:00,1902600012737,7.79,Bueno,8.77,Bueno,interpolacion_delaunay,0,153,17,4,4
2026-10-08T00:06:27.936096+00:00,1902600012046,8.06,Bueno,9.08,Bueno,interpolacion_delaunay,0,5116,376,649,199
2026-10-08T00:06:27.936096+00:00,1902600012756,8.0,Bueno,9.0,Bueno,promedio_sensores,1,2572,282,124,24
2026-10-08T00:06:27.936096+00:00,1902600010783,7.37,Bueno,8.25,Bueno,interpolacion_delaunay,0,1477,145,264,42
2026-10-08T00:06:27.936096+00:00,1902600011230,7.48,Bueno,8.5,Bueno,interpolacion_delaunay,0,3324,362,242,132
2026-10-08T00:06:27.936096+00:00,1902600011758,1.9,Bueno,1.9,Bueno,promedio_sensores,1,2105,92,408,43
2026-10-08T00:06:27.936096+00:00,1902600011141,8.37,Bueno,10.06,Bueno,interpolacion_delaunay,0,9036,1161,432,363
2026-10-08T00:06:27.936096+00:00,1902600011743,6.34,Bueno,7.41,Bueno,interpolacion_delaunay,0,7461,709,958,323
2026-10-08T00:06:27.936096+00:00,1902600012629,5.58,Bueno,6.54,Bueno,interpolacion_delaunay,0,1943,149,74,66
2026-10-08T00:06:27.936096+00:00,1902600011762,8.13,Bueno,9.12,Bueno,interpolacion_delaunay,0,2427,183,512,77
2026-10-08T00:06:27.936096+00:00,1902600011194,7.02,Bueno,7.83,Bueno,interpolacion_delaunay,0,4669,300,960,201
2026-10-08T00:06:27.936096+00:00,1902600011052,9.22,Bueno,10.29,Bueno,interpolacion_delaunay,0,7318,799,917,451
2026-10-08T00:06:27.936096+00:00,1902600012722,9.0,Bueno,10.19,Bueno,interpolacion_delaunay,0,1673,182,35,23
2026-10-08T00:06:27.936096+00:00,1902600010209,8.41,Bueno,9.75,Bueno,interpolacion_delaunay,0,0,0,0,0
2026-10-08T00:06:27.936096+00:00,1902600012883,8.32,Bueno,9.75,Bueno,interpolacion_delaunay,0,2693,391,65,39
2026-10-08T00:06:27.936096+00:00,1902600011512,8.72,Bueno,9.41,Bueno,interpolacion_delaunay,0,1411,83,448,118
2026-10-08T00:06:27.936096+00:00,1902600011527,8.55,Bueno,9.21,Bueno,interpolacion_delaunay,0,2114,99,718,127
2026-10-08T00:06:27.936096+00:00,1902600010853,8.21,Bueno,8.82,Bueno,interpolacion_delaunay,0,4562,382,755,151
2026-10-08T00:06:27.936096+00:00,1902600011160,8.3,Bueno,8.9,Bueno,promedio_sensores,1,3568,186,796,79
2026-10-08T00:06:27.936096+00:00,1902600011423,9.62,Bueno,10.63,Bueno,interpolacion_delaunay,0,2358,121,643,149
2026-10-08T00:06:27.936096+00:00,1902600011118,8.37,Bueno,9.32,Bueno,interpolacion_delaunay,0,0,0,0,0
2026-10-08T00:06:27.936096+00:00,1902600010552,9.17,Bueno,10.22,Bueno,interpolacion_delaunay,0,1358,197,299,91
2026-10-08T00:06:27.936096+00:00,1902600010567,9.04,Bueno,10.05,Bueno,interpolacion_delaunay,0,3469,239,807,212
2026-10-08T00:06:27.936096+00:00,1902600010478,9.9,Bueno,10.89,Bueno,interpolacion_delaunay,0,3451,258,686,179
2026-10-08T00:06:27.936096+00:00,1902600012493,9.38,Bueno,10.37,Bueno,interpolacion_delaunay,0,3047,231,451,139
2026-10-08T00:06:27.936096+00:00,1902600012506,9.34,Bueno,10.33,Bueno,interpolacion_delaunay,0,1875,122,448,96
2026-10-08T00:06:27.936096+00:00,1902600011387,10.02,Bueno,10.95,Bueno,interpolacion_delaunay,0,4018,279,697,181
2026-10-08T00:06:27.936096+00:00,1902600010482,9.97,Bueno,10.93,Bueno,interpolacion_delaunay,0,4004,197,1191,226
2026-10-08T00:06:27.936096+00:00,1902600010586,9.38,Bueno,10.35,Bueno,interpolacion_delaunay,0,4983,369,1196,317
2026-10-08T00:06:27.936096+00:00,1902600010590,9.4,Bueno,10.36,Bueno,interpolacion_delaunay,0,3794,290,817,254
2026-10-08T00:06:27.936096+00:00,1902600011940,10.26,Bueno,11.14,Bueno,interpolacion_delaunay,0,3450,256,773,184
2026-10-08T00:06:27.936096+00:00,1902600012224,9.79,Bueno,10.72,Bueno,interpolacion_delaunay,0,1986,122,533,118
2026-10-08T00:06:27.936096+00:00,1902600012239,9.79,Bueno,10.7,Bueno,interpolacion_delaunay,0,2664,206,487,219
2026-10-08T00:06:27.936096+00:00,1902600010548,4.76,Bueno,5.14,Bueno,interpolacion_delaunay,0,4149,203,1177,258
2026-10-08T00:06:27.936096+00:00,1902600012489,9.48,Bueno,10.67,Bueno,interpolacion_delaunay,0,2798,203,290,77
2026-10-08T00:06:27.936096+00:00,1902600011353,10.42,Bueno,11.37,Bueno,interpolacion_delaunay,0,1952,125,417,157
2026-10-08T00:06:27.936096+00:00,1902600012760,10.31,Bueno,11.18,Bueno,interpolacion_delaunay,0,3619,397,120,87
2026-10-08T00:06:27.936096+00:00,1902600011264,9.54,Bueno,10.57,Bueno,interpolacion_delaunay,0,1708,151,158,100
2026-10-08T00:06:27.936096+00:00,190260001285A,10.12,Bueno,11.0,Bueno,interpolacion_delaunay,0,1850,298,50,26
2026-10-08T00:06:27.936096+00:00,1902600010270,8.72,Bueno,10.28,Bueno,interpolacion_delaunay,0,0,0,0,0
2026-10-08T00:06:27.936096+00:00,1902600010406,10.35,Bueno,11.26,Bueno,interpolacion_delaunay,0,2889,225,550,115
2026-10-08T00:06:27.936096+00:00,1902600011067,10.23,Bueno,11.13,Bueno,interpolacion_delaunay,0,4252,360,451,270
2026-10-08T00:06:27.936096+00:00,1902600011086,9.63,Bueno,11.01,Bueno,interpolacion_delaunay,0,3224,245,126,84
2026-10-08T00:06:27.936096+00:00,1902600012313,8.62,Bueno,10.77,Bueno,interpolacion_delaunay,0,2567,202,407,174
2026-10-08T00:06:27.936096+00:00,1902600012309,9.05,Bueno,10.89,Bueno,interpolacion_delaunay,0,2125,241,150,88
2026-10-08T00:06:27.936096+00:00,1902600011809,10.31,Bueno,11.17,Bueno,interpolacion_delaunay,0,2127,251,117,120
2026-10-08T00:06:27.936096+00:00,1902600012864,10.18,Bueno,11.0,Bueno,interpolacion_delaunay,0,1168,168,40,16
2026-10-08T00:06:27.936096+00:00,190260001125A,10.62,Bueno,10.79,Bueno,interpolacion_delaunay,0,541,13,170,22
2026-10-08T00:06:27.936096+00:00,1902600011071,8.75,Bueno,10.56,Bueno,interpolacion_delaunay,0,3143,264,264,89
2026-10-08T00:06:27.936096+00:00,190260001196A,8.23,Bueno,10.21,Bueno,interpolacion_delaunay,0,3349,324,262,100
2026-10-08T00:06:27.936096+00:00,1902600011955,10.36,Bueno,11.21,Bueno,interpolacion_delaunay,0,3582,349,216,97
2026-10-08T00:06:27.936096+00:00,190260001050A,9.87,Bueno,10.75,Bueno,interpolacion_delaunay,0,2022,217,309,73
2026-10-08T00:06:27.936096+00:00,1903900012400,7.5,Bueno,8.5,Bueno,promedio_sensores,1,4517,429,723,304
2026-10-08T00:06:27.936096+00:00,1903900014657,13.25,Bueno,14.98,Bueno,interpolacion_delaunay,0,2491,234,438,138
2026-10-08T00:06:27.936096+00:00,1903900013682,8.75,Bueno,9.62,Bueno,interpolacion_delaunay,0,4499,398,653,181
2026-10-08T00:06:27.936096+00:00,1903900010832,10.9,Bueno,13.09,Bueno,interpolacion_delaunay,0,543,31,158,26
2026-10-08T00:06:27.936096+00:00,1903900011120,9.8,Bueno,10.97,Bueno,interpolacion_delaunay,0,2607,94,831,149
2026-10-08T00:06:27.936096+00:00,1903900012129,7.77,Bueno,8.61,Bueno,interpolacion_delaunay,0,4074,318,790,255
2026-10-08T00:06:27.936096+00:00,190390001363A,13.71,Bueno,16.06,Bueno,interpolacion_delaunay,0,3850,324,618,201
2026-10-08T00:06:27.936096+00:00,1903900014163,9.18,Bueno,10.95,Bueno,interpolacion_delaunay,0,3563,376,476,178
2026-10-08T00:06:27.936096+00:00,1903900014642,12.93,Bueno,14.08,Bueno,interpolacion_delaunay,0,2137,227,313,125
2026-10-08T00:06:27.936096+00:00,1903900013589,18.49,Aceptable,22.9,Bueno,interpolacion_delaunay,0,1971,102,595,95
2026-10-08T00:06:27.936096+00:00,1903900011370,10.24,Bueno,11.34,Bueno,interpolacion_delaunay,0,1287,71,218,39
2026-10-08T00:06:27.936096+00:00,1903900012114,7.13,Bueno,7.51,Bueno,interpolacion_delaunay,0,2387,84,816,136
2026-10-08T00:06:27.936096+00:00,1903900012203,5.6,Bueno,5.7,Bueno,promedio_sensores,1,2974,126,1034,191
2026-10-08T00:06:27.936096+00:00,1903900013574,16.27,Aceptable,19.41,Bueno,interpolacion_delaunay,0,832,37,276,93
2026-10-08T00:06:27.936096+00:00,1903900012792,5.87,Bueno,6.04,Bueno,interpolacion_delaunay,0,1,0,0,0
2026-10-08T00:06:27.936096+00:00,190390001445A,8.23,Bueno,8.84,Bueno,interpolacion_delaunay,0,5563,304,1118,197
2026-10-08T00:06:27.936096+00:00,1903900014638,11.98,Bueno,12.52,Bueno,interpolacion_delaunay,0,3811,381,571,142
2026-10-08T00:06:27.936096+00:00,1903900012063,10.57,Bueno,13.03,Bueno,interpolacion_delaunay,0,2407,98,743,119
2026-10-08T00:06:27.936096+00:00,1903900011690,4.97,Bueno,5.53,Bueno,interpolacion_delaunay,0,228,12,56,11
2026-10-08T00:06:27.936096+00:00,1903900011760,5.14,Bueno,5.9,Bueno,interpolacion_delaunay,0,1986,129,443,117
2026-10-08T00:06:27.936096+00:00,1903900011934,7.23,Bueno,7.83,Bueno,promedio_sensores,3,2171,83,550,105
2026-10-08T00:06:27.936096+00:00,190390001192A,6.73,Bueno,7.53,Bueno,interpolacion_delaunay,0,2553,117,796,121
2026-10-08T00:06:27.936096+00:00,1903900012044,11.65,Bueno,14.6,Bueno,interpolacion_delaunay,0,1920,122,427,109
2026-10-08T00:06:27.936096+00:00,1903900012078,11.09,Bueno,13.74,Bueno,interpolacion_delaunay,0,2179,136,538,60
2026-10-08T00:06:27.936096+00:00,1903900011525,7.43,Bueno,8.89,Bueno,interpolacion_delaunay,0,590,39,143,33
2026-10-08T00:06:27.936096+00:00,1903900011991,11.8,Bueno,15.0,Bueno,promedio_sensores,1,3236,192,703,201
2026-10-08T00:06:27.936096+00:00,1903900012006,6.99,Bueno,8.4,Bueno,interpolacion_delaunay,0,1972,70,504,136
2026-10-08T00:06:27.936096+00:00,1903900010673,12.49,Bueno,14.21,Bueno,interpolacion_delaunay,0,2155,174,396,142
2026-10-08T00:06:27.936096+00:00,1903900010298,18.01,Aceptable,22.37,Bueno,interpolacion_delaunay,0,3499,233,739,152
2026-10-08T00:06:27.936096+00:00,1903900010404,19.69,Aceptable,24.74,Bueno,interpolacion_delaunay,0,2835,189,560,150
2026-10-08T00:06:27.936096+00:00,1903900011012,10.21,Bueno,12.59,Bueno,interpolacion_delaunay,0,1216,101,235,35
2026-10-08T00:06:27.936096+00:00,1903900011065,9.93,Bueno,11.65,Bueno,interpolacion_delaunay,0,1981,192,428,144
2026-10-08T00:06:27.936096+00:00,1903900010175,17.19,Aceptable,21.53,Bueno,interpolacion_delaunay,0,1294,70,318,45
2026-10-08T00:06:27.936096+00:00,190390001018A,15.38,Aceptable,18.96,Bueno,interpolacion_delaunay,0,3618,299,750,219
2026-10-08T00:06:27.936096+00:00,1903900010194,16.4,Aceptable,20.32,Bueno,interpolacion_delaunay,0,2850,223,604,173
2026-10-08T00:06:27.936096+00:00,1903900010226,15.94,Aceptable,19.42,Bueno,interpolacion_delaunay,0,4934,461,799,274
2026-10-08T00:06:27.936096+00:00,1903900014229,6.65,Bueno,7.0,Bueno,interpolacion_delaunay,0,2852,249,505,184
2026-10-08T00:06:27.936096+00:00,1903900010353,15.23,Aceptable,16.73,Bueno,interpolacion_delaunay,0,3313,167,981,325
2026-10-08T00:06:27.936096+00:00,1903900010936,11.79,Bueno,13.28,Bueno,interpolacion_delaunay,0,2121,128,459,101
2026-10-08T00:06:27.936096+00:00,1903900011173,8.9,Bueno,9.2,Bueno,promedio_sensores,1,2108,71,659,126
2026-10-08T00:06:27.936096+00:00,1903900011188,11.12,Bueno,12.36,Bueno,interpolacion_delaunay,0,3322,231,794,185
2026-10-08T00:06:27.936096+00:00,1903900011224,11.02,Bueno,12.88,Bueno,interpolacion_delaunay,0,3487,327,636,198
2026-10-08T00:06:27.936096+00:00,1903900011328,10.54,Bueno,12.33,Bueno,interpolacion_delaunay,0,1300,73,364,78
2026-10-08T00:06:27.936096+00:00,1903900011332,10.51,Bueno,12.19,Bueno,interpolacion_delaunay,0,2976,208,686,165
2026-10-08T00:06:27.936096+00:00,1903900011493,5.4,Bueno,6.2,Bueno,promedio_sensores,1,498,32,117,21
2026-10-08T00:06:27.936096+00:00,1903900011506,7.02,Bueno,8.23,Bueno,interpolacion_delaunay,0,218,10,60,5
2026-10-08T00:06:27.936096+00:00,1903900011510,7.3,Bueno,8.7,Bueno,interpolacion_delaunay,0,370,18,99,43
2026-10-08T00:06:27.936096+00:00,1903900011563,7.99,Bueno,9.65,Bueno,interpolacion_delaunay,0,1016,57,324,41
2026-10-08T00:06:27.936096+00:00,1903900011652,4.38,Bueno,5.24,Bueno,interpolacion_delaunay,0,1408,46,412,99
2026-10-08T00:06:27.936096+00:00,1903900011667,9.07,Bueno,9.96,Bueno,interpolacion_delaunay,0,811,38,222,38
2026-10-08T00:06:27.936096+00:00,1903900011671,9.05,Bueno,9.85,Bueno,interpolacion_delaunay,0,2135,120,546,122
2026-10-08T00:06:27.936096+00:00,1903900011775,7.79,Bueno,8.62,Bueno,interpolacion_delaunay,0,3247,195,753,173
2026-10-08T00:06:27.936096+00:00,190390001178A,8.2,Bueno,8.97,Bueno,interpolacion_delaunay,0,2085,91,638,124
2026-10-08T00:06:27.936096+00:00,1903900011811,8.69,Bueno,9.4,Bueno,interpolacion_delaunay,0,3726,195,960,140
2026-10-08T00:06:27.936096+00:00,190390001210A,8.3,Bueno,8.9,Bueno,promedio_sensores,1,2790,113,700,150
2026-10-08T00:06:27.936096+00:00,1903900012186,7.38,Bueno,7.92,Bueno,interpolacion_delaunay,0,4169,44,257,49
2026-10-08T00:06:27.936096+00:00,1903900011559,4.0,Bueno,4.4,Bueno,promedio_sensores,1,854,32,232,42
2026-10-08T00:06:27.936096+00:00,1903900013428,16.64,Aceptable,20.56,Bueno,interpolacion_delaunay,0,3351,320,515,172
2026-10-08T00:06:27.936096+00:00,1903900014214,7.02,Bueno,7.46,Bueno,interpolacion_delaunay,0,4120,374,689,171
2026-10-08T00:06:27.936096+00:00,1903900014712,7.98,Bueno,8.68,Bueno,interpolacion_delaunay,0,3085,299,499,125
2026-10-08T00:06:27.936096+00:00,1903900014727,7.48,Bueno,8.04,Bueno,interpolacion_delaunay,0,2574,237,418,75
2026-10-08T00:06:27.936096+00:00,1903900011544,5.0,Bueno,5.7,Bueno,interpolacion_delaunay,0,484,17,104,17
2026-10-08T00:06:27.936096+00:00,1903900011347,10.4,Bueno,11.5,Bueno,promedio_sensores,1,3767,228,949,230
2026-10-08T00:06:27.936096+00:00,1903900011101,10.0,Bueno,11.22,Bueno,interpolacion_delaunay,0,2340,171,499,101
2026-10-08T00:06:27.936096+00:00,1903900010692,21.25,Aceptable,26.75,Bueno,interpolacion_delaunay,0,1264,56,294,43
2026-10-08T00:06:27.936096+00:00,190390001071A,18.4,Aceptable,20.1,Bueno,promedio_sensores,1,2092,89,717,121
2026-10-08T00:06:27.936096+00:00,190390001153A,5.06,Bueno,5.74,Bueno,interpolacion_delaunay,0,283,20,33,8
2026-10-08T00:06:27.936096+00:00,1903900012222,7.9,Bueno,8.56,Bueno,interpolacion_delaunay,0,2481,214,440,130
2026-10-08T00:06:27.936096+00:00,1903900010048,11.79,Bueno,14.19,Bueno,interpolacion_delaunay,0,2757,231,541,184
2026-10-08T00:06:27.936096+00:00,1903900010160,18.36,Aceptable,23.19,Bueno,interpolacion_delaunay,0,1233,55,334,97
2026-10-08T00:06:27.936096+00:00,1903900011915,7.01,Bueno,8.45,Bueno,interpolacion_delaunay,0,1171,52,296,69
2026-10-08T00:06:27.936096+00:00,1903900012824,4.87,Bueno,5.02,Bueno,interpolacion_delaunay,0,0,0,0,0
2026-10-08T00:06:27.936096+00:00,1903900010103,17.05,Aceptable,21.48,Bueno,interpolacion_delaunay,0,2537,115,733,107
2026-10-08T00:06:27.936096+00:00,1903900010122,14.45,Bueno,17.68,Bueno,interpolacion_delaunay,0,3875,316,762,228
2026-10-08T00:06:27.936096+00:00,1903900010207,14.42,Bueno,17.51,Bueno,interpolacion_delaunay,0,2935,264,476,100
2026-10-08T00:06:27.936096+00:00,190390001089A,13.21,Bueno,15.29,Bueno,interpolacion_delaunay,0,2450,84,735,103
2026-10-08T00:06:27.936096+00:00,1903900010813,11.8,Bueno,13.97,Bueno,interpolacion_delaunay,0,1266,76,281,65
2026-10-08T00:06:27.936096+00:00,190390001096A,11.97,Bueno,13.96,Bueno,interpolacion_delaunay,0,735,52,175,36
2026-10-08T00:06:27.936096+00:00,190390001107A,10.18,Bueno,11.91,Bueno,interpolacion_delaunay,0,2056,191,358,98
2026-10-08T00:06:27.936096+00:00,1903900011099,9.8,Bueno,11.01,Bueno,interpolacion_delaunay,0,1728,108,401,82
2026-10-08T00:06:27.936096+00:00,1903900011281,8.56,Bueno,10.22,Bueno,interpolacion_delaunay,0,162,9,42,10
2026-10-08T00:06:27.936096+00:00,190390001146A,8.99,Bueno,9.6,Bueno,interpolacion_delaunay,0,1878,94,425,114
2026-10-08T00:06:27.936096+00:00,1903900011474,9.78,Bueno,10.9,Bueno,interpolacion_delaunay,0,1482,65,348,91
2026-10-08T00:06:27.936096+00:00,1903900011648,6.07,Bueno,6.79,Bueno,interpolacion_delaunay,0,1275,46,383,92
2026-10-08T00:06:27.936096+00:00,1903900011953,10.24,Bueno,11.36,Bueno,interpolacion_delaunay,0,4331,383,782,275
2026-10-08T00:06:27.936096+00:00,1903900011968,10.37,Bueno,12.08,Bueno,interpolacion_delaunay,0,2452,198,521,139
2026-10-08T00:06:27.936096+00:00,1903900011972,10.15,Bueno,12.35,Bueno,interpolacion_delaunay,0,2152,173,501,93
2026-10-08T00:06:27.936096+00:00,1903900011987,10.29,Bueno,12.84,Bueno,interpolacion_delaunay,0,2330,153,564,186
2026-10-08T00:06:27.936096+00:00,1903900012010,7.2,Bueno,8.0,Bueno,promedio_sensores,3,377,6,32,6
2026-10-08T00:06:27.936096+00:00,1903900012025,7.97,Bueno,8.51,Bueno,interpolacion_delaunay,0,4868,169,1336,220
2026-10-08T00:06:27.936096+00:00,1903900012608,12.16,Bueno,14.31,Bueno,interpolacion_delaunay,0,3563,325,452,140
2026-10-08T00:06:27.936096+00:00,1903900012260,7.53,Bueno,8.08,Bueno,interpolacion_delaunay,0,2549,128,738,140
2026-10-08T00:06:27.936096+00:00,1903900012523,10.77,Bueno,12.9,Bueno,interpolacion_delaunay,0,5883,502,863,210
2026-10-08T00:06:27.936096+00:00,1903900012576,7.87,Bueno,8.85,Bueno,interpolacion_delaunay,0,3643,363,363,152
2026-10-08T00:06:27.936096+00:00,1903900012612,13.39,Bueno,16.52,Bueno,interpolacion_delaunay,0,3707,369,423,217
2026-10-08T00:06:27.936096+00:00,1903900013339,9.8,Bueno,11.48,Bueno,interpolacion_delaunay,0,3291,330,562,149
2026-10-08T00:06:27.936096+00:00,1903900013432,15.08,Aceptable,18.34,Bueno,interpolacion_delaunay,0,3283,331,497,186
2026-10-08T00:06:27.936096+00:00,1903900013381,14.12,Bueno,17.37,Bueno,interpolacion_delaunay,0,3469,305,681,259
2026-10-08T00:06:27.936096+00:00,1903900013324,9.24,Bueno,10.79,Bueno,interpolacion_delaunay,0,2714,268,458,83
2026-10-08T00:06:27.936096+00:00,1903900014587,10.57,Bueno,12.92,Bueno,interpolacion_delaunay,0,1315,68,368,60
2026-10-08T00:06:27.936096+00:00,1903900014604,3.4,Bueno,3.7,Bueno,interpolacion_delaunay,0,2075,111,610,109
2026-10-08T00:06:27.936096+00:00,1903900014661,7.95,Bueno,8.63,Bueno,interpolacion_delaunay,0,2902,69,608,127
2026-10-08T00:06:27.936096+00:00,1903900014680,23.27,Aceptable,29.72,Bueno,interpolacion_delaunay,0,2293,96,745,94
2026-10-08T00:06:27.936096+00:00,1903900011239,11.58,Bueno,13.73,Bueno,interpolacion_delaunay,0,3332,293,662,233
2026-10-08T00:06:27.936096+00:00,1903900011489,9.8,Bueno,10.8,Bueno,promedio_sensores,1,1608,86,419,74
2026-10-08T00:06:27.936096+00:00,1903900010279,18.75,Aceptable,23.65,Bueno,interpolacion_delaunay,0,2220,107,580,282
2026-10-08T00:06:27.936096+00:00,1903900010531,18.61,Aceptable,22.95,Bueno,interpolacion_delaunay,0,5417,419,1156,491
2026-10-08T00:06:27.936096+00:00,1903900010635,19.83,Aceptable,24.76,Bueno,interpolacion_delaunay,0,2264,78,723,158
2026-10-08T00:06:27.936096+00:00,1903900011686,5.98,Bueno,6.4,Bueno,interpolacion_delaunay,0,153,7,36,5
2026-10-08T00:06:27.936096+00:00,1903900011807,8.69,Bueno,9.43,Bueno,interpolacion_delaunay,0,2430,99,765,107
2026-10-08T00:06:27.936096+00:00,1903900011830,10.5,Bueno,11.1,Bueno,promedio_sensores,1,898,35,265,16
2026-10-08T00:06:27.936096+00:00,1903900012097,9.0,Bueno,10.0,Bueno,promedio_sensores,1,4087,88,440,163
2026-10-08T00:06:27.936096+00:00,1903900012256,8.63,Bueno,9.46,Bueno,interpolacion_delaunay,0,4590,303,1006,320
2026-10-08T00:06:27.936096+00:00,1903900012307,8.8,Bueno,9.2,Bueno,promedio_sensores,3,2986,141,683,94
2026-10-08T00:06:27.936096+00:00,1903900012453,5.89,Bueno,6.49,Bueno,interpolacion_delaunay,0,2219,109,403,76
2026-10-08T00:06:27.936096+00:00,1903900012716,9.81,Bueno,10.74,Bueno,interpolacion_delaunay,0,78,3,14,8
2026-10-08T00:06:27.936096+00:00,1903900012735,9.53,Bueno,10.41,Bueno,interpolacion_delaunay,0,0,0,0,0
2026-10-08T00:06:27.936096+00:00,1903900012769,17.83,Aceptable,21.19,Bueno,interpolacion_delaunay,0,279,15,54,0
2026-10-08T00:06:27.936096+00:00,1903900012773,8.04,Bueno,8.51,Bueno,interpolacion_delaunay,0,0,0,0,0
2026-10-08T00:06:27.936096+00:00,1903900014040,11.44,Bueno,13.41,Bueno,interpolacion_delaunay,0,3042,337,450,116
2026-10-08T00:06:27.936096+00:00,1903900014178,10.18,Bueno,12.32,Bueno,interpolacion_delaunay,0,4610,493,538,196
2026-10-08T00:06:27.936096+00:00,1903900010156,18.53,Aceptable,23.48,Bueno,interpolacion_delaunay,0,2930,146,830,151
2026-10-08T00:06:27.936096+00:00,1903900010264,22.56,Aceptable,29.08,Bueno,interpolacion_delaunay,0,4282,326,814,272
2026-10-08T00:06:27.936096+00:00,1903900010283,19.12,Aceptable,24.09,Bueno,interpolacion_delaunay,0,2911,218,619,83
2026-10-08T00:06:27.936096+00:00,1903900010315,14.9,Bueno,17.82,Bueno,interpolacion_delaunay,0,3515,316,654,216
2026-10-08T00:06:27.936096+00:00,190390001032A,12.75,Bueno,14.79,Bueno,interpolacion_delaunay,0,4173,426,573,279
2026-10-08T00:06:27.936096+00:00,1903900010349,13.37,Bueno,15.41,Bueno,interpolacion_delaunay,0,2637,166,677,132
2026-10-08T00:06:27.936096+00:00,1903900010391,20.83,Aceptable,26.39,Bueno,interpolacion_delaunay,0,3850,295,727,205
2026-10-08T00:06:27.936096+00:00,1903900010438,16.58,Aceptable,20.0,Bueno,interpolacion_delaunay,0,3338,313,521,73
2026-10-08T00:06:27.936096+00:00,1903900010442,13.91,Bueno,16.16,Bueno,interpolacion_delaunay,0,2676,239,533,136
2026-10-08T00:06:27.936096+00:00,1903900010457,26.71,Aceptable,34.5,Bueno,interpolacion_delaunay,0,3408,175,1149,225
2026-10-08T00:06:27.936096+00:00,1903900010480,25.11,Aceptable,32.37,Bueno,interpolacion_delaunay,0,1388,64,440,114
2026-10-08T00:06:27.936096+00:00,1903900010512,21.21,Aceptable,26.71,Bueno,interpolacion_delaunay,0,2980,202,741,168
2026-10-08T00:06:27.936096+00:00,1903900010546,18.67,Aceptable,23.06,Bueno,interpolacion_delaunay,0,2660,141,683,117
2026-10-08T00:06:27.936096+00:00,1903900010550,16.87,Aceptable,20.45,Bueno,interpolacion_delaunay,0,2279,182,478,160
2026-10-08T00:06:27.936096+00:00,1903900010565,15.16,Aceptable,17.97,Bueno,interpolacion_delaunay,0,2608,254,432,94
2026-10-08T00:06:27.936096+00:00,190390001057A,13.82,Bueno,16.07,Bueno,interpolacion_delaunay,0,1514,131,335,33
2026-10-08T00:06:27.936096+00:00,1903900010599,14.38,Bueno,15.7,Bueno,interpolacion_delaunay,0,2808,125,1047,137
2026-10-08T00:06:27.936096+00:00,1903900010601,26.07,Aceptable,33.74,Bueno,interpolacion_delaunay,0,5314,412,1126,426
2026-10-08T00:06:27.936096+00:00,1903900010620,21.12,Aceptable,26.63,Bueno,interpolacion_delaunay,0,2515,85,744,131
2026-10-08T00:06:27.936096+00:00,190390001064A,18.23,Aceptable,22.45,Bueno,interpolacion_delaunay,0,2719,125,702,154
2026-10-08T00:06:27.936096+00:00,1903900010654,16.29,Aceptable,19.64,Bueno,interpolacion_delaunay,0,2609,119,783,144
2026-10-08T00:06:27.936096+00:00,1903900010705,16.27,Aceptable,17.67,Bueno,interpolacion_delaunay,0,1996,93,661,76
2026-10-08T00:06:27.936096+00:00,1903900010739,18.47,Aceptable,22.83,Bueno,interpolacion_delaunay,0,1701,60,561,127
2026-10-08T00:06:27.936096+00:00,1903900010743,16.84,Aceptable,20.47,Bueno,interpolacion_delaunay,0,1991,112,552,108
2026-10-08T00:06:27.936096+00:00,1903900010758,15.69,Aceptable,18.81,Bueno,interpolacion_delaunay,0,1207,67,324,54
2026-10-08T00:06:27.936096+00:00,1903900010796,12.01,Bueno,14.05,Bueno,interpolacion_delaunay,0,0,0,0,0
2026-10-08T00:06:27.936096+00:00,1903900010828,11.28,Bueno,13.45,Bueno,interpolacion_delaunay,0,1085,46,363,57
2026-10-08T00:06:27.936096+00:00,1903900010866,12.41,Bueno,13.44,Bueno,interpolacion_delaunay,0,1678,49,570,85
2026-10-08T00:06:27.936096+00:00,1903900010870,13.97,Bueno,16.42,Bueno,interpolacion_delaunay,0,3879,268,842,254
2026-10-08T00:06:27.936096+00:00,1903900010885,11.46,Bueno,12.8,Bueno,interpolacion_delaunay,0,1668,63,493,70
2026-10-08T00:06:27.936096+00:00,1903900010940,12.05,Bueno,13.9,Bueno,interpolacion_delaunay,0,3419,259,605,213
2026-10-08T00:06:27.936096+00:00,1903900011046,10.35,Bueno,12.6,Bueno,interpolacion_delaunay,0,1800,151,355,99
2026-10-08T00:06:27.936096+00:00,1903900011135,10.04,Bueno,10.9,Bueno,interpolacion_delaunay,0,1752,62,519,67
2026-10-08T00:06:27.936096+00:00,190390001114A,10.6,Bueno,11.6,Bueno,promedio_sensores,1,1380,53,428,34
2026-10-08T00:06:27.936096+00:00,1903900011154,9.95,Bueno,10.89,Bueno,interpolacion_delaunay,0,1623,62,444,64
2026-10-08T00:06:27.936096+00:00,1903900011169,9.7,Bueno,10.6,Bueno,promedio_sensores,2,2880,73,732,160
2026-10-08T00:06:27.936096+00:00,1903900011192,10.37,Bueno,11.34,Bueno,interpolacion_delaunay,0,2657,175,674,141
2026-10-08T00:06:27.936096+00:00,1903900011205,10.45,Bueno,11.56,Bueno,interpolacion_delaunay,0,122,13,22,0
2026-10-08T00:06:27.936096+00:00,1903900011243,8.73,Bueno,10.15,Bueno,interpolacion_delaunay,0,475,45,76,44
2026-10-08T00:06:27.936096+00:00,1903900011258,9.4,Bueno,11.11,Bueno,interpolacion_delaunay,0,1048,106,166,35
2026-10-08T00:06:27.936096+00:00,1903900011262,11.38,Bueno,13.65,Bueno,interpolacion_delaunay,0,1756,114,447,140
2026-10-08T00:06:27.936096+00:00,1903900011277,10.27,Bueno,12.39,Bueno,interpolacion_delaunay,0,2024,136,529,164
2026-10-08T00:06:27.936096+00:00,1903900011309,11.0,Bueno,13.6,Bueno,promedio_sensores,1,1761,123,433,90
2026-10-08T00:06:27.936096+00:00,1903900011351,10.29,Bueno,11.4,Bueno,interpolacion_delaunay,0,2734,167,651,175
2026-10-08T00:06:27.936096+00:00,1903900011366,10.28,Bueno,11.38,Bueno,interpolacion_delaunay,0,0,0,0,0
2026-10-08T00:06:27.936096+00:00,1903900011421,11.8,Bueno,14.0,Bueno,promedio_sensores,1,3327,204,738,54
2026-10-08T00:06:27.936096+00:00,1903900011436,11.2,Bueno,12.83,Bueno,interpolacion_delaunay,0,1869,83,431,69
2026-10-08T00:06:27.936096+00:00,1903900011440,10.74,Bueno,12.04,Bueno,interpolacion_delaunay,0,1644,76,453,82
2026-10-08T00:06:27.936096+00:00,1903900011455,14.5,Bueno,16.74,Bueno,interpolacion_delaunay,0,1330,38,379,65
2026-10-08T00:06:27.936096+00:00,1903900011578,8.36,Bueno,9.01,Bueno,interpolacion_delaunay,0,1668,78,469,55
2026-10-08T00:06:27.936096+00:00,1903900011582,11.1,Bueno,11.9,Bueno,promedio_sensores,1,1943,98,485,98
2026-10-08T00:06:27.936096+00:00,190390001160A,9.31,Bueno,10.13,Bueno,interpolacion_delaunay,0,1878,106,479,110
2026-10-08T00:06:27.936096+00:00,1903900011614,9.14,Bueno,9.92,Bueno,interpolacion_delaunay,0,2516,127,727,95
2026-10-08T00:06:27.936096+00:00,1903900011633,16.37,Aceptable,19.32,Bueno,interpolacion_delaunay,0,810,34,225,59
2026-10-08T00:06:27.936096+00:00,1903900011703,5.71,Bueno,6.26,Bueno,interpolacion_delaunay,0,3184,63,372,52
2026-10-08T00:06:27.936096+00:00,1903900011722,8.32,Bueno,8.98,Bueno,interpolacion_delaunay,0,511,20,136,16
2026-10-08T00:06:27.936096+00:00,1903900011737,7.04,Bueno,7.55,Bueno,interpolacion_delaunay,0,377,25,76,21
2026-10-08T00:06:27.936096+00:00,1903900011741,6.72,Bueno,7.7,Bueno,interpolacion_delaunay,0,179,8,28,10
2026-10-08T00:06:27.936096+00:00,1903900011756,6.75,Bueno,8.14,Bueno,interpolacion_delaunay,0,191,3,61,18
2026-10-08T00:06:27.936096+00:00,1903900011794,8.7,Bueno,9.47,Bueno,interpolacion_delaunay,0,2555,160,623,167
2026-10-08T00:06:27.936096+00:00,1903900011845,6.3,Bueno,6.6,Bueno,promedio_sensores,1,2750,133,527,66
2026-10-08T00:06:27.936096+00:00,190390001185A,8.62,Bueno,9.02,Bueno,interpolacion_delaunay,0,2718,189,497,75
2026-10-08T00:06:27.936096+00:00,1903900011879,8.7,Bueno,9.53,Bueno,interpolacion_delaunay,0,2302,190,467,160
2026-10-08T00:06:27.936096+00:00,1903900011883,8.96,Bueno,10.25,Bueno,interpolacion_delaunay,0,2653,217,567,162
2026-10-08T00:06:27.936096+00:00,1903900011898,9.99,Bueno,11.89,Bueno,interpolacion_delaunay,0,2466,163,572,128
2026-10-08T00:06:27.936096+00:00,1903900011900,8.84,Bueno,10.85,Bueno,interpolacion_delaunay,0,1274,99,333,108
2026-10-08T00:06:27.936096+00:00,1903900012167,8.46,Bueno,9.31,Bueno,interpolacion_delaunay,0,2883,124,813,123
2026-10-08T00:06:27.936096+00:00,1903900012190,6.94,Bueno,7.39,Bueno,interpolacion_delaunay,0,1182,41,455,89
2026-10-08T00:06:27.936096+00:00,1903900012218,6.03,Bueno,6.23,Bueno,interpolacion_delaunay,0,1788,87,512,71
2026-10-08T00:06:27.936096+00:00,1903900012241,7.1,Bueno,7.42,Bueno,interpolacion_delaunay,0,1136,46,404,79
2026-10-08T00:06:27.936096+00:00,1903900012275,6.86,Bueno,7.26,Bueno,interpolacion_delaunay,0,3740,200,896,144
2026-10-08T00:06:27.936096+00:00,1903900012472,8.4,Bueno,9.0,Bueno,promedio_sensores,1,4662,342,773,243
2026-10-08T00:06:27.936096+00:00,190390001267A,11.81,Bueno,12.91,Bueno,interpolacion_delaunay,0,3909,249,1025,191
2026-10-08T00:06:27.936096+00:00,1903900012684,9.7,Bueno,10.55,Bueno,interpolacion_delaunay,0,2186,73,687,43
2026-10-08T00:06:27.936096+00:00,1903900012720,9.8,Bueno,10.7,Bueno,promedio_sensores,1,970,52,170,37
2026-10-08T00:06:27.936096+00:00,190390001274A,8.77,Bueno,9.63,Bueno,interpolacion_delaunay,0,10,0,0,0
2026-10-08T00:06:27.936096+00:00,1903900012754,9.1,Bueno,9.9,Bueno,interpolacion_delaunay,0,3205,214,714,184
2026-10-08T00:06:27.936096+00:00,1903900012788,7.46,Bueno,8.96,Bueno,interpolacion_delaunay,0,0,0,0,0
2026-10-08T00:06:27.936096+00:00,190390001281A,5.2,Bueno,5.3,Bueno,promedio_sensores,1,327,0,0,0
2026-10-08T00:06:27.936096+00:00,1903900012877,2.18,Bueno,2.24,Bueno,interpolacion_delaunay,0,0,0,0,0
2026-10-08T00:06:27.936096+00:00,1903900013451,15.32,Aceptable,18.5,Bueno,interpolacion_delaunay,0,4308,421,672,304
2026-10-08T00:06:27.936096+00:00,1903900013555,9.71,Bueno,10.65,Bueno,interpolacion_delaunay,0,4663,290,902,166
2026-10-08T00:06:27.936096+00:00,1903900013593,10.83,Bueno,12.38,Bueno,interpolacion_delaunay,0,2322,237,355,231
2026-10-08T00:06:27.936096+00:00,1903900013606,10.76,Bueno,12.13,Bueno,interpolacion_delaunay,0,2907,266,482,206
2026-10-08T00:06:27.936096+00:00,1903900013610,9.19,Bueno,10.54,Bueno,interpolacion_delaunay,0,2513,260,368,178
2026-10-08T00:06:27.936096+00:00,1903900013659,9.41,Bueno,10.78,Bueno,interpolacion_delaunay,0,1885,176,371,95
2026-10-08T00:06:27.936096+00:00,190390001406A,12.9,Bueno,15.17,Bueno,interpolacion_delaunay,0,4196,447,516,257
2026-10-08T00:06:27.936096+00:00,1903900014093,21.35,Aceptable,27.29,Bueno,interpolacion_delaunay,0,3096,303,444,145
2026-10-08T00:06:27.936096+00:00,1903900014144,18.89,Aceptable,23.39,Bueno,interpolacion_delaunay,0,883,38,360,125
2026-10-08T00:06:27.936096+00:00,1903900014159,1.6,Bueno,2.3,Bueno,promedio_sensores,1,620,20,142,55
2026-10-08T00:06:27.936096+00:00,1903900014500,21.63,Aceptable,27.6,Bueno,interpolacion_delaunay,0,3056,353,283,111
2026-10-08T00:06:27.936096+00:00,1903900014515,23.85,Aceptable,30.66,Bueno,interpolacion_delaunay,0,3391,252,688,180
2026-10-08T00:06:27.936096+00:00,1903900014549,19.17,Aceptable,23.84,Bueno,interpolacion_delaunay,0,4319,365,785,218
2026-10-08T00:06:27.936096+00:00,1903900014553,17.51,Aceptable,21.45,Bueno,interpolacion_delaunay,0,3885,315,748,307
2026-10-08T00:06:27.936096+00:00,1903900014619,1.37,Bueno,1.4,Bueno,interpolacion_delaunay,0,2679,137,355,34
2026-10-08T00:06:27.936096+00:00,1903900014623,9.0,Bueno,9.4,Bueno,promedio_sensores,1,1853,99,476,133
2026-10-08T00:06:27.936096+00:00,1903900014731,8.58,Bueno,9.25,Bueno,interpolacion_delaunay,0,2772,164,687,112
2026-10-08T00:06:27.936096+00:00,1903900014905,13.55,Bueno,14.53,Bueno,interpolacion_delaunay,0,2280,182,284,44
2026-10-08T00:06:27.936096+00:00,190390001491A,12.53,Bueno,13.54,Bueno,interpolacion_delaunay,0,897,47,73,0
2026-10-08T00:06:27.936096+00:00,1903900014924,8.5,Bueno,8.7,Bueno,promedio_sensores,1,2425,136,485,38
2026-10-08T00:06:27.936096+00:00,1903900014939,9.53,Bueno,10.21,Bueno,interpolacion_delaunay,0,1974,92,485,50
2026-10-08T00:06:27.936096+00:00,1903900015142,6.28,Bueno,6.46,Bueno,interpolacion_delaunay,0,2839,330,193,45
2026-10-08T00:06:27.936096+00:00,1903900011385,10.18,Bueno,11.21,Bueno,interpolacion_delaunay,0,1585,87,442,107
2026-10-08T00:06:27.936096+00:00,1903900012805,7.4,Bueno,7.89,Bueno,interpolacion_delaunay,0,3258,186,362,30
2026-10-08T00:06:27.936096+00:00,1903900011826,10.51,Bueno,11.44,Bueno,interpolacion_delaunay,0,1966,181,300,39
2026-10-08T00:06:27.936096+00:00,1903900012468,6.4,Bueno,6.77,Bueno,interpolacion_delaunay,0,3979,370,451,75
2026-10-08T00:06:27.936096+00:00,1903900012133,10.26,Bueno,12.29,Bueno,interpolacion_delaunay,0,3643,409,514,130
2026-10-08T00:06:27.936096+00:00,1903900014182,9.91,Bueno,11.65,Bueno,interpolacion_delaunay,0,2164,180,491,80
2026-10-08T00:06:27.936096+00:00,1903900012152,8.84,Bueno,9.75,Bueno,interpolacion_delaunay,0,2360,140,519,93
2026-10-08T00:06:27.936096+00:00,1903900012082,9.7,Bueno,11.26,Bueno,interpolacion_delaunay,0,2402,95,700,143
2026-10-08T00:06:27.936096+00:00,1903900013663,8.8,Bueno,9.69,Bueno,interpolacion_delaunay,0,4832,422,675,278
2026-10-08T00:06:27.936096+00:00,1903900013714,9.5,Bueno,9.62,Bueno,interpolacion_delaunay,0,4743,468,751,239
2026-10-08T00:06:27.936096+00:00,1903900012858,5.28,Bueno,5.71,Bueno,interpolacion_delaunay,0,0,0,0,0
2026-10-08T00:06:27.936096+00:00,1903900012839,4.39,Bueno,4.56,Bueno,interpolacion_delaunay,0,426,30,39,0
2026-10-08T00:06:27.936096+00:00,1903900012843,8.6,Bueno,9.4,Bueno,promedio_sensores,1,3288,154,618,59
2026-10-08T00:06:27.936096+00:00,1903900012862,3.12,Bueno,3.21,Bueno,interpolacion_delaunay,0,0,0,0,0
2026-10-08T00:06:27.936096+00:00,1903900013733,7.1,Bueno,7.18,Bueno,interpolacion_delaunay,0,1895,90,465,59
2026-10-08T00:06:27.936096+00:00,1903900012294,7.03,Bueno,7.57,Bueno,interpolacion_delaunay,0,3104,120,1010,138
2026-10-08T00:06:27.936096+00:00,190390001228A,8.09,Bueno,8.77,Bueno,interpolacion_delaunay,0,2430,94,799,56
2026-10-08T00:06:27.936096+00:00,1903900010423,15.3,Aceptable,18.27,Bueno,interpolacion_delaunay,0,3542,305,682,134
2026-10-08T00:06:27.936096+00:00,1903900010334,13.19,Bueno,15.29,Bueno,interpolacion_delaunay,0,878,76,200,70
2026-10-08T00:06:27.936096+00:00,1903900010071,17.67,Aceptable,22.42,Bueno,interpolacion_delaunay,0,2520,129,682,146
2026-10-08T00:06:27.936096+00:00,1903900014869,1.11,Bueno,1.26,Bueno,interpolacion_delaunay,0,4404,353,307,53
2026-10-08T00:06:27.936096+00:00,1903900013748,5.16,Bueno,5.3,Bueno,interpolacion_delaunay,0,3552,225,627,97
2026-10-08T00:06:27.936096+00:00,1903900011050,9.78,Bueno,11.53,Bueno,interpolacion_delaunay,0,1589,135,342,104
2026-10-08T00:06:27.936096+00:00,1903900011116,9.66,Bueno,10.88,Bueno,interpolacion_delaunay,0,0,0,0,0
2026-10-08T00:06:27.936096+00:00,1903900010809,11.95,Bueno,14.04,Bueno,interpolacion_delaunay,0,59,3,14,3
2026-10-08T00:06:27.936096+00:00,1903900010989,11.61,Bueno,13.86,Bueno,interpolacion_delaunay,0,6061,564,591,133
2026-10-08T00:06:27.936096+00:00,1903900010851,9.53,Bueno,11.21,Bueno,interpolacion_delaunay,0,1601,105,413,68
2026-10-08T00:06:27.936096+00:00,1903900013413,9.41,Bueno,10.43,Bueno,interpolacion_delaunay,0,7251,522,1316,316
2026-10-08T00:06:27.936096+00:00,1903900010033,7.24,Bueno,8.1,Bueno,interpolacion_delaunay,0,3321,285,588,124
2026-10-08T00:06:27.936096+00:00,1903900010137,7.75,Bueno,8.56,Bueno,interpolacion_delaunay,0,4478,279,1202,320
2026-10-08T00:06:27.936096+00:00,1903900010141,19.95,Aceptable,25.23,Bueno,interpolacion_delaunay,0,4273,225,965,185
2026-10-08T00:06:27.936096+00:00,1903900010762,12.28,Bueno,14.11,Bueno,interpolacion_delaunay,0,1600,114,337,68
2026-10-08T00:06:27.936096+00:00,1903900014106,23.94,Aceptable,30.93,Bueno,interpolacion_delaunay,0,4189,248,1019,177
2026-10-08T00:06:27.936096+00:00,1903900014110,26.98,Aceptable,35.12,Bueno,interpolacion_delaunay,0,2699,161,643,225
2026-10-08T00:06:27.936096+00:00,1903900010921,12.3,Bueno,14.08,Bueno,interpolacion_delaunay,0,2388,213,393,106
2026-10-08T00:06:27.936096+00:00,1903900010669,13.63,Bueno,15.83,Bueno,interpolacion_delaunay,0,2152,159,463,119
2026-10-08T00:06:27.936096+00:00,1903900010067,16.74,Aceptable,21.19,Bueno,interpolacion_delaunay,0,2799,155,819,158
2026-10-08T00:06:27.936096+00:00,1903900010688,12.31,Bueno,14.17,Bueno,interpolacion_delaunay,0,2838,195,394,149
2026-10-08T00:06:27.936096+00:00,1903900010584,12.58,Bueno,14.31,Bueno,interpolacion_delaunay,0,3226,273,587,141
2026-10-08T00:06:27.936096+00:00,1903900011417,10.43,Bueno,11.79,Bueno,interpolacion_delaunay,0,3077,152,970,79
2026-10-08T00:06:27.936096+00:00,1903900013837,10.26,Bueno,11.46,Bueno,interpolacion_delaunay,0,3561,193,908,77
2026-10-08T00:06:27.936096+00:00,1903900013930,10.04,Bueno,11.39,Bueno,interpolacion_delaunay,0,1431,202,111,73
2026-10-08T00:06:27.936096+00:00,1903900014055,12.03,Bueno,14.07,Bueno,interpolacion_delaunay,0,4222,525,372,136
2026-10-08T00:06:27.936096+00:00,190390001420A,9.22,Bueno,10.44,Bueno,interpolacion_delaunay,0,3029,320,382,97
2026-10-08T00:06:27.936096+00:00,1903900014197,9.46,Bueno,10.86,Bueno,interpolacion_delaunay,0,2456,248,321,138
2026-10-08T00:06:27.936096+00:00,1903900010974,11.83,Bueno,13.93,Bueno,interpolacion_delaunay,0,781,39,192,50
2026-10-08T00:06:27.936096+00:00,1903900011084,9.63,Bueno,10.88,Bueno,interpolacion_delaunay,0,1782,162,338,82
2026-10-08T00:06:27.936096+00:00,1903900010847,10.29,Bueno,12.53,Bueno,interpolacion_delaunay,0,1023,82,199,53
2026-10-08T00:06:27.936096+00:00,1903900010993,11.19,Bueno,13.56,Bueno,interpolacion_delaunay,0,1086,95,211,53
2026-10-08T00:06:27.936096+00:00,1903900010372,24.37,Aceptable,31.46,Bueno,interpolacion_delaunay,0,2524,139,785,102
2026-10-08T00:06:27.936096+00:00,1903900011031,9.98,Bueno,12.13,Bueno,interpolacion_delaunay,0,1190,84,257,58
2026-10-08T00:06:27.936096+00:00,1903900010902,11.85,Bueno,13.37,Bueno,interpolacion_delaunay,0,3066,119,898,183
2026-10-08T00:06:27.936096+00:00,1903900010777,12.16,Bueno,14.07,Bueno,interpolacion_delaunay,0,1329,106,264,76
2026-10-08T00:06:27.936096+00:00,1903900010781,12.05,Bueno,14.04,Bueno,interpolacion_delaunay,0,242,8,54,15
2026-10-08T00:06:27.936096+00:00,1903900014572,11.16,Bueno,13.66,Bueno,interpolacion_delaunay,0,1442,81,389,93
2026-10-08T00:06:27.936096+00:00,1903900014676,24.23,Aceptable,31.1,Bueno,interpolacion_delaunay,0,2120,102,506,104
2026-10-08T00:06:27.936096+00:00,190390001025A,22.63,Aceptable,29.24,Bueno,interpolacion_delaunay,0,3942,258,986,278
2026-10-08T00:06:27.936096+00:00,1903900010495,23.65,Aceptable,30.23,Bueno,interpolacion_delaunay,0,1812,109,420,98
2026-10-08T00:06:27.936096+00:00,1903900010917,12.4,Bueno,14.1,Bueno,promedio_sensores,1,2843,155,698,133
2026-10-08T00:06:27.936096+00:00,1903900010955,12.08,Bueno,14.02,Bueno,interpolacion_delaunay,0,288,25,64,22
2026-10-08T00:06:27.936096+00:00,1903900013697,11.5,Bueno,11.67,Bueno,interpolacion_delaunay,0,1977,183,341,77
2026-10-08T00:06:27.936096+00:00,1903900013860,12.51,Bueno,14.8,Bueno,interpolacion_delaunay,0,3174,344,383,184
2026-10-08T00:06:27.936096+00:00,1903900015439,15.55,Aceptable,16.89,Bueno,interpolacion_delaunay,0,627,97,12,5
2026-10-08T00:06:27.936096+00:00,1903900011027,10.71,Bueno,13.17,Bueno,interpolacion_delaunay,0,509,36,115,25
2026-10-08T00:06:27.936096+00:00,1903900013998,9.16,Bueno,10.76,Bueno,interpolacion_delaunay,0,5766,706,558,248
2026-10-08T00:06:27.936096+00:00,190390001477A,11.74,Bueno,12.43,Bueno,interpolacion_delaunay,0,550,33,68,4
2026-10-08T00:06:27.936096+00:00,1903900014002,8.73,Bueno,9.93,Bueno,interpolacion_delaunay,0,5494,669,668,240
2026-10-08T00:06:27.936096+00:00,1903900014873,0.4,Bueno,0.47,Bueno,interpolacion_delaunay,0,2383,154,261,52
2026-10-08T00:06:27.936096+00:00,1903900011008,11.31,Bueno,13.73,Bueno,interpolacion_delaunay,0,1877,145,377,135
2026-10-08T00:06:27.936096+00:00,1903900011313,10.73,Bueno,13.09,Bueno,interpolacion_delaunay,0,5055,336,882,185
2026-10-08T00:06:27.936096+00:00,190390001139A,9.75,Bueno,10.79,Bueno,interpolacion_delaunay,0,1079,59,290,49
2026-10-08T00:06:27.936096+00:00,1903900011402,10.11,Bueno,11.18,Bueno,interpolacion_delaunay,0,681,31,196,23
2026-10-08T00:06:27.936096+00:00,1903900012519,9.48,Bueno,11.36,Bueno,interpolacion_delaunay,0,5642,661,498,241
2026-10-08T00:06:27.936096+00:00,1903900013822,9.24,Bueno,9.78,Bueno,interpolacion_delaunay,0,6050,361,890,140
2026-10-08T00:06:27.936096+00:00,1903900013964,9.13,Bueno,9.47,Bueno,interpolacion_delaunay,0,728,55,70,19
2026-10-08T00:06:27.936096+00:00,1903900014125,26.8,Aceptable,34.79,Bueno,interpolacion_delaunay,0,1881,174,361,63
2026-10-08T00:06:27.936096+00:00,190390001452A,15.15,Aceptable,18.8,Bueno,interpolacion_delaunay,0,2471,240,363,186
2026-10-08T00:06:27.936096+00:00,190390001413A,26.47,Aceptable,34.32,Bueno,interpolacion_delaunay,0,2082,180,339,126
2026-10-08T00:06:27.936096+00:00,1903900010461,30.0,Aceptable,39.4,Bueno,promedio_sensores,1,3422,173,1112,139
2026-10-08T00:06:27.936096+00:00,1903900014534,13.74,Bueno,16.31,Bueno,interpolacion_delaunay,0,1267,111,229,29
2026-10-08T00:06:27.936096+00:00,1903900013767,2.86,Bueno,3.08,Bueno,interpolacion_delaunay,0,2308,117,605,127
2026-10-08T00:06:27.936096+00:00,1903900012345,4.15,Bueno,4.2,Bueno,interpolacion_delaunay,0,2632,98,737,80
2026-10-08T00:06:27.936096+00:00,1903900012364,0.0,Bueno,0.0,Bueno,promedio_sensores,1,2327,116,787,61
2026-10-08T00:06:27.936096+00:00,1903900011629,30.2,Aceptable,37.5,Bueno,promedio_sensores,1,2881,196,402,58
2026-10-08T00:06:27.936096+00:00,1903900013396,12.52,Bueno,15.04,Bueno,interpolacion_delaunay,0,4014,389,664,275
2026-10-08T00:06:27.936096+00:00,1903900010245,13.32,Bueno,14.65,Bueno,interpolacion_delaunay,0,2709,131,764,208
2026-10-08T00:06:27.936096+00:00,1903900015284,13.15,Bueno,14.2,Bueno,interpolacion_delaunay,0,513,29,60,13
2026-10-08T00:06:27.936096+00:00,1903900010118,13.96,Bueno,17.04,Bueno,interpolacion_delaunay,0,4580,383,955,302
2026-10-08T00:06:27.936096+00:00,1903900010052,12.12,Bueno,14.58,Bueno,interpolacion_delaunay,0,3869,304,717,323
2026-10-08T00:06:27.936096+00:00,1903900015123,9.37,Bueno,10.71,Bueno,interpolacion_delaunay,0,68,3,4,3
2026-10-08T00:06:27.936096+00:00,1903900014036,10.6,Bueno,12.33,Bueno,interpolacion_delaunay,0,4679,569,514,263
2026-10-08T00:06:27.936096+00:00,1903900010508,22.95,Aceptable,29.22,Bueno,interpolacion_delaunay,0,3451,202,579,150
2026-10-08T00:06:27.936096+00:00,1903900010527,21.26,Aceptable,26.77,Bueno,interpolacion_delaunay,0,1779,95,454,127
2026-10-08T00:06:27.936096+00:00,1903900013729,7.31,Bueno,7.53,Bueno,interpolacion_delaunay,0,3410,392,357,136
2026-10-08T00:06:27.936096+00:00,190390001370A,9.66,Bueno,9.88,Bueno,interpolacion_delaunay,0,4006,357,563,228
2026-10-08T00:06:27.936096+00:00,1904600010362,9.22,Bueno,10.48,Bueno,interpolacion_delaunay,0,5505,271,1291,301
2026-10-08T00:06:27.936096+00:00,1904600011483,12.48,Bueno,16.35,Bueno,interpolacion_delaunay,0,2026,111,597,94
2026-10-08T00:06:27.936096+00:00,1904600011638,8.9,Bueno,10.15,Bueno,interpolacion_delaunay,0,4053,248,498,114
2026-10-08T00:06:27.936096+00:00,1904600010998,7.8,Bueno,9.5,Bueno,interpolacion_delaunay,0,5855,449,1099,257
2026-10-08T00:06:27.936096+00:00,1904600011676,10.44,Bueno,12.54,Bueno,interpolacion_delaunay,0,362,30,69,27
2026-10-08T00:06:27.936096+00:00,1904600010216,12.7,Bueno,14.4,Bueno,promedio_sensores,1,2042,50,546,50
2026-10-08T00:06:27.936096+00:00,1904600010536,7.96,Bueno,9.76,Bueno,interpolacion_delaunay,0,4997,504,603,104
2026-10-08T00:06:27.936096+00:00,1904600011708,9.03,Bueno,10.34,Bueno,interpolacion_delaunay,0,1763,89,284,44
2026-10-08T00:06:27.936096+00:00,190460001070A,9.35,Bueno,10.62,Bueno,interpolacion_delaunay,0,1273,69,137,48
2026-10-08T00:06:27.936096+00:00,1904600011375,8.94,Bueno,10.18,Bueno,interpolacion_delaunay,0,5964,475,946,326
2026-10-08T00:06:27.936096+00:00,1904600011286,9.27,Bueno,10.51,Bueno,interpolacion_delaunay,0,2603,117,839,196
2026-10-08T00:06:27.936096+00:00,1904600011623,8.7,Bueno,10.02,Bueno,interpolacion_delaunay,0,4225,248,423,136
2026-10-08T00:06:27.936096+00:00,1904600010786,8.83,Bueno,10.16,Bueno,interpolacion_delaunay,0,4690,309,1009,269
2026-10-08T00:06:27.936096+00:00,190460001024A,9.54,Bueno,11.43,Bueno,interpolacion_delaunay,0,2748,75,850,176
2026-10-08T00:06:27.936096+00:00,1904600010875,7.03,Bueno,9.01,Bueno,interpolacion_delaunay,0,3785,202,993,129
2026-10-08T00:06:27.936096+00:00,1904600010324,8.94,Bueno,10.31,Bueno,interpolacion_delaunay,0,2214,97,651,92
2026-10-08T00:06:27.936096+00:00,1904600011233,8.51,Bueno,9.93,Bueno,interpolacion_delaunay,0,3010,241,577,204
2026-10-08T00:06:27.936096+00:00,1904600010131,17.05,Aceptable,21.92,Bueno,interpolacion_delaunay,0,4113,160,1393,177
2026-10-08T00:06:27.936096+00:00,1904600010184,14.2,Bueno,17.54,Bueno,interpolacion_delaunay,0,3438,93,1132,126
2026-10-08T00:06:27.936096+00:00,1904600010235,10.43,Bueno,12.23,Bueno,interpolacion_delaunay,0,2765,104,711,111
2026-10-08T00:06:27.936096+00:00,1904600010466,20.83,Aceptable,27.04,Bueno,interpolacion_delaunay,0,2212,113,500,58
2026-10-08T00:06:27.936096+00:00,190460001049A,16.92,Aceptable,21.0,Bueno,interpolacion_delaunay,0,2827,123,674,44
2026-10-08T00:06:27.936096+00:00,1904600011407,7.65,Bueno,9.55,Bueno,interpolacion_delaunay,0,3464,317,610,173
2026-10-08T00:06:27.936096+00:00,1904600011642,10.48,Bueno,12.69,Bueno,interpolacion_delaunay,0,2601,116,623,113
2026-10-08T00:06:27.936096+00:00,1904600011731,6.95,Bueno,8.94,Bueno,interpolacion_delaunay,0,3017,207,561,120
2026-10-08T00:06:27.936096+00:00,1904600010108,13.77,Bueno,18.2,Bueno,interpolacion_delaunay,0,2483,125,582,112
2026-10-08T00:06:27.936096+00:00,1904600010127,7.29,Bueno,9.12,Bueno,interpolacion_delaunay,0,4270,186,1281,297
2026-10-08T00:06:27.936096+00:00,1904600010292,10.89,Bueno,12.87,Bueno,interpolacion_delaunay,0,0,0,0,0
2026-10-08T00:06:27.936096+00:00,1904600010714,8.44,Bueno,9.84,Bueno,interpolacion_delaunay,0,3666,266,947,309
2026-10-08T00:06:27.936096+00:00,1904600010860,7.26,Bueno,9.28,Bueno,interpolacion_delaunay,0,3290,227,721,158
2026-10-08T00:06:27.936096+00:00,1904600011002,8.01,Bueno,9.7,Bueno,interpolacion_delaunay,0,3262,289,695,194
2026-10-08T00:06:27.936096+00:00,190460001120A,8.3,Bueno,9.78,Bueno,interpolacion_delaunay,0,3141,265,631,179
2026-10-08T00:06:27.936096+00:00,1904600011341,8.43,Bueno,10.01,Bueno,interpolacion_delaunay,0,3608,289,555,127
2026-10-08T00:06:27.936096+00:00,1904600011426,7.66,Bueno,9.38,Bueno,interpolacion_delaunay,0,3335,302,691,164
2026-10-08T00:06:27.936096+00:00,190460001177A,19.98,Aceptable,25.86,Bueno,interpolacion_delaunay,0,2611,224,320,95
2026-10-08T00:06:27.936096+00:00,1904600010042,16.99,Aceptable,22.81,Bueno,interpolacion_delaunay,0,1646,90,422,69
2026-10-08T00:06:27.936096+00:00,1904600010057,15.01,Aceptable,19.99,Bueno,interpolacion_delaunay,0,1216,61,388,100
2026-10-08T00:06:27.936096+00:00,1904600010076,7.19,Bueno,9.11,Bueno,interpolacion_delaunay,0,3762,199,1053,215
2026-10-08T00:06:27.936096+00:00,1904600010095,14.6,Bueno,19.42,Bueno,interpolacion_delaunay,0,1199,53,337,85
2026-10-08T00:06:27.936096+00:00,1904600010146,12.72,Bueno,16.36,Bueno,interpolacion_delaunay,0,2987,160,749,104
2026-10-08T00:06:27.936096+00:00,190460001017A,7.33,Bueno,9.1,Bueno,interpolacion_delaunay,0,4101,180,1201,211
2026-10-08T00:06:27.936096+00:00,1904600010201,8.68,Bueno,10.61,Bueno,interpolacion_delaunay,0,3988,173,1242,253
2026-10-08T00:06:27.936096+00:00,1904600010220,12.03,Bueno,13.82,Bueno,interpolacion_delaunay,0,1869,61,495,59
2026-10-08T00:06:27.936096+00:00,190460001031A,8.83,Bueno,10.21,Bueno,interpolacion_delaunay,0,2149,134,353,62
2026-10-08T00:06:27.936096+00:00,1904600010343,8.76,Bueno,10.11,Bueno,interpolacion_delaunay,0,5532,394,1335,345
2026-10-08T00:06:27.936096+00:00,1904600010381,9.43,Bueno,10.67,Bueno,interpolacion_delaunay,0,3251,164,847,172
2026-10-08T00:06:27.936096+00:00,1904600010413,25.25,Aceptable,33.86,Bueno,interpolacion_delaunay,0,4002,238,499,120
2026-10-08T00:06:27.936096+00:00,1904600010485,14.53,Bueno,17.39,Bueno,interpolacion_delaunay,0,3150,144,1004,109
2026-10-08T00:06:27.936096+00:00,1904600010540,7.53,Bueno,9.23,Bueno,interpolacion_delaunay,0,4952,283,1289,225
2026-10-08T00:06:27.936096+00:00,1904600010555,8.36,Bueno,10.02,Bueno,interpolacion_delaunay,0,0,0,0,0
2026-10-08T00:06:27.936096+00:00,1904600010593,7.82,Bueno,9.41,Bueno,interpolacion_delaunay,0,5785,417,488,81
2026-10-08T00:06:27.936096+00:00,1904600010610,9.23,Bueno,10.63,Bueno,interpolacion_delaunay,0,4819,442,219,35
2026-10-08T00:06:27.936096+00:00,1904600010625,8.1,Bueno,9.71,Bueno,interpolacion_delaunay,0,684,56,110,22
2026-10-08T00:06:27.936096+00:00,1904600010659,7.99,Bueno,9.49,Bueno,interpolacion_delaunay,0,0,0,0,0
2026-10-08T00:06:27.936096+00:00,1904600010729,8.44,Bueno,9.82,Bueno,interpolacion_delaunay,0,0,0,0,0
2026-10-08T00:06:27.936096+00:00,1904600010752,8.89,Bueno,10.19,Bueno,interpolacion_delaunay,0,2043,121,429,51
2026-10-08T00:06:27.936096+00:00,1904600010790,8.9,Bueno,10.28,Bueno,interpolacion_delaunay,0,0,0,0,0
2026-10-08T00:06:27.936096+00:00,1904600010822,7.36,Bueno,9.37,Bueno,interpolacion_delaunay,0,1808,142,329,116
2026-10-08T00:06:27.936096+00:00,1904600010841,7.15,Bueno,9.19,Bueno,interpolacion_delaunay,0,2675,196,623,119
2026-10-08T00:06:27.936096+00:00,1904600010856,7.12,Bueno,9.13,Bueno,interpolacion_delaunay,0,5049,305,900,195
2026-10-08T00:06:27.936096+00:00,190460001088A,6.74,Bueno,8.18,Bueno,interpolacion_delaunay,0,4232,220,1219,162
2026-10-08T00:06:27.936096+00:00,1904600010894,7.59,Bueno,9.41,Bueno,interpolacion_delaunay,0,2806,182,550,130
2026-10-08T00:06:27.936096+00:00,1904600010907,7.33,Bueno,9.25,Bueno,interpolacion_delaunay,0,3550,247,722,168
2026-10-08T00:06:27.936096+00:00,1904600010930,20.47,Aceptable,27.29,Bueno,interpolacion_delaunay,0,3021,143,721,82
2026-10-08T00:06:27.936096+00:00,1904600010945,17.62,Aceptable,23.2,Bueno,interpolacion_delaunay,0,3597,162,944,129
2026-10-08T00:06:27.936096+00:00,190460001095A,7.62,Bueno,9.43,Bueno,interpolacion_delaunay,0,3265,234,654,254
2026-10-08T00:06:27.936096+00:00,1904600010979,7.32,Bueno,9.02,Bueno,interpolacion_delaunay,0,2747,114,869,151
2026-10-08T00:06:27.936096+00:00,1904600011017,7.93,Bueno,9.59,Bueno,interpolacion_delaunay,0,4599,402,752,199
2026-10-08T00:06:27.936096+00:00,1904600011021,7.47,Bueno,9.11,Bueno,interpolacion_delaunay,0,4072,223,1090,178
2026-10-08T00:06:27.936096+00:00,1904600011040,7.72,Bueno,9.29,Bueno,interpolacion_delaunay,0,3276,150,902,88
2026-10-08T00:06:27.936096+00:00,1904600011055,7.78,Bueno,9.33,Bueno,interpolacion_delaunay,0,7096,477,1425,285
2026-10-08T00:06:27.936096+00:00,190460001106A,8.47,Bueno,10.43,Bueno,interpolacion_delaunay,0,1152,61,261,64
2026-10-08T00:06:27.936096+00:00,1904600011074,7.98,Bueno,9.52,Bueno,interpolacion_delaunay,0,4901,241,744,96
2026-10-08T00:06:27.936096+00:00,1904600011089,7.96,Bueno,9.48,Bueno,interpolacion_delaunay,0,3306,318,659,199
2026-10-08T00:06:27.936096+00:00,1904600011093,8.4,Bueno,9.89,Bueno,interpolacion_delaunay,0,3302,217,861,180
2026-10-08T00:06:27.936096+00:00,1904600011106,8.68,Bueno,10.17,Bueno,interpolacion_delaunay,0,3881,243,712,89
2026-10-08T00:06:27.936096+00:00,1904600011110,9.42,Bueno,10.72,Bueno,interpolacion_delaunay,0,3018,178,738,133
2026-10-08T00:06:27.936096+00:00,1904600011125,8.11,Bueno,9.62,Bueno,interpolacion_delaunay,0,3318,323,549,240
2026-10-08T00:06:27.936096+00:00,190460001113A,8.2,Bueno,9.68,Bueno,interpolacion_delaunay,0,3513,294,662,255
2026-10-08T00:06:27.936096+00:00,1904600011144,8.29,Bueno,9.74,Bueno,interpolacion_delaunay,0,3223,294,460,148
2026-10-08T00:06:27.936096+00:00,1904600011159,8.34,Bueno,9.74,Bueno,interpolacion_delaunay,0,4682,317,917,254
2026-10-08T00:06:27.936096+00:00,1904600011163,8.42,Bueno,9.82,Bueno,interpolacion_delaunay,0,4463,291,849,173
2026-10-08T00:06:27.936096+00:00,1904600011178,8.56,Bueno,9.98,Bueno,interpolacion_delaunay,0,2288,137,771,142
2026-10-08T00:06:27.936096+00:00,1904600011182,8.46,Bueno,9.89,Bueno,interpolacion_delaunay,0,2567,158,877,192
2026-10-08T00:06:27.936096+00:00,1904600011197,8.57,Bueno,9.94,Bueno,interpolacion_delaunay,0,2285,129,707,149
2026-10-08T00:06:27.936096+00:00,1904600011214,8.43,Bueno,9.89,Bueno,interpolacion_delaunay,0,2395,153,608,159
2026-10-08T00:06:27.936096+00:00,1904600011229,8.62,Bueno,10.04,Bueno,interpolacion_delaunay,0,3808,341,729,252
2026-10-08T00:06:27.936096+00:00,1904600011248,8.5,Bueno,9.9,Bueno,interpolacion_delaunay,0,3448,233,731,165
2026-10-08T00:06:27.936096+00:00,1904600011252,8.95,Bueno,10.28,Bueno,interpolacion_delaunay,0,3638,249,902,255
2026-10-08T00:06:27.936096+00:00,1904600011271,9.18,Bueno,10.42,Bueno,interpolacion_delaunay,0,3393,200,1049,183
2026-10-08T00:06:27.936096+00:00,1904600011290,7.43,Bueno,9.24,Bueno,interpolacion_delaunay,0,3613,204,959,164
2026-10-08T00:06:27.936096+00:00,1904600011303,7.53,Bueno,9.34,Bueno,interpolacion_delaunay,0,4255,296,730,120
2026-10-08T00:06:27.936096+00:00,1904600011318,7.2,Bueno,8.9,Bueno,promedio_sensores,1,2617,117,712,78
2026-10-08T00:06:27.936096+00:00,1904600011322,7.24,Bueno,8.95,Bueno,interpolacion_delaunay,0,3209,131,1071,177
2026-10-08T00:06:27.936096+00:00,1904600011356,8.23,Bueno,9.74,Bueno,interpolacion_delaunay,0,5344,302,754,186
2026-10-08T00:06:27.936096+00:00,190460001138A,6.98,Bueno,8.8,Bueno,interpolacion_delaunay,0,2330,116,772,143
2026-10-08T00:06:27.936096+00:00,1904600011394,6.9,Bueno,8.48,Bueno,interpolacion_delaunay,0,2495,152,536,127
2026-10-08T00:06:27.936096+00:00,1904600011430,7.67,Bueno,9.32,Bueno,interpolacion_delaunay,0,4835,297,977,195
2026-10-08T00:06:27.936096+00:00,1904600011445,8.84,Bueno,10.12,Bueno,interpolacion_delaunay,0,2396,140,277,35
2026-10-08T00:06:27.936096+00:00,190460001145A,8.98,Bueno,10.25,Bueno,interpolacion_delaunay,0,4010,242,623,75
2026-10-08T00:06:27.936096+00:00,1904600011464,23.27,Aceptable,31.65,Bueno,interpolacion_delaunay,0,3269,192,527,50
2026-10-08T00:06:27.936096+00:00,1904600011479,19.43,Aceptable,26.27,Bueno,interpolacion_delaunay,0,2267,102,540,81
2026-10-08T00:06:27.936096+00:00,1904600011500,7.43,Bueno,9.37,Bueno,interpolacion_delaunay,0,4575,375,784,254
2026-10-08T00:06:27.936096+00:00,1904600011515,7.5,Bueno,9.38,Bueno,interpolacion_delaunay,0,1791,111,314,102
2026-10-08T00:06:27.936096+00:00,190460001152A,7.69,Bueno,9.5,Bueno,interpolacion_delaunay,0,3396,254,719,167
2026-10-08T00:06:27.936096+00:00,1904600011534,7.81,Bueno,9.6,Bueno,interpolacion_delaunay,0,5740,487,560,132
2026-10-08T00:06:27.936096+00:00,1904600011549,7.61,Bueno,9.4,Bueno,interpolacion_delaunay,0,4515,263,831,205
2026-10-08T00:06:27.936096+00:00,1904600011568,8.23,Bueno,9.83,Bueno,interpolacion_delaunay,0,4996,283,463,138
2026-10-08T00:06:27.936096+00:00,1904600011572,8.35,Bueno,9.92,Bueno,interpolacion_delaunay,0,4541,345,482,121
2026-10-08T00:06:27.936096+00:00,1904600011587,9.1,Bueno,10.49,Bueno,interpolacion_delaunay,0,2786,153,244,33
2026-10-08T00:06:27.936096+00:00,1904600011591,9.12,Bueno,10.48,Bueno,interpolacion_delaunay,0,3387,245,335,48
2026-10-08T00:06:27.936096+00:00,1904600011604,8.7,Bueno,10.04,Bueno,interpolacion_delaunay,0,3298,256,771,245
2026-10-08T00:06:27.936096+00:00,1904600011619,9.0,Bueno,10.29,Bueno,interpolacion_delaunay,0,3765,260,958,269
2026-10-08T00:06:27.936096+00:00,1904600011657,9.08,Bueno,10.84,Bueno,interpolacion_delaunay,0,3567,176,481,50
2026-10-08T00:06:27.936096+00:00,1904600011661,8.98,Bueno,11.02,Bueno,interpolacion_delaunay,0,282,11,66,6
2026-10-08T00:06:27.936096+00:00,1904600011727,6.46,Bueno,7.96,Bueno,interpolacion_delaunay,0,3412,179,655,144
2026-10-08T00:06:27.936096+00:00,1904600011746,7.6,Bueno,9.21,Bueno,interpolacion_delaunay,0,3218,196,815,117
2026-10-08T00:06:27.936096+00:00,1904600011750,7.77,Bueno,9.36,Bueno,interpolacion_delaunay,0,4162,197,210,54
2026-10-08T00:06:27.936096+00:00,1904600011765,19.34,Aceptable,25.15,Bueno,interpolacion_delaunay,0,3860,405,397,208
2026-10-08T00:06:27.936096+00:00,1904600010663,8.11,Bueno,9.59,Bueno,interpolacion_delaunay,0,198,8,27,0
2026-10-08T00:06:27.936096+00:00,1904600010926,7.5,Bueno,9.46,Bueno,interpolacion_delaunay,0,5007,437,867,291
2026-10-08T00:06:27.936096+00:00,1904600010339,9.05,Bueno,10.39,Bueno,interpolacion_delaunay,0,1314,68,335,78
2026-10-08T00:06:27.936096+00:00,1904600011267,9.14,Bueno,10.44,Bueno,interpolacion_delaunay,0,3908,248,1102,331
2026-10-08T00:06:27.936096+00:00,1904600011712,9.74,Bueno,10.92,Bueno,interpolacion_delaunay,0,3272,182,300,58
2026-10-08T00:06:27.936096+00:00,1904600010447,6.79,Bueno,8.75,Bueno,interpolacion_delaunay,0,4132,230,437,113
2026-10-08T00:06:27.936096+00:00,1904600011498,7.18,Bueno,8.79,Bueno,interpolacion_delaunay,0,3212,141,667,65
2026-10-08T00:06:27.936096+00:00,1904600010682,8.6,Bueno,10.07,Bueno,interpolacion_delaunay,0,6498,485,714,113
2026-10-08T00:06:27.936096+00:00,1903100450393,6.39,Bueno,7.35,Bueno,interpolacion_delaunay,0,4470,331,183,115
2026-10-08T00:06:27.936096+00:00,1903100451090,7.51,Bueno,9.18,Bueno,interpolacion_delaunay,0,3117,391,133,67
2026-10-08T00:06:27.936096+00:00,1903100010340,8.69,Bueno,10.92,Bueno,interpolacion_delaunay,0,3444,349,252,192
2026-10-08T00:06:27.936096+00:00,1903100450641,6.6,Bueno,7.77,Bueno,interpolacion_delaunay,0,1572,92,57,77
2026-10-08T00:06:27.936096+00:00,1903100451086,7.25,Bueno,8.81,Bueno,interpolacion_delaunay,0,3582,470,173,24
2026-10-08T00:06:27.936096+00:00,190310311171A,7.97,Bueno,9.78,Bueno,interpolacion_delaunay,0,1226,184,39,41
2026-10-08T00:06:27.936096+00:00,1903100450088,6.04,Bueno,7.09,Bueno,interpolacion_delaunay,0,106,4,27,5
2026-10-08T00:06:27.936096+00:00,1903100450321,6.59,Bueno,7.72,Bueno,interpolacion_delaunay,0,781,65,43,66
2026-10-08T00:06:27.936096+00:00,1903100450656,6.32,Bueno,7.15,Bueno,interpolacion_delaunay,0,6656,512,216,203
2026-10-08T00:06:27.936096+00:00,1903100451461,5.76,Bueno,6.49,Bueno,interpolacion_delaunay,0,215,36,0,4
2026-10-08T00:06:27.936096+00:00,1903100451391,5.99,Bueno,6.7,Bueno,interpolacion_delaunay,0,400,41,11,20
2026-10-08T00:06:27.936096+00:00,190310001068A,8.4,Bueno,10.9,Bueno,promedio_sensores,1,5585,402,158,107
2026-10-08T00:06:27.936096+00:00,1903100010872,8.06,Bueno,10.28,Bueno,interpolacion_delaunay,0,2902,333,115,45
2026-10-08T00:06:27.936096+00:00,1903100450266,5.83,Bueno,6.71,Bueno,interpolacion_delaunay,0,3518,300,297,140
2026-10-08T00:06:27.936096+00:00,1903100451211,6.83,Bueno,7.92,Bueno,interpolacion_delaunay,0,318,31,15,12
2026-10-08T00:06:27.936096+00:00,1903100450105,5.63,Bueno,6.58,Bueno,interpolacion_delaunay,0,617,53,101,42
2026-10-08T00:06:27.936096+00:00,1903100450533,5.63,Bueno,6.41,Bueno,interpolacion_delaunay,0,112,19,4,0
2026-10-08T00:06:27.936096+00:00,1903100450834,5.91,Bueno,6.71,Bueno,interpolacion_delaunay,0,5335,620,158,133
2026-10-08T00:06:27.936096+00:00,1903100451122,6.47,Bueno,7.24,Bueno,interpolacion_delaunay,0,4196,367,129,124
2026-10-08T00:06:27.936096+00:00,1903100451118,5.87,Bueno,6.6,Bueno,interpolacion_delaunay,0,1143,149,65,58
2026-10-08T00:06:27.936096+00:00,1903100450092,6.15,Bueno,7.21,Bueno,interpolacion_delaunay,0,5801,601,614,240
2026-10-08T00:06:27.936096+00:00,190310001036A,8.52,Bueno,10.6,Bueno,interpolacion_delaunay,0,2196,166,139,77
2026-10-08T00:06:27.936096+00:00,1903100011264,8.15,Bueno,10.36,Bueno,interpolacion_delaunay,0,166,15,10,4
2026-10-08T00:06:27.936096+00:00,1903100011692,7.81,Bueno,9.63,Bueno,interpolacion_delaunay,0,1994,254,42,57
2026-10-08T00:06:27.936096+00:00,1903100450675,6.35,Bueno,7.25,Bueno,interpolacion_delaunay,0,2985,254,121,65
2026-10-08T00:06:27.936096+00:00,1903100450815,6.95,Bueno,8.32,Bueno,interpolacion_delaunay,0,5183,452,347,124
2026-10-08T00:06:27.936096+00:00,1903100450887,6.63,Bueno,7.67,Bueno,interpolacion_delaunay,0,626,73,50,23
2026-10-08T00:06:27.936096+00:00,1903100450891,6.95,Bueno,7.97,Bueno,interpolacion_delaunay,0,3371,329,210,148
2026-10-08T00:06:27.936096+00:00,1903100450904,6.94,Bueno,7.91,Bueno,interpolacion_delaunay,0,2284,216,156,77
2026-10-08T00:06:27.936096+00:00,1903100451438,6.7,Bueno,7.9,Bueno,promedio_sensores,1,489,62,15,5
2026-10-08T00:06:27.936096+00:00,1903100451442,7.09,Bueno,8.02,Bueno,interpolacion_delaunay,0,530,59,19,6
2026-10-08T00:06:27.936096+00:00,1903100451828,7.17,Bueno,8.29,Bueno,interpolacion_delaunay,0,1268,201,24,22
2026-10-08T00:06:27.936096+00:00,1903103131616,7.23,Bueno,7.99,Bueno,interpolacion_delaunay,0,3396,460,75,104
2026-10-08T00:06:27.936096+00:00,1903100451103,6.89,Bueno,7.8,Bueno,interpolacion_delaunay,0,1939,184,111,81
2026-10-08T00:06:27.936096+00:00,1903103131601,7.26,Bueno,8.07,Bueno,interpolacion_delaunay,0,3536,417,97,62
2026-10-08T00:06:27.936096+00:00,1903100451226,6.68,Bueno,7.51,Bueno,interpolacion_delaunay,0,2587,267,90,42
2026-10-08T00:06:27.936096+00:00,1903103111512,7.41,Bueno,8.52,Bueno,interpolacion_delaunay,0,2486,240,126,82
2026-10-08T00:06:27.936096+00:00,1903100451635,5.76,Bueno,6.43,Bueno,interpolacion_delaunay,0,3621,518,70,103
2026-10-08T00:06:27.936096+00:00,1903103131300,7.7,Bueno,8.5,Bueno,promedio_sensores,1,4074,495,120,80
2026-10-08T00:06:27.936096+00:00,1903103111508,8.01,Bueno,9.7,Bueno,interpolacion_delaunay,0,3724,412,113,64
2026-10-08T00:06:27.936096+00:00,1903100451387,5.99,Bueno,6.75,Bueno,interpolacion_delaunay,0,1540,218,34,55
2026-10-08T00:06:27.936096+00:00,1903100452101,5.47,Bueno,6.11,Bueno,interpolacion_delaunay,0,1249,214,20,18
2026-10-08T00:06:27.936096+00:00,1903100451283,6.08,Bueno,6.76,Bueno,interpolacion_delaunay,0,3230,373,88,78
2026-10-08T00:06:27.936096+00:00,1903103111527,7.68,Bueno,9.06,Bueno,interpolacion_delaunay,0,1682,145,143,89
2026-10-08T00:06:27.936096+00:00,1903100452402,5.79,Bueno,6.41,Bueno,interpolacion_delaunay,0,0,0,0,0
2026-10-08T05:52:40.045631+00:00,1900601740121,7.8,Bueno,9.1,Bueno,promedio_sensores,1,2694,310,73,36
2026-10-08T05:52:40.045631+00:00,1900601740155,7.86,Bueno,9.08,Bueno,interpolacion_delaunay,0,1820,285,54,16
2026-10-08T05:52:40.045631+00:00,1900600781948,8.0,Bueno,9.51,Bueno,interpolacion_delaunay,0,1170,93,69,32
2026-10-08T05:52:40.045631+00:00,1900600012236,8.02,Bueno,9.15,Bueno,interpolacion_delaunay,0,264,28,6,0
2026-10-08T05:52:40.045631+00:00,1900600010225,8.39,Bueno,9.81,Bueno,interpolacion_delaunay,0,1,0,0,0
2026-10-08T05:52:40.045631+00:00,1900600010206,8.73,Bueno,10.16,Bueno,interpolacion_delaunay,0,6646,747,526,177
2026-10-08T05:52:40.045631+00:00,1900600010210,8.47,Bueno,9.92,Bueno,interpolacion_delaunay,0,0,0,0,0
2026-10-08T05:52:40.045631+00:00,1900600010244,8.46,Bueno,9.78,Bueno,interpolacion_delaunay,0,90,3,14,3
2026-10-08T05:52:40.045631+00:00,1900600010259,8.59,Bueno,9.93,Bueno,interpolacion_delaunay,0,3329,268,159,53
2026-10-08T05:52:40.045631+00:00,1900600010278,8.4,Bueno,9.71,Bueno,interpolacion_delaunay,0,486,52,18,8
2026-10-08T05:52:40.045631+00:00,1900600010297,8.13,Bueno,9.45,Bueno,interpolacion_delaunay,0,5850,524,288,225
2026-10-08T05:52:40.045631+00:00,1900600010475,8.32,Bueno,9.63,Bueno,interpolacion_delaunay,0,4729,407,844,249
2026-10-08T05:52:40.045631+00:00,190060001030A,8.08,Bueno,9.39,Bueno,interpolacion_delaunay,0,4134,431,170,127
2026-10-08T05:52:40.045631+00:00,1900600010348,8.19,Bueno,9.33,Bueno,interpolacion_delaunay,0,7877,871,609,196
2026-10-08T05:52:40.045631+00:00,1900600010460,8.36,Bueno,9.65,Bueno,interpolacion_delaunay,0,4909,343,1088,217
2026-10-08T05:52:40.045631+00:00,1900600010352,8.09,Bueno,9.22,Bueno,interpolacion_delaunay,0,1017,63,153,80
2026-10-08T05:52:40.045631+00:00,1900600010367,8.13,Bueno,9.24,Bueno,interpolacion_delaunay,0,469,45,60,46
2026-10-08T05:52:40.045631+00:00,1900600010403,9.01,Bueno,10.58,Bueno,interpolacion_delaunay,0,4726,352,972,196
2026-10-08T05:52:40.045631+00:00,190060001055A,8.92,Bueno,10.47,Bueno,interpolacion_delaunay,0,4579,363,547,197
2026-10-08T05:52:40.045631+00:00,1900600010583,8.41,Bueno,9.78,Bueno,interpolacion_delaunay,0,4964,382,425,153
2026-10-08T05:52:40.045631+00:00,1900600010598,8.3,Bueno,9.68,Bueno,interpolacion_delaunay,0,5332,416,338,212
2026-10-08T05:52:40.045631+00:00,1900600010723,8.66,Bueno,10.6,Bueno,interpolacion_delaunay,0,5109,353,1039,281
2026-10-08T05:52:40.045631+00:00,1900600010780,8.16,Bueno,9.42,Bueno,interpolacion_delaunay,0,3755,348,382,222
2026-10-08T05:52:40.045631+00:00,1900600010795,8.16,Bueno,9.38,Bueno,interpolacion_delaunay,0,5270,506,424,204
2026-10-08T05:52:40.045631+00:00,1900600010808,8.17,Bueno,9.35,Bueno,interpolacion_delaunay,0,3443,304,372,102
2026-10-08T05:52:40.045631+00:00,1900600010920,9.1,Bueno,10.7,Bueno,promedio_sensores,1,5729,316,496,128
2026-10-08T05:52:40.045631+00:00,1900600011011,8.6,Bueno,9.99,Bueno,interpolacion_delaunay,0,0,0,0,0
2026-10-08T05:52:40.045631+00:00,1900600011026,8.51,Bueno,9.89,Bueno,interpolacion_delaunay,0,0,0,0,0
2026-10-08T05:52:40.045631+00:00,1900600011064,8.99,Bueno,10.53,Bueno,interpolacion_delaunay,0,4513,371,370,162
2026-10-08T05:52:40.045631+00:00,1900600011098,8.22,Bueno,9.7,Bueno,interpolacion_delaunay,0,5772,542,419,165
2026-10-08T05:52:40.045631+00:00,1900600011149,8.05,Bueno,9.15,Bueno,interpolacion_delaunay,0,1140,100,87,38
2026-10-08T05:52:40.045631+00:00,1900600011350,8.95,Bueno,10.48,Bueno,interpolacion_delaunay,0,3323,233,353,93
2026-10-08T05:52:40.045631+00:00,1900600011365,8.9,Bueno,10.4,Bueno,interpolacion_delaunay,0,3259,285,225,87
2026-10-08T05:52:40.045631+00:00,190060001137A,8.75,Bueno,10.57,Bueno,interpolacion_delaunay,0,2748,223,522,132
2026-10-08T05:52:40.045631+00:00,1900600011632,8.01,Bueno,9.35,Bueno,interpolacion_delaunay,0,5931,475,161,144
2026-10-08T05:52:40.045631+00:00,1900600011384,8.79,Bueno,10.49,Bueno,interpolacion_delaunay,0,3359,263,352,73
2026-10-08T05:52:40.045631+00:00,1900600011399,8.83,Bueno,10.31,Bueno,interpolacion_delaunay,0,2371,274,284,91
2026-10-08T05:52:40.045631+00:00,1900600011469,8.05,Bueno,9.4,Bueno,interpolacion_delaunay,0,1932,125,131,96
2026-10-08T05:52:40.045631+00:00,1900600011401,8.82,Bueno,10.25,Bueno,interpolacion_delaunay,0,3593,269,468,144
2026-10-08T05:52:40.045631+00:00,190060001144A,8.17,Bueno,9.54,Bueno,interpolacion_delaunay,0,6239,575,321,95
2026-10-08T05:52:40.045631+00:00,1900600011473,8.35,Bueno,9.72,Bueno,interpolacion_delaunay,0,2826,209,259,107
2026-10-08T05:52:40.045631+00:00,1900600011488,8.36,Bueno,9.7,Bueno,interpolacion_delaunay,0,2922,234,293,96
2026-10-08T05:52:40.045631+00:00,1900600011492,8.25,Bueno,9.53,Bueno,interpolacion_delaunay,0,1725,134,78,56
2026-10-08T05:52:40.045631+00:00,1900600011505,8.21,Bueno,9.51,Bueno,interpolacion_delaunay,0,2030,151,78,103
2026-10-08T05:52:40.045631+00:00,190060001151A,8.17,Bueno,9.46,Bueno,interpolacion_delaunay,0,4650,413,187,145
2026-10-08T05:52:40.045631+00:00,1900600011524,8.1,Bueno,9.36,Bueno,interpolacion_delaunay,0,3658,279,744,150
2026-10-08T05:52:40.045631+00:00,1900600011539,8.09,Bueno,9.31,Bueno,interpolacion_delaunay,0,3879,269,179,190
2026-10-08T05:52:40.045631+00:00,1900600011543,8.11,Bueno,9.28,Bueno,interpolacion_delaunay,0,3926,372,127,91
2026-10-08T05:52:40.045631+00:00,1900600011844,7.99,Bueno,9.26,Bueno,interpolacion_delaunay,0,1922,166,57,23
2026-10-08T05:52:40.045631+00:00,1900600011666,7.99,Bueno,9.29,Bueno,interpolacion_delaunay,0,2454,221,74,68
2026-10-08T05:52:40.045631+00:00,1900600011859,7.98,Bueno,9.24,Bueno,interpolacion_delaunay,0,1533,143,46,34
2026-10-08T05:52:40.045631+00:00,1900600011863,8.06,Bueno,9.24,Bueno,interpolacion_delaunay,0,1050,130,36,5
2026-10-08T05:52:40.045631+00:00,1900600011878,7.98,Bueno,9.12,Bueno,interpolacion_delaunay,0,5255,440,206,130
2026-10-08T05:52:40.045631+00:00,1900600011882,7.94,Bueno,9.08,Bueno,interpolacion_delaunay,0,5356,444,208,243
2026-10-08T05:52:40.045631+00:00,190060001190A,8.01,Bueno,9.12,Bueno,interpolacion_delaunay,0,3346,296,126,99
2026-10-08T05:52:40.045631+00:00,1900600011914,7.98,Bueno,9.17,Bueno,interpolacion_delaunay,0,5844,518,215,189
2026-10-08T05:52:40.045631+00:00,1900600011929,8.06,Bueno,9.53,Bueno,interpolacion_delaunay,0,5690,426,232,211
2026-10-08T05:52:40.045631+00:00,1900600012043,7.93,Bueno,9.12,Bueno,interpolacion_delaunay,0,3660,375,120,69
2026-10-08T05:52:40.045631+00:00,1900600012109,8.01,Bueno,9.27,Bueno,interpolacion_delaunay,0,1488,155,32,33
2026-10-08T05:52:40.045631+00:00,1900600012128,8.06,Bueno,9.25,Bueno,interpolacion_delaunay,0,1714,168,66,31
2026-10-08T05:52:40.045631+00:00,190060001226A,8.29,Bueno,9.6,Bueno,interpolacion_delaunay,0,4528,324,328,117
2026-10-08T05:52:40.045631+00:00,1900600012274,8.23,Bueno,9.57,Bueno,interpolacion_delaunay,0,5782,615,191,106
2026-10-08T05:52:40.045631+00:00,190060001233A,7.95,Bueno,9.19,Bueno,interpolacion_delaunay,0,2449,267,53,48
2026-10-08T05:52:40.045631+00:00,1900600012414,8.03,Bueno,9.26,Bueno,interpolacion_delaunay,0,2297,332,39,45
2026-10-08T05:52:40.045631+00:00,1900600012429,7.99,Bueno,9.19,Bueno,interpolacion_delaunay,0,3283,479,97,39
2026-10-08T05:52:40.045631+00:00,1900600012734,8.02,Bueno,9.17,Bueno,interpolacion_delaunay,0,961,146,24,13
2026-10-08T05:52:40.045631+00:00,1900600010992,8.62,Bueno,10.06,Bueno,interpolacion_delaunay,0,0,0,0,0
2026-10-08T05:52:40.045631+00:00,1900600012804,8.72,Bueno,10.19,Bueno,interpolacion_delaunay,0,705,129,13,7
2026-10-08T05:52:40.045631+00:00,1900600011897,8.04,Bueno,9.57,Bueno,interpolacion_delaunay,0,3063,294,202,149
2026-10-08T05:52:40.045631+00:00,1900600012202,7.92,Bueno,9.14,Bueno,interpolacion_delaunay,0,372,48,3,8
2026-10-08T05:52:40.045631+00:00,1900600012039,7.96,Bueno,9.23,Bueno,interpolacion_delaunay,0,2684,242,90,67
2026-10-08T05:52:40.045631+00:00,1900601740047,7.9,Bueno,9.2,Bueno,interpolacion_delaunay,0,1719,266,38,40
2026-10-08T05:52:40.045631+00:00,190190001005A,7.71,Bueno,8.17,Bueno,interpolacion_delaunay,0,2404,108,693,69
2026-10-08T05:52:40.045631+00:00,1901900010064,10.47,Bueno,11.15,Bueno,promedio_sensores,4,2721,181,677,58
2026-10-08T05:52:40.045631+00:00,1901900010079,8.6,Bueno,9.2,Bueno,promedio_sensores,1,4464,212,1159,127
2026-10-08T05:52:40.045631+00:00,1901900010083,5.77,Bueno,6.03,Bueno,promedio_sensores,3,1374,63,441,45
2026-10-08T05:52:40.045631+00:00,1901900010098,5.8,Bueno,6.2,Bueno,promedio_sensores,1,1854,103,460,42
2026-10-08T05:52:40.045631+00:00,1901900010100,8.0,Bueno,8.4,Bueno,promedio_sensores,1,1944,129,547,21
2026-10-08T05:52:40.045631+00:00,1901900010149,7.4,Bueno,7.5,Bueno,promedio_sensores,1,1163,75,215,15
2026-10-08T05:52:40.045631+00:00,1901900010153,8.3,Bueno,8.3,Bueno,promedio_sensores,1,1800,134,430,81
2026-10-08T05:52:40.045631+00:00,1901900010168,9.0,Bueno,9.5,Bueno,promedio_sensores,1,1570,81,416,43
2026-10-08T05:52:40.045631+00:00,1901900010172,7.7,Bueno,8.11,Bueno,interpolacion_delaunay,0,1335,59,357,29
2026-10-08T05:52:40.045631+00:00,1901900010187,8.12,Bueno,8.25,Bueno,interpolacion_delaunay,0,4463,306,999,93
2026-10-08T05:52:40.045631+00:00,1901900010191,8.0,Bueno,8.3,Bueno,promedio_sensores,1,2824,172,637,108
2026-10-08T05:52:40.045631+00:00,1901900010204,7.95,Bueno,8.38,Bueno,interpolacion_delaunay,0,3926,317,736,119
2026-10-08T05:52:40.045631+00:00,1901900010223,7.39,Bueno,7.83,Bueno,interpolacion_delaunay,0,2979,89,503,54
2026-10-08T05:52:40.045631+00:00,1901900010238,7.6,Bueno,8.1,Bueno,promedio_sensores,1,1904,73,302,23
2026-10-08T05:52:40.045631+00:00,1901900010242,4.53,Bueno,4.8,Bueno,promedio_sensores,3,2717,143,729,92
2026-10-08T05:52:40.045631+00:00,1901900010257,7.1,Bueno,7.3,Bueno,promedio_sensores,1,1307,56,361,13
2026-10-08T05:52:40.045631+00:00,1901900010261,3.4,Bueno,3.75,Bueno,promedio_sensores,2,2240,113,567,42
2026-10-08T05:52:40.045631+00:00,1901900010280,8.12,Bueno,8.46,Bueno,interpolacion_delaunay,0,2690,79,360,43
2026-10-08T05:52:40.045631+00:00,1901900010350,7.33,Bueno,7.69,Bueno,interpolacion_delaunay,0,2768,148,592,68
2026-10-08T05:52:40.045631+00:00,1901900010365,15.8,Aceptable,16.0,Bueno,promedio_sensores,1,3419,327,293,61
2026-10-08T05:52:40.045631+00:00,1901900010399,8.75,Bueno,8.95,Bueno,promedio_sensores,2,1162,6,68,0
2026-10-08T05:52:40.045631+00:00,1901900010401,7.1,Bueno,7.5,Bueno,promedio_sensores,1,2375,247,392,86
2026-10-08T05:52:40.045631+00:00,1901900010416,6.9,Bueno,7.07,Bueno,interpolacion_delaunay,0,700,19,105,4
2026-10-08T05:52:40.045631+00:00,1901900010420,8.5,Bueno,8.9,Bueno,promedio_sensores,1,1696,93,408,47
2026-10-08T05:52:40.045631+00:00,1901900010435,7.8,Bueno,8.0,Bueno,promedio_sensores,1,4494,346,601,54
2026-10-08T05:52:40.045631+00:00,190190001044A,6.43,Bueno,7.07,Bueno,promedio_sensores,3,4383,354,439,56
2026-10-08T05:52:40.045631+00:00,1901900010454,9.1,Bueno,9.3,Bueno,promedio_sensores,2,557,26,114,11
2026-10-08T05:52:40.045631+00:00,1901900010469,7.1,Bueno,7.8,Bueno,promedio_sensores,1,3112,170,568,37
2026-10-08T05:52:40.045631+00:00,1901900010473,6.77,Bueno,7.37,Bueno,interpolacion_delaunay,0,983,46,182,19
2026-10-08T05:52:40.045631+00:00,1901900010488,5.85,Bueno,6.1,Bueno,promedio_sensores,2,2757,295,371,102
2026-10-08T05:52:40.045631+00:00,1901900010492,4.75,Bueno,4.75,Bueno,promedio_sensores,2,2848,173,697,71
2026-10-08T05:52:40.045631+00:00,1901900010505,7.97,Bueno,8.28,Bueno,interpolacion_delaunay,0,2494,111,512,19
2026-10-08T05:52:40.045631+00:00,190190001051A,7.2,Bueno,7.5,Bueno,promedio_sensores,1,1899,111,507,36
2026-10-08T05:52:40.045631+00:00,1901900010558,9.43,Bueno,9.83,Bueno,promedio_sensores,3,1349,87,230,21
2026-10-08T05:52:40.045631+00:00,1901900010613,8.4,Bueno,8.67,Bueno,interpolacion_delaunay,0,132,0,20,0
2026-10-08T05:52:40.045631+00:00,1901900010384,7.13,Bueno,7.41,Bueno,interpolacion_delaunay,0,1111,19,119,15
2026-10-08T05:52:40.045631+00:00,1901900010219,7.89,Bueno,8.36,Bueno,interpolacion_delaunay,0,1954,106,555,58
2026-10-08T05:52:40.045631+00:00,1902100011338,9.87,Bueno,11.23,Bueno,interpolacion_delaunay,0,2800,219,134,55
2026-10-08T05:52:40.045631+00:00,1902100011817,7.0,Bueno,8.4,Bueno,promedio_sensores,1,583,52,40,11
2026-10-08T05:52:40.045631+00:00,1902100010293,9.93,Bueno,11.97,Bueno,interpolacion_delaunay,0,2008,84,165,35
2026-10-08T05:52:40.045631+00:00,190210001033A,8.76,Bueno,10.52,Bueno,interpolacion_delaunay,0,4000,286,440,91
2026-10-08T05:52:40.045631+00:00,1902100011060,15.49,Aceptable,18.06,Bueno,interpolacion_delaunay,0,3355,278,195,95
2026-10-08T05:52:40.045631+00:00,1902100010289,10.68,Bueno,12.83,Bueno,interpolacion_delaunay,0,1352,78,109,44
2026-10-08T05:52:40.045631+00:00,1902100010325,12.63,Bueno,15.26,Bueno,interpolacion_delaunay,0,1,0,0,0
2026-10-08T05:52:40.045631+00:00,1902100011412,8.7,Bueno,10.7,Bueno,promedio_sensores,1,3239,228,156,27
2026-10-08T05:52:40.045631+00:00,1902100011427,7.34,Bueno,8.81,Bueno,interpolacion_delaunay,0,4126,302,227,21
2026-10-08T05:52:40.045631+00:00,1902100011408,7.76,Bueno,9.23,Bueno,interpolacion_delaunay,0,6781,377,571,69
2026-10-08T05:52:40.045631+00:00,1902100011342,10.69,Bueno,12.11,Bueno,interpolacion_delaunay,0,4655,261,185,126
2026-10-08T05:52:40.045631+00:00,1902100010043,15.64,Aceptable,18.62,Bueno,interpolacion_delaunay,0,4208,322,819,334
2026-10-08T05:52:40.045631+00:00,1902100010255,12.9,Bueno,14.74,Bueno,interpolacion_delaunay,0,6704,625,410,194
2026-10-08T05:52:40.045631+00:00,1902100010378,16.0,Aceptable,19.4,Bueno,promedio_sensores,1,4134,262,294,72
2026-10-08T05:52:40.045631+00:00,1902100011075,15.05,Aceptable,17.44,Bueno,interpolacion_delaunay,0,8122,855,320,248
2026-10-08T05:52:40.045631+00:00,1902600011832,8.27,Bueno,9.46,Bueno,interpolacion_delaunay,0,3764,305,386,174
2026-10-08T05:52:40.045631+00:00,1902600010035,8.21,Bueno,9.43,Bueno,interpolacion_delaunay,0,1597,156,285,106
2026-10-08T05:52:40.045631+00:00,1902600012332,8.47,Bueno,10.12,Bueno,interpolacion_delaunay,0,5634,507,898,399
2026-10-08T05:52:40.045631+00:00,1902600010020,8.32,Bueno,9.56,Bueno,interpolacion_delaunay,0,1825,174,355,160
2026-10-08T05:52:40.045631+00:00,1902600011279,8.28,Bueno,9.53,Bueno,interpolacion_delaunay,0,4324,384,731,269
2026-10-08T05:52:40.045631+00:00,1902600011283,8.23,Bueno,9.48,Bueno,interpolacion_delaunay,0,3719,341,754,207
2026-10-08T05:52:40.045631+00:00,1902600012440,8.42,Bueno,9.64,Bueno,interpolacion_delaunay,0,2604,133,153,35
2026-10-08T05:52:40.045631+00:00,1902600012667,8.13,Bueno,9.13,Bueno,interpolacion_delaunay,0,778,73,30,14
2026-10-08T05:52:40.045631+00:00,1902600012811,6.49,Bueno,7.52,Bueno,interpolacion_delaunay,0,26,4,0,0
2026-10-08T05:52:40.045631+00:00,1902600010459,8.2,Bueno,8.81,Bueno,interpolacion_delaunay,0,3039,123,850,229
2026-10-08T05:52:40.045631+00:00,1902600010317,8.65,Bueno,9.3,Bueno,interpolacion_delaunay,0,4084,275,902,321
2026-10-08T05:52:40.045631+00:00,1902600010957,8.26,Bueno,9.48,Bueno,interpolacion_delaunay,0,5841,533,1121,336
2026-10-08T05:52:40.045631+00:00,1902600011103,8.45,Bueno,10.28,Bueno,interpolacion_delaunay,0,950,69,80,47
2026-10-08T05:52:40.045631+00:00,1902600011457,7.48,Bueno,8.22,Bueno,interpolacion_delaunay,0,2279,129,466,94
2026-10-08T05:52:40.045631+00:00,1902600011404,6.1,Bueno,6.61,Bueno,interpolacion_delaunay,0,3115,227,702,219
2026-10-08T05:52:40.045631+00:00,1902600011508,8.39,Bueno,10.06,Bueno,interpolacion_delaunay,0,1978,175,250,90
2026-10-08T05:52:40.045631+00:00,1902600011828,8.35,Bueno,9.59,Bueno,interpolacion_delaunay,0,2175,178,266,60
2026-10-08T05:52:40.045631+00:00,1902600011847,8.27,Bueno,9.44,Bueno,interpolacion_delaunay,0,4488,374,407,157
2026-10-08T05:52:40.045631+00:00,1902600012402,8.4,Bueno,9.57,Bueno,interpolacion_delaunay,0,2699,234,353,170
2026-10-08T05:52:40.045631+00:00,1902600012205,8.73,Bueno,10.44,Bueno,interpolacion_delaunay,0,4435,432,502,204
2026-10-08T05:52:40.045631+00:00,1902600012258,8.25,Bueno,9.64,Bueno,interpolacion_delaunay,0,1006,77,102,40
2026-10-08T05:52:40.045631+00:00,1902600012296,8.21,Bueno,9.4,Bueno,interpolacion_delaunay,0,4398,237,919,190
2026-10-08T05:52:40.045631+00:00,1902600012455,8.35,Bueno,9.54,Bueno,interpolacion_delaunay,0,4962,328,296,118
2026-10-08T05:52:40.045631+00:00,1902600010302,8.68,Bueno,9.31,Bueno,interpolacion_delaunay,0,2790,166,675,209
2026-10-08T05:52:40.045631+00:00,1902600010425,9.52,Bueno,9.97,Bueno,interpolacion_delaunay,0,3687,235,843,230
2026-10-08T05:52:40.045631+00:00,1902600010533,10.14,Bueno,10.57,Bueno,interpolacion_delaunay,0,1681,81,395,96
2026-10-08T05:52:40.045631+00:00,1902600011813,8.38,Bueno,9.62,Bueno,interpolacion_delaunay,0,5250,447,545,129
2026-10-08T05:52:40.045631+00:00,1902600011851,8.28,Bueno,9.41,Bueno,interpolacion_delaunay,0,4115,305,359,155
2026-10-08T05:52:40.045631+00:00,1902600012436,8.44,Bueno,9.7,Bueno,interpolacion_delaunay,0,3242,185,145,20
2026-10-08T05:52:40.045631+00:00,1902600012686,8.17,Bueno,9.43,Bueno,interpolacion_delaunay,0,40,3,7,5
2026-10-08T05:52:40.045631+00:00,1902600010124,8.07,Bueno,9.19,Bueno,interpolacion_delaunay,0,2665,140,749,113
2026-10-08T05:52:40.045631+00:00,1902600012417,8.21,Bueno,9.43,Bueno,interpolacion_delaunay,0,2073,147,228,128
2026-10-08T05:52:40.045631+00:00,1902600012347,8.94,Bueno,10.57,Bueno,interpolacion_delaunay,0,4440,433,247,105
2026-10-08T05:52:40.045631+00:00,190260001239A,7.98,Bueno,8.81,Bueno,interpolacion_delaunay,0,2697,236,207,88
2026-10-08T05:52:40.045631+00:00,190260001260A,8.18,Bueno,9.43,Bueno,interpolacion_delaunay,0,979,82,21,36
2026-10-08T05:52:40.045631+00:00,1902600011391,8.35,Bueno,9.13,Bueno,interpolacion_delaunay,0,3747,280,1036,286
2026-10-08T05:52:40.045631+00:00,1902600010251,8.31,Bueno,9.24,Bueno,interpolacion_delaunay,0,6072,581,994,581
2026-10-08T05:52:40.045631+00:00,1902600010707,6.9,Bueno,7.57,Bueno,interpolacion_delaunay,0,4261,296,986,365
2026-10-08T05:52:40.045631+00:00,190260001157A,6.78,Bueno,7.45,Bueno,interpolacion_delaunay,0,2161,148,444,126
2026-10-08T05:52:40.045631+00:00,1902600011654,8.61,Bueno,10.13,Bueno,interpolacion_delaunay,0,3737,309,535,205
2026-10-08T05:52:40.045631+00:00,1902600012385,6.5,Bueno,7.54,Bueno,interpolacion_delaunay,0,108,11,8,5
2026-10-08T05:52:40.045631+00:00,1902600011495,8.38,Bueno,9.94,Bueno,interpolacion_delaunay,0,2675,203,421,91
2026-10-08T05:52:40.045631+00:00,1902600012525,8.82,Bueno,10.33,Bueno,interpolacion_delaunay,0,6162,464,363,124
2026-10-08T05:52:40.045631+00:00,1902600010995,8.21,Bueno,9.33,Bueno,interpolacion_delaunay,0,1016,61,224,56
2026-10-08T05:52:40.045631+00:00,1902600011866,8.1,Bueno,9.2,Bueno,interpolacion_delaunay,0,3064,167,548,67
2026-10-08T05:52:40.045631+00:00,190260001207A,6.45,Bueno,6.64,Bueno,interpolacion_delaunay,0,2199,99,452,47
2026-10-08T05:52:40.045631+00:00,1902600012120,7.46,Bueno,7.58,Bueno,interpolacion_delaunay,0,1092,33,384,28
2026-10-08T05:52:40.045631+00:00,1902600012135,11.39,Bueno,11.56,Bueno,interpolacion_delaunay,0,1356,47,414,29
2026-10-08T05:52:40.045631+00:00,1902600012544,8.96,Bueno,10.75,Bueno,interpolacion_delaunay,0,2171,187,206,83
2026-10-08T05:52:40.045631+00:00,1902600010069,8.84,Bueno,9.71,Bueno,interpolacion_delaunay,0,1920,94,579,107
2026-10-08T05:52:40.045631+00:00,1902600010073,8.74,Bueno,9.64,Bueno,interpolacion_delaunay,0,3137,159,955,77
2026-10-08T05:52:40.045631+00:00,1902600010088,8.53,Bueno,9.5,Bueno,interpolacion_delaunay,0,2870,157,722,160
2026-10-08T05:52:40.045631+00:00,1902600010158,9.36,Bueno,10.03,Bueno,interpolacion_delaunay,0,1517,70,502,83
2026-10-08T05:52:40.045631+00:00,190260001029A,8.67,Bueno,9.27,Bueno,interpolacion_delaunay,0,1809,94,461,133
2026-10-08T05:52:40.045631+00:00,1902600011885,8.9,Bueno,9.77,Bueno,interpolacion_delaunay,0,1944,100,497,103
2026-10-08T05:52:40.045631+00:00,1902600012192,8.26,Bueno,9.7,Bueno,interpolacion_delaunay,0,2742,217,241,94
2026-10-08T05:52:40.045631+00:00,1902600012243,7.66,Bueno,9.2,Bueno,interpolacion_delaunay,0,316,37,21,22
2026-10-08T05:52:40.045631+00:00,1902600012421,8.32,Bueno,9.6,Bueno,interpolacion_delaunay,0,2385,134,120,49
2026-10-08T05:52:40.045631+00:00,1902600012597,8.18,Bueno,9.33,Bueno,interpolacion_delaunay,0,3539,244,126,97
2026-10-08T05:52:40.045631+00:00,1902600011029,8.28,Bueno,9.39,Bueno,interpolacion_delaunay,0,1109,94,97,45
2026-10-08T05:52:40.045631+00:00,190260001189A,9.04,Bueno,9.85,Bueno,interpolacion_delaunay,0,2117,131,543,112
2026-10-08T05:52:40.045631+00:00,1902600012703,6.71,Bueno,7.77,Bueno,interpolacion_delaunay,0,632,49,33,14
2026-10-08T05:52:40.045631+00:00,1902600011372,8.77,Bueno,9.54,Bueno,interpolacion_delaunay,0,2451,168,520,192
2026-10-08T05:52:40.045631+00:00,1902600012366,8.21,Bueno,9.54,Bueno,interpolacion_delaunay,0,350,28,12,6
2026-10-08T05:52:40.045631+00:00,1902600010321,8.92,Bueno,9.6,Bueno,interpolacion_delaunay,0,5159,259,1483,335
2026-10-08T05:52:40.045631+00:00,1902600010336,8.86,Bueno,9.57,Bueno,interpolacion_delaunay,0,3112,150,945,118
2026-10-08T05:52:40.045631+00:00,1902600010340,8.95,Bueno,9.68,Bueno,interpolacion_delaunay,0,5009,289,1452,316
2026-10-08T05:52:40.045631+00:00,1902600010355,8.87,Bueno,9.64,Bueno,interpolacion_delaunay,0,2172,143,527,123
2026-10-08T05:52:40.045631+00:00,1902600010389,8.7,Bueno,9.49,Bueno,interpolacion_delaunay,0,3485,223,809,188
2026-10-08T05:52:40.045631+00:00,1902600010393,8.54,Bueno,9.39,Bueno,interpolacion_delaunay,0,4293,274,932,186
2026-10-08T05:52:40.045631+00:00,1902600010618,7.48,Bueno,8.19,Bueno,interpolacion_delaunay,0,3420,248,733,217
2026-10-08T05:52:40.045631+00:00,1902600010730,8.15,Bueno,8.92,Bueno,interpolacion_delaunay,0,4610,359,992,364
2026-10-08T05:52:40.045631+00:00,1902600011033,8.27,Bueno,9.29,Bueno,interpolacion_delaunay,0,5199,444,572,162
2026-10-08T05:52:40.045631+00:00,1902600011122,8.7,Bueno,10.14,Bueno,interpolacion_delaunay,0,6940,637,766,300
2026-10-08T05:52:40.045631+00:00,1902600011546,7.2,Bueno,7.83,Bueno,interpolacion_delaunay,0,3715,209,870,202
2026-10-08T05:52:40.045631+00:00,1902600011461,7.37,Bueno,8.12,Bueno,interpolacion_delaunay,0,3227,233,684,198
2026-10-08T05:52:40.045631+00:00,190260001132A,8.98,Bueno,9.75,Bueno,interpolacion_delaunay,0,2713,152,488,78
2026-10-08T05:52:40.045631+00:00,1902600011334,8.08,Bueno,9.06,Bueno,interpolacion_delaunay,0,3525,289,683,240
2026-10-08T05:52:40.045631+00:00,1902600011349,8.12,Bueno,9.13,Bueno,interpolacion_delaunay,0,2716,239,484,222
2026-10-08T05:52:40.045631+00:00,1902600011368,8.8,Bueno,9.58,Bueno,interpolacion_delaunay,0,3348,226,652,119
2026-10-08T05:52:40.045631+00:00,1902600011419,8.35,Bueno,9.0,Bueno,interpolacion_delaunay,0,2833,144,728,158
2026-10-08T05:52:40.045631+00:00,1902600011442,7.31,Bueno,8.03,Bueno,interpolacion_delaunay,0,3169,182,598,174
2026-10-08T05:52:40.045631+00:00,1902600011565,6.98,Bueno,7.63,Bueno,interpolacion_delaunay,0,4076,290,816,263
2026-10-08T05:52:40.045631+00:00,1902600011584,7.24,Bueno,7.92,Bueno,interpolacion_delaunay,0,4255,317,895,221
2026-10-08T05:52:40.045631+00:00,1902600011599,7.44,Bueno,8.16,Bueno,interpolacion_delaunay,0,2923,228,572,152
2026-10-08T05:52:40.045631+00:00,1902600011601,8.1,Bueno,8.8,Bueno,promedio_sensores,1,3474,261,775,299
2026-10-08T05:52:40.045631+00:00,1902600011688,8.31,Bueno,9.27,Bueno,interpolacion_delaunay,0,3727,240,688,249
2026-10-08T05:52:40.045631+00:00,190260001171A,8.41,Bueno,9.65,Bueno,interpolacion_delaunay,0,4383,321,770,213
2026-10-08T05:52:40.045631+00:00,1902600012008,6.44,Bueno,6.8,Bueno,interpolacion_delaunay,0,1064,52,278,35
2026-10-08T05:52:40.045631+00:00,1902600011781,6.04,Bueno,6.74,Bueno,interpolacion_delaunay,0,260,22,25,0
2026-10-08T05:52:40.045631+00:00,1902600011989,7.26,Bueno,7.91,Bueno,interpolacion_delaunay,0,3336,217,653,151
2026-10-08T05:52:40.045631+00:00,1902600012027,8.45,Bueno,9.55,Bueno,interpolacion_delaunay,0,5601,339,676,195
2026-10-08T05:52:40.045631+00:00,1902600012116,7.71,Bueno,9.06,Bueno,interpolacion_delaunay,0,2265,174,319,64
2026-10-08T05:52:40.045631+00:00,1902600012328,8.21,Bueno,9.51,Bueno,interpolacion_delaunay,0,2737,200,173,54
2026-10-08T05:52:40.045631+00:00,1902600012510,8.73,Bueno,10.18,Bueno,interpolacion_delaunay,0,3466,257,269,90
2026-10-08T05:52:40.045631+00:00,1902600012578,8.46,Bueno,9.98,Bueno,interpolacion_delaunay,0,2465,185,298,196
2026-10-08T05:52:40.045631+00:00,1902600012582,8.31,Bueno,9.78,Bueno,interpolacion_delaunay,0,2739,201,423,283
2026-10-08T05:52:40.045631+00:00,1902600012614,8.26,Bueno,9.6,Bueno,interpolacion_delaunay,0,3024,272,68,36
2026-10-08T05:52:40.045631+00:00,1902600010177,9.08,Bueno,9.85,Bueno,interpolacion_delaunay,0,1769,60,559,90
2026-10-08T05:52:40.045631+00:00,1902600010444,6.89,Bueno,7.43,Bueno,interpolacion_delaunay,0,2474,121,665,111
2026-10-08T05:52:40.045631+00:00,1902600011531,7.36,Bueno,7.99,Bueno,interpolacion_delaunay,0,3594,235,816,160
2026-10-08T05:52:40.045631+00:00,1902600010232,8.37,Bueno,9.31,Bueno,interpolacion_delaunay,0,2521,162,744,110
2026-10-08T05:52:40.045631+00:00,1902600010196,8.98,Bueno,9.77,Bueno,interpolacion_delaunay,0,1557,66,485,73
2026-10-08T05:52:40.045631+00:00,1902600010213,8.47,Bueno,9.39,Bueno,interpolacion_delaunay,0,2063,114,530,142
2026-10-08T05:52:40.045631+00:00,190260001011A,8.17,Bueno,9.21,Bueno,interpolacion_delaunay,0,3115,155,816,154
2026-10-08T05:52:40.045631+00:00,1902600010162,9.19,Bueno,9.92,Bueno,interpolacion_delaunay,0,1624,64,473,65
2026-10-08T05:52:40.045631+00:00,1902600010181,9.24,Bueno,9.91,Bueno,interpolacion_delaunay,0,1561,63,499,94
2026-10-08T05:52:40.045631+00:00,1902600010228,8.62,Bueno,9.48,Bueno,interpolacion_delaunay,0,1619,140,316,120
2026-10-08T05:52:40.045631+00:00,1902600010603,7.55,Bueno,8.24,Bueno,interpolacion_delaunay,0,1632,93,346,132
2026-10-08T05:52:40.045631+00:00,1902600010745,8.23,Bueno,9.09,Bueno,interpolacion_delaunay,0,1565,113,330,126
2026-10-08T05:52:40.045631+00:00,1902600010798,6.56,Bueno,7.2,Bueno,interpolacion_delaunay,0,3364,210,732,231
2026-10-08T05:52:40.045631+00:00,1902600010815,7.36,Bueno,8.43,Bueno,interpolacion_delaunay,0,4739,363,1000,268
2026-10-08T05:52:40.045631+00:00,1902600011438,7.48,Bueno,7.91,Bueno,interpolacion_delaunay,0,1771,89,459,85
2026-10-08T05:52:40.045631+00:00,1902600011476,7.23,Bueno,7.96,Bueno,interpolacion_delaunay,0,3270,215,839,209
2026-10-08T05:52:40.045631+00:00,1902600011777,6.48,Bueno,7.17,Bueno,interpolacion_delaunay,0,3599,312,366,80
2026-10-08T05:52:40.045631+00:00,1902600012031,8.58,Bueno,9.83,Bueno,interpolacion_delaunay,0,4385,273,421,152
2026-10-08T05:52:40.045631+00:00,1902600012173,4.8,Bueno,5.31,Bueno,interpolacion_delaunay,0,108,5,10,3
2026-10-08T05:52:40.045631+00:00,1902600012474,8.39,Bueno,9.53,Bueno,interpolacion_delaunay,0,3828,248,138,120
2026-10-08T05:52:40.045631+00:00,190260001253A,8.78,Bueno,10.43,Bueno,interpolacion_delaunay,0,1418,134,74,37
2026-10-08T05:52:40.045631+00:00,1902600012648,8.22,Bueno,9.12,Bueno,interpolacion_delaunay,0,1998,125,415,138
2026-10-08T05:52:40.045631+00:00,1902600012794,8.08,Bueno,8.95,Bueno,interpolacion_delaunay,0,776,83,32,8
2026-10-08T05:52:40.045631+00:00,1902600012775,8.22,Bueno,9.3,Bueno,interpolacion_delaunay,0,1381,194,42,36
2026-10-08T05:52:40.045631+00:00,1902600012898,4.32,Bueno,4.56,Bueno,interpolacion_delaunay,0,21,3,0,0
2026-10-08T05:52:40.045631+00:00,1902600010849,7.24,Bueno,8.58,Bueno,interpolacion_delaunay,0,1926,132,278,87
2026-10-08T05:52:40.045631+00:00,1902600012262,8.06,Bueno,9.09,Bueno,interpolacion_delaunay,0,2668,227,217,83
2026-10-08T05:52:40.045631+00:00,1902600010266,8.09,Bueno,9.13,Bueno,interpolacion_delaunay,0,427,58,19,0
2026-10-08T05:52:40.045631+00:00,1902600010779,5.35,Bueno,5.89,Bueno,interpolacion_delaunay,0,677,45,131,66
2026-10-08T05:52:40.045631+00:00,1902600010872,6.56,Bueno,6.76,Bueno,interpolacion_delaunay,0,3088,114,989,72
2026-10-08T05:52:40.045631+00:00,1902600011902,8.21,Bueno,9.2,Bueno,interpolacion_delaunay,0,2434,191,435,71
2026-10-08T05:52:40.045631+00:00,1902600011993,6.91,Bueno,7.54,Bueno,interpolacion_delaunay,0,3528,203,521,147
2026-10-08T05:52:40.045631+00:00,1902600012012,6.44,Bueno,6.72,Bueno,interpolacion_delaunay,0,2227,119,600,34
2026-10-08T05:52:40.045631+00:00,1902600012084,4.56,Bueno,4.7,Bueno,interpolacion_delaunay,0,1461,49,516,49
2026-10-08T05:52:40.045631+00:00,1902600012188,3.46,Bueno,3.74,Bueno,interpolacion_delaunay,0,460,18,82,4
2026-10-08T05:52:40.045631+00:00,1902600012277,8.2,Bueno,9.18,Bueno,interpolacion_delaunay,0,3597,281,616,228
2026-10-08T05:52:40.045631+00:00,190260001246A,8.36,Bueno,9.52,Bueno,interpolacion_delaunay,0,4546,358,308,145
2026-10-08T05:52:40.045631+00:00,1902600012559,7.87,Bueno,9.11,Bueno,interpolacion_delaunay,0,4248,285,324,114
2026-10-08T05:52:40.045631+00:00,1902600012652,8.07,Bueno,8.96,Bueno,interpolacion_delaunay,0,3158,323,113,122
2026-10-08T05:52:40.045631+00:00,1902600012671,8.12,Bueno,9.01,Bueno,interpolacion_delaunay,0,1647,122,65,34
2026-10-08T05:52:40.045631+00:00,1902600012718,7.31,Bueno,8.78,Bueno,interpolacion_delaunay,0,2829,290,123,131
2026-10-08T05:52:40.045631+00:00,1902600012741,6.62,Bueno,7.23,Bueno,interpolacion_delaunay,0,1897,119,345,52
2026-10-08T05:52:40.045631+00:00,1902600012879,8.1,Bueno,9.0,Bueno,promedio_sensores,1,2144,300,65,16
2026-10-08T05:52:40.045631+00:00,1902600010285,7.52,Bueno,8.07,Bueno,interpolacion_delaunay,0,2844,174,613,185
2026-10-08T05:52:40.045631+00:00,1902600012690,6.4,Bueno,7.43,Bueno,interpolacion_delaunay,0,79,0,3,0
2026-10-08T05:52:40.045631+00:00,1902600012099,6.52,Bueno,7.45,Bueno,interpolacion_delaunay,0,5241,599,554,189
2026-10-08T05:52:40.045631+00:00,1902600011936,8.21,Bueno,9.21,Bueno,interpolacion_delaunay,0,2951,267,407,119
2026-10-08T05:52:40.045631+00:00,1902600012169,3.34,Bueno,3.78,Bueno,interpolacion_delaunay,0,1023,50,158,14
2026-10-08T05:52:40.045631+00:00,190260001118A,4.97,Bueno,5.48,Bueno,interpolacion_delaunay,0,3453,227,320,71
2026-10-08T05:52:40.045631+00:00,1902600012050,7.7,Bueno,8.81,Bueno,interpolacion_delaunay,0,4134,320,745,263
2026-10-08T05:52:40.045631+00:00,1902600012101,6.9,Bueno,8.01,Bueno,interpolacion_delaunay,0,3626,381,484,119
2026-10-08T05:52:40.045631+00:00,1902600012563,7.05,Bueno,8.26,Bueno,interpolacion_delaunay,0,2676,291,133,25
2026-10-08T05:52:40.045631+00:00,190260001278A,7.99,Bueno,9.04,Bueno,interpolacion_delaunay,0,3558,402,98,36
2026-10-08T05:52:40.045631+00:00,1902600011921,8.21,Bueno,9.23,Bueno,interpolacion_delaunay,0,2594,223,377,76
2026-10-08T05:52:40.045631+00:00,1902600010092,8.34,Bueno,9.36,Bueno,interpolacion_delaunay,0,4183,262,1039,106
2026-10-08T05:52:40.045631+00:00,1902600011300,8.1,Bueno,9.22,Bueno,interpolacion_delaunay,0,2915,163,792,188
2026-10-08T05:52:40.045631+00:00,1902600010143,8.29,Bueno,9.36,Bueno,interpolacion_delaunay,0,2245,273,113,55
2026-10-08T05:52:40.045631+00:00,1902600011870,8.28,Bueno,9.31,Bueno,interpolacion_delaunay,0,3271,173,768,82
2026-10-08T05:52:40.045631+00:00,1902600011315,8.66,Bueno,9.56,Bueno,interpolacion_delaunay,0,3497,230,464,42
2026-10-08T05:52:40.045631+00:00,1902600011014,8.33,Bueno,9.44,Bueno,interpolacion_delaunay,0,2155,150,459,98
2026-10-08T05:52:40.045631+00:00,1902600011616,8.3,Bueno,9.28,Bueno,interpolacion_delaunay,0,3883,311,769,201
2026-10-08T05:52:40.045631+00:00,1902600011620,8.37,Bueno,9.43,Bueno,interpolacion_delaunay,0,4814,356,1024,301
2026-10-08T05:52:40.045631+00:00,1902600011480,8.27,Bueno,9.27,Bueno,interpolacion_delaunay,0,4784,390,737,223
2026-10-08T05:52:40.045631+00:00,1902600010641,7.6,Bueno,8.37,Bueno,interpolacion_delaunay,0,2917,240,627,202
2026-10-08T05:52:40.045631+00:00,1902600012633,8.11,Bueno,8.89,Bueno,interpolacion_delaunay,0,2429,188,313,91
2026-10-08T05:52:40.045631+00:00,190260001164A,8.51,Bueno,9.75,Bueno,interpolacion_delaunay,0,2101,168,367,57
2026-10-08T05:52:40.045631+00:00,1902600011635,8.49,Bueno,9.68,Bueno,interpolacion_delaunay,0,4695,347,639,204
2026-10-08T05:52:40.045631+00:00,1902600010961,8.41,Bueno,9.59,Bueno,interpolacion_delaunay,0,1353,81,150,34
2026-10-08T05:52:40.045631+00:00,1902600011226,6.63,Bueno,7.45,Bueno,interpolacion_delaunay,0,4831,444,615,226
2026-10-08T05:52:40.045631+00:00,1902600012807,6.13,Bueno,6.71,Bueno,interpolacion_delaunay,0,51,0,0,0
2026-10-08T05:52:40.045631+00:00,1902600012737,6.18,Bueno,6.78,Bueno,interpolacion_delaunay,0,153,17,4,4
2026-10-08T05:52:40.045631+00:00,1902600012046,7.18,Bueno,8.1,Bueno,interpolacion_delaunay,0,5116,376,649,199
2026-10-08T05:52:40.045631+00:00,1902600012756,6.3,Bueno,6.9,Bueno,promedio_sensores,1,2572,282,124,24
2026-10-08T05:52:40.045631+00:00,1902600010783,5.99,Bueno,6.56,Bueno,interpolacion_delaunay,0,1477,145,264,42
2026-10-08T05:52:40.045631+00:00,1902600011230,6.8,Bueno,7.68,Bueno,interpolacion_delaunay,0,3324,362,242,132
2026-10-08T05:52:40.045631+00:00,1902600011758,2.4,Bueno,2.8,Bueno,promedio_sensores,1,2105,92,408,43
2026-10-08T05:52:40.045631+00:00,1902600011141,8.71,Bueno,10.56,Bueno,interpolacion_delaunay,0,9036,1161,432,363
2026-10-08T05:52:40.045631+00:00,1902600011743,7.99,Bueno,9.52,Bueno,interpolacion_delaunay,0,7461,709,958,323
2026-10-08T05:52:40.045631+00:00,1902600012629,7.21,Bueno,8.62,Bueno,interpolacion_delaunay,0,1943,149,74,66
2026-10-08T05:52:40.045631+00:00,1902600011762,6.4,Bueno,7.01,Bueno,interpolacion_delaunay,0,2427,183,512,77
2026-10-08T05:52:40.045631+00:00,1902600011194,5.83,Bueno,6.39,Bueno,interpolacion_delaunay,0,4669,300,960,201
2026-10-08T05:52:40.045631+00:00,1902600011052,8.04,Bueno,9.08,Bueno,interpolacion_delaunay,0,7318,799,917,451
2026-10-08T05:52:40.045631+00:00,1902600012722,8.05,Bueno,9.19,Bueno,interpolacion_delaunay,0,1673,182,35,23
2026-10-08T05:52:40.045631+00:00,1902600010209,8.02,Bueno,9.24,Bueno,interpolacion_delaunay,0,0,0,0,0
2026-10-08T05:52:40.045631+00:00,1902600012883,8.06,Bueno,9.37,Bueno,interpolacion_delaunay,0,2693,391,65,39
2026-10-08T05:52:40.045631+00:00,1902600011512,10.15,Bueno,10.63,Bueno,interpolacion_delaunay,0,1411,83,448,118
2026-10-08T05:52:40.045631+00:00,1902600011527,10.31,Bueno,10.65,Bueno,interpolacion_delaunay,0,2114,99,718,127
2026-10-08T05:52:40.045631+00:00,1902600010853,9.83,Bueno,10.27,Bueno,interpolacion_delaunay,0,4562,382,755,151
2026-10-08T05:52:40.045631+00:00,1902600011160,10.4,Bueno,10.7,Bueno,promedio_sensores,1,3568,186,796,79
2026-10-08T05:52:40.045631+00:00,1902600011423,8.23,Bueno,8.89,Bueno,interpolacion_delaunay,0,2358,121,643,149
2026-10-08T05:52:40.045631+00:00,1902600011118,7.2,Bueno,7.78,Bueno,interpolacion_delaunay,0,0,0,0,0
2026-10-08T05:52:40.045631+00:00,1902600010552,7.95,Bueno,8.55,Bueno,interpolacion_delaunay,0,1358,197,299,91
2026-10-08T05:52:40.045631+00:00,1902600010567,7.6,Bueno,8.23,Bueno,interpolacion_delaunay,0,3469,239,807,212
2026-10-08T05:52:40.045631+00:00,1902600010478,8.44,Bueno,9.14,Bueno,interpolacion_delaunay,0,3451,258,686,179
2026-10-08T05:52:40.045631+00:00,1902600012493,7.85,Bueno,8.52,Bueno,interpolacion_delaunay,0,3047,231,451,139
2026-10-08T05:52:40.045631+00:00,1902600012506,7.86,Bueno,8.52,Bueno,interpolacion_delaunay,0,1875,122,448,96
2026-10-08T05:52:40.045631+00:00,1902600011387,8.26,Bueno,9.01,Bueno,interpolacion_delaunay,0,4018,279,697,181
2026-10-08T05:52:40.045631+00:00,1902600010482,8.38,Bueno,9.1,Bueno,interpolacion_delaunay,0,4004,197,1191,226
2026-10-08T05:52:40.045631+00:00,1902600010586,7.76,Bueno,8.44,Bueno,interpolacion_delaunay,0,4983,369,1196,317
2026-10-08T05:52:40.045631+00:00,1902600010590,7.72,Bueno,8.41,Bueno,interpolacion_delaunay,0,3794,290,817,254
2026-10-08T05:52:40.045631+00:00,1902600011940,8.28,Bueno,9.09,Bueno,interpolacion_delaunay,0,3450,256,773,184
2026-10-08T05:52:40.045631+00:00,1902600012224,8.01,Bueno,8.75,Bueno,interpolacion_delaunay,0,1986,122,533,118
2026-10-08T05:52:40.045631+00:00,1902600012239,7.89,Bueno,8.65,Bueno,interpolacion_delaunay,0,2664,206,487,219
2026-10-08T05:52:40.045631+00:00,1902600010548,4.77,Bueno,5.24,Bueno,interpolacion_delaunay,0,4149,203,1177,258
2026-10-08T05:52:40.045631+00:00,1902600012489,8.26,Bueno,9.47,Bueno,interpolacion_delaunay,0,2798,203,290,77
2026-10-08T05:52:40.045631+00:00,1902600011353,8.88,Bueno,9.64,Bueno,interpolacion_delaunay,0,1952,125,417,157
2026-10-08T05:52:40.045631+00:00,1902600012760,8.16,Bueno,9.11,Bueno,interpolacion_delaunay,0,3619,397,120,87
2026-10-08T05:52:40.045631+00:00,1902600011264,8.1,Bueno,9.13,Bueno,interpolacion_delaunay,0,1708,151,158,100
2026-10-08T05:52:40.045631+00:00,190260001285A,8.08,Bueno,9.03,Bueno,interpolacion_delaunay,0,1850,298,50,26
2026-10-08T05:52:40.045631+00:00,1902600010270,8.21,Bueno,9.66,Bueno,interpolacion_delaunay,0,0,0,0,0
2026-10-08T05:52:40.045631+00:00,1902600010406,8.46,Bueno,9.31,Bueno,interpolacion_delaunay,0,2889,225,550,115
2026-10-08T05:52:40.045631+00:00,1902600011067,8.23,Bueno,9.14,Bueno,interpolacion_delaunay,0,4252,360,451,270
2026-10-08T05:52:40.045631+00:00,1902600011086,8.35,Bueno,9.75,Bueno,interpolacion_delaunay,0,3224,245,126,84
2026-10-08T05:52:40.045631+00:00,1902600012313,8.54,Bueno,10.53,Bueno,interpolacion_delaunay,0,2567,202,407,174
2026-10-08T05:52:40.045631+00:00,1902600012309,8.51,Bueno,10.3,Bueno,interpolacion_delaunay,0,2125,241,150,88
2026-10-08T05:52:40.045631+00:00,1902600011809,8.17,Bueno,9.09,Bueno,interpolacion_delaunay,0,2127,251,117,120
2026-10-08T05:52:40.045631+00:00,1902600012864,7.87,Bueno,8.73,Bueno,interpolacion_delaunay,0,1168,168,40,16
2026-10-08T05:52:40.045631+00:00,190260001125A,10.53,Bueno,10.73,Bueno,interpolacion_delaunay,0,541,13,170,22
2026-10-08T05:52:40.045631+00:00,1902600011071,8.36,Bueno,10.05,Bueno,interpolacion_delaunay,0,3143,264,264,89
2026-10-08T05:52:40.045631+00:00,190260001196A,8.37,Bueno,10.18,Bueno,interpolacion_delaunay,0,3349,324,262,100
2026-10-08T05:52:40.045631+00:00,1902600011955,8.24,Bueno,9.08,Bueno,interpolacion_delaunay,0,3582,349,216,97
2026-10-08T05:52:40.045631+00:00,190260001050A,7.81,Bueno,8.61,Bueno,interpolacion_delaunay,0,2022,217,309,73
2026-10-08T05:52:40.045631+00:00,1903900012400,14.6,Bueno,15.4,Bueno,promedio_sensores,1,4517,429,723,304
2026-10-08T05:52:40.045631+00:00,1903900014657,10.6,Bueno,11.06,Bueno,interpolacion_delaunay,0,2491,234,438,138
2026-10-08T05:52:40.045631+00:00,1903900013682,8.84,Bueno,9.23,Bueno,interpolacion_delaunay,0,4499,398,653,181
2026-10-08T05:52:40.045631+00:00,1903900010832,13.57,Bueno,17.74,Bueno,interpolacion_delaunay,0,543,31,158,26
2026-10-08T05:52:40.045631+00:00,1903900011120,9.13,Bueno,9.93,Bueno,interpolacion_delaunay,0,2607,94,831,149
2026-10-08T05:52:40.045631+00:00,1903900012129,7.48,Bueno,7.92,Bueno,interpolacion_delaunay,0,4074,318,790,255
2026-10-08T05:52:40.045631+00:00,190390001363A,10.7,Bueno,11.23,Bueno,interpolacion_delaunay,0,3850,324,618,201
2026-10-08T05:52:40.045631+00:00,1903900014163,7.66,Bueno,8.2,Bueno,interpolacion_delaunay,0,3563,376,476,178
2026-10-08T05:52:40.045631+00:00,1903900014642,10.63,Bueno,11.02,Bueno,interpolacion_delaunay,0,2137,227,313,125
2026-10-08T05:52:40.045631+00:00,1903900013589,8.42,Bueno,9.11,Bueno,interpolacion_delaunay,0,1971,102,595,95
2026-10-08T05:52:40.045631+00:00,1903900011370,9.39,Bueno,10.07,Bueno,interpolacion_delaunay,0,1287,71,218,39
2026-10-08T05:52:40.045631+00:00,1903900012114,6.67,Bueno,7.09,Bueno,interpolacion_delaunay,0,2387,84,816,136
2026-10-08T05:52:40.045631+00:00,1903900012203,3.7,Bueno,3.7,Bueno,promedio_sensores,1,2974,126,1034,191
2026-10-08T05:52:40.045631+00:00,1903900013574,7.31,Bueno,8.02,Bueno,interpolacion_delaunay,0,832,37,276,93
2026-10-08T05:52:40.045631+00:00,1903900012792,5.3,Bueno,6.23,Bueno,interpolacion_delaunay,0,1,0,0,0
2026-10-08T05:52:40.045631+00:00,190390001445A,9.41,Bueno,9.98,Bueno,interpolacion_delaunay,0,5563,304,1118,197
2026-10-08T05:52:40.045631+00:00,1903900014638,10.01,Bueno,10.33,Bueno,interpolacion_delaunay,0,3811,381,571,142
2026-10-08T05:52:40.045631+00:00,1903900012063,8.54,Bueno,9.17,Bueno,interpolacion_delaunay,0,2407,98,743,119
2026-10-08T05:52:40.045631+00:00,1903900011690,4.3,Bueno,4.63,Bueno,interpolacion_delaunay,0,228,12,56,11
2026-10-08T05:52:40.045631+00:00,1903900011760,4.78,Bueno,5.35,Bueno,interpolacion_delaunay,0,1986,129,443,117
2026-10-08T05:52:40.045631+00:00,1903900011934,7.87,Bueno,8.3,Bueno,promedio_sensores,3,2171,83,550,105
2026-10-08T05:52:40.045631+00:00,190390001192A,6.3,Bueno,7.02,Bueno,interpolacion_delaunay,0,2553,117,796,121
2026-10-08T05:52:40.045631+00:00,1903900012044,8.2,Bueno,8.87,Bueno,interpolacion_delaunay,0,1920,122,427,109
2026-10-08T05:52:40.045631+00:00,1903900012078,8.38,Bueno,9.03,Bueno,interpolacion_delaunay,0,2179,136,538,60
2026-10-08T05:52:40.045631+00:00,1903900011525,9.48,Bueno,12.5,Bueno,interpolacion_delaunay,0,590,39,143,33
2026-10-08T05:52:40.045631+00:00,1903900011991,8.2,Bueno,8.9,Bueno,promedio_sensores,1,3236,192,703,201
2026-10-08T05:52:40.045631+00:00,1903900012006,6.04,Bueno,6.79,Bueno,interpolacion_delaunay,0,1972,70,504,136
2026-10-08T05:52:40.045631+00:00,1903900010673,10.81,Bueno,11.97,Bueno,interpolacion_delaunay,0,2155,174,396,142
2026-10-08T05:52:40.045631+00:00,1903900010298,11.21,Bueno,12.26,Bueno,interpolacion_delaunay,0,3499,233,739,152
2026-10-08T05:52:40.045631+00:00,1903900010404,10.81,Bueno,11.8,Bueno,interpolacion_delaunay,0,2835,189,560,150
2026-10-08T05:52:40.045631+00:00,1903900011012,14.16,Bueno,19.3,Bueno,interpolacion_delaunay,0,1216,101,235,35
2026-10-08T05:52:40.045631+00:00,1903900011065,11.41,Bueno,14.05,Bueno,interpolacion_delaunay,0,1981,192,428,144
2026-10-08T05:52:40.045631+00:00,1903900010175,11.71,Bueno,12.57,Bueno,interpolacion_delaunay,0,1294,70,318,45
2026-10-08T05:52:40.045631+00:00,190390001018A,12.12,Bueno,13.06,Bueno,interpolacion_delaunay,0,3618,299,750,219
2026-10-08T05:52:40.045631+00:00,1903900010194,11.81,Bueno,12.77,Bueno,interpolacion_delaunay,0,2850,223,604,173
2026-10-08T05:52:40.045631+00:00,1903900010226,11.67,Bueno,12.83,Bueno,interpolacion_delaunay,0,4934,461,799,274
2026-10-08T05:52:40.045631+00:00,1903900014229,5.38,Bueno,5.54,Bueno,interpolacion_delaunay,0,2852,249,505,184
2026-10-08T05:52:40.045631+00:00,1903900010353,5.36,Bueno,5.66,Bueno,interpolacion_delaunay,0,3313,167,981,325
2026-10-08T05:52:40.045631+00:00,1903900010936,9.46,Bueno,10.02,Bueno,interpolacion_delaunay,0,2121,128,459,101
2026-10-08T05:52:40.045631+00:00,1903900011173,7.5,Bueno,7.9,Bueno,promedio_sensores,1,2108,71,659,126
2026-10-08T05:52:40.045631+00:00,1903900011188,9.12,Bueno,9.64,Bueno,interpolacion_delaunay,0,3322,231,794,185
2026-10-08T05:52:40.045631+00:00,1903900011224,11.08,Bueno,13.48,Bueno,interpolacion_delaunay,0,3487,327,636,198
2026-10-08T05:52:40.045631+00:00,1903900011328,12.69,Bueno,16.34,Bueno,interpolacion_delaunay,0,1300,73,364,78
2026-10-08T05:52:40.045631+00:00,1903900011332,12.04,Bueno,14.85,Bueno,interpolacion_delaunay,0,2976,208,686,165
2026-10-08T05:52:40.045631+00:00,1903900011493,5.4,Bueno,6.2,Bueno,promedio_sensores,1,498,32,117,21
2026-10-08T05:52:40.045631+00:00,1903900011506,7.77,Bueno,9.62,Bueno,interpolacion_delaunay,0,218,10,60,5
2026-10-08T05:52:40.045631+00:00,1903900011510,8.96,Bueno,11.61,Bueno,interpolacion_delaunay,0,370,18,99,43
2026-10-08T05:52:40.045631+00:00,1903900011563,10.73,Bueno,14.47,Bueno,interpolacion_delaunay,0,1016,57,324,41
2026-10-08T05:52:40.045631+00:00,1903900011652,4.06,Bueno,4.94,Bueno,interpolacion_delaunay,0,1408,46,412,99
2026-10-08T05:52:40.045631+00:00,1903900011667,8.67,Bueno,9.13,Bueno,interpolacion_delaunay,0,811,38,222,38
2026-10-08T05:52:40.045631+00:00,1903900011671,8.34,Bueno,8.79,Bueno,interpolacion_delaunay,0,2135,120,546,122
2026-10-08T05:52:40.045631+00:00,1903900011775,7.2,Bueno,8.08,Bueno,interpolacion_delaunay,0,3247,195,753,173
2026-10-08T05:52:40.045631+00:00,190390001178A,8.84,Bueno,9.5,Bueno,interpolacion_delaunay,0,2085,91,638,124
2026-10-08T05:52:40.045631+00:00,1903900011811,9.73,Bueno,10.42,Bueno,interpolacion_delaunay,0,3726,195,960,140
2026-10-08T05:52:40.045631+00:00,190390001210A,8.4,Bueno,9.3,Bueno,promedio_sensores,1,2790,113,700,150
2026-10-08T05:52:40.045631+00:00,1903900012186,6.73,Bueno,6.97,Bueno,interpolacion_delaunay,0,4169,44,257,49
2026-10-08T05:52:40.045631+00:00,1903900011559,3.7,Bueno,4.0,Bueno,promedio_sensores,1,854,32,232,42
2026-10-08T05:52:40.045631+00:00,1903900013428,11.66,Bueno,12.68,Bueno,interpolacion_delaunay,0,3351,320,515,172
2026-10-08T05:52:40.045631+00:00,1903900014214,5.61,Bueno,5.71,Bueno,interpolacion_delaunay,0,4120,374,689,171
2026-10-08T05:52:40.045631+00:00,1903900014712,7.65,Bueno,7.95,Bueno,interpolacion_delaunay,0,3085,299,499,125
2026-10-08T05:52:40.045631+00:00,1903900014727,6.63,Bueno,6.83,Bueno,interpolacion_delaunay,0,2574,237,418,75
2026-10-08T05:52:40.045631+00:00,1903900011544,5.16,Bueno,6.05,Bueno,interpolacion_delaunay,0,484,17,104,17
2026-10-08T05:52:40.045631+00:00,1903900011347,9.7,Bueno,10.3,Bueno,promedio_sensores,1,3767,228,949,230
2026-10-08T05:52:40.045631+00:00,1903900011101,9.63,Bueno,10.48,Bueno,interpolacion_delaunay,0,2340,171,499,101
2026-10-08T05:52:40.045631+00:00,1903900010692,7.97,Bueno,8.62,Bueno,interpolacion_delaunay,0,1264,56,294,43
2026-10-08T05:52:40.045631+00:00,190390001071A,1.7,Bueno,1.8,Bueno,promedio_sensores,1,2092,89,717,121
2026-10-08T05:52:40.045631+00:00,190390001153A,4.95,Bueno,5.6,Bueno,interpolacion_delaunay,0,283,20,33,8
2026-10-08T05:52:40.045631+00:00,1903900012222,7.14,Bueno,7.36,Bueno,interpolacion_delaunay,0,2481,214,440,130
2026-10-08T05:52:40.045631+00:00,1903900010048,13.26,Bueno,14.13,Bueno,interpolacion_delaunay,0,2757,231,541,184
2026-10-08T05:52:40.045631+00:00,1903900010160,11.43,Bueno,12.25,Bueno,interpolacion_delaunay,0,1233,55,334,97
2026-10-08T05:52:40.045631+00:00,1903900011915,5.78,Bueno,6.4,Bueno,interpolacion_delaunay,0,1171,52,296,69
2026-10-08T05:52:40.045631+00:00,1903900012824,4.06,Bueno,4.84,Bueno,interpolacion_delaunay,0,0,0,0,0
2026-10-08T05:52:40.045631+00:00,1903900010103,11.88,Bueno,12.65,Bueno,interpolacion_delaunay,0,2537,115,733,107
2026-10-08T05:52:40.045631+00:00,1903900010122,12.37,Bueno,13.33,Bueno,interpolacion_delaunay,0,3875,316,762,228
2026-10-08T05:52:40.045631+00:00,1903900010207,12.26,Bueno,13.31,Bueno,interpolacion_delaunay,0,2935,264,476,100
2026-10-08T05:52:40.045631+00:00,190390001089A,9.05,Bueno,9.74,Bueno,interpolacion_delaunay,0,2450,84,735,103
2026-10-08T05:52:40.045631+00:00,1903900010813,14.1,Bueno,18.2,Bueno,interpolacion_delaunay,0,1266,76,281,65
2026-10-08T05:52:40.045631+00:00,190390001096A,11.95,Bueno,14.51,Bueno,interpolacion_delaunay,0,735,52,175,36
2026-10-08T05:52:40.045631+00:00,190390001107A,11.78,Bueno,14.61,Bueno,interpolacion_delaunay,0,2056,191,358,98
2026-10-08T05:52:40.045631+00:00,1903900011099,9.36,Bueno,10.12,Bueno,interpolacion_delaunay,0,1728,108,401,82
2026-10-08T05:52:40.045631+00:00,1903900011281,10.43,Bueno,13.6,Bueno,interpolacion_delaunay,0,162,9,42,10
2026-10-08T05:52:40.045631+00:00,190390001146A,8.15,Bueno,8.56,Bueno,interpolacion_delaunay,0,1878,94,425,114
2026-10-08T05:52:40.045631+00:00,1903900011474,9.09,Bueno,9.58,Bueno,interpolacion_delaunay,0,1482,65,348,91
2026-10-08T05:52:40.045631+00:00,1903900011648,5.39,Bueno,6.17,Bueno,interpolacion_delaunay,0,1275,46,383,92
2026-10-08T05:52:40.045631+00:00,1903900011953,7.86,Bueno,8.32,Bueno,interpolacion_delaunay,0,4331,383,782,275
2026-10-08T05:52:40.045631+00:00,1903900011968,7.62,Bueno,8.15,Bueno,interpolacion_delaunay,0,2452,198,521,139
2026-10-08T05:52:40.045631+00:00,1903900011972,7.34,Bueno,7.92,Bueno,interpolacion_delaunay,0,2152,173,501,93
2026-10-08T05:52:40.045631+00:00,1903900011987,7.35,Bueno,7.96,Bueno,interpolacion_delaunay,0,2330,153,564,186
2026-10-08T05:52:40.045631+00:00,1903900012010,7.67,Bueno,8.2,Bueno,promedio_sensores,3,377,6,32,6
2026-10-08T05:52:40.045631+00:00,1903900012025,8.19,Bueno,8.87,Bueno,interpolacion_delaunay,0,4868,169,1336,220
2026-10-08T05:52:40.045631+00:00,1903900012608,11.57,Bueno,12.21,Bueno,interpolacion_delaunay,0,3563,325,452,140
2026-10-08T05:52:40.045631+00:00,1903900012260,6.42,Bueno,6.6,Bueno,interpolacion_delaunay,0,2549,128,738,140
2026-10-08T05:52:40.045631+00:00,1903900012523,13.63,Bueno,14.45,Bueno,interpolacion_delaunay,0,5883,502,863,210
2026-10-08T05:52:40.045631+00:00,1903900012576,13.16,Bueno,13.87,Bueno,interpolacion_delaunay,0,3643,363,363,152
2026-10-08T05:52:40.045631+00:00,1903900012612,12.94,Bueno,13.71,Bueno,interpolacion_delaunay,0,3707,369,423,217
2026-10-08T05:52:40.045631+00:00,1903900013339,13.79,Bueno,14.7,Bueno,interpolacion_delaunay,0,3291,330,562,149
2026-10-08T05:52:40.045631+00:00,1903900013432,11.99,Bueno,13.09,Bueno,interpolacion_delaunay,0,3283,331,497,186
2026-10-08T05:52:40.045631+00:00,1903900013381,12.59,Bueno,13.46,Bueno,interpolacion_delaunay,0,3469,305,681,259
2026-10-08T05:52:40.045631+00:00,1903900013324,14.03,Bueno,14.88,Bueno,interpolacion_delaunay,0,2714,268,458,83
2026-10-08T05:52:40.045631+00:00,1903900014587,14.48,Bueno,19.81,Bueno,interpolacion_delaunay,0,1315,68,368,60
2026-10-08T05:52:40.045631+00:00,1903900014604,3.23,Bueno,3.34,Bueno,interpolacion_delaunay,0,2075,111,610,109
2026-10-08T05:52:40.045631+00:00,1903900014661,8.92,Bueno,9.55,Bueno,interpolacion_delaunay,0,2902,69,608,127
2026-10-08T05:52:40.045631+00:00,1903900014680,8.92,Bueno,9.47,Bueno,interpolacion_delaunay,0,2293,96,745,94
2026-10-08T05:52:40.045631+00:00,1903900011239,12.89,Bueno,16.43,Bueno,interpolacion_delaunay,0,3332,293,662,233
2026-10-08T05:52:40.045631+00:00,1903900011489,9.6,Bueno,10.0,Bueno,promedio_sensores,1,1608,86,419,74
2026-10-08T05:52:40.045631+00:00,1903900010279,11.27,Bueno,12.13,Bueno,interpolacion_delaunay,0,2220,107,580,282
2026-10-08T05:52:40.045631+00:00,1903900010531,10.68,Bueno,11.85,Bueno,interpolacion_delaunay,0,5417,419,1156,491
2026-10-08T05:52:40.045631+00:00,1903900010635,9.51,Bueno,10.21,Bueno,interpolacion_delaunay,0,2264,78,723,158
2026-10-08T05:52:40.045631+00:00,1903900011686,5.06,Bueno,5.43,Bueno,interpolacion_delaunay,0,153,7,36,5
2026-10-08T05:52:40.045631+00:00,1903900011807,9.31,Bueno,10.14,Bueno,interpolacion_delaunay,0,2430,99,765,107
2026-10-08T05:52:40.045631+00:00,1903900011830,8.5,Bueno,9.2,Bueno,promedio_sensores,1,898,35,265,16
2026-10-08T05:52:40.045631+00:00,1903900012097,10.3,Bueno,10.9,Bueno,promedio_sensores,1,4087,88,440,163
2026-10-08T05:52:40.045631+00:00,1903900012256,8.15,Bueno,8.43,Bueno,interpolacion_delaunay,0,4590,303,1006,320
2026-10-08T05:52:40.045631+00:00,1903900012307,9.57,Bueno,9.93,Bueno,promedio_sensores,3,2986,141,683,94
2026-10-08T05:52:40.045631+00:00,1903900012453,5.37,Bueno,5.87,Bueno,interpolacion_delaunay,0,2219,109,403,76
2026-10-08T05:52:40.045631+00:00,1903900012716,9.52,Bueno,10.45,Bueno,interpolacion_delaunay,0,78,3,14,8
2026-10-08T05:52:40.045631+00:00,1903900012735,9.67,Bueno,10.5,Bueno,interpolacion_delaunay,0,0,0,0,0
2026-10-08T05:52:40.045631+00:00,1903900012769,17.15,Aceptable,20.55,Bueno,interpolacion_delaunay,0,279,15,54,0
2026-10-08T05:52:40.045631+00:00,1903900012773,6.5,Bueno,6.96,Bueno,interpolacion_delaunay,0,0,0,0,0
2026-10-08T05:52:40.045631+00:00,1903900014040,13.05,Bueno,14.15,Bueno,interpolacion_delaunay,0,3042,337,450,116
2026-10-08T05:52:40.045631+00:00,1903900014178,7.99,Bueno,8.57,Bueno,interpolacion_delaunay,0,4610,493,538,196
2026-10-08T05:52:40.045631+00:00,1903900010156,11.45,Bueno,12.22,Bueno,interpolacion_delaunay,0,2930,146,830,151
2026-10-08T05:52:40.045631+00:00,1903900010264,10.41,Bueno,11.09,Bueno,interpolacion_delaunay,0,4282,326,814,272
2026-10-08T05:52:40.045631+00:00,1903900010283,11.1,Bueno,12.0,Bueno,interpolacion_delaunay,0,2911,218,619,83
2026-10-08T05:52:40.045631+00:00,1903900010315,11.78,Bueno,13.08,Bueno,interpolacion_delaunay,0,3515,316,654,216
2026-10-08T05:52:40.045631+00:00,190390001032A,12.3,Bueno,13.67,Bueno,interpolacion_delaunay,0,4173,426,573,279
2026-10-08T05:52:40.045631+00:00,1903900010349,11.9,Bueno,13.43,Bueno,interpolacion_delaunay,0,2637,166,677,132
2026-10-08T05:52:40.045631+00:00,1903900010391,10.58,Bueno,11.5,Bueno,interpolacion_delaunay,0,3850,295,727,205
2026-10-08T05:52:40.045631+00:00,1903900010438,11.19,Bueno,12.53,Bueno,interpolacion_delaunay,0,3338,313,521,73
2026-10-08T05:52:40.045631+00:00,1903900010442,11.52,Bueno,12.94,Bueno,interpolacion_delaunay,0,2676,239,533,136
2026-10-08T05:52:40.045631+00:00,1903900010457,8.25,Bueno,8.73,Bueno,interpolacion_delaunay,0,3408,175,1149,225
2026-10-08T05:52:40.045631+00:00,1903900010480,9.53,Bueno,10.31,Bueno,interpolacion_delaunay,0,1388,64,440,114
2026-10-08T05:52:40.045631+00:00,1903900010512,9.9,Bueno,10.79,Bueno,interpolacion_delaunay,0,2980,202,741,168
2026-10-08T05:52:40.045631+00:00,1903900010546,10.26,Bueno,11.25,Bueno,interpolacion_delaunay,0,2660,141,683,117
2026-10-08T05:52:40.045631+00:00,1903900010550,10.67,Bueno,11.79,Bueno,interpolacion_delaunay,0,2279,182,478,160
2026-10-08T05:52:40.045631+00:00,1903900010565,11.12,Bueno,12.39,Bueno,interpolacion_delaunay,0,2608,254,432,94
2026-10-08T05:52:40.045631+00:00,190390001057A,10.93,Bueno,12.09,Bueno,interpolacion_delaunay,0,1514,131,335,33
2026-10-08T05:52:40.045631+00:00,1903900010599,4.08,Bueno,4.29,Bueno,interpolacion_delaunay,0,2808,125,1047,137
2026-10-08T05:52:40.045631+00:00,1903900010601,8.3,Bueno,8.87,Bueno,interpolacion_delaunay,0,5314,412,1126,426
2026-10-08T05:52:40.045631+00:00,1903900010620,9.14,Bueno,9.7,Bueno,interpolacion_delaunay,0,2515,85,744,131
2026-10-08T05:52:40.045631+00:00,190390001064A,9.84,Bueno,10.64,Bueno,interpolacion_delaunay,0,2719,125,702,154
2026-10-08T05:52:40.045631+00:00,1903900010654,10.38,Bueno,11.37,Bueno,interpolacion_delaunay,0,2609,119,783,144
2026-10-08T05:52:40.045631+00:00,1903900010705,3.07,Bueno,3.21,Bueno,interpolacion_delaunay,0,1996,93,661,76
2026-10-08T05:52:40.045631+00:00,1903900010739,9.27,Bueno,9.84,Bueno,interpolacion_delaunay,0,1701,60,561,127
2026-10-08T05:52:40.045631+00:00,1903900010743,9.59,Bueno,10.25,Bueno,interpolacion_delaunay,0,1991,112,552,108
2026-10-08T05:52:40.045631+00:00,1903900010758,9.83,Bueno,10.56,Bueno,interpolacion_delaunay,0,1207,67,324,54
2026-10-08T05:52:40.045631+00:00,1903900010796,13.16,Bueno,16.4,Bueno,interpolacion_delaunay,0,0,0,0,0
2026-10-08T05:52:40.045631+00:00,1903900010828,13.74,Bueno,17.82,Bueno,interpolacion_delaunay,0,1085,46,363,57
2026-10-08T05:52:40.045631+00:00,1903900010866,6.1,Bueno,6.6,Bueno,interpolacion_delaunay,0,1678,49,570,85
2026-10-08T05:52:40.045631+00:00,1903900010870,8.3,Bueno,9.09,Bueno,interpolacion_delaunay,0,3879,268,842,254
2026-10-08T05:52:40.045631+00:00,1903900010885,8.66,Bueno,9.43,Bueno,interpolacion_delaunay,0,1668,63,493,70
2026-10-08T05:52:40.045631+00:00,1903900010940,10.79,Bueno,12.43,Bueno,interpolacion_delaunay,0,3419,259,605,213
2026-10-08T05:52:40.045631+00:00,1903900011046,13.95,Bueno,18.76,Bueno,interpolacion_delaunay,0,1800,151,355,99
2026-10-08T05:52:40.045631+00:00,1903900011135,7.93,Bueno,8.59,Bueno,interpolacion_delaunay,0,1752,62,519,67
2026-10-08T05:52:40.045631+00:00,190390001114A,7.9,Bueno,8.8,Bueno,promedio_sensores,1,1380,53,428,34
2026-10-08T05:52:40.045631+00:00,1903900011154,8.36,Bueno,9.24,Bueno,interpolacion_delaunay,0,1623,62,444,64
2026-10-08T05:52:40.045631+00:00,1903900011169,8.5,Bueno,9.4,Bueno,promedio_sensores,2,2880,73,732,160
2026-10-08T05:52:40.045631+00:00,1903900011192,8.8,Bueno,9.27,Bueno,interpolacion_delaunay,0,2657,175,674,141
2026-10-08T05:52:40.045631+00:00,1903900011205,9.31,Bueno,9.77,Bueno,interpolacion_delaunay,0,122,13,22,0
2026-10-08T05:52:40.045631+00:00,1903900011243,8.76,Bueno,10.51,Bueno,interpolacion_delaunay,0,475,45,76,44
2026-10-08T05:52:40.045631+00:00,1903900011258,10.51,Bueno,13.3,Bueno,interpolacion_delaunay,0,1048,106,166,35
2026-10-08T05:52:40.045631+00:00,1903900011262,13.79,Bueno,18.17,Bueno,interpolacion_delaunay,0,1756,114,447,140
2026-10-08T05:52:40.045631+00:00,1903900011277,13.07,Bueno,17.45,Bueno,interpolacion_delaunay,0,2024,136,529,164
2026-10-08T05:52:40.045631+00:00,1903900011309,16.1,Aceptable,22.5,Bueno,promedio_sensores,1,1761,123,433,90
2026-10-08T05:52:40.045631+00:00,1903900011351,9.57,Bueno,10.21,Bueno,interpolacion_delaunay,0,2734,167,651,175
2026-10-08T05:52:40.045631+00:00,1903900011366,9.49,Bueno,10.15,Bueno,interpolacion_delaunay,0,0,0,0,0
2026-10-08T05:52:40.045631+00:00,1903900011421,8.6,Bueno,9.7,Bueno,promedio_sensores,1,3327,204,738,54
2026-10-08T05:52:40.045631+00:00,1903900011436,8.29,Bueno,9.31,Bueno,interpolacion_delaunay,0,1869,83,431,69
2026-10-08T05:52:40.045631+00:00,1903900011440,8.16,Bueno,9.17,Bueno,interpolacion_delaunay,0,1644,76,453,82
2026-10-08T05:52:40.045631+00:00,1903900011455,13.0,Bueno,15.31,Bueno,interpolacion_delaunay,0,1330,38,379,65
2026-10-08T05:52:40.045631+00:00,1903900011578,7.15,Bueno,7.58,Bueno,interpolacion_delaunay,0,1668,78,469,55
2026-10-08T05:52:40.045631+00:00,1903900011582,9.3,Bueno,9.8,Bueno,promedio_sensores,1,1943,98,485,98
2026-10-08T05:52:40.045631+00:00,190390001160A,9.75,Bueno,10.54,Bueno,interpolacion_delaunay,0,1878,106,479,110
2026-10-08T05:52:40.045631+00:00,1903900011614,9.85,Bueno,10.57,Bueno,interpolacion_delaunay,0,2516,127,727,95
2026-10-08T05:52:40.045631+00:00,1903900011633,15.6,Aceptable,18.6,Bueno,interpolacion_delaunay,0,810,34,225,59
2026-10-08T05:52:40.045631+00:00,1903900011703,5.16,Bueno,5.6,Bueno,interpolacion_delaunay,0,3184,63,372,52
2026-10-08T05:52:40.045631+00:00,1903900011722,7.26,Bueno,7.7,Bueno,interpolacion_delaunay,0,511,20,136,16
2026-10-08T05:52:40.045631+00:00,1903900011737,5.92,Bueno,6.4,Bueno,interpolacion_delaunay,0,377,25,76,21
2026-10-08T05:52:40.045631+00:00,1903900011741,5.36,Bueno,5.77,Bueno,interpolacion_delaunay,0,179,8,28,10
2026-10-08T05:52:40.045631+00:00,1903900011756,5.29,Bueno,5.73,Bueno,interpolacion_delaunay,0,191,3,61,18
2026-10-08T05:52:40.045631+00:00,1903900011794,8.96,Bueno,9.91,Bueno,interpolacion_delaunay,0,2555,160,623,167
2026-10-08T05:52:40.045631+00:00,1903900011845,6.3,Bueno,6.6,Bueno,promedio_sensores,1,2750,133,527,66
2026-10-08T05:52:40.045631+00:00,190390001185A,6.94,Bueno,7.32,Bueno,interpolacion_delaunay,0,2718,189,497,75
2026-10-08T05:52:40.045631+00:00,1903900011879,6.7,Bueno,7.13,Bueno,interpolacion_delaunay,0,2302,190,467,160
2026-10-08T05:52:40.045631+00:00,1903900011883,6.77,Bueno,7.24,Bueno,interpolacion_delaunay,0,2653,217,567,162
2026-10-08T05:52:40.045631+00:00,1903900011898,7.3,Bueno,7.85,Bueno,interpolacion_delaunay,0,2466,163,572,128
2026-10-08T05:52:40.045631+00:00,1903900011900,6.52,Bueno,7.06,Bueno,interpolacion_delaunay,0,1274,99,333,108
2026-10-08T05:52:40.045631+00:00,1903900012167,8.97,Bueno,9.42,Bueno,interpolacion_delaunay,0,2883,124,813,123
2026-10-08T05:52:40.045631+00:00,1903900012190,6.16,Bueno,6.38,Bueno,interpolacion_delaunay,0,1182,41,455,89
2026-10-08T05:52:40.045631+00:00,1903900012218,4.4,Bueno,4.47,Bueno,interpolacion_delaunay,0,1788,87,512,71
2026-10-08T05:52:40.045631+00:00,1903900012241,6.94,Bueno,7.06,Bueno,interpolacion_delaunay,0,1136,46,404,79
2026-10-08T05:52:40.045631+00:00,1903900012275,6.25,Bueno,6.64,Bueno,interpolacion_delaunay,0,3740,200,896,144
2026-10-08T05:52:40.045631+00:00,1903900012472,8.0,Bueno,8.4,Bueno,promedio_sensores,1,4662,342,773,243
2026-10-08T05:52:40.045631+00:00,190390001267A,6.05,Bueno,6.35,Bueno,interpolacion_delaunay,0,3909,249,1025,191
2026-10-08T05:52:40.045631+00:00,1903900012684,6.2,Bueno,6.48,Bueno,interpolacion_delaunay,0,2186,73,687,43
2026-10-08T05:52:40.045631+00:00,1903900012720,9.1,Bueno,10.5,Bueno,promedio_sensores,1,970,52,170,37
2026-10-08T05:52:40.045631+00:00,190390001274A,8.47,Bueno,9.61,Bueno,interpolacion_delaunay,0,10,0,0,0
2026-10-08T05:52:40.045631+00:00,1903900012754,9.19,Bueno,10.24,Bueno,interpolacion_delaunay,0,3205,214,714,184
2026-10-08T05:52:40.045631+00:00,1903900012788,5.73,Bueno,6.2,Bueno,interpolacion_delaunay,0,0,0,0,0
2026-10-08T05:52:40.045631+00:00,190390001281A,4.7,Bueno,5.8,Bueno,promedio_sensores,1,327,0,0,0
2026-10-08T05:52:40.045631+00:00,1903900012877,1.96,Bueno,2.32,Bueno,interpolacion_delaunay,0,0,0,0,0
2026-10-08T05:52:40.045631+00:00,1903900013451,11.77,Bueno,12.98,Bueno,interpolacion_delaunay,0,4308,421,672,304
2026-10-08T05:52:40.045631+00:00,1903900013555,7.8,Bueno,8.19,Bueno,interpolacion_delaunay,0,4663,290,902,166
2026-10-08T05:52:40.045631+00:00,1903900013593,9.11,Bueno,10.06,Bueno,interpolacion_delaunay,0,2322,237,355,231
2026-10-08T05:52:40.045631+00:00,1903900013606,9.17,Bueno,9.73,Bueno,interpolacion_delaunay,0,2907,266,482,206
2026-10-08T05:52:40.045631+00:00,1903900013610,8.15,Bueno,9.18,Bueno,interpolacion_delaunay,0,2513,260,368,178
2026-10-08T05:52:40.045631+00:00,1903900013659,8.09,Bueno,8.58,Bueno,interpolacion_delaunay,0,1885,176,371,95
2026-10-08T05:52:40.045631+00:00,190390001406A,12.42,Bueno,13.67,Bueno,interpolacion_delaunay,0,4196,447,516,257
2026-10-08T05:52:40.045631+00:00,1903900014093,10.63,Bueno,11.4,Bueno,interpolacion_delaunay,0,3096,303,444,145
2026-10-08T05:52:40.045631+00:00,1903900014144,18.76,Aceptable,23.28,Bueno,interpolacion_delaunay,0,883,38,360,125
2026-10-08T05:52:40.045631+00:00,1903900014159,1.6,Bueno,2.3,Bueno,promedio_sensores,1,620,20,142,55
2026-10-08T05:52:40.045631+00:00,1903900014500,10.48,Bueno,11.3,Bueno,interpolacion_delaunay,0,3056,353,283,111
2026-10-08T05:52:40.045631+00:00,1903900014515,9.88,Bueno,10.67,Bueno,interpolacion_delaunay,0,3391,252,688,180
2026-10-08T05:52:40.045631+00:00,1903900014549,10.77,Bueno,11.9,Bueno,interpolacion_delaunay,0,4319,365,785,218
2026-10-08T05:52:40.045631+00:00,1903900014553,11.12,Bueno,12.35,Bueno,interpolacion_delaunay,0,3885,315,748,307
2026-10-08T05:52:40.045631+00:00,1903900014619,1.34,Bueno,1.6,Bueno,interpolacion_delaunay,0,2679,137,355,34
2026-10-08T05:52:40.045631+00:00,1903900014623,7.0,Bueno,7.4,Bueno,promedio_sensores,1,1853,99,476,133
2026-10-08T05:52:40.045631+00:00,1903900014731,9.96,Bueno,10.53,Bueno,interpolacion_delaunay,0,2772,164,687,112
2026-10-08T05:52:40.045631+00:00,1903900014905,4.76,Bueno,4.89,Bueno,interpolacion_delaunay,0,2280,182,284,44
2026-10-08T05:52:40.045631+00:00,190390001491A,3.02,Bueno,3.12,Bueno,interpolacion_delaunay,0,897,47,73,0
2026-10-08T05:52:40.045631+00:00,1903900014924,7.8,Bueno,7.9,Bueno,promedio_sensores,1,2425,136,485,38
2026-10-08T05:52:40.045631+00:00,1903900014939,7.93,Bueno,8.39,Bueno,interpolacion_delaunay,0,1974,92,485,50
2026-10-08T05:52:40.045631+00:00,1903900015142,5.67,Bueno,5.84,Bueno,interpolacion_delaunay,0,2839,330,193,45
2026-10-08T05:52:40.045631+00:00,1903900011385,9.55,Bueno,10.37,Bueno,interpolacion_delaunay,0,1585,87,442,107
2026-10-08T05:52:40.045631+00:00,1903900012805,6.83,Bueno,7.41,Bueno,interpolacion_delaunay,0,3258,186,362,30
2026-10-08T05:52:40.045631+00:00,1903900011826,7.68,Bueno,8.31,Bueno,interpolacion_delaunay,0,1966,181,300,39
2026-10-08T05:52:40.045631+00:00,1903900012468,6.37,Bueno,7.02,Bueno,interpolacion_delaunay,0,3979,370,451,75
2026-10-08T05:52:40.045631+00:00,1903900012133,8.1,Bueno,8.67,Bueno,interpolacion_delaunay,0,3643,409,514,130
2026-10-08T05:52:40.045631+00:00,1903900014182,8.86,Bueno,9.45,Bueno,interpolacion_delaunay,0,2164,180,491,80
2026-10-08T05:52:40.045631+00:00,1903900012152,9.55,Bueno,10.06,Bueno,interpolacion_delaunay,0,2360,140,519,93
2026-10-08T05:52:40.045631+00:00,1903900012082,9.51,Bueno,10.12,Bueno,interpolacion_delaunay,0,2402,95,700,143
2026-10-08T05:52:40.045631+00:00,1903900013663,9.21,Bueno,9.66,Bueno,interpolacion_delaunay,0,4832,422,675,278
2026-10-08T05:52:40.045631+00:00,1903900013714,9.46,Bueno,9.56,Bueno,interpolacion_delaunay,0,4743,468,751,239
2026-10-08T05:52:40.045631+00:00,1903900012858,5.05,Bueno,5.3,Bueno,interpolacion_delaunay,0,0,0,0,0
2026-10-08T05:52:40.045631+00:00,1903900012839,4.0,Bueno,4.7,Bueno,interpolacion_delaunay,0,426,30,39,0
2026-10-08T05:52:40.045631+00:00,1903900012843,7.7,Bueno,7.9,Bueno,promedio_sensores,1,3288,154,618,59
2026-10-08T05:52:40.045631+00:00,1903900012862,2.9,Bueno,3.46,Bueno,interpolacion_delaunay,0,0,0,0,0
2026-10-08T05:52:40.045631+00:00,1903900013733,7.14,Bueno,7.21,Bueno,interpolacion_delaunay,0,1895,90,465,59
2026-10-08T05:52:40.045631+00:00,1903900012294,6.79,Bueno,7.21,Bueno,interpolacion_delaunay,0,3104,120,1010,138
2026-10-08T05:52:40.045631+00:00,190390001228A,7.43,Bueno,7.74,Bueno,interpolacion_delaunay,0,2430,94,799,56
2026-10-08T05:52:40.045631+00:00,1903900010423,11.58,Bueno,12.93,Bueno,interpolacion_delaunay,0,3542,305,682,134
2026-10-08T05:52:40.045631+00:00,1903900010334,12.08,Bueno,13.52,Bueno,interpolacion_delaunay,0,878,76,200,70
2026-10-08T05:52:40.045631+00:00,1903900010071,11.8,Bueno,12.5,Bueno,interpolacion_delaunay,0,2520,129,682,146
2026-10-08T05:52:40.045631+00:00,1903900014869,1.16,Bueno,1.28,Bueno,interpolacion_delaunay,0,4404,353,307,53
2026-10-08T05:52:40.045631+00:00,1903900013748,5.08,Bueno,5.18,Bueno,interpolacion_delaunay,0,3552,225,627,97
2026-10-08T05:52:40.045631+00:00,1903900011050,11.37,Bueno,14.11,Bueno,interpolacion_delaunay,0,1589,135,342,104
2026-10-08T05:52:40.045631+00:00,1903900011116,9.17,Bueno,9.98,Bueno,interpolacion_delaunay,0,0,0,0,0
2026-10-08T05:52:40.045631+00:00,1903900010809,13.75,Bueno,17.43,Bueno,interpolacion_delaunay,0,59,3,14,3
2026-10-08T05:52:40.045631+00:00,1903900010989,14.03,Bueno,18.34,Bueno,interpolacion_delaunay,0,6061,564,591,133
2026-10-08T05:52:40.045631+00:00,1903900010851,10.79,Bueno,13.16,Bueno,interpolacion_delaunay,0,1601,105,413,68
2026-10-08T05:52:40.045631+00:00,1903900013413,10.1,Bueno,10.63,Bueno,interpolacion_delaunay,0,7251,522,1316,316
2026-10-08T05:52:40.045631+00:00,1903900010033,12.41,Bueno,13.07,Bueno,interpolacion_delaunay,0,3321,285,588,124
2026-10-08T05:52:40.045631+00:00,1903900010137,10.13,Bueno,10.64,Bueno,interpolacion_delaunay,0,4478,279,1202,320
2026-10-08T05:52:40.045631+00:00,1903900010141,10.13,Bueno,10.7,Bueno,interpolacion_delaunay,0,4273,225,965,185
2026-10-08T05:52:40.045631+00:00,1903900010762,11.2,Bueno,12.87,Bueno,interpolacion_delaunay,0,1600,114,337,68
2026-10-08T05:52:40.045631+00:00,1903900014106,10.0,Bueno,10.69,Bueno,interpolacion_delaunay,0,4189,248,1019,177
2026-10-08T05:52:40.045631+00:00,1903900014110,9.19,Bueno,9.83,Bueno,interpolacion_delaunay,0,2699,161,643,225
2026-10-08T05:52:40.045631+00:00,1903900010921,10.51,Bueno,11.74,Bueno,interpolacion_delaunay,0,2388,213,393,106
2026-10-08T05:52:40.045631+00:00,1903900010669,10.23,Bueno,11.09,Bueno,interpolacion_delaunay,0,2152,159,463,119
2026-10-08T05:52:40.045631+00:00,1903900010067,12.09,Bueno,12.77,Bueno,interpolacion_delaunay,0,2799,155,819,158
2026-10-08T05:52:40.045631+00:00,1903900010688,12.07,Bueno,14.24,Bueno,interpolacion_delaunay,0,2838,195,394,149
2026-10-08T05:52:40.045631+00:00,1903900010584,11.57,Bueno,13.06,Bueno,interpolacion_delaunay,0,3226,273,587,141
2026-10-08T05:52:40.045631+00:00,1903900011417,8.25,Bueno,8.94,Bueno,interpolacion_delaunay,0,3077,152,970,79
2026-10-08T05:52:40.045631+00:00,1903900013837,8.14,Bueno,8.77,Bueno,interpolacion_delaunay,0,3561,193,908,77
2026-10-08T05:52:40.045631+00:00,1903900013930,13.36,Bueno,14.55,Bueno,interpolacion_delaunay,0,1431,202,111,73
2026-10-08T05:52:40.045631+00:00,1903900014055,12.74,Bueno,13.94,Bueno,interpolacion_delaunay,0,4222,525,372,136
2026-10-08T05:52:40.045631+00:00,190390001420A,8.65,Bueno,9.16,Bueno,interpolacion_delaunay,0,3029,320,382,97
2026-10-08T05:52:40.045631+00:00,1903900014197,8.83,Bueno,9.37,Bueno,interpolacion_delaunay,0,2456,248,321,138
2026-10-08T05:52:40.045631+00:00,1903900010974,12.97,Bueno,16.34,Bueno,interpolacion_delaunay,0,781,39,192,50
2026-10-08T05:52:40.045631+00:00,1903900011084,9.27,Bueno,10.06,Bueno,interpolacion_delaunay,0,1782,162,338,82
2026-10-08T05:52:40.045631+00:00,1903900010847,13.45,Bueno,17.91,Bueno,interpolacion_delaunay,0,1023,82,199,53
2026-10-08T05:52:40.045631+00:00,1903900010993,14.87,Bueno,20.04,Bueno,interpolacion_delaunay,0,1086,95,211,53
2026-10-08T05:52:40.045631+00:00,1903900010372,9.82,Bueno,10.55,Bueno,interpolacion_delaunay,0,2524,139,785,102
2026-10-08T05:52:40.045631+00:00,1903900011031,13.1,Bueno,17.39,Bueno,interpolacion_delaunay,0,1190,84,257,58
2026-10-08T05:52:40.045631+00:00,1903900010902,9.33,Bueno,10.0,Bueno,interpolacion_delaunay,0,3066,119,898,183
2026-10-08T05:52:40.045631+00:00,1903900010777,11.93,Bueno,14.22,Bueno,interpolacion_delaunay,0,1329,106,264,76
2026-10-08T05:52:40.045631+00:00,1903900010781,12.52,Bueno,15.32,Bueno,interpolacion_delaunay,0,242,8,54,15
2026-10-08T05:52:40.045631+00:00,1903900014572,15.44,Aceptable,21.22,Bueno,interpolacion_delaunay,0,1442,81,389,93
2026-10-08T05:52:40.045631+00:00,1903900014676,9.13,Bueno,9.76,Bueno,interpolacion_delaunay,0,2120,102,506,104
2026-10-08T05:52:40.045631+00:00,190390001025A,10.46,Bueno,11.09,Bueno,interpolacion_delaunay,0,3942,258,986,278
2026-10-08T05:52:40.045631+00:00,1903900010495,9.51,Bueno,10.29,Bueno,interpolacion_delaunay,0,1812,109,420,98
2026-10-08T05:52:40.045631+00:00,1903900010917,9.7,Bueno,10.3,Bueno,promedio_sensores,1,2843,155,698,133
2026-10-08T05:52:40.045631+00:00,1903900010955,11.73,Bueno,14.0,Bueno,interpolacion_delaunay,0,288,25,64,22
2026-10-08T05:52:40.045631+00:00,1903900013697,11.39,Bueno,11.52,Bueno,interpolacion_delaunay,0,1977,183,341,77
2026-10-08T05:52:40.045631+00:00,1903900013860,12.69,Bueno,13.83,Bueno,interpolacion_delaunay,0,3174,344,383,184
2026-10-08T05:52:40.045631+00:00,1903900015439,2.62,Bueno,2.72,Bueno,interpolacion_delaunay,0,627,97,12,5
2026-10-08T05:52:40.045631+00:00,1903900011027,15.04,Aceptable,20.66,Bueno,interpolacion_delaunay,0,509,36,115,25
2026-10-08T05:52:40.045631+00:00,1903900013998,14.43,Bueno,15.43,Bueno,interpolacion_delaunay,0,5766,706,558,248
2026-10-08T05:52:40.045631+00:00,190390001477A,5.79,Bueno,5.89,Bueno,interpolacion_delaunay,0,550,33,68,4
2026-10-08T05:52:40.045631+00:00,1903900014002,14.05,Bueno,15.03,Bueno,interpolacion_delaunay,0,5494,669,668,240
2026-10-08T05:52:40.045631+00:00,1903900014873,0.67,Bueno,0.76,Bueno,interpolacion_delaunay,0,2383,154,261,52
2026-10-08T05:52:40.045631+00:00,1903900011008,15.04,Aceptable,20.36,Bueno,interpolacion_delaunay,0,1877,145,377,135
2026-10-08T05:52:40.045631+00:00,1903900011313,14.84,Bueno,20.21,Bueno,interpolacion_delaunay,0,5055,336,882,185
2026-10-08T05:52:40.045631+00:00,190390001139A,9.02,Bueno,9.61,Bueno,interpolacion_delaunay,0,1079,59,290,49
2026-10-08T05:52:40.045631+00:00,1903900011402,9.16,Bueno,9.78,Bueno,interpolacion_delaunay,0,681,31,196,23
2026-10-08T05:52:40.045631+00:00,1903900012519,14.67,Bueno,15.69,Bueno,interpolacion_delaunay,0,5642,661,498,241
2026-10-08T05:52:40.045631+00:00,1903900013822,7.82,Bueno,8.14,Bueno,interpolacion_delaunay,0,6050,361,890,140
2026-10-08T05:52:40.045631+00:00,1903900013964,7.59,Bueno,7.87,Bueno,interpolacion_delaunay,0,728,55,70,19
2026-10-08T05:52:40.045631+00:00,1903900014125,8.99,Bueno,9.62,Bueno,interpolacion_delaunay,0,1881,174,361,63
2026-10-08T05:52:40.045631+00:00,190390001452A,13.58,Bueno,15.32,Bueno,interpolacion_delaunay,0,2471,240,363,186
2026-10-08T05:52:40.045631+00:00,190390001413A,8.87,Bueno,9.45,Bueno,interpolacion_delaunay,0,2082,180,339,126
2026-10-08T05:52:40.045631+00:00,1903900010461,8.5,Bueno,9.0,Bueno,promedio_sensores,1,3422,173,1112,139
2026-10-08T05:52:40.045631+00:00,1903900014534,12.75,Bueno,14.4,Bueno,interpolacion_delaunay,0,1267,111,229,29
2026-10-08T05:52:40.045631+00:00,1903900013767,2.87,Bueno,3.04,Bueno,interpolacion_delaunay,0,2308,117,605,127
2026-10-08T05:52:40.045631+00:00,1903900012345,4.27,Bueno,4.31,Bueno,interpolacion_delaunay,0,2632,98,737,80
2026-10-08T05:52:40.045631+00:00,1903900012364,0.2,Bueno,0.2,Bueno,promedio_sensores,1,2327,116,787,61
2026-10-08T05:52:40.045631+00:00,1903900011629,30.2,Aceptable,37.5,Bueno,promedio_sensores,1,2881,196,402,58
2026-10-08T05:52:40.045631+00:00,1903900013396,12.9,Bueno,13.88,Bueno,interpolacion_delaunay,0,4014,389,664,275
2026-10-08T05:52:40.045631+00:00,1903900010245,6.69,Bueno,7.05,Bueno,interpolacion_delaunay,0,2709,131,764,208
2026-10-08T05:52:40.045631+00:00,1903900015284,3.27,Bueno,3.37,Bueno,interpolacion_delaunay,0,513,29,60,13
2026-10-08T05:52:40.045631+00:00,1903900010118,12.52,Bueno,13.47,Bueno,interpolacion_delaunay,0,4580,383,955,302
2026-10-08T05:52:40.045631+00:00,1903900010052,13.1,Bueno,14.02,Bueno,interpolacion_delaunay,0,3869,304,717,323
2026-10-08T05:52:40.045631+00:00,1903900015123,13.75,Bueno,14.78,Bueno,interpolacion_delaunay,0,68,3,4,3
2026-10-08T05:52:40.045631+00:00,1903900014036,13.35,Bueno,14.41,Bueno,interpolacion_delaunay,0,4679,569,514,263
2026-10-08T05:52:40.045631+00:00,1903900010508,9.94,Bueno,10.88,Bueno,interpolacion_delaunay,0,3451,202,579,150
2026-10-08T05:52:40.045631+00:00,1903900010527,10.17,Bueno,11.18,Bueno,interpolacion_delaunay,0,1779,95,454,127
2026-10-08T05:52:40.045631+00:00,1903900013729,7.08,Bueno,7.23,Bueno,interpolacion_delaunay,0,3410,392,357,136
2026-10-08T05:52:40.045631+00:00,190390001370A,9.42,Bueno,9.58,Bueno,interpolacion_delaunay,0,4006,357,563,228
2026-10-08T05:52:40.045631+00:00,1904600010362,8.69,Bueno,9.65,Bueno,interpolacion_delaunay,0,5505,271,1291,301
2026-10-08T05:52:40.045631+00:00,1904600011483,9.53,Bueno,11.42,Bueno,interpolacion_delaunay,0,2026,111,597,94
2026-10-08T05:52:40.045631+00:00,1904600011638,8.09,Bueno,9.22,Bueno,interpolacion_delaunay,0,4053,248,498,114
2026-10-08T05:52:40.045631+00:00,1904600010998,8.26,Bueno,9.79,Bueno,interpolacion_delaunay,0,5855,449,1099,257
2026-10-08T05:52:40.045631+00:00,1904600011676,12.73,Bueno,16.43,Bueno,interpolacion_delaunay,0,362,30,69,27
2026-10-08T05:52:40.045631+00:00,1904600010216,12.0,Bueno,13.6,Bueno,promedio_sensores,1,2042,50,546,50
2026-10-08T05:52:40.045631+00:00,1904600010536,8.56,Bueno,10.24,Bueno,interpolacion_delaunay,0,4997,504,603,104
2026-10-08T05:52:40.045631+00:00,1904600011708,8.23,Bueno,9.5,Bueno,interpolacion_delaunay,0,1763,89,284,44
2026-10-08T05:52:40.045631+00:00,190460001070A,8.49,Bueno,9.71,Bueno,interpolacion_delaunay,0,1273,69,137,48
2026-10-08T05:52:40.045631+00:00,1904600011375,8.04,Bueno,9.2,Bueno,interpolacion_delaunay,0,5964,475,946,326
2026-10-08T05:52:40.045631+00:00,1904600011286,8.61,Bueno,9.59,Bueno,interpolacion_delaunay,0,2603,117,839,196
2026-10-08T05:52:40.045631+00:00,1904600011623,8.05,Bueno,9.26,Bueno,interpolacion_delaunay,0,4225,248,423,136
2026-10-08T05:52:40.045631+00:00,1904600010786,8.16,Bueno,9.42,Bueno,interpolacion_delaunay,0,4690,309,1009,269
2026-10-08T05:52:40.045631+00:00,190460001024A,10.78,Bueno,13.29,Bueno,interpolacion_delaunay,0,2748,75,850,176
2026-10-08T05:52:40.045631+00:00,1904600010875,8.35,Bueno,10.09,Bueno,interpolacion_delaunay,0,3785,202,993,129
2026-10-08T05:52:40.045631+00:00,1904600010324,8.86,Bueno,9.83,Bueno,interpolacion_delaunay,0,2214,97,651,92
2026-10-08T05:52:40.045631+00:00,1904600011233,8.43,Bueno,9.55,Bueno,interpolacion_delaunay,0,3010,241,577,204
2026-10-08T05:52:40.045631+00:00,1904600010131,12.13,Bueno,14.23,Bueno,interpolacion_delaunay,0,4113,160,1393,177
2026-10-08T05:52:40.045631+00:00,1904600010184,11.5,Bueno,13.34,Bueno,interpolacion_delaunay,0,3438,93,1132,126
2026-10-08T05:52:40.045631+00:00,1904600010235,10.89,Bueno,12.94,Bueno,interpolacion_delaunay,0,2765,104,711,111
2026-10-08T05:52:40.045631+00:00,1904600010466,13.64,Bueno,16.02,Bueno,interpolacion_delaunay,0,2212,113,500,58
2026-10-08T05:52:40.045631+00:00,190460001049A,12.81,Bueno,14.82,Bueno,interpolacion_delaunay,0,2827,123,674,44
2026-10-08T05:52:40.045631+00:00,1904600011407,8.55,Bueno,10.31,Bueno,interpolacion_delaunay,0,3464,317,610,173
2026-10-08T05:52:40.045631+00:00,1904600011642,9.85,Bueno,11.42,Bueno,interpolacion_delaunay,0,2601,116,623,113
2026-10-08T05:52:40.045631+00:00,1904600011731,8.39,Bueno,10.17,Bueno,interpolacion_delaunay,0,3017,207,561,120
2026-10-08T05:52:40.045631+00:00,1904600010108,10.13,Bueno,12.07,Bueno,interpolacion_delaunay,0,2483,125,582,112
2026-10-08T05:52:40.045631+00:00,1904600010127,8.2,Bueno,9.79,Bueno,interpolacion_delaunay,0,4270,186,1281,297
2026-10-08T05:52:40.045631+00:00,1904600010292,12.33,Bueno,15.39,Bueno,interpolacion_delaunay,0,0,0,0,0
2026-10-08T05:52:40.045631+00:00,1904600010714,8.17,Bueno,9.34,Bueno,interpolacion_delaunay,0,3666,266,947,309
2026-10-08T05:52:40.045631+00:00,1904600010860,8.55,Bueno,10.38,Bueno,interpolacion_delaunay,0,3290,227,721,158
2026-10-08T05:52:40.045631+00:00,1904600011002,8.37,Bueno,9.93,Bueno,interpolacion_delaunay,0,3262,289,695,194
2026-10-08T05:52:40.045631+00:00,190460001120A,8.39,Bueno,9.54,Bueno,interpolacion_delaunay,0,3141,265,631,179
2026-10-08T05:52:40.045631+00:00,1904600011341,8.39,Bueno,9.89,Bueno,interpolacion_delaunay,0,3608,289,555,127
2026-10-08T05:52:40.045631+00:00,1904600011426,8.22,Bueno,9.74,Bueno,interpolacion_delaunay,0,3335,302,691,164
2026-10-08T05:52:40.045631+00:00,190460001177A,13.9,Bueno,16.17,Bueno,interpolacion_delaunay,0,2611,224,320,95
2026-10-08T05:52:40.045631+00:00,1904600010042,11.11,Bueno,13.33,Bueno,interpolacion_delaunay,0,1646,90,422,69
2026-10-08T05:52:40.045631+00:00,1904600010057,10.46,Bueno,12.52,Bueno,interpolacion_delaunay,0,1216,61,388,100
2026-10-08T05:52:40.045631+00:00,1904600010076,8.32,Bueno,10.01,Bueno,interpolacion_delaunay,0,3762,199,1053,215
2026-10-08T05:52:40.045631+00:00,1904600010095,10.34,Bueno,12.36,Bueno,interpolacion_delaunay,0,1199,53,337,85
2026-10-08T05:52:40.045631+00:00,1904600010146,10.11,Bueno,11.92,Bueno,interpolacion_delaunay,0,2987,160,749,104
2026-10-08T05:52:40.045631+00:00,190460001017A,8.11,Bueno,9.63,Bueno,interpolacion_delaunay,0,4101,180,1201,211
2026-10-08T05:52:40.045631+00:00,1904600010201,8.78,Bueno,10.26,Bueno,interpolacion_delaunay,0,3988,173,1242,253
2026-10-08T05:52:40.045631+00:00,1904600010220,12.08,Bueno,14.19,Bueno,interpolacion_delaunay,0,1869,61,495,59
2026-10-08T05:52:40.045631+00:00,190460001031A,8.74,Bueno,9.75,Bueno,interpolacion_delaunay,0,2149,134,353,62
2026-10-08T05:52:40.045631+00:00,1904600010343,8.41,Bueno,9.49,Bueno,interpolacion_delaunay,0,5532,394,1335,345
2026-10-08T05:52:40.045631+00:00,1904600010381,8.89,Bueno,9.79,Bueno,interpolacion_delaunay,0,3251,164,847,172
2026-10-08T05:52:40.045631+00:00,1904600010413,14.59,Bueno,17.39,Bueno,interpolacion_delaunay,0,4002,238,499,120
2026-10-08T05:52:40.045631+00:00,1904600010485,12.68,Bueno,14.43,Bueno,interpolacion_delaunay,0,3150,144,1004,109
2026-10-08T05:52:40.045631+00:00,1904600010540,8.1,Bueno,9.57,Bueno,interpolacion_delaunay,0,4952,283,1289,225
2026-10-08T05:52:40.045631+00:00,1904600010555,8.54,Bueno,10.1,Bueno,interpolacion_delaunay,0,0,0,0,0
2026-10-08T05:52:40.045631+00:00,1904600010593,8.05,Bueno,9.43,Bueno,interpolacion_delaunay,0,5785,417,488,81
2026-10-08T05:52:40.045631+00:00,1904600010610,8.66,Bueno,9.98,Bueno,interpolacion_delaunay,0,4819,442,219,35
2026-10-08T05:52:40.045631+00:00,1904600010625,8.26,Bueno,9.73,Bueno,interpolacion_delaunay,0,684,56,110,22
2026-10-08T05:52:40.045631+00:00,1904600010659,7.99,Bueno,9.29,Bueno,interpolacion_delaunay,0,0,0,0,0
2026-10-08T05:52:40.045631+00:00,1904600010729,8.08,Bueno,9.27,Bueno,interpolacion_delaunay,0,0,0,0,0
2026-10-08T05:52:40.045631+00:00,1904600010752,8.32,Bueno,9.4,Bueno,interpolacion_delaunay,0,2043,121,429,51
2026-10-08T05:52:40.045631+00:00,1904600010790,8.28,Bueno,9.61,Bueno,interpolacion_delaunay,0,0,0,0,0
2026-10-08T05:52:40.045631+00:00,1904600010822,8.6,Bueno,10.44,Bueno,interpolacion_delaunay,0,1808,142,329,116
2026-10-08T05:52:40.045631+00:00,1904600010841,8.54,Bueno,10.38,Bueno,interpolacion_delaunay,0,2675,196,623,119
2026-10-08T05:52:40.045631+00:00,1904600010856,8.46,Bueno,10.26,Bueno,interpolacion_delaunay,0,5049,305,900,195
2026-10-08T05:52:40.045631+00:00,190460001088A,7.61,Bueno,9.04,Bueno,interpolacion_delaunay,0,4232,220,1219,162
2026-10-08T05:52:40.045631+00:00,1904600010894,7.93,Bueno,9.41,Bueno,interpolacion_delaunay,0,2806,182,550,130
2026-10-08T05:52:40.045631+00:00,1904600010907,8.41,Bueno,10.13,Bueno,interpolacion_delaunay,0,3550,247,722,168
2026-10-08T05:52:40.045631+00:00,1904600010930,12.78,Bueno,15.21,Bueno,interpolacion_delaunay,0,3021,143,721,82
2026-10-08T05:52:40.045631+00:00,1904600010945,11.87,Bueno,14.07,Bueno,interpolacion_delaunay,0,3597,162,944,129
2026-10-08T05:52:40.045631+00:00,190460001095A,8.35,Bueno,9.98,Bueno,interpolacion_delaunay,0,3265,234,654,254
2026-10-08T05:52:40.045631+00:00,1904600010979,7.98,Bueno,9.41,Bueno,interpolacion_delaunay,0,2747,114,869,151
2026-10-08T05:52:40.045631+00:00,1904600011017,8.25,Bueno,9.75,Bueno,interpolacion_delaunay,0,4599,402,752,199
2026-10-08T05:52:40.045631+00:00,1904600011021,7.94,Bueno,9.32,Bueno,interpolacion_delaunay,0,4072,223,1090,178
2026-10-08T05:52:40.045631+00:00,1904600011040,8.04,Bueno,9.34,Bueno,interpolacion_delaunay,0,3276,150,902,88
2026-10-08T05:52:40.045631+00:00,1904600011055,7.99,Bueno,9.3,Bueno,interpolacion_delaunay,0,7096,477,1425,285
2026-10-08T05:52:40.045631+00:00,190460001106A,10.37,Bueno,13.19,Bueno,interpolacion_delaunay,0,1152,61,261,64
2026-10-08T05:52:40.045631+00:00,1904600011074,8.28,Bueno,9.49,Bueno,interpolacion_delaunay,0,4901,241,744,96
2026-10-08T05:52:40.045631+00:00,1904600011089,8.09,Bueno,9.35,Bueno,interpolacion_delaunay,0,3306,318,659,199
2026-10-08T05:52:40.045631+00:00,1904600011093,8.21,Bueno,9.58,Bueno,interpolacion_delaunay,0,3302,217,861,180
2026-10-08T05:52:40.045631+00:00,1904600011106,8.38,Bueno,9.83,Bueno,interpolacion_delaunay,0,3881,243,712,89
2026-10-08T05:52:40.045631+00:00,1904600011110,8.56,Bueno,9.8,Bueno,interpolacion_delaunay,0,3018,178,738,133
2026-10-08T05:52:40.045631+00:00,1904600011125,8.29,Bueno,9.48,Bueno,interpolacion_delaunay,0,3318,323,549,240
2026-10-08T05:52:40.045631+00:00,190460001113A,8.26,Bueno,9.45,Bueno,interpolacion_delaunay,0,3513,294,662,255
2026-10-08T05:52:40.045631+00:00,1904600011144,8.24,Bueno,9.42,Bueno,interpolacion_delaunay,0,3223,294,460,148
2026-10-08T05:52:40.045631+00:00,1904600011159,7.99,Bueno,9.24,Bueno,interpolacion_delaunay,0,4682,317,917,254
2026-10-08T05:52:40.045631+00:00,1904600011163,8.04,Bueno,9.3,Bueno,interpolacion_delaunay,0,4463,291,849,173
2026-10-08T05:52:40.045631+00:00,1904600011178,8.16,Bueno,9.48,Bueno,interpolacion_delaunay,0,2288,137,771,142
2026-10-08T05:52:40.045631+00:00,1904600011182,8.12,Bueno,9.43,Bueno,interpolacion_delaunay,0,2567,158,877,192
2026-10-08T05:52:40.045631+00:00,1904600011197,8.06,Bueno,9.31,Bueno,interpolacion_delaunay,0,2285,129,707,149
2026-10-08T05:52:40.045631+00:00,1904600011214,8.52,Bueno,9.63,Bueno,interpolacion_delaunay,0,2395,153,608,159
2026-10-08T05:52:40.045631+00:00,1904600011229,8.57,Bueno,9.64,Bueno,interpolacion_delaunay,0,3808,341,729,252
2026-10-08T05:52:40.045631+00:00,1904600011248,8.3,Bueno,9.44,Bueno,interpolacion_delaunay,0,3448,233,731,165
2026-10-08T05:52:40.045631+00:00,1904600011252,8.61,Bueno,9.63,Bueno,interpolacion_delaunay,0,3638,249,902,255
2026-10-08T05:52:40.045631+00:00,1904600011271,8.5,Bueno,9.51,Bueno,interpolacion_delaunay,0,3393,200,1049,183
2026-10-08T05:52:40.045631+00:00,1904600011290,8.25,Bueno,9.85,Bueno,interpolacion_delaunay,0,3613,204,959,164
2026-10-08T05:52:40.045631+00:00,1904600011303,8.32,Bueno,9.95,Bueno,interpolacion_delaunay,0,4255,296,730,120
2026-10-08T05:52:40.045631+00:00,1904600011318,7.9,Bueno,9.3,Bueno,promedio_sensores,1,2617,117,712,78
2026-10-08T05:52:40.045631+00:00,1904600011322,7.93,Bueno,9.35,Bueno,interpolacion_delaunay,0,3209,131,1071,177
2026-10-08T05:52:40.045631+00:00,1904600011356,8.15,Bueno,9.51,Bueno,interpolacion_delaunay,0,5344,302,754,186
2026-10-08T05:52:40.045631+00:00,190460001138A,8.12,Bueno,9.73,Bueno,interpolacion_delaunay,0,2330,116,772,143
2026-10-08T05:52:40.045631+00:00,1904600011394,7.79,Bueno,9.22,Bueno,interpolacion_delaunay,0,2495,152,536,127
2026-10-08T05:52:40.045631+00:00,1904600011430,8.09,Bueno,9.53,Bueno,interpolacion_delaunay,0,4835,297,977,195
2026-10-08T05:52:40.045631+00:00,1904600011445,8.16,Bueno,9.28,Bueno,interpolacion_delaunay,0,2396,140,277,35
2026-10-08T05:52:40.045631+00:00,190460001145A,8.3,Bueno,9.38,Bueno,interpolacion_delaunay,0,4010,242,623,75
2026-10-08T05:52:40.045631+00:00,1904600011464,13.34,Bueno,16.05,Bueno,interpolacion_delaunay,0,3269,192,527,50
2026-10-08T05:52:40.045631+00:00,1904600011479,11.91,Bueno,14.34,Bueno,interpolacion_delaunay,0,2267,102,540,81
2026-10-08T05:52:40.045631+00:00,1904600011500,8.5,Bueno,10.26,Bueno,interpolacion_delaunay,0,4575,375,784,254
2026-10-08T05:52:40.045631+00:00,1904600011515,8.43,Bueno,10.13,Bueno,interpolacion_delaunay,0,1791,111,314,102
2026-10-08T05:52:40.045631+00:00,190460001152A,8.42,Bueno,10.08,Bueno,interpolacion_delaunay,0,3396,254,719,167
2026-10-08T05:52:40.045631+00:00,1904600011534,8.43,Bueno,10.07,Bueno,interpolacion_delaunay,0,5740,487,560,132
2026-10-08T05:52:40.045631+00:00,1904600011549,8.76,Bueno,10.67,Bueno,interpolacion_delaunay,0,4515,263,831,205
2026-10-08T05:52:40.045631+00:00,1904600011568,8.31,Bueno,9.8,Bueno,interpolacion_delaunay,0,4996,283,463,138
2026-10-08T05:52:40.045631+00:00,1904600011572,8.33,Bueno,9.79,Bueno,interpolacion_delaunay,0,4541,345,482,121
2026-10-08T05:52:40.045631+00:00,1904600011587,8.59,Bueno,9.89,Bueno,interpolacion_delaunay,0,2786,153,244,33
2026-10-08T05:52:40.045631+00:00,1904600011591,8.55,Bueno,9.83,Bueno,interpolacion_delaunay,0,3387,245,335,48
2026-10-08T05:52:40.045631+00:00,1904600011604,8.3,Bueno,9.41,Bueno,interpolacion_delaunay,0,3298,256,771,245
2026-10-08T05:52:40.045631+00:00,1904600011619,8.48,Bueno,9.51,Bueno,interpolacion_delaunay,0,3765,260,958,269
2026-10-08T05:52:40.045631+00:00,1904600011657,9.67,Bueno,11.47,Bueno,interpolacion_delaunay,0,3567,176,481,50
2026-10-08T05:52:40.045631+00:00,1904600011661,11.44,Bueno,14.89,Bueno,interpolacion_delaunay,0,282,11,66,6
2026-10-08T05:52:40.045631+00:00,1904600011727,7.78,Bueno,9.33,Bueno,interpolacion_delaunay,0,3412,179,655,144
2026-10-08T05:52:40.045631+00:00,1904600011746,8.05,Bueno,9.37,Bueno,interpolacion_delaunay,0,3218,196,815,117
2026-10-08T05:52:40.045631+00:00,1904600011750,8.22,Bueno,9.48,Bueno,interpolacion_delaunay,0,4162,197,210,54
2026-10-08T05:52:40.045631+00:00,1904600011765,14.27,Bueno,16.43,Bueno,interpolacion_delaunay,0,3860,405,397,208
2026-10-08T05:52:40.045631+00:00,1904600010663,8.01,Bueno,9.3,Bueno,interpolacion_delaunay,0,198,8,27,0
2026-10-08T05:52:40.045631+00:00,1904600010926,8.58,Bueno,10.38,Bueno,interpolacion_delaunay,0,5007,437,867,291
2026-10-08T05:52:40.045631+00:00,1904600010339,8.86,Bueno,9.82,Bueno,interpolacion_delaunay,0,1314,68,335,78
2026-10-08T05:52:40.045631+00:00,1904600011267,8.79,Bueno,9.75,Bueno,interpolacion_delaunay,0,3908,248,1102,331
2026-10-08T05:52:40.045631+00:00,1904600011712,8.47,Bueno,9.64,Bueno,interpolacion_delaunay,0,3272,182,300,58
2026-10-08T05:52:40.045631+00:00,1904600010447,8.38,Bueno,10.21,Bueno,interpolacion_delaunay,0,4132,230,437,113
2026-10-08T05:52:40.045631+00:00,1904600011498,7.72,Bueno,9.2,Bueno,interpolacion_delaunay,0,3212,141,667,65
2026-10-08T05:52:40.045631+00:00,1904600010682,8.28,Bueno,9.66,Bueno,interpolacion_delaunay,0,6498,485,714,113
2026-10-08T05:52:40.045631+00:00,1903100450393,8.1,Bueno,9.35,Bueno,interpolacion_delaunay,0,4470,331,183,115
2026-10-08T05:52:40.045631+00:00,1903100451090,8.9,Bueno,10.77,Bueno,interpolacion_delaunay,0,3117,391,133,67
2026-10-08T05:52:40.045631+00:00,1903100010340,8.6,Bueno,10.67,Bueno,interpolacion_delaunay,0,3444,349,252,192
2026-10-08T05:52:40.045631+00:00,1903100450641,8.92,Bueno,10.74,Bueno,interpolacion_delaunay,0,1572,92,57,77
2026-10-08T05:52:40.045631+00:00,1903100451086,9.01,Bueno,10.95,Bueno,interpolacion_delaunay,0,3582,470,173,24
2026-10-08T05:52:40.045631+00:00,190310311171A,8.68,Bueno,10.35,Bueno,interpolacion_delaunay,0,1226,184,39,41
2026-10-08T05:52:40.045631+00:00,1903100450088,8.05,Bueno,9.68,Bueno,interpolacion_delaunay,0,106,4,27,5
2026-10-08T05:52:40.045631+00:00,1903100450321,8.86,Bueno,10.57,Bueno,interpolacion_delaunay,0,781,65,43,66
2026-10-08T05:52:40.045631+00:00,1903100450656,7.58,Bueno,8.44,Bueno,interpolacion_delaunay,0,6656,512,216,203
2026-10-08T05:52:40.045631+00:00,1903100451461,6.83,Bueno,7.54,Bueno,interpolacion_delaunay,0,215,36,0,4
2026-10-08T05:52:40.045631+00:00,1903100451391,6.91,Bueno,7.5,Bueno,interpolacion_delaunay,0,400,41,11,20
2026-10-08T05:52:40.045631+00:00,190310001068A,8.7,Bueno,11.0,Bueno,promedio_sensores,1,5585,402,158,107
2026-10-08T05:52:40.045631+00:00,1903100010872,8.79,Bueno,10.98,Bueno,interpolacion_delaunay,0,2902,333,115,45
2026-10-08T05:52:40.045631+00:00,1903100450266,7.42,Bueno,8.56,Bueno,interpolacion_delaunay,0,3518,300,297,140
2026-10-08T05:52:40.045631+00:00,1903100451211,8.91,Bueno,10.47,Bueno,interpolacion_delaunay,0,318,31,15,12
2026-10-08T05:52:40.045631+00:00,1903100450105,7.54,Bueno,8.95,Bueno,interpolacion_delaunay,0,617,53,101,42
2026-10-08T05:52:40.045631+00:00,1903100450533,6.91,Bueno,7.79,Bueno,interpolacion_delaunay,0,112,19,4,0
2026-10-08T05:52:40.045631+00:00,1903100450834,7.17,Bueno,8.03,Bueno,interpolacion_delaunay,0,5335,620,158,133
2026-10-08T05:52:40.045631+00:00,1903100451122,7.45,Bueno,8.09,Bueno,interpolacion_delaunay,0,4196,367,129,124
2026-10-08T05:52:40.045631+00:00,1903100451118,6.89,Bueno,7.56,Bueno,interpolacion_delaunay,0,1143,149,65,58
2026-10-08T05:52:40.045631+00:00,1903100450092,8.28,Bueno,9.88,Bueno,interpolacion_delaunay,0,5801,601,614,240
2026-10-08T05:52:40.045631+00:00,190310001036A,8.67,Bueno,10.7,Bueno,interpolacion_delaunay,0,2196,166,139,77
2026-10-08T05:52:40.045631+00:00,1903100011264,8.73,Bueno,10.84,Bueno,interpolacion_delaunay,0,166,15,10,4
2026-10-08T05:52:40.045631+00:00,1903100011692,8.87,Bueno,10.91,Bueno,interpolacion_delaunay,0,1994,254,42,57
2026-10-08T05:52:40.045631+00:00,1903100450675,7.83,Bueno,8.89,Bueno,interpolacion_delaunay,0,2985,254,121,65
2026-10-08T05:52:40.045631+00:00,1903100450815,9.11,Bueno,11.03,Bueno,interpolacion_delaunay,0,5183,452,347,124
2026-10-08T05:52:40.045631+00:00,1903100450887,8.54,Bueno,9.95,Bueno,interpolacion_delaunay,0,626,73,50,23
2026-10-08T05:52:40.045631+00:00,1903100450891,8.69,Bueno,9.96,Bueno,interpolacion_delaunay,0,3371,329,210,148
2026-10-08T05:52:40.045631+00:00,1903100450904,8.5,Bueno,9.61,Bueno,interpolacion_delaunay,0,2284,216,156,77
2026-10-08T05:52:40.045631+00:00,1903100451438,9.2,Bueno,11.1,Bueno,promedio_sensores,1,489,62,15,5
2026-10-08T05:52:40.045631+00:00,1903100451442,8.47,Bueno,9.44,Bueno,interpolacion_delaunay,0,530,59,19,6
2026-10-08T05:52:40.045631+00:00,1903100451828,8.87,Bueno,10.21,Bueno,interpolacion_delaunay,0,1268,201,24,22
2026-10-08T05:52:40.045631+00:00,1903103131616,7.95,Bueno,8.38,Bueno,interpolacion_delaunay,0,3396,460,75,104
2026-10-08T05:52:40.045631+00:00,1903100451103,8.23,Bueno,9.17,Bueno,interpolacion_delaunay,0,1939,184,111,81
2026-10-08T05:52:40.045631+00:00,1903103131601,8.13,Bueno,8.68,Bueno,interpolacion_delaunay,0,3536,417,97,62
2026-10-08T05:52:40.045631+00:00,1903100451226,7.8,Bueno,8.55,Bueno,interpolacion_delaunay,0,2587,267,90,42
2026-10-08T05:52:40.045631+00:00,1903103111512,8.72,Bueno,9.86,Bueno,interpolacion_delaunay,0,2486,240,126,82
2026-10-08T05:52:40.045631+00:00,1903100451635,6.6,Bueno,7.13,Bueno,interpolacion_delaunay,0,3621,518,70,103
2026-10-08T05:52:40.045631+00:00,1903103131300,8.4,Bueno,8.8,Bueno,promedio_sensores,1,4074,495,120,80
2026-10-08T05:52:40.045631+00:00,1903103111508,8.59,Bueno,10.04,Bueno,interpolacion_delaunay,0,3724,412,113,64
2026-10-08T05:52:40.045631+00:00,1903100451387,7.08,Bueno,7.81,Bueno,interpolacion_delaunay,0,1540,218,34,55
2026-10-08T05:52:40.045631+00:00,1903100452101,6.26,Bueno,6.74,Bueno,interpolacion_delaunay,0,1249,214,20,18
2026-10-08T05:52:40.045631+00:00,1903100451283,6.82,Bueno,7.26,Bueno,interpolacion_delaunay,0,3230,373,88,78
2026-10-08T05:52:40.045631+00:00,1903103111527,8.66,Bueno,9.94,Bueno,interpolacion_delaunay,0,1682,145,143,89
2026-10-08T05:52:40.045631+00:00,1903100452402,6.44,Bueno,6.8,Bueno,interpolacion_delaunay,0,0,0,0,0
